FULL_START 2026-09-17T18:08:54+08:00 epoch=1789639734
2026-09-17 18:08:54 [INFO] Processing 4911 audio files
2026-09-17 18:08:55 [INFO] Creating Separator(model='htdemucs', device='cpu') once (local singleton patch)
2026-09-17 18:08:55 [INFO] HTTP Request: HEAD https://huggingface.co/adefossez/HTDemucs/resolve/main/htdemucs.yaml "HTTP/1.1 307 Temporary Redirect"
2026-09-17 18:08:55 [INFO] HTTP Request: HEAD https://huggingface.co/api/resolve-cache/models/adefossez/HTDemucs/cbc8a9b1a87023b7fd74e7b3412e6321c0eab003/htdemucs.yaml?%2Fadefossez%2FHTDemucs%2Fresolve%2Fmain%2Fhtdemucs.yaml=&etag=%220d5f2089fa3e1a0335d93de070f6802598cd4a4d%22 "HTTP/1.1 200 OK"
2026-09-17 18:08:55 [INFO] HTTP Request: HEAD https://huggingface.co/adefossez/HTDemucs/resolve/main/955717e8.safetensors "HTTP/1.1 302 Found"
Warning: You are sending unauthenticated requests to the HF Hub. Please set a HF_TOKEN to enable higher rate limits and faster downloads.
2026-09-17 18:08:55 [WARNING] Warning: You are sending unauthenticated requests to the HF Hub. Please set a HF_TOKEN to enable higher rate limits and faster downloads.
2026-09-17 18:08:55 [INFO] Separator ready
2026-09-17 18:08:55 [INFO] [1/4911] Processing: -3BTKFtZldo_000.flac
2026-09-17 18:09:04 [INFO]   var_db=7.4683 dB
2026-09-17 18:09:04 [INFO] [2/4911] Processing: -3BTKFtZldo_001.flac
2026-09-17 18:09:10 [INFO]   var_db=4.5075 dB
2026-09-17 18:09:10 [INFO] [3/4911] Processing: -3BTKFtZldo_002.flac
2026-09-17 18:09:11 [INFO]   var_db=0.5180 dB
2026-09-17 18:09:11 [INFO] [4/4911] Processing: -9oY4_qcCfg_000.flac
2026-09-17 18:09:14 [INFO]   var_db=31.3701 dB
2026-09-17 18:09:14 [INFO] [5/4911] Processing: -9oY4_qcCfg_001.flac
2026-09-17 18:09:17 [INFO]   var_db=19.1329 dB
2026-09-17 18:09:17 [INFO] [6/4911] Processing: -9oY4_qcCfg_002.flac
2026-09-17 18:09:18 [INFO]   var_db=21.7298 dB
2026-09-17 18:09:18 [INFO] [7/4911] Processing: -9oY4_qcCfg_003.flac
2026-09-17 18:09:24 [INFO]   var_db=18.9654 dB
2026-09-17 18:09:24 [INFO] [8/4911] Processing: -9oY4_qcCfg_004.flac
2026-09-17 18:09:27 [INFO]   var_db=17.8293 dB
2026-09-17 18:09:27 [INFO] [9/4911] Processing: -9oY4_qcCfg_005.flac
2026-09-17 18:09:28 [INFO]   var_db=23.6691 dB
2026-09-17 18:09:28 [INFO] [10/4911] Processing: -9oY4_qcCfg_006.flac
2026-09-17 18:09:29 [INFO]   var_db=18.9487 dB
2026-09-17 18:09:29 [INFO] [11/4911] Processing: -9oY4_qcCfg_007.flac
2026-09-17 18:09:30 [INFO]   var_db=15.8016 dB
2026-09-17 18:09:30 [INFO] [12/4911] Processing: -9oY4_qcCfg_008.flac
2026-09-17 18:09:33 [INFO]   var_db=21.1512 dB
2026-09-17 18:09:33 [INFO] [13/4911] Processing: -9oY4_qcCfg_009.flac
2026-09-17 18:09:36 [INFO]   var_db=22.8608 dB
2026-09-17 18:09:36 [INFO] [14/4911] Processing: -9oY4_qcCfg_010.flac
2026-09-17 18:09:37 [INFO]   var_db=24.5829 dB
2026-09-17 18:09:37 [INFO] [15/4911] Processing: -9oY4_qcCfg_011.flac
2026-09-17 18:09:39 [INFO]   var_db=16.1020 dB
2026-09-17 18:09:39 [INFO] [16/4911] Processing: -9oY4_qcCfg_012.flac
2026-09-17 18:09:42 [INFO]   var_db=17.4153 dB
2026-09-17 18:09:42 [INFO] [17/4911] Processing: -9oY4_qcCfg_013.flac
2026-09-17 18:09:43 [INFO]   var_db=18.7667 dB
2026-09-17 18:09:43 [INFO] [18/4911] Processing: -9oY4_qcCfg_014.flac
2026-09-17 18:09:45 [INFO]   var_db=18.0951 dB
2026-09-17 18:09:45 [INFO] [19/4911] Processing: -9oY4_qcCfg_015.flac
2026-09-17 18:09:46 [INFO]   var_db=42.4100 dB
2026-09-17 18:09:46 [INFO] [20/4911] Processing: -RGj8xb9R8A_000.flac
2026-09-17 18:09:53 [INFO]   var_db=12.3283 dB
2026-09-17 18:09:53 [INFO] [21/4911] Processing: -RGj8xb9R8A_001.flac
2026-09-17 18:09:57 [INFO]   var_db=11.6415 dB
2026-09-17 18:09:57 [INFO] [22/4911] Processing: -RGj8xb9R8A_002.flac
2026-09-17 18:09:59 [INFO]   var_db=3.6368 dB
2026-09-17 18:09:59 [INFO] [23/4911] Processing: -RGj8xb9R8A_003.flac
2026-09-17 18:10:00 [INFO]   var_db=6.2494 dB
2026-09-17 18:10:00 [INFO] [24/4911] Processing: -ZzrfGa0S0w_000.flac
2026-09-17 18:10:03 [INFO]   var_db=42.0795 dB
2026-09-17 18:10:03 [INFO] [25/4911] Processing: -ZzrfGa0S0w_001.flac
2026-09-17 18:10:05 [INFO]   var_db=38.5556 dB
2026-09-17 18:10:05 [INFO] [26/4911] Processing: -ZzrfGa0S0w_002.flac
2026-09-17 18:10:07 [INFO]   var_db=34.5753 dB
2026-09-17 18:10:07 [INFO] [27/4911] Processing: -ZzrfGa0S0w_003.flac
2026-09-17 18:10:13 [INFO]   var_db=40.4532 dB
2026-09-17 18:10:13 [INFO] [28/4911] Processing: -ZzrfGa0S0w_004.flac
2026-09-17 18:10:15 [INFO]   var_db=42.1175 dB
2026-09-17 18:10:15 [INFO] [29/4911] Processing: -ZzrfGa0S0w_005.flac
2026-09-17 18:10:19 [INFO]   var_db=41.8970 dB
2026-09-17 18:10:19 [INFO] [30/4911] Processing: -ZzrfGa0S0w_006.flac
2026-09-17 18:10:27 [INFO]   var_db=41.0956 dB
2026-09-17 18:10:27 [INFO] [31/4911] Processing: -ZzrfGa0S0w_007.flac
2026-09-17 18:10:33 [INFO]   var_db=39.2971 dB
2026-09-17 18:10:33 [INFO] [32/4911] Processing: -ZzrfGa0S0w_008.flac
2026-09-17 18:10:41 [INFO]   var_db=41.0058 dB
2026-09-17 18:10:41 [INFO] [33/4911] Processing: -ZzrfGa0S0w_009.flac
2026-09-17 18:10:47 [INFO]   var_db=40.7551 dB
2026-09-17 18:10:47 [INFO] [34/4911] Processing: -ZzrfGa0S0w_010.flac
2026-09-17 18:10:49 [INFO]   var_db=39.9845 dB
2026-09-17 18:10:49 [INFO] [35/4911] Processing: -ZzrfGa0S0w_011.flac
2026-09-17 18:10:52 [INFO]   var_db=20.6738 dB
2026-09-17 18:10:52 [INFO] [36/4911] Processing: -ZzrfGa0S0w_012.flac
2026-09-17 18:10:53 [INFO]   var_db=42.9564 dB
2026-09-17 18:10:53 [INFO] [37/4911] Processing: -agnQ40mEM8_000.flac
2026-09-17 18:10:57 [INFO]   var_db=44.8775 dB
2026-09-17 18:10:57 [INFO] [38/4911] Processing: -agnQ40mEM8_001.flac
2026-09-17 18:11:02 [INFO]   var_db=10.5629 dB
2026-09-17 18:11:02 [INFO] [39/4911] Processing: -agnQ40mEM8_002.flac
2026-09-17 18:11:03 [INFO]   var_db=6.2451 dB
2026-09-17 18:11:03 [INFO] [40/4911] Processing: -duPp9s1JzQ_000.flac
2026-09-17 18:11:04 [INFO]   var_db=4.6219 dB
2026-09-17 18:11:04 [INFO] [41/4911] Processing: -duPp9s1JzQ_001.flac
2026-09-17 18:11:08 [INFO]   var_db=42.0515 dB
2026-09-17 18:11:08 [INFO] [42/4911] Processing: -duPp9s1JzQ_002.flac
2026-09-17 18:11:09 [INFO]   var_db=38.2208 dB
2026-09-17 18:11:09 [INFO] [43/4911] Processing: -duPp9s1JzQ_003.flac
2026-09-17 18:11:11 [INFO]   var_db=41.9384 dB
2026-09-17 18:11:11 [INFO] [44/4911] Processing: -duPp9s1JzQ_004.flac
2026-09-17 18:11:12 [INFO]   var_db=39.5686 dB
2026-09-17 18:11:12 [INFO] [45/4911] Processing: -duPp9s1JzQ_005.flac
2026-09-17 18:11:13 [INFO]   var_db=42.7226 dB
2026-09-17 18:11:13 [INFO] [46/4911] Processing: -duPp9s1JzQ_006.flac
2026-09-17 18:11:14 [INFO]   var_db=29.8896 dB
2026-09-17 18:11:14 [INFO] [47/4911] Processing: -duPp9s1JzQ_007.flac
2026-09-17 18:11:15 [INFO]   var_db=41.0939 dB
2026-09-17 18:11:15 [INFO] [48/4911] Processing: -duPp9s1JzQ_008.flac
2026-09-17 18:11:16 [INFO]   var_db=34.5391 dB
2026-09-17 18:11:16 [INFO] [49/4911] Processing: -duPp9s1JzQ_009.flac
2026-09-17 18:11:17 [INFO]   var_db=39.5454 dB
2026-09-17 18:11:17 [INFO] [50/4911] Processing: -duPp9s1JzQ_010.flac
2026-09-17 18:11:19 [INFO]   var_db=44.5403 dB
2026-09-17 18:11:19 [INFO] [51/4911] Processing: -duPp9s1JzQ_011.flac
2026-09-17 18:11:21 [INFO]   var_db=20.3561 dB
2026-09-17 18:11:21 [INFO] [52/4911] Processing: -duPp9s1JzQ_012.flac
2026-09-17 18:11:22 [INFO]   var_db=43.4973 dB
2026-09-17 18:11:22 [INFO] [53/4911] Processing: -uB4Z9Vdv3E_000.flac
2026-09-17 18:11:29 [INFO]   var_db=12.3259 dB
2026-09-17 18:11:29 [INFO] [54/4911] Processing: -uB4Z9Vdv3E_001.flac
2026-09-17 18:11:36 [INFO]   var_db=8.5277 dB
2026-09-17 18:11:36 [INFO] [55/4911] Processing: -uB4Z9Vdv3E_002.flac
2026-09-17 18:11:42 [INFO]   var_db=9.2796 dB
2026-09-17 18:11:42 [INFO] [56/4911] Processing: -uB4Z9Vdv3E_003.flac
2026-09-17 18:11:43 [INFO]   var_db=43.8425 dB
2026-09-17 18:11:43 [INFO] [57/4911] Processing: 01cBqZ4P68A_000.flac
2026-09-17 18:11:50 [INFO]   var_db=12.4293 dB
2026-09-17 18:11:50 [INFO] [58/4911] Processing: 01cBqZ4P68A_001.flac
2026-09-17 18:11:54 [INFO]   var_db=6.9360 dB
2026-09-17 18:11:54 [INFO] [59/4911] Processing: 01cBqZ4P68A_002.flac
2026-09-17 18:11:56 [INFO]   var_db=6.2786 dB
2026-09-17 18:11:56 [INFO] [60/4911] Processing: 0Hqy8SIu8QM_000.flac
2026-09-17 18:11:57 [INFO]   var_db=6.5922 dB
2026-09-17 18:11:57 [INFO] [61/4911] Processing: 0Hqy8SIu8QM_001.flac
2026-09-17 18:11:58 [INFO]   var_db=19.3545 dB
2026-09-17 18:11:58 [INFO] [62/4911] Processing: 0Hqy8SIu8QM_002.flac
2026-09-17 18:12:00 [INFO]   var_db=18.8781 dB
2026-09-17 18:12:00 [INFO] [63/4911] Processing: 0Hqy8SIu8QM_003.flac
2026-09-17 18:12:01 [INFO]   var_db=42.2767 dB
2026-09-17 18:12:01 [INFO] [64/4911] Processing: 0QZPlWu3n7Q_000.flac
2026-09-17 18:12:03 [INFO]   var_db=44.8899 dB
2026-09-17 18:12:03 [INFO] [65/4911] Processing: 0QZPlWu3n7Q_001.flac
2026-09-17 18:12:05 [INFO]   var_db=5.0712 dB
2026-09-17 18:12:05 [INFO] [66/4911] Processing: 0QZPlWu3n7Q_002.flac
2026-09-17 18:12:13 [INFO]   var_db=3.8307 dB
2026-09-17 18:12:13 [INFO] [67/4911] Processing: 0QZPlWu3n7Q_003.flac
2026-09-17 18:12:15 [INFO]   var_db=10.9427 dB
2026-09-17 18:12:15 [INFO] [68/4911] Processing: 0QZPlWu3n7Q_004.flac
2026-09-17 18:12:16 [INFO]   var_db=43.2555 dB
2026-09-17 18:12:16 [INFO] [69/4911] Processing: 0bxiKSqEZlU_000.flac
2026-09-17 18:12:18 [INFO]   var_db=39.1581 dB
2026-09-17 18:12:18 [INFO] [70/4911] Processing: 0bxiKSqEZlU_001.flac
2026-09-17 18:12:21 [INFO]   var_db=37.5728 dB
2026-09-17 18:12:21 [INFO] [71/4911] Processing: 0bxiKSqEZlU_002.flac
2026-09-17 18:12:22 [INFO]   var_db=46.2638 dB
2026-09-17 18:12:22 [INFO] [72/4911] Processing: 0bxiKSqEZlU_003.flac
2026-09-17 18:12:23 [INFO]   var_db=43.5447 dB
2026-09-17 18:12:23 [INFO] [73/4911] Processing: 0oa0RJE4db8_000.flac
2026-09-17 18:12:27 [INFO]   var_db=15.4392 dB
2026-09-17 18:12:27 [INFO] [74/4911] Processing: 0oa0RJE4db8_001.flac
2026-09-17 18:12:30 [INFO]   var_db=9.8774 dB
2026-09-17 18:12:30 [INFO] [75/4911] Processing: 0oa0RJE4db8_002.flac
2026-09-17 18:12:31 [INFO]   var_db=7.1790 dB
2026-09-17 18:12:31 [INFO] [76/4911] Processing: 0oa0RJE4db8_003.flac
2026-09-17 18:12:32 [INFO]   var_db=9.9150 dB
2026-09-17 18:12:32 [INFO] [77/4911] Processing: 0oa0RJE4db8_004.flac
2026-09-17 18:12:36 [INFO]   var_db=5.3164 dB
2026-09-17 18:12:36 [INFO] [78/4911] Processing: 0oa0RJE4db8_005.flac
2026-09-17 18:12:37 [INFO]   var_db=6.2663 dB
2026-09-17 18:12:37 [INFO] [79/4911] Processing: 0tOUk3VfuGg_000.flac
2026-09-17 18:12:38 [INFO]   var_db=16.4480 dB
2026-09-17 18:12:38 [INFO] [80/4911] Processing: 0tOUk3VfuGg_001.flac
2026-09-17 18:12:42 [INFO]   var_db=6.8674 dB
2026-09-17 18:12:42 [INFO] [81/4911] Processing: 0tOUk3VfuGg_002.flac
2026-09-17 18:12:44 [INFO]   var_db=5.6855 dB
2026-09-17 18:12:44 [INFO] [82/4911] Processing: 0tOUk3VfuGg_003.flac
2026-09-17 18:12:48 [INFO]   var_db=1.5554 dB
2026-09-17 18:12:48 [INFO] [83/4911] Processing: 0tOUk3VfuGg_004.flac
2026-09-17 18:12:55 [INFO]   var_db=3.8668 dB
2026-09-17 18:12:55 [INFO] [84/4911] Processing: 0tOUk3VfuGg_005.flac
2026-09-17 18:13:01 [INFO]   var_db=4.0648 dB
2026-09-17 18:13:01 [INFO] [85/4911] Processing: 0tOUk3VfuGg_006.flac
2026-09-17 18:13:05 [INFO]   var_db=4.7816 dB
2026-09-17 18:13:05 [INFO] [86/4911] Processing: 0tOUk3VfuGg_007.flac
2026-09-17 18:13:08 [INFO]   var_db=6.3315 dB
2026-09-17 18:13:08 [INFO] [87/4911] Processing: 0tOUk3VfuGg_008.flac
2026-09-17 18:13:10 [INFO]   var_db=5.1308 dB
2026-09-17 18:13:10 [INFO] [88/4911] Processing: 0tOUk3VfuGg_009.flac
2026-09-17 18:13:11 [INFO]   var_db=5.8294 dB
2026-09-17 18:13:11 [INFO] [89/4911] Processing: 0tOUk3VfuGg_010.flac
2026-09-17 18:13:15 [INFO]   var_db=5.9083 dB
2026-09-17 18:13:15 [INFO] [90/4911] Processing: 0tOUk3VfuGg_011.flac
2026-09-17 18:13:18 [INFO]   var_db=6.0139 dB
2026-09-17 18:13:18 [INFO] [91/4911] Processing: 0tOUk3VfuGg_012.flac
2026-09-17 18:13:22 [INFO]   var_db=5.1578 dB
2026-09-17 18:13:22 [INFO] [92/4911] Processing: 0tOUk3VfuGg_013.flac
2026-09-17 18:13:25 [INFO]   var_db=7.2449 dB
2026-09-17 18:13:25 [INFO] [93/4911] Processing: 0tOUk3VfuGg_014.flac
2026-09-17 18:13:26 [INFO]   var_db=6.2998 dB
2026-09-17 18:13:26 [INFO] [94/4911] Processing: 0tOUk3VfuGg_015.flac
2026-09-17 18:13:28 [INFO]   var_db=10.8767 dB
2026-09-17 18:13:28 [INFO] [95/4911] Processing: 0tOUk3VfuGg_016.flac
2026-09-17 18:13:29 [INFO]   var_db=42.8152 dB
2026-09-17 18:13:29 [INFO] [96/4911] Processing: 0xkI0AW6xfQ_000.flac
2026-09-17 18:13:36 [INFO]   var_db=9.3637 dB
2026-09-17 18:13:36 [INFO] [97/4911] Processing: 0xkI0AW6xfQ_001.flac
2026-09-17 18:13:38 [INFO]   var_db=50.4513 dB
2026-09-17 18:13:38 [INFO] [98/4911] Processing: 0xkI0AW6xfQ_002.flac
2026-09-17 18:13:39 [INFO]   var_db=50.0494 dB
2026-09-17 18:13:39 [INFO] [99/4911] Processing: 0xkI0AW6xfQ_003.flac
2026-09-17 18:13:40 [INFO]   var_db=46.5830 dB
2026-09-17 18:13:40 [INFO] [100/4911] Processing: 0xkI0AW6xfQ_004.flac
2026-09-17 18:13:41 [INFO]   var_db=42.6858 dB
2026-09-17 18:13:41 [INFO] [101/4911] Processing: 0xkI0AW6xfQ_005.flac
2026-09-17 18:13:43 [INFO]   var_db=46.8239 dB
2026-09-17 18:13:43 [INFO] [102/4911] Processing: 0xkI0AW6xfQ_006.flac
2026-09-17 18:13:48 [INFO]   var_db=10.8948 dB
2026-09-17 18:13:48 [INFO] [103/4911] Processing: 0xkI0AW6xfQ_007.flac
2026-09-17 18:13:53 [INFO]   var_db=11.9032 dB
2026-09-17 18:13:53 [INFO] [104/4911] Processing: 0xkI0AW6xfQ_008.flac
2026-09-17 18:13:57 [INFO]   var_db=6.3475 dB
2026-09-17 18:13:57 [INFO] [105/4911] Processing: 0xkI0AW6xfQ_009.flac
2026-09-17 18:14:04 [INFO]   var_db=5.1503 dB
2026-09-17 18:14:04 [INFO] [106/4911] Processing: 0xkI0AW6xfQ_010.flac
2026-09-17 18:14:11 [INFO]   var_db=6.3798 dB
2026-09-17 18:14:11 [INFO] [107/4911] Processing: 0xkI0AW6xfQ_011.flac
2026-09-17 18:14:18 [INFO]   var_db=5.3101 dB
2026-09-17 18:14:18 [INFO] [108/4911] Processing: 0xkI0AW6xfQ_012.flac
2026-09-17 18:14:25 [INFO]   var_db=9.5599 dB
2026-09-17 18:14:25 [INFO] [109/4911] Processing: 0xkI0AW6xfQ_013.flac
2026-09-17 18:14:33 [INFO]   var_db=9.0222 dB
2026-09-17 18:14:33 [INFO] [110/4911] Processing: 0xkI0AW6xfQ_014.flac
2026-09-17 18:14:40 [INFO]   var_db=8.5354 dB
2026-09-17 18:14:40 [INFO] [111/4911] Processing: 0xkI0AW6xfQ_015.flac
2026-09-17 18:14:47 [INFO]   var_db=8.5135 dB
2026-09-17 18:14:47 [INFO] [112/4911] Processing: 0xkI0AW6xfQ_016.flac
2026-09-17 18:14:54 [INFO]   var_db=9.4168 dB
2026-09-17 18:14:54 [INFO] [113/4911] Processing: 0xkI0AW6xfQ_017.flac
2026-09-17 18:15:02 [INFO]   var_db=8.6703 dB
2026-09-17 18:15:02 [INFO] [114/4911] Processing: 0xkI0AW6xfQ_018.flac
2026-09-17 18:15:05 [INFO]   var_db=5.7114 dB
2026-09-17 18:15:05 [INFO] [115/4911] Processing: 0xkI0AW6xfQ_019.flac
2026-09-17 18:15:06 [INFO]   var_db=6.2687 dB
2026-09-17 18:15:06 [INFO] [116/4911] Processing: 10G-1WZq5jc_000.flac
2026-09-17 18:15:11 [INFO]   var_db=6.2075 dB
2026-09-17 18:15:11 [INFO] [117/4911] Processing: 10G-1WZq5jc_001.flac
2026-09-17 18:15:13 [INFO]   var_db=-0.7437 dB
2026-09-17 18:15:13 [INFO] [118/4911] Processing: 10G-1WZq5jc_002.flac
2026-09-17 18:15:19 [INFO]   var_db=1.6281 dB
2026-09-17 18:15:19 [INFO] [119/4911] Processing: 10G-1WZq5jc_003.flac
2026-09-17 18:15:26 [INFO]   var_db=5.4031 dB
2026-09-17 18:15:26 [INFO] [120/4911] Processing: 10G-1WZq5jc_004.flac
2026-09-17 18:15:30 [INFO]   var_db=4.3976 dB
2026-09-17 18:15:30 [INFO] [121/4911] Processing: 10G-1WZq5jc_005.flac
2026-09-17 18:15:34 [INFO]   var_db=7.0282 dB
2026-09-17 18:15:34 [INFO] [122/4911] Processing: 10G-1WZq5jc_006.flac
2026-09-17 18:15:40 [INFO]   var_db=5.2602 dB
2026-09-17 18:15:40 [INFO] [123/4911] Processing: 10G-1WZq5jc_007.flac
2026-09-17 18:15:48 [INFO]   var_db=7.7088 dB
2026-09-17 18:15:48 [INFO] [124/4911] Processing: 10G-1WZq5jc_008.flac
2026-09-17 18:15:56 [INFO]   var_db=10.9032 dB
2026-09-17 18:15:56 [INFO] [125/4911] Processing: 10G-1WZq5jc_009.flac
2026-09-17 18:16:03 [INFO]   var_db=10.1665 dB
2026-09-17 18:16:03 [INFO] [126/4911] Processing: 10G-1WZq5jc_010.flac
2026-09-17 18:16:10 [INFO]   var_db=11.1741 dB
2026-09-17 18:16:10 [INFO] [127/4911] Processing: 10G-1WZq5jc_011.flac
2026-09-17 18:16:17 [INFO]   var_db=11.0207 dB
2026-09-17 18:16:17 [INFO] [128/4911] Processing: 10G-1WZq5jc_012.flac
2026-09-17 18:16:25 [INFO]   var_db=10.6134 dB
2026-09-17 18:16:25 [INFO] [129/4911] Processing: 10G-1WZq5jc_013.flac
2026-09-17 18:16:27 [INFO]   var_db=11.1285 dB
2026-09-17 18:16:27 [INFO] [130/4911] Processing: 10G-1WZq5jc_014.flac
2026-09-17 18:16:31 [INFO]   var_db=41.7661 dB
2026-09-17 18:16:31 [INFO] [131/4911] Processing: 10G-1WZq5jc_015.flac
2026-09-17 18:16:33 [INFO]   var_db=49.9157 dB
2026-09-17 18:16:33 [INFO] [132/4911] Processing: 10G-1WZq5jc_016.flac
2026-09-17 18:16:37 [INFO]   var_db=46.2523 dB
2026-09-17 18:16:37 [INFO] [133/4911] Processing: 10G-1WZq5jc_017.flac
2026-09-17 18:16:39 [INFO]   var_db=3.5557 dB
2026-09-17 18:16:39 [INFO] [134/4911] Processing: 10G-1WZq5jc_018.flac
2026-09-17 18:16:40 [INFO]   var_db=6.3359 dB
2026-09-17 18:16:40 [INFO] [135/4911] Processing: 1Hj6ncrJr0c_000.flac
2026-09-17 18:16:41 [INFO]   var_db=12.9631 dB
2026-09-17 18:16:41 [INFO] [136/4911] Processing: 1Hj6ncrJr0c_001.flac
2026-09-17 18:16:42 [INFO]   var_db=11.5053 dB
2026-09-17 18:16:42 [INFO] [137/4911] Processing: 1Hj6ncrJr0c_002.flac
2026-09-17 18:16:43 [INFO]   var_db=10.0426 dB
2026-09-17 18:16:43 [INFO] [138/4911] Processing: 1Hj6ncrJr0c_003.flac
2026-09-17 18:16:44 [INFO]   var_db=14.5375 dB
2026-09-17 18:16:44 [INFO] [139/4911] Processing: 1Hj6ncrJr0c_004.flac
2026-09-17 18:16:45 [INFO]   var_db=4.6687 dB
2026-09-17 18:16:45 [INFO] [140/4911] Processing: 1Hj6ncrJr0c_005.flac
2026-09-17 18:16:46 [INFO]   var_db=6.3333 dB
2026-09-17 18:16:46 [INFO] [141/4911] Processing: 1Mz-sKyoEy8_000.flac
2026-09-17 18:16:50 [INFO]   var_db=8.6465 dB
2026-09-17 18:16:50 [INFO] [142/4911] Processing: 1Mz-sKyoEy8_001.flac
2026-09-17 18:16:51 [INFO]   var_db=13.3893 dB
2026-09-17 18:16:51 [INFO] [143/4911] Processing: 1Mz-sKyoEy8_002.flac
2026-09-17 18:16:52 [INFO]   var_db=-0.2898 dB
2026-09-17 18:16:52 [INFO] [144/4911] Processing: 1Mz-sKyoEy8_003.flac
2026-09-17 18:16:54 [INFO]   var_db=20.6623 dB
2026-09-17 18:16:54 [INFO] [145/4911] Processing: 1Mz-sKyoEy8_004.flac
2026-09-17 18:16:55 [INFO]   var_db=42.1140 dB
2026-09-17 18:16:55 [INFO] [146/4911] Processing: 1VbNiBxwg9M_000.flac
2026-09-17 18:16:56 [INFO]   var_db=40.8499 dB
2026-09-17 18:16:56 [INFO] [147/4911] Processing: 1VbNiBxwg9M_001.flac
2026-09-17 18:16:57 [INFO]   var_db=45.4698 dB
2026-09-17 18:16:57 [INFO] [148/4911] Processing: 1VbNiBxwg9M_002.flac
2026-09-17 18:16:58 [INFO]   var_db=39.5590 dB
2026-09-17 18:16:58 [INFO] [149/4911] Processing: 1VbNiBxwg9M_003.flac
2026-09-17 18:16:59 [INFO]   var_db=43.4384 dB
2026-09-17 18:16:59 [INFO] [150/4911] Processing: 1VbNiBxwg9M_004.flac
2026-09-17 18:17:01 [INFO]   var_db=45.6448 dB
2026-09-17 18:17:01 [INFO] [151/4911] Processing: 1VbNiBxwg9M_005.flac
2026-09-17 18:17:02 [INFO]   var_db=38.7434 dB
2026-09-17 18:17:02 [INFO] [152/4911] Processing: 1VbNiBxwg9M_006.flac
2026-09-17 18:17:03 [INFO]   var_db=33.9197 dB
2026-09-17 18:17:03 [INFO] [153/4911] Processing: 1VbNiBxwg9M_007.flac
2026-09-17 18:17:04 [INFO]   var_db=38.9890 dB
2026-09-17 18:17:04 [INFO] [154/4911] Processing: 1VbNiBxwg9M_008.flac
2026-09-17 18:17:05 [INFO]   var_db=36.8734 dB
2026-09-17 18:17:05 [INFO] [155/4911] Processing: 1VbNiBxwg9M_009.flac
2026-09-17 18:17:07 [INFO]   var_db=43.6105 dB
2026-09-17 18:17:07 [INFO] [156/4911] Processing: 1VbNiBxwg9M_010.flac
2026-09-17 18:17:08 [INFO]   var_db=42.2059 dB
2026-09-17 18:17:08 [INFO] [157/4911] Processing: 1VbNiBxwg9M_011.flac
2026-09-17 18:17:11 [INFO]   var_db=22.0665 dB
2026-09-17 18:17:11 [INFO] [158/4911] Processing: 1VbNiBxwg9M_012.flac
2026-09-17 18:17:15 [INFO]   var_db=16.6401 dB
2026-09-17 18:17:15 [INFO] [159/4911] Processing: 1VbNiBxwg9M_013.flac
2026-09-17 18:17:18 [INFO]   var_db=15.1917 dB
2026-09-17 18:17:18 [INFO] [160/4911] Processing: 1VbNiBxwg9M_014.flac
2026-09-17 18:17:23 [INFO]   var_db=39.8260 dB
2026-09-17 18:17:23 [INFO] [161/4911] Processing: 1VbNiBxwg9M_015.flac
2026-09-17 18:17:29 [INFO]   var_db=40.4855 dB
2026-09-17 18:17:29 [INFO] [162/4911] Processing: 1VbNiBxwg9M_016.flac
2026-09-17 18:17:31 [INFO]   var_db=39.7574 dB
2026-09-17 18:17:31 [INFO] [163/4911] Processing: 1VbNiBxwg9M_017.flac
2026-09-17 18:17:39 [INFO]   var_db=40.0834 dB
2026-09-17 18:17:39 [INFO] [164/4911] Processing: 1VbNiBxwg9M_018.flac
2026-09-17 18:17:40 [INFO]   var_db=40.4946 dB
2026-09-17 18:17:40 [INFO] [165/4911] Processing: 1VbNiBxwg9M_019.flac
2026-09-17 18:17:42 [INFO]   var_db=21.2636 dB
2026-09-17 18:17:42 [INFO] [166/4911] Processing: 1VbNiBxwg9M_020.flac
2026-09-17 18:17:43 [INFO]   var_db=43.2248 dB
2026-09-17 18:17:43 [INFO] [167/4911] Processing: 1W1EWr_0bg8_000.flac
2026-09-17 18:17:47 [INFO]   var_db=12.9031 dB
2026-09-17 18:17:47 [INFO] [168/4911] Processing: 1W1EWr_0bg8_001.flac
2026-09-17 18:17:50 [INFO]   var_db=12.8564 dB
2026-09-17 18:17:50 [INFO] [169/4911] Processing: 1W1EWr_0bg8_002.flac
2026-09-17 18:17:54 [INFO]   var_db=10.9858 dB
2026-09-17 18:17:54 [INFO] [170/4911] Processing: 1W1EWr_0bg8_003.flac
2026-09-17 18:17:57 [INFO]   var_db=15.2837 dB
2026-09-17 18:17:57 [INFO] [171/4911] Processing: 1W1EWr_0bg8_004.flac
2026-09-17 18:18:00 [INFO]   var_db=14.3279 dB
2026-09-17 18:18:00 [INFO] [172/4911] Processing: 1W1EWr_0bg8_005.flac
2026-09-17 18:18:04 [INFO]   var_db=14.1298 dB
2026-09-17 18:18:04 [INFO] [173/4911] Processing: 1W1EWr_0bg8_006.flac
2026-09-17 18:18:06 [INFO]   var_db=41.9763 dB
2026-09-17 18:18:06 [INFO] [174/4911] Processing: 1WefYlPx6ok_000.flac
2026-09-17 18:18:08 [INFO]   var_db=21.3635 dB
2026-09-17 18:18:08 [INFO] [175/4911] Processing: 1WefYlPx6ok_001.flac
2026-09-17 18:18:09 [INFO]   var_db=13.3649 dB
2026-09-17 18:18:09 [INFO] [176/4911] Processing: 1WefYlPx6ok_002.flac
2026-09-17 18:18:10 [INFO]   var_db=16.8102 dB
2026-09-17 18:18:10 [INFO] [177/4911] Processing: 1WefYlPx6ok_003.flac
2026-09-17 18:18:11 [INFO]   var_db=14.9802 dB
2026-09-17 18:18:11 [INFO] [178/4911] Processing: 1WefYlPx6ok_004.flac
2026-09-17 18:18:12 [INFO]   var_db=11.5482 dB
2026-09-17 18:18:12 [INFO] [179/4911] Processing: 1WefYlPx6ok_005.flac
2026-09-17 18:18:13 [INFO]   var_db=15.9523 dB
2026-09-17 18:18:13 [INFO] [180/4911] Processing: 1WefYlPx6ok_006.flac
2026-09-17 18:18:17 [INFO]   var_db=10.0525 dB
2026-09-17 18:18:17 [INFO] [181/4911] Processing: 1WefYlPx6ok_007.flac
2026-09-17 18:18:21 [INFO]   var_db=11.1087 dB
2026-09-17 18:18:21 [INFO] [182/4911] Processing: 1WefYlPx6ok_008.flac
2026-09-17 18:18:25 [INFO]   var_db=7.0348 dB
2026-09-17 18:18:25 [INFO] [183/4911] Processing: 1WefYlPx6ok_009.flac
2026-09-17 18:18:30 [INFO]   var_db=10.1942 dB
2026-09-17 18:18:30 [INFO] [184/4911] Processing: 1WefYlPx6ok_010.flac
2026-09-17 18:18:32 [INFO]   var_db=7.1117 dB
2026-09-17 18:18:32 [INFO] [185/4911] Processing: 1WefYlPx6ok_011.flac
2026-09-17 18:18:36 [INFO]   var_db=10.0583 dB
2026-09-17 18:18:36 [INFO] [186/4911] Processing: 1WefYlPx6ok_012.flac
2026-09-17 18:18:38 [INFO]   var_db=14.1153 dB
2026-09-17 18:18:38 [INFO] [187/4911] Processing: 1WefYlPx6ok_013.flac
2026-09-17 18:18:40 [INFO]   var_db=19.0979 dB
2026-09-17 18:18:40 [INFO] [188/4911] Processing: 1WefYlPx6ok_014.flac
2026-09-17 18:18:41 [INFO]   var_db=42.9072 dB
2026-09-17 18:18:41 [INFO] [189/4911] Processing: 1qtodTd6UME_000.flac
2026-09-17 18:18:48 [INFO]   var_db=11.9348 dB
2026-09-17 18:18:48 [INFO] [190/4911] Processing: 1qtodTd6UME_001.flac
2026-09-17 18:18:54 [INFO]   var_db=8.7913 dB
2026-09-17 18:18:54 [INFO] [191/4911] Processing: 1qtodTd6UME_002.flac
2026-09-17 18:18:55 [INFO]   var_db=6.2710 dB
2026-09-17 18:18:55 [INFO] [192/4911] Processing: 1uc4tqpk9o0_000.flac
2026-09-17 18:19:01 [INFO]   var_db=12.1564 dB
2026-09-17 18:19:01 [INFO] [193/4911] Processing: 1uc4tqpk9o0_001.flac
2026-09-17 18:19:05 [INFO]   var_db=13.7139 dB
2026-09-17 18:19:05 [INFO] [194/4911] Processing: 1uc4tqpk9o0_002.flac
2026-09-17 18:19:08 [INFO]   var_db=14.7284 dB
2026-09-17 18:19:08 [INFO] [195/4911] Processing: 1uc4tqpk9o0_003.flac
2026-09-17 18:19:15 [INFO]   var_db=10.7756 dB
2026-09-17 18:19:15 [INFO] [196/4911] Processing: 1uc4tqpk9o0_004.flac
2026-09-17 18:19:18 [INFO]   var_db=9.6378 dB
2026-09-17 18:19:18 [INFO] [197/4911] Processing: 1uc4tqpk9o0_005.flac
2026-09-17 18:19:19 [INFO]   var_db=8.8044 dB
2026-09-17 18:19:19 [INFO] [198/4911] Processing: 1uc4tqpk9o0_006.flac
2026-09-17 18:19:20 [INFO]   var_db=10.2661 dB
2026-09-17 18:19:20 [INFO] [199/4911] Processing: 1uc4tqpk9o0_007.flac
2026-09-17 18:19:23 [INFO]   var_db=3.3578 dB
2026-09-17 18:19:23 [INFO] [200/4911] Processing: 1uc4tqpk9o0_008.flac
2026-09-17 18:19:24 [INFO]   var_db=6.2622 dB
2026-09-17 18:19:24 [INFO] [201/4911] Processing: 238-IIxY3Pw_000.flac
2026-09-17 18:19:25 [INFO]   var_db=46.6401 dB
2026-09-17 18:19:25 [INFO] [202/4911] Processing: 238-IIxY3Pw_001.flac
2026-09-17 18:19:31 [INFO]   var_db=43.1311 dB
2026-09-17 18:19:31 [INFO] [203/4911] Processing: 238-IIxY3Pw_002.flac
2026-09-17 18:19:37 [INFO]   var_db=43.0716 dB
2026-09-17 18:19:37 [INFO] [204/4911] Processing: 238-IIxY3Pw_003.flac
2026-09-17 18:19:41 [INFO]   var_db=42.9523 dB
2026-09-17 18:19:41 [INFO] [205/4911] Processing: 238-IIxY3Pw_004.flac
2026-09-17 18:19:44 [INFO]   var_db=12.9780 dB
2026-09-17 18:19:44 [INFO] [206/4911] Processing: 238-IIxY3Pw_005.flac
2026-09-17 18:19:48 [INFO]   var_db=13.6978 dB
2026-09-17 18:19:48 [INFO] [207/4911] Processing: 238-IIxY3Pw_006.flac
2026-09-17 18:19:54 [INFO]   var_db=16.0848 dB
2026-09-17 18:19:54 [INFO] [208/4911] Processing: 238-IIxY3Pw_007.flac
2026-09-17 18:19:56 [INFO]   var_db=15.0233 dB
2026-09-17 18:19:56 [INFO] [209/4911] Processing: 238-IIxY3Pw_008.flac
2026-09-17 18:19:59 [INFO]   var_db=14.7706 dB
2026-09-17 18:19:59 [INFO] [210/4911] Processing: 238-IIxY3Pw_009.flac
2026-09-17 18:20:02 [INFO]   var_db=13.2916 dB
2026-09-17 18:20:02 [INFO] [211/4911] Processing: 238-IIxY3Pw_010.flac
2026-09-17 18:20:09 [INFO]   var_db=17.9771 dB
2026-09-17 18:20:09 [INFO] [212/4911] Processing: 238-IIxY3Pw_011.flac
2026-09-17 18:20:12 [INFO]   var_db=16.6590 dB
2026-09-17 18:20:12 [INFO] [213/4911] Processing: 238-IIxY3Pw_012.flac
2026-09-17 18:20:15 [INFO]   var_db=22.8154 dB
2026-09-17 18:20:15 [INFO] [214/4911] Processing: 238-IIxY3Pw_013.flac
2026-09-17 18:20:17 [INFO]   var_db=42.8535 dB
2026-09-17 18:20:17 [INFO] [215/4911] Processing: 2VLM3MhnyEE_000.flac
2026-09-17 18:20:19 [INFO]   var_db=40.5802 dB
2026-09-17 18:20:19 [INFO] [216/4911] Processing: 2VLM3MhnyEE_001.flac
2026-09-17 18:20:21 [INFO]   var_db=20.0892 dB
2026-09-17 18:20:21 [INFO] [217/4911] Processing: 2VLM3MhnyEE_002.flac
2026-09-17 18:20:27 [INFO]   var_db=16.2752 dB
2026-09-17 18:20:27 [INFO] [218/4911] Processing: 2VLM3MhnyEE_003.flac
2026-09-17 18:20:28 [INFO]   var_db=42.7774 dB
2026-09-17 18:20:28 [INFO] [219/4911] Processing: 2VLM3MhnyEE_004.flac
2026-09-17 18:20:36 [INFO]   var_db=13.8441 dB
2026-09-17 18:20:36 [INFO] [220/4911] Processing: 2VLM3MhnyEE_005.flac
2026-09-17 18:20:37 [INFO]   var_db=39.6010 dB
2026-09-17 18:20:37 [INFO] [221/4911] Processing: 2VLM3MhnyEE_006.flac
2026-09-17 18:20:39 [INFO]   var_db=19.1749 dB
2026-09-17 18:20:39 [INFO] [222/4911] Processing: 2VLM3MhnyEE_007.flac
2026-09-17 18:20:43 [INFO]   var_db=12.5749 dB
2026-09-17 18:20:43 [INFO] [223/4911] Processing: 2VLM3MhnyEE_008.flac
2026-09-17 18:20:49 [INFO]   var_db=10.9717 dB
2026-09-17 18:20:49 [INFO] [224/4911] Processing: 2VLM3MhnyEE_009.flac
2026-09-17 18:20:54 [INFO]   var_db=40.4504 dB
2026-09-17 18:20:54 [INFO] [225/4911] Processing: 2VLM3MhnyEE_010.flac
2026-09-17 18:20:57 [INFO]   var_db=18.4618 dB
2026-09-17 18:20:57 [INFO] [226/4911] Processing: 2VmuNpNnUEU_000.flac
2026-09-17 18:21:04 [INFO]   var_db=28.0667 dB
2026-09-17 18:21:04 [INFO] [227/4911] Processing: 2VmuNpNnUEU_001.flac
2026-09-17 18:21:06 [INFO]   var_db=32.3545 dB
2026-09-17 18:21:06 [INFO] [228/4911] Processing: 2VmuNpNnUEU_002.flac
2026-09-17 18:21:09 [INFO]   var_db=3.3904 dB
2026-09-17 18:21:09 [INFO] [229/4911] Processing: 2VmuNpNnUEU_003.flac
2026-09-17 18:21:10 [INFO]   var_db=6.3177 dB
2026-09-17 18:21:10 [INFO] [230/4911] Processing: 2Y6itphxVyc_000.flac
2026-09-17 18:21:12 [INFO]   var_db=16.9057 dB
2026-09-17 18:21:12 [INFO] [231/4911] Processing: 2Y6itphxVyc_001.flac
2026-09-17 18:21:13 [INFO]   var_db=19.0093 dB
2026-09-17 18:21:13 [INFO] [232/4911] Processing: 2Y6itphxVyc_002.flac
2026-09-17 18:21:14 [INFO]   var_db=20.9557 dB
2026-09-17 18:21:14 [INFO] [233/4911] Processing: 2Y6itphxVyc_003.flac
2026-09-17 18:21:15 [INFO]   var_db=36.0677 dB
2026-09-17 18:21:15 [INFO] [234/4911] Processing: 2Y6itphxVyc_004.flac
2026-09-17 18:21:17 [INFO]   var_db=13.7965 dB
2026-09-17 18:21:17 [INFO] [235/4911] Processing: 2Y6itphxVyc_005.flac
2026-09-17 18:21:18 [INFO]   var_db=9.8974 dB
2026-09-17 18:21:18 [INFO] [236/4911] Processing: 2Y6itphxVyc_006.flac
2026-09-17 18:21:19 [INFO]   var_db=10.1324 dB
2026-09-17 18:21:19 [INFO] [237/4911] Processing: 2Y6itphxVyc_007.flac
2026-09-17 18:21:20 [INFO]   var_db=4.6852 dB
2026-09-17 18:21:20 [INFO] [238/4911] Processing: 2Y6itphxVyc_008.flac
2026-09-17 18:21:21 [INFO]   var_db=6.3118 dB
2026-09-17 18:21:21 [INFO] [239/4911] Processing: 2a1fdlEvm-s_000.flac
2026-09-17 18:21:29 [INFO]   var_db=30.9854 dB
2026-09-17 18:21:29 [INFO] [240/4911] Processing: 2a1fdlEvm-s_001.flac
2026-09-17 18:21:31 [INFO]   var_db=42.6772 dB
2026-09-17 18:21:31 [INFO] [241/4911] Processing: 2a1fdlEvm-s_002.flac
2026-09-17 18:21:33 [INFO]   var_db=3.6982 dB
2026-09-17 18:21:33 [INFO] [242/4911] Processing: 2a1fdlEvm-s_003.flac
2026-09-17 18:21:34 [INFO]   var_db=6.2549 dB
2026-09-17 18:21:34 [INFO] [243/4911] Processing: 2anuRVG0ZBc_000.flac
2026-09-17 18:21:40 [INFO]   var_db=9.4994 dB
2026-09-17 18:21:40 [INFO] [244/4911] Processing: 2anuRVG0ZBc_001.flac
2026-09-17 18:21:45 [INFO]   var_db=9.2085 dB
2026-09-17 18:21:45 [INFO] [245/4911] Processing: 2anuRVG0ZBc_002.flac
2026-09-17 18:21:51 [INFO]   var_db=9.1041 dB
2026-09-17 18:21:51 [INFO] [246/4911] Processing: 2anuRVG0ZBc_003.flac
2026-09-17 18:21:53 [INFO]   var_db=12.5589 dB
2026-09-17 18:21:53 [INFO] [247/4911] Processing: 2anuRVG0ZBc_004.flac
2026-09-17 18:21:56 [INFO]   var_db=21.3328 dB
2026-09-17 18:21:56 [INFO] [248/4911] Processing: 2anuRVG0ZBc_005.flac
2026-09-17 18:21:57 [INFO]   var_db=43.1809 dB
2026-09-17 18:21:57 [INFO] [249/4911] Processing: 2oJ2qkdgZTw_000.flac
2026-09-17 18:22:04 [INFO]   var_db=10.8537 dB
2026-09-17 18:22:04 [INFO] [250/4911] Processing: 2oJ2qkdgZTw_001.flac
2026-09-17 18:22:09 [INFO]   var_db=12.0417 dB
2026-09-17 18:22:09 [INFO] [251/4911] Processing: 2oJ2qkdgZTw_002.flac
2026-09-17 18:22:10 [INFO]   var_db=10.9360 dB
2026-09-17 18:22:10 [INFO] [252/4911] Processing: 2wdfJrsnKME_000.flac
2026-09-17 18:22:14 [INFO]   var_db=38.0473 dB
2026-09-17 18:22:14 [INFO] [253/4911] Processing: 2wdfJrsnKME_001.flac
2026-09-17 18:22:18 [INFO]   var_db=12.4881 dB
2026-09-17 18:22:18 [INFO] [254/4911] Processing: 2wdfJrsnKME_002.flac
2026-09-17 18:22:22 [INFO]   var_db=12.0253 dB
2026-09-17 18:22:22 [INFO] [255/4911] Processing: 2wdfJrsnKME_003.flac
2026-09-17 18:22:24 [INFO]   var_db=17.4602 dB
2026-09-17 18:22:24 [INFO] [256/4911] Processing: 2wdfJrsnKME_004.flac
2026-09-17 18:22:32 [INFO]   var_db=37.2195 dB
2026-09-17 18:22:32 [INFO] [257/4911] Processing: 2wdfJrsnKME_005.flac
2026-09-17 18:22:33 [INFO]   var_db=43.7393 dB
2026-09-17 18:22:33 [INFO] [258/4911] Processing: 2wdfJrsnKME_006.flac
2026-09-17 18:22:34 [INFO]   var_db=42.5023 dB
2026-09-17 18:22:34 [INFO] [259/4911] Processing: 389l_ackzDg_000.flac
2026-09-17 18:22:39 [INFO]   var_db=14.4341 dB
2026-09-17 18:22:39 [INFO] [260/4911] Processing: 389l_ackzDg_001.flac
2026-09-17 18:22:45 [INFO]   var_db=9.0545 dB
2026-09-17 18:22:45 [INFO] [261/4911] Processing: 389l_ackzDg_002.flac
2026-09-17 18:22:50 [INFO]   var_db=14.9622 dB
2026-09-17 18:22:50 [INFO] [262/4911] Processing: 389l_ackzDg_003.flac
2026-09-17 18:22:57 [INFO]   var_db=7.1928 dB
2026-09-17 18:22:57 [INFO] [263/4911] Processing: 389l_ackzDg_004.flac
2026-09-17 18:22:59 [INFO]   var_db=6.2451 dB
2026-09-17 18:22:59 [INFO] [264/4911] Processing: 3KG2fqfQMG4_000.flac
2026-09-17 18:23:01 [INFO]   var_db=39.7859 dB
2026-09-17 18:23:01 [INFO] [265/4911] Processing: 3KG2fqfQMG4_001.flac
2026-09-17 18:23:03 [INFO]   var_db=41.8961 dB
2026-09-17 18:23:03 [INFO] [266/4911] Processing: 3KG2fqfQMG4_002.flac
2026-09-17 18:23:04 [INFO]   var_db=41.7401 dB
2026-09-17 18:23:04 [INFO] [267/4911] Processing: 3KG2fqfQMG4_003.flac
2026-09-17 18:23:07 [INFO]   var_db=41.8793 dB
2026-09-17 18:23:07 [INFO] [268/4911] Processing: 3KG2fqfQMG4_004.flac
2026-09-17 18:23:09 [INFO]   var_db=2.8962 dB
2026-09-17 18:23:09 [INFO] [269/4911] Processing: 3KG2fqfQMG4_005.flac
2026-09-17 18:23:10 [INFO]   var_db=6.2913 dB
2026-09-17 18:23:10 [INFO] [270/4911] Processing: 3TNcMupTFTQ_000.flac
2026-09-17 18:23:16 [INFO]   var_db=21.3740 dB
2026-09-17 18:23:16 [INFO] [271/4911] Processing: 3TNcMupTFTQ_001.flac
2026-09-17 18:23:22 [INFO]   var_db=18.7140 dB
2026-09-17 18:23:22 [INFO] [272/4911] Processing: 3TNcMupTFTQ_002.flac
2026-09-17 18:23:25 [INFO]   var_db=5.8637 dB
2026-09-17 18:23:25 [INFO] [273/4911] Processing: 3TNcMupTFTQ_003.flac
2026-09-17 18:23:27 [INFO]   var_db=8.9575 dB
2026-09-17 18:23:27 [INFO] [274/4911] Processing: 3TNcMupTFTQ_004.flac
2026-09-17 18:23:30 [INFO]   var_db=3.5915 dB
2026-09-17 18:23:30 [INFO] [275/4911] Processing: 3TNcMupTFTQ_005.flac
2026-09-17 18:23:31 [INFO]   var_db=6.3754 dB
2026-09-17 18:23:31 [INFO] [276/4911] Processing: 3aBRmQ-C51o_000.flac
2026-09-17 18:23:33 [INFO]   var_db=21.5182 dB
2026-09-17 18:23:33 [INFO] [277/4911] Processing: 3aBRmQ-C51o_001.flac
2026-09-17 18:23:34 [INFO]   var_db=42.4867 dB
2026-09-17 18:23:34 [INFO] [278/4911] Processing: 3aBRmQ-C51o_002.flac
2026-09-17 18:23:41 [INFO]   var_db=44.8702 dB
2026-09-17 18:23:41 [INFO] [279/4911] Processing: 3aBRmQ-C51o_003.flac
2026-09-17 18:23:43 [INFO]   var_db=43.4118 dB
2026-09-17 18:23:43 [INFO] [280/4911] Processing: 3g0OEhAgPHw_000.flac
2026-09-17 18:23:45 [INFO]   var_db=17.2552 dB
2026-09-17 18:23:45 [INFO] [281/4911] Processing: 3g0OEhAgPHw_001.flac
2026-09-17 18:23:49 [INFO]   var_db=8.4421 dB
2026-09-17 18:23:49 [INFO] [282/4911] Processing: 3g0OEhAgPHw_002.flac
2026-09-17 18:23:56 [INFO]   var_db=7.3473 dB
2026-09-17 18:23:56 [INFO] [283/4911] Processing: 3g0OEhAgPHw_003.flac
2026-09-17 18:24:02 [INFO]   var_db=8.5830 dB
2026-09-17 18:24:02 [INFO] [284/4911] Processing: 3g0OEhAgPHw_004.flac
2026-09-17 18:24:03 [INFO]   var_db=6.3034 dB
2026-09-17 18:24:03 [INFO] [285/4911] Processing: 3gtSu-CaA6o_000.flac
2026-09-17 18:24:04 [INFO]   var_db=12.5295 dB
2026-09-17 18:24:04 [INFO] [286/4911] Processing: 3gtSu-CaA6o_001.flac
2026-09-17 18:24:05 [INFO]   var_db=6.5590 dB
2026-09-17 18:24:05 [INFO] [287/4911] Processing: 3gtSu-CaA6o_002.flac
2026-09-17 18:24:06 [INFO]   var_db=5.6625 dB
2026-09-17 18:24:06 [INFO] [288/4911] Processing: 3gtSu-CaA6o_003.flac
2026-09-17 18:24:07 [INFO]   var_db=6.5860 dB
2026-09-17 18:24:07 [INFO] [289/4911] Processing: 3gtSu-CaA6o_004.flac
2026-09-17 18:24:08 [INFO]   var_db=8.6919 dB
2026-09-17 18:24:08 [INFO] [290/4911] Processing: 3gtSu-CaA6o_005.flac
2026-09-17 18:24:09 [INFO]   var_db=5.9438 dB
2026-09-17 18:24:09 [INFO] [291/4911] Processing: 3gtSu-CaA6o_006.flac
2026-09-17 18:24:11 [INFO]   var_db=3.2526 dB
2026-09-17 18:24:11 [INFO] [292/4911] Processing: 3gtSu-CaA6o_007.flac
2026-09-17 18:24:12 [INFO]   var_db=8.5034 dB
2026-09-17 18:24:12 [INFO] [293/4911] Processing: 3gtSu-CaA6o_008.flac
2026-09-17 18:24:13 [INFO]   var_db=3.2741 dB
2026-09-17 18:24:13 [INFO] [294/4911] Processing: 3gtSu-CaA6o_009.flac
2026-09-17 18:24:15 [INFO]   var_db=4.7226 dB
2026-09-17 18:24:15 [INFO] [295/4911] Processing: 3gtSu-CaA6o_010.flac
2026-09-17 18:24:17 [INFO]   var_db=6.3300 dB
2026-09-17 18:24:17 [INFO] [296/4911] Processing: 3kTKtsSunlg_000.flac
2026-09-17 18:24:19 [INFO]   var_db=22.1896 dB
2026-09-17 18:24:19 [INFO] [297/4911] Processing: 3kTKtsSunlg_001.flac
2026-09-17 18:24:20 [INFO]   var_db=34.3118 dB
2026-09-17 18:24:20 [INFO] [298/4911] Processing: 3kTKtsSunlg_002.flac
2026-09-17 18:24:21 [INFO]   var_db=39.5574 dB
2026-09-17 18:24:21 [INFO] [299/4911] Processing: 3kTKtsSunlg_003.flac
2026-09-17 18:24:22 [INFO]   var_db=40.3397 dB
2026-09-17 18:24:22 [INFO] [300/4911] Processing: 3kTKtsSunlg_004.flac
2026-09-17 18:24:24 [INFO]   var_db=32.6578 dB
2026-09-17 18:24:24 [INFO] [301/4911] Processing: 3kTKtsSunlg_005.flac
2026-09-17 18:24:25 [INFO]   var_db=35.9289 dB
2026-09-17 18:24:25 [INFO] [302/4911] Processing: 3kTKtsSunlg_006.flac
2026-09-17 18:24:26 [INFO]   var_db=45.2564 dB
2026-09-17 18:24:26 [INFO] [303/4911] Processing: 3kTKtsSunlg_007.flac
2026-09-17 18:24:28 [INFO]   var_db=48.2184 dB
2026-09-17 18:24:28 [INFO] [304/4911] Processing: 3kTKtsSunlg_008.flac
2026-09-17 18:24:31 [INFO]   var_db=43.5385 dB
2026-09-17 18:24:31 [INFO] [305/4911] Processing: 3kTKtsSunlg_009.flac
2026-09-17 18:24:33 [INFO]   var_db=25.3182 dB
2026-09-17 18:24:33 [INFO] [306/4911] Processing: 3kTKtsSunlg_010.flac
2026-09-17 18:24:34 [INFO]   var_db=43.7605 dB
2026-09-17 18:24:34 [INFO] [307/4911] Processing: 3kTKtsSunlg_011.flac
2026-09-17 18:24:37 [INFO]   var_db=46.5511 dB
2026-09-17 18:24:37 [INFO] [308/4911] Processing: 3kTKtsSunlg_012.flac
2026-09-17 18:24:38 [INFO]   var_db=43.2407 dB
2026-09-17 18:24:38 [INFO] [309/4911] Processing: 3kTKtsSunlg_013.flac
2026-09-17 18:24:39 [INFO]   var_db=44.8730 dB
2026-09-17 18:24:39 [INFO] [310/4911] Processing: 3kTKtsSunlg_014.flac
2026-09-17 18:24:43 [INFO]   var_db=44.9930 dB
2026-09-17 18:24:43 [INFO] [311/4911] Processing: 3kTKtsSunlg_015.flac
2026-09-17 18:24:44 [INFO]   var_db=42.8625 dB
2026-09-17 18:24:44 [INFO] [312/4911] Processing: 3kTKtsSunlg_016.flac
2026-09-17 18:24:49 [INFO]   var_db=7.4919 dB
2026-09-17 18:24:49 [INFO] [313/4911] Processing: 3kTKtsSunlg_017.flac
2026-09-17 18:24:53 [INFO]   var_db=20.2458 dB
2026-09-17 18:24:53 [INFO] [314/4911] Processing: 3kTKtsSunlg_018.flac
2026-09-17 18:24:58 [INFO]   var_db=46.6822 dB
2026-09-17 18:24:58 [INFO] [315/4911] Processing: 3kTKtsSunlg_019.flac
2026-09-17 18:25:00 [INFO]   var_db=34.0836 dB
2026-09-17 18:25:00 [INFO] [316/4911] Processing: 3kTKtsSunlg_020.flac
2026-09-17 18:25:03 [INFO]   var_db=22.8646 dB
2026-09-17 18:25:03 [INFO] [317/4911] Processing: 3kTKtsSunlg_021.flac
2026-09-17 18:25:06 [INFO]   var_db=33.9629 dB
2026-09-17 18:25:06 [INFO] [318/4911] Processing: 3kTKtsSunlg_022.flac
2026-09-17 18:25:10 [INFO]   var_db=42.9998 dB
2026-09-17 18:25:10 [INFO] [319/4911] Processing: 3kTKtsSunlg_023.flac
2026-09-17 18:25:17 [INFO]   var_db=13.5376 dB
2026-09-17 18:25:17 [INFO] [320/4911] Processing: 3kTKtsSunlg_024.flac
2026-09-17 18:25:20 [INFO]   var_db=38.5788 dB
2026-09-17 18:25:20 [INFO] [321/4911] Processing: 3kTKtsSunlg_025.flac
2026-09-17 18:25:22 [INFO]   var_db=-45.5374 dB
2026-09-17 18:25:22 [INFO] [322/4911] Processing: 3kTKtsSunlg_026.flac
2026-09-17 18:25:23 [INFO]   var_db=41.3137 dB
2026-09-17 18:25:23 [INFO] [323/4911] Processing: 3kTKtsSunlg_027.flac
2026-09-17 18:25:24 [INFO]   var_db=12.9183 dB
2026-09-17 18:25:24 [INFO] [324/4911] Processing: 3kTKtsSunlg_028.flac
2026-09-17 18:25:25 [INFO]   var_db=-7.6329 dB
2026-09-17 18:25:25 [INFO] [325/4911] Processing: 3kTKtsSunlg_029.flac
2026-09-17 18:25:27 [INFO]   var_db=39.0247 dB
2026-09-17 18:25:27 [INFO] [326/4911] Processing: 3kTKtsSunlg_030.flac
2026-09-17 18:25:32 [INFO]   var_db=28.3195 dB
2026-09-17 18:25:32 [INFO] [327/4911] Processing: 3kTKtsSunlg_031.flac
2026-09-17 18:25:36 [INFO]   var_db=27.5669 dB
2026-09-17 18:25:36 [INFO] [328/4911] Processing: 3kTKtsSunlg_032.flac
2026-09-17 18:25:37 [INFO]   var_db=32.7635 dB
2026-09-17 18:25:37 [INFO] [329/4911] Processing: 3kTKtsSunlg_033.flac
2026-09-17 18:25:40 [INFO]   var_db=42.4270 dB
2026-09-17 18:25:40 [INFO] [330/4911] Processing: 3zxz0AndPt0_000.flac
2026-09-17 18:25:45 [INFO]   var_db=9.7143 dB
2026-09-17 18:25:45 [INFO] [331/4911] Processing: 3zxz0AndPt0_001.flac
2026-09-17 18:25:47 [INFO]   var_db=6.3680 dB
2026-09-17 18:25:47 [INFO] [332/4911] Processing: 47F3lTVpOxc_000.flac
2026-09-17 18:25:51 [INFO]   var_db=12.9589 dB
2026-09-17 18:25:51 [INFO] [333/4911] Processing: 47F3lTVpOxc_001.flac
2026-09-17 18:25:58 [INFO]   var_db=10.8545 dB
2026-09-17 18:25:58 [INFO] [334/4911] Processing: 47F3lTVpOxc_002.flac
2026-09-17 18:26:03 [INFO]   var_db=8.9243 dB
2026-09-17 18:26:03 [INFO] [335/4911] Processing: 47F3lTVpOxc_003.flac
2026-09-17 18:26:10 [INFO]   var_db=8.7012 dB
2026-09-17 18:26:10 [INFO] [336/4911] Processing: 47F3lTVpOxc_004.flac
2026-09-17 18:26:17 [INFO]   var_db=13.6260 dB
2026-09-17 18:26:17 [INFO] [337/4911] Processing: 47F3lTVpOxc_005.flac
2026-09-17 18:26:21 [INFO]   var_db=8.7579 dB
2026-09-17 18:26:21 [INFO] [338/4911] Processing: 47F3lTVpOxc_006.flac
2026-09-17 18:26:22 [INFO]   var_db=6.3021 dB
2026-09-17 18:26:22 [INFO] [339/4911] Processing: 4BE3O130ubk_000.flac
2026-09-17 18:26:28 [INFO]   var_db=13.9290 dB
2026-09-17 18:26:28 [INFO] [340/4911] Processing: 4BE3O130ubk_001.flac
2026-09-17 18:26:30 [INFO]   var_db=10.5798 dB
2026-09-17 18:26:30 [INFO] [341/4911] Processing: 4BE3O130ubk_002.flac
2026-09-17 18:26:31 [INFO]   var_db=4.5520 dB
2026-09-17 18:26:31 [INFO] [342/4911] Processing: 4BE3O130ubk_003.flac
2026-09-17 18:26:33 [INFO]   var_db=18.0444 dB
2026-09-17 18:26:33 [INFO] [343/4911] Processing: 4BE3O130ubk_004.flac
2026-09-17 18:26:37 [INFO]   var_db=6.4269 dB
2026-09-17 18:26:37 [INFO] [344/4911] Processing: 4BE3O130ubk_005.flac
2026-09-17 18:26:38 [INFO]   var_db=6.2148 dB
2026-09-17 18:26:38 [INFO] [345/4911] Processing: 4Eyz895ZCwE_000.flac
2026-09-17 18:26:44 [INFO]   var_db=15.7122 dB
2026-09-17 18:26:44 [INFO] [346/4911] Processing: 4Eyz895ZCwE_001.flac
2026-09-17 18:26:51 [INFO]   var_db=11.0447 dB
2026-09-17 18:26:51 [INFO] [347/4911] Processing: 4Eyz895ZCwE_002.flac
2026-09-17 18:26:54 [INFO]   var_db=10.4348 dB
2026-09-17 18:26:54 [INFO] [348/4911] Processing: 4Eyz895ZCwE_003.flac
2026-09-17 18:26:55 [INFO]   var_db=17.8548 dB
2026-09-17 18:26:55 [INFO] [349/4911] Processing: 4FiG0IQi__Y_000.flac
2026-09-17 18:27:03 [INFO]   var_db=9.9219 dB
2026-09-17 18:27:03 [INFO] [350/4911] Processing: 4FiG0IQi__Y_001.flac
2026-09-17 18:27:08 [INFO]   var_db=8.8604 dB
2026-09-17 18:27:08 [INFO] [351/4911] Processing: 4FiG0IQi__Y_002.flac
2026-09-17 18:27:11 [INFO]   var_db=15.6712 dB
2026-09-17 18:27:11 [INFO] [352/4911] Processing: 4FiG0IQi__Y_003.flac
2026-09-17 18:27:13 [INFO]   var_db=19.8709 dB
2026-09-17 18:27:13 [INFO] [353/4911] Processing: 4FiG0IQi__Y_004.flac
2026-09-17 18:27:14 [INFO]   var_db=42.9333 dB
2026-09-17 18:27:14 [INFO] [354/4911] Processing: 4YsyGfojh30_000.flac
2026-09-17 18:27:23 [INFO]   var_db=8.4340 dB
2026-09-17 18:27:23 [INFO] [355/4911] Processing: 4YsyGfojh30_001.flac
2026-09-17 18:27:27 [INFO]   var_db=6.8635 dB
2026-09-17 18:27:27 [INFO] [356/4911] Processing: 4YsyGfojh30_002.flac
2026-09-17 18:27:28 [INFO]   var_db=6.2680 dB
2026-09-17 18:27:28 [INFO] [357/4911] Processing: 4bPrey4Dpqo_000.flac
2026-09-17 18:27:35 [INFO]   var_db=9.0117 dB
2026-09-17 18:27:35 [INFO] [358/4911] Processing: 4bPrey4Dpqo_001.flac
2026-09-17 18:27:39 [INFO]   var_db=6.3272 dB
2026-09-17 18:27:39 [INFO] [359/4911] Processing: 4bPrey4Dpqo_002.flac
2026-09-17 18:27:46 [INFO]   var_db=7.7358 dB
2026-09-17 18:27:46 [INFO] [360/4911] Processing: 4bPrey4Dpqo_003.flac
2026-09-17 18:27:53 [INFO]   var_db=6.9374 dB
2026-09-17 18:27:53 [INFO] [361/4911] Processing: 4bPrey4Dpqo_004.flac
2026-09-17 18:28:01 [INFO]   var_db=6.8706 dB
2026-09-17 18:28:01 [INFO] [362/4911] Processing: 4bPrey4Dpqo_005.flac
2026-09-17 18:28:07 [INFO]   var_db=9.1125 dB
2026-09-17 18:28:07 [INFO] [363/4911] Processing: 4bPrey4Dpqo_006.flac
2026-09-17 18:28:13 [INFO]   var_db=5.4014 dB
2026-09-17 18:28:13 [INFO] [364/4911] Processing: 4bPrey4Dpqo_007.flac
2026-09-17 18:28:14 [INFO]   var_db=6.2503 dB
2026-09-17 18:28:14 [INFO] [365/4911] Processing: 4fkaKsVNx9I_000.flac
2026-09-17 18:28:15 [INFO]   var_db=3.3325 dB
2026-09-17 18:28:15 [INFO] [366/4911] Processing: 4fkaKsVNx9I_001.flac
2026-09-17 18:28:17 [INFO]   var_db=2.0455 dB
2026-09-17 18:28:17 [INFO] [367/4911] Processing: 4fkaKsVNx9I_002.flac
2026-09-17 18:28:19 [INFO]   var_db=11.3524 dB
2026-09-17 18:28:19 [INFO] [368/4911] Processing: 4fkaKsVNx9I_003.flac
2026-09-17 18:28:20 [INFO]   var_db=3.6109 dB
2026-09-17 18:28:20 [INFO] [369/4911] Processing: 4fkaKsVNx9I_004.flac
2026-09-17 18:28:23 [INFO]   var_db=10.1948 dB
2026-09-17 18:28:23 [INFO] [370/4911] Processing: 4fkaKsVNx9I_005.flac
2026-09-17 18:28:27 [INFO]   var_db=10.6680 dB
2026-09-17 18:28:27 [INFO] [371/4911] Processing: 4fkaKsVNx9I_006.flac
2026-09-17 18:28:30 [INFO]   var_db=10.3416 dB
2026-09-17 18:28:30 [INFO] [372/4911] Processing: 4fkaKsVNx9I_007.flac
2026-09-17 18:28:34 [INFO]   var_db=12.2205 dB
2026-09-17 18:28:34 [INFO] [373/4911] Processing: 4fkaKsVNx9I_008.flac
2026-09-17 18:28:37 [INFO]   var_db=10.7196 dB
2026-09-17 18:28:37 [INFO] [374/4911] Processing: 4fkaKsVNx9I_009.flac
2026-09-17 18:28:40 [INFO]   var_db=3.3204 dB
2026-09-17 18:28:40 [INFO] [375/4911] Processing: 4fkaKsVNx9I_010.flac
2026-09-17 18:28:41 [INFO]   var_db=6.2836 dB
2026-09-17 18:28:41 [INFO] [376/4911] Processing: 4iTUm1J-v0Q_000.flac
2026-09-17 18:28:43 [INFO]   var_db=30.0633 dB
2026-09-17 18:28:43 [INFO] [377/4911] Processing: 4iTUm1J-v0Q_001.flac
2026-09-17 18:28:49 [INFO]   var_db=6.8578 dB
2026-09-17 18:28:49 [INFO] [378/4911] Processing: 4iTUm1J-v0Q_002.flac
2026-09-17 18:28:50 [INFO]   var_db=-4.1843 dB
2026-09-17 18:28:50 [INFO] [379/4911] Processing: 4iTUm1J-v0Q_003.flac
2026-09-17 18:28:51 [INFO]   var_db=8.8780 dB
2026-09-17 18:28:51 [INFO] [380/4911] Processing: 4iTUm1J-v0Q_004.flac
2026-09-17 18:28:55 [INFO]   var_db=10.1516 dB
2026-09-17 18:28:55 [INFO] [381/4911] Processing: 4iTUm1J-v0Q_005.flac
2026-09-17 18:29:01 [INFO]   var_db=35.9682 dB
2026-09-17 18:29:01 [INFO] [382/4911] Processing: 4iTUm1J-v0Q_006.flac
2026-09-17 18:29:04 [INFO]   var_db=10.5307 dB
2026-09-17 18:29:04 [INFO] [383/4911] Processing: 4iTUm1J-v0Q_007.flac
2026-09-17 18:29:10 [INFO]   var_db=9.1937 dB
2026-09-17 18:29:10 [INFO] [384/4911] Processing: 4iTUm1J-v0Q_008.flac
2026-09-17 18:29:13 [INFO]   var_db=16.6965 dB
2026-09-17 18:29:13 [INFO] [385/4911] Processing: 4iTUm1J-v0Q_009.flac
2026-09-17 18:29:18 [INFO]   var_db=10.1795 dB
2026-09-17 18:29:18 [INFO] [386/4911] Processing: 4iTUm1J-v0Q_010.flac
2026-09-17 18:29:24 [INFO]   var_db=8.2407 dB
2026-09-17 18:29:24 [INFO] [387/4911] Processing: 4iTUm1J-v0Q_011.flac
2026-09-17 18:29:25 [INFO]   var_db=6.3213 dB
2026-09-17 18:29:25 [INFO] [388/4911] Processing: 4kMF-rVbqAc_000.flac
2026-09-17 18:29:28 [INFO]   var_db=8.3302 dB
2026-09-17 18:29:28 [INFO] [389/4911] Processing: 4kMF-rVbqAc_001.flac
2026-09-17 18:29:30 [INFO]   var_db=-0.4173 dB
2026-09-17 18:29:30 [INFO] [390/4911] Processing: 4kMF-rVbqAc_002.flac
2026-09-17 18:29:32 [INFO]   var_db=15.0722 dB
2026-09-17 18:29:32 [INFO] [391/4911] Processing: 4kMF-rVbqAc_003.flac
2026-09-17 18:29:34 [INFO]   var_db=11.8072 dB
2026-09-17 18:29:34 [INFO] [392/4911] Processing: 4kMF-rVbqAc_004.flac
2026-09-17 18:29:37 [INFO]   var_db=9.2363 dB
2026-09-17 18:29:37 [INFO] [393/4911] Processing: 4kMF-rVbqAc_005.flac
2026-09-17 18:29:44 [INFO]   var_db=5.8694 dB
2026-09-17 18:29:44 [INFO] [394/4911] Processing: 4kMF-rVbqAc_006.flac
2026-09-17 18:29:46 [INFO]   var_db=6.0433 dB
2026-09-17 18:29:46 [INFO] [395/4911] Processing: 4kMF-rVbqAc_007.flac
2026-09-17 18:29:51 [INFO]   var_db=8.2759 dB
2026-09-17 18:29:51 [INFO] [396/4911] Processing: 4kMF-rVbqAc_008.flac
2026-09-17 18:29:53 [INFO]   var_db=8.5523 dB
2026-09-17 18:29:53 [INFO] [397/4911] Processing: 4kMF-rVbqAc_009.flac
2026-09-17 18:29:55 [INFO]   var_db=7.4814 dB
2026-09-17 18:29:55 [INFO] [398/4911] Processing: 4kMF-rVbqAc_010.flac
2026-09-17 18:30:00 [INFO]   var_db=8.2098 dB
2026-09-17 18:30:00 [INFO] [399/4911] Processing: 4kMF-rVbqAc_011.flac
2026-09-17 18:30:05 [INFO]   var_db=10.7804 dB
2026-09-17 18:30:05 [INFO] [400/4911] Processing: 4kMF-rVbqAc_012.flac
2026-09-17 18:30:09 [INFO]   var_db=5.6102 dB
2026-09-17 18:30:09 [INFO] [401/4911] Processing: 4kMF-rVbqAc_013.flac
2026-09-17 18:30:12 [INFO]   var_db=11.2617 dB
2026-09-17 18:30:12 [INFO] [402/4911] Processing: 4kMF-rVbqAc_014.flac
2026-09-17 18:30:16 [INFO]   var_db=15.2619 dB
2026-09-17 18:30:16 [INFO] [403/4911] Processing: 4kMF-rVbqAc_015.flac
2026-09-17 18:30:18 [INFO]   var_db=7.4500 dB
2026-09-17 18:30:18 [INFO] [404/4911] Processing: 4kMF-rVbqAc_016.flac
2026-09-17 18:30:23 [INFO]   var_db=6.2699 dB
2026-09-17 18:30:23 [INFO] [405/4911] Processing: 4kMF-rVbqAc_017.flac
2026-09-17 18:30:29 [INFO]   var_db=8.7461 dB
2026-09-17 18:30:29 [INFO] [406/4911] Processing: 4kMF-rVbqAc_018.flac
2026-09-17 18:30:30 [INFO]   var_db=11.2515 dB
2026-09-17 18:30:30 [INFO] [407/4911] Processing: 4kMF-rVbqAc_019.flac
2026-09-17 18:30:36 [INFO]   var_db=7.5827 dB
2026-09-17 18:30:36 [INFO] [408/4911] Processing: 4kMF-rVbqAc_020.flac
2026-09-17 18:30:37 [INFO]   var_db=7.9162 dB
2026-09-17 18:30:37 [INFO] [409/4911] Processing: 4kMF-rVbqAc_021.flac
2026-09-17 18:30:40 [INFO]   var_db=8.3627 dB
2026-09-17 18:30:40 [INFO] [410/4911] Processing: 4kMF-rVbqAc_022.flac
2026-09-17 18:30:43 [INFO]   var_db=15.6728 dB
2026-09-17 18:30:43 [INFO] [411/4911] Processing: 4kMF-rVbqAc_023.flac
2026-09-17 18:30:44 [INFO]   var_db=43.5123 dB
2026-09-17 18:30:44 [INFO] [412/4911] Processing: 4mGjUrWl1mg_000.flac
2026-09-17 18:30:45 [INFO]   var_db=22.1639 dB
2026-09-17 18:30:45 [INFO] [413/4911] Processing: 4mGjUrWl1mg_001.flac
2026-09-17 18:30:52 [INFO]   var_db=14.1737 dB
2026-09-17 18:30:52 [INFO] [414/4911] Processing: 4mGjUrWl1mg_002.flac
2026-09-17 18:30:57 [INFO]   var_db=13.3554 dB
2026-09-17 18:30:57 [INFO] [415/4911] Processing: 4mGjUrWl1mg_003.flac
2026-09-17 18:30:59 [INFO]   var_db=5.1149 dB
2026-09-17 18:30:59 [INFO] [416/4911] Processing: 4mGjUrWl1mg_004.flac
2026-09-17 18:31:01 [INFO]   var_db=6.2424 dB
2026-09-17 18:31:01 [INFO] [417/4911] Processing: 4n7T0KeQohU_000.flac
2026-09-17 18:31:06 [INFO]   var_db=9.4324 dB
2026-09-17 18:31:06 [INFO] [418/4911] Processing: 4n7T0KeQohU_001.flac
2026-09-17 18:31:09 [INFO]   var_db=7.0877 dB
2026-09-17 18:31:09 [INFO] [419/4911] Processing: 4n7T0KeQohU_002.flac
2026-09-17 18:31:13 [INFO]   var_db=8.9784 dB
2026-09-17 18:31:13 [INFO] [420/4911] Processing: 4n7T0KeQohU_003.flac
2026-09-17 18:31:17 [INFO]   var_db=5.8243 dB
2026-09-17 18:31:17 [INFO] [421/4911] Processing: 4n7T0KeQohU_004.flac
2026-09-17 18:31:22 [INFO]   var_db=5.6289 dB
2026-09-17 18:31:22 [INFO] [422/4911] Processing: 4n7T0KeQohU_005.flac
2026-09-17 18:31:27 [INFO]   var_db=5.8994 dB
2026-09-17 18:31:27 [INFO] [423/4911] Processing: 4n7T0KeQohU_006.flac
2026-09-17 18:31:31 [INFO]   var_db=6.0509 dB
2026-09-17 18:31:31 [INFO] [424/4911] Processing: 4n7T0KeQohU_007.flac
2026-09-17 18:31:35 [INFO]   var_db=6.1716 dB
2026-09-17 18:31:35 [INFO] [425/4911] Processing: 4n7T0KeQohU_008.flac
2026-09-17 18:31:37 [INFO]   var_db=8.7738 dB
2026-09-17 18:31:37 [INFO] [426/4911] Processing: 4n7T0KeQohU_009.flac
2026-09-17 18:31:39 [INFO]   var_db=13.4192 dB
2026-09-17 18:31:39 [INFO] [427/4911] Processing: 4n7T0KeQohU_010.flac
2026-09-17 18:31:41 [INFO]   var_db=22.3247 dB
2026-09-17 18:31:41 [INFO] [428/4911] Processing: 4n7T0KeQohU_011.flac
2026-09-17 18:31:42 [INFO]   var_db=43.5583 dB
2026-09-17 18:31:42 [INFO] [429/4911] Processing: 4wZ7DlNlsc0_000.flac
2026-09-17 18:31:49 [INFO]   var_db=13.0038 dB
2026-09-17 18:31:49 [INFO] [430/4911] Processing: 4wZ7DlNlsc0_001.flac
2026-09-17 18:31:55 [INFO]   var_db=15.9970 dB
2026-09-17 18:31:55 [INFO] [431/4911] Processing: 4wZ7DlNlsc0_002.flac
2026-09-17 18:32:02 [INFO]   var_db=12.6295 dB
2026-09-17 18:32:02 [INFO] [432/4911] Processing: 4wZ7DlNlsc0_003.flac
2026-09-17 18:32:10 [INFO]   var_db=6.8710 dB
2026-09-17 18:32:10 [INFO] [433/4911] Processing: 4wZ7DlNlsc0_004.flac
2026-09-17 18:32:11 [INFO]   var_db=4.6470 dB
2026-09-17 18:32:11 [INFO] [434/4911] Processing: 4wZ7DlNlsc0_005.flac
2026-09-17 18:32:15 [INFO]   var_db=6.4854 dB
2026-09-17 18:32:15 [INFO] [435/4911] Processing: 4wZ7DlNlsc0_006.flac
2026-09-17 18:32:16 [INFO]   var_db=6.2791 dB
2026-09-17 18:32:16 [INFO] [436/4911] Processing: 506blxP58ts_000.flac
2026-09-17 18:32:20 [INFO]   var_db=4.1741 dB
2026-09-17 18:32:20 [INFO] [437/4911] Processing: 506blxP58ts_001.flac
2026-09-17 18:32:21 [INFO]   var_db=9.4759 dB
2026-09-17 18:32:21 [INFO] [438/4911] Processing: 506blxP58ts_002.flac
2026-09-17 18:32:23 [INFO]   var_db=4.6334 dB
2026-09-17 18:32:23 [INFO] [439/4911] Processing: 506blxP58ts_003.flac
2026-09-17 18:32:24 [INFO]   var_db=7.6307 dB
2026-09-17 18:32:24 [INFO] [440/4911] Processing: 506blxP58ts_004.flac
2026-09-17 18:32:32 [INFO]   var_db=4.8128 dB
2026-09-17 18:32:32 [INFO] [441/4911] Processing: 506blxP58ts_005.flac
2026-09-17 18:32:33 [INFO]   var_db=8.0245 dB
2026-09-17 18:32:33 [INFO] [442/4911] Processing: 506blxP58ts_006.flac
2026-09-17 18:32:35 [INFO]   var_db=9.0026 dB
2026-09-17 18:32:35 [INFO] [443/4911] Processing: 506blxP58ts_007.flac
2026-09-17 18:32:37 [INFO]   var_db=23.2251 dB
2026-09-17 18:32:37 [INFO] [444/4911] Processing: 506blxP58ts_008.flac
2026-09-17 18:32:38 [INFO]   var_db=42.7124 dB
2026-09-17 18:32:38 [INFO] [445/4911] Processing: 5AOk21eO0qQ_000.flac
2026-09-17 18:32:41 [INFO]   var_db=41.0603 dB
2026-09-17 18:32:41 [INFO] [446/4911] Processing: 5AOk21eO0qQ_001.flac
2026-09-17 18:32:43 [INFO]   var_db=27.8324 dB
2026-09-17 18:32:43 [INFO] [447/4911] Processing: 5AOk21eO0qQ_002.flac
2026-09-17 18:32:45 [INFO]   var_db=17.6820 dB
2026-09-17 18:32:45 [INFO] [448/4911] Processing: 5AOk21eO0qQ_003.flac
2026-09-17 18:32:48 [INFO]   var_db=18.6660 dB
2026-09-17 18:32:48 [INFO] [449/4911] Processing: 5AOk21eO0qQ_004.flac
2026-09-17 18:32:51 [INFO]   var_db=16.4106 dB
2026-09-17 18:32:51 [INFO] [450/4911] Processing: 5AOk21eO0qQ_005.flac
2026-09-17 18:32:53 [INFO]   var_db=15.5548 dB
2026-09-17 18:32:53 [INFO] [451/4911] Processing: 5AOk21eO0qQ_006.flac
2026-09-17 18:32:56 [INFO]   var_db=14.7146 dB
2026-09-17 18:32:56 [INFO] [452/4911] Processing: 5AOk21eO0qQ_007.flac
2026-09-17 18:32:59 [INFO]   var_db=11.2217 dB
2026-09-17 18:32:59 [INFO] [453/4911] Processing: 5AOk21eO0qQ_008.flac
2026-09-17 18:33:03 [INFO]   var_db=10.5351 dB
2026-09-17 18:33:03 [INFO] [454/4911] Processing: 5AOk21eO0qQ_009.flac
2026-09-17 18:33:04 [INFO]   var_db=2.8960 dB
2026-09-17 18:33:04 [INFO] [455/4911] Processing: 5AZhNz5cx2U_000.flac
2026-09-17 18:33:11 [INFO]   var_db=10.4922 dB
2026-09-17 18:33:11 [INFO] [456/4911] Processing: 5AZhNz5cx2U_001.flac
2026-09-17 18:33:13 [INFO]   var_db=8.7317 dB
2026-09-17 18:33:13 [INFO] [457/4911] Processing: 5AZhNz5cx2U_002.flac
2026-09-17 18:33:15 [INFO]   var_db=4.5511 dB
2026-09-17 18:33:15 [INFO] [458/4911] Processing: 5AZhNz5cx2U_003.flac
2026-09-17 18:33:16 [INFO]   var_db=6.3384 dB
2026-09-17 18:33:16 [INFO] [459/4911] Processing: 5LoulL1GewE_000.flac
2026-09-17 18:33:19 [INFO]   var_db=13.5343 dB
2026-09-17 18:33:19 [INFO] [460/4911] Processing: 5LoulL1GewE_001.flac
2026-09-17 18:33:22 [INFO]   var_db=13.2666 dB
2026-09-17 18:33:22 [INFO] [461/4911] Processing: 5LoulL1GewE_002.flac
2026-09-17 18:33:25 [INFO]   var_db=3.6238 dB
2026-09-17 18:33:25 [INFO] [462/4911] Processing: 5LoulL1GewE_003.flac
2026-09-17 18:33:26 [INFO]   var_db=6.3035 dB
2026-09-17 18:33:26 [INFO] [463/4911] Processing: 5RR0aZa2rYA_000.flac
2026-09-17 18:33:28 [INFO]   var_db=24.3816 dB
2026-09-17 18:33:28 [INFO] [464/4911] Processing: 5RR0aZa2rYA_001.flac
2026-09-17 18:33:29 [INFO]   var_db=38.5321 dB
2026-09-17 18:33:29 [INFO] [465/4911] Processing: 5RR0aZa2rYA_002.flac
2026-09-17 18:33:31 [INFO]   var_db=21.8160 dB
2026-09-17 18:33:31 [INFO] [466/4911] Processing: 5RR0aZa2rYA_003.flac
2026-09-17 18:33:37 [INFO]   var_db=17.9533 dB
2026-09-17 18:33:37 [INFO] [467/4911] Processing: 5RR0aZa2rYA_004.flac
2026-09-17 18:33:43 [INFO]   var_db=14.8873 dB
2026-09-17 18:33:43 [INFO] [468/4911] Processing: 5RR0aZa2rYA_005.flac
2026-09-17 18:33:49 [INFO]   var_db=12.1680 dB
2026-09-17 18:33:49 [INFO] [469/4911] Processing: 5RR0aZa2rYA_006.flac
2026-09-17 18:33:57 [INFO]   var_db=15.3522 dB
2026-09-17 18:33:57 [INFO] [470/4911] Processing: 5RR0aZa2rYA_007.flac
2026-09-17 18:34:01 [INFO]   var_db=13.1483 dB
2026-09-17 18:34:01 [INFO] [471/4911] Processing: 5RR0aZa2rYA_008.flac
2026-09-17 18:34:03 [INFO]   var_db=15.3643 dB
2026-09-17 18:34:03 [INFO] [472/4911] Processing: 5RR0aZa2rYA_009.flac
2026-09-17 18:34:06 [INFO]   var_db=16.4723 dB
2026-09-17 18:34:06 [INFO] [473/4911] Processing: 5RR0aZa2rYA_010.flac
2026-09-17 18:34:07 [INFO]   var_db=18.9127 dB
2026-09-17 18:34:07 [INFO] [474/4911] Processing: 5RR0aZa2rYA_011.flac
2026-09-17 18:34:14 [INFO]   var_db=18.7627 dB
2026-09-17 18:34:14 [INFO] [475/4911] Processing: 5RR0aZa2rYA_012.flac
2026-09-17 18:34:21 [INFO]   var_db=15.0757 dB
2026-09-17 18:34:21 [INFO] [476/4911] Processing: 5RR0aZa2rYA_013.flac
2026-09-17 18:34:26 [INFO]   var_db=13.3775 dB
2026-09-17 18:34:26 [INFO] [477/4911] Processing: 5RR0aZa2rYA_014.flac
2026-09-17 18:34:33 [INFO]   var_db=10.6776 dB
2026-09-17 18:34:33 [INFO] [478/4911] Processing: 5RR0aZa2rYA_015.flac
2026-09-17 18:34:35 [INFO]   var_db=44.4071 dB
2026-09-17 18:34:35 [INFO] [479/4911] Processing: 5T2Qgn2fXJQ_000.flac
2026-09-17 18:34:38 [INFO]   var_db=42.3247 dB
2026-09-17 18:34:38 [INFO] [480/4911] Processing: 5T2Qgn2fXJQ_001.flac
2026-09-17 18:34:40 [INFO]   var_db=43.1236 dB
2026-09-17 18:34:40 [INFO] [481/4911] Processing: 5T2Qgn2fXJQ_002.flac
2026-09-17 18:34:45 [INFO]   var_db=7.4407 dB
2026-09-17 18:34:45 [INFO] [482/4911] Processing: 5T2Qgn2fXJQ_003.flac
2026-09-17 18:34:47 [INFO]   var_db=9.8848 dB
2026-09-17 18:34:47 [INFO] [483/4911] Processing: 5T2Qgn2fXJQ_004.flac
2026-09-17 18:34:49 [INFO]   var_db=7.1475 dB
2026-09-17 18:34:49 [INFO] [484/4911] Processing: 5T2Qgn2fXJQ_005.flac
2026-09-17 18:34:52 [INFO]   var_db=8.2241 dB
2026-09-17 18:34:52 [INFO] [485/4911] Processing: 5T2Qgn2fXJQ_006.flac
2026-09-17 18:34:54 [INFO]   var_db=7.5989 dB
2026-09-17 18:34:54 [INFO] [486/4911] Processing: 5T2Qgn2fXJQ_007.flac
2026-09-17 18:35:00 [INFO]   var_db=4.9767 dB
2026-09-17 18:35:00 [INFO] [487/4911] Processing: 5T2Qgn2fXJQ_008.flac
2026-09-17 18:35:03 [INFO]   var_db=7.4448 dB
2026-09-17 18:35:03 [INFO] [488/4911] Processing: 5T2Qgn2fXJQ_009.flac
2026-09-17 18:35:06 [INFO]   var_db=7.4010 dB
2026-09-17 18:35:06 [INFO] [489/4911] Processing: 5T2Qgn2fXJQ_010.flac
2026-09-17 18:35:09 [INFO]   var_db=0.6390 dB
2026-09-17 18:35:09 [INFO] [490/4911] Processing: 5T2Qgn2fXJQ_011.flac
2026-09-17 18:35:12 [INFO]   var_db=20.7251 dB
2026-09-17 18:35:12 [INFO] [491/4911] Processing: 5T2Qgn2fXJQ_012.flac
2026-09-17 18:35:13 [INFO]   var_db=42.5647 dB
2026-09-17 18:35:13 [INFO] [492/4911] Processing: 5V8WhI7pCx8_000.flac
2026-09-17 18:35:14 [INFO]   var_db=-27.5087 dB
2026-09-17 18:35:14 [INFO] [493/4911] Processing: 5V8WhI7pCx8_001.flac
2026-09-17 18:35:20 [INFO]   var_db=18.6177 dB
2026-09-17 18:35:20 [INFO] [494/4911] Processing: 5V8WhI7pCx8_002.flac
2026-09-17 18:35:25 [INFO]   var_db=10.5669 dB
2026-09-17 18:35:25 [INFO] [495/4911] Processing: 5V8WhI7pCx8_003.flac
2026-09-17 18:35:32 [INFO]   var_db=42.2940 dB
2026-09-17 18:35:32 [INFO] [496/4911] Processing: 5V8WhI7pCx8_004.flac
2026-09-17 18:35:35 [INFO]   var_db=37.7579 dB
2026-09-17 18:35:35 [INFO] [497/4911] Processing: 5V8WhI7pCx8_005.flac
2026-09-17 18:35:38 [INFO]   var_db=39.1698 dB
2026-09-17 18:35:38 [INFO] [498/4911] Processing: 5V8WhI7pCx8_006.flac
2026-09-17 18:35:39 [INFO]   var_db=13.3527 dB
2026-09-17 18:35:39 [INFO] [499/4911] Processing: 5V8WhI7pCx8_007.flac
2026-09-17 18:35:40 [INFO]   var_db=45.6846 dB
2026-09-17 18:35:40 [INFO] [500/4911] Processing: 5V8WhI7pCx8_008.flac
2026-09-17 18:35:41 [INFO]   var_db=35.0187 dB
2026-09-17 18:35:41 [INFO] [501/4911] Processing: 5V8WhI7pCx8_009.flac
2026-09-17 18:35:43 [INFO]   var_db=43.3279 dB
2026-09-17 18:35:43 [INFO] [502/4911] Processing: 5V8WhI7pCx8_010.flac
2026-09-17 18:35:47 [INFO]   var_db=16.6425 dB
2026-09-17 18:35:47 [INFO] [503/4911] Processing: 5V8WhI7pCx8_011.flac
2026-09-17 18:35:48 [INFO]   var_db=3.1923 dB
2026-09-17 18:35:48 [INFO] [504/4911] Processing: 5V8WhI7pCx8_012.flac
2026-09-17 18:35:49 [INFO]   var_db=14.2180 dB
2026-09-17 18:35:49 [INFO] [505/4911] Processing: 5V8WhI7pCx8_013.flac
2026-09-17 18:35:50 [INFO]   var_db=16.3880 dB
2026-09-17 18:35:50 [INFO] [506/4911] Processing: 5V8WhI7pCx8_014.flac
2026-09-17 18:35:54 [INFO]   var_db=13.5769 dB
2026-09-17 18:35:54 [INFO] [507/4911] Processing: 5V8WhI7pCx8_015.flac
2026-09-17 18:35:55 [INFO]   var_db=30.3633 dB
2026-09-17 18:35:55 [INFO] [508/4911] Processing: 5V8WhI7pCx8_016.flac
2026-09-17 18:35:57 [INFO]   var_db=19.1149 dB
2026-09-17 18:35:57 [INFO] [509/4911] Processing: 5V8WhI7pCx8_017.flac
2026-09-17 18:35:59 [INFO]   var_db=3.5890 dB
2026-09-17 18:35:59 [INFO] [510/4911] Processing: 5V8WhI7pCx8_018.flac
2026-09-17 18:36:00 [INFO]   var_db=6.2422 dB
2026-09-17 18:36:00 [INFO] [511/4911] Processing: 5X3tKt091aE_000.flac
2026-09-17 18:36:04 [INFO]   var_db=41.6073 dB
2026-09-17 18:36:04 [INFO] [512/4911] Processing: 5X3tKt091aE_001.flac
2026-09-17 18:36:05 [INFO]   var_db=39.5974 dB
2026-09-17 18:36:05 [INFO] [513/4911] Processing: 5X3tKt091aE_002.flac
2026-09-17 18:36:12 [INFO]   var_db=40.4034 dB
2026-09-17 18:36:12 [INFO] [514/4911] Processing: 5X3tKt091aE_003.flac
2026-09-17 18:36:13 [INFO]   var_db=34.6766 dB
2026-09-17 18:36:13 [INFO] [515/4911] Processing: 5X3tKt091aE_004.flac
2026-09-17 18:36:16 [INFO]   var_db=38.2992 dB
2026-09-17 18:36:16 [INFO] [516/4911] Processing: 5X3tKt091aE_005.flac
2026-09-17 18:36:20 [INFO]   var_db=7.6285 dB
2026-09-17 18:36:20 [INFO] [517/4911] Processing: 5X3tKt091aE_006.flac
2026-09-17 18:36:23 [INFO]   var_db=8.5417 dB
2026-09-17 18:36:23 [INFO] [518/4911] Processing: 5X3tKt091aE_007.flac
2026-09-17 18:36:26 [INFO]   var_db=8.5253 dB
2026-09-17 18:36:26 [INFO] [519/4911] Processing: 5X3tKt091aE_008.flac
2026-09-17 18:36:30 [INFO]   var_db=12.5716 dB
2026-09-17 18:36:30 [INFO] [520/4911] Processing: 5X3tKt091aE_009.flac
2026-09-17 18:36:33 [INFO]   var_db=3.4856 dB
2026-09-17 18:36:33 [INFO] [521/4911] Processing: 5X3tKt091aE_010.flac
2026-09-17 18:36:34 [INFO]   var_db=6.2751 dB
2026-09-17 18:36:34 [INFO] [522/4911] Processing: 5_K4QNe6E6o_000.flac
2026-09-17 18:36:35 [INFO]   var_db=43.8217 dB
2026-09-17 18:36:35 [INFO] [523/4911] Processing: 5_K4QNe6E6o_001.flac
2026-09-17 18:36:36 [INFO]   var_db=40.5696 dB
2026-09-17 18:36:36 [INFO] [524/4911] Processing: 5_K4QNe6E6o_002.flac
2026-09-17 18:36:40 [INFO]   var_db=17.2634 dB
2026-09-17 18:36:40 [INFO] [525/4911] Processing: 5_K4QNe6E6o_003.flac
2026-09-17 18:36:42 [INFO]   var_db=12.5309 dB
2026-09-17 18:36:42 [INFO] [526/4911] Processing: 5_K4QNe6E6o_004.flac
2026-09-17 18:36:44 [INFO]   var_db=6.6042 dB
2026-09-17 18:36:44 [INFO] [527/4911] Processing: 5_K4QNe6E6o_005.flac
2026-09-17 18:36:46 [INFO]   var_db=8.6063 dB
2026-09-17 18:36:46 [INFO] [528/4911] Processing: 5_K4QNe6E6o_006.flac
2026-09-17 18:36:47 [INFO]   var_db=7.9557 dB
2026-09-17 18:36:47 [INFO] [529/4911] Processing: 5_K4QNe6E6o_007.flac
2026-09-17 18:36:49 [INFO]   var_db=5.7988 dB
2026-09-17 18:36:49 [INFO] [530/4911] Processing: 5_K4QNe6E6o_008.flac
2026-09-17 18:36:51 [INFO]   var_db=10.1413 dB
2026-09-17 18:36:51 [INFO] [531/4911] Processing: 5_K4QNe6E6o_009.flac
2026-09-17 18:36:52 [INFO]   var_db=13.8093 dB
2026-09-17 18:36:52 [INFO] [532/4911] Processing: 5_K4QNe6E6o_010.flac
2026-09-17 18:36:54 [INFO]   var_db=9.5468 dB
2026-09-17 18:36:54 [INFO] [533/4911] Processing: 5_K4QNe6E6o_011.flac
2026-09-17 18:36:55 [INFO]   var_db=9.2476 dB
2026-09-17 18:36:55 [INFO] [534/4911] Processing: 5_K4QNe6E6o_012.flac
2026-09-17 18:36:58 [INFO]   var_db=20.3966 dB
2026-09-17 18:36:58 [INFO] [535/4911] Processing: 5_K4QNe6E6o_013.flac
2026-09-17 18:36:59 [INFO]   var_db=42.8205 dB
2026-09-17 18:36:59 [INFO] [536/4911] Processing: 5cfJTCXcEw0_000.flac
2026-09-17 18:37:03 [INFO]   var_db=16.3336 dB
2026-09-17 18:37:03 [INFO] [537/4911] Processing: 5cfJTCXcEw0_001.flac
2026-09-17 18:37:11 [INFO]   var_db=11.1842 dB
2026-09-17 18:37:11 [INFO] [538/4911] Processing: 5cfJTCXcEw0_002.flac
2026-09-17 18:37:18 [INFO]   var_db=6.3432 dB
2026-09-17 18:37:18 [INFO] [539/4911] Processing: 5cfJTCXcEw0_003.flac
2026-09-17 18:37:19 [INFO]   var_db=6.2750 dB
2026-09-17 18:37:19 [INFO] [540/4911] Processing: 5hG8TnYMs60_000.flac
2026-09-17 18:37:22 [INFO]   var_db=44.2172 dB
2026-09-17 18:37:22 [INFO] [541/4911] Processing: 5hG8TnYMs60_001.flac
2026-09-17 18:37:24 [INFO]   var_db=18.2577 dB
2026-09-17 18:37:24 [INFO] [542/4911] Processing: 5hG8TnYMs60_002.flac
2026-09-17 18:37:26 [INFO]   var_db=13.0549 dB
2026-09-17 18:37:26 [INFO] [543/4911] Processing: 5hG8TnYMs60_003.flac
2026-09-17 18:37:28 [INFO]   var_db=15.9859 dB
2026-09-17 18:37:28 [INFO] [544/4911] Processing: 5hG8TnYMs60_004.flac
2026-09-17 18:37:30 [INFO]   var_db=11.8010 dB
2026-09-17 18:37:30 [INFO] [545/4911] Processing: 5hG8TnYMs60_005.flac
2026-09-17 18:37:32 [INFO]   var_db=16.7081 dB
2026-09-17 18:37:32 [INFO] [546/4911] Processing: 5hG8TnYMs60_006.flac
2026-09-17 18:37:35 [INFO]   var_db=12.4359 dB
2026-09-17 18:37:35 [INFO] [547/4911] Processing: 5hG8TnYMs60_007.flac
2026-09-17 18:37:41 [INFO]   var_db=15.5688 dB
2026-09-17 18:37:41 [INFO] [548/4911] Processing: 5hG8TnYMs60_008.flac
2026-09-17 18:37:44 [INFO]   var_db=12.9190 dB
2026-09-17 18:37:44 [INFO] [549/4911] Processing: 5hG8TnYMs60_009.flac
2026-09-17 18:37:45 [INFO]   var_db=12.0962 dB
2026-09-17 18:37:45 [INFO] [550/4911] Processing: 5hG8TnYMs60_010.flac
2026-09-17 18:37:47 [INFO]   var_db=17.5044 dB
2026-09-17 18:37:47 [INFO] [551/4911] Processing: 5hG8TnYMs60_011.flac
2026-09-17 18:37:49 [INFO]   var_db=14.8678 dB
2026-09-17 18:37:49 [INFO] [552/4911] Processing: 5hG8TnYMs60_012.flac
2026-09-17 18:37:54 [INFO]   var_db=15.0148 dB
2026-09-17 18:37:54 [INFO] [553/4911] Processing: 5hG8TnYMs60_013.flac
2026-09-17 18:37:56 [INFO]   var_db=12.8460 dB
2026-09-17 18:37:56 [INFO] [554/4911] Processing: 5hG8TnYMs60_014.flac
2026-09-17 18:37:57 [INFO]   var_db=19.5868 dB
2026-09-17 18:37:57 [INFO] [555/4911] Processing: 5hG8TnYMs60_015.flac
2026-09-17 18:37:58 [INFO]   var_db=12.1657 dB
2026-09-17 18:37:58 [INFO] [556/4911] Processing: 5hG8TnYMs60_016.flac
2026-09-17 18:37:59 [INFO]   var_db=17.8962 dB
2026-09-17 18:37:59 [INFO] [557/4911] Processing: 5hG8TnYMs60_017.flac
2026-09-17 18:38:00 [INFO]   var_db=16.2064 dB
2026-09-17 18:38:00 [INFO] [558/4911] Processing: 5hG8TnYMs60_018.flac
2026-09-17 18:38:02 [INFO]   var_db=17.9695 dB
2026-09-17 18:38:02 [INFO] [559/4911] Processing: 5hG8TnYMs60_019.flac
2026-09-17 18:38:04 [INFO]   var_db=17.4813 dB
2026-09-17 18:38:04 [INFO] [560/4911] Processing: 5hG8TnYMs60_020.flac
2026-09-17 18:38:08 [INFO]   var_db=18.2618 dB
2026-09-17 18:38:08 [INFO] [561/4911] Processing: 5hG8TnYMs60_021.flac
2026-09-17 18:38:11 [INFO]   var_db=20.7037 dB
2026-09-17 18:38:11 [INFO] [562/4911] Processing: 5hG8TnYMs60_022.flac
2026-09-17 18:38:13 [INFO]   var_db=21.6672 dB
2026-09-17 18:38:13 [INFO] [563/4911] Processing: 5hG8TnYMs60_023.flac
2026-09-17 18:38:14 [INFO]   var_db=42.9917 dB
2026-09-17 18:38:14 [INFO] [564/4911] Processing: 5ihVDACK8xo_000.flac
2026-09-17 18:38:20 [INFO]   var_db=19.1059 dB
2026-09-17 18:38:20 [INFO] [565/4911] Processing: 5ihVDACK8xo_001.flac
2026-09-17 18:38:27 [INFO]   var_db=19.2371 dB
2026-09-17 18:38:27 [INFO] [566/4911] Processing: 5ihVDACK8xo_002.flac
2026-09-17 18:38:34 [INFO]   var_db=16.8059 dB
2026-09-17 18:38:34 [INFO] [567/4911] Processing: 5ihVDACK8xo_003.flac
2026-09-17 18:38:35 [INFO]   var_db=19.7972 dB
2026-09-17 18:38:35 [INFO] [568/4911] Processing: 5ihVDACK8xo_004.flac
2026-09-17 18:38:37 [INFO]   var_db=42.4990 dB
2026-09-17 18:38:37 [INFO] [569/4911] Processing: 5j651zUx6q4_000.flac
2026-09-17 18:38:38 [INFO]   var_db=34.1383 dB
2026-09-17 18:38:38 [INFO] [570/4911] Processing: 5j651zUx6q4_001.flac
2026-09-17 18:38:39 [INFO]   var_db=14.2234 dB
2026-09-17 18:38:39 [INFO] [571/4911] Processing: 5j651zUx6q4_002.flac
2026-09-17 18:38:40 [INFO]   var_db=16.6985 dB
2026-09-17 18:38:40 [INFO] [572/4911] Processing: 5j651zUx6q4_003.flac
2026-09-17 18:38:41 [INFO]   var_db=7.2668 dB
2026-09-17 18:38:41 [INFO] [573/4911] Processing: 5j651zUx6q4_004.flac
2026-09-17 18:38:44 [INFO]   var_db=11.1442 dB
2026-09-17 18:38:44 [INFO] [574/4911] Processing: 5j651zUx6q4_005.flac
2026-09-17 18:38:45 [INFO]   var_db=10.9267 dB
2026-09-17 18:38:45 [INFO] [575/4911] Processing: 5j651zUx6q4_006.flac
2026-09-17 18:38:46 [INFO]   var_db=4.2723 dB
2026-09-17 18:38:46 [INFO] [576/4911] Processing: 5j651zUx6q4_007.flac
2026-09-17 18:38:47 [INFO]   var_db=3.7699 dB
2026-09-17 18:38:47 [INFO] [577/4911] Processing: 5j651zUx6q4_008.flac
2026-09-17 18:38:50 [INFO]   var_db=8.3807 dB
2026-09-17 18:38:50 [INFO] [578/4911] Processing: 5j651zUx6q4_009.flac
2026-09-17 18:38:51 [INFO]   var_db=47.9242 dB
2026-09-17 18:38:51 [INFO] [579/4911] Processing: 5j651zUx6q4_010.flac
2026-09-17 18:38:54 [INFO]   var_db=43.4471 dB
2026-09-17 18:38:54 [INFO] [580/4911] Processing: 5j651zUx6q4_011.flac
2026-09-17 18:38:55 [INFO]   var_db=39.7515 dB
2026-09-17 18:38:55 [INFO] [581/4911] Processing: 5j651zUx6q4_012.flac
2026-09-17 18:38:56 [INFO]   var_db=48.1317 dB
2026-09-17 18:38:56 [INFO] [582/4911] Processing: 5j651zUx6q4_013.flac
2026-09-17 18:38:57 [INFO]   var_db=31.2960 dB
2026-09-17 18:38:57 [INFO] [583/4911] Processing: 5j651zUx6q4_014.flac
2026-09-17 18:39:04 [INFO]   var_db=14.6060 dB
2026-09-17 18:39:04 [INFO] [584/4911] Processing: 5j651zUx6q4_015.flac
2026-09-17 18:39:10 [INFO]   var_db=7.2814 dB
2026-09-17 18:39:10 [INFO] [585/4911] Processing: 5j651zUx6q4_016.flac
2026-09-17 18:39:12 [INFO]   var_db=6.3066 dB
2026-09-17 18:39:12 [INFO] [586/4911] Processing: 5o1doRRWOUA_000.flac
2026-09-17 18:39:15 [INFO]   var_db=5.2770 dB
2026-09-17 18:39:15 [INFO] [587/4911] Processing: 5o1doRRWOUA_001.flac
2026-09-17 18:39:17 [INFO]   var_db=4.6883 dB
2026-09-17 18:39:17 [INFO] [588/4911] Processing: 5o1doRRWOUA_002.flac
2026-09-17 18:39:21 [INFO]   var_db=3.2731 dB
2026-09-17 18:39:21 [INFO] [589/4911] Processing: 5o1doRRWOUA_003.flac
2026-09-17 18:39:24 [INFO]   var_db=8.0952 dB
2026-09-17 18:39:24 [INFO] [590/4911] Processing: 5o1doRRWOUA_004.flac
2026-09-17 18:39:27 [INFO]   var_db=22.1306 dB
2026-09-17 18:39:27 [INFO] [591/4911] Processing: 5o1doRRWOUA_005.flac
2026-09-17 18:39:28 [INFO]   var_db=42.4342 dB
2026-09-17 18:39:28 [INFO] [592/4911] Processing: 5p4bNH4gnH0_000.flac
2026-09-17 18:39:35 [INFO]   var_db=11.9452 dB
2026-09-17 18:39:35 [INFO] [593/4911] Processing: 5p4bNH4gnH0_001.flac
2026-09-17 18:39:42 [INFO]   var_db=7.7533 dB
2026-09-17 18:39:42 [INFO] [594/4911] Processing: 5p4bNH4gnH0_002.flac
2026-09-17 18:39:48 [INFO]   var_db=12.9748 dB
2026-09-17 18:39:48 [INFO] [595/4911] Processing: 5p4bNH4gnH0_003.flac
2026-09-17 18:39:52 [INFO]   var_db=4.9129 dB
2026-09-17 18:39:52 [INFO] [596/4911] Processing: 5p4bNH4gnH0_004.flac
2026-09-17 18:39:54 [INFO]   var_db=6.3173 dB
2026-09-17 18:39:54 [INFO] [597/4911] Processing: 5wSWQYFvHwk_000.flac
2026-09-17 18:39:58 [INFO]   var_db=16.5168 dB
2026-09-17 18:39:58 [INFO] [598/4911] Processing: 5wSWQYFvHwk_001.flac
2026-09-17 18:40:02 [INFO]   var_db=7.7989 dB
2026-09-17 18:40:02 [INFO] [599/4911] Processing: 5wSWQYFvHwk_002.flac
2026-09-17 18:40:06 [INFO]   var_db=6.2878 dB
2026-09-17 18:40:06 [INFO] [600/4911] Processing: 5wSWQYFvHwk_003.flac
2026-09-17 18:40:07 [INFO]   var_db=6.3738 dB
2026-09-17 18:40:07 [INFO] [601/4911] Processing: 5y6wjeJR5Cg_000.flac
2026-09-17 18:40:12 [INFO]   var_db=9.3499 dB
2026-09-17 18:40:12 [INFO] [602/4911] Processing: 5y6wjeJR5Cg_001.flac
2026-09-17 18:40:16 [INFO]   var_db=5.9877 dB
2026-09-17 18:40:16 [INFO] [603/4911] Processing: 5y6wjeJR5Cg_002.flac
2026-09-17 18:40:17 [INFO]   var_db=6.3023 dB
2026-09-17 18:40:17 [INFO] [604/4911] Processing: 6-mh40eytMI_000.flac
2026-09-17 18:40:23 [INFO]   var_db=10.9549 dB
2026-09-17 18:40:23 [INFO] [605/4911] Processing: 6-mh40eytMI_001.flac
2026-09-17 18:40:25 [INFO]   var_db=16.0972 dB
2026-09-17 18:40:25 [INFO] [606/4911] Processing: 6-mh40eytMI_002.flac
2026-09-17 18:40:27 [INFO]   var_db=3.6147 dB
2026-09-17 18:40:27 [INFO] [607/4911] Processing: 6-mh40eytMI_003.flac
2026-09-17 18:40:28 [INFO]   var_db=6.2591 dB
2026-09-17 18:40:28 [INFO] [608/4911] Processing: 67euLhPd3ro_000.flac
2026-09-17 18:40:33 [INFO]   var_db=12.1158 dB
2026-09-17 18:40:33 [INFO] [609/4911] Processing: 67euLhPd3ro_001.flac
2026-09-17 18:40:34 [INFO]   var_db=5.0435 dB
2026-09-17 18:40:34 [INFO] [610/4911] Processing: 67euLhPd3ro_002.flac
2026-09-17 18:40:36 [INFO]   var_db=6.4375 dB
2026-09-17 18:40:36 [INFO] [611/4911] Processing: 6DmMwkK_tSo_000.flac
2026-09-17 18:40:39 [INFO]   var_db=43.7718 dB
2026-09-17 18:40:39 [INFO] [612/4911] Processing: 6DmMwkK_tSo_001.flac
2026-09-17 18:40:41 [INFO]   var_db=26.3087 dB
2026-09-17 18:40:41 [INFO] [613/4911] Processing: 6DmMwkK_tSo_002.flac
2026-09-17 18:40:49 [INFO]   var_db=35.7669 dB
2026-09-17 18:40:49 [INFO] [614/4911] Processing: 6DmMwkK_tSo_003.flac
2026-09-17 18:40:55 [INFO]   var_db=31.8664 dB
2026-09-17 18:40:55 [INFO] [615/4911] Processing: 6DmMwkK_tSo_004.flac
2026-09-17 18:40:56 [INFO]   var_db=43.0438 dB
2026-09-17 18:40:56 [INFO] [616/4911] Processing: 6E6uYzwHRcg_000.flac
2026-09-17 18:40:57 [INFO]   var_db=41.6896 dB
2026-09-17 18:40:57 [INFO] [617/4911] Processing: 6E6uYzwHRcg_001.flac
2026-09-17 18:41:00 [INFO]   var_db=14.5476 dB
2026-09-17 18:41:00 [INFO] [618/4911] Processing: 6E6uYzwHRcg_002.flac
2026-09-17 18:41:01 [INFO]   var_db=14.6621 dB
2026-09-17 18:41:01 [INFO] [619/4911] Processing: 6E6uYzwHRcg_003.flac
2026-09-17 18:41:02 [INFO]   var_db=15.7793 dB
2026-09-17 18:41:02 [INFO] [620/4911] Processing: 6E6uYzwHRcg_004.flac
2026-09-17 18:41:05 [INFO]   var_db=12.6724 dB
2026-09-17 18:41:05 [INFO] [621/4911] Processing: 6E6uYzwHRcg_005.flac
2026-09-17 18:41:06 [INFO]   var_db=17.8356 dB
2026-09-17 18:41:06 [INFO] [622/4911] Processing: 6E6uYzwHRcg_006.flac
2026-09-17 18:41:07 [INFO]   var_db=21.2277 dB
2026-09-17 18:41:07 [INFO] [623/4911] Processing: 6E6uYzwHRcg_007.flac
2026-09-17 18:41:08 [INFO]   var_db=20.7158 dB
2026-09-17 18:41:08 [INFO] [624/4911] Processing: 6E6uYzwHRcg_008.flac
2026-09-17 18:41:10 [INFO]   var_db=24.5949 dB
2026-09-17 18:41:10 [INFO] [625/4911] Processing: 6E6uYzwHRcg_009.flac
2026-09-17 18:41:11 [INFO]   var_db=18.4149 dB
2026-09-17 18:41:11 [INFO] [626/4911] Processing: 6E6uYzwHRcg_010.flac
2026-09-17 18:41:12 [INFO]   var_db=18.7989 dB
2026-09-17 18:41:12 [INFO] [627/4911] Processing: 6E6uYzwHRcg_011.flac
2026-09-17 18:41:16 [INFO]   var_db=16.5017 dB
2026-09-17 18:41:16 [INFO] [628/4911] Processing: 6E6uYzwHRcg_012.flac
2026-09-17 18:41:19 [INFO]   var_db=14.0503 dB
2026-09-17 18:41:19 [INFO] [629/4911] Processing: 6E6uYzwHRcg_013.flac
2026-09-17 18:41:21 [INFO]   var_db=21.9310 dB
2026-09-17 18:41:21 [INFO] [630/4911] Processing: 6E6uYzwHRcg_014.flac
2026-09-17 18:41:23 [INFO]   var_db=16.1082 dB
2026-09-17 18:41:23 [INFO] [631/4911] Processing: 6E6uYzwHRcg_015.flac
2026-09-17 18:41:26 [INFO]   var_db=16.6206 dB
2026-09-17 18:41:26 [INFO] [632/4911] Processing: 6E6uYzwHRcg_016.flac
2026-09-17 18:41:28 [INFO]   var_db=14.4873 dB
2026-09-17 18:41:28 [INFO] [633/4911] Processing: 6E6uYzwHRcg_017.flac
2026-09-17 18:41:30 [INFO]   var_db=18.4144 dB
2026-09-17 18:41:30 [INFO] [634/4911] Processing: 6E6uYzwHRcg_018.flac
2026-09-17 18:41:33 [INFO]   var_db=15.3506 dB
2026-09-17 18:41:33 [INFO] [635/4911] Processing: 6E6uYzwHRcg_019.flac
2026-09-17 18:41:35 [INFO]   var_db=13.7124 dB
2026-09-17 18:41:35 [INFO] [636/4911] Processing: 6E6uYzwHRcg_020.flac
2026-09-17 18:41:37 [INFO]   var_db=16.7105 dB
2026-09-17 18:41:37 [INFO] [637/4911] Processing: 6E6uYzwHRcg_021.flac
2026-09-17 18:41:39 [INFO]   var_db=19.6263 dB
2026-09-17 18:41:39 [INFO] [638/4911] Processing: 6E6uYzwHRcg_022.flac
2026-09-17 18:41:42 [INFO]   var_db=17.9804 dB
2026-09-17 18:41:42 [INFO] [639/4911] Processing: 6E6uYzwHRcg_023.flac
2026-09-17 18:41:44 [INFO]   var_db=19.6220 dB
2026-09-17 18:41:44 [INFO] [640/4911] Processing: 6E6uYzwHRcg_024.flac
2026-09-17 18:41:47 [INFO]   var_db=21.9786 dB
2026-09-17 18:41:47 [INFO] [641/4911] Processing: 6E6uYzwHRcg_025.flac
2026-09-17 18:41:50 [INFO]   var_db=14.7359 dB
2026-09-17 18:41:50 [INFO] [642/4911] Processing: 6E6uYzwHRcg_026.flac
2026-09-17 18:41:52 [INFO]   var_db=21.4245 dB
2026-09-17 18:41:52 [INFO] [643/4911] Processing: 6E6uYzwHRcg_027.flac
2026-09-17 18:41:53 [INFO]   var_db=42.8937 dB
2026-09-17 18:41:53 [INFO] [644/4911] Processing: 6IsyZ4tTrp8_000.flac
2026-09-17 18:41:55 [INFO]   var_db=11.2051 dB
2026-09-17 18:41:55 [INFO] [645/4911] Processing: 6IsyZ4tTrp8_001.flac
2026-09-17 18:41:56 [INFO]   var_db=8.9177 dB
2026-09-17 18:41:56 [INFO] [646/4911] Processing: 6IsyZ4tTrp8_002.flac
2026-09-17 18:42:00 [INFO]   var_db=5.3522 dB
2026-09-17 18:42:00 [INFO] [647/4911] Processing: 6IsyZ4tTrp8_003.flac
2026-09-17 18:42:01 [INFO]   var_db=6.2186 dB
2026-09-17 18:42:01 [INFO] [648/4911] Processing: 6SwkF4lY6gI_000.flac
2026-09-17 18:42:04 [INFO]   var_db=11.0766 dB
2026-09-17 18:42:04 [INFO] [649/4911] Processing: 6SwkF4lY6gI_001.flac
2026-09-17 18:42:09 [INFO]   var_db=15.0910 dB
2026-09-17 18:42:09 [INFO] [650/4911] Processing: 6SwkF4lY6gI_002.flac
2026-09-17 18:42:13 [INFO]   var_db=23.8472 dB
2026-09-17 18:42:13 [INFO] [651/4911] Processing: 6SwkF4lY6gI_003.flac
2026-09-17 18:42:14 [INFO]   var_db=8.3239 dB
2026-09-17 18:42:14 [INFO] [652/4911] Processing: 6SwkF4lY6gI_004.flac
2026-09-17 18:42:18 [INFO]   var_db=28.5747 dB
2026-09-17 18:42:18 [INFO] [653/4911] Processing: 6SwkF4lY6gI_005.flac
2026-09-17 18:42:20 [INFO]   var_db=43.7486 dB
2026-09-17 18:42:20 [INFO] [654/4911] Processing: 6SwkF4lY6gI_006.flac
2026-09-17 18:42:22 [INFO]   var_db=36.3887 dB
2026-09-17 18:42:22 [INFO] [655/4911] Processing: 6SwkF4lY6gI_007.flac
2026-09-17 18:42:24 [INFO]   var_db=44.0223 dB
2026-09-17 18:42:24 [INFO] [656/4911] Processing: 6SwkF4lY6gI_008.flac
2026-09-17 18:42:26 [INFO]   var_db=45.2672 dB
2026-09-17 18:42:26 [INFO] [657/4911] Processing: 6SwkF4lY6gI_009.flac
2026-09-17 18:42:28 [INFO]   var_db=44.3456 dB
2026-09-17 18:42:28 [INFO] [658/4911] Processing: 6SwkF4lY6gI_010.flac
2026-09-17 18:42:32 [INFO]   var_db=42.6433 dB
2026-09-17 18:42:32 [INFO] [659/4911] Processing: 6SwkF4lY6gI_011.flac
2026-09-17 18:42:37 [INFO]   var_db=40.0792 dB
2026-09-17 18:42:37 [INFO] [660/4911] Processing: 6SwkF4lY6gI_012.flac
2026-09-17 18:42:45 [INFO]   var_db=6.9117 dB
2026-09-17 18:42:45 [INFO] [661/4911] Processing: 6SwkF4lY6gI_013.flac
2026-09-17 18:42:46 [INFO]   var_db=6.2926 dB
2026-09-17 18:42:46 [INFO] [662/4911] Processing: 6b_trwoU-Bs_000.flac
2026-09-17 18:42:53 [INFO]   var_db=9.7894 dB
2026-09-17 18:42:53 [INFO] [663/4911] Processing: 6b_trwoU-Bs_001.flac
2026-09-17 18:42:59 [INFO]   var_db=14.5357 dB
2026-09-17 18:42:59 [INFO] [664/4911] Processing: 6b_trwoU-Bs_002.flac
2026-09-17 18:43:00 [INFO]   var_db=23.4278 dB
2026-09-17 18:43:00 [INFO] [665/4911] Processing: 6b_trwoU-Bs_003.flac
2026-09-17 18:43:02 [INFO]   var_db=3.2640 dB
2026-09-17 18:43:02 [INFO] [666/4911] Processing: 6b_trwoU-Bs_004.flac
2026-09-17 18:43:04 [INFO]   var_db=6.2880 dB
2026-09-17 18:43:04 [INFO] [667/4911] Processing: 6klshR-YtEw_000.flac
2026-09-17 18:43:10 [INFO]   var_db=12.3913 dB
2026-09-17 18:43:10 [INFO] [668/4911] Processing: 6klshR-YtEw_001.flac
2026-09-17 18:43:13 [INFO]   var_db=11.6953 dB
2026-09-17 18:43:13 [INFO] [669/4911] Processing: 6klshR-YtEw_002.flac
2026-09-17 18:43:15 [INFO]   var_db=-8.1783 dB
2026-09-17 18:43:15 [INFO] [670/4911] Processing: 6klshR-YtEw_003.flac
2026-09-17 18:43:17 [INFO]   var_db=-4.9328 dB
2026-09-17 18:43:17 [INFO] [671/4911] Processing: 6klshR-YtEw_004.flac
2026-09-17 18:43:18 [INFO]   var_db=0.2928 dB
2026-09-17 18:43:18 [INFO] [672/4911] Processing: 6klshR-YtEw_005.flac
2026-09-17 18:43:19 [INFO]   var_db=23.9890 dB
2026-09-17 18:43:19 [INFO] [673/4911] Processing: 6klshR-YtEw_006.flac
2026-09-17 18:43:22 [INFO]   var_db=-2.2391 dB
2026-09-17 18:43:22 [INFO] [674/4911] Processing: 6klshR-YtEw_007.flac
2026-09-17 18:43:24 [INFO]   var_db=42.4451 dB
2026-09-17 18:43:24 [INFO] [675/4911] Processing: 6klshR-YtEw_008.flac
2026-09-17 18:43:26 [INFO]   var_db=45.7631 dB
2026-09-17 18:43:26 [INFO] [676/4911] Processing: 6klshR-YtEw_009.flac
2026-09-17 18:43:27 [INFO]   var_db=44.1319 dB
2026-09-17 18:43:27 [INFO] [677/4911] Processing: 6klshR-YtEw_010.flac
2026-09-17 18:43:30 [INFO]   var_db=42.6165 dB
2026-09-17 18:43:30 [INFO] [678/4911] Processing: 6klshR-YtEw_011.flac
2026-09-17 18:43:32 [INFO]   var_db=44.9406 dB
2026-09-17 18:43:32 [INFO] [679/4911] Processing: 6klshR-YtEw_012.flac
2026-09-17 18:43:33 [INFO]   var_db=44.3772 dB
2026-09-17 18:43:33 [INFO] [680/4911] Processing: 6klshR-YtEw_013.flac
2026-09-17 18:43:40 [INFO]   var_db=45.6776 dB
2026-09-17 18:43:40 [INFO] [681/4911] Processing: 6klshR-YtEw_014.flac
2026-09-17 18:43:41 [INFO]   var_db=46.3631 dB
2026-09-17 18:43:41 [INFO] [682/4911] Processing: 6klshR-YtEw_015.flac
2026-09-17 18:43:42 [INFO]   var_db=44.6004 dB
2026-09-17 18:43:42 [INFO] [683/4911] Processing: 6klshR-YtEw_016.flac
2026-09-17 18:43:47 [INFO]   var_db=43.7848 dB
2026-09-17 18:43:47 [INFO] [684/4911] Processing: 6klshR-YtEw_017.flac
2026-09-17 18:43:49 [INFO]   var_db=3.3738 dB
2026-09-17 18:43:49 [INFO] [685/4911] Processing: 6klshR-YtEw_018.flac
2026-09-17 18:43:50 [INFO]   var_db=6.3306 dB
2026-09-17 18:43:50 [INFO] [686/4911] Processing: 6kxnMsvfArE_000.flac
2026-09-17 18:43:53 [INFO]   var_db=13.8217 dB
2026-09-17 18:43:53 [INFO] [687/4911] Processing: 6kxnMsvfArE_001.flac
2026-09-17 18:43:58 [INFO]   var_db=6.6132 dB
2026-09-17 18:43:58 [INFO] [688/4911] Processing: 6kxnMsvfArE_002.flac
2026-09-17 18:44:02 [INFO]   var_db=7.3880 dB
2026-09-17 18:44:02 [INFO] [689/4911] Processing: 6kxnMsvfArE_003.flac
2026-09-17 18:44:05 [INFO]   var_db=44.8767 dB
2026-09-17 18:44:05 [INFO] [690/4911] Processing: 6kxnMsvfArE_004.flac
2026-09-17 18:44:07 [INFO]   var_db=20.6687 dB
2026-09-17 18:44:07 [INFO] [691/4911] Processing: 6kxnMsvfArE_005.flac
2026-09-17 18:44:08 [INFO]   var_db=42.8309 dB
2026-09-17 18:44:08 [INFO] [692/4911] Processing: 6qI6TJvLEFI_000.flac
2026-09-17 18:44:10 [INFO]   var_db=41.3851 dB
2026-09-17 18:44:10 [INFO] [693/4911] Processing: 6qI6TJvLEFI_001.flac
2026-09-17 18:44:11 [INFO]   var_db=41.0713 dB
2026-09-17 18:44:11 [INFO] [694/4911] Processing: 6qI6TJvLEFI_002.flac
2026-09-17 18:44:12 [INFO]   var_db=43.7497 dB
2026-09-17 18:44:12 [INFO] [695/4911] Processing: 6qI6TJvLEFI_003.flac
2026-09-17 18:44:14 [INFO]   var_db=14.0757 dB
2026-09-17 18:44:14 [INFO] [696/4911] Processing: 6qI6TJvLEFI_004.flac
2026-09-17 18:44:17 [INFO]   var_db=13.8340 dB
2026-09-17 18:44:17 [INFO] [697/4911] Processing: 6qI6TJvLEFI_005.flac
2026-09-17 18:44:18 [INFO]   var_db=16.1310 dB
2026-09-17 18:44:18 [INFO] [698/4911] Processing: 6qI6TJvLEFI_006.flac
2026-09-17 18:44:21 [INFO]   var_db=12.5274 dB
2026-09-17 18:44:21 [INFO] [699/4911] Processing: 6qI6TJvLEFI_007.flac
2026-09-17 18:44:24 [INFO]   var_db=22.6397 dB
2026-09-17 18:44:24 [INFO] [700/4911] Processing: 6qI6TJvLEFI_008.flac
2026-09-17 18:44:25 [INFO]   var_db=41.2701 dB
2026-09-17 18:44:25 [INFO] [701/4911] Processing: 6qbasnLUeLs_000.flac
2026-09-17 18:44:27 [INFO]   var_db=10.7435 dB
2026-09-17 18:44:27 [INFO] [702/4911] Processing: 6qbasnLUeLs_001.flac
2026-09-17 18:44:28 [INFO]   var_db=11.0343 dB
2026-09-17 18:44:28 [INFO] [703/4911] Processing: 6qbasnLUeLs_002.flac
2026-09-17 18:44:30 [INFO]   var_db=6.0096 dB
2026-09-17 18:44:30 [INFO] [704/4911] Processing: 6qbasnLUeLs_003.flac
2026-09-17 18:44:31 [INFO]   var_db=27.3177 dB
2026-09-17 18:44:31 [INFO] [705/4911] Processing: 6qbasnLUeLs_004.flac
2026-09-17 18:44:35 [INFO]   var_db=24.3545 dB
2026-09-17 18:44:35 [INFO] [706/4911] Processing: 6qbasnLUeLs_005.flac
2026-09-17 18:44:37 [INFO]   var_db=26.4601 dB
2026-09-17 18:44:37 [INFO] [707/4911] Processing: 6qbasnLUeLs_006.flac
2026-09-17 18:44:45 [INFO]   var_db=14.5847 dB
2026-09-17 18:44:45 [INFO] [708/4911] Processing: 6qbasnLUeLs_007.flac
2026-09-17 18:44:48 [INFO]   var_db=14.3012 dB
2026-09-17 18:44:48 [INFO] [709/4911] Processing: 6qbasnLUeLs_008.flac
2026-09-17 18:44:50 [INFO]   var_db=3.5170 dB
2026-09-17 18:44:50 [INFO] [710/4911] Processing: 6qbasnLUeLs_009.flac
2026-09-17 18:44:51 [INFO]   var_db=6.3057 dB
2026-09-17 18:44:51 [INFO] [711/4911] Processing: 6rmTqvCtEuM_000.flac
2026-09-17 18:44:52 [INFO]   var_db=44.5398 dB
2026-09-17 18:44:52 [INFO] [712/4911] Processing: 6rmTqvCtEuM_001.flac
2026-09-17 18:44:56 [INFO]   var_db=19.0218 dB
2026-09-17 18:44:56 [INFO] [713/4911] Processing: 6rmTqvCtEuM_002.flac
2026-09-17 18:44:58 [INFO]   var_db=44.0590 dB
2026-09-17 18:44:58 [INFO] [714/4911] Processing: 6zVyUvw0JfU_000.flac
2026-09-17 18:45:05 [INFO]   var_db=9.8427 dB
2026-09-17 18:45:05 [INFO] [715/4911] Processing: 6zVyUvw0JfU_001.flac
2026-09-17 18:45:11 [INFO]   var_db=6.9199 dB
2026-09-17 18:45:11 [INFO] [716/4911] Processing: 6zVyUvw0JfU_002.flac
2026-09-17 18:45:19 [INFO]   var_db=8.1916 dB
2026-09-17 18:45:19 [INFO] [717/4911] Processing: 6zVyUvw0JfU_003.flac
2026-09-17 18:45:26 [INFO]   var_db=7.6633 dB
2026-09-17 18:45:26 [INFO] [718/4911] Processing: 6zVyUvw0JfU_004.flac
2026-09-17 18:45:34 [INFO]   var_db=7.0717 dB
2026-09-17 18:45:34 [INFO] [719/4911] Processing: 6zVyUvw0JfU_005.flac
2026-09-17 18:45:35 [INFO]   var_db=6.1982 dB
2026-09-17 18:45:35 [INFO] [720/4911] Processing: 7CGgQCUOJbw_000.flac
2026-09-17 18:45:39 [INFO]   var_db=13.0871 dB
2026-09-17 18:45:39 [INFO] [721/4911] Processing: 7CGgQCUOJbw_001.flac
2026-09-17 18:45:45 [INFO]   var_db=9.1783 dB
2026-09-17 18:45:45 [INFO] [722/4911] Processing: 7CGgQCUOJbw_002.flac
2026-09-17 18:45:46 [INFO]   var_db=6.3288 dB
2026-09-17 18:45:46 [INFO] [723/4911] Processing: 7LuAjOjXab4_000.flac
2026-09-17 18:45:54 [INFO]   var_db=5.5411 dB
2026-09-17 18:45:54 [INFO] [724/4911] Processing: 7LuAjOjXab4_001.flac
2026-09-17 18:45:57 [INFO]   var_db=4.6158 dB
2026-09-17 18:45:57 [INFO] [725/4911] Processing: 7LuAjOjXab4_002.flac
2026-09-17 18:46:02 [INFO]   var_db=6.0845 dB
2026-09-17 18:46:02 [INFO] [726/4911] Processing: 7LuAjOjXab4_003.flac
2026-09-17 18:46:04 [INFO]   var_db=3.7584 dB
2026-09-17 18:46:04 [INFO] [727/4911] Processing: 7LuAjOjXab4_004.flac
2026-09-17 18:46:06 [INFO]   var_db=6.2713 dB
2026-09-17 18:46:06 [INFO] [728/4911] Processing: 7MLzvAy3CuM_000.flac
2026-09-17 18:46:07 [INFO]   var_db=17.0035 dB
2026-09-17 18:46:07 [INFO] [729/4911] Processing: 7MLzvAy3CuM_001.flac
2026-09-17 18:46:08 [INFO]   var_db=16.0049 dB
2026-09-17 18:46:08 [INFO] [730/4911] Processing: 7MLzvAy3CuM_002.flac
2026-09-17 18:46:09 [INFO]   var_db=7.9234 dB
2026-09-17 18:46:09 [INFO] [731/4911] Processing: 7MLzvAy3CuM_003.flac
2026-09-17 18:46:10 [INFO]   var_db=14.4585 dB
2026-09-17 18:46:10 [INFO] [732/4911] Processing: 7MLzvAy3CuM_004.flac
2026-09-17 18:46:11 [INFO]   var_db=10.5656 dB
2026-09-17 18:46:11 [INFO] [733/4911] Processing: 7MLzvAy3CuM_005.flac
2026-09-17 18:46:13 [INFO]   var_db=6.1734 dB
2026-09-17 18:46:13 [INFO] [734/4911] Processing: 7MLzvAy3CuM_006.flac
2026-09-17 18:46:14 [INFO]   var_db=6.1148 dB
2026-09-17 18:46:14 [INFO] [735/4911] Processing: 7MLzvAy3CuM_007.flac
2026-09-17 18:46:16 [INFO]   var_db=9.9614 dB
2026-09-17 18:46:16 [INFO] [736/4911] Processing: 7MLzvAy3CuM_008.flac
2026-09-17 18:46:17 [INFO]   var_db=2.9656 dB
2026-09-17 18:46:17 [INFO] [737/4911] Processing: 7MLzvAy3CuM_009.flac
2026-09-17 18:46:19 [INFO]   var_db=3.4643 dB
2026-09-17 18:46:19 [INFO] [738/4911] Processing: 7MLzvAy3CuM_010.flac
2026-09-17 18:46:20 [INFO]   var_db=6.3582 dB
2026-09-17 18:46:20 [INFO] [739/4911] Processing: 7N9pz7fZQ4E_000.flac
2026-09-17 18:46:23 [INFO]   var_db=16.1978 dB
2026-09-17 18:46:23 [INFO] [740/4911] Processing: 7N9pz7fZQ4E_001.flac
2026-09-17 18:46:28 [INFO]   var_db=11.2392 dB
2026-09-17 18:46:28 [INFO] [741/4911] Processing: 7N9pz7fZQ4E_002.flac
2026-09-17 18:46:31 [INFO]   var_db=9.8412 dB
2026-09-17 18:46:31 [INFO] [742/4911] Processing: 7N9pz7fZQ4E_003.flac
2026-09-17 18:46:35 [INFO]   var_db=7.8221 dB
2026-09-17 18:46:35 [INFO] [743/4911] Processing: 7N9pz7fZQ4E_004.flac
2026-09-17 18:46:36 [INFO]   var_db=9.1672 dB
2026-09-17 18:46:36 [INFO] [744/4911] Processing: 7U3LKpXaBds_000.flac
2026-09-17 18:46:43 [INFO]   var_db=4.7808 dB
2026-09-17 18:46:43 [INFO] [745/4911] Processing: 7U3LKpXaBds_001.flac
2026-09-17 18:46:49 [INFO]   var_db=2.1832 dB
2026-09-17 18:46:49 [INFO] [746/4911] Processing: 7U3LKpXaBds_002.flac
2026-09-17 18:46:55 [INFO]   var_db=1.7476 dB
2026-09-17 18:46:55 [INFO] [747/4911] Processing: 7U3LKpXaBds_003.flac
2026-09-17 18:46:57 [INFO]   var_db=3.3002 dB
2026-09-17 18:46:57 [INFO] [748/4911] Processing: 7U3LKpXaBds_004.flac
2026-09-17 18:46:58 [INFO]   var_db=6.2531 dB
2026-09-17 18:46:58 [INFO] [749/4911] Processing: 7ZDZVThmWfA_000.flac
2026-09-17 18:47:03 [INFO]   var_db=9.6779 dB
2026-09-17 18:47:03 [INFO] [750/4911] Processing: 7ZDZVThmWfA_001.flac
2026-09-17 18:47:09 [INFO]   var_db=7.2983 dB
2026-09-17 18:47:09 [INFO] [751/4911] Processing: 7ZDZVThmWfA_002.flac
2026-09-17 18:47:10 [INFO]   var_db=29.6733 dB
2026-09-17 18:47:10 [INFO] [752/4911] Processing: 7ZDZVThmWfA_003.flac
2026-09-17 18:47:12 [INFO]   var_db=30.2602 dB
2026-09-17 18:47:12 [INFO] [753/4911] Processing: 7ZDZVThmWfA_004.flac
2026-09-17 18:47:13 [INFO]   var_db=28.3870 dB
2026-09-17 18:47:13 [INFO] [754/4911] Processing: 7ZDZVThmWfA_005.flac
2026-09-17 18:47:14 [INFO]   var_db=17.6814 dB
2026-09-17 18:47:14 [INFO] [755/4911] Processing: 7ZDZVThmWfA_006.flac
2026-09-17 18:47:16 [INFO]   var_db=3.6707 dB
2026-09-17 18:47:16 [INFO] [756/4911] Processing: 7ZDZVThmWfA_007.flac
2026-09-17 18:47:17 [INFO]   var_db=6.2226 dB
2026-09-17 18:47:17 [INFO] [757/4911] Processing: 7kWXOgdcn4c_000.flac
2026-09-17 18:47:23 [INFO]   var_db=11.4757 dB
2026-09-17 18:47:23 [INFO] [758/4911] Processing: 7kWXOgdcn4c_001.flac
2026-09-17 18:47:26 [INFO]   var_db=11.3008 dB
2026-09-17 18:47:26 [INFO] [759/4911] Processing: 7kWXOgdcn4c_002.flac
2026-09-17 18:47:32 [INFO]   var_db=12.4635 dB
2026-09-17 18:47:32 [INFO] [760/4911] Processing: 7kWXOgdcn4c_003.flac
2026-09-17 18:47:35 [INFO]   var_db=3.3626 dB
2026-09-17 18:47:35 [INFO] [761/4911] Processing: 7kWXOgdcn4c_004.flac
2026-09-17 18:47:36 [INFO]   var_db=6.3028 dB
2026-09-17 18:47:36 [INFO] [762/4911] Processing: 7qisH4fL9qY_000.flac
2026-09-17 18:47:38 [INFO]   var_db=19.4342 dB
2026-09-17 18:47:38 [INFO] [763/4911] Processing: 7qisH4fL9qY_001.flac
2026-09-17 18:47:40 [INFO]   var_db=42.4681 dB
2026-09-17 18:47:40 [INFO] [764/4911] Processing: 7uMXWgvf_IU_000.flac
2026-09-17 18:47:46 [INFO]   var_db=42.1327 dB
2026-09-17 18:47:46 [INFO] [765/4911] Processing: 7uMXWgvf_IU_001.flac
2026-09-17 18:47:49 [INFO]   var_db=42.2918 dB
2026-09-17 18:47:49 [INFO] [766/4911] Processing: 7uMXWgvf_IU_002.flac
2026-09-17 18:47:56 [INFO]   var_db=46.3713 dB
2026-09-17 18:47:56 [INFO] [767/4911] Processing: 7uMXWgvf_IU_003.flac
2026-09-17 18:48:03 [INFO]   var_db=42.5036 dB
2026-09-17 18:48:03 [INFO] [768/4911] Processing: 7uMXWgvf_IU_004.flac
2026-09-17 18:48:05 [INFO]   var_db=49.8888 dB
2026-09-17 18:48:05 [INFO] [769/4911] Processing: 7uMXWgvf_IU_005.flac
2026-09-17 18:48:09 [INFO]   var_db=42.3444 dB
2026-09-17 18:48:09 [INFO] [770/4911] Processing: 7uMXWgvf_IU_006.flac
2026-09-17 18:48:15 [INFO]   var_db=46.2446 dB
2026-09-17 18:48:15 [INFO] [771/4911] Processing: 7uMXWgvf_IU_007.flac
2026-09-17 18:48:20 [INFO]   var_db=14.4504 dB
2026-09-17 18:48:20 [INFO] [772/4911] Processing: 7uMXWgvf_IU_008.flac
2026-09-17 18:48:25 [INFO]   var_db=8.5609 dB
2026-09-17 18:48:25 [INFO] [773/4911] Processing: 7uMXWgvf_IU_009.flac
2026-09-17 18:48:26 [INFO]   var_db=6.3243 dB
2026-09-17 18:48:26 [INFO] [774/4911] Processing: 83ipAZp4hr8_000.flac
2026-09-17 18:48:31 [INFO]   var_db=9.0417 dB
2026-09-17 18:48:31 [INFO] [775/4911] Processing: 83ipAZp4hr8_001.flac
2026-09-17 18:48:33 [INFO]   var_db=3.6248 dB
2026-09-17 18:48:33 [INFO] [776/4911] Processing: 83ipAZp4hr8_002.flac
2026-09-17 18:48:34 [INFO]   var_db=6.3189 dB
2026-09-17 18:48:34 [INFO] [777/4911] Processing: 88h7OzVLzeI_000.flac
2026-09-17 18:48:38 [INFO]   var_db=8.4694 dB
2026-09-17 18:48:38 [INFO] [778/4911] Processing: 88h7OzVLzeI_001.flac
2026-09-17 18:48:39 [INFO]   var_db=1.0873 dB
2026-09-17 18:48:39 [INFO] [779/4911] Processing: 88h7OzVLzeI_002.flac
2026-09-17 18:48:40 [INFO]   var_db=-0.6398 dB
2026-09-17 18:48:40 [INFO] [780/4911] Processing: 88h7OzVLzeI_003.flac
2026-09-17 18:48:41 [INFO]   var_db=1.2657 dB
2026-09-17 18:48:41 [INFO] [781/4911] Processing: 88h7OzVLzeI_004.flac
2026-09-17 18:48:44 [INFO]   var_db=-3.7927 dB
2026-09-17 18:48:44 [INFO] [782/4911] Processing: 88h7OzVLzeI_005.flac
2026-09-17 18:48:45 [INFO]   var_db=-4.5674 dB
2026-09-17 18:48:45 [INFO] [783/4911] Processing: 88h7OzVLzeI_006.flac
2026-09-17 18:48:48 [INFO]   var_db=-3.1020 dB
2026-09-17 18:48:48 [INFO] [784/4911] Processing: 88h7OzVLzeI_007.flac
2026-09-17 18:48:53 [INFO]   var_db=-1.1143 dB
2026-09-17 18:48:53 [INFO] [785/4911] Processing: 88h7OzVLzeI_008.flac
2026-09-17 18:48:57 [INFO]   var_db=1.0947 dB
2026-09-17 18:48:57 [INFO] [786/4911] Processing: 88h7OzVLzeI_009.flac
2026-09-17 18:48:59 [INFO]   var_db=3.3567 dB
2026-09-17 18:48:59 [INFO] [787/4911] Processing: 88h7OzVLzeI_010.flac
2026-09-17 18:49:00 [INFO]   var_db=6.3593 dB
2026-09-17 18:49:00 [INFO] [788/4911] Processing: 8G6DH4n9U9Y_000.flac
2026-09-17 18:49:06 [INFO]   var_db=7.0233 dB
2026-09-17 18:49:06 [INFO] [789/4911] Processing: 8G6DH4n9U9Y_001.flac
2026-09-17 18:49:14 [INFO]   var_db=5.7146 dB
2026-09-17 18:49:14 [INFO] [790/4911] Processing: 8G6DH4n9U9Y_002.flac
2026-09-17 18:49:15 [INFO]   var_db=4.6432 dB
2026-09-17 18:49:15 [INFO] [791/4911] Processing: 8G6DH4n9U9Y_003.flac
2026-09-17 18:49:16 [INFO]   var_db=6.3352 dB
2026-09-17 18:49:16 [INFO] [792/4911] Processing: 8fXeD7pKbWI_000.flac
2026-09-17 18:49:20 [INFO]   var_db=9.8113 dB
2026-09-17 18:49:20 [INFO] [793/4911] Processing: 8fXeD7pKbWI_001.flac
2026-09-17 18:49:22 [INFO]   var_db=4.8282 dB
2026-09-17 18:49:22 [INFO] [794/4911] Processing: 8fXeD7pKbWI_002.flac
2026-09-17 18:49:23 [INFO]   var_db=6.3606 dB
2026-09-17 18:49:23 [INFO] [795/4911] Processing: 8jJY637fQik_000.flac
2026-09-17 18:49:28 [INFO]   var_db=13.5874 dB
2026-09-17 18:49:28 [INFO] [796/4911] Processing: 8jJY637fQik_001.flac
2026-09-17 18:49:35 [INFO]   var_db=8.6119 dB
2026-09-17 18:49:35 [INFO] [797/4911] Processing: 8jJY637fQik_002.flac
2026-09-17 18:49:41 [INFO]   var_db=7.0719 dB
2026-09-17 18:49:41 [INFO] [798/4911] Processing: 8jJY637fQik_003.flac
2026-09-17 18:49:47 [INFO]   var_db=11.3550 dB
2026-09-17 18:49:47 [INFO] [799/4911] Processing: 8jJY637fQik_004.flac
2026-09-17 18:49:49 [INFO]   var_db=3.6289 dB
2026-09-17 18:49:49 [INFO] [800/4911] Processing: 8jJY637fQik_005.flac
2026-09-17 18:49:50 [INFO]   var_db=6.2451 dB
2026-09-17 18:49:50 [INFO] [801/4911] Processing: 8sDvUH7x4iw_000.flac
2026-09-17 18:49:52 [INFO]   var_db=19.0444 dB
2026-09-17 18:49:52 [INFO] [802/4911] Processing: 8sDvUH7x4iw_001.flac
2026-09-17 18:49:54 [INFO]   var_db=16.5824 dB
2026-09-17 18:49:54 [INFO] [803/4911] Processing: 8sDvUH7x4iw_002.flac
2026-09-17 18:49:57 [INFO]   var_db=10.7706 dB
2026-09-17 18:49:57 [INFO] [804/4911] Processing: 8sDvUH7x4iw_003.flac
2026-09-17 18:50:02 [INFO]   var_db=8.9827 dB
2026-09-17 18:50:02 [INFO] [805/4911] Processing: 8sDvUH7x4iw_004.flac
2026-09-17 18:50:04 [INFO]   var_db=7.6145 dB
2026-09-17 18:50:04 [INFO] [806/4911] Processing: 8sDvUH7x4iw_005.flac
2026-09-17 18:50:05 [INFO]   var_db=8.7784 dB
2026-09-17 18:50:05 [INFO] [807/4911] Processing: 8sDvUH7x4iw_006.flac
2026-09-17 18:50:13 [INFO]   var_db=5.5262 dB
2026-09-17 18:50:13 [INFO] [808/4911] Processing: 8sDvUH7x4iw_007.flac
2026-09-17 18:50:15 [INFO]   var_db=19.5467 dB
2026-09-17 18:50:15 [INFO] [809/4911] Processing: 8sDvUH7x4iw_008.flac
2026-09-17 18:50:16 [INFO]   var_db=42.3469 dB
2026-09-17 18:50:16 [INFO] [810/4911] Processing: 8wflrDLxY84_000.flac
2026-09-17 18:50:18 [INFO]   var_db=5.8042 dB
2026-09-17 18:50:18 [INFO] [811/4911] Processing: 8wflrDLxY84_001.flac
2026-09-17 18:50:25 [INFO]   var_db=8.9721 dB
2026-09-17 18:50:25 [INFO] [812/4911] Processing: 8wflrDLxY84_002.flac
2026-09-17 18:50:26 [INFO]   var_db=6.2883 dB
2026-09-17 18:50:26 [INFO] [813/4911] Processing: 8x5JiKy8RFY_000.flac
2026-09-17 18:50:28 [INFO]   var_db=22.8383 dB
2026-09-17 18:50:28 [INFO] [814/4911] Processing: 8x5JiKy8RFY_001.flac
2026-09-17 18:50:29 [INFO]   var_db=38.6959 dB
2026-09-17 18:50:29 [INFO] [815/4911] Processing: 8x5JiKy8RFY_002.flac
2026-09-17 18:50:34 [INFO]   var_db=33.4503 dB
2026-09-17 18:50:34 [INFO] [816/4911] Processing: 8x5JiKy8RFY_003.flac
2026-09-17 18:50:35 [INFO]   var_db=43.3714 dB
2026-09-17 18:50:35 [INFO] [817/4911] Processing: 8x5JiKy8RFY_004.flac
2026-09-17 18:50:38 [INFO]   var_db=44.3808 dB
2026-09-17 18:50:38 [INFO] [818/4911] Processing: 8x5JiKy8RFY_005.flac
2026-09-17 18:50:40 [INFO]   var_db=44.4120 dB
2026-09-17 18:50:40 [INFO] [819/4911] Processing: 8x5JiKy8RFY_006.flac
2026-09-17 18:50:42 [INFO]   var_db=45.6848 dB
2026-09-17 18:50:42 [INFO] [820/4911] Processing: 8x5JiKy8RFY_007.flac
2026-09-17 18:50:43 [INFO]   var_db=37.7119 dB
2026-09-17 18:50:43 [INFO] [821/4911] Processing: 8x5JiKy8RFY_008.flac
2026-09-17 18:50:46 [INFO]   var_db=45.7525 dB
2026-09-17 18:50:46 [INFO] [822/4911] Processing: 8x5JiKy8RFY_009.flac
2026-09-17 18:50:48 [INFO]   var_db=22.8399 dB
2026-09-17 18:50:48 [INFO] [823/4911] Processing: 8x5JiKy8RFY_010.flac
2026-09-17 18:50:50 [INFO]   var_db=46.7752 dB
2026-09-17 18:50:50 [INFO] [824/4911] Processing: 8x5JiKy8RFY_011.flac
2026-09-17 18:50:51 [INFO]   var_db=14.3687 dB
2026-09-17 18:50:51 [INFO] [825/4911] Processing: 8x5JiKy8RFY_012.flac
2026-09-17 18:50:57 [INFO]   var_db=17.6588 dB
2026-09-17 18:50:57 [INFO] [826/4911] Processing: 8x5JiKy8RFY_013.flac
2026-09-17 18:50:59 [INFO]   var_db=26.5586 dB
2026-09-17 18:50:59 [INFO] [827/4911] Processing: 8x5JiKy8RFY_014.flac
2026-09-17 18:51:03 [INFO]   var_db=39.8086 dB
2026-09-17 18:51:03 [INFO] [828/4911] Processing: 8x5JiKy8RFY_015.flac
2026-09-17 18:51:04 [INFO]   var_db=32.3120 dB
2026-09-17 18:51:04 [INFO] [829/4911] Processing: 8x5JiKy8RFY_016.flac
2026-09-17 18:51:06 [INFO]   var_db=43.9585 dB
2026-09-17 18:51:06 [INFO] [830/4911] Processing: 8xIvuJoS5Pg_000.flac
2026-09-17 18:51:13 [INFO]   var_db=11.8697 dB
2026-09-17 18:51:13 [INFO] [831/4911] Processing: 8xIvuJoS5Pg_001.flac
2026-09-17 18:51:18 [INFO]   var_db=14.0287 dB
2026-09-17 18:51:18 [INFO] [832/4911] Processing: 8xIvuJoS5Pg_002.flac
2026-09-17 18:51:19 [INFO]   var_db=12.6362 dB
2026-09-17 18:51:19 [INFO] [833/4911] Processing: 8xIvuJoS5Pg_003.flac
2026-09-17 18:51:21 [INFO]   var_db=3.2864 dB
2026-09-17 18:51:21 [INFO] [834/4911] Processing: 8xIvuJoS5Pg_004.flac
2026-09-17 18:51:22 [INFO]   var_db=6.3028 dB
2026-09-17 18:51:22 [INFO] [835/4911] Processing: 9GKnaIpqSRA_000.flac
2026-09-17 18:51:30 [INFO]   var_db=10.8998 dB
2026-09-17 18:51:30 [INFO] [836/4911] Processing: 9GKnaIpqSRA_001.flac
2026-09-17 18:51:35 [INFO]   var_db=8.8313 dB
2026-09-17 18:51:35 [INFO] [837/4911] Processing: 9GKnaIpqSRA_002.flac
2026-09-17 18:51:36 [INFO]   var_db=19.0810 dB
2026-09-17 18:51:36 [INFO] [838/4911] Processing: 9GKnaIpqSRA_003.flac
2026-09-17 18:51:37 [INFO]   var_db=20.6366 dB
2026-09-17 18:51:37 [INFO] [839/4911] Processing: 9GKnaIpqSRA_004.flac
2026-09-17 18:51:38 [INFO]   var_db=14.1147 dB
2026-09-17 18:51:38 [INFO] [840/4911] Processing: 9GKnaIpqSRA_005.flac
2026-09-17 18:51:39 [INFO]   var_db=17.7440 dB
2026-09-17 18:51:39 [INFO] [841/4911] Processing: 9GKnaIpqSRA_006.flac
2026-09-17 18:51:42 [INFO]   var_db=10.9502 dB
2026-09-17 18:51:42 [INFO] [842/4911] Processing: 9GKnaIpqSRA_007.flac
2026-09-17 18:51:43 [INFO]   var_db=14.8018 dB
2026-09-17 18:51:43 [INFO] [843/4911] Processing: 9GKnaIpqSRA_008.flac
2026-09-17 18:51:44 [INFO]   var_db=13.2428 dB
2026-09-17 18:51:44 [INFO] [844/4911] Processing: 9GKnaIpqSRA_009.flac
2026-09-17 18:51:45 [INFO]   var_db=7.2708 dB
2026-09-17 18:51:45 [INFO] [845/4911] Processing: 9GKnaIpqSRA_010.flac
2026-09-17 18:51:46 [INFO]   var_db=4.8856 dB
2026-09-17 18:51:46 [INFO] [846/4911] Processing: 9GKnaIpqSRA_011.flac
2026-09-17 18:51:54 [INFO]   var_db=16.9611 dB
2026-09-17 18:51:54 [INFO] [847/4911] Processing: 9GKnaIpqSRA_012.flac
2026-09-17 18:51:56 [INFO]   var_db=4.1229 dB
2026-09-17 18:51:56 [INFO] [848/4911] Processing: 9GKnaIpqSRA_013.flac
2026-09-17 18:51:57 [INFO]   var_db=6.3280 dB
2026-09-17 18:51:57 [INFO] [849/4911] Processing: 9T8KWGl2ZZQ_000.flac
2026-09-17 18:51:59 [INFO]   var_db=24.2845 dB
2026-09-17 18:51:59 [INFO] [850/4911] Processing: 9T8KWGl2ZZQ_001.flac
2026-09-17 18:52:00 [INFO]   var_db=18.8356 dB
2026-09-17 18:52:00 [INFO] [851/4911] Processing: 9oz0BewUmo4_000.flac
2026-09-17 18:52:03 [INFO]   var_db=13.9245 dB
2026-09-17 18:52:03 [INFO] [852/4911] Processing: 9oz0BewUmo4_001.flac
2026-09-17 18:52:06 [INFO]   var_db=6.7078 dB
2026-09-17 18:52:06 [INFO] [853/4911] Processing: 9oz0BewUmo4_002.flac
2026-09-17 18:52:11 [INFO]   var_db=5.7012 dB
2026-09-17 18:52:11 [INFO] [854/4911] Processing: 9oz0BewUmo4_003.flac
2026-09-17 18:52:18 [INFO]   var_db=5.7086 dB
2026-09-17 18:52:18 [INFO] [855/4911] Processing: 9oz0BewUmo4_004.flac
2026-09-17 18:52:21 [INFO]   var_db=6.3192 dB
2026-09-17 18:52:21 [INFO] [856/4911] Processing: 9oz0BewUmo4_005.flac
2026-09-17 18:52:24 [INFO]   var_db=6.7806 dB
2026-09-17 18:52:24 [INFO] [857/4911] Processing: 9oz0BewUmo4_006.flac
2026-09-17 18:52:27 [INFO]   var_db=6.9706 dB
2026-09-17 18:52:27 [INFO] [858/4911] Processing: 9oz0BewUmo4_007.flac
2026-09-17 18:52:29 [INFO]   var_db=7.4002 dB
2026-09-17 18:52:29 [INFO] [859/4911] Processing: 9oz0BewUmo4_008.flac
2026-09-17 18:52:32 [INFO]   var_db=7.8261 dB
2026-09-17 18:52:32 [INFO] [860/4911] Processing: 9oz0BewUmo4_009.flac
2026-09-17 18:52:33 [INFO]   var_db=13.2397 dB
2026-09-17 18:52:33 [INFO] [861/4911] Processing: 9oz0BewUmo4_010.flac
2026-09-17 18:52:38 [INFO]   var_db=7.8691 dB
2026-09-17 18:52:38 [INFO] [862/4911] Processing: 9oz0BewUmo4_011.flac
2026-09-17 18:52:42 [INFO]   var_db=7.5206 dB
2026-09-17 18:52:42 [INFO] [863/4911] Processing: 9oz0BewUmo4_012.flac
2026-09-17 18:52:47 [INFO]   var_db=6.0872 dB
2026-09-17 18:52:47 [INFO] [864/4911] Processing: 9oz0BewUmo4_013.flac
2026-09-17 18:52:52 [INFO]   var_db=5.1392 dB
2026-09-17 18:52:52 [INFO] [865/4911] Processing: 9oz0BewUmo4_014.flac
2026-09-17 18:53:00 [INFO]   var_db=7.8008 dB
2026-09-17 18:53:00 [INFO] [866/4911] Processing: 9oz0BewUmo4_015.flac
2026-09-17 18:53:04 [INFO]   var_db=4.3576 dB
2026-09-17 18:53:04 [INFO] [867/4911] Processing: 9oz0BewUmo4_016.flac
2026-09-17 18:53:13 [INFO]   var_db=7.1939 dB
2026-09-17 18:53:13 [INFO] [868/4911] Processing: 9oz0BewUmo4_017.flac
2026-09-17 18:53:15 [INFO]   var_db=8.9658 dB
2026-09-17 18:53:15 [INFO] [869/4911] Processing: 9oz0BewUmo4_018.flac
2026-09-17 18:53:17 [INFO]   var_db=4.3120 dB
2026-09-17 18:53:17 [INFO] [870/4911] Processing: 9oz0BewUmo4_019.flac
2026-09-17 18:53:19 [INFO]   var_db=5.6965 dB
2026-09-17 18:53:19 [INFO] [871/4911] Processing: 9oz0BewUmo4_020.flac
2026-09-17 18:53:22 [INFO]   var_db=5.9994 dB
2026-09-17 18:53:22 [INFO] [872/4911] Processing: 9oz0BewUmo4_021.flac
2026-09-17 18:53:26 [INFO]   var_db=6.4565 dB
2026-09-17 18:53:26 [INFO] [873/4911] Processing: 9oz0BewUmo4_022.flac
2026-09-17 18:53:33 [INFO]   var_db=6.1473 dB
2026-09-17 18:53:33 [INFO] [874/4911] Processing: 9oz0BewUmo4_023.flac
2026-09-17 18:53:35 [INFO]   var_db=14.4993 dB
2026-09-17 18:53:35 [INFO] [875/4911] Processing: 9oz0BewUmo4_024.flac
2026-09-17 18:53:36 [INFO]   var_db=43.2207 dB
2026-09-17 18:53:36 [INFO] [876/4911] Processing: 9saz0VPG-To_000.flac
2026-09-17 18:53:40 [INFO]   var_db=43.2746 dB
2026-09-17 18:53:40 [INFO] [877/4911] Processing: 9saz0VPG-To_001.flac
2026-09-17 18:53:41 [INFO]   var_db=42.6662 dB
2026-09-17 18:53:41 [INFO] [878/4911] Processing: 9saz0VPG-To_002.flac
2026-09-17 18:53:45 [INFO]   var_db=22.4810 dB
2026-09-17 18:53:45 [INFO] [879/4911] Processing: 9saz0VPG-To_003.flac
2026-09-17 18:53:47 [INFO]   var_db=36.3313 dB
2026-09-17 18:53:47 [INFO] [880/4911] Processing: 9saz0VPG-To_004.flac
2026-09-17 18:53:49 [INFO]   var_db=21.2753 dB
2026-09-17 18:53:49 [INFO] [881/4911] Processing: AOgZUuWbLoE_000.flac
2026-09-17 18:53:57 [INFO]   var_db=11.4271 dB
2026-09-17 18:53:57 [INFO] [882/4911] Processing: AOgZUuWbLoE_001.flac
2026-09-17 18:54:04 [INFO]   var_db=7.2751 dB
2026-09-17 18:54:04 [INFO] [883/4911] Processing: AOgZUuWbLoE_002.flac
2026-09-17 18:54:06 [INFO]   var_db=19.5162 dB
2026-09-17 18:54:06 [INFO] [884/4911] Processing: AOgZUuWbLoE_003.flac
2026-09-17 18:54:07 [INFO]   var_db=1.7112 dB
2026-09-17 18:54:07 [INFO] [885/4911] Processing: AOgZUuWbLoE_004.flac
2026-09-17 18:54:10 [INFO]   var_db=6.5473 dB
2026-09-17 18:54:10 [INFO] [886/4911] Processing: AOgZUuWbLoE_005.flac
2026-09-17 18:54:11 [INFO]   var_db=6.2009 dB
2026-09-17 18:54:11 [INFO] [887/4911] Processing: AP22Vghq_58_000.flac
2026-09-17 18:54:12 [INFO]   var_db=17.0035 dB
2026-09-17 18:54:12 [INFO] [888/4911] Processing: AP22Vghq_58_001.flac
2026-09-17 18:54:15 [INFO]   var_db=17.7142 dB
2026-09-17 18:54:15 [INFO] [889/4911] Processing: AP22Vghq_58_002.flac
2026-09-17 18:54:16 [INFO]   var_db=15.9365 dB
2026-09-17 18:54:16 [INFO] [890/4911] Processing: AP22Vghq_58_003.flac
2026-09-17 18:54:17 [INFO]   var_db=9.0909 dB
2026-09-17 18:54:17 [INFO] [891/4911] Processing: AP22Vghq_58_004.flac
2026-09-17 18:54:18 [INFO]   var_db=9.9148 dB
2026-09-17 18:54:18 [INFO] [892/4911] Processing: AP22Vghq_58_005.flac
2026-09-17 18:54:20 [INFO]   var_db=3.3985 dB
2026-09-17 18:54:20 [INFO] [893/4911] Processing: AP22Vghq_58_006.flac
2026-09-17 18:54:22 [INFO]   var_db=6.2421 dB
2026-09-17 18:54:22 [INFO] [894/4911] Processing: AYmhFCZIO0w_000.flac
2026-09-17 18:54:23 [INFO]   var_db=14.3197 dB
2026-09-17 18:54:23 [INFO] [895/4911] Processing: AYmhFCZIO0w_001.flac
2026-09-17 18:54:30 [INFO]   var_db=9.4058 dB
2026-09-17 18:54:30 [INFO] [896/4911] Processing: AYmhFCZIO0w_002.flac
2026-09-17 18:54:35 [INFO]   var_db=8.2097 dB
2026-09-17 18:54:35 [INFO] [897/4911] Processing: AYmhFCZIO0w_003.flac
2026-09-17 18:54:39 [INFO]   var_db=38.0364 dB
2026-09-17 18:54:39 [INFO] [898/4911] Processing: AYmhFCZIO0w_004.flac
2026-09-17 18:54:45 [INFO]   var_db=5.7937 dB
2026-09-17 18:54:45 [INFO] [899/4911] Processing: AYmhFCZIO0w_005.flac
2026-09-17 18:54:47 [INFO]   var_db=6.3182 dB
2026-09-17 18:54:47 [INFO] [900/4911] Processing: A_iOhZBEuPQ_000.flac
2026-09-17 18:54:49 [INFO]   var_db=8.3594 dB
2026-09-17 18:54:49 [INFO] [901/4911] Processing: A_iOhZBEuPQ_001.flac
2026-09-17 18:54:52 [INFO]   var_db=12.5240 dB
2026-09-17 18:54:52 [INFO] [902/4911] Processing: A_iOhZBEuPQ_002.flac
2026-09-17 18:54:53 [INFO]   var_db=18.3724 dB
2026-09-17 18:54:53 [INFO] [903/4911] Processing: A_iOhZBEuPQ_003.flac
2026-09-17 18:54:55 [INFO]   var_db=3.5889 dB
2026-09-17 18:54:55 [INFO] [904/4911] Processing: A_iOhZBEuPQ_004.flac
2026-09-17 18:54:56 [INFO]   var_db=6.4045 dB
2026-09-17 18:54:56 [INFO] [905/4911] Processing: Ac1e1ibIHpk_000.flac
2026-09-17 18:55:04 [INFO]   var_db=17.4233 dB
2026-09-17 18:55:04 [INFO] [906/4911] Processing: Ac1e1ibIHpk_001.flac
2026-09-17 18:55:08 [INFO]   var_db=20.7779 dB
2026-09-17 18:55:08 [INFO] [907/4911] Processing: Ac1e1ibIHpk_002.flac
2026-09-17 18:55:10 [INFO]   var_db=22.2183 dB
2026-09-17 18:55:10 [INFO] [908/4911] Processing: Ac1e1ibIHpk_003.flac
2026-09-17 18:55:11 [INFO]   var_db=43.1855 dB
2026-09-17 18:55:11 [INFO] [909/4911] Processing: AiKOYN8H1EU_000.flac
2026-09-17 18:55:15 [INFO]   var_db=43.9193 dB
2026-09-17 18:55:15 [INFO] [910/4911] Processing: AiKOYN8H1EU_001.flac
2026-09-17 18:55:21 [INFO]   var_db=15.9578 dB
2026-09-17 18:55:21 [INFO] [911/4911] Processing: AiKOYN8H1EU_002.flac
2026-09-17 18:55:24 [INFO]   var_db=14.8609 dB
2026-09-17 18:55:24 [INFO] [912/4911] Processing: AiKOYN8H1EU_003.flac
2026-09-17 18:55:26 [INFO]   var_db=15.3381 dB
2026-09-17 18:55:26 [INFO] [913/4911] Processing: AiKOYN8H1EU_004.flac
2026-09-17 18:55:33 [INFO]   var_db=10.9846 dB
2026-09-17 18:55:33 [INFO] [914/4911] Processing: AiKOYN8H1EU_005.flac
2026-09-17 18:55:34 [INFO]   var_db=10.5959 dB
2026-09-17 18:55:34 [INFO] [915/4911] Processing: AiKOYN8H1EU_006.flac
2026-09-17 18:55:35 [INFO]   var_db=13.4991 dB
2026-09-17 18:55:35 [INFO] [916/4911] Processing: AiKOYN8H1EU_007.flac
2026-09-17 18:55:36 [INFO]   var_db=13.3979 dB
2026-09-17 18:55:36 [INFO] [917/4911] Processing: AiKOYN8H1EU_008.flac
2026-09-17 18:55:37 [INFO]   var_db=13.7346 dB
2026-09-17 18:55:37 [INFO] [918/4911] Processing: AiKOYN8H1EU_009.flac
2026-09-17 18:55:42 [INFO]   var_db=12.3944 dB
2026-09-17 18:55:42 [INFO] [919/4911] Processing: AiKOYN8H1EU_010.flac
2026-09-17 18:55:50 [INFO]   var_db=11.3240 dB
2026-09-17 18:55:50 [INFO] [920/4911] Processing: AiKOYN8H1EU_011.flac
2026-09-17 18:55:55 [INFO]   var_db=12.5964 dB
2026-09-17 18:55:55 [INFO] [921/4911] Processing: AiKOYN8H1EU_012.flac
2026-09-17 18:55:58 [INFO]   var_db=18.0757 dB
2026-09-17 18:55:58 [INFO] [922/4911] Processing: AiKOYN8H1EU_013.flac
2026-09-17 18:55:59 [INFO]   var_db=42.8090 dB
2026-09-17 18:55:59 [INFO] [923/4911] Processing: AmHA9dbYFy0_000.flac
2026-09-17 18:56:00 [INFO]   var_db=2.1879 dB
2026-09-17 18:56:00 [INFO] [924/4911] Processing: AmHA9dbYFy0_001.flac
2026-09-17 18:56:01 [INFO]   var_db=4.5447 dB
2026-09-17 18:56:01 [INFO] [925/4911] Processing: AmHA9dbYFy0_002.flac
2026-09-17 18:56:03 [INFO]   var_db=5.3857 dB
2026-09-17 18:56:03 [INFO] [926/4911] Processing: AmHA9dbYFy0_003.flac
2026-09-17 18:56:05 [INFO]   var_db=3.3849 dB
2026-09-17 18:56:05 [INFO] [927/4911] Processing: AmHA9dbYFy0_004.flac
2026-09-17 18:56:06 [INFO]   var_db=6.2981 dB
2026-09-17 18:56:06 [INFO] [928/4911] Processing: BHn7eeA0BVo_000.flac
2026-09-17 18:56:09 [INFO]   var_db=19.1697 dB
2026-09-17 18:56:09 [INFO] [929/4911] Processing: BHn7eeA0BVo_001.flac
2026-09-17 18:56:14 [INFO]   var_db=16.2180 dB
2026-09-17 18:56:14 [INFO] [930/4911] Processing: BHn7eeA0BVo_002.flac
2026-09-17 18:56:16 [INFO]   var_db=13.1252 dB
2026-09-17 18:56:16 [INFO] [931/4911] Processing: BHn7eeA0BVo_003.flac
2026-09-17 18:56:23 [INFO]   var_db=9.4669 dB
2026-09-17 18:56:23 [INFO] [932/4911] Processing: BHn7eeA0BVo_004.flac
2026-09-17 18:56:27 [INFO]   var_db=7.9154 dB
2026-09-17 18:56:27 [INFO] [933/4911] Processing: BHn7eeA0BVo_005.flac
2026-09-17 18:56:28 [INFO]   var_db=5.9586 dB
2026-09-17 18:56:28 [INFO] [934/4911] Processing: BKWMXVpYcP4_000.flac
2026-09-17 18:56:33 [INFO]   var_db=15.7051 dB
2026-09-17 18:56:33 [INFO] [935/4911] Processing: BKWMXVpYcP4_001.flac
2026-09-17 18:56:38 [INFO]   var_db=15.1968 dB
2026-09-17 18:56:38 [INFO] [936/4911] Processing: BKWMXVpYcP4_002.flac
2026-09-17 18:56:40 [INFO]   var_db=8.5283 dB
2026-09-17 18:56:40 [INFO] [937/4911] Processing: BKWMXVpYcP4_003.flac
2026-09-17 18:56:41 [INFO]   var_db=9.6308 dB
2026-09-17 18:56:41 [INFO] [938/4911] Processing: BQysXN0mc0g_000.flac
2026-09-17 18:56:46 [INFO]   var_db=19.1038 dB
2026-09-17 18:56:46 [INFO] [939/4911] Processing: BQysXN0mc0g_001.flac
2026-09-17 18:56:54 [INFO]   var_db=19.2129 dB
2026-09-17 18:56:54 [INFO] [940/4911] Processing: BQysXN0mc0g_002.flac
2026-09-17 18:57:00 [INFO]   var_db=16.7773 dB
2026-09-17 18:57:00 [INFO] [941/4911] Processing: BQysXN0mc0g_003.flac
2026-09-17 18:57:02 [INFO]   var_db=20.3794 dB
2026-09-17 18:57:02 [INFO] [942/4911] Processing: BQysXN0mc0g_004.flac
2026-09-17 18:57:03 [INFO]   var_db=42.2018 dB
2026-09-17 18:57:03 [INFO] [943/4911] Processing: BUL3p_uvehs_000.flac
2026-09-17 18:57:10 [INFO]   var_db=8.5277 dB
2026-09-17 18:57:10 [INFO] [944/4911] Processing: BUL3p_uvehs_001.flac
2026-09-17 18:57:11 [INFO]   var_db=6.3103 dB
2026-09-17 18:57:11 [INFO] [945/4911] Processing: BWbT_CqORko_000.flac
2026-09-17 18:57:17 [INFO]   var_db=12.8390 dB
2026-09-17 18:57:17 [INFO] [946/4911] Processing: BWbT_CqORko_001.flac
2026-09-17 18:57:24 [INFO]   var_db=7.0708 dB
2026-09-17 18:57:24 [INFO] [947/4911] Processing: BWbT_CqORko_002.flac
2026-09-17 18:57:28 [INFO]   var_db=5.8041 dB
2026-09-17 18:57:28 [INFO] [948/4911] Processing: BWbT_CqORko_003.flac
2026-09-17 18:57:31 [INFO]   var_db=6.0347 dB
2026-09-17 18:57:31 [INFO] [949/4911] Processing: BWbT_CqORko_004.flac
2026-09-17 18:57:32 [INFO]   var_db=6.2578 dB
2026-09-17 18:57:32 [INFO] [950/4911] Processing: BZ4zd3idtVY_000.flac
2026-09-17 18:57:35 [INFO]   var_db=8.4848 dB
2026-09-17 18:57:35 [INFO] [951/4911] Processing: BZ4zd3idtVY_001.flac
2026-09-17 18:57:37 [INFO]   var_db=13.5697 dB
2026-09-17 18:57:37 [INFO] [952/4911] Processing: BZ4zd3idtVY_002.flac
2026-09-17 18:57:44 [INFO]   var_db=4.5060 dB
2026-09-17 18:57:44 [INFO] [953/4911] Processing: BZ4zd3idtVY_003.flac
2026-09-17 18:57:45 [INFO]   var_db=7.0405 dB
2026-09-17 18:57:45 [INFO] [954/4911] Processing: BZ4zd3idtVY_004.flac
2026-09-17 18:57:48 [INFO]   var_db=7.0340 dB
2026-09-17 18:57:48 [INFO] [955/4911] Processing: BZ4zd3idtVY_005.flac
2026-09-17 18:57:50 [INFO]   var_db=6.3357 dB
2026-09-17 18:57:50 [INFO] [956/4911] Processing: BgtPMo7NmOs_000.flac
2026-09-17 18:57:53 [INFO]   var_db=15.5937 dB
2026-09-17 18:57:53 [INFO] [957/4911] Processing: BgtPMo7NmOs_001.flac
2026-09-17 18:57:56 [INFO]   var_db=18.9011 dB
2026-09-17 18:57:56 [INFO] [958/4911] Processing: BgtPMo7NmOs_002.flac
2026-09-17 18:57:58 [INFO]   var_db=3.1572 dB
2026-09-17 18:57:58 [INFO] [959/4911] Processing: BgtPMo7NmOs_003.flac
2026-09-17 18:58:00 [INFO]   var_db=6.2106 dB
2026-09-17 18:58:00 [INFO] [960/4911] Processing: Bwm3SWdYJnQ_000.flac
2026-09-17 18:58:07 [INFO]   var_db=8.7721 dB
2026-09-17 18:58:07 [INFO] [961/4911] Processing: Bwm3SWdYJnQ_001.flac
2026-09-17 18:58:08 [INFO]   var_db=6.7520 dB
2026-09-17 18:58:08 [INFO] [962/4911] Processing: Bwm3SWdYJnQ_002.flac
2026-09-17 18:58:09 [INFO]   var_db=4.2655 dB
2026-09-17 18:58:09 [INFO] [963/4911] Processing: Bwm3SWdYJnQ_003.flac
2026-09-17 18:58:10 [INFO]   var_db=6.4615 dB
2026-09-17 18:58:10 [INFO] [964/4911] Processing: CHlnwI3VY6E_000.flac
2026-09-17 18:58:15 [INFO]   var_db=16.5481 dB
2026-09-17 18:58:15 [INFO] [965/4911] Processing: CHlnwI3VY6E_001.flac
2026-09-17 18:58:22 [INFO]   var_db=7.4037 dB
2026-09-17 18:58:22 [INFO] [966/4911] Processing: CHlnwI3VY6E_002.flac
2026-09-17 18:58:24 [INFO]   var_db=-1.6235 dB
2026-09-17 18:58:24 [INFO] [967/4911] Processing: CHlnwI3VY6E_003.flac
2026-09-17 18:58:25 [INFO]   var_db=-19.2913 dB
2026-09-17 18:58:25 [INFO] [968/4911] Processing: CHlnwI3VY6E_004.flac
2026-09-17 18:58:29 [INFO]   var_db=-0.7697 dB
2026-09-17 18:58:29 [INFO] [969/4911] Processing: CHlnwI3VY6E_005.flac
2026-09-17 18:58:31 [INFO]   var_db=2.6181 dB
2026-09-17 18:58:31 [INFO] [970/4911] Processing: CHlnwI3VY6E_006.flac
2026-09-17 18:58:32 [INFO]   var_db=-50.7673 dB
2026-09-17 18:58:32 [INFO] [971/4911] Processing: CHlnwI3VY6E_007.flac
2026-09-17 18:58:33 [INFO]   var_db=-47.8830 dB
2026-09-17 18:58:33 [INFO] [972/4911] Processing: CHlnwI3VY6E_008.flac
2026-09-17 18:58:39 [INFO]   var_db=7.8989 dB
2026-09-17 18:58:39 [INFO] [973/4911] Processing: CHlnwI3VY6E_009.flac
2026-09-17 18:58:40 [INFO]   var_db=6.3018 dB
2026-09-17 18:58:40 [INFO] [974/4911] Processing: CMRF9UwRKpY_000.flac
2026-09-17 18:58:45 [INFO]   var_db=10.6119 dB
2026-09-17 18:58:45 [INFO] [975/4911] Processing: CMRF9UwRKpY_001.flac
2026-09-17 18:58:46 [INFO]   var_db=-2.8000 dB
2026-09-17 18:58:46 [INFO] [976/4911] Processing: CMRF9UwRKpY_002.flac
2026-09-17 18:58:47 [INFO]   var_db=-3.4355 dB
2026-09-17 18:58:47 [INFO] [977/4911] Processing: CMRF9UwRKpY_003.flac
2026-09-17 18:58:48 [INFO]   var_db=-0.9257 dB
2026-09-17 18:58:48 [INFO] [978/4911] Processing: CMRF9UwRKpY_004.flac
2026-09-17 18:58:50 [INFO]   var_db=43.2626 dB
2026-09-17 18:58:50 [INFO] [979/4911] Processing: CMRF9UwRKpY_005.flac
2026-09-17 18:58:52 [INFO]   var_db=3.4903 dB
2026-09-17 18:58:52 [INFO] [980/4911] Processing: CMRF9UwRKpY_006.flac
2026-09-17 18:58:53 [INFO]   var_db=6.3269 dB
2026-09-17 18:58:53 [INFO] [981/4911] Processing: CdhQt9XM4G0_000.flac
2026-09-17 18:59:01 [INFO]   var_db=7.8629 dB
2026-09-17 18:59:01 [INFO] [982/4911] Processing: CdhQt9XM4G0_001.flac
2026-09-17 18:59:08 [INFO]   var_db=5.6231 dB
2026-09-17 18:59:08 [INFO] [983/4911] Processing: CdhQt9XM4G0_002.flac
2026-09-17 18:59:12 [INFO]   var_db=9.2847 dB
2026-09-17 18:59:12 [INFO] [984/4911] Processing: CdhQt9XM4G0_003.flac
2026-09-17 18:59:14 [INFO]   var_db=3.6480 dB
2026-09-17 18:59:14 [INFO] [985/4911] Processing: CdhQt9XM4G0_004.flac
2026-09-17 18:59:15 [INFO]   var_db=6.3519 dB
2026-09-17 18:59:15 [INFO] [986/4911] Processing: CfZWjk-lBJs_000.flac
2026-09-17 18:59:18 [INFO]   var_db=7.7934 dB
2026-09-17 18:59:18 [INFO] [987/4911] Processing: CfZWjk-lBJs_001.flac
2026-09-17 18:59:19 [INFO]   var_db=50.5976 dB
2026-09-17 18:59:19 [INFO] [988/4911] Processing: CfZWjk-lBJs_002.flac
2026-09-17 18:59:27 [INFO]   var_db=44.8486 dB
2026-09-17 18:59:27 [INFO] [989/4911] Processing: CfZWjk-lBJs_003.flac
2026-09-17 18:59:29 [INFO]   var_db=50.4207 dB
2026-09-17 18:59:29 [INFO] [990/4911] Processing: CfZWjk-lBJs_004.flac
2026-09-17 18:59:37 [INFO]   var_db=13.8936 dB
2026-09-17 18:59:37 [INFO] [991/4911] Processing: CfZWjk-lBJs_005.flac
2026-09-17 18:59:39 [INFO]   var_db=44.6170 dB
2026-09-17 18:59:39 [INFO] [992/4911] Processing: CfZWjk-lBJs_006.flac
2026-09-17 18:59:47 [INFO]   var_db=44.3869 dB
2026-09-17 18:59:47 [INFO] [993/4911] Processing: CfZWjk-lBJs_007.flac
2026-09-17 18:59:49 [INFO]   var_db=50.3821 dB
2026-09-17 18:59:49 [INFO] [994/4911] Processing: CfZWjk-lBJs_008.flac
2026-09-17 18:59:57 [INFO]   var_db=13.9033 dB
2026-09-17 18:59:57 [INFO] [995/4911] Processing: CfZWjk-lBJs_009.flac
2026-09-17 18:59:58 [INFO]   var_db=12.5436 dB
2026-09-17 18:59:58 [INFO] [996/4911] Processing: CfZWjk-lBJs_010.flac
2026-09-17 18:59:59 [INFO]   var_db=3.8193 dB
2026-09-17 18:59:59 [INFO] [997/4911] Processing: CfZWjk-lBJs_011.flac
2026-09-17 19:00:01 [INFO]   var_db=3.7861 dB
2026-09-17 19:00:01 [INFO] [998/4911] Processing: CfZWjk-lBJs_012.flac
2026-09-17 19:00:02 [INFO]   var_db=6.2651 dB
2026-09-17 19:00:02 [INFO] [999/4911] Processing: ChuWKGky328_000.flac
2026-09-17 19:00:06 [INFO]   var_db=45.0094 dB
2026-09-17 19:00:06 [INFO] [1000/4911] Processing: ChuWKGky328_001.flac
2026-09-17 19:00:07 [INFO]   var_db=40.8045 dB
2026-09-17 19:00:07 [INFO] [1001/4911] Processing: ChuWKGky328_002.flac
2026-09-17 19:00:08 [INFO]   var_db=37.2047 dB
2026-09-17 19:00:08 [INFO] [1002/4911] Processing: ChuWKGky328_003.flac
2026-09-17 19:00:09 [INFO]   var_db=32.9614 dB
2026-09-17 19:00:09 [INFO] [1003/4911] Processing: ChuWKGky328_004.flac
2026-09-17 19:00:11 [INFO]   var_db=22.6978 dB
2026-09-17 19:00:11 [INFO] [1004/4911] Processing: ChuWKGky328_005.flac
2026-09-17 19:00:12 [INFO]   var_db=36.7901 dB
2026-09-17 19:00:12 [INFO] [1005/4911] Processing: ChuWKGky328_006.flac
2026-09-17 19:00:19 [INFO]   var_db=24.1820 dB
2026-09-17 19:00:19 [INFO] [1006/4911] Processing: ChuWKGky328_007.flac
2026-09-17 19:00:21 [INFO]   var_db=22.0391 dB
2026-09-17 19:00:21 [INFO] [1007/4911] Processing: ChuWKGky328_008.flac
2026-09-17 19:00:23 [INFO]   var_db=-3.0463 dB
2026-09-17 19:00:23 [INFO] [1008/4911] Processing: ChuWKGky328_009.flac
2026-09-17 19:00:25 [INFO]   var_db=-2.5450 dB
2026-09-17 19:00:25 [INFO] [1009/4911] Processing: ChuWKGky328_010.flac
2026-09-17 19:00:27 [INFO]   var_db=15.7765 dB
2026-09-17 19:00:27 [INFO] [1010/4911] Processing: ChuWKGky328_011.flac
2026-09-17 19:00:28 [INFO]   var_db=43.3627 dB
2026-09-17 19:00:28 [INFO] [1011/4911] Processing: Clf5BfnM9Jw_000.flac
2026-09-17 19:00:31 [INFO]   var_db=42.5118 dB
2026-09-17 19:00:31 [INFO] [1012/4911] Processing: Clf5BfnM9Jw_001.flac
2026-09-17 19:00:33 [INFO]   var_db=35.6003 dB
2026-09-17 19:00:33 [INFO] [1013/4911] Processing: Clf5BfnM9Jw_002.flac
2026-09-17 19:00:37 [INFO]   var_db=18.5185 dB
2026-09-17 19:00:37 [INFO] [1014/4911] Processing: Clf5BfnM9Jw_003.flac
2026-09-17 19:00:40 [INFO]   var_db=13.3751 dB
2026-09-17 19:00:40 [INFO] [1015/4911] Processing: Clf5BfnM9Jw_004.flac
2026-09-17 19:00:44 [INFO]   var_db=18.7390 dB
2026-09-17 19:00:44 [INFO] [1016/4911] Processing: Clf5BfnM9Jw_005.flac
2026-09-17 19:00:47 [INFO]   var_db=13.1872 dB
2026-09-17 19:00:47 [INFO] [1017/4911] Processing: Clf5BfnM9Jw_006.flac
2026-09-17 19:00:52 [INFO]   var_db=10.6209 dB
2026-09-17 19:00:52 [INFO] [1018/4911] Processing: Clf5BfnM9Jw_007.flac
2026-09-17 19:00:54 [INFO]   var_db=22.6360 dB
2026-09-17 19:00:54 [INFO] [1019/4911] Processing: Clf5BfnM9Jw_008.flac
2026-09-17 19:00:55 [INFO]   var_db=43.3569 dB
2026-09-17 19:00:55 [INFO] [1020/4911] Processing: D4tcSVKiT5s_000.flac
2026-09-17 19:01:01 [INFO]   var_db=11.1190 dB
2026-09-17 19:01:01 [INFO] [1021/4911] Processing: D4tcSVKiT5s_001.flac
2026-09-17 19:01:02 [INFO]   var_db=6.2963 dB
2026-09-17 19:01:02 [INFO] [1022/4911] Processing: DJBEpeA9Vrw_000.flac
2026-09-17 19:01:05 [INFO]   var_db=14.1328 dB
2026-09-17 19:01:05 [INFO] [1023/4911] Processing: DJBEpeA9Vrw_001.flac
2026-09-17 19:01:09 [INFO]   var_db=9.1880 dB
2026-09-17 19:01:09 [INFO] [1024/4911] Processing: DJBEpeA9Vrw_002.flac
2026-09-17 19:01:10 [INFO]   var_db=6.9054 dB
2026-09-17 19:01:10 [INFO] [1025/4911] Processing: DJBEpeA9Vrw_003.flac
2026-09-17 19:01:12 [INFO]   var_db=7.4437 dB
2026-09-17 19:01:12 [INFO] [1026/4911] Processing: DJBEpeA9Vrw_004.flac
2026-09-17 19:01:15 [INFO]   var_db=3.3801 dB
2026-09-17 19:01:15 [INFO] [1027/4911] Processing: DJBEpeA9Vrw_005.flac
2026-09-17 19:01:17 [INFO]   var_db=8.1302 dB
2026-09-17 19:01:17 [INFO] [1028/4911] Processing: DJBEpeA9Vrw_006.flac
2026-09-17 19:01:20 [INFO]   var_db=11.2709 dB
2026-09-17 19:01:20 [INFO] [1029/4911] Processing: DJBEpeA9Vrw_007.flac
2026-09-17 19:01:21 [INFO]   var_db=10.3158 dB
2026-09-17 19:01:21 [INFO] [1030/4911] Processing: DJBEpeA9Vrw_008.flac
2026-09-17 19:01:23 [INFO]   var_db=5.5923 dB
2026-09-17 19:01:23 [INFO] [1031/4911] Processing: DJBEpeA9Vrw_009.flac
2026-09-17 19:01:30 [INFO]   var_db=5.6198 dB
2026-09-17 19:01:30 [INFO] [1032/4911] Processing: DJBEpeA9Vrw_010.flac
2026-09-17 19:01:36 [INFO]   var_db=4.8593 dB
2026-09-17 19:01:36 [INFO] [1033/4911] Processing: DJBEpeA9Vrw_011.flac
2026-09-17 19:01:39 [INFO]   var_db=11.3631 dB
2026-09-17 19:01:39 [INFO] [1034/4911] Processing: DJBEpeA9Vrw_012.flac
2026-09-17 19:01:41 [INFO]   var_db=8.7460 dB
2026-09-17 19:01:41 [INFO] [1035/4911] Processing: DJBEpeA9Vrw_013.flac
2026-09-17 19:01:42 [INFO]   var_db=4.5023 dB
2026-09-17 19:01:42 [INFO] [1036/4911] Processing: DJBEpeA9Vrw_014.flac
2026-09-17 19:01:46 [INFO]   var_db=11.5395 dB
2026-09-17 19:01:46 [INFO] [1037/4911] Processing: DJBEpeA9Vrw_015.flac
2026-09-17 19:01:52 [INFO]   var_db=5.3118 dB
2026-09-17 19:01:52 [INFO] [1038/4911] Processing: DJBEpeA9Vrw_016.flac
2026-09-17 19:01:57 [INFO]   var_db=3.7507 dB
2026-09-17 19:01:57 [INFO] [1039/4911] Processing: DJBEpeA9Vrw_017.flac
2026-09-17 19:02:01 [INFO]   var_db=5.0963 dB
2026-09-17 19:02:01 [INFO] [1040/4911] Processing: DJBEpeA9Vrw_018.flac
2026-09-17 19:02:05 [INFO]   var_db=6.0385 dB
2026-09-17 19:02:05 [INFO] [1041/4911] Processing: DJBEpeA9Vrw_019.flac
2026-09-17 19:02:08 [INFO]   var_db=0.1210 dB
2026-09-17 19:02:08 [INFO] [1042/4911] Processing: DJBEpeA9Vrw_020.flac
2026-09-17 19:02:10 [INFO]   var_db=2.9748 dB
2026-09-17 19:02:10 [INFO] [1043/4911] Processing: DJBEpeA9Vrw_021.flac
2026-09-17 19:02:11 [INFO]   var_db=45.9454 dB
2026-09-17 19:02:11 [INFO] [1044/4911] Processing: DJBEpeA9Vrw_022.flac
2026-09-17 19:02:13 [INFO]   var_db=42.8755 dB
2026-09-17 19:02:13 [INFO] [1045/4911] Processing: DKWM_Jesc2E_000.flac
2026-09-17 19:02:17 [INFO]   var_db=8.5568 dB
2026-09-17 19:02:17 [INFO] [1046/4911] Processing: DKWM_Jesc2E_001.flac
2026-09-17 19:02:19 [INFO]   var_db=3.5078 dB
2026-09-17 19:02:19 [INFO] [1047/4911] Processing: DKWM_Jesc2E_002.flac
2026-09-17 19:02:20 [INFO]   var_db=6.3827 dB
2026-09-17 19:02:20 [INFO] [1048/4911] Processing: DS1XikAPAvI_000.flac
2026-09-17 19:02:23 [INFO]   var_db=14.7196 dB
2026-09-17 19:02:23 [INFO] [1049/4911] Processing: DS1XikAPAvI_001.flac
2026-09-17 19:02:24 [INFO]   var_db=8.4424 dB
2026-09-17 19:02:24 [INFO] [1050/4911] Processing: DS1XikAPAvI_002.flac
2026-09-17 19:02:25 [INFO]   var_db=9.8682 dB
2026-09-17 19:02:25 [INFO] [1051/4911] Processing: DS1XikAPAvI_003.flac
2026-09-17 19:02:29 [INFO]   var_db=9.0074 dB
2026-09-17 19:02:29 [INFO] [1052/4911] Processing: DS1XikAPAvI_004.flac
2026-09-17 19:02:31 [INFO]   var_db=5.6890 dB
2026-09-17 19:02:31 [INFO] [1053/4911] Processing: DS1XikAPAvI_005.flac
2026-09-17 19:02:33 [INFO]   var_db=7.7309 dB
2026-09-17 19:02:33 [INFO] [1054/4911] Processing: DS1XikAPAvI_006.flac
2026-09-17 19:02:34 [INFO]   var_db=10.0228 dB
2026-09-17 19:02:34 [INFO] [1055/4911] Processing: DS1XikAPAvI_007.flac
2026-09-17 19:02:35 [INFO]   var_db=8.5587 dB
2026-09-17 19:02:35 [INFO] [1056/4911] Processing: DS1XikAPAvI_008.flac
2026-09-17 19:02:38 [INFO]   var_db=6.0936 dB
2026-09-17 19:02:38 [INFO] [1057/4911] Processing: DS1XikAPAvI_009.flac
2026-09-17 19:02:39 [INFO]   var_db=8.6256 dB
2026-09-17 19:02:39 [INFO] [1058/4911] Processing: DS1XikAPAvI_010.flac
2026-09-17 19:02:42 [INFO]   var_db=10.4498 dB
2026-09-17 19:02:42 [INFO] [1059/4911] Processing: DS1XikAPAvI_011.flac
2026-09-17 19:02:43 [INFO]   var_db=14.3453 dB
2026-09-17 19:02:43 [INFO] [1060/4911] Processing: DS1XikAPAvI_012.flac
2026-09-17 19:02:44 [INFO]   var_db=11.8107 dB
2026-09-17 19:02:44 [INFO] [1061/4911] Processing: DS1XikAPAvI_013.flac
2026-09-17 19:02:46 [INFO]   var_db=14.2440 dB
2026-09-17 19:02:46 [INFO] [1062/4911] Processing: DS1XikAPAvI_014.flac
2026-09-17 19:02:48 [INFO]   var_db=17.7186 dB
2026-09-17 19:02:48 [INFO] [1063/4911] Processing: DS1XikAPAvI_015.flac
2026-09-17 19:02:49 [INFO]   var_db=43.5385 dB
2026-09-17 19:02:49 [INFO] [1064/4911] Processing: DUsvDjI7DQY_000.flac
2026-09-17 19:02:50 [INFO]   var_db=-0.8220 dB
2026-09-17 19:02:50 [INFO] [1065/4911] Processing: DUsvDjI7DQY_001.flac
2026-09-17 19:02:52 [INFO]   var_db=-0.3145 dB
2026-09-17 19:02:52 [INFO] [1066/4911] Processing: DUsvDjI7DQY_002.flac
2026-09-17 19:02:54 [INFO]   var_db=20.1720 dB
2026-09-17 19:02:54 [INFO] [1067/4911] Processing: DUsvDjI7DQY_003.flac
2026-09-17 19:02:55 [INFO]   var_db=43.1419 dB
2026-09-17 19:02:55 [INFO] [1068/4911] Processing: DXevfNOda1Y_000.flac
2026-09-17 19:02:59 [INFO]   var_db=14.5796 dB
2026-09-17 19:02:59 [INFO] [1069/4911] Processing: DXevfNOda1Y_001.flac
2026-09-17 19:03:02 [INFO]   var_db=26.5230 dB
2026-09-17 19:03:02 [INFO] [1070/4911] Processing: DXevfNOda1Y_002.flac
2026-09-17 19:03:05 [INFO]   var_db=24.2908 dB
2026-09-17 19:03:05 [INFO] [1071/4911] Processing: DXevfNOda1Y_003.flac
2026-09-17 19:03:06 [INFO]   var_db=37.0411 dB
2026-09-17 19:03:06 [INFO] [1072/4911] Processing: DXevfNOda1Y_004.flac
2026-09-17 19:03:08 [INFO]   var_db=18.6205 dB
2026-09-17 19:03:08 [INFO] [1073/4911] Processing: DXevfNOda1Y_005.flac
2026-09-17 19:03:09 [INFO]   var_db=16.8174 dB
2026-09-17 19:03:09 [INFO] [1074/4911] Processing: DXevfNOda1Y_006.flac
2026-09-17 19:03:10 [INFO]   var_db=6.0170 dB
2026-09-17 19:03:10 [INFO] [1075/4911] Processing: DXevfNOda1Y_007.flac
2026-09-17 19:03:12 [INFO]   var_db=3.5094 dB
2026-09-17 19:03:12 [INFO] [1076/4911] Processing: DXevfNOda1Y_008.flac
2026-09-17 19:03:13 [INFO]   var_db=6.3127 dB
2026-09-17 19:03:13 [INFO] [1077/4911] Processing: DcQSQOjoUvs_000.flac
2026-09-17 19:03:19 [INFO]   var_db=10.7282 dB
2026-09-17 19:03:19 [INFO] [1078/4911] Processing: DcQSQOjoUvs_001.flac
2026-09-17 19:03:24 [INFO]   var_db=11.0237 dB
2026-09-17 19:03:24 [INFO] [1079/4911] Processing: DcQSQOjoUvs_002.flac
2026-09-17 19:03:27 [INFO]   var_db=7.9242 dB
2026-09-17 19:03:27 [INFO] [1080/4911] Processing: DcQSQOjoUvs_003.flac
2026-09-17 19:03:29 [INFO]   var_db=6.6364 dB
2026-09-17 19:03:29 [INFO] [1081/4911] Processing: DcQSQOjoUvs_004.flac
2026-09-17 19:03:32 [INFO]   var_db=3.1271 dB
2026-09-17 19:03:32 [INFO] [1082/4911] Processing: DcQSQOjoUvs_005.flac
2026-09-17 19:03:33 [INFO]   var_db=2.4793 dB
2026-09-17 19:03:33 [INFO] [1083/4911] Processing: DcQSQOjoUvs_006.flac
2026-09-17 19:03:34 [INFO]   var_db=13.6670 dB
2026-09-17 19:03:34 [INFO] [1084/4911] Processing: DcQSQOjoUvs_007.flac
2026-09-17 19:03:41 [INFO]   var_db=5.2797 dB
2026-09-17 19:03:41 [INFO] [1085/4911] Processing: DcQSQOjoUvs_008.flac
2026-09-17 19:03:48 [INFO]   var_db=5.0534 dB
2026-09-17 19:03:48 [INFO] [1086/4911] Processing: DcQSQOjoUvs_009.flac
2026-09-17 19:03:50 [INFO]   var_db=4.3178 dB
2026-09-17 19:03:50 [INFO] [1087/4911] Processing: DcQSQOjoUvs_010.flac
2026-09-17 19:03:51 [INFO]   var_db=6.3165 dB
2026-09-17 19:03:51 [INFO] [1088/4911] Processing: DlTr0cIV3pI_000.flac
2026-09-17 19:03:53 [INFO]   var_db=42.4254 dB
2026-09-17 19:03:53 [INFO] [1089/4911] Processing: DlTr0cIV3pI_001.flac
2026-09-17 19:03:55 [INFO]   var_db=41.4172 dB
2026-09-17 19:03:55 [INFO] [1090/4911] Processing: DlTr0cIV3pI_002.flac
2026-09-17 19:04:00 [INFO]   var_db=15.2347 dB
2026-09-17 19:04:00 [INFO] [1091/4911] Processing: DlTr0cIV3pI_003.flac
2026-09-17 19:04:03 [INFO]   var_db=10.8301 dB
2026-09-17 19:04:03 [INFO] [1092/4911] Processing: DlTr0cIV3pI_004.flac
2026-09-17 19:04:05 [INFO]   var_db=39.2658 dB
2026-09-17 19:04:05 [INFO] [1093/4911] Processing: DlTr0cIV3pI_005.flac
2026-09-17 19:04:06 [INFO]   var_db=37.4536 dB
2026-09-17 19:04:06 [INFO] [1094/4911] Processing: DlTr0cIV3pI_006.flac
2026-09-17 19:04:07 [INFO]   var_db=28.6387 dB
2026-09-17 19:04:07 [INFO] [1095/4911] Processing: DlTr0cIV3pI_007.flac
2026-09-17 19:04:09 [INFO]   var_db=29.0780 dB
2026-09-17 19:04:09 [INFO] [1096/4911] Processing: DlTr0cIV3pI_008.flac
2026-09-17 19:04:10 [INFO]   var_db=35.6372 dB
2026-09-17 19:04:10 [INFO] [1097/4911] Processing: DlTr0cIV3pI_009.flac
2026-09-17 19:04:13 [INFO]   var_db=19.7941 dB
2026-09-17 19:04:13 [INFO] [1098/4911] Processing: DlTr0cIV3pI_010.flac
2026-09-17 19:04:14 [INFO]   var_db=43.0883 dB
2026-09-17 19:04:14 [INFO] [1099/4911] Processing: Dx2wTJvIagk_000.flac
2026-09-17 19:04:15 [INFO]   var_db=18.1921 dB
2026-09-17 19:04:15 [INFO] [1100/4911] Processing: Dx2wTJvIagk_001.flac
2026-09-17 19:04:18 [INFO]   var_db=15.5001 dB
2026-09-17 19:04:18 [INFO] [1101/4911] Processing: Dx2wTJvIagk_002.flac
2026-09-17 19:04:21 [INFO]   var_db=11.9719 dB
2026-09-17 19:04:21 [INFO] [1102/4911] Processing: Dx2wTJvIagk_003.flac
2026-09-17 19:04:24 [INFO]   var_db=12.6638 dB
2026-09-17 19:04:24 [INFO] [1103/4911] Processing: Dx2wTJvIagk_004.flac
2026-09-17 19:04:30 [INFO]   var_db=15.9847 dB
2026-09-17 19:04:30 [INFO] [1104/4911] Processing: Dx2wTJvIagk_005.flac
2026-09-17 19:04:32 [INFO]   var_db=19.6818 dB
2026-09-17 19:04:32 [INFO] [1105/4911] Processing: Dx2wTJvIagk_006.flac
2026-09-17 19:04:33 [INFO]   var_db=43.2221 dB
2026-09-17 19:04:33 [INFO] [1106/4911] Processing: DxIZchf4AhY_000.flac
2026-09-17 19:04:37 [INFO]   var_db=16.4704 dB
2026-09-17 19:04:37 [INFO] [1107/4911] Processing: DxIZchf4AhY_001.flac
2026-09-17 19:04:38 [INFO]   var_db=10.8897 dB
2026-09-17 19:04:38 [INFO] [1108/4911] Processing: DxIZchf4AhY_002.flac
2026-09-17 19:04:41 [INFO]   var_db=5.0842 dB
2026-09-17 19:04:41 [INFO] [1109/4911] Processing: DxIZchf4AhY_003.flac
2026-09-17 19:04:43 [INFO]   var_db=6.1657 dB
2026-09-17 19:04:43 [INFO] [1110/4911] Processing: DxIZchf4AhY_004.flac
2026-09-17 19:04:46 [INFO]   var_db=6.2749 dB
2026-09-17 19:04:46 [INFO] [1111/4911] Processing: DxIZchf4AhY_005.flac
2026-09-17 19:04:51 [INFO]   var_db=8.4333 dB
2026-09-17 19:04:51 [INFO] [1112/4911] Processing: DxIZchf4AhY_006.flac
2026-09-17 19:04:54 [INFO]   var_db=14.4475 dB
2026-09-17 19:04:54 [INFO] [1113/4911] Processing: DxIZchf4AhY_007.flac
2026-09-17 19:04:57 [INFO]   var_db=14.7372 dB
2026-09-17 19:04:57 [INFO] [1114/4911] Processing: DxIZchf4AhY_008.flac
2026-09-17 19:05:04 [INFO]   var_db=49.9533 dB
2026-09-17 19:05:04 [INFO] [1115/4911] Processing: DxIZchf4AhY_009.flac
2026-09-17 19:05:08 [INFO]   var_db=48.7167 dB
2026-09-17 19:05:08 [INFO] [1116/4911] Processing: DxIZchf4AhY_010.flac
2026-09-17 19:05:10 [INFO]   var_db=3.4857 dB
2026-09-17 19:05:10 [INFO] [1117/4911] Processing: DxIZchf4AhY_011.flac
2026-09-17 19:05:11 [INFO]   var_db=6.2776 dB
2026-09-17 19:05:11 [INFO] [1118/4911] Processing: E38mAVkj75o_000.flac
2026-09-17 19:05:19 [INFO]   var_db=13.3104 dB
2026-09-17 19:05:19 [INFO] [1119/4911] Processing: E38mAVkj75o_001.flac
2026-09-17 19:05:24 [INFO]   var_db=10.4120 dB
2026-09-17 19:05:24 [INFO] [1120/4911] Processing: E38mAVkj75o_002.flac
2026-09-17 19:05:25 [INFO]   var_db=9.4254 dB
2026-09-17 19:05:25 [INFO] [1121/4911] Processing: E38mAVkj75o_003.flac
2026-09-17 19:05:27 [INFO]   var_db=6.6757 dB
2026-09-17 19:05:27 [INFO] [1122/4911] Processing: E38mAVkj75o_004.flac
2026-09-17 19:05:29 [INFO]   var_db=15.4854 dB
2026-09-17 19:05:29 [INFO] [1123/4911] Processing: E38mAVkj75o_005.flac
2026-09-17 19:05:31 [INFO]   var_db=16.3572 dB
2026-09-17 19:05:31 [INFO] [1124/4911] Processing: E38mAVkj75o_006.flac
2026-09-17 19:05:33 [INFO]   var_db=47.7267 dB
2026-09-17 19:05:33 [INFO] [1125/4911] Processing: E38mAVkj75o_007.flac
2026-09-17 19:05:34 [INFO]   var_db=47.3000 dB
2026-09-17 19:05:34 [INFO] [1126/4911] Processing: E38mAVkj75o_008.flac
2026-09-17 19:05:37 [INFO]   var_db=3.5080 dB
2026-09-17 19:05:37 [INFO] [1127/4911] Processing: E38mAVkj75o_009.flac
2026-09-17 19:05:38 [INFO]   var_db=6.2757 dB
2026-09-17 19:05:38 [INFO] [1128/4911] Processing: E9t_dwH76xA_000.flac
2026-09-17 19:05:42 [INFO]   var_db=20.2963 dB
2026-09-17 19:05:42 [INFO] [1129/4911] Processing: E9t_dwH76xA_001.flac
2026-09-17 19:05:48 [INFO]   var_db=12.2826 dB
2026-09-17 19:05:48 [INFO] [1130/4911] Processing: E9t_dwH76xA_002.flac
2026-09-17 19:05:51 [INFO]   var_db=11.4608 dB
2026-09-17 19:05:51 [INFO] [1131/4911] Processing: E9t_dwH76xA_003.flac
2026-09-17 19:05:53 [INFO]   var_db=9.0206 dB
2026-09-17 19:05:53 [INFO] [1132/4911] Processing: E9t_dwH76xA_004.flac
2026-09-17 19:05:57 [INFO]   var_db=9.2486 dB
2026-09-17 19:05:57 [INFO] [1133/4911] Processing: E9t_dwH76xA_005.flac
2026-09-17 19:05:58 [INFO]   var_db=11.5694 dB
2026-09-17 19:05:58 [INFO] [1134/4911] Processing: E_-8NpZvgX8_000.flac
2026-09-17 19:06:02 [INFO]   var_db=11.9785 dB
2026-09-17 19:06:02 [INFO] [1135/4911] Processing: E_-8NpZvgX8_001.flac
2026-09-17 19:06:03 [INFO]   var_db=4.5858 dB
2026-09-17 19:06:03 [INFO] [1136/4911] Processing: E_-8NpZvgX8_002.flac
2026-09-17 19:06:04 [INFO]   var_db=6.4605 dB
2026-09-17 19:06:04 [INFO] [1137/4911] Processing: EeylsOcnkV0_000.flac
2026-09-17 19:06:10 [INFO]   var_db=9.6246 dB
2026-09-17 19:06:10 [INFO] [1138/4911] Processing: EeylsOcnkV0_001.flac
2026-09-17 19:06:11 [INFO]   var_db=6.3250 dB
2026-09-17 19:06:11 [INFO] [1139/4911] Processing: EjuEqBFmEec_000.flac
2026-09-17 19:06:13 [INFO]   var_db=14.3486 dB
2026-09-17 19:06:13 [INFO] [1140/4911] Processing: EjuEqBFmEec_001.flac
2026-09-17 19:06:15 [INFO]   var_db=6.9730 dB
2026-09-17 19:06:15 [INFO] [1141/4911] Processing: EjuEqBFmEec_002.flac
2026-09-17 19:06:17 [INFO]   var_db=8.5568 dB
2026-09-17 19:06:17 [INFO] [1142/4911] Processing: EjuEqBFmEec_003.flac
2026-09-17 19:06:23 [INFO]   var_db=12.1120 dB
2026-09-17 19:06:23 [INFO] [1143/4911] Processing: EjuEqBFmEec_004.flac
2026-09-17 19:06:27 [INFO]   var_db=14.7173 dB
2026-09-17 19:06:27 [INFO] [1144/4911] Processing: EjuEqBFmEec_005.flac
2026-09-17 19:06:30 [INFO]   var_db=8.4702 dB
2026-09-17 19:06:30 [INFO] [1145/4911] Processing: EjuEqBFmEec_006.flac
2026-09-17 19:06:31 [INFO]   var_db=6.3053 dB
2026-09-17 19:06:31 [INFO] [1146/4911] Processing: EmrhZY6LBz8_000.flac
2026-09-17 19:06:33 [INFO]   var_db=7.0554 dB
2026-09-17 19:06:33 [INFO] [1147/4911] Processing: EmrhZY6LBz8_001.flac
2026-09-17 19:06:34 [INFO]   var_db=9.9698 dB
2026-09-17 19:06:34 [INFO] [1148/4911] Processing: EmrhZY6LBz8_002.flac
2026-09-17 19:06:39 [INFO]   var_db=26.8683 dB
2026-09-17 19:06:39 [INFO] [1149/4911] Processing: EmrhZY6LBz8_003.flac
2026-09-17 19:06:40 [INFO]   var_db=42.9574 dB
2026-09-17 19:06:40 [INFO] [1150/4911] Processing: EsZChyzmWBk_000.flac
2026-09-17 19:06:41 [INFO]   var_db=40.9289 dB
2026-09-17 19:06:41 [INFO] [1151/4911] Processing: EsZChyzmWBk_001.flac
2026-09-17 19:06:42 [INFO]   var_db=40.5589 dB
2026-09-17 19:06:42 [INFO] [1152/4911] Processing: EsZChyzmWBk_002.flac
2026-09-17 19:06:43 [INFO]   var_db=11.3197 dB
2026-09-17 19:06:43 [INFO] [1153/4911] Processing: EsZChyzmWBk_003.flac
2026-09-17 19:06:44 [INFO]   var_db=11.5103 dB
2026-09-17 19:06:44 [INFO] [1154/4911] Processing: EsZChyzmWBk_004.flac
2026-09-17 19:06:47 [INFO]   var_db=6.7992 dB
2026-09-17 19:06:47 [INFO] [1155/4911] Processing: EsZChyzmWBk_005.flac
2026-09-17 19:06:49 [INFO]   var_db=5.0458 dB
2026-09-17 19:06:49 [INFO] [1156/4911] Processing: EsZChyzmWBk_006.flac
2026-09-17 19:06:53 [INFO]   var_db=3.9188 dB
2026-09-17 19:06:53 [INFO] [1157/4911] Processing: EsZChyzmWBk_007.flac
2026-09-17 19:07:00 [INFO]   var_db=1.7226 dB
2026-09-17 19:07:00 [INFO] [1158/4911] Processing: EsZChyzmWBk_008.flac
2026-09-17 19:07:03 [INFO]   var_db=3.0995 dB
2026-09-17 19:07:03 [INFO] [1159/4911] Processing: EsZChyzmWBk_009.flac
2026-09-17 19:07:05 [INFO]   var_db=20.0383 dB
2026-09-17 19:07:05 [INFO] [1160/4911] Processing: EsZChyzmWBk_010.flac
2026-09-17 19:07:06 [INFO]   var_db=42.8119 dB
2026-09-17 19:07:06 [INFO] [1161/4911] Processing: F38e7ixY4a4_000.flac
2026-09-17 19:07:13 [INFO]   var_db=12.5276 dB
2026-09-17 19:07:13 [INFO] [1162/4911] Processing: F38e7ixY4a4_001.flac
2026-09-17 19:07:17 [INFO]   var_db=12.0469 dB
2026-09-17 19:07:17 [INFO] [1163/4911] Processing: F38e7ixY4a4_002.flac
2026-09-17 19:07:21 [INFO]   var_db=15.5702 dB
2026-09-17 19:07:21 [INFO] [1164/4911] Processing: F38e7ixY4a4_003.flac
2026-09-17 19:07:27 [INFO]   var_db=10.5429 dB
2026-09-17 19:07:27 [INFO] [1165/4911] Processing: F38e7ixY4a4_004.flac
2026-09-17 19:07:30 [INFO]   var_db=9.8421 dB
2026-09-17 19:07:30 [INFO] [1166/4911] Processing: F38e7ixY4a4_005.flac
2026-09-17 19:07:33 [INFO]   var_db=3.2418 dB
2026-09-17 19:07:33 [INFO] [1167/4911] Processing: F38e7ixY4a4_006.flac
2026-09-17 19:07:34 [INFO]   var_db=6.2561 dB
2026-09-17 19:07:34 [INFO] [1168/4911] Processing: F8HqdV6ZH6M_000.flac
2026-09-17 19:07:36 [INFO]   var_db=17.0842 dB
2026-09-17 19:07:36 [INFO] [1169/4911] Processing: F8HqdV6ZH6M_001.flac
2026-09-17 19:07:43 [INFO]   var_db=13.7802 dB
2026-09-17 19:07:43 [INFO] [1170/4911] Processing: F8HqdV6ZH6M_002.flac
2026-09-17 19:07:50 [INFO]   var_db=23.7183 dB
2026-09-17 19:07:50 [INFO] [1171/4911] Processing: F8HqdV6ZH6M_003.flac
2026-09-17 19:07:52 [INFO]   var_db=40.6549 dB
2026-09-17 19:07:52 [INFO] [1172/4911] Processing: F8HqdV6ZH6M_004.flac
2026-09-17 19:07:59 [INFO]   var_db=43.4957 dB
2026-09-17 19:07:59 [INFO] [1173/4911] Processing: F8HqdV6ZH6M_005.flac
2026-09-17 19:08:01 [INFO]   var_db=43.4464 dB
2026-09-17 19:08:01 [INFO] [1174/4911] Processing: F8HqdV6ZH6M_006.flac
2026-09-17 19:08:04 [INFO]   var_db=43.6800 dB
2026-09-17 19:08:04 [INFO] [1175/4911] Processing: FQbcVgnA-Iw_000.flac
2026-09-17 19:08:05 [INFO]   var_db=39.3037 dB
2026-09-17 19:08:05 [INFO] [1176/4911] Processing: FQbcVgnA-Iw_001.flac
2026-09-17 19:08:12 [INFO]   var_db=10.9295 dB
2026-09-17 19:08:12 [INFO] [1177/4911] Processing: FQbcVgnA-Iw_002.flac
2026-09-17 19:08:14 [INFO]   var_db=4.2103 dB
2026-09-17 19:08:14 [INFO] [1178/4911] Processing: FQbcVgnA-Iw_003.flac
2026-09-17 19:08:15 [INFO]   var_db=6.2730 dB
2026-09-17 19:08:15 [INFO] [1179/4911] Processing: G1CmViCBoyE_000.flac
2026-09-17 19:08:17 [INFO]   var_db=21.5570 dB
2026-09-17 19:08:17 [INFO] [1180/4911] Processing: G1CmViCBoyE_001.flac
2026-09-17 19:08:18 [INFO]   var_db=41.1935 dB
2026-09-17 19:08:18 [INFO] [1181/4911] Processing: G1CmViCBoyE_002.flac
2026-09-17 19:08:26 [INFO]   var_db=42.4450 dB
2026-09-17 19:08:26 [INFO] [1182/4911] Processing: G1CmViCBoyE_003.flac
2026-09-17 19:08:28 [INFO]   var_db=43.2540 dB
2026-09-17 19:08:28 [INFO] [1183/4911] Processing: G4HXoD0Za0U_000.flac
2026-09-17 19:08:30 [INFO]   var_db=40.8823 dB
2026-09-17 19:08:30 [INFO] [1184/4911] Processing: G4HXoD0Za0U_001.flac
2026-09-17 19:08:34 [INFO]   var_db=38.9934 dB
2026-09-17 19:08:34 [INFO] [1185/4911] Processing: G4HXoD0Za0U_002.flac
2026-09-17 19:08:36 [INFO]   var_db=41.6598 dB
2026-09-17 19:08:36 [INFO] [1186/4911] Processing: G4HXoD0Za0U_003.flac
2026-09-17 19:08:38 [INFO]   var_db=37.6667 dB
2026-09-17 19:08:38 [INFO] [1187/4911] Processing: G4HXoD0Za0U_004.flac
2026-09-17 19:08:43 [INFO]   var_db=42.2002 dB
2026-09-17 19:08:43 [INFO] [1188/4911] Processing: G4HXoD0Za0U_005.flac
2026-09-17 19:08:46 [INFO]   var_db=42.7588 dB
2026-09-17 19:08:46 [INFO] [1189/4911] Processing: G4HXoD0Za0U_006.flac
2026-09-17 19:08:50 [INFO]   var_db=31.7335 dB
2026-09-17 19:08:50 [INFO] [1190/4911] Processing: G4HXoD0Za0U_007.flac
2026-09-17 19:08:51 [INFO]   var_db=35.2274 dB
2026-09-17 19:08:51 [INFO] [1191/4911] Processing: G4HXoD0Za0U_008.flac
2026-09-17 19:08:52 [INFO]   var_db=38.4897 dB
2026-09-17 19:08:52 [INFO] [1192/4911] Processing: G4HXoD0Za0U_009.flac
2026-09-17 19:08:56 [INFO]   var_db=23.2375 dB
2026-09-17 19:08:56 [INFO] [1193/4911] Processing: G4HXoD0Za0U_010.flac
2026-09-17 19:09:00 [INFO]   var_db=16.2344 dB
2026-09-17 19:09:00 [INFO] [1194/4911] Processing: G4HXoD0Za0U_011.flac
2026-09-17 19:09:04 [INFO]   var_db=15.8277 dB
2026-09-17 19:09:04 [INFO] [1195/4911] Processing: G4HXoD0Za0U_012.flac
2026-09-17 19:09:07 [INFO]   var_db=13.7177 dB
2026-09-17 19:09:07 [INFO] [1196/4911] Processing: G4HXoD0Za0U_013.flac
2026-09-17 19:09:10 [INFO]   var_db=15.9437 dB
2026-09-17 19:09:10 [INFO] [1197/4911] Processing: G4HXoD0Za0U_014.flac
2026-09-17 19:09:14 [INFO]   var_db=15.7626 dB
2026-09-17 19:09:14 [INFO] [1198/4911] Processing: G4HXoD0Za0U_015.flac
2026-09-17 19:09:17 [INFO]   var_db=15.8745 dB
2026-09-17 19:09:17 [INFO] [1199/4911] Processing: G4HXoD0Za0U_016.flac
2026-09-17 19:09:21 [INFO]   var_db=15.3273 dB
2026-09-17 19:09:21 [INFO] [1200/4911] Processing: G4HXoD0Za0U_017.flac
2026-09-17 19:09:24 [INFO]   var_db=14.1269 dB
2026-09-17 19:09:24 [INFO] [1201/4911] Processing: G4HXoD0Za0U_018.flac
2026-09-17 19:09:29 [INFO]   var_db=17.4895 dB
2026-09-17 19:09:29 [INFO] [1202/4911] Processing: G4HXoD0Za0U_019.flac
2026-09-17 19:09:34 [INFO]   var_db=35.2265 dB
2026-09-17 19:09:34 [INFO] [1203/4911] Processing: G4HXoD0Za0U_020.flac
2026-09-17 19:09:38 [INFO]   var_db=20.6343 dB
2026-09-17 19:09:38 [INFO] [1204/4911] Processing: G4HXoD0Za0U_021.flac
2026-09-17 19:09:39 [INFO]   var_db=43.0452 dB
2026-09-17 19:09:39 [INFO] [1205/4911] Processing: GEIQJZJwm1k_000.flac
2026-09-17 19:09:44 [INFO]   var_db=13.9802 dB
2026-09-17 19:09:44 [INFO] [1206/4911] Processing: GEIQJZJwm1k_001.flac
2026-09-17 19:09:46 [INFO]   var_db=17.2664 dB
2026-09-17 19:09:46 [INFO] [1207/4911] Processing: GEIQJZJwm1k_002.flac
2026-09-17 19:09:53 [INFO]   var_db=40.4315 dB
2026-09-17 19:09:53 [INFO] [1208/4911] Processing: GEIQJZJwm1k_003.flac
2026-09-17 19:09:56 [INFO]   var_db=23.0335 dB
2026-09-17 19:09:56 [INFO] [1209/4911] Processing: GEIQJZJwm1k_004.flac
2026-09-17 19:09:58 [INFO]   var_db=39.7671 dB
2026-09-17 19:09:58 [INFO] [1210/4911] Processing: GEIQJZJwm1k_005.flac
2026-09-17 19:10:05 [INFO]   var_db=10.4631 dB
2026-09-17 19:10:05 [INFO] [1211/4911] Processing: GEIQJZJwm1k_006.flac
2026-09-17 19:10:13 [INFO]   var_db=10.0953 dB
2026-09-17 19:10:13 [INFO] [1212/4911] Processing: GEIQJZJwm1k_007.flac
2026-09-17 19:10:16 [INFO]   var_db=11.7626 dB
2026-09-17 19:10:16 [INFO] [1213/4911] Processing: GEIQJZJwm1k_008.flac
2026-09-17 19:10:20 [INFO]   var_db=10.2103 dB
2026-09-17 19:10:20 [INFO] [1214/4911] Processing: GEIQJZJwm1k_009.flac
2026-09-17 19:10:23 [INFO]   var_db=5.5783 dB
2026-09-17 19:10:23 [INFO] [1215/4911] Processing: GEIQJZJwm1k_010.flac
2026-09-17 19:10:24 [INFO]   var_db=6.3133 dB
2026-09-17 19:10:24 [INFO] [1216/4911] Processing: GFVh0R4C_Bw_000.flac
2026-09-17 19:10:29 [INFO]   var_db=15.3769 dB
2026-09-17 19:10:29 [INFO] [1217/4911] Processing: GFVh0R4C_Bw_001.flac
2026-09-17 19:10:34 [INFO]   var_db=11.5594 dB
2026-09-17 19:10:34 [INFO] [1218/4911] Processing: GFVh0R4C_Bw_002.flac
2026-09-17 19:10:36 [INFO]   var_db=45.8347 dB
2026-09-17 19:10:36 [INFO] [1219/4911] Processing: GFVh0R4C_Bw_003.flac
2026-09-17 19:10:37 [INFO]   var_db=42.4371 dB
2026-09-17 19:10:37 [INFO] [1220/4911] Processing: GFVh0R4C_Bw_004.flac
2026-09-17 19:10:39 [INFO]   var_db=3.6240 dB
2026-09-17 19:10:39 [INFO] [1221/4911] Processing: GFVh0R4C_Bw_005.flac
2026-09-17 19:10:40 [INFO]   var_db=6.2226 dB
2026-09-17 19:10:40 [INFO] [1222/4911] Processing: GMkEvBXdQvQ_000.flac
2026-09-17 19:10:42 [INFO]   var_db=21.0395 dB
2026-09-17 19:10:42 [INFO] [1223/4911] Processing: GMkEvBXdQvQ_001.flac
2026-09-17 19:10:47 [INFO]   var_db=44.7732 dB
2026-09-17 19:10:47 [INFO] [1224/4911] Processing: GMkEvBXdQvQ_002.flac
2026-09-17 19:10:51 [INFO]   var_db=9.5962 dB
2026-09-17 19:10:51 [INFO] [1225/4911] Processing: GMkEvBXdQvQ_003.flac
2026-09-17 19:10:55 [INFO]   var_db=46.7944 dB
2026-09-17 19:10:55 [INFO] [1226/4911] Processing: GMkEvBXdQvQ_004.flac
2026-09-17 19:10:57 [INFO]   var_db=33.8510 dB
2026-09-17 19:10:57 [INFO] [1227/4911] Processing: GMkEvBXdQvQ_005.flac
2026-09-17 19:11:01 [INFO]   var_db=42.3829 dB
2026-09-17 19:11:01 [INFO] [1228/4911] Processing: GMkEvBXdQvQ_006.flac
2026-09-17 19:11:03 [INFO]   var_db=43.3019 dB
2026-09-17 19:11:03 [INFO] [1229/4911] Processing: GQvPGbh4Wcs_000.flac
2026-09-17 19:11:05 [INFO]   var_db=19.8410 dB
2026-09-17 19:11:05 [INFO] [1230/4911] Processing: GQvPGbh4Wcs_001.flac
2026-09-17 19:11:06 [INFO]   var_db=43.2259 dB
2026-09-17 19:11:06 [INFO] [1231/4911] Processing: GQvPGbh4Wcs_002.flac
2026-09-17 19:11:09 [INFO]   var_db=41.9694 dB
2026-09-17 19:11:09 [INFO] [1232/4911] Processing: GQvPGbh4Wcs_003.flac
2026-09-17 19:11:15 [INFO]   var_db=43.8986 dB
2026-09-17 19:11:15 [INFO] [1233/4911] Processing: GQvPGbh4Wcs_004.flac
2026-09-17 19:11:19 [INFO]   var_db=43.3663 dB
2026-09-17 19:11:19 [INFO] [1234/4911] Processing: GQvPGbh4Wcs_005.flac
2026-09-17 19:11:21 [INFO]   var_db=43.7245 dB
2026-09-17 19:11:21 [INFO] [1235/4911] Processing: GVMVx2z4_2w_000.flac
2026-09-17 19:11:26 [INFO]   var_db=11.5065 dB
2026-09-17 19:11:26 [INFO] [1236/4911] Processing: GVMVx2z4_2w_001.flac
2026-09-17 19:11:27 [INFO]   var_db=4.7366 dB
2026-09-17 19:11:27 [INFO] [1237/4911] Processing: GVMVx2z4_2w_002.flac
2026-09-17 19:11:28 [INFO]   var_db=6.3474 dB
2026-09-17 19:11:28 [INFO] [1238/4911] Processing: GjammNDiAvI_000.flac
2026-09-17 19:11:36 [INFO]   var_db=11.9092 dB
2026-09-17 19:11:36 [INFO] [1239/4911] Processing: GjammNDiAvI_001.flac
2026-09-17 19:11:39 [INFO]   var_db=10.0550 dB
2026-09-17 19:11:39 [INFO] [1240/4911] Processing: GjammNDiAvI_002.flac
2026-09-17 19:11:42 [INFO]   var_db=12.8657 dB
2026-09-17 19:11:42 [INFO] [1241/4911] Processing: GjammNDiAvI_003.flac
2026-09-17 19:11:47 [INFO]   var_db=8.1588 dB
2026-09-17 19:11:47 [INFO] [1242/4911] Processing: GjammNDiAvI_004.flac
2026-09-17 19:11:48 [INFO]   var_db=6.3128 dB
2026-09-17 19:11:48 [INFO] [1243/4911] Processing: Gv-5FWKl3Is_000.flac
2026-09-17 19:11:55 [INFO]   var_db=34.7216 dB
2026-09-17 19:11:55 [INFO] [1244/4911] Processing: Gv-5FWKl3Is_001.flac
2026-09-17 19:12:02 [INFO]   var_db=29.0637 dB
2026-09-17 19:12:02 [INFO] [1245/4911] Processing: Gv-5FWKl3Is_002.flac
2026-09-17 19:12:03 [INFO]   var_db=-2.7072 dB
2026-09-17 19:12:03 [INFO] [1246/4911] Processing: Gv-5FWKl3Is_003.flac
2026-09-17 19:12:04 [INFO]   var_db=4.6401 dB
2026-09-17 19:12:04 [INFO] [1247/4911] Processing: Gv-5FWKl3Is_004.flac
2026-09-17 19:12:06 [INFO]   var_db=6.3162 dB
2026-09-17 19:12:06 [INFO] [1248/4911] Processing: GyF3MkvI5_Q_000.flac
2026-09-17 19:12:08 [INFO]   var_db=34.1461 dB
2026-09-17 19:12:08 [INFO] [1249/4911] Processing: GyF3MkvI5_Q_001.flac
2026-09-17 19:12:09 [INFO]   var_db=42.7457 dB
2026-09-17 19:12:09 [INFO] [1250/4911] Processing: GyF3MkvI5_Q_002.flac
2026-09-17 19:12:11 [INFO]   var_db=42.3903 dB
2026-09-17 19:12:11 [INFO] [1251/4911] Processing: GyF3MkvI5_Q_003.flac
2026-09-17 19:12:12 [INFO]   var_db=46.0516 dB
2026-09-17 19:12:12 [INFO] [1252/4911] Processing: GyF3MkvI5_Q_004.flac
2026-09-17 19:12:13 [INFO]   var_db=34.2725 dB
2026-09-17 19:12:13 [INFO] [1253/4911] Processing: GyF3MkvI5_Q_005.flac
2026-09-17 19:12:14 [INFO]   var_db=35.0738 dB
2026-09-17 19:12:14 [INFO] [1254/4911] Processing: GyF3MkvI5_Q_006.flac
2026-09-17 19:12:15 [INFO]   var_db=45.3257 dB
2026-09-17 19:12:15 [INFO] [1255/4911] Processing: GyF3MkvI5_Q_007.flac
2026-09-17 19:12:17 [INFO]   var_db=18.6274 dB
2026-09-17 19:12:17 [INFO] [1256/4911] Processing: GyF3MkvI5_Q_008.flac
2026-09-17 19:12:19 [INFO]   var_db=15.1497 dB
2026-09-17 19:12:19 [INFO] [1257/4911] Processing: GyF3MkvI5_Q_009.flac
2026-09-17 19:12:21 [INFO]   var_db=11.1480 dB
2026-09-17 19:12:21 [INFO] [1258/4911] Processing: GyF3MkvI5_Q_010.flac
2026-09-17 19:12:23 [INFO]   var_db=14.3979 dB
2026-09-17 19:12:23 [INFO] [1259/4911] Processing: GyF3MkvI5_Q_011.flac
2026-09-17 19:12:25 [INFO]   var_db=12.4419 dB
2026-09-17 19:12:25 [INFO] [1260/4911] Processing: GyF3MkvI5_Q_012.flac
2026-09-17 19:12:27 [INFO]   var_db=12.5021 dB
2026-09-17 19:12:27 [INFO] [1261/4911] Processing: GyF3MkvI5_Q_013.flac
2026-09-17 19:12:29 [INFO]   var_db=11.6245 dB
2026-09-17 19:12:29 [INFO] [1262/4911] Processing: GyF3MkvI5_Q_014.flac
2026-09-17 19:12:31 [INFO]   var_db=12.7315 dB
2026-09-17 19:12:31 [INFO] [1263/4911] Processing: GyF3MkvI5_Q_015.flac
2026-09-17 19:12:34 [INFO]   var_db=13.7326 dB
2026-09-17 19:12:34 [INFO] [1264/4911] Processing: GyF3MkvI5_Q_016.flac
2026-09-17 19:12:36 [INFO]   var_db=21.5666 dB
2026-09-17 19:12:36 [INFO] [1265/4911] Processing: GyF3MkvI5_Q_017.flac
2026-09-17 19:12:37 [INFO]   var_db=42.9201 dB
2026-09-17 19:12:37 [INFO] [1266/4911] Processing: H76OGYLhQ3k_000.flac
2026-09-17 19:12:40 [INFO]   var_db=23.3454 dB
2026-09-17 19:12:40 [INFO] [1267/4911] Processing: H76OGYLhQ3k_001.flac
2026-09-17 19:12:47 [INFO]   var_db=16.1144 dB
2026-09-17 19:12:47 [INFO] [1268/4911] Processing: H76OGYLhQ3k_002.flac
2026-09-17 19:12:49 [INFO]   var_db=15.6000 dB
2026-09-17 19:12:49 [INFO] [1269/4911] Processing: H76OGYLhQ3k_003.flac
2026-09-17 19:12:52 [INFO]   var_db=9.6125 dB
2026-09-17 19:12:52 [INFO] [1270/4911] Processing: H76OGYLhQ3k_004.flac
2026-09-17 19:12:54 [INFO]   var_db=7.2182 dB
2026-09-17 19:12:54 [INFO] [1271/4911] Processing: H76OGYLhQ3k_005.flac
2026-09-17 19:12:56 [INFO]   var_db=11.7031 dB
2026-09-17 19:12:56 [INFO] [1272/4911] Processing: H8P8xQmhwNc_000.flac
2026-09-17 19:13:03 [INFO]   var_db=8.9697 dB
2026-09-17 19:13:03 [INFO] [1273/4911] Processing: H8P8xQmhwNc_001.flac
2026-09-17 19:13:05 [INFO]   var_db=17.5600 dB
2026-09-17 19:13:05 [INFO] [1274/4911] Processing: H8P8xQmhwNc_002.flac
2026-09-17 19:13:06 [INFO]   var_db=10.0802 dB
2026-09-17 19:13:06 [INFO] [1275/4911] Processing: HWBsd3FAzc0_000.flac
2026-09-17 19:13:10 [INFO]   var_db=11.6009 dB
2026-09-17 19:13:10 [INFO] [1276/4911] Processing: HWBsd3FAzc0_001.flac
2026-09-17 19:13:16 [INFO]   var_db=13.2842 dB
2026-09-17 19:13:16 [INFO] [1277/4911] Processing: HWBsd3FAzc0_002.flac
2026-09-17 19:13:23 [INFO]   var_db=10.6883 dB
2026-09-17 19:13:23 [INFO] [1278/4911] Processing: HWBsd3FAzc0_003.flac
2026-09-17 19:13:28 [INFO]   var_db=7.1853 dB
2026-09-17 19:13:28 [INFO] [1279/4911] Processing: HWBsd3FAzc0_004.flac
2026-09-17 19:13:35 [INFO]   var_db=7.3833 dB
2026-09-17 19:13:35 [INFO] [1280/4911] Processing: HWBsd3FAzc0_005.flac
2026-09-17 19:13:37 [INFO]   var_db=11.1400 dB
2026-09-17 19:13:37 [INFO] [1281/4911] Processing: HWBsd3FAzc0_006.flac
2026-09-17 19:13:45 [INFO]   var_db=13.4499 dB
2026-09-17 19:13:45 [INFO] [1282/4911] Processing: HWBsd3FAzc0_007.flac
2026-09-17 19:13:47 [INFO]   var_db=5.6687 dB
2026-09-17 19:13:47 [INFO] [1283/4911] Processing: HWBsd3FAzc0_008.flac
2026-09-17 19:13:48 [INFO]   var_db=9.6040 dB
2026-09-17 19:13:48 [INFO] [1284/4911] Processing: HaFoIJ9r5BA_000.flac
2026-09-17 19:13:54 [INFO]   var_db=17.6866 dB
2026-09-17 19:13:54 [INFO] [1285/4911] Processing: HaFoIJ9r5BA_001.flac
2026-09-17 19:13:58 [INFO]   var_db=12.3471 dB
2026-09-17 19:13:58 [INFO] [1286/4911] Processing: HaFoIJ9r5BA_002.flac
2026-09-17 19:14:00 [INFO]   var_db=13.1461 dB
2026-09-17 19:14:00 [INFO] [1287/4911] Processing: HaFoIJ9r5BA_003.flac
2026-09-17 19:14:02 [INFO]   var_db=9.8218 dB
2026-09-17 19:14:02 [INFO] [1288/4911] Processing: HaFoIJ9r5BA_004.flac
2026-09-17 19:14:05 [INFO]   var_db=10.8448 dB
2026-09-17 19:14:05 [INFO] [1289/4911] Processing: HaFoIJ9r5BA_005.flac
2026-09-17 19:14:10 [INFO]   var_db=10.3711 dB
2026-09-17 19:14:10 [INFO] [1290/4911] Processing: HaFoIJ9r5BA_006.flac
2026-09-17 19:14:11 [INFO]   var_db=12.7871 dB
2026-09-17 19:14:11 [INFO] [1291/4911] Processing: HudUFSsgtdY_000.flac
2026-09-17 19:14:18 [INFO]   var_db=9.0177 dB
2026-09-17 19:14:18 [INFO] [1292/4911] Processing: HudUFSsgtdY_001.flac
2026-09-17 19:14:22 [INFO]   var_db=8.7582 dB
2026-09-17 19:14:22 [INFO] [1293/4911] Processing: HudUFSsgtdY_002.flac
2026-09-17 19:14:24 [INFO]   var_db=10.8345 dB
2026-09-17 19:14:24 [INFO] [1294/4911] Processing: HudUFSsgtdY_003.flac
2026-09-17 19:14:26 [INFO]   var_db=12.5687 dB
2026-09-17 19:14:26 [INFO] [1295/4911] Processing: HudUFSsgtdY_004.flac
2026-09-17 19:14:28 [INFO]   var_db=3.6745 dB
2026-09-17 19:14:28 [INFO] [1296/4911] Processing: HudUFSsgtdY_005.flac
2026-09-17 19:14:29 [INFO]   var_db=6.2633 dB
2026-09-17 19:14:29 [INFO] [1297/4911] Processing: HvzKA_f6270_000.flac
2026-09-17 19:14:34 [INFO]   var_db=41.4584 dB
2026-09-17 19:14:34 [INFO] [1298/4911] Processing: HvzKA_f6270_001.flac
2026-09-17 19:14:36 [INFO]   var_db=13.5646 dB
2026-09-17 19:14:36 [INFO] [1299/4911] Processing: HvzKA_f6270_002.flac
2026-09-17 19:14:38 [INFO]   var_db=15.1660 dB
2026-09-17 19:14:38 [INFO] [1300/4911] Processing: HvzKA_f6270_003.flac
2026-09-17 19:14:40 [INFO]   var_db=15.0490 dB
2026-09-17 19:14:40 [INFO] [1301/4911] Processing: HvzKA_f6270_004.flac
2026-09-17 19:14:42 [INFO]   var_db=16.4930 dB
2026-09-17 19:14:42 [INFO] [1302/4911] Processing: HvzKA_f6270_005.flac
2026-09-17 19:14:45 [INFO]   var_db=17.0745 dB
2026-09-17 19:14:45 [INFO] [1303/4911] Processing: HvzKA_f6270_006.flac
2026-09-17 19:14:47 [INFO]   var_db=16.1244 dB
2026-09-17 19:14:47 [INFO] [1304/4911] Processing: HvzKA_f6270_007.flac
2026-09-17 19:14:49 [INFO]   var_db=14.3050 dB
2026-09-17 19:14:49 [INFO] [1305/4911] Processing: HvzKA_f6270_008.flac
2026-09-17 19:14:51 [INFO]   var_db=14.4545 dB
2026-09-17 19:14:51 [INFO] [1306/4911] Processing: HvzKA_f6270_009.flac
2026-09-17 19:14:53 [INFO]   var_db=15.7152 dB
2026-09-17 19:14:53 [INFO] [1307/4911] Processing: HvzKA_f6270_010.flac
2026-09-17 19:14:58 [INFO]   var_db=20.5048 dB
2026-09-17 19:14:58 [INFO] [1308/4911] Processing: HvzKA_f6270_011.flac
2026-09-17 19:14:59 [INFO]   var_db=42.6520 dB
2026-09-17 19:14:59 [INFO] [1309/4911] Processing: I25mx9obTao_000.flac
2026-09-17 19:15:01 [INFO]   var_db=10.9254 dB
2026-09-17 19:15:01 [INFO] [1310/4911] Processing: I25mx9obTao_001.flac
2026-09-17 19:15:04 [INFO]   var_db=7.0296 dB
2026-09-17 19:15:04 [INFO] [1311/4911] Processing: I25mx9obTao_002.flac
2026-09-17 19:15:06 [INFO]   var_db=1.8053 dB
2026-09-17 19:15:06 [INFO] [1312/4911] Processing: I25mx9obTao_003.flac
2026-09-17 19:15:33 [INFO]   var_db=3.6950 dB
2026-09-17 19:15:33 [INFO] [1313/4911] Processing: I25mx9obTao_004.flac
2026-09-17 19:15:35 [INFO]   var_db=8.2813 dB
2026-09-17 19:15:35 [INFO] [1314/4911] Processing: I4PruxwTvMI_000.flac
2026-09-17 19:15:44 [INFO]   var_db=13.9805 dB
2026-09-17 19:15:44 [INFO] [1315/4911] Processing: I4PruxwTvMI_001.flac
2026-09-17 19:15:52 [INFO]   var_db=10.6426 dB
2026-09-17 19:15:52 [INFO] [1316/4911] Processing: I4PruxwTvMI_002.flac
2026-09-17 19:16:00 [INFO]   var_db=10.4551 dB
2026-09-17 19:16:00 [INFO] [1317/4911] Processing: I4PruxwTvMI_003.flac
2026-09-17 19:16:08 [INFO]   var_db=10.9671 dB
2026-09-17 19:16:08 [INFO] [1318/4911] Processing: I4PruxwTvMI_004.flac
2026-09-17 19:16:12 [INFO]   var_db=9.6764 dB
2026-09-17 19:16:12 [INFO] [1319/4911] Processing: I4PruxwTvMI_005.flac
2026-09-17 19:16:20 [INFO]   var_db=13.5291 dB
2026-09-17 19:16:20 [INFO] [1320/4911] Processing: I4PruxwTvMI_006.flac
2026-09-17 19:16:29 [INFO]   var_db=6.2026 dB
2026-09-17 19:16:29 [INFO] [1321/4911] Processing: I4PruxwTvMI_007.flac
2026-09-17 19:16:35 [INFO]   var_db=5.9924 dB
2026-09-17 19:16:35 [INFO] [1322/4911] Processing: I4PruxwTvMI_008.flac
2026-09-17 19:16:37 [INFO]   var_db=43.6268 dB
2026-09-17 19:16:37 [INFO] [1323/4911] Processing: IDxcTUrnsv4_000.flac
2026-09-17 19:16:39 [INFO]   var_db=40.0967 dB
2026-09-17 19:16:39 [INFO] [1324/4911] Processing: IDxcTUrnsv4_001.flac
2026-09-17 19:16:42 [INFO]   var_db=43.4046 dB
2026-09-17 19:16:42 [INFO] [1325/4911] Processing: IDxcTUrnsv4_002.flac
2026-09-17 19:16:44 [INFO]   var_db=23.2469 dB
2026-09-17 19:16:44 [INFO] [1326/4911] Processing: IDxcTUrnsv4_003.flac
2026-09-17 19:16:47 [INFO]   var_db=23.4307 dB
2026-09-17 19:16:47 [INFO] [1327/4911] Processing: IDxcTUrnsv4_004.flac
2026-09-17 19:16:55 [INFO]   var_db=15.5653 dB
2026-09-17 19:16:55 [INFO] [1328/4911] Processing: IDxcTUrnsv4_005.flac
2026-09-17 19:16:57 [INFO]   var_db=14.0793 dB
2026-09-17 19:16:57 [INFO] [1329/4911] Processing: IDxcTUrnsv4_006.flac
2026-09-17 19:17:03 [INFO]   var_db=12.7168 dB
2026-09-17 19:17:03 [INFO] [1330/4911] Processing: IDxcTUrnsv4_007.flac
2026-09-17 19:17:08 [INFO]   var_db=16.8260 dB
2026-09-17 19:17:08 [INFO] [1331/4911] Processing: IDxcTUrnsv4_008.flac
2026-09-17 19:17:11 [INFO]   var_db=17.5041 dB
2026-09-17 19:17:11 [INFO] [1332/4911] Processing: IDxcTUrnsv4_009.flac
2026-09-17 19:17:15 [INFO]   var_db=13.9329 dB
2026-09-17 19:17:15 [INFO] [1333/4911] Processing: IDxcTUrnsv4_010.flac
2026-09-17 19:17:17 [INFO]   var_db=15.2652 dB
2026-09-17 19:17:17 [INFO] [1334/4911] Processing: IDxcTUrnsv4_011.flac
2026-09-17 19:17:22 [INFO]   var_db=19.0310 dB
2026-09-17 19:17:22 [INFO] [1335/4911] Processing: IDxcTUrnsv4_012.flac
2026-09-17 19:17:24 [INFO]   var_db=19.2296 dB
2026-09-17 19:17:24 [INFO] [1336/4911] Processing: IDxcTUrnsv4_013.flac
2026-09-17 19:17:32 [INFO]   var_db=13.7736 dB
2026-09-17 19:17:32 [INFO] [1337/4911] Processing: IDxcTUrnsv4_014.flac
2026-09-17 19:17:33 [INFO]   var_db=16.7268 dB
2026-09-17 19:17:33 [INFO] [1338/4911] Processing: IDxcTUrnsv4_015.flac
2026-09-17 19:17:39 [INFO]   var_db=15.5498 dB
2026-09-17 19:17:39 [INFO] [1339/4911] Processing: IDxcTUrnsv4_016.flac
2026-09-17 19:17:43 [INFO]   var_db=11.9172 dB
2026-09-17 19:17:43 [INFO] [1340/4911] Processing: IDxcTUrnsv4_017.flac
2026-09-17 19:17:49 [INFO]   var_db=13.6100 dB
2026-09-17 19:17:49 [INFO] [1341/4911] Processing: IDxcTUrnsv4_018.flac
2026-09-17 19:17:51 [INFO]   var_db=20.5846 dB
2026-09-17 19:17:51 [INFO] [1342/4911] Processing: IDxcTUrnsv4_019.flac
2026-09-17 19:17:54 [INFO]   var_db=20.2429 dB
2026-09-17 19:17:54 [INFO] [1343/4911] Processing: IDxcTUrnsv4_020.flac
2026-09-17 19:17:55 [INFO]   var_db=42.9907 dB
2026-09-17 19:17:55 [INFO] [1344/4911] Processing: IKvAudm2wXs_000.flac
2026-09-17 19:18:00 [INFO]   var_db=9.9149 dB
2026-09-17 19:18:00 [INFO] [1345/4911] Processing: IKvAudm2wXs_001.flac
2026-09-17 19:18:02 [INFO]   var_db=3.4016 dB
2026-09-17 19:18:02 [INFO] [1346/4911] Processing: IKvAudm2wXs_002.flac
2026-09-17 19:18:03 [INFO]   var_db=6.3945 dB
2026-09-17 19:18:03 [INFO] [1347/4911] Processing: INvijfl8Wyk_000.flac
2026-09-17 19:18:05 [INFO]   var_db=41.2803 dB
2026-09-17 19:18:05 [INFO] [1348/4911] Processing: INvijfl8Wyk_001.flac
2026-09-17 19:18:07 [INFO]   var_db=17.2518 dB
2026-09-17 19:18:07 [INFO] [1349/4911] Processing: INvijfl8Wyk_002.flac
2026-09-17 19:18:08 [INFO]   var_db=13.8743 dB
2026-09-17 19:18:08 [INFO] [1350/4911] Processing: INvijfl8Wyk_003.flac
2026-09-17 19:18:09 [INFO]   var_db=12.5958 dB
2026-09-17 19:18:09 [INFO] [1351/4911] Processing: INvijfl8Wyk_004.flac
2026-09-17 19:18:11 [INFO]   var_db=18.1759 dB
2026-09-17 19:18:11 [INFO] [1352/4911] Processing: INvijfl8Wyk_005.flac
2026-09-17 19:18:12 [INFO]   var_db=19.1002 dB
2026-09-17 19:18:12 [INFO] [1353/4911] Processing: INvijfl8Wyk_006.flac
2026-09-17 19:18:13 [INFO]   var_db=17.3843 dB
2026-09-17 19:18:13 [INFO] [1354/4911] Processing: INvijfl8Wyk_007.flac
2026-09-17 19:18:19 [INFO]   var_db=16.5464 dB
2026-09-17 19:18:19 [INFO] [1355/4911] Processing: INvijfl8Wyk_008.flac
2026-09-17 19:18:21 [INFO]   var_db=16.3734 dB
2026-09-17 19:18:21 [INFO] [1356/4911] Processing: INvijfl8Wyk_009.flac
2026-09-17 19:18:23 [INFO]   var_db=14.3717 dB
2026-09-17 19:18:23 [INFO] [1357/4911] Processing: INvijfl8Wyk_010.flac
2026-09-17 19:18:25 [INFO]   var_db=14.0630 dB
2026-09-17 19:18:25 [INFO] [1358/4911] Processing: INvijfl8Wyk_011.flac
2026-09-17 19:18:28 [INFO]   var_db=18.4245 dB
2026-09-17 19:18:28 [INFO] [1359/4911] Processing: INvijfl8Wyk_012.flac
2026-09-17 19:18:33 [INFO]   var_db=17.3787 dB
2026-09-17 19:18:33 [INFO] [1360/4911] Processing: INvijfl8Wyk_013.flac
2026-09-17 19:18:35 [INFO]   var_db=14.8571 dB
2026-09-17 19:18:35 [INFO] [1361/4911] Processing: INvijfl8Wyk_014.flac
2026-09-17 19:18:38 [INFO]   var_db=22.7010 dB
2026-09-17 19:18:38 [INFO] [1362/4911] Processing: INvijfl8Wyk_015.flac
2026-09-17 19:18:39 [INFO]   var_db=42.6166 dB
2026-09-17 19:18:39 [INFO] [1363/4911] Processing: I_jBx-DrsvA_000.flac
2026-09-17 19:18:43 [INFO]   var_db=12.9625 dB
2026-09-17 19:18:43 [INFO] [1364/4911] Processing: I_jBx-DrsvA_001.flac
2026-09-17 19:18:48 [INFO]   var_db=13.9621 dB
2026-09-17 19:18:48 [INFO] [1365/4911] Processing: I_jBx-DrsvA_002.flac
2026-09-17 19:18:49 [INFO]   var_db=4.8174 dB
2026-09-17 19:18:49 [INFO] [1366/4911] Processing: I_jBx-DrsvA_003.flac
2026-09-17 19:18:50 [INFO]   var_db=6.3422 dB
2026-09-17 19:18:50 [INFO] [1367/4911] Processing: IcBQQKO3XYs_000.flac
2026-09-17 19:18:51 [INFO]   var_db=42.9468 dB
2026-09-17 19:18:51 [INFO] [1368/4911] Processing: IcBQQKO3XYs_001.flac
2026-09-17 19:18:54 [INFO]   var_db=43.7726 dB
2026-09-17 19:18:54 [INFO] [1369/4911] Processing: IcBQQKO3XYs_002.flac
2026-09-17 19:18:55 [INFO]   var_db=39.3690 dB
2026-09-17 19:18:55 [INFO] [1370/4911] Processing: IcBQQKO3XYs_003.flac
2026-09-17 19:18:57 [INFO]   var_db=40.8020 dB
2026-09-17 19:18:57 [INFO] [1371/4911] Processing: IcBQQKO3XYs_004.flac
2026-09-17 19:18:58 [INFO]   var_db=39.3939 dB
2026-09-17 19:18:58 [INFO] [1372/4911] Processing: IcBQQKO3XYs_005.flac
2026-09-17 19:19:00 [INFO]   var_db=18.7486 dB
2026-09-17 19:19:00 [INFO] [1373/4911] Processing: IcBQQKO3XYs_006.flac
2026-09-17 19:19:02 [INFO]   var_db=7.8774 dB
2026-09-17 19:19:02 [INFO] [1374/4911] Processing: IcBQQKO3XYs_007.flac
2026-09-17 19:19:06 [INFO]   var_db=7.5276 dB
2026-09-17 19:19:06 [INFO] [1375/4911] Processing: IcBQQKO3XYs_008.flac
2026-09-17 19:19:09 [INFO]   var_db=8.6758 dB
2026-09-17 19:19:09 [INFO] [1376/4911] Processing: IcBQQKO3XYs_009.flac
2026-09-17 19:19:12 [INFO]   var_db=8.1062 dB
2026-09-17 19:19:12 [INFO] [1377/4911] Processing: IcBQQKO3XYs_010.flac
2026-09-17 19:19:14 [INFO]   var_db=15.4819 dB
2026-09-17 19:19:14 [INFO] [1378/4911] Processing: IcBQQKO3XYs_011.flac
2026-09-17 19:19:16 [INFO]   var_db=7.9214 dB
2026-09-17 19:19:16 [INFO] [1379/4911] Processing: IcBQQKO3XYs_012.flac
2026-09-17 19:19:18 [INFO]   var_db=6.5995 dB
2026-09-17 19:19:18 [INFO] [1380/4911] Processing: IcBQQKO3XYs_013.flac
2026-09-17 19:19:21 [INFO]   var_db=5.8435 dB
2026-09-17 19:19:21 [INFO] [1381/4911] Processing: IcBQQKO3XYs_014.flac
2026-09-17 19:19:25 [INFO]   var_db=4.8936 dB
2026-09-17 19:19:25 [INFO] [1382/4911] Processing: IcBQQKO3XYs_015.flac
2026-09-17 19:19:26 [INFO]   var_db=31.5165 dB
2026-09-17 19:19:26 [INFO] [1383/4911] Processing: IcBQQKO3XYs_016.flac
2026-09-17 19:19:28 [INFO]   var_db=19.2554 dB
2026-09-17 19:19:28 [INFO] [1384/4911] Processing: IcBQQKO3XYs_017.flac
2026-09-17 19:19:30 [INFO]   var_db=42.5323 dB
2026-09-17 19:19:30 [INFO] [1385/4911] Processing: IhZRs2KfY38_000.flac
2026-09-17 19:19:38 [INFO]   var_db=16.7616 dB
2026-09-17 19:19:38 [INFO] [1386/4911] Processing: IhZRs2KfY38_001.flac
2026-09-17 19:19:40 [INFO]   var_db=17.7651 dB
2026-09-17 19:19:40 [INFO] [1387/4911] Processing: IhZRs2KfY38_002.flac
2026-09-17 19:19:41 [INFO]   var_db=10.1813 dB
2026-09-17 19:19:41 [INFO] [1388/4911] Processing: IjWra_3iNgc_000.flac
2026-09-17 19:19:45 [INFO]   var_db=8.7080 dB
2026-09-17 19:19:45 [INFO] [1389/4911] Processing: IjWra_3iNgc_001.flac
2026-09-17 19:19:49 [INFO]   var_db=6.8181 dB
2026-09-17 19:19:49 [INFO] [1390/4911] Processing: IjWra_3iNgc_002.flac
2026-09-17 19:19:50 [INFO]   var_db=6.2898 dB
2026-09-17 19:19:50 [INFO] [1391/4911] Processing: IrQWplUZbAo_000.flac
2026-09-17 19:19:58 [INFO]   var_db=18.9090 dB
2026-09-17 19:19:58 [INFO] [1392/4911] Processing: IrQWplUZbAo_001.flac
2026-09-17 19:20:03 [INFO]   var_db=19.1766 dB
2026-09-17 19:20:03 [INFO] [1393/4911] Processing: IrQWplUZbAo_002.flac
2026-09-17 19:20:05 [INFO]   var_db=43.9709 dB
2026-09-17 19:20:05 [INFO] [1394/4911] Processing: IzqSRRMta9w_000.flac
2026-09-17 19:20:06 [INFO]   var_db=42.4783 dB
2026-09-17 19:20:06 [INFO] [1395/4911] Processing: IzqSRRMta9w_001.flac
2026-09-17 19:20:08 [INFO]   var_db=42.6520 dB
2026-09-17 19:20:08 [INFO] [1396/4911] Processing: IzqSRRMta9w_002.flac
2026-09-17 19:20:09 [INFO]   var_db=39.9724 dB
2026-09-17 19:20:09 [INFO] [1397/4911] Processing: IzqSRRMta9w_003.flac
2026-09-17 19:20:10 [INFO]   var_db=36.9756 dB
2026-09-17 19:20:10 [INFO] [1398/4911] Processing: IzqSRRMta9w_004.flac
2026-09-17 19:20:11 [INFO]   var_db=30.6451 dB
2026-09-17 19:20:11 [INFO] [1399/4911] Processing: IzqSRRMta9w_005.flac
2026-09-17 19:20:12 [INFO]   var_db=36.6025 dB
2026-09-17 19:20:12 [INFO] [1400/4911] Processing: IzqSRRMta9w_006.flac
2026-09-17 19:20:14 [INFO]   var_db=41.7670 dB
2026-09-17 19:20:14 [INFO] [1401/4911] Processing: IzqSRRMta9w_007.flac
2026-09-17 19:20:15 [INFO]   var_db=39.2664 dB
2026-09-17 19:20:15 [INFO] [1402/4911] Processing: IzqSRRMta9w_008.flac
2026-09-17 19:20:17 [INFO]   var_db=20.9245 dB
2026-09-17 19:20:17 [INFO] [1403/4911] Processing: IzqSRRMta9w_009.flac
2026-09-17 19:20:19 [INFO]   var_db=42.5815 dB
2026-09-17 19:20:19 [INFO] [1404/4911] Processing: JIGLmiix5EU_000.flac
2026-09-17 19:20:24 [INFO]   var_db=9.4244 dB
2026-09-17 19:20:24 [INFO] [1405/4911] Processing: JIGLmiix5EU_001.flac
2026-09-17 19:20:26 [INFO]   var_db=-1.6778 dB
2026-09-17 19:20:26 [INFO] [1406/4911] Processing: JIGLmiix5EU_002.flac
2026-09-17 19:20:31 [INFO]   var_db=16.9487 dB
2026-09-17 19:20:31 [INFO] [1407/4911] Processing: JIGLmiix5EU_003.flac
2026-09-17 19:20:33 [INFO]   var_db=8.9576 dB
2026-09-17 19:20:33 [INFO] [1408/4911] Processing: JIGLmiix5EU_004.flac
2026-09-17 19:20:34 [INFO]   var_db=14.8346 dB
2026-09-17 19:20:34 [INFO] [1409/4911] Processing: JIGLmiix5EU_005.flac
2026-09-17 19:20:35 [INFO]   var_db=15.3969 dB
2026-09-17 19:20:35 [INFO] [1410/4911] Processing: JIGLmiix5EU_006.flac
2026-09-17 19:20:38 [INFO]   var_db=3.4183 dB
2026-09-17 19:20:38 [INFO] [1411/4911] Processing: JIGLmiix5EU_007.flac
2026-09-17 19:20:39 [INFO]   var_db=6.3434 dB
2026-09-17 19:20:39 [INFO] [1412/4911] Processing: JOwokgIDeyw_000.flac
2026-09-17 19:20:42 [INFO]   var_db=-1.2090 dB
2026-09-17 19:20:42 [INFO] [1413/4911] Processing: JOwokgIDeyw_001.flac
2026-09-17 19:20:46 [INFO]   var_db=6.5406 dB
2026-09-17 19:20:46 [INFO] [1414/4911] Processing: JOwokgIDeyw_002.flac
2026-09-17 19:20:52 [INFO]   var_db=20.8919 dB
2026-09-17 19:20:52 [INFO] [1415/4911] Processing: JOwokgIDeyw_003.flac
2026-09-17 19:20:54 [INFO]   var_db=3.3656 dB
2026-09-17 19:20:54 [INFO] [1416/4911] Processing: JOwokgIDeyw_004.flac
2026-09-17 19:20:56 [INFO]   var_db=6.3448 dB
2026-09-17 19:20:56 [INFO] [1417/4911] Processing: JV2q-Wiq6k4_000.flac
2026-09-17 19:21:02 [INFO]   var_db=11.7464 dB
2026-09-17 19:21:02 [INFO] [1418/4911] Processing: JV2q-Wiq6k4_001.flac
2026-09-17 19:21:07 [INFO]   var_db=11.5144 dB
2026-09-17 19:21:07 [INFO] [1419/4911] Processing: JV2q-Wiq6k4_002.flac
2026-09-17 19:21:10 [INFO]   var_db=3.4345 dB
2026-09-17 19:21:10 [INFO] [1420/4911] Processing: JV2q-Wiq6k4_003.flac
2026-09-17 19:21:11 [INFO]   var_db=6.2316 dB
2026-09-17 19:21:11 [INFO] [1421/4911] Processing: JZUiihE418Q_000.flac
2026-09-17 19:21:13 [INFO]   var_db=21.1460 dB
2026-09-17 19:21:13 [INFO] [1422/4911] Processing: JZUiihE418Q_001.flac
2026-09-17 19:21:21 [INFO]   var_db=12.3610 dB
2026-09-17 19:21:21 [INFO] [1423/4911] Processing: JZUiihE418Q_002.flac
2026-09-17 19:21:24 [INFO]   var_db=11.1065 dB
2026-09-17 19:21:24 [INFO] [1424/4911] Processing: JZUiihE418Q_003.flac
2026-09-17 19:21:29 [INFO]   var_db=38.2397 dB
2026-09-17 19:21:29 [INFO] [1425/4911] Processing: JZUiihE418Q_004.flac
2026-09-17 19:21:31 [INFO]   var_db=42.0400 dB
2026-09-17 19:21:31 [INFO] [1426/4911] Processing: JZUiihE418Q_005.flac
2026-09-17 19:21:36 [INFO]   var_db=41.3828 dB
2026-09-17 19:21:36 [INFO] [1427/4911] Processing: JZUiihE418Q_006.flac
2026-09-17 19:21:37 [INFO]   var_db=38.4547 dB
2026-09-17 19:21:37 [INFO] [1428/4911] Processing: JZUiihE418Q_007.flac
2026-09-17 19:21:45 [INFO]   var_db=43.0938 dB
2026-09-17 19:21:45 [INFO] [1429/4911] Processing: JZUiihE418Q_008.flac
2026-09-17 19:21:51 [INFO]   var_db=46.5146 dB
2026-09-17 19:21:51 [INFO] [1430/4911] Processing: JZUiihE418Q_009.flac
2026-09-17 19:21:54 [INFO]   var_db=3.1471 dB
2026-09-17 19:21:54 [INFO] [1431/4911] Processing: JZUiihE418Q_010.flac
2026-09-17 19:21:55 [INFO]   var_db=6.2810 dB
2026-09-17 19:21:55 [INFO] [1432/4911] Processing: J_wNNblannQ_000.flac
2026-09-17 19:21:59 [INFO]   var_db=16.7372 dB
2026-09-17 19:21:59 [INFO] [1433/4911] Processing: J_wNNblannQ_001.flac
2026-09-17 19:22:06 [INFO]   var_db=9.9842 dB
2026-09-17 19:22:06 [INFO] [1434/4911] Processing: J_wNNblannQ_002.flac
2026-09-17 19:22:09 [INFO]   var_db=8.6131 dB
2026-09-17 19:22:09 [INFO] [1435/4911] Processing: J_wNNblannQ_003.flac
2026-09-17 19:22:10 [INFO]   var_db=10.2471 dB
2026-09-17 19:22:10 [INFO] [1436/4911] Processing: Jdz6NtNhg_s_000.flac
2026-09-17 19:22:13 [INFO]   var_db=17.6258 dB
2026-09-17 19:22:13 [INFO] [1437/4911] Processing: Jdz6NtNhg_s_001.flac
2026-09-17 19:22:15 [INFO]   var_db=14.5317 dB
2026-09-17 19:22:15 [INFO] [1438/4911] Processing: Jdz6NtNhg_s_002.flac
2026-09-17 19:22:17 [INFO]   var_db=12.9221 dB
2026-09-17 19:22:17 [INFO] [1439/4911] Processing: Jdz6NtNhg_s_003.flac
2026-09-17 19:22:21 [INFO]   var_db=11.8942 dB
2026-09-17 19:22:21 [INFO] [1440/4911] Processing: Jdz6NtNhg_s_004.flac
2026-09-17 19:22:23 [INFO]   var_db=9.3363 dB
2026-09-17 19:22:23 [INFO] [1441/4911] Processing: Jdz6NtNhg_s_005.flac
2026-09-17 19:22:25 [INFO]   var_db=8.8344 dB
2026-09-17 19:22:25 [INFO] [1442/4911] Processing: Jdz6NtNhg_s_006.flac
2026-09-17 19:22:28 [INFO]   var_db=9.0936 dB
2026-09-17 19:22:28 [INFO] [1443/4911] Processing: Jdz6NtNhg_s_007.flac
2026-09-17 19:22:30 [INFO]   var_db=9.3389 dB
2026-09-17 19:22:30 [INFO] [1444/4911] Processing: Jdz6NtNhg_s_008.flac
2026-09-17 19:22:33 [INFO]   var_db=10.0367 dB
2026-09-17 19:22:33 [INFO] [1445/4911] Processing: Jdz6NtNhg_s_009.flac
2026-09-17 19:22:34 [INFO]   var_db=14.2864 dB
2026-09-17 19:22:34 [INFO] [1446/4911] Processing: Jr-hyQLu1_A_000.flac
2026-09-17 19:22:39 [INFO]   var_db=10.2249 dB
2026-09-17 19:22:39 [INFO] [1447/4911] Processing: Jr-hyQLu1_A_001.flac
2026-09-17 19:22:46 [INFO]   var_db=5.9364 dB
2026-09-17 19:22:46 [INFO] [1448/4911] Processing: Jr-hyQLu1_A_002.flac
2026-09-17 19:22:49 [INFO]   var_db=6.0854 dB
2026-09-17 19:22:49 [INFO] [1449/4911] Processing: Jr-hyQLu1_A_003.flac
2026-09-17 19:22:51 [INFO]   var_db=6.2684 dB
2026-09-17 19:22:51 [INFO] [1450/4911] Processing: K-X5GQcBnTw_000.flac
2026-09-17 19:22:53 [INFO]   var_db=19.9966 dB
2026-09-17 19:22:53 [INFO] [1451/4911] Processing: K-X5GQcBnTw_001.flac
2026-09-17 19:22:54 [INFO]   var_db=41.0373 dB
2026-09-17 19:22:54 [INFO] [1452/4911] Processing: K-X5GQcBnTw_002.flac
2026-09-17 19:23:02 [INFO]   var_db=42.3018 dB
2026-09-17 19:23:02 [INFO] [1453/4911] Processing: K-X5GQcBnTw_003.flac
2026-09-17 19:23:04 [INFO]   var_db=43.5428 dB
2026-09-17 19:23:04 [INFO] [1454/4911] Processing: KCYPmc59G24_000.flac
2026-09-17 19:23:12 [INFO]   var_db=6.0023 dB
2026-09-17 19:23:12 [INFO] [1455/4911] Processing: KCYPmc59G24_001.flac
2026-09-17 19:23:17 [INFO]   var_db=4.5788 dB
2026-09-17 19:23:17 [INFO] [1456/4911] Processing: KCYPmc59G24_002.flac
2026-09-17 19:23:18 [INFO]   var_db=9.5582 dB
2026-09-17 19:23:18 [INFO] [1457/4911] Processing: KENXYyppSeI_000.flac
2026-09-17 19:23:19 [INFO]   var_db=39.8334 dB
2026-09-17 19:23:19 [INFO] [1458/4911] Processing: KENXYyppSeI_001.flac
2026-09-17 19:23:21 [INFO]   var_db=19.3363 dB
2026-09-17 19:23:21 [INFO] [1459/4911] Processing: KENXYyppSeI_002.flac
2026-09-17 19:23:25 [INFO]   var_db=16.4826 dB
2026-09-17 19:23:25 [INFO] [1460/4911] Processing: KENXYyppSeI_003.flac
2026-09-17 19:23:28 [INFO]   var_db=16.2171 dB
2026-09-17 19:23:28 [INFO] [1461/4911] Processing: KENXYyppSeI_004.flac
2026-09-17 19:23:33 [INFO]   var_db=18.9306 dB
2026-09-17 19:23:33 [INFO] [1462/4911] Processing: KENXYyppSeI_005.flac
2026-09-17 19:23:34 [INFO]   var_db=42.1322 dB
2026-09-17 19:23:34 [INFO] [1463/4911] Processing: KYZMOHEXvdk_000.flac
2026-09-17 19:23:36 [INFO]   var_db=11.2144 dB
2026-09-17 19:23:36 [INFO] [1464/4911] Processing: KYZMOHEXvdk_001.flac
2026-09-17 19:23:37 [INFO]   var_db=9.7456 dB
2026-09-17 19:23:37 [INFO] [1465/4911] Processing: KYZMOHEXvdk_002.flac
2026-09-17 19:23:40 [INFO]   var_db=9.1163 dB
2026-09-17 19:23:40 [INFO] [1466/4911] Processing: KYZMOHEXvdk_003.flac
2026-09-17 19:23:41 [INFO]   var_db=10.5397 dB
2026-09-17 19:23:41 [INFO] [1467/4911] Processing: KYZMOHEXvdk_004.flac
2026-09-17 19:23:44 [INFO]   var_db=5.3569 dB
2026-09-17 19:23:44 [INFO] [1468/4911] Processing: KYZMOHEXvdk_005.flac
2026-09-17 19:23:45 [INFO]   var_db=6.2954 dB
2026-09-17 19:23:45 [INFO] [1469/4911] Processing: KZMmfNaj9RY_000.flac
2026-09-17 19:23:46 [INFO]   var_db=4.6476 dB
2026-09-17 19:23:47 [INFO] [1470/4911] Processing: KZMmfNaj9RY_001.flac
2026-09-17 19:23:49 [INFO]   var_db=10.0511 dB
2026-09-17 19:23:49 [INFO] [1471/4911] Processing: KZMmfNaj9RY_002.flac
2026-09-17 19:23:53 [INFO]   var_db=5.6943 dB
2026-09-17 19:23:53 [INFO] [1472/4911] Processing: KZMmfNaj9RY_003.flac
2026-09-17 19:23:55 [INFO]   var_db=2.6199 dB
2026-09-17 19:23:55 [INFO] [1473/4911] Processing: KZMmfNaj9RY_004.flac
2026-09-17 19:23:56 [INFO]   var_db=6.7576 dB
2026-09-17 19:23:56 [INFO] [1474/4911] Processing: KZMmfNaj9RY_005.flac
2026-09-17 19:23:58 [INFO]   var_db=4.7107 dB
2026-09-17 19:23:58 [INFO] [1475/4911] Processing: KZMmfNaj9RY_006.flac
2026-09-17 19:24:03 [INFO]   var_db=5.4000 dB
2026-09-17 19:24:03 [INFO] [1476/4911] Processing: KZMmfNaj9RY_007.flac
2026-09-17 19:24:06 [INFO]   var_db=23.6437 dB
2026-09-17 19:24:06 [INFO] [1477/4911] Processing: KZMmfNaj9RY_008.flac
2026-09-17 19:24:07 [INFO]   var_db=43.0280 dB
2026-09-17 19:24:07 [INFO] [1478/4911] Processing: KmXNJMVQ5Og_000.flac
2026-09-17 19:24:14 [INFO]   var_db=11.6739 dB
2026-09-17 19:24:14 [INFO] [1479/4911] Processing: KmXNJMVQ5Og_001.flac
2026-09-17 19:24:16 [INFO]   var_db=9.2319 dB
2026-09-17 19:24:16 [INFO] [1480/4911] Processing: KmXNJMVQ5Og_002.flac
2026-09-17 19:24:17 [INFO]   var_db=4.7659 dB
2026-09-17 19:24:17 [INFO] [1481/4911] Processing: KwklVl7E6Ec_000.flac
2026-09-17 19:24:21 [INFO]   var_db=16.5554 dB
2026-09-17 19:24:21 [INFO] [1482/4911] Processing: KwklVl7E6Ec_001.flac
2026-09-17 19:24:23 [INFO]   var_db=-4.3070 dB
2026-09-17 19:24:23 [INFO] [1483/4911] Processing: KwklVl7E6Ec_002.flac
2026-09-17 19:24:25 [INFO]   var_db=-4.3966 dB
2026-09-17 19:24:25 [INFO] [1484/4911] Processing: KwklVl7E6Ec_003.flac
2026-09-17 19:24:26 [INFO]   var_db=-25.2149 dB
2026-09-17 19:24:26 [INFO] [1485/4911] Processing: KwklVl7E6Ec_004.flac
2026-09-17 19:24:30 [INFO]   var_db=17.6080 dB
2026-09-17 19:24:30 [INFO] [1486/4911] Processing: KwklVl7E6Ec_005.flac
2026-09-17 19:24:33 [INFO]   var_db=6.9006 dB
2026-09-17 19:24:33 [INFO] [1487/4911] Processing: KwklVl7E6Ec_006.flac
2026-09-17 19:24:34 [INFO]   var_db=6.2519 dB
2026-09-17 19:24:34 [INFO] [1488/4911] Processing: Kx_gGVMiiKk_000.flac
2026-09-17 19:24:39 [INFO]   var_db=10.6345 dB
2026-09-17 19:24:39 [INFO] [1489/4911] Processing: Kx_gGVMiiKk_001.flac
2026-09-17 19:24:41 [INFO]   var_db=15.1470 dB
2026-09-17 19:24:41 [INFO] [1490/4911] Processing: Kx_gGVMiiKk_002.flac
2026-09-17 19:24:45 [INFO]   var_db=15.7906 dB
2026-09-17 19:24:45 [INFO] [1491/4911] Processing: Kx_gGVMiiKk_003.flac
2026-09-17 19:24:50 [INFO]   var_db=14.4472 dB
2026-09-17 19:24:50 [INFO] [1492/4911] Processing: Kx_gGVMiiKk_004.flac
2026-09-17 19:24:55 [INFO]   var_db=14.5070 dB
2026-09-17 19:24:55 [INFO] [1493/4911] Processing: Kx_gGVMiiKk_005.flac
2026-09-17 19:25:00 [INFO]   var_db=20.7258 dB
2026-09-17 19:25:00 [INFO] [1494/4911] Processing: Kx_gGVMiiKk_006.flac
2026-09-17 19:25:01 [INFO]   var_db=42.8609 dB
2026-09-17 19:25:01 [INFO] [1495/4911] Processing: KxhJLL93qwM_000.flac
2026-09-17 19:25:02 [INFO]   var_db=14.0036 dB
2026-09-17 19:25:02 [INFO] [1496/4911] Processing: KxhJLL93qwM_001.flac
2026-09-17 19:25:08 [INFO]   var_db=13.0384 dB
2026-09-17 19:25:08 [INFO] [1497/4911] Processing: KxhJLL93qwM_002.flac
2026-09-17 19:25:14 [INFO]   var_db=11.7386 dB
2026-09-17 19:25:14 [INFO] [1498/4911] Processing: KxhJLL93qwM_003.flac
2026-09-17 19:25:15 [INFO]   var_db=0.6930 dB
2026-09-17 19:25:15 [INFO] [1499/4911] Processing: KxhJLL93qwM_004.flac
2026-09-17 19:25:17 [INFO]   var_db=-6.2726 dB
2026-09-17 19:25:17 [INFO] [1500/4911] Processing: KxhJLL93qwM_005.flac
2026-09-17 19:25:18 [INFO]   var_db=1.7311 dB
2026-09-17 19:25:18 [INFO] [1501/4911] Processing: KxhJLL93qwM_006.flac
2026-09-17 19:25:19 [INFO]   var_db=-1.0004 dB
2026-09-17 19:25:19 [INFO] [1502/4911] Processing: KxhJLL93qwM_007.flac
2026-09-17 19:25:23 [INFO]   var_db=-0.1983 dB
2026-09-17 19:25:23 [INFO] [1503/4911] Processing: KxhJLL93qwM_008.flac
2026-09-17 19:25:24 [INFO]   var_db=0.1425 dB
2026-09-17 19:25:24 [INFO] [1504/4911] Processing: KxhJLL93qwM_009.flac
2026-09-17 19:25:25 [INFO]   var_db=-2.9121 dB
2026-09-17 19:25:25 [INFO] [1505/4911] Processing: KxhJLL93qwM_010.flac
2026-09-17 19:25:26 [INFO]   var_db=1.9974 dB
2026-09-17 19:25:26 [INFO] [1506/4911] Processing: KxhJLL93qwM_011.flac
2026-09-17 19:25:30 [INFO]   var_db=9.4168 dB
2026-09-17 19:25:30 [INFO] [1507/4911] Processing: KxhJLL93qwM_012.flac
2026-09-17 19:25:36 [INFO]   var_db=9.0036 dB
2026-09-17 19:25:36 [INFO] [1508/4911] Processing: KxhJLL93qwM_013.flac
2026-09-17 19:25:37 [INFO]   var_db=6.2730 dB
2026-09-17 19:25:37 [INFO] [1509/4911] Processing: L0lBCEIo_mM_000.flac
2026-09-17 19:25:41 [INFO]   var_db=19.1845 dB
2026-09-17 19:25:41 [INFO] [1510/4911] Processing: L0lBCEIo_mM_001.flac
2026-09-17 19:25:49 [INFO]   var_db=10.9709 dB
2026-09-17 19:25:49 [INFO] [1511/4911] Processing: L0lBCEIo_mM_002.flac
2026-09-17 19:25:50 [INFO]   var_db=10.6328 dB
2026-09-17 19:25:50 [INFO] [1512/4911] Processing: L0lBCEIo_mM_003.flac
2026-09-17 19:25:51 [INFO]   var_db=13.0619 dB
2026-09-17 19:25:51 [INFO] [1513/4911] Processing: L5BsAkSMLkI_000.flac
2026-09-17 19:25:59 [INFO]   var_db=12.6400 dB
2026-09-17 19:25:59 [INFO] [1514/4911] Processing: L5BsAkSMLkI_001.flac
2026-09-17 19:26:01 [INFO]   var_db=14.8851 dB
2026-09-17 19:26:01 [INFO] [1515/4911] Processing: L5BsAkSMLkI_002.flac
2026-09-17 19:26:02 [INFO]   var_db=29.8540 dB
2026-09-17 19:26:02 [INFO] [1516/4911] Processing: L5BsAkSMLkI_003.flac
2026-09-17 19:26:05 [INFO]   var_db=3.0336 dB
2026-09-17 19:26:05 [INFO] [1517/4911] Processing: L5BsAkSMLkI_004.flac
2026-09-17 19:26:06 [INFO]   var_db=6.3498 dB
2026-09-17 19:26:06 [INFO] [1518/4911] Processing: LDZOYnu-vyw_000.flac
2026-09-17 19:26:14 [INFO]   var_db=13.6316 dB
2026-09-17 19:26:14 [INFO] [1519/4911] Processing: LDZOYnu-vyw_001.flac
2026-09-17 19:26:21 [INFO]   var_db=9.0718 dB
2026-09-17 19:26:21 [INFO] [1520/4911] Processing: LDZOYnu-vyw_002.flac
2026-09-17 19:26:29 [INFO]   var_db=6.8807 dB
2026-09-17 19:26:29 [INFO] [1521/4911] Processing: LDZOYnu-vyw_003.flac
2026-09-17 19:26:32 [INFO]   var_db=36.7677 dB
2026-09-17 19:26:32 [INFO] [1522/4911] Processing: LDZOYnu-vyw_004.flac
2026-09-17 19:26:38 [INFO]   var_db=37.0280 dB
2026-09-17 19:26:38 [INFO] [1523/4911] Processing: LDZOYnu-vyw_005.flac
2026-09-17 19:26:40 [INFO]   var_db=11.7268 dB
2026-09-17 19:26:40 [INFO] [1524/4911] Processing: LDZOYnu-vyw_006.flac
2026-09-17 19:26:42 [INFO]   var_db=4.7805 dB
2026-09-17 19:26:42 [INFO] [1525/4911] Processing: LDZOYnu-vyw_007.flac
2026-09-17 19:26:43 [INFO]   var_db=6.3806 dB
2026-09-17 19:26:43 [INFO] [1526/4911] Processing: LFUl2V-6ZLA_000.flac
2026-09-17 19:26:50 [INFO]   var_db=13.5118 dB
2026-09-17 19:26:50 [INFO] [1527/4911] Processing: LFUl2V-6ZLA_001.flac
2026-09-17 19:26:54 [INFO]   var_db=13.9824 dB
2026-09-17 19:26:54 [INFO] [1528/4911] Processing: LFUl2V-6ZLA_002.flac
2026-09-17 19:26:55 [INFO]   var_db=47.0456 dB
2026-09-17 19:26:55 [INFO] [1529/4911] Processing: LFUl2V-6ZLA_003.flac
2026-09-17 19:26:58 [INFO]   var_db=13.5402 dB
2026-09-17 19:26:58 [INFO] [1530/4911] Processing: LFUl2V-6ZLA_004.flac
2026-09-17 19:26:59 [INFO]   var_db=8.4132 dB
2026-09-17 19:26:59 [INFO] [1531/4911] Processing: LSd2tyfd6KI_000.flac
2026-09-17 19:27:01 [INFO]   var_db=10.7657 dB
2026-09-17 19:27:01 [INFO] [1532/4911] Processing: LSd2tyfd6KI_001.flac
2026-09-17 19:27:04 [INFO]   var_db=9.1928 dB
2026-09-17 19:27:04 [INFO] [1533/4911] Processing: LSd2tyfd6KI_002.flac
2026-09-17 19:27:09 [INFO]   var_db=8.6583 dB
2026-09-17 19:27:09 [INFO] [1534/4911] Processing: LSd2tyfd6KI_003.flac
2026-09-17 19:27:14 [INFO]   var_db=9.3631 dB
2026-09-17 19:27:14 [INFO] [1535/4911] Processing: LSd2tyfd6KI_004.flac
2026-09-17 19:27:16 [INFO]   var_db=10.6169 dB
2026-09-17 19:27:16 [INFO] [1536/4911] Processing: LSd2tyfd6KI_005.flac
2026-09-17 19:27:19 [INFO]   var_db=10.6335 dB
2026-09-17 19:27:19 [INFO] [1537/4911] Processing: LSd2tyfd6KI_006.flac
2026-09-17 19:27:20 [INFO]   var_db=10.4093 dB
2026-09-17 19:27:20 [INFO] [1538/4911] Processing: LSd2tyfd6KI_007.flac
2026-09-17 19:27:23 [INFO]   var_db=10.0687 dB
2026-09-17 19:27:23 [INFO] [1539/4911] Processing: LSd2tyfd6KI_008.flac
2026-09-17 19:27:30 [INFO]   var_db=9.1127 dB
2026-09-17 19:27:30 [INFO] [1540/4911] Processing: LSd2tyfd6KI_009.flac
2026-09-17 19:27:31 [INFO]   var_db=6.2275 dB
2026-09-17 19:27:31 [INFO] [1541/4911] Processing: LVOqQ1EJm5k_000.flac
2026-09-17 19:27:35 [INFO]   var_db=41.9693 dB
2026-09-17 19:27:35 [INFO] [1542/4911] Processing: LVOqQ1EJm5k_001.flac
2026-09-17 19:27:37 [INFO]   var_db=38.9201 dB
2026-09-17 19:27:37 [INFO] [1543/4911] Processing: LVOqQ1EJm5k_002.flac
2026-09-17 19:27:39 [INFO]   var_db=37.1159 dB
2026-09-17 19:27:39 [INFO] [1544/4911] Processing: LVOqQ1EJm5k_003.flac
2026-09-17 19:27:45 [INFO]   var_db=40.2218 dB
2026-09-17 19:27:45 [INFO] [1545/4911] Processing: LVOqQ1EJm5k_004.flac
2026-09-17 19:27:48 [INFO]   var_db=41.7572 dB
2026-09-17 19:27:48 [INFO] [1546/4911] Processing: LVOqQ1EJm5k_005.flac
2026-09-17 19:27:53 [INFO]   var_db=42.3663 dB
2026-09-17 19:27:53 [INFO] [1547/4911] Processing: LVOqQ1EJm5k_006.flac
2026-09-17 19:28:01 [INFO]   var_db=41.1281 dB
2026-09-17 19:28:01 [INFO] [1548/4911] Processing: LVOqQ1EJm5k_007.flac
2026-09-17 19:28:07 [INFO]   var_db=39.0149 dB
2026-09-17 19:28:07 [INFO] [1549/4911] Processing: LVOqQ1EJm5k_008.flac
2026-09-17 19:28:16 [INFO]   var_db=41.0765 dB
2026-09-17 19:28:16 [INFO] [1550/4911] Processing: LVOqQ1EJm5k_009.flac
2026-09-17 19:28:23 [INFO]   var_db=40.7760 dB
2026-09-17 19:28:23 [INFO] [1551/4911] Processing: LVOqQ1EJm5k_010.flac
2026-09-17 19:28:25 [INFO]   var_db=40.5223 dB
2026-09-17 19:28:25 [INFO] [1552/4911] Processing: LVOqQ1EJm5k_011.flac
2026-09-17 19:28:28 [INFO]   var_db=20.1107 dB
2026-09-17 19:28:28 [INFO] [1553/4911] Processing: LVOqQ1EJm5k_012.flac
2026-09-17 19:28:29 [INFO]   var_db=43.1009 dB
2026-09-17 19:28:29 [INFO] [1554/4911] Processing: Lbms7nr19f0_000.flac
2026-09-17 19:28:31 [INFO]   var_db=14.5148 dB
2026-09-17 19:28:31 [INFO] [1555/4911] Processing: Lbms7nr19f0_001.flac
2026-09-17 19:28:33 [INFO]   var_db=10.9822 dB
2026-09-17 19:28:33 [INFO] [1556/4911] Processing: Lbms7nr19f0_002.flac
2026-09-17 19:28:39 [INFO]   var_db=6.4527 dB
2026-09-17 19:28:39 [INFO] [1557/4911] Processing: Lbms7nr19f0_003.flac
2026-09-17 19:28:41 [INFO]   var_db=11.2006 dB
2026-09-17 19:28:41 [INFO] [1558/4911] Processing: Lbms7nr19f0_004.flac
2026-09-17 19:28:44 [INFO]   var_db=10.4575 dB
2026-09-17 19:28:44 [INFO] [1559/4911] Processing: Lbms7nr19f0_005.flac
2026-09-17 19:28:45 [INFO]   var_db=13.6411 dB
2026-09-17 19:28:45 [INFO] [1560/4911] Processing: Lbms7nr19f0_006.flac
2026-09-17 19:28:47 [INFO]   var_db=3.5824 dB
2026-09-17 19:28:47 [INFO] [1561/4911] Processing: Lbms7nr19f0_007.flac
2026-09-17 19:28:48 [INFO]   var_db=6.3161 dB
2026-09-17 19:28:48 [INFO] [1562/4911] Processing: LpzKTGMmCyA_000.flac
2026-09-17 19:28:50 [INFO]   var_db=21.3301 dB
2026-09-17 19:28:50 [INFO] [1563/4911] Processing: LpzKTGMmCyA_001.flac
2026-09-17 19:28:54 [INFO]   var_db=16.7443 dB
2026-09-17 19:28:54 [INFO] [1564/4911] Processing: LpzKTGMmCyA_002.flac
2026-09-17 19:28:57 [INFO]   var_db=14.0331 dB
2026-09-17 19:28:57 [INFO] [1565/4911] Processing: LpzKTGMmCyA_003.flac
2026-09-17 19:29:01 [INFO]   var_db=14.4283 dB
2026-09-17 19:29:01 [INFO] [1566/4911] Processing: LpzKTGMmCyA_004.flac
2026-09-17 19:29:04 [INFO]   var_db=12.0707 dB
2026-09-17 19:29:04 [INFO] [1567/4911] Processing: LpzKTGMmCyA_005.flac
2026-09-17 19:29:07 [INFO]   var_db=11.2611 dB
2026-09-17 19:29:07 [INFO] [1568/4911] Processing: LpzKTGMmCyA_006.flac
2026-09-17 19:29:11 [INFO]   var_db=10.5377 dB
2026-09-17 19:29:11 [INFO] [1569/4911] Processing: LpzKTGMmCyA_007.flac
2026-09-17 19:29:13 [INFO]   var_db=12.7241 dB
2026-09-17 19:29:13 [INFO] [1570/4911] Processing: LpzKTGMmCyA_008.flac
2026-09-17 19:29:16 [INFO]   var_db=11.3527 dB
2026-09-17 19:29:16 [INFO] [1571/4911] Processing: LpzKTGMmCyA_009.flac
2026-09-17 19:29:18 [INFO]   var_db=3.9939 dB
2026-09-17 19:29:18 [INFO] [1572/4911] Processing: Lv9TPbpnAYo_000.flac
2026-09-17 19:29:19 [INFO]   var_db=7.5006 dB
2026-09-17 19:29:19 [INFO] [1573/4911] Processing: Lv9TPbpnAYo_001.flac
2026-09-17 19:29:27 [INFO]   var_db=8.3765 dB
2026-09-17 19:29:27 [INFO] [1574/4911] Processing: Lv9TPbpnAYo_002.flac
2026-09-17 19:29:31 [INFO]   var_db=10.4323 dB
2026-09-17 19:29:31 [INFO] [1575/4911] Processing: Lv9TPbpnAYo_003.flac
2026-09-17 19:29:33 [INFO]   var_db=17.8187 dB
2026-09-17 19:29:33 [INFO] [1576/4911] Processing: Lv9TPbpnAYo_004.flac
2026-09-17 19:29:34 [INFO]   var_db=10.0305 dB
2026-09-17 19:29:34 [INFO] [1577/4911] Processing: MBHkFxvbVy0_000.flac
2026-09-17 19:29:35 [INFO]   var_db=43.2699 dB
2026-09-17 19:29:35 [INFO] [1578/4911] Processing: MBHkFxvbVy0_001.flac
2026-09-17 19:29:37 [INFO]   var_db=37.5351 dB
2026-09-17 19:29:37 [INFO] [1579/4911] Processing: MBHkFxvbVy0_002.flac
2026-09-17 19:29:38 [INFO]   var_db=38.7288 dB
2026-09-17 19:29:38 [INFO] [1580/4911] Processing: MBHkFxvbVy0_003.flac
2026-09-17 19:29:39 [INFO]   var_db=12.2088 dB
2026-09-17 19:29:39 [INFO] [1581/4911] Processing: MBHkFxvbVy0_004.flac
2026-09-17 19:29:44 [INFO]   var_db=8.6044 dB
2026-09-17 19:29:44 [INFO] [1582/4911] Processing: MBHkFxvbVy0_005.flac
2026-09-17 19:29:49 [INFO]   var_db=8.8830 dB
2026-09-17 19:29:49 [INFO] [1583/4911] Processing: MBHkFxvbVy0_006.flac
2026-09-17 19:29:52 [INFO]   var_db=18.9959 dB
2026-09-17 19:29:52 [INFO] [1584/4911] Processing: MBHkFxvbVy0_007.flac
2026-09-17 19:29:53 [INFO]   var_db=42.5966 dB
2026-09-17 19:29:53 [INFO] [1585/4911] Processing: MDNBEqwzQTA_000.flac
2026-09-17 19:29:55 [INFO]   var_db=35.5738 dB
2026-09-17 19:29:55 [INFO] [1586/4911] Processing: MDNBEqwzQTA_001.flac
2026-09-17 19:29:56 [INFO]   var_db=37.9492 dB
2026-09-17 19:29:56 [INFO] [1587/4911] Processing: MDNBEqwzQTA_002.flac
2026-09-17 19:29:57 [INFO]   var_db=40.7110 dB
2026-09-17 19:29:57 [INFO] [1588/4911] Processing: MDNBEqwzQTA_003.flac
2026-09-17 19:29:58 [INFO]   var_db=40.7829 dB
2026-09-17 19:29:58 [INFO] [1589/4911] Processing: MDNBEqwzQTA_004.flac
2026-09-17 19:30:00 [INFO]   var_db=45.9612 dB
2026-09-17 19:30:00 [INFO] [1590/4911] Processing: MDNBEqwzQTA_005.flac
2026-09-17 19:30:02 [INFO]   var_db=48.0243 dB
2026-09-17 19:30:02 [INFO] [1591/4911] Processing: MDNBEqwzQTA_006.flac
2026-09-17 19:30:05 [INFO]   var_db=48.3301 dB
2026-09-17 19:30:05 [INFO] [1592/4911] Processing: MDNBEqwzQTA_007.flac
2026-09-17 19:30:10 [INFO]   var_db=29.1982 dB
2026-09-17 19:30:10 [INFO] [1593/4911] Processing: MDNBEqwzQTA_008.flac
2026-09-17 19:30:11 [INFO]   var_db=41.2571 dB
2026-09-17 19:30:11 [INFO] [1594/4911] Processing: MDNBEqwzQTA_009.flac
2026-09-17 19:30:15 [INFO]   var_db=48.3393 dB
2026-09-17 19:30:15 [INFO] [1595/4911] Processing: MDNBEqwzQTA_010.flac
2026-09-17 19:30:20 [INFO]   var_db=2.4828 dB
2026-09-17 19:30:20 [INFO] [1596/4911] Processing: MDNBEqwzQTA_011.flac
2026-09-17 19:30:23 [INFO]   var_db=2.3946 dB
2026-09-17 19:30:23 [INFO] [1597/4911] Processing: MDNBEqwzQTA_012.flac
2026-09-17 19:30:28 [INFO]   var_db=2.6755 dB
2026-09-17 19:30:28 [INFO] [1598/4911] Processing: MDNBEqwzQTA_013.flac
2026-09-17 19:30:30 [INFO]   var_db=3.3817 dB
2026-09-17 19:30:30 [INFO] [1599/4911] Processing: MDNBEqwzQTA_014.flac
2026-09-17 19:30:31 [INFO]   var_db=6.3012 dB
2026-09-17 19:30:31 [INFO] [1600/4911] Processing: MKF8KnsyaJs_000.flac
2026-09-17 19:30:33 [INFO]   var_db=-3.6690 dB
2026-09-17 19:30:33 [INFO] [1601/4911] Processing: MKF8KnsyaJs_001.flac
2026-09-17 19:30:36 [INFO]   var_db=15.7171 dB
2026-09-17 19:30:36 [INFO] [1602/4911] Processing: MKF8KnsyaJs_002.flac
2026-09-17 19:30:44 [INFO]   var_db=14.0215 dB
2026-09-17 19:30:44 [INFO] [1603/4911] Processing: MKF8KnsyaJs_003.flac
2026-09-17 19:30:45 [INFO]   var_db=18.7151 dB
2026-09-17 19:30:45 [INFO] [1604/4911] Processing: MKF8KnsyaJs_004.flac
2026-09-17 19:30:48 [INFO]   var_db=15.6999 dB
2026-09-17 19:30:48 [INFO] [1605/4911] Processing: MKF8KnsyaJs_005.flac
2026-09-17 19:30:50 [INFO]   var_db=9.0175 dB
2026-09-17 19:30:50 [INFO] [1606/4911] Processing: MKF8KnsyaJs_006.flac
2026-09-17 19:30:53 [INFO]   var_db=15.2617 dB
2026-09-17 19:30:53 [INFO] [1607/4911] Processing: MKF8KnsyaJs_007.flac
2026-09-17 19:30:55 [INFO]   var_db=17.4981 dB
2026-09-17 19:30:55 [INFO] [1608/4911] Processing: MKF8KnsyaJs_008.flac
2026-09-17 19:30:57 [INFO]   var_db=10.1831 dB
2026-09-17 19:30:57 [INFO] [1609/4911] Processing: MR_pKvMisRk_000.flac
2026-09-17 19:31:04 [INFO]   var_db=13.1245 dB
2026-09-17 19:31:04 [INFO] [1610/4911] Processing: MR_pKvMisRk_001.flac
2026-09-17 19:31:11 [INFO]   var_db=11.0380 dB
2026-09-17 19:31:11 [INFO] [1611/4911] Processing: MR_pKvMisRk_002.flac
2026-09-17 19:31:13 [INFO]   var_db=4.5108 dB
2026-09-17 19:31:13 [INFO] [1612/4911] Processing: MR_pKvMisRk_003.flac
2026-09-17 19:31:14 [INFO]   var_db=6.2169 dB
2026-09-17 19:31:14 [INFO] [1613/4911] Processing: MSV39CPq9kg_000.flac
2026-09-17 19:31:16 [INFO]   var_db=17.0934 dB
2026-09-17 19:31:16 [INFO] [1614/4911] Processing: MSV39CPq9kg_001.flac
2026-09-17 19:31:21 [INFO]   var_db=16.7298 dB
2026-09-17 19:31:21 [INFO] [1615/4911] Processing: MSV39CPq9kg_002.flac
2026-09-17 19:31:23 [INFO]   var_db=18.9452 dB
2026-09-17 19:31:23 [INFO] [1616/4911] Processing: MSV39CPq9kg_003.flac
2026-09-17 19:31:26 [INFO]   var_db=5.9019 dB
2026-09-17 19:31:26 [INFO] [1617/4911] Processing: MSV39CPq9kg_004.flac
2026-09-17 19:31:27 [INFO]   var_db=6.2933 dB
2026-09-17 19:31:27 [INFO] [1618/4911] Processing: MT-FHleifxc_000.flac
2026-09-17 19:31:31 [INFO]   var_db=23.8864 dB
2026-09-17 19:31:31 [INFO] [1619/4911] Processing: MT-FHleifxc_001.flac
2026-09-17 19:31:33 [INFO]   var_db=42.7544 dB
2026-09-17 19:31:33 [INFO] [1620/4911] Processing: MUch03ZpJQ4_000.flac
2026-09-17 19:31:38 [INFO]   var_db=-1.2559 dB
2026-09-17 19:31:38 [INFO] [1621/4911] Processing: MUch03ZpJQ4_001.flac
2026-09-17 19:31:40 [INFO]   var_db=4.1663 dB
2026-09-17 19:31:40 [INFO] [1622/4911] Processing: MUch03ZpJQ4_002.flac
2026-09-17 19:31:42 [INFO]   var_db=4.9689 dB
2026-09-17 19:31:42 [INFO] [1623/4911] Processing: MUch03ZpJQ4_003.flac
2026-09-17 19:31:44 [INFO]   var_db=3.7168 dB
2026-09-17 19:31:44 [INFO] [1624/4911] Processing: MUch03ZpJQ4_004.flac
2026-09-17 19:31:46 [INFO]   var_db=1.5301 dB
2026-09-17 19:31:46 [INFO] [1625/4911] Processing: MUch03ZpJQ4_005.flac
2026-09-17 19:31:48 [INFO]   var_db=3.1597 dB
2026-09-17 19:31:48 [INFO] [1626/4911] Processing: MUch03ZpJQ4_006.flac
2026-09-17 19:31:49 [INFO]   var_db=0.9391 dB
2026-09-17 19:31:49 [INFO] [1627/4911] Processing: MUch03ZpJQ4_007.flac
2026-09-17 19:31:51 [INFO]   var_db=1.3252 dB
2026-09-17 19:31:51 [INFO] [1628/4911] Processing: MUch03ZpJQ4_008.flac
2026-09-17 19:31:52 [INFO]   var_db=1.5152 dB
2026-09-17 19:31:52 [INFO] [1629/4911] Processing: MUch03ZpJQ4_009.flac
2026-09-17 19:31:55 [INFO]   var_db=1.3064 dB
2026-09-17 19:31:55 [INFO] [1630/4911] Processing: MUch03ZpJQ4_010.flac
2026-09-17 19:31:56 [INFO]   var_db=0.8034 dB
2026-09-17 19:31:56 [INFO] [1631/4911] Processing: MUch03ZpJQ4_011.flac
2026-09-17 19:31:57 [INFO]   var_db=1.0857 dB
2026-09-17 19:31:57 [INFO] [1632/4911] Processing: MUch03ZpJQ4_012.flac
2026-09-17 19:31:58 [INFO]   var_db=0.4237 dB
2026-09-17 19:31:58 [INFO] [1633/4911] Processing: MUch03ZpJQ4_013.flac
2026-09-17 19:32:01 [INFO]   var_db=0.3505 dB
2026-09-17 19:32:01 [INFO] [1634/4911] Processing: MUch03ZpJQ4_014.flac
2026-09-17 19:32:02 [INFO]   var_db=0.6066 dB
2026-09-17 19:32:02 [INFO] [1635/4911] Processing: MUch03ZpJQ4_015.flac
2026-09-17 19:32:04 [INFO]   var_db=1.5137 dB
2026-09-17 19:32:04 [INFO] [1636/4911] Processing: MUch03ZpJQ4_016.flac
2026-09-17 19:32:06 [INFO]   var_db=5.4658 dB
2026-09-17 19:32:06 [INFO] [1637/4911] Processing: MUch03ZpJQ4_017.flac
2026-09-17 19:32:07 [INFO]   var_db=3.0773 dB
2026-09-17 19:32:07 [INFO] [1638/4911] Processing: MUch03ZpJQ4_018.flac
2026-09-17 19:32:08 [INFO]   var_db=2.5435 dB
2026-09-17 19:32:08 [INFO] [1639/4911] Processing: MUch03ZpJQ4_019.flac
2026-09-17 19:32:09 [INFO]   var_db=0.6912 dB
2026-09-17 19:32:09 [INFO] [1640/4911] Processing: MUch03ZpJQ4_020.flac
2026-09-17 19:32:10 [INFO]   var_db=2.2339 dB
2026-09-17 19:32:10 [INFO] [1641/4911] Processing: MUch03ZpJQ4_021.flac
2026-09-17 19:32:13 [INFO]   var_db=2.1729 dB
2026-09-17 19:32:13 [INFO] [1642/4911] Processing: MUch03ZpJQ4_022.flac
2026-09-17 19:32:14 [INFO]   var_db=2.3022 dB
2026-09-17 19:32:14 [INFO] [1643/4911] Processing: MUch03ZpJQ4_023.flac
2026-09-17 19:32:15 [INFO]   var_db=1.5368 dB
2026-09-17 19:32:15 [INFO] [1644/4911] Processing: MUch03ZpJQ4_024.flac
2026-09-17 19:32:16 [INFO]   var_db=1.7953 dB
2026-09-17 19:32:16 [INFO] [1645/4911] Processing: MUch03ZpJQ4_025.flac
2026-09-17 19:32:19 [INFO]   var_db=0.4740 dB
2026-09-17 19:32:19 [INFO] [1646/4911] Processing: MUch03ZpJQ4_026.flac
2026-09-17 19:32:20 [INFO]   var_db=2.1132 dB
2026-09-17 19:32:20 [INFO] [1647/4911] Processing: MUch03ZpJQ4_027.flac
2026-09-17 19:32:22 [INFO]   var_db=2.0604 dB
2026-09-17 19:32:22 [INFO] [1648/4911] Processing: MUch03ZpJQ4_028.flac
2026-09-17 19:32:25 [INFO]   var_db=1.6766 dB
2026-09-17 19:32:25 [INFO] [1649/4911] Processing: MUch03ZpJQ4_029.flac
2026-09-17 19:32:26 [INFO]   var_db=1.1825 dB
2026-09-17 19:32:26 [INFO] [1650/4911] Processing: MUch03ZpJQ4_030.flac
2026-09-17 19:32:27 [INFO]   var_db=1.7231 dB
2026-09-17 19:32:27 [INFO] [1651/4911] Processing: MUch03ZpJQ4_031.flac
2026-09-17 19:32:28 [INFO]   var_db=2.7109 dB
2026-09-17 19:32:28 [INFO] [1652/4911] Processing: MUch03ZpJQ4_032.flac
2026-09-17 19:32:31 [INFO]   var_db=0.8571 dB
2026-09-17 19:32:31 [INFO] [1653/4911] Processing: MUch03ZpJQ4_033.flac
2026-09-17 19:32:32 [INFO]   var_db=0.9191 dB
2026-09-17 19:32:32 [INFO] [1654/4911] Processing: MUch03ZpJQ4_034.flac
2026-09-17 19:32:33 [INFO]   var_db=0.0269 dB
2026-09-17 19:32:33 [INFO] [1655/4911] Processing: MUch03ZpJQ4_035.flac
2026-09-17 19:32:34 [INFO]   var_db=2.1609 dB
2026-09-17 19:32:34 [INFO] [1656/4911] Processing: MUch03ZpJQ4_036.flac
2026-09-17 19:32:36 [INFO]   var_db=4.0024 dB
2026-09-17 19:32:36 [INFO] [1657/4911] Processing: MUch03ZpJQ4_037.flac
2026-09-17 19:32:37 [INFO]   var_db=2.6341 dB
2026-09-17 19:32:37 [INFO] [1658/4911] Processing: MUch03ZpJQ4_038.flac
2026-09-17 19:32:39 [INFO]   var_db=3.8719 dB
2026-09-17 19:32:39 [INFO] [1659/4911] Processing: MUch03ZpJQ4_039.flac
2026-09-17 19:32:41 [INFO]   var_db=2.5943 dB
2026-09-17 19:32:41 [INFO] [1660/4911] Processing: MUch03ZpJQ4_040.flac
2026-09-17 19:32:43 [INFO]   var_db=3.5989 dB
2026-09-17 19:32:43 [INFO] [1661/4911] Processing: MUch03ZpJQ4_041.flac
2026-09-17 19:32:44 [INFO]   var_db=4.6227 dB
2026-09-17 19:32:44 [INFO] [1662/4911] Processing: MUch03ZpJQ4_042.flac
2026-09-17 19:32:45 [INFO]   var_db=2.7297 dB
2026-09-17 19:32:45 [INFO] [1663/4911] Processing: MUch03ZpJQ4_043.flac
2026-09-17 19:32:46 [INFO]   var_db=4.8951 dB
2026-09-17 19:32:46 [INFO] [1664/4911] Processing: MUch03ZpJQ4_044.flac
2026-09-17 19:32:49 [INFO]   var_db=3.0723 dB
2026-09-17 19:32:49 [INFO] [1665/4911] Processing: MUch03ZpJQ4_045.flac
2026-09-17 19:32:51 [INFO]   var_db=3.1254 dB
2026-09-17 19:32:51 [INFO] [1666/4911] Processing: MUch03ZpJQ4_046.flac
2026-09-17 19:32:52 [INFO]   var_db=1.9294 dB
2026-09-17 19:32:52 [INFO] [1667/4911] Processing: MUch03ZpJQ4_047.flac
2026-09-17 19:32:53 [INFO]   var_db=5.2103 dB
2026-09-17 19:32:53 [INFO] [1668/4911] Processing: MUch03ZpJQ4_048.flac
2026-09-17 19:32:55 [INFO]   var_db=4.5265 dB
2026-09-17 19:32:55 [INFO] [1669/4911] Processing: MUch03ZpJQ4_049.flac
2026-09-17 19:32:56 [INFO]   var_db=3.5282 dB
2026-09-17 19:32:56 [INFO] [1670/4911] Processing: MUch03ZpJQ4_050.flac
2026-09-17 19:32:57 [INFO]   var_db=3.9259 dB
2026-09-17 19:32:57 [INFO] [1671/4911] Processing: MUch03ZpJQ4_051.flac
2026-09-17 19:33:00 [INFO]   var_db=4.7029 dB
2026-09-17 19:33:00 [INFO] [1672/4911] Processing: MUch03ZpJQ4_052.flac
2026-09-17 19:33:01 [INFO]   var_db=2.9706 dB
2026-09-17 19:33:01 [INFO] [1673/4911] Processing: MUch03ZpJQ4_053.flac
2026-09-17 19:33:02 [INFO]   var_db=1.1988 dB
2026-09-17 19:33:02 [INFO] [1674/4911] Processing: MUch03ZpJQ4_054.flac
2026-09-17 19:33:03 [INFO]   var_db=2.8515 dB
2026-09-17 19:33:03 [INFO] [1675/4911] Processing: MUch03ZpJQ4_055.flac
2026-09-17 19:33:06 [INFO]   var_db=2.0792 dB
2026-09-17 19:33:06 [INFO] [1676/4911] Processing: MUch03ZpJQ4_056.flac
2026-09-17 19:33:08 [INFO]   var_db=3.3267 dB
2026-09-17 19:33:08 [INFO] [1677/4911] Processing: MUch03ZpJQ4_057.flac
2026-09-17 19:33:11 [INFO]   var_db=2.4402 dB
2026-09-17 19:33:11 [INFO] [1678/4911] Processing: MUch03ZpJQ4_058.flac
2026-09-17 19:33:12 [INFO]   var_db=4.3833 dB
2026-09-17 19:33:12 [INFO] [1679/4911] Processing: MUch03ZpJQ4_059.flac
2026-09-17 19:33:13 [INFO]   var_db=3.2823 dB
2026-09-17 19:33:13 [INFO] [1680/4911] Processing: MUch03ZpJQ4_060.flac
2026-09-17 19:33:15 [INFO]   var_db=2.7210 dB
2026-09-17 19:33:15 [INFO] [1681/4911] Processing: MUch03ZpJQ4_061.flac
2026-09-17 19:33:17 [INFO]   var_db=11.4286 dB
2026-09-17 19:33:17 [INFO] [1682/4911] Processing: MUch03ZpJQ4_062.flac
2026-09-17 19:33:18 [INFO]   var_db=10.5455 dB
2026-09-17 19:33:18 [INFO] [1683/4911] Processing: MUch03ZpJQ4_063.flac
2026-09-17 19:33:19 [INFO]   var_db=7.0646 dB
2026-09-17 19:33:19 [INFO] [1684/4911] Processing: MUch03ZpJQ4_064.flac
2026-09-17 19:33:21 [INFO]   var_db=2.3370 dB
2026-09-17 19:33:21 [INFO] [1685/4911] Processing: MUch03ZpJQ4_065.flac
2026-09-17 19:33:26 [INFO]   var_db=7.9136 dB
2026-09-17 19:33:26 [INFO] [1686/4911] Processing: MUch03ZpJQ4_066.flac
2026-09-17 19:33:29 [INFO]   var_db=49.6082 dB
2026-09-17 19:33:29 [INFO] [1687/4911] Processing: MUch03ZpJQ4_067.flac
2026-09-17 19:33:32 [INFO]   var_db=48.1486 dB
2026-09-17 19:33:32 [INFO] [1688/4911] Processing: MUch03ZpJQ4_068.flac
2026-09-17 19:33:34 [INFO]   var_db=48.9856 dB
2026-09-17 19:33:34 [INFO] [1689/4911] Processing: MUch03ZpJQ4_069.flac
2026-09-17 19:33:37 [INFO]   var_db=50.0228 dB
2026-09-17 19:33:37 [INFO] [1690/4911] Processing: MUch03ZpJQ4_070.flac
2026-09-17 19:33:40 [INFO]   var_db=48.1434 dB
2026-09-17 19:33:40 [INFO] [1691/4911] Processing: MX0Rr0G3OGA_000.flac
2026-09-17 19:33:41 [INFO]   var_db=17.8410 dB
2026-09-17 19:33:41 [INFO] [1692/4911] Processing: MX0Rr0G3OGA_001.flac
2026-09-17 19:33:42 [INFO]   var_db=18.3421 dB
2026-09-17 19:33:42 [INFO] [1693/4911] Processing: MX0Rr0G3OGA_002.flac
2026-09-17 19:33:44 [INFO]   var_db=14.5639 dB
2026-09-17 19:33:44 [INFO] [1694/4911] Processing: MX0Rr0G3OGA_003.flac
2026-09-17 19:33:45 [INFO]   var_db=9.3987 dB
2026-09-17 19:33:45 [INFO] [1695/4911] Processing: MX0Rr0G3OGA_004.flac
2026-09-17 19:33:46 [INFO]   var_db=11.6038 dB
2026-09-17 19:33:46 [INFO] [1696/4911] Processing: MX0Rr0G3OGA_005.flac
2026-09-17 19:33:47 [INFO]   var_db=10.1169 dB
2026-09-17 19:33:47 [INFO] [1697/4911] Processing: MX0Rr0G3OGA_006.flac
2026-09-17 19:33:49 [INFO]   var_db=8.8879 dB
2026-09-17 19:33:49 [INFO] [1698/4911] Processing: MX0Rr0G3OGA_007.flac
2026-09-17 19:33:51 [INFO]   var_db=7.8115 dB
2026-09-17 19:33:51 [INFO] [1699/4911] Processing: MX0Rr0G3OGA_008.flac
2026-09-17 19:33:52 [INFO]   var_db=6.7916 dB
2026-09-17 19:33:52 [INFO] [1700/4911] Processing: MX0Rr0G3OGA_009.flac
2026-09-17 19:33:53 [INFO]   var_db=8.5449 dB
2026-09-17 19:33:53 [INFO] [1701/4911] Processing: MX0Rr0G3OGA_010.flac
2026-09-17 19:33:54 [INFO]   var_db=8.9734 dB
2026-09-17 19:33:54 [INFO] [1702/4911] Processing: MX0Rr0G3OGA_011.flac
2026-09-17 19:33:56 [INFO]   var_db=6.4624 dB
2026-09-17 19:33:56 [INFO] [1703/4911] Processing: MX0Rr0G3OGA_012.flac
2026-09-17 19:33:57 [INFO]   var_db=6.2551 dB
2026-09-17 19:33:57 [INFO] [1704/4911] Processing: MYWedTctdeg_000.flac
2026-09-17 19:34:02 [INFO]   var_db=16.3219 dB
2026-09-17 19:34:02 [INFO] [1705/4911] Processing: MYWedTctdeg_001.flac
2026-09-17 19:34:05 [INFO]   var_db=11.9786 dB
2026-09-17 19:34:05 [INFO] [1706/4911] Processing: MYWedTctdeg_002.flac
2026-09-17 19:34:09 [INFO]   var_db=10.9538 dB
2026-09-17 19:34:09 [INFO] [1707/4911] Processing: MYWedTctdeg_003.flac
2026-09-17 19:34:11 [INFO]   var_db=4.7336 dB
2026-09-17 19:34:11 [INFO] [1708/4911] Processing: MYWedTctdeg_004.flac
2026-09-17 19:34:12 [INFO]   var_db=6.3580 dB
2026-09-17 19:34:12 [INFO] [1709/4911] Processing: N6RGCMRicA8_000.flac
2026-09-17 19:34:15 [INFO]   var_db=22.4739 dB
2026-09-17 19:34:15 [INFO] [1710/4911] Processing: N6RGCMRicA8_001.flac
2026-09-17 19:34:18 [INFO]   var_db=43.8696 dB
2026-09-17 19:34:18 [INFO] [1711/4911] Processing: N6RGCMRicA8_002.flac
2026-09-17 19:34:24 [INFO]   var_db=42.4970 dB
2026-09-17 19:34:24 [INFO] [1712/4911] Processing: N6RGCMRicA8_003.flac
2026-09-17 19:34:25 [INFO]   var_db=34.6121 dB
2026-09-17 19:34:25 [INFO] [1713/4911] Processing: N6RGCMRicA8_004.flac
2026-09-17 19:34:26 [INFO]   var_db=40.4274 dB
2026-09-17 19:34:26 [INFO] [1714/4911] Processing: N6RGCMRicA8_005.flac
2026-09-17 19:34:28 [INFO]   var_db=39.4760 dB
2026-09-17 19:34:28 [INFO] [1715/4911] Processing: N6RGCMRicA8_006.flac
2026-09-17 19:34:29 [INFO]   var_db=32.3370 dB
2026-09-17 19:34:29 [INFO] [1716/4911] Processing: N6RGCMRicA8_007.flac
2026-09-17 19:34:30 [INFO]   var_db=35.5380 dB
2026-09-17 19:34:30 [INFO] [1717/4911] Processing: N6RGCMRicA8_008.flac
2026-09-17 19:34:31 [INFO]   var_db=45.3218 dB
2026-09-17 19:34:31 [INFO] [1718/4911] Processing: N6RGCMRicA8_009.flac
2026-09-17 19:34:34 [INFO]   var_db=48.4902 dB
2026-09-17 19:34:34 [INFO] [1719/4911] Processing: N6RGCMRicA8_010.flac
2026-09-17 19:34:36 [INFO]   var_db=43.4974 dB
2026-09-17 19:34:36 [INFO] [1720/4911] Processing: N6RGCMRicA8_011.flac
2026-09-17 19:34:39 [INFO]   var_db=30.4751 dB
2026-09-17 19:34:39 [INFO] [1721/4911] Processing: N6RGCMRicA8_012.flac
2026-09-17 19:34:40 [INFO]   var_db=44.3139 dB
2026-09-17 19:34:40 [INFO] [1722/4911] Processing: N6RGCMRicA8_013.flac
2026-09-17 19:34:41 [INFO]   var_db=45.0480 dB
2026-09-17 19:34:41 [INFO] [1723/4911] Processing: N6RGCMRicA8_014.flac
2026-09-17 19:34:42 [INFO]   var_db=43.4988 dB
2026-09-17 19:34:42 [INFO] [1724/4911] Processing: N6RGCMRicA8_015.flac
2026-09-17 19:34:43 [INFO]   var_db=41.6507 dB
2026-09-17 19:34:43 [INFO] [1725/4911] Processing: N6RGCMRicA8_016.flac
2026-09-17 19:34:51 [INFO]   var_db=45.2634 dB
2026-09-17 19:34:51 [INFO] [1726/4911] Processing: N6RGCMRicA8_017.flac
2026-09-17 19:34:52 [INFO]   var_db=44.8197 dB
2026-09-17 19:34:52 [INFO] [1727/4911] Processing: N6RGCMRicA8_018.flac
2026-09-17 19:34:57 [INFO]   var_db=44.6927 dB
2026-09-17 19:34:57 [INFO] [1728/4911] Processing: N6RGCMRicA8_019.flac
2026-09-17 19:34:58 [INFO]   var_db=42.5200 dB
2026-09-17 19:34:58 [INFO] [1729/4911] Processing: N6RGCMRicA8_020.flac
2026-09-17 19:34:59 [INFO]   var_db=39.0547 dB
2026-09-17 19:34:59 [INFO] [1730/4911] Processing: N6RGCMRicA8_021.flac
2026-09-17 19:35:05 [INFO]   var_db=8.9566 dB
2026-09-17 19:35:05 [INFO] [1731/4911] Processing: N6RGCMRicA8_022.flac
2026-09-17 19:35:06 [INFO]   var_db=24.4560 dB
2026-09-17 19:35:06 [INFO] [1732/4911] Processing: N6RGCMRicA8_023.flac
2026-09-17 19:35:11 [INFO]   var_db=8.5279 dB
2026-09-17 19:35:11 [INFO] [1733/4911] Processing: N6RGCMRicA8_024.flac
2026-09-17 19:35:15 [INFO]   var_db=21.4137 dB
2026-09-17 19:35:15 [INFO] [1734/4911] Processing: N6RGCMRicA8_025.flac
2026-09-17 19:35:20 [INFO]   var_db=46.5836 dB
2026-09-17 19:35:20 [INFO] [1735/4911] Processing: N6RGCMRicA8_026.flac
2026-09-17 19:35:22 [INFO]   var_db=38.8113 dB
2026-09-17 19:35:22 [INFO] [1736/4911] Processing: N6RGCMRicA8_027.flac
2026-09-17 19:35:26 [INFO]   var_db=21.8889 dB
2026-09-17 19:35:26 [INFO] [1737/4911] Processing: N6RGCMRicA8_028.flac
2026-09-17 19:35:28 [INFO]   var_db=32.8863 dB
2026-09-17 19:35:28 [INFO] [1738/4911] Processing: N6RGCMRicA8_029.flac
2026-09-17 19:35:32 [INFO]   var_db=41.7497 dB
2026-09-17 19:35:32 [INFO] [1739/4911] Processing: N6RGCMRicA8_030.flac
2026-09-17 19:35:39 [INFO]   var_db=10.6314 dB
2026-09-17 19:35:39 [INFO] [1740/4911] Processing: N6RGCMRicA8_031.flac
2026-09-17 19:35:42 [INFO]   var_db=37.9255 dB
2026-09-17 19:35:42 [INFO] [1741/4911] Processing: N6RGCMRicA8_032.flac
2026-09-17 19:35:43 [INFO]   var_db=41.1356 dB
2026-09-17 19:35:43 [INFO] [1742/4911] Processing: N6RGCMRicA8_033.flac
2026-09-17 19:35:46 [INFO]   var_db=1.1823 dB
2026-09-17 19:35:46 [INFO] [1743/4911] Processing: N6RGCMRicA8_034.flac
2026-09-17 19:35:47 [INFO]   var_db=-1.5469 dB
2026-09-17 19:35:47 [INFO] [1744/4911] Processing: N6RGCMRicA8_035.flac
2026-09-17 19:35:48 [INFO]   var_db=39.8467 dB
2026-09-17 19:35:48 [INFO] [1745/4911] Processing: N6RGCMRicA8_036.flac
2026-09-17 19:35:50 [INFO]   var_db=38.1770 dB
2026-09-17 19:35:50 [INFO] [1746/4911] Processing: N6RGCMRicA8_037.flac
2026-09-17 19:35:56 [INFO]   var_db=19.3643 dB
2026-09-17 19:35:56 [INFO] [1747/4911] Processing: N6RGCMRicA8_038.flac
2026-09-17 19:36:00 [INFO]   var_db=13.8163 dB
2026-09-17 19:36:00 [INFO] [1748/4911] Processing: N6RGCMRicA8_039.flac
2026-09-17 19:36:03 [INFO]   var_db=24.1946 dB
2026-09-17 19:36:03 [INFO] [1749/4911] Processing: N6RGCMRicA8_040.flac
2026-09-17 19:36:04 [INFO]   var_db=26.4038 dB
2026-09-17 19:36:04 [INFO] [1750/4911] Processing: N6RGCMRicA8_041.flac
2026-09-17 19:36:08 [INFO]   var_db=19.3105 dB
2026-09-17 19:36:08 [INFO] [1751/4911] Processing: N6RGCMRicA8_042.flac
2026-09-17 19:36:12 [INFO]   var_db=27.3614 dB
2026-09-17 19:36:12 [INFO] [1752/4911] Processing: N6RGCMRicA8_043.flac
2026-09-17 19:36:13 [INFO]   var_db=24.6587 dB
2026-09-17 19:36:13 [INFO] [1753/4911] Processing: N6RGCMRicA8_044.flac
2026-09-17 19:36:16 [INFO]   var_db=20.0209 dB
2026-09-17 19:36:16 [INFO] [1754/4911] Processing: N6RGCMRicA8_045.flac
2026-09-17 19:36:19 [INFO]   var_db=43.8782 dB
2026-09-17 19:36:19 [INFO] [1755/4911] Processing: N6RGCMRicA8_046.flac
2026-09-17 19:36:21 [INFO]   var_db=30.2596 dB
2026-09-17 19:36:21 [INFO] [1756/4911] Processing: N9MmykOnPAs_000.flac
2026-09-17 19:36:29 [INFO]   var_db=14.4039 dB
2026-09-17 19:36:29 [INFO] [1757/4911] Processing: N9MmykOnPAs_001.flac
2026-09-17 19:36:32 [INFO]   var_db=12.3839 dB
2026-09-17 19:36:32 [INFO] [1758/4911] Processing: N9MmykOnPAs_002.flac
2026-09-17 19:36:36 [INFO]   var_db=39.7897 dB
2026-09-17 19:36:36 [INFO] [1759/4911] Processing: N9MmykOnPAs_003.flac
2026-09-17 19:36:39 [INFO]   var_db=3.0553 dB
2026-09-17 19:36:39 [INFO] [1760/4911] Processing: N9MmykOnPAs_004.flac
2026-09-17 19:36:40 [INFO]   var_db=6.2634 dB
2026-09-17 19:36:40 [INFO] [1761/4911] Processing: NJjx5iKFXhI_000.flac
2026-09-17 19:36:45 [INFO]   var_db=6.5149 dB
2026-09-17 19:36:45 [INFO] [1762/4911] Processing: NJjx5iKFXhI_001.flac
2026-09-17 19:36:51 [INFO]   var_db=8.0950 dB
2026-09-17 19:36:51 [INFO] [1763/4911] Processing: NJjx5iKFXhI_002.flac
2026-09-17 19:36:52 [INFO]   var_db=6.2054 dB
2026-09-17 19:36:52 [INFO] [1764/4911] Processing: NQ3iktgJ-bM_000.flac
2026-09-17 19:36:54 [INFO]   var_db=2.5520 dB
2026-09-17 19:36:54 [INFO] [1765/4911] Processing: NQ3iktgJ-bM_001.flac
2026-09-17 19:36:55 [INFO]   var_db=2.6052 dB
2026-09-17 19:36:55 [INFO] [1766/4911] Processing: NQ3iktgJ-bM_002.flac
2026-09-17 19:36:57 [INFO]   var_db=2.2226 dB
2026-09-17 19:36:57 [INFO] [1767/4911] Processing: NQ3iktgJ-bM_003.flac
2026-09-17 19:36:58 [INFO]   var_db=2.4344 dB
2026-09-17 19:36:58 [INFO] [1768/4911] Processing: NQ3iktgJ-bM_004.flac
2026-09-17 19:37:00 [INFO]   var_db=8.4926 dB
2026-09-17 19:37:00 [INFO] [1769/4911] Processing: NQ3iktgJ-bM_005.flac
2026-09-17 19:37:01 [INFO]   var_db=5.5597 dB
2026-09-17 19:37:01 [INFO] [1770/4911] Processing: NXhl-Lkoq6I_000.flac
2026-09-17 19:37:07 [INFO]   var_db=17.9334 dB
2026-09-17 19:37:07 [INFO] [1771/4911] Processing: NXhl-Lkoq6I_001.flac
2026-09-17 19:37:09 [INFO]   var_db=44.2053 dB
2026-09-17 19:37:09 [INFO] [1772/4911] Processing: NXhl-Lkoq6I_002.flac
2026-09-17 19:37:18 [INFO]   var_db=10.1285 dB
2026-09-17 19:37:18 [INFO] [1773/4911] Processing: NXhl-Lkoq6I_003.flac
2026-09-17 19:37:20 [INFO]   var_db=3.6383 dB
2026-09-17 19:37:20 [INFO] [1774/4911] Processing: NXhl-Lkoq6I_004.flac
2026-09-17 19:37:21 [INFO]   var_db=6.2383 dB
2026-09-17 19:37:21 [INFO] [1775/4911] Processing: NYcSRGEKqX4_000.flac
2026-09-17 19:37:27 [INFO]   var_db=9.3594 dB
2026-09-17 19:37:27 [INFO] [1776/4911] Processing: NYcSRGEKqX4_001.flac
2026-09-17 19:37:30 [INFO]   var_db=5.8324 dB
2026-09-17 19:37:30 [INFO] [1777/4911] Processing: NYcSRGEKqX4_002.flac
2026-09-17 19:37:37 [INFO]   var_db=4.5311 dB
2026-09-17 19:37:37 [INFO] [1778/4911] Processing: NYcSRGEKqX4_003.flac
2026-09-17 19:37:42 [INFO]   var_db=4.1155 dB
2026-09-17 19:37:42 [INFO] [1779/4911] Processing: NYcSRGEKqX4_004.flac
2026-09-17 19:37:44 [INFO]   var_db=5.1716 dB
2026-09-17 19:37:44 [INFO] [1780/4911] Processing: NYcSRGEKqX4_005.flac
2026-09-17 19:37:46 [INFO]   var_db=4.8780 dB
2026-09-17 19:37:46 [INFO] [1781/4911] Processing: NYcSRGEKqX4_006.flac
2026-09-17 19:37:53 [INFO]   var_db=10.8815 dB
2026-09-17 19:37:53 [INFO] [1782/4911] Processing: NYcSRGEKqX4_007.flac
2026-09-17 19:37:56 [INFO]   var_db=5.0396 dB
2026-09-17 19:37:56 [INFO] [1783/4911] Processing: NYcSRGEKqX4_008.flac
2026-09-17 19:38:02 [INFO]   var_db=4.2290 dB
2026-09-17 19:38:02 [INFO] [1784/4911] Processing: NYcSRGEKqX4_009.flac
2026-09-17 19:38:09 [INFO]   var_db=5.3564 dB
2026-09-17 19:38:09 [INFO] [1785/4911] Processing: NYcSRGEKqX4_010.flac
2026-09-17 19:38:16 [INFO]   var_db=6.3362 dB
2026-09-17 19:38:16 [INFO] [1786/4911] Processing: NYcSRGEKqX4_011.flac
2026-09-17 19:38:17 [INFO]   var_db=10.2990 dB
2026-09-17 19:38:17 [INFO] [1787/4911] Processing: NYcSRGEKqX4_012.flac
2026-09-17 19:38:19 [INFO]   var_db=19.6523 dB
2026-09-17 19:38:19 [INFO] [1788/4911] Processing: NYcSRGEKqX4_013.flac
2026-09-17 19:38:21 [INFO]   var_db=42.1660 dB
2026-09-17 19:38:21 [INFO] [1789/4911] Processing: N_1jL8HEydM_000.flac
2026-09-17 19:38:24 [INFO]   var_db=17.1742 dB
2026-09-17 19:38:24 [INFO] [1790/4911] Processing: N_1jL8HEydM_001.flac
2026-09-17 19:38:28 [INFO]   var_db=11.3282 dB
2026-09-17 19:38:28 [INFO] [1791/4911] Processing: N_1jL8HEydM_002.flac
2026-09-17 19:38:31 [INFO]   var_db=11.6809 dB
2026-09-17 19:38:31 [INFO] [1792/4911] Processing: N_1jL8HEydM_003.flac
2026-09-17 19:38:32 [INFO]   var_db=13.5252 dB
2026-09-17 19:38:32 [INFO] [1793/4911] Processing: N_1jL8HEydM_004.flac
2026-09-17 19:38:35 [INFO]   var_db=8.2978 dB
2026-09-17 19:38:35 [INFO] [1794/4911] Processing: N_1jL8HEydM_005.flac
2026-09-17 19:38:36 [INFO]   var_db=8.3146 dB
2026-09-17 19:38:36 [INFO] [1795/4911] Processing: NdYmoZh-0ek_000.flac
2026-09-17 19:38:40 [INFO]   var_db=17.7491 dB
2026-09-17 19:38:40 [INFO] [1796/4911] Processing: NdYmoZh-0ek_001.flac
2026-09-17 19:38:48 [INFO]   var_db=11.8234 dB
2026-09-17 19:38:48 [INFO] [1797/4911] Processing: NdYmoZh-0ek_002.flac
2026-09-17 19:38:56 [INFO]   var_db=7.6966 dB
2026-09-17 19:38:56 [INFO] [1798/4911] Processing: NdYmoZh-0ek_003.flac
2026-09-17 19:39:02 [INFO]   var_db=9.7422 dB
2026-09-17 19:39:02 [INFO] [1799/4911] Processing: NdYmoZh-0ek_004.flac
2026-09-17 19:39:04 [INFO]   var_db=3.5017 dB
2026-09-17 19:39:04 [INFO] [1800/4911] Processing: NdYmoZh-0ek_005.flac
2026-09-17 19:39:05 [INFO]   var_db=6.3229 dB
2026-09-17 19:39:05 [INFO] [1801/4911] Processing: Ne7y4GDJl9Q_000.flac
2026-09-17 19:39:12 [INFO]   var_db=9.8789 dB
2026-09-17 19:39:12 [INFO] [1802/4911] Processing: Ne7y4GDJl9Q_001.flac
2026-09-17 19:39:19 [INFO]   var_db=11.5736 dB
2026-09-17 19:39:19 [INFO] [1803/4911] Processing: Ne7y4GDJl9Q_002.flac
2026-09-17 19:39:27 [INFO]   var_db=5.9468 dB
2026-09-17 19:39:27 [INFO] [1804/4911] Processing: Ne7y4GDJl9Q_003.flac
2026-09-17 19:39:35 [INFO]   var_db=7.0637 dB
2026-09-17 19:39:35 [INFO] [1805/4911] Processing: Ne7y4GDJl9Q_004.flac
2026-09-17 19:39:43 [INFO]   var_db=7.0157 dB
2026-09-17 19:39:43 [INFO] [1806/4911] Processing: Ne7y4GDJl9Q_005.flac
2026-09-17 19:39:50 [INFO]   var_db=7.6642 dB
2026-09-17 19:39:50 [INFO] [1807/4911] Processing: Ne7y4GDJl9Q_006.flac
2026-09-17 19:39:53 [INFO]   var_db=16.0303 dB
2026-09-17 19:39:53 [INFO] [1808/4911] Processing: Ne7y4GDJl9Q_007.flac
2026-09-17 19:39:56 [INFO]   var_db=3.5545 dB
2026-09-17 19:39:56 [INFO] [1809/4911] Processing: Ne7y4GDJl9Q_008.flac
2026-09-17 19:39:57 [INFO]   var_db=6.2998 dB
2026-09-17 19:39:57 [INFO] [1810/4911] Processing: NgsJc52HpwM_000.flac
2026-09-17 19:39:58 [INFO]   var_db=36.7097 dB
2026-09-17 19:39:58 [INFO] [1811/4911] Processing: NgsJc52HpwM_001.flac
2026-09-17 19:39:59 [INFO]   var_db=41.4221 dB
2026-09-17 19:39:59 [INFO] [1812/4911] Processing: NgsJc52HpwM_002.flac
2026-09-17 19:40:01 [INFO]   var_db=41.0940 dB
2026-09-17 19:40:01 [INFO] [1813/4911] Processing: NgsJc52HpwM_003.flac
2026-09-17 19:40:03 [INFO]   var_db=42.1076 dB
2026-09-17 19:40:03 [INFO] [1814/4911] Processing: NgsJc52HpwM_004.flac
2026-09-17 19:40:10 [INFO]   var_db=18.0896 dB
2026-09-17 19:40:10 [INFO] [1815/4911] Processing: NgsJc52HpwM_005.flac
2026-09-17 19:40:11 [INFO]   var_db=44.6283 dB
2026-09-17 19:40:11 [INFO] [1816/4911] Processing: NgsJc52HpwM_006.flac
2026-09-17 19:40:19 [INFO]   var_db=21.0367 dB
2026-09-17 19:40:19 [INFO] [1817/4911] Processing: NgsJc52HpwM_007.flac
2026-09-17 19:40:25 [INFO]   var_db=21.4633 dB
2026-09-17 19:40:25 [INFO] [1818/4911] Processing: NgsJc52HpwM_008.flac
2026-09-17 19:40:27 [INFO]   var_db=22.0976 dB
2026-09-17 19:40:27 [INFO] [1819/4911] Processing: NlYiS7zp5Wc_000.flac
2026-09-17 19:40:34 [INFO]   var_db=19.1054 dB
2026-09-17 19:40:34 [INFO] [1820/4911] Processing: NlYiS7zp5Wc_001.flac
2026-09-17 19:40:38 [INFO]   var_db=17.4332 dB
2026-09-17 19:40:38 [INFO] [1821/4911] Processing: NlYiS7zp5Wc_002.flac
2026-09-17 19:40:42 [INFO]   var_db=18.5391 dB
2026-09-17 19:40:42 [INFO] [1822/4911] Processing: NlYiS7zp5Wc_003.flac
2026-09-17 19:40:43 [INFO]   var_db=10.0329 dB
2026-09-17 19:40:43 [INFO] [1823/4911] Processing: Ns8OcnMPugY_000.flac
2026-09-17 19:40:46 [INFO]   var_db=14.6898 dB
2026-09-17 19:40:46 [INFO] [1824/4911] Processing: Ns8OcnMPugY_001.flac
2026-09-17 19:40:48 [INFO]   var_db=10.5259 dB
2026-09-17 19:40:48 [INFO] [1825/4911] Processing: Ns8OcnMPugY_002.flac
2026-09-17 19:40:51 [INFO]   var_db=11.2450 dB
2026-09-17 19:40:51 [INFO] [1826/4911] Processing: Ns8OcnMPugY_003.flac
2026-09-17 19:40:53 [INFO]   var_db=3.2541 dB
2026-09-17 19:40:53 [INFO] [1827/4911] Processing: Ns8OcnMPugY_004.flac
2026-09-17 19:40:54 [INFO]   var_db=6.3210 dB
2026-09-17 19:40:54 [INFO] [1828/4911] Processing: O4NqkSzNSjE_000.flac
2026-09-17 19:41:00 [INFO]   var_db=10.2412 dB
2026-09-17 19:41:00 [INFO] [1829/4911] Processing: O4NqkSzNSjE_001.flac
2026-09-17 19:41:06 [INFO]   var_db=10.9588 dB
2026-09-17 19:41:06 [INFO] [1830/4911] Processing: O4NqkSzNSjE_002.flac
2026-09-17 19:41:09 [INFO]   var_db=6.4301 dB
2026-09-17 19:41:09 [INFO] [1831/4911] Processing: O4NqkSzNSjE_003.flac
2026-09-17 19:41:10 [INFO]   var_db=6.2882 dB
2026-09-17 19:41:10 [INFO] [1832/4911] Processing: OBARtsU9QnA_000.flac
2026-09-17 19:41:14 [INFO]   var_db=8.6804 dB
2026-09-17 19:41:14 [INFO] [1833/4911] Processing: OBARtsU9QnA_001.flac
2026-09-17 19:41:17 [INFO]   var_db=7.3744 dB
2026-09-17 19:41:17 [INFO] [1834/4911] Processing: OBARtsU9QnA_002.flac
2026-09-17 19:41:25 [INFO]   var_db=8.2453 dB
2026-09-17 19:41:25 [INFO] [1835/4911] Processing: OBARtsU9QnA_003.flac
2026-09-17 19:41:29 [INFO]   var_db=12.3284 dB
2026-09-17 19:41:29 [INFO] [1836/4911] Processing: OBARtsU9QnA_004.flac
2026-09-17 19:41:31 [INFO]   var_db=3.4325 dB
2026-09-17 19:41:31 [INFO] [1837/4911] Processing: OBARtsU9QnA_005.flac
2026-09-17 19:41:32 [INFO]   var_db=6.2104 dB
2026-09-17 19:41:32 [INFO] [1838/4911] Processing: OCWhWWZ0AwY_000.flac
2026-09-17 19:41:35 [INFO]   var_db=6.9493 dB
2026-09-17 19:41:35 [INFO] [1839/4911] Processing: OCWhWWZ0AwY_001.flac
2026-09-17 19:41:38 [INFO]   var_db=9.0523 dB
2026-09-17 19:41:38 [INFO] [1840/4911] Processing: OCWhWWZ0AwY_002.flac
2026-09-17 19:41:42 [INFO]   var_db=8.7605 dB
2026-09-17 19:41:42 [INFO] [1841/4911] Processing: OCWhWWZ0AwY_003.flac
2026-09-17 19:41:45 [INFO]   var_db=9.7678 dB
2026-09-17 19:41:45 [INFO] [1842/4911] Processing: OCWhWWZ0AwY_004.flac
2026-09-17 19:41:48 [INFO]   var_db=10.4922 dB
2026-09-17 19:41:48 [INFO] [1843/4911] Processing: OCWhWWZ0AwY_005.flac
2026-09-17 19:41:51 [INFO]   var_db=3.4437 dB
2026-09-17 19:41:51 [INFO] [1844/4911] Processing: OCWhWWZ0AwY_006.flac
2026-09-17 19:41:52 [INFO]   var_db=6.3548 dB
2026-09-17 19:41:52 [INFO] [1845/4911] Processing: OFPi0ecSoI8_000.flac
2026-09-17 19:41:54 [INFO]   var_db=7.2621 dB
2026-09-17 19:41:54 [INFO] [1846/4911] Processing: OFPi0ecSoI8_001.flac
2026-09-17 19:41:57 [INFO]   var_db=9.4953 dB
2026-09-17 19:41:57 [INFO] [1847/4911] Processing: OFPi0ecSoI8_002.flac
2026-09-17 19:41:59 [INFO]   var_db=3.5672 dB
2026-09-17 19:41:59 [INFO] [1848/4911] Processing: OFPi0ecSoI8_003.flac
2026-09-17 19:42:00 [INFO]   var_db=6.3722 dB
2026-09-17 19:42:00 [INFO] [1849/4911] Processing: OfDo1fLztjs_000.flac
2026-09-17 19:42:03 [INFO]   var_db=43.2804 dB
2026-09-17 19:42:03 [INFO] [1850/4911] Processing: OfDo1fLztjs_001.flac
2026-09-17 19:42:06 [INFO]   var_db=10.6650 dB
2026-09-17 19:42:06 [INFO] [1851/4911] Processing: OfDo1fLztjs_002.flac
2026-09-17 19:42:10 [INFO]   var_db=10.0034 dB
2026-09-17 19:42:10 [INFO] [1852/4911] Processing: OfDo1fLztjs_003.flac
2026-09-17 19:42:13 [INFO]   var_db=9.8369 dB
2026-09-17 19:42:13 [INFO] [1853/4911] Processing: OfDo1fLztjs_004.flac
2026-09-17 19:42:16 [INFO]   var_db=9.0373 dB
2026-09-17 19:42:16 [INFO] [1854/4911] Processing: OfDo1fLztjs_005.flac
2026-09-17 19:42:22 [INFO]   var_db=8.8061 dB
2026-09-17 19:42:22 [INFO] [1855/4911] Processing: OfDo1fLztjs_006.flac
2026-09-17 19:42:24 [INFO]   var_db=8.4964 dB
2026-09-17 19:42:24 [INFO] [1856/4911] Processing: OfDo1fLztjs_007.flac
2026-09-17 19:42:29 [INFO]   var_db=6.7062 dB
2026-09-17 19:42:29 [INFO] [1857/4911] Processing: OfDo1fLztjs_008.flac
2026-09-17 19:42:35 [INFO]   var_db=5.4407 dB
2026-09-17 19:42:35 [INFO] [1858/4911] Processing: OfDo1fLztjs_009.flac
2026-09-17 19:42:48 [INFO]   var_db=6.5673 dB
2026-09-17 19:42:48 [INFO] [1859/4911] Processing: OfDo1fLztjs_010.flac
2026-09-17 19:42:51 [INFO]   var_db=20.8778 dB
2026-09-17 19:42:51 [INFO] [1860/4911] Processing: OfDo1fLztjs_011.flac
2026-09-17 19:42:52 [INFO]   var_db=42.5009 dB
2026-09-17 19:42:52 [INFO] [1861/4911] Processing: OlQ0UvbZqxs_000.flac
2026-09-17 19:42:59 [INFO]   var_db=14.3483 dB
2026-09-17 19:42:59 [INFO] [1862/4911] Processing: OlQ0UvbZqxs_001.flac
2026-09-17 19:43:03 [INFO]   var_db=10.2555 dB
2026-09-17 19:43:03 [INFO] [1863/4911] Processing: OlQ0UvbZqxs_002.flac
2026-09-17 19:43:07 [INFO]   var_db=10.5700 dB
2026-09-17 19:43:07 [INFO] [1864/4911] Processing: OlQ0UvbZqxs_003.flac
2026-09-17 19:43:10 [INFO]   var_db=46.3896 dB
2026-09-17 19:43:10 [INFO] [1865/4911] Processing: OlQ0UvbZqxs_004.flac
2026-09-17 19:43:13 [INFO]   var_db=19.6543 dB
2026-09-17 19:43:13 [INFO] [1866/4911] Processing: OlQ0UvbZqxs_005.flac
2026-09-17 19:43:14 [INFO]   var_db=42.5962 dB
2026-09-17 19:43:14 [INFO] [1867/4911] Processing: OnK2taEbraM_000.flac
2026-09-17 19:43:17 [INFO]   var_db=45.9675 dB
2026-09-17 19:43:17 [INFO] [1868/4911] Processing: OnK2taEbraM_001.flac
2026-09-17 19:43:24 [INFO]   var_db=19.2557 dB
2026-09-17 19:43:24 [INFO] [1869/4911] Processing: OnK2taEbraM_002.flac
2026-09-17 19:43:27 [INFO]   var_db=15.7388 dB
2026-09-17 19:43:27 [INFO] [1870/4911] Processing: OnK2taEbraM_003.flac
2026-09-17 19:43:33 [INFO]   var_db=11.8880 dB
2026-09-17 19:43:33 [INFO] [1871/4911] Processing: OnK2taEbraM_004.flac
2026-09-17 19:43:35 [INFO]   var_db=14.3551 dB
2026-09-17 19:43:35 [INFO] [1872/4911] Processing: OnK2taEbraM_005.flac
2026-09-17 19:43:37 [INFO]   var_db=16.2737 dB
2026-09-17 19:43:37 [INFO] [1873/4911] Processing: OnK2taEbraM_006.flac
2026-09-17 19:43:40 [INFO]   var_db=15.9337 dB
2026-09-17 19:43:40 [INFO] [1874/4911] Processing: OnK2taEbraM_007.flac
2026-09-17 19:43:42 [INFO]   var_db=13.0781 dB
2026-09-17 19:43:42 [INFO] [1875/4911] Processing: OnK2taEbraM_008.flac
2026-09-17 19:43:43 [INFO]   var_db=14.7012 dB
2026-09-17 19:43:43 [INFO] [1876/4911] Processing: OnK2taEbraM_009.flac
2026-09-17 19:43:50 [INFO]   var_db=14.7015 dB
2026-09-17 19:43:50 [INFO] [1877/4911] Processing: OnK2taEbraM_010.flac
2026-09-17 19:43:56 [INFO]   var_db=32.8547 dB
2026-09-17 19:43:56 [INFO] [1878/4911] Processing: OnK2taEbraM_011.flac
2026-09-17 19:43:58 [INFO]   var_db=42.6022 dB
2026-09-17 19:43:58 [INFO] [1879/4911] Processing: OqABmo1wQaE_000.flac
2026-09-17 19:43:59 [INFO]   var_db=40.7059 dB
2026-09-17 19:43:59 [INFO] [1880/4911] Processing: OqABmo1wQaE_001.flac
2026-09-17 19:44:00 [INFO]   var_db=46.9323 dB
2026-09-17 19:44:00 [INFO] [1881/4911] Processing: OqABmo1wQaE_002.flac
2026-09-17 19:44:01 [INFO]   var_db=46.1120 dB
2026-09-17 19:44:01 [INFO] [1882/4911] Processing: OqABmo1wQaE_003.flac
2026-09-17 19:44:02 [INFO]   var_db=44.4073 dB
2026-09-17 19:44:02 [INFO] [1883/4911] Processing: OqABmo1wQaE_004.flac
2026-09-17 19:44:05 [INFO]   var_db=42.2476 dB
2026-09-17 19:44:05 [INFO] [1884/4911] Processing: OqABmo1wQaE_005.flac
2026-09-17 19:44:13 [INFO]   var_db=18.6158 dB
2026-09-17 19:44:13 [INFO] [1885/4911] Processing: OqABmo1wQaE_006.flac
2026-09-17 19:44:16 [INFO]   var_db=15.0041 dB
2026-09-17 19:44:16 [INFO] [1886/4911] Processing: OqABmo1wQaE_007.flac
2026-09-17 19:44:18 [INFO]   var_db=12.0444 dB
2026-09-17 19:44:18 [INFO] [1887/4911] Processing: OqABmo1wQaE_008.flac
2026-09-17 19:44:22 [INFO]   var_db=9.6216 dB
2026-09-17 19:44:22 [INFO] [1888/4911] Processing: OqABmo1wQaE_009.flac
2026-09-17 19:44:23 [INFO]   var_db=46.4371 dB
2026-09-17 19:44:23 [INFO] [1889/4911] Processing: OqABmo1wQaE_010.flac
2026-09-17 19:44:24 [INFO]   var_db=37.5801 dB
2026-09-17 19:44:24 [INFO] [1890/4911] Processing: OqABmo1wQaE_011.flac
2026-09-17 19:44:26 [INFO]   var_db=35.4311 dB
2026-09-17 19:44:26 [INFO] [1891/4911] Processing: OqABmo1wQaE_012.flac
2026-09-17 19:44:29 [INFO]   var_db=32.8493 dB
2026-09-17 19:44:29 [INFO] [1892/4911] Processing: OqABmo1wQaE_013.flac
2026-09-17 19:44:30 [INFO]   var_db=26.7073 dB
2026-09-17 19:44:30 [INFO] [1893/4911] Processing: OqABmo1wQaE_014.flac
2026-09-17 19:44:33 [INFO]   var_db=21.2804 dB
2026-09-17 19:44:33 [INFO] [1894/4911] Processing: OqFfzz8sww4_000.flac
2026-09-17 19:44:35 [INFO]   var_db=39.9837 dB
2026-09-17 19:44:35 [INFO] [1895/4911] Processing: OqFfzz8sww4_001.flac
2026-09-17 19:44:37 [INFO]   var_db=27.9335 dB
2026-09-17 19:44:37 [INFO] [1896/4911] Processing: OqFfzz8sww4_002.flac
2026-09-17 19:44:40 [INFO]   var_db=40.9849 dB
2026-09-17 19:44:40 [INFO] [1897/4911] Processing: OqFfzz8sww4_003.flac
2026-09-17 19:44:42 [INFO]   var_db=32.7463 dB
2026-09-17 19:44:42 [INFO] [1898/4911] Processing: OqFfzz8sww4_004.flac
2026-09-17 19:44:43 [INFO]   var_db=40.8976 dB
2026-09-17 19:44:43 [INFO] [1899/4911] Processing: OqFfzz8sww4_005.flac
2026-09-17 19:44:46 [INFO]   var_db=40.0904 dB
2026-09-17 19:44:46 [INFO] [1900/4911] Processing: OqFfzz8sww4_006.flac
2026-09-17 19:44:47 [INFO]   var_db=37.3034 dB
2026-09-17 19:44:47 [INFO] [1901/4911] Processing: OqFfzz8sww4_007.flac
2026-09-17 19:44:49 [INFO]   var_db=42.0660 dB
2026-09-17 19:44:49 [INFO] [1902/4911] Processing: OqFfzz8sww4_008.flac
2026-09-17 19:44:53 [INFO]   var_db=40.7774 dB
2026-09-17 19:44:53 [INFO] [1903/4911] Processing: OqFfzz8sww4_009.flac
2026-09-17 19:44:55 [INFO]   var_db=39.3861 dB
2026-09-17 19:44:55 [INFO] [1904/4911] Processing: OqFfzz8sww4_010.flac
2026-09-17 19:44:58 [INFO]   var_db=21.3251 dB
2026-09-17 19:44:58 [INFO] [1905/4911] Processing: OqFfzz8sww4_011.flac
2026-09-17 19:44:59 [INFO]   var_db=43.3699 dB
2026-09-17 19:44:59 [INFO] [1906/4911] Processing: OzrNqubstag_000.flac
2026-09-17 19:45:01 [INFO]   var_db=22.6145 dB
2026-09-17 19:45:01 [INFO] [1907/4911] Processing: OzrNqubstag_001.flac
2026-09-17 19:45:07 [INFO]   var_db=17.7619 dB
2026-09-17 19:45:07 [INFO] [1908/4911] Processing: OzrNqubstag_002.flac
2026-09-17 19:45:09 [INFO]   var_db=43.7762 dB
2026-09-17 19:45:09 [INFO] [1909/4911] Processing: P-jbyxAzsW8_000.flac
2026-09-17 19:45:12 [INFO]   var_db=21.7850 dB
2026-09-17 19:45:12 [INFO] [1910/4911] Processing: P-jbyxAzsW8_001.flac
2026-09-17 19:45:16 [INFO]   var_db=44.8811 dB
2026-09-17 19:45:16 [INFO] [1911/4911] Processing: P-jbyxAzsW8_002.flac
2026-09-17 19:45:21 [INFO]   var_db=10.1667 dB
2026-09-17 19:45:21 [INFO] [1912/4911] Processing: P-jbyxAzsW8_003.flac
2026-09-17 19:45:25 [INFO]   var_db=46.6608 dB
2026-09-17 19:45:25 [INFO] [1913/4911] Processing: P-jbyxAzsW8_004.flac
2026-09-17 19:45:28 [INFO]   var_db=33.9808 dB
2026-09-17 19:45:28 [INFO] [1914/4911] Processing: P-jbyxAzsW8_005.flac
2026-09-17 19:45:31 [INFO]   var_db=42.3188 dB
2026-09-17 19:45:31 [INFO] [1915/4911] Processing: P-jbyxAzsW8_006.flac
2026-09-17 19:45:34 [INFO]   var_db=43.2749 dB
2026-09-17 19:45:34 [INFO] [1916/4911] Processing: PBuicCInFfk_000.flac
2026-09-17 19:45:37 [INFO]   var_db=18.3369 dB
2026-09-17 19:45:37 [INFO] [1917/4911] Processing: PBuicCInFfk_001.flac
2026-09-17 19:45:39 [INFO]   var_db=4.8609 dB
2026-09-17 19:45:39 [INFO] [1918/4911] Processing: PEFDCay69M8_000.flac
2026-09-17 19:45:43 [INFO]   var_db=37.5256 dB
2026-09-17 19:45:43 [INFO] [1919/4911] Processing: PEFDCay69M8_001.flac
2026-09-17 19:45:51 [INFO]   var_db=13.8006 dB
2026-09-17 19:45:51 [INFO] [1920/4911] Processing: PEFDCay69M8_002.flac
2026-09-17 19:45:59 [INFO]   var_db=12.2964 dB
2026-09-17 19:45:59 [INFO] [1921/4911] Processing: PEFDCay69M8_003.flac
2026-09-17 19:46:02 [INFO]   var_db=12.9326 dB
2026-09-17 19:46:02 [INFO] [1922/4911] Processing: PEFDCay69M8_004.flac
2026-09-17 19:46:10 [INFO]   var_db=12.1677 dB
2026-09-17 19:46:10 [INFO] [1923/4911] Processing: PEFDCay69M8_005.flac
2026-09-17 19:46:14 [INFO]   var_db=12.8528 dB
2026-09-17 19:46:14 [INFO] [1924/4911] Processing: PEFDCay69M8_006.flac
2026-09-17 19:46:17 [INFO]   var_db=21.2120 dB
2026-09-17 19:46:17 [INFO] [1925/4911] Processing: PSz4Xf47C98_000.flac
2026-09-17 19:46:18 [INFO]   var_db=45.6191 dB
2026-09-17 19:46:18 [INFO] [1926/4911] Processing: PSz4Xf47C98_001.flac
2026-09-17 19:46:20 [INFO]   var_db=42.6464 dB
2026-09-17 19:46:20 [INFO] [1927/4911] Processing: PSz4Xf47C98_002.flac
2026-09-17 19:46:22 [INFO]   var_db=38.0013 dB
2026-09-17 19:46:22 [INFO] [1928/4911] Processing: PSz4Xf47C98_003.flac
2026-09-17 19:46:23 [INFO]   var_db=44.6852 dB
2026-09-17 19:46:23 [INFO] [1929/4911] Processing: PSz4Xf47C98_004.flac
2026-09-17 19:46:25 [INFO]   var_db=43.0632 dB
2026-09-17 19:46:25 [INFO] [1930/4911] Processing: PSz4Xf47C98_005.flac
2026-09-17 19:46:31 [INFO]   var_db=41.4742 dB
2026-09-17 19:46:31 [INFO] [1931/4911] Processing: PSz4Xf47C98_006.flac
2026-09-17 19:46:39 [INFO]   var_db=3.5848 dB
2026-09-17 19:46:39 [INFO] [1932/4911] Processing: PSz4Xf47C98_007.flac
2026-09-17 19:46:40 [INFO]   var_db=5.9237 dB
2026-09-17 19:46:40 [INFO] [1933/4911] Processing: PSz4Xf47C98_008.flac
2026-09-17 19:46:45 [INFO]   var_db=7.5235 dB
2026-09-17 19:46:45 [INFO] [1934/4911] Processing: PSz4Xf47C98_009.flac
2026-09-17 19:46:47 [INFO]   var_db=7.1064 dB
2026-09-17 19:46:47 [INFO] [1935/4911] Processing: PSz4Xf47C98_010.flac
2026-09-17 19:46:51 [INFO]   var_db=2.5010 dB
2026-09-17 19:46:51 [INFO] [1936/4911] Processing: PSz4Xf47C98_011.flac
2026-09-17 19:46:53 [INFO]   var_db=3.0994 dB
2026-09-17 19:46:53 [INFO] [1937/4911] Processing: PSz4Xf47C98_012.flac
2026-09-17 19:47:01 [INFO]   var_db=8.8033 dB
2026-09-17 19:47:01 [INFO] [1938/4911] Processing: PSz4Xf47C98_013.flac
2026-09-17 19:47:03 [INFO]   var_db=19.0129 dB
2026-09-17 19:47:03 [INFO] [1939/4911] Processing: PSz4Xf47C98_014.flac
2026-09-17 19:47:05 [INFO]   var_db=43.0669 dB
2026-09-17 19:47:05 [INFO] [1940/4911] Processing: PlLXRExhFhk_000.flac
2026-09-17 19:47:09 [INFO]   var_db=15.7723 dB
2026-09-17 19:47:09 [INFO] [1941/4911] Processing: PlLXRExhFhk_001.flac
2026-09-17 19:47:12 [INFO]   var_db=3.1008 dB
2026-09-17 19:47:12 [INFO] [1942/4911] Processing: PlLXRExhFhk_002.flac
2026-09-17 19:47:13 [INFO]   var_db=6.3379 dB
2026-09-17 19:47:13 [INFO] [1943/4911] Processing: Prlv_TA2KSM_000.flac
2026-09-17 19:47:15 [INFO]   var_db=9.3213 dB
2026-09-17 19:47:15 [INFO] [1944/4911] Processing: Prlv_TA2KSM_001.flac
2026-09-17 19:47:16 [INFO]   var_db=-15.2289 dB
2026-09-17 19:47:16 [INFO] [1945/4911] Processing: Prlv_TA2KSM_002.flac
2026-09-17 19:47:17 [INFO]   var_db=2.2673 dB
2026-09-17 19:47:17 [INFO] [1946/4911] Processing: Prlv_TA2KSM_003.flac
2026-09-17 19:47:19 [INFO]   var_db=6.7549 dB
2026-09-17 19:47:19 [INFO] [1947/4911] Processing: Prlv_TA2KSM_004.flac
2026-09-17 19:47:21 [INFO]   var_db=8.4186 dB
2026-09-17 19:47:21 [INFO] [1948/4911] Processing: Prlv_TA2KSM_005.flac
2026-09-17 19:47:22 [INFO]   var_db=48.4340 dB
2026-09-17 19:47:22 [INFO] [1949/4911] Processing: Prlv_TA2KSM_006.flac
2026-09-17 19:47:23 [INFO]   var_db=41.6992 dB
2026-09-17 19:47:23 [INFO] [1950/4911] Processing: Prlv_TA2KSM_007.flac
2026-09-17 19:47:26 [INFO]   var_db=35.5634 dB
2026-09-17 19:47:26 [INFO] [1951/4911] Processing: Prlv_TA2KSM_008.flac
2026-09-17 19:47:27 [INFO]   var_db=43.0727 dB
2026-09-17 19:47:27 [INFO] [1952/4911] Processing: Q1DIEG8m_os_000.flac
2026-09-17 19:47:30 [INFO]   var_db=35.4997 dB
2026-09-17 19:47:30 [INFO] [1953/4911] Processing: Q1DIEG8m_os_001.flac
2026-09-17 19:47:32 [INFO]   var_db=41.4283 dB
2026-09-17 19:47:32 [INFO] [1954/4911] Processing: Q1DIEG8m_os_002.flac
2026-09-17 19:47:33 [INFO]   var_db=45.3158 dB
2026-09-17 19:47:33 [INFO] [1955/4911] Processing: Q1DIEG8m_os_003.flac
2026-09-17 19:47:36 [INFO]   var_db=12.8129 dB
2026-09-17 19:47:36 [INFO] [1956/4911] Processing: Q1DIEG8m_os_004.flac
2026-09-17 19:47:38 [INFO]   var_db=3.5226 dB
2026-09-17 19:47:38 [INFO] [1957/4911] Processing: Q1DIEG8m_os_005.flac
2026-09-17 19:47:40 [INFO]   var_db=6.3350 dB
2026-09-17 19:47:40 [INFO] [1958/4911] Processing: QE6ZYem6rZc_000.flac
2026-09-17 19:47:41 [INFO]   var_db=42.3451 dB
2026-09-17 19:47:41 [INFO] [1959/4911] Processing: QE6ZYem6rZc_001.flac
2026-09-17 19:47:42 [INFO]   var_db=44.9584 dB
2026-09-17 19:47:42 [INFO] [1960/4911] Processing: QE6ZYem6rZc_002.flac
2026-09-17 19:47:44 [INFO]   var_db=6.7063 dB
2026-09-17 19:47:44 [INFO] [1961/4911] Processing: QE6ZYem6rZc_003.flac
2026-09-17 19:47:46 [INFO]   var_db=9.6761 dB
2026-09-17 19:47:46 [INFO] [1962/4911] Processing: QFh7ktSHtsU_000.flac
2026-09-17 19:47:52 [INFO]   var_db=13.8327 dB
2026-09-17 19:47:52 [INFO] [1963/4911] Processing: QFh7ktSHtsU_001.flac
2026-09-17 19:47:58 [INFO]   var_db=11.1627 dB
2026-09-17 19:47:58 [INFO] [1964/4911] Processing: QFh7ktSHtsU_002.flac
2026-09-17 19:48:06 [INFO]   var_db=11.3235 dB
2026-09-17 19:48:06 [INFO] [1965/4911] Processing: QFh7ktSHtsU_003.flac
2026-09-17 19:48:14 [INFO]   var_db=23.0545 dB
2026-09-17 19:48:14 [INFO] [1966/4911] Processing: QFh7ktSHtsU_004.flac
2026-09-17 19:48:20 [INFO]   var_db=16.6285 dB
2026-09-17 19:48:20 [INFO] [1967/4911] Processing: QFh7ktSHtsU_005.flac
2026-09-17 19:48:24 [INFO]   var_db=26.0653 dB
2026-09-17 19:48:24 [INFO] [1968/4911] Processing: QFh7ktSHtsU_006.flac
2026-09-17 19:48:26 [INFO]   var_db=27.6382 dB
2026-09-17 19:48:26 [INFO] [1969/4911] Processing: QFh7ktSHtsU_007.flac
2026-09-17 19:48:27 [INFO]   var_db=42.5787 dB
2026-09-17 19:48:27 [INFO] [1970/4911] Processing: QMcQX7Yz53w_000.flac
2026-09-17 19:48:33 [INFO]   var_db=16.2263 dB
2026-09-17 19:48:33 [INFO] [1971/4911] Processing: QMcQX7Yz53w_001.flac
2026-09-17 19:48:39 [INFO]   var_db=9.3656 dB
2026-09-17 19:48:39 [INFO] [1972/4911] Processing: QMcQX7Yz53w_002.flac
2026-09-17 19:48:40 [INFO]   var_db=7.0739 dB
2026-09-17 19:48:40 [INFO] [1973/4911] Processing: QMcQX7Yz53w_003.flac
2026-09-17 19:48:42 [INFO]   var_db=5.9132 dB
2026-09-17 19:48:42 [INFO] [1974/4911] Processing: QMcQX7Yz53w_004.flac
2026-09-17 19:48:43 [INFO]   var_db=12.4508 dB
2026-09-17 19:48:43 [INFO] [1975/4911] Processing: QgXuMcp2qJs_000.flac
2026-09-17 19:48:47 [INFO]   var_db=14.7895 dB
2026-09-17 19:48:47 [INFO] [1976/4911] Processing: QgXuMcp2qJs_001.flac
2026-09-17 19:48:53 [INFO]   var_db=8.4422 dB
2026-09-17 19:48:53 [INFO] [1977/4911] Processing: QgXuMcp2qJs_002.flac
2026-09-17 19:48:56 [INFO]   var_db=6.9447 dB
2026-09-17 19:48:56 [INFO] [1978/4911] Processing: QgXuMcp2qJs_003.flac
2026-09-17 19:49:03 [INFO]   var_db=9.7034 dB
2026-09-17 19:49:03 [INFO] [1979/4911] Processing: QgXuMcp2qJs_004.flac
2026-09-17 19:49:04 [INFO]   var_db=4.6506 dB
2026-09-17 19:49:04 [INFO] [1980/4911] Processing: QjWjr1eyqDA_000.flac
2026-09-17 19:49:05 [INFO]   var_db=37.0548 dB
2026-09-17 19:49:05 [INFO] [1981/4911] Processing: QjWjr1eyqDA_001.flac
2026-09-17 19:49:06 [INFO]   var_db=48.8300 dB
2026-09-17 19:49:06 [INFO] [1982/4911] Processing: QjWjr1eyqDA_002.flac
2026-09-17 19:49:07 [INFO]   var_db=48.9690 dB
2026-09-17 19:49:07 [INFO] [1983/4911] Processing: QjWjr1eyqDA_003.flac
2026-09-17 19:49:09 [INFO]   var_db=48.5337 dB
2026-09-17 19:49:09 [INFO] [1984/4911] Processing: QjWjr1eyqDA_004.flac
2026-09-17 19:49:10 [INFO]   var_db=45.5650 dB
2026-09-17 19:49:10 [INFO] [1985/4911] Processing: QjWjr1eyqDA_005.flac
2026-09-17 19:49:11 [INFO]   var_db=47.9291 dB
2026-09-17 19:49:11 [INFO] [1986/4911] Processing: QjWjr1eyqDA_006.flac
2026-09-17 19:49:13 [INFO]   var_db=49.4834 dB
2026-09-17 19:49:13 [INFO] [1987/4911] Processing: QjWjr1eyqDA_007.flac
2026-09-17 19:49:16 [INFO]   var_db=49.7203 dB
2026-09-17 19:49:16 [INFO] [1988/4911] Processing: QjWjr1eyqDA_008.flac
2026-09-17 19:49:18 [INFO]   var_db=49.7180 dB
2026-09-17 19:49:18 [INFO] [1989/4911] Processing: QjWjr1eyqDA_009.flac
2026-09-17 19:49:20 [INFO]   var_db=48.4678 dB
2026-09-17 19:49:20 [INFO] [1990/4911] Processing: QjWjr1eyqDA_010.flac
2026-09-17 19:49:21 [INFO]   var_db=47.3700 dB
2026-09-17 19:49:21 [INFO] [1991/4911] Processing: QjWjr1eyqDA_011.flac
2026-09-17 19:49:22 [INFO]   var_db=47.0550 dB
2026-09-17 19:49:22 [INFO] [1992/4911] Processing: QjWjr1eyqDA_012.flac
2026-09-17 19:49:24 [INFO]   var_db=47.8495 dB
2026-09-17 19:49:24 [INFO] [1993/4911] Processing: QjWjr1eyqDA_013.flac
2026-09-17 19:49:26 [INFO]   var_db=48.8287 dB
2026-09-17 19:49:26 [INFO] [1994/4911] Processing: QjWjr1eyqDA_014.flac
2026-09-17 19:49:29 [INFO]   var_db=49.6845 dB
2026-09-17 19:49:29 [INFO] [1995/4911] Processing: QjWjr1eyqDA_015.flac
2026-09-17 19:49:31 [INFO]   var_db=3.2981 dB
2026-09-17 19:49:31 [INFO] [1996/4911] Processing: QjWjr1eyqDA_016.flac
2026-09-17 19:49:32 [INFO]   var_db=6.2858 dB
2026-09-17 19:49:32 [INFO] [1997/4911] Processing: QjmVsoAbkB4_000.flac
2026-09-17 19:49:41 [INFO]   var_db=14.0648 dB
2026-09-17 19:49:41 [INFO] [1998/4911] Processing: QjmVsoAbkB4_001.flac
2026-09-17 19:49:42 [INFO]   var_db=11.5648 dB
2026-09-17 19:49:42 [INFO] [1999/4911] Processing: QjmVsoAbkB4_002.flac
2026-09-17 19:49:45 [INFO]   var_db=13.8520 dB
2026-09-17 19:49:45 [INFO] [2000/4911] Processing: QjmVsoAbkB4_003.flac
2026-09-17 19:49:47 [INFO]   var_db=4.6826 dB
2026-09-17 19:49:47 [INFO] [2001/4911] Processing: QjmVsoAbkB4_004.flac
2026-09-17 19:49:48 [INFO]   var_db=6.4471 dB
2026-09-17 19:49:48 [INFO] [2002/4911] Processing: QqZnVpKZlaM_000.flac
2026-09-17 19:49:52 [INFO]   var_db=9.3215 dB
2026-09-17 19:49:52 [INFO] [2003/4911] Processing: QqZnVpKZlaM_001.flac
2026-09-17 19:49:57 [INFO]   var_db=14.0927 dB
2026-09-17 19:49:57 [INFO] [2004/4911] Processing: QqZnVpKZlaM_002.flac
2026-09-17 19:50:01 [INFO]   var_db=9.2036 dB
2026-09-17 19:50:01 [INFO] [2005/4911] Processing: QqZnVpKZlaM_003.flac
2026-09-17 19:50:04 [INFO]   var_db=6.8755 dB
2026-09-17 19:50:04 [INFO] [2006/4911] Processing: QqZnVpKZlaM_004.flac
2026-09-17 19:50:05 [INFO]   var_db=6.3291 dB
2026-09-17 19:50:05 [INFO] [2007/4911] Processing: R1-E5NeMTq0_000.flac
2026-09-17 19:50:12 [INFO]   var_db=11.0878 dB
2026-09-17 19:50:12 [INFO] [2008/4911] Processing: R1-E5NeMTq0_001.flac
2026-09-17 19:50:20 [INFO]   var_db=11.4785 dB
2026-09-17 19:50:20 [INFO] [2009/4911] Processing: R1-E5NeMTq0_002.flac
2026-09-17 19:50:24 [INFO]   var_db=11.1777 dB
2026-09-17 19:50:24 [INFO] [2010/4911] Processing: R1-E5NeMTq0_003.flac
2026-09-17 19:50:31 [INFO]   var_db=11.2236 dB
2026-09-17 19:50:31 [INFO] [2011/4911] Processing: R1-E5NeMTq0_004.flac
2026-09-17 19:50:40 [INFO]   var_db=11.7874 dB
2026-09-17 19:50:40 [INFO] [2012/4911] Processing: R1-E5NeMTq0_005.flac
2026-09-17 19:50:41 [INFO]   var_db=9.4490 dB
2026-09-17 19:50:41 [INFO] [2013/4911] Processing: R1-E5NeMTq0_006.flac
2026-09-17 19:50:44 [INFO]   var_db=9.6198 dB
2026-09-17 19:50:44 [INFO] [2014/4911] Processing: R1-E5NeMTq0_007.flac
2026-09-17 19:50:53 [INFO]   var_db=9.6714 dB
2026-09-17 19:50:53 [INFO] [2015/4911] Processing: R1-E5NeMTq0_008.flac
2026-09-17 19:50:56 [INFO]   var_db=8.9139 dB
2026-09-17 19:50:56 [INFO] [2016/4911] Processing: R1-E5NeMTq0_009.flac
2026-09-17 19:51:05 [INFO]   var_db=8.6843 dB
2026-09-17 19:51:05 [INFO] [2017/4911] Processing: R1-E5NeMTq0_010.flac
2026-09-17 19:51:07 [INFO]   var_db=11.4566 dB
2026-09-17 19:51:07 [INFO] [2018/4911] Processing: R1-E5NeMTq0_011.flac
2026-09-17 19:51:16 [INFO]   var_db=8.5104 dB
2026-09-17 19:51:16 [INFO] [2019/4911] Processing: R1-E5NeMTq0_012.flac
2026-09-17 19:51:23 [INFO]   var_db=8.8022 dB
2026-09-17 19:51:23 [INFO] [2020/4911] Processing: R1-E5NeMTq0_013.flac
2026-09-17 19:51:31 [INFO]   var_db=7.9500 dB
2026-09-17 19:51:31 [INFO] [2021/4911] Processing: R1-E5NeMTq0_014.flac
2026-09-17 19:51:38 [INFO]   var_db=8.7516 dB
2026-09-17 19:51:38 [INFO] [2022/4911] Processing: R1-E5NeMTq0_015.flac
2026-09-17 19:51:47 [INFO]   var_db=9.7264 dB
2026-09-17 19:51:47 [INFO] [2023/4911] Processing: R1-E5NeMTq0_016.flac
2026-09-17 19:51:51 [INFO]   var_db=9.5031 dB
2026-09-17 19:51:51 [INFO] [2024/4911] Processing: R1-E5NeMTq0_017.flac
2026-09-17 19:51:59 [INFO]   var_db=39.1220 dB
2026-09-17 19:51:59 [INFO] [2025/4911] Processing: R1-E5NeMTq0_018.flac
2026-09-17 19:52:07 [INFO]   var_db=41.8369 dB
2026-09-17 19:52:07 [INFO] [2026/4911] Processing: R1-E5NeMTq0_019.flac
2026-09-17 19:52:09 [INFO]   var_db=3.0453 dB
2026-09-17 19:52:09 [INFO] [2027/4911] Processing: R1-E5NeMTq0_020.flac
2026-09-17 19:52:10 [INFO]   var_db=6.3015 dB
2026-09-17 19:52:10 [INFO] [2028/4911] Processing: R43WTWwgYGY_000.flac
2026-09-17 19:52:18 [INFO]   var_db=14.2074 dB
2026-09-17 19:52:18 [INFO] [2029/4911] Processing: R43WTWwgYGY_001.flac
2026-09-17 19:52:23 [INFO]   var_db=9.4250 dB
2026-09-17 19:52:23 [INFO] [2030/4911] Processing: R43WTWwgYGY_002.flac
2026-09-17 19:52:31 [INFO]   var_db=10.7663 dB
2026-09-17 19:52:31 [INFO] [2031/4911] Processing: R43WTWwgYGY_003.flac
2026-09-17 19:52:38 [INFO]   var_db=6.7784 dB
2026-09-17 19:52:38 [INFO] [2032/4911] Processing: R43WTWwgYGY_004.flac
2026-09-17 19:52:45 [INFO]   var_db=8.7914 dB
2026-09-17 19:52:45 [INFO] [2033/4911] Processing: R43WTWwgYGY_005.flac
2026-09-17 19:52:53 [INFO]   var_db=7.7988 dB
2026-09-17 19:52:53 [INFO] [2034/4911] Processing: R43WTWwgYGY_006.flac
2026-09-17 19:52:57 [INFO]   var_db=8.5977 dB
2026-09-17 19:52:57 [INFO] [2035/4911] Processing: R43WTWwgYGY_007.flac
2026-09-17 19:53:04 [INFO]   var_db=9.2373 dB
2026-09-17 19:53:04 [INFO] [2036/4911] Processing: R43WTWwgYGY_008.flac
2026-09-17 19:53:10 [INFO]   var_db=11.6791 dB
2026-09-17 19:53:10 [INFO] [2037/4911] Processing: R43WTWwgYGY_009.flac
2026-09-17 19:53:12 [INFO]   var_db=32.9332 dB
2026-09-17 19:53:12 [INFO] [2038/4911] Processing: R43WTWwgYGY_010.flac
2026-09-17 19:53:13 [INFO]   var_db=43.6524 dB
2026-09-17 19:53:13 [INFO] [2039/4911] Processing: R43WTWwgYGY_011.flac
2026-09-17 19:53:15 [INFO]   var_db=3.8662 dB
2026-09-17 19:53:15 [INFO] [2040/4911] Processing: R43WTWwgYGY_012.flac
2026-09-17 19:53:16 [INFO]   var_db=6.3320 dB
2026-09-17 19:53:16 [INFO] [2041/4911] Processing: RMOyCOQSNIQ_000.flac
2026-09-17 19:53:19 [INFO]   var_db=18.6266 dB
2026-09-17 19:53:19 [INFO] [2042/4911] Processing: RMOyCOQSNIQ_001.flac
2026-09-17 19:53:20 [INFO]   var_db=38.9124 dB
2026-09-17 19:53:20 [INFO] [2043/4911] Processing: RMOyCOQSNIQ_002.flac
2026-09-17 19:53:25 [INFO]   var_db=32.7798 dB
2026-09-17 19:53:25 [INFO] [2044/4911] Processing: RMOyCOQSNIQ_003.flac
2026-09-17 19:53:26 [INFO]   var_db=43.5585 dB
2026-09-17 19:53:26 [INFO] [2045/4911] Processing: RMOyCOQSNIQ_004.flac
2026-09-17 19:53:29 [INFO]   var_db=45.5140 dB
2026-09-17 19:53:29 [INFO] [2046/4911] Processing: RMOyCOQSNIQ_005.flac
2026-09-17 19:53:32 [INFO]   var_db=44.8336 dB
2026-09-17 19:53:32 [INFO] [2047/4911] Processing: RMOyCOQSNIQ_006.flac
2026-09-17 19:53:34 [INFO]   var_db=45.0968 dB
2026-09-17 19:53:34 [INFO] [2048/4911] Processing: RMOyCOQSNIQ_007.flac
2026-09-17 19:53:36 [INFO]   var_db=37.2568 dB
2026-09-17 19:53:36 [INFO] [2049/4911] Processing: RMOyCOQSNIQ_008.flac
2026-09-17 19:53:39 [INFO]   var_db=45.7447 dB
2026-09-17 19:53:39 [INFO] [2050/4911] Processing: RMOyCOQSNIQ_009.flac
2026-09-17 19:53:41 [INFO]   var_db=23.4115 dB
2026-09-17 19:53:41 [INFO] [2051/4911] Processing: RMOyCOQSNIQ_010.flac
2026-09-17 19:53:44 [INFO]   var_db=46.6396 dB
2026-09-17 19:53:44 [INFO] [2052/4911] Processing: RMOyCOQSNIQ_011.flac
2026-09-17 19:53:45 [INFO]   var_db=15.7772 dB
2026-09-17 19:53:45 [INFO] [2053/4911] Processing: RMOyCOQSNIQ_012.flac
2026-09-17 19:53:51 [INFO]   var_db=17.6499 dB
2026-09-17 19:53:51 [INFO] [2054/4911] Processing: RMOyCOQSNIQ_013.flac
2026-09-17 19:53:53 [INFO]   var_db=26.7613 dB
2026-09-17 19:53:53 [INFO] [2055/4911] Processing: RMOyCOQSNIQ_014.flac
2026-09-17 19:53:58 [INFO]   var_db=39.7516 dB
2026-09-17 19:53:58 [INFO] [2056/4911] Processing: RMOyCOQSNIQ_015.flac
2026-09-17 19:53:59 [INFO]   var_db=32.7951 dB
2026-09-17 19:53:59 [INFO] [2057/4911] Processing: RMOyCOQSNIQ_016.flac
2026-09-17 19:54:02 [INFO]   var_db=43.7468 dB
2026-09-17 19:54:02 [INFO] [2058/4911] Processing: RTYjh4qhcEk_000.flac
2026-09-17 19:54:08 [INFO]   var_db=17.0477 dB
2026-09-17 19:54:08 [INFO] [2059/4911] Processing: RTYjh4qhcEk_001.flac
2026-09-17 19:54:09 [INFO]   var_db=42.0182 dB
2026-09-17 19:54:09 [INFO] [2060/4911] Processing: RTYjh4qhcEk_002.flac
2026-09-17 19:54:15 [INFO]   var_db=11.8307 dB
2026-09-17 19:54:15 [INFO] [2061/4911] Processing: RTYjh4qhcEk_003.flac
2026-09-17 19:54:24 [INFO]   var_db=9.8399 dB
2026-09-17 19:54:24 [INFO] [2062/4911] Processing: RTYjh4qhcEk_004.flac
2026-09-17 19:54:25 [INFO]   var_db=4.7288 dB
2026-09-17 19:54:25 [INFO] [2063/4911] Processing: RTYjh4qhcEk_005.flac
2026-09-17 19:54:26 [INFO]   var_db=6.3663 dB
2026-09-17 19:54:26 [INFO] [2064/4911] Processing: RYFm405HgV4_000.flac
2026-09-17 19:54:31 [INFO]   var_db=8.3167 dB
2026-09-17 19:54:31 [INFO] [2065/4911] Processing: RYFm405HgV4_001.flac
2026-09-17 19:54:32 [INFO]   var_db=6.2843 dB
2026-09-17 19:54:32 [INFO] [2066/4911] Processing: RZSN8vn4_1o_000.flac
2026-09-17 19:54:37 [INFO]   var_db=40.2505 dB
2026-09-17 19:54:37 [INFO] [2067/4911] Processing: RZSN8vn4_1o_001.flac
2026-09-17 19:54:39 [INFO]   var_db=22.3050 dB
2026-09-17 19:54:39 [INFO] [2068/4911] Processing: RZSN8vn4_1o_002.flac
2026-09-17 19:54:44 [INFO]   var_db=16.0942 dB
2026-09-17 19:54:44 [INFO] [2069/4911] Processing: RZSN8vn4_1o_003.flac
2026-09-17 19:54:48 [INFO]   var_db=14.4407 dB
2026-09-17 19:54:48 [INFO] [2070/4911] Processing: RZSN8vn4_1o_004.flac
2026-09-17 19:54:53 [INFO]   var_db=10.8733 dB
2026-09-17 19:54:53 [INFO] [2071/4911] Processing: RZSN8vn4_1o_005.flac
2026-09-17 19:55:00 [INFO]   var_db=11.8658 dB
2026-09-17 19:55:00 [INFO] [2072/4911] Processing: RZSN8vn4_1o_006.flac
2026-09-17 19:55:05 [INFO]   var_db=11.5249 dB
2026-09-17 19:55:05 [INFO] [2073/4911] Processing: RZSN8vn4_1o_007.flac
2026-09-17 19:55:13 [INFO]   var_db=11.5115 dB
2026-09-17 19:55:13 [INFO] [2074/4911] Processing: RZSN8vn4_1o_008.flac
2026-09-17 19:55:14 [INFO]   var_db=13.2797 dB
2026-09-17 19:55:14 [INFO] [2075/4911] Processing: RZSN8vn4_1o_009.flac
2026-09-17 19:55:21 [INFO]   var_db=16.0806 dB
2026-09-17 19:55:21 [INFO] [2076/4911] Processing: RZSN8vn4_1o_010.flac
2026-09-17 19:55:27 [INFO]   var_db=11.1629 dB
2026-09-17 19:55:27 [INFO] [2077/4911] Processing: RZSN8vn4_1o_011.flac
2026-09-17 19:55:35 [INFO]   var_db=12.4878 dB
2026-09-17 19:55:35 [INFO] [2078/4911] Processing: RZSN8vn4_1o_012.flac
2026-09-17 19:55:38 [INFO]   var_db=14.6580 dB
2026-09-17 19:55:38 [INFO] [2079/4911] Processing: RZSN8vn4_1o_013.flac
2026-09-17 19:55:42 [INFO]   var_db=14.1765 dB
2026-09-17 19:55:42 [INFO] [2080/4911] Processing: RZSN8vn4_1o_014.flac
2026-09-17 19:55:44 [INFO]   var_db=20.1678 dB
2026-09-17 19:55:44 [INFO] [2081/4911] Processing: RZSN8vn4_1o_015.flac
2026-09-17 19:55:45 [INFO]   var_db=43.3685 dB
2026-09-17 19:55:45 [INFO] [2082/4911] Processing: Rke75Kw5GU8_000.flac
2026-09-17 19:55:49 [INFO]   var_db=44.7008 dB
2026-09-17 19:55:49 [INFO] [2083/4911] Processing: Rke75Kw5GU8_001.flac
2026-09-17 19:55:51 [INFO]   var_db=19.7040 dB
2026-09-17 19:55:51 [INFO] [2084/4911] Processing: Rke75Kw5GU8_002.flac
2026-09-17 19:55:54 [INFO]   var_db=10.2034 dB
2026-09-17 19:55:54 [INFO] [2085/4911] Processing: Rke75Kw5GU8_003.flac
2026-09-17 19:56:01 [INFO]   var_db=12.9918 dB
2026-09-17 19:56:01 [INFO] [2086/4911] Processing: Rke75Kw5GU8_004.flac
2026-09-17 19:56:08 [INFO]   var_db=14.8955 dB
2026-09-17 19:56:08 [INFO] [2087/4911] Processing: Rke75Kw5GU8_005.flac
2026-09-17 19:56:16 [INFO]   var_db=13.9906 dB
2026-09-17 19:56:16 [INFO] [2088/4911] Processing: Rke75Kw5GU8_006.flac
2026-09-17 19:56:19 [INFO]   var_db=12.0776 dB
2026-09-17 19:56:19 [INFO] [2089/4911] Processing: Rke75Kw5GU8_007.flac
2026-09-17 19:56:27 [INFO]   var_db=14.4438 dB
2026-09-17 19:56:27 [INFO] [2090/4911] Processing: Rke75Kw5GU8_008.flac
2026-09-17 19:56:29 [INFO]   var_db=14.8329 dB
2026-09-17 19:56:29 [INFO] [2091/4911] Processing: Rke75Kw5GU8_009.flac
2026-09-17 19:56:31 [INFO]   var_db=18.8591 dB
2026-09-17 19:56:31 [INFO] [2092/4911] Processing: Rke75Kw5GU8_010.flac
2026-09-17 19:56:33 [INFO]   var_db=16.5780 dB
2026-09-17 19:56:33 [INFO] [2093/4911] Processing: Rke75Kw5GU8_011.flac
2026-09-17 19:56:37 [INFO]   var_db=16.8691 dB
2026-09-17 19:56:37 [INFO] [2094/4911] Processing: Rke75Kw5GU8_012.flac
2026-09-17 19:56:45 [INFO]   var_db=13.7273 dB
2026-09-17 19:56:45 [INFO] [2095/4911] Processing: Rke75Kw5GU8_013.flac
2026-09-17 19:56:48 [INFO]   var_db=12.7737 dB
2026-09-17 19:56:48 [INFO] [2096/4911] Processing: Rke75Kw5GU8_014.flac
2026-09-17 19:56:51 [INFO]   var_db=17.6825 dB
2026-09-17 19:56:51 [INFO] [2097/4911] Processing: Rke75Kw5GU8_015.flac
2026-09-17 19:56:52 [INFO]   var_db=26.0066 dB
2026-09-17 19:56:52 [INFO] [2098/4911] Processing: Rke75Kw5GU8_016.flac
2026-09-17 19:56:53 [INFO]   var_db=17.8879 dB
2026-09-17 19:56:53 [INFO] [2099/4911] Processing: Rke75Kw5GU8_017.flac
2026-09-17 19:56:54 [INFO]   var_db=19.0264 dB
2026-09-17 19:56:54 [INFO] [2100/4911] Processing: Rke75Kw5GU8_018.flac
2026-09-17 19:56:55 [INFO]   var_db=31.6502 dB
2026-09-17 19:56:55 [INFO] [2101/4911] Processing: Rke75Kw5GU8_019.flac
2026-09-17 19:56:58 [INFO]   var_db=15.5596 dB
2026-09-17 19:56:58 [INFO] [2102/4911] Processing: Rke75Kw5GU8_020.flac
2026-09-17 19:57:00 [INFO]   var_db=13.3742 dB
2026-09-17 19:57:00 [INFO] [2103/4911] Processing: Rke75Kw5GU8_021.flac
2026-09-17 19:57:03 [INFO]   var_db=19.2579 dB
2026-09-17 19:57:03 [INFO] [2104/4911] Processing: Rke75Kw5GU8_022.flac
2026-09-17 19:57:09 [INFO]   var_db=14.5100 dB
2026-09-17 19:57:09 [INFO] [2105/4911] Processing: Rke75Kw5GU8_023.flac
2026-09-17 19:57:11 [INFO]   var_db=20.7260 dB
2026-09-17 19:57:11 [INFO] [2106/4911] Processing: Rke75Kw5GU8_024.flac
2026-09-17 19:57:12 [INFO]   var_db=43.0745 dB
2026-09-17 19:57:12 [INFO] [2107/4911] Processing: RnH3K-ddpjs_000.flac
2026-09-17 19:57:18 [INFO]   var_db=13.0707 dB
2026-09-17 19:57:18 [INFO] [2108/4911] Processing: RnH3K-ddpjs_001.flac
2026-09-17 19:57:26 [INFO]   var_db=7.7381 dB
2026-09-17 19:57:26 [INFO] [2109/4911] Processing: RnH3K-ddpjs_002.flac
2026-09-17 19:57:30 [INFO]   var_db=27.0324 dB
2026-09-17 19:57:30 [INFO] [2110/4911] Processing: RnH3K-ddpjs_003.flac
2026-09-17 19:57:31 [INFO]   var_db=45.4488 dB
2026-09-17 19:57:31 [INFO] [2111/4911] Processing: RnH3K-ddpjs_004.flac
2026-09-17 19:57:35 [INFO]   var_db=18.5048 dB
2026-09-17 19:57:35 [INFO] [2112/4911] Processing: RnH3K-ddpjs_005.flac
2026-09-17 19:57:38 [INFO]   var_db=39.2256 dB
2026-09-17 19:57:38 [INFO] [2113/4911] Processing: RnH3K-ddpjs_006.flac
2026-09-17 19:57:39 [INFO]   var_db=48.9922 dB
2026-09-17 19:57:39 [INFO] [2114/4911] Processing: RnH3K-ddpjs_007.flac
2026-09-17 19:57:40 [INFO]   var_db=44.7830 dB
2026-09-17 19:57:40 [INFO] [2115/4911] Processing: RnH3K-ddpjs_008.flac
2026-09-17 19:57:42 [INFO]   var_db=43.7139 dB
2026-09-17 19:57:42 [INFO] [2116/4911] Processing: RnH3K-ddpjs_009.flac
2026-09-17 19:57:43 [INFO]   var_db=38.8755 dB
2026-09-17 19:57:43 [INFO] [2117/4911] Processing: RnH3K-ddpjs_010.flac
2026-09-17 19:57:45 [INFO]   var_db=3.3337 dB
2026-09-17 19:57:45 [INFO] [2118/4911] Processing: RnH3K-ddpjs_011.flac
2026-09-17 19:57:46 [INFO]   var_db=6.3304 dB
2026-09-17 19:57:46 [INFO] [2119/4911] Processing: Rwq2tZR69No_000.flac
2026-09-17 19:57:48 [INFO]   var_db=38.7008 dB
2026-09-17 19:57:48 [INFO] [2120/4911] Processing: Rwq2tZR69No_001.flac
2026-09-17 19:57:49 [INFO]   var_db=18.1105 dB
2026-09-17 19:57:49 [INFO] [2121/4911] Processing: Rwq2tZR69No_002.flac
2026-09-17 19:57:52 [INFO]   var_db=15.1967 dB
2026-09-17 19:57:52 [INFO] [2122/4911] Processing: Rwq2tZR69No_003.flac
2026-09-17 19:57:53 [INFO]   var_db=20.2899 dB
2026-09-17 19:57:53 [INFO] [2123/4911] Processing: Rwq2tZR69No_004.flac
2026-09-17 19:57:55 [INFO]   var_db=13.8069 dB
2026-09-17 19:57:55 [INFO] [2124/4911] Processing: Rwq2tZR69No_005.flac
2026-09-17 19:57:56 [INFO]   var_db=17.1335 dB
2026-09-17 19:57:56 [INFO] [2125/4911] Processing: Rwq2tZR69No_006.flac
2026-09-17 19:57:57 [INFO]   var_db=14.5147 dB
2026-09-17 19:57:57 [INFO] [2126/4911] Processing: Rwq2tZR69No_007.flac
2026-09-17 19:57:58 [INFO]   var_db=10.9149 dB
2026-09-17 19:57:58 [INFO] [2127/4911] Processing: Rwq2tZR69No_008.flac
2026-09-17 19:57:59 [INFO]   var_db=9.0492 dB
2026-09-17 19:57:59 [INFO] [2128/4911] Processing: Rwq2tZR69No_009.flac
2026-09-17 19:58:01 [INFO]   var_db=9.2497 dB
2026-09-17 19:58:01 [INFO] [2129/4911] Processing: Rwq2tZR69No_010.flac
2026-09-17 19:58:02 [INFO]   var_db=7.8720 dB
2026-09-17 19:58:02 [INFO] [2130/4911] Processing: Rwq2tZR69No_011.flac
2026-09-17 19:58:03 [INFO]   var_db=8.5971 dB
2026-09-17 19:58:03 [INFO] [2131/4911] Processing: Rwq2tZR69No_012.flac
2026-09-17 19:58:06 [INFO]   var_db=4.0621 dB
2026-09-17 19:58:06 [INFO] [2132/4911] Processing: Rwq2tZR69No_013.flac
2026-09-17 19:58:07 [INFO]   var_db=6.2317 dB
2026-09-17 19:58:07 [INFO] [2133/4911] Processing: Rx2pH_xbJwE_000.flac
2026-09-17 19:58:09 [INFO]   var_db=18.1973 dB
2026-09-17 19:58:09 [INFO] [2134/4911] Processing: Rx2pH_xbJwE_001.flac
2026-09-17 19:58:12 [INFO]   var_db=13.9073 dB
2026-09-17 19:58:12 [INFO] [2135/4911] Processing: Rx2pH_xbJwE_002.flac
2026-09-17 19:58:16 [INFO]   var_db=13.9285 dB
2026-09-17 19:58:16 [INFO] [2136/4911] Processing: Rx2pH_xbJwE_003.flac
2026-09-17 19:58:19 [INFO]   var_db=13.0236 dB
2026-09-17 19:58:19 [INFO] [2137/4911] Processing: Rx2pH_xbJwE_004.flac
2026-09-17 19:58:23 [INFO]   var_db=11.1770 dB
2026-09-17 19:58:23 [INFO] [2138/4911] Processing: Rx2pH_xbJwE_005.flac
2026-09-17 19:58:29 [INFO]   var_db=11.0188 dB
2026-09-17 19:58:29 [INFO] [2139/4911] Processing: Rx2pH_xbJwE_006.flac
2026-09-17 19:58:32 [INFO]   var_db=11.4844 dB
2026-09-17 19:58:32 [INFO] [2140/4911] Processing: Rx2pH_xbJwE_007.flac
2026-09-17 19:58:36 [INFO]   var_db=16.4525 dB
2026-09-17 19:58:36 [INFO] [2141/4911] Processing: Rx2pH_xbJwE_008.flac
2026-09-17 19:58:38 [INFO]   var_db=14.9913 dB
2026-09-17 19:58:38 [INFO] [2142/4911] Processing: Rx2pH_xbJwE_009.flac
2026-09-17 19:58:45 [INFO]   var_db=8.2648 dB
2026-09-17 19:58:45 [INFO] [2143/4911] Processing: Rx2pH_xbJwE_010.flac
2026-09-17 19:58:46 [INFO]   var_db=8.9074 dB
2026-09-17 19:58:46 [INFO] [2144/4911] Processing: S41cxlpNcAc_000.flac
2026-09-17 19:58:48 [INFO]   var_db=15.1426 dB
2026-09-17 19:58:48 [INFO] [2145/4911] Processing: S41cxlpNcAc_001.flac
2026-09-17 19:58:57 [INFO]   var_db=10.1101 dB
2026-09-17 19:58:57 [INFO] [2146/4911] Processing: S41cxlpNcAc_002.flac
2026-09-17 19:58:59 [INFO]   var_db=3.8038 dB
2026-09-17 19:58:59 [INFO] [2147/4911] Processing: S41cxlpNcAc_003.flac
2026-09-17 19:59:00 [INFO]   var_db=6.2492 dB
2026-09-17 19:59:00 [INFO] [2148/4911] Processing: S7tdhuGEHLk_000.flac
2026-09-17 19:59:12 [INFO]   var_db=10.8879 dB
2026-09-17 19:59:12 [INFO] [2149/4911] Processing: S7tdhuGEHLk_001.flac
2026-09-17 19:59:23 [INFO]   var_db=6.2338 dB
2026-09-17 19:59:23 [INFO] [2150/4911] Processing: S7tdhuGEHLk_002.flac
2026-09-17 19:59:34 [INFO]   var_db=10.1468 dB
2026-09-17 19:59:34 [INFO] [2151/4911] Processing: S7tdhuGEHLk_003.flac
2026-09-17 19:59:42 [INFO]   var_db=8.5475 dB
2026-09-17 19:59:42 [INFO] [2152/4911] Processing: S7tdhuGEHLk_004.flac
2026-09-17 19:59:44 [INFO]   var_db=6.3045 dB
2026-09-17 19:59:44 [INFO] [2153/4911] Processing: SFBrInCe1SM_000.flac
2026-09-17 19:59:45 [INFO]   var_db=46.0752 dB
2026-09-17 19:59:45 [INFO] [2154/4911] Processing: SFBrInCe1SM_001.flac
2026-09-17 19:59:47 [INFO]   var_db=41.6494 dB
2026-09-17 19:59:47 [INFO] [2155/4911] Processing: SO3bKXmHRRY_000.flac
2026-09-17 19:59:50 [INFO]   var_db=9.2355 dB
2026-09-17 19:59:50 [INFO] [2156/4911] Processing: SO3bKXmHRRY_001.flac
2026-09-17 19:59:56 [INFO]   var_db=6.6841 dB
2026-09-17 19:59:56 [INFO] [2157/4911] Processing: SO3bKXmHRRY_002.flac
2026-09-17 19:59:58 [INFO]   var_db=6.2609 dB
2026-09-17 19:59:58 [INFO] [2158/4911] Processing: SOtBjHRIAMU_000.flac
2026-09-17 20:00:09 [INFO]   var_db=6.2696 dB
2026-09-17 20:00:09 [INFO] [2159/4911] Processing: SOtBjHRIAMU_001.flac
2026-09-17 20:00:11 [INFO]   var_db=15.8307 dB
2026-09-17 20:00:11 [INFO] [2160/4911] Processing: SOtBjHRIAMU_002.flac
2026-09-17 20:00:21 [INFO]   var_db=11.5250 dB
2026-09-17 20:00:21 [INFO] [2161/4911] Processing: SOtBjHRIAMU_003.flac
2026-09-17 20:00:23 [INFO]   var_db=3.4453 dB
2026-09-17 20:00:23 [INFO] [2162/4911] Processing: SOtBjHRIAMU_004.flac
2026-09-17 20:00:25 [INFO]   var_db=6.3162 dB
2026-09-17 20:00:25 [INFO] [2163/4911] Processing: SRpa-WO48cQ_000.flac
2026-09-17 20:00:26 [INFO]   var_db=9.5015 dB
2026-09-17 20:00:26 [INFO] [2164/4911] Processing: SRpa-WO48cQ_001.flac
2026-09-17 20:00:32 [INFO]   var_db=11.8098 dB
2026-09-17 20:00:32 [INFO] [2165/4911] Processing: SRpa-WO48cQ_002.flac
2026-09-17 20:00:40 [INFO]   var_db=7.4112 dB
2026-09-17 20:00:40 [INFO] [2166/4911] Processing: SRpa-WO48cQ_003.flac
2026-09-17 20:00:48 [INFO]   var_db=5.1793 dB
2026-09-17 20:00:48 [INFO] [2167/4911] Processing: SRpa-WO48cQ_004.flac
2026-09-17 20:00:53 [INFO]   var_db=7.6504 dB
2026-09-17 20:00:53 [INFO] [2168/4911] Processing: SRpa-WO48cQ_005.flac
2026-09-17 20:00:58 [INFO]   var_db=7.1955 dB
2026-09-17 20:00:58 [INFO] [2169/4911] Processing: SRpa-WO48cQ_006.flac
2026-09-17 20:01:06 [INFO]   var_db=9.4761 dB
2026-09-17 20:01:06 [INFO] [2170/4911] Processing: SRpa-WO48cQ_007.flac
2026-09-17 20:01:12 [INFO]   var_db=8.3923 dB
2026-09-17 20:01:12 [INFO] [2171/4911] Processing: SRpa-WO48cQ_008.flac
2026-09-17 20:01:17 [INFO]   var_db=4.6172 dB
2026-09-17 20:01:17 [INFO] [2172/4911] Processing: SRpa-WO48cQ_009.flac
2026-09-17 20:01:25 [INFO]   var_db=6.5291 dB
2026-09-17 20:01:25 [INFO] [2173/4911] Processing: SRpa-WO48cQ_010.flac
2026-09-17 20:01:33 [INFO]   var_db=6.1194 dB
2026-09-17 20:01:33 [INFO] [2174/4911] Processing: SRpa-WO48cQ_011.flac
2026-09-17 20:01:38 [INFO]   var_db=6.9941 dB
2026-09-17 20:01:38 [INFO] [2175/4911] Processing: SRpa-WO48cQ_012.flac
2026-09-17 20:01:44 [INFO]   var_db=8.7634 dB
2026-09-17 20:01:44 [INFO] [2176/4911] Processing: SRpa-WO48cQ_013.flac
2026-09-17 20:01:47 [INFO]   var_db=9.8719 dB
2026-09-17 20:01:47 [INFO] [2177/4911] Processing: SRpa-WO48cQ_014.flac
2026-09-17 20:01:48 [INFO]   var_db=32.9706 dB
2026-09-17 20:01:48 [INFO] [2178/4911] Processing: SRpa-WO48cQ_015.flac
2026-09-17 20:01:51 [INFO]   var_db=8.0609 dB
2026-09-17 20:01:51 [INFO] [2179/4911] Processing: SRpa-WO48cQ_016.flac
2026-09-17 20:01:57 [INFO]   var_db=12.7888 dB
2026-09-17 20:01:57 [INFO] [2180/4911] Processing: SRpa-WO48cQ_017.flac
2026-09-17 20:02:03 [INFO]   var_db=7.2129 dB
2026-09-17 20:02:03 [INFO] [2181/4911] Processing: SRpa-WO48cQ_018.flac
2026-09-17 20:02:07 [INFO]   var_db=7.8493 dB
2026-09-17 20:02:07 [INFO] [2182/4911] Processing: SRpa-WO48cQ_019.flac
2026-09-17 20:02:08 [INFO]   var_db=23.3068 dB
2026-09-17 20:02:08 [INFO] [2183/4911] Processing: SRpa-WO48cQ_020.flac
2026-09-17 20:02:09 [INFO]   var_db=2.2997 dB
2026-09-17 20:02:09 [INFO] [2184/4911] Processing: SRpa-WO48cQ_021.flac
2026-09-17 20:02:12 [INFO]   var_db=15.2548 dB
2026-09-17 20:02:12 [INFO] [2185/4911] Processing: SRpa-WO48cQ_022.flac
2026-09-17 20:02:14 [INFO]   var_db=41.7618 dB
2026-09-17 20:02:14 [INFO] [2186/4911] Processing: SRpa-WO48cQ_023.flac
2026-09-17 20:02:21 [INFO]   var_db=9.2483 dB
2026-09-17 20:02:21 [INFO] [2187/4911] Processing: SRpa-WO48cQ_024.flac
2026-09-17 20:02:22 [INFO]   var_db=2.4846 dB
2026-09-17 20:02:22 [INFO] [2188/4911] Processing: SRpa-WO48cQ_025.flac
2026-09-17 20:02:23 [INFO]   var_db=14.2833 dB
2026-09-17 20:02:23 [INFO] [2189/4911] Processing: SRpa-WO48cQ_026.flac
2026-09-17 20:02:25 [INFO]   var_db=3.6750 dB
2026-09-17 20:02:25 [INFO] [2190/4911] Processing: SRpa-WO48cQ_027.flac
2026-09-17 20:02:27 [INFO]   var_db=6.2886 dB
2026-09-17 20:02:27 [INFO] [2191/4911] Processing: Sb_8xsOD9ps_000.flac
2026-09-17 20:02:35 [INFO]   var_db=4.7470 dB
2026-09-17 20:02:35 [INFO] [2192/4911] Processing: Sb_8xsOD9ps_001.flac
2026-09-17 20:02:36 [INFO]   var_db=6.3032 dB
2026-09-17 20:02:36 [INFO] [2193/4911] Processing: SheQHIKfZrA_000.flac
2026-09-17 20:02:37 [INFO]   var_db=44.3597 dB
2026-09-17 20:02:37 [INFO] [2194/4911] Processing: SheQHIKfZrA_001.flac
2026-09-17 20:02:44 [INFO]   var_db=15.1749 dB
2026-09-17 20:02:44 [INFO] [2195/4911] Processing: SheQHIKfZrA_002.flac
2026-09-17 20:02:46 [INFO]   var_db=22.0616 dB
2026-09-17 20:02:46 [INFO] [2196/4911] Processing: SkOPCvsnxsg_000.flac
2026-09-17 20:02:49 [INFO]   var_db=41.3099 dB
2026-09-17 20:02:49 [INFO] [2197/4911] Processing: SkOPCvsnxsg_001.flac
2026-09-17 20:02:50 [INFO]   var_db=43.0946 dB
2026-09-17 20:02:50 [INFO] [2198/4911] Processing: SkOPCvsnxsg_002.flac
2026-09-17 20:02:55 [INFO]   var_db=14.7338 dB
2026-09-17 20:02:55 [INFO] [2199/4911] Processing: SkOPCvsnxsg_003.flac
2026-09-17 20:02:57 [INFO]   var_db=9.2524 dB
2026-09-17 20:02:57 [INFO] [2200/4911] Processing: SkOPCvsnxsg_004.flac
2026-09-17 20:02:59 [INFO]   var_db=7.8220 dB
2026-09-17 20:02:59 [INFO] [2201/4911] Processing: SkOPCvsnxsg_005.flac
2026-09-17 20:03:03 [INFO]   var_db=8.4144 dB
2026-09-17 20:03:03 [INFO] [2202/4911] Processing: SkOPCvsnxsg_006.flac
2026-09-17 20:03:04 [INFO]   var_db=8.7111 dB
2026-09-17 20:03:04 [INFO] [2203/4911] Processing: SkOPCvsnxsg_007.flac
2026-09-17 20:03:09 [INFO]   var_db=5.9739 dB
2026-09-17 20:03:09 [INFO] [2204/4911] Processing: SkOPCvsnxsg_008.flac
2026-09-17 20:03:10 [INFO]   var_db=29.2155 dB
2026-09-17 20:03:10 [INFO] [2205/4911] Processing: SkOPCvsnxsg_009.flac
2026-09-17 20:03:11 [INFO]   var_db=33.1039 dB
2026-09-17 20:03:11 [INFO] [2206/4911] Processing: SkOPCvsnxsg_010.flac
2026-09-17 20:03:12 [INFO]   var_db=37.1581 dB
2026-09-17 20:03:12 [INFO] [2207/4911] Processing: SkOPCvsnxsg_011.flac
2026-09-17 20:03:14 [INFO]   var_db=42.3056 dB
2026-09-17 20:03:14 [INFO] [2208/4911] Processing: SkOPCvsnxsg_012.flac
2026-09-17 20:03:16 [INFO]   var_db=39.8015 dB
2026-09-17 20:03:16 [INFO] [2209/4911] Processing: SkOPCvsnxsg_013.flac
2026-09-17 20:03:24 [INFO]   var_db=34.8773 dB
2026-09-17 20:03:24 [INFO] [2210/4911] Processing: SkOPCvsnxsg_014.flac
2026-09-17 20:03:25 [INFO]   var_db=39.0844 dB
2026-09-17 20:03:25 [INFO] [2211/4911] Processing: SkOPCvsnxsg_015.flac
2026-09-17 20:03:26 [INFO]   var_db=38.6160 dB
2026-09-17 20:03:26 [INFO] [2212/4911] Processing: SkOPCvsnxsg_016.flac
2026-09-17 20:03:28 [INFO]   var_db=37.0696 dB
2026-09-17 20:03:28 [INFO] [2213/4911] Processing: SkOPCvsnxsg_017.flac
2026-09-17 20:03:30 [INFO]   var_db=30.6889 dB
2026-09-17 20:03:30 [INFO] [2214/4911] Processing: SkOPCvsnxsg_018.flac
2026-09-17 20:03:31 [INFO]   var_db=29.0427 dB
2026-09-17 20:03:31 [INFO] [2215/4911] Processing: SkOPCvsnxsg_019.flac
2026-09-17 20:03:32 [INFO]   var_db=34.5057 dB
2026-09-17 20:03:32 [INFO] [2216/4911] Processing: SkOPCvsnxsg_020.flac
2026-09-17 20:03:34 [INFO]   var_db=41.2624 dB
2026-09-17 20:03:34 [INFO] [2217/4911] Processing: SkOPCvsnxsg_021.flac
2026-09-17 20:03:40 [INFO]   var_db=41.4179 dB
2026-09-17 20:03:40 [INFO] [2218/4911] Processing: SkOPCvsnxsg_022.flac
2026-09-17 20:03:43 [INFO]   var_db=40.9843 dB
2026-09-17 20:03:43 [INFO] [2219/4911] Processing: SkOPCvsnxsg_023.flac
2026-09-17 20:03:45 [INFO]   var_db=41.5004 dB
2026-09-17 20:03:45 [INFO] [2220/4911] Processing: SkOPCvsnxsg_024.flac
2026-09-17 20:03:46 [INFO]   var_db=34.8727 dB
2026-09-17 20:03:46 [INFO] [2221/4911] Processing: SkOPCvsnxsg_025.flac
2026-09-17 20:03:47 [INFO]   var_db=42.4562 dB
2026-09-17 20:03:47 [INFO] [2222/4911] Processing: SkOPCvsnxsg_026.flac
2026-09-17 20:03:50 [INFO]   var_db=37.1102 dB
2026-09-17 20:03:50 [INFO] [2223/4911] Processing: SkOPCvsnxsg_027.flac
2026-09-17 20:03:53 [INFO]   var_db=40.4959 dB
2026-09-17 20:03:53 [INFO] [2224/4911] Processing: SkOPCvsnxsg_028.flac
2026-09-17 20:03:54 [INFO]   var_db=40.6303 dB
2026-09-17 20:03:54 [INFO] [2225/4911] Processing: SkOPCvsnxsg_029.flac
2026-09-17 20:03:56 [INFO]   var_db=41.3062 dB
2026-09-17 20:03:56 [INFO] [2226/4911] Processing: SkOPCvsnxsg_030.flac
2026-09-17 20:04:04 [INFO]   var_db=37.7051 dB
2026-09-17 20:04:04 [INFO] [2227/4911] Processing: SkOPCvsnxsg_031.flac
2026-09-17 20:04:10 [INFO]   var_db=40.9180 dB
2026-09-17 20:04:10 [INFO] [2228/4911] Processing: SkOPCvsnxsg_032.flac
2026-09-17 20:04:14 [INFO]   var_db=5.2693 dB
2026-09-17 20:04:14 [INFO] [2229/4911] Processing: SkOPCvsnxsg_033.flac
2026-09-17 20:04:17 [INFO]   var_db=5.4396 dB
2026-09-17 20:04:17 [INFO] [2230/4911] Processing: SkOPCvsnxsg_034.flac
2026-09-17 20:04:19 [INFO]   var_db=6.2898 dB
2026-09-17 20:04:19 [INFO] [2231/4911] Processing: SkOPCvsnxsg_035.flac
2026-09-17 20:04:20 [INFO]   var_db=12.4620 dB
2026-09-17 20:04:20 [INFO] [2232/4911] Processing: SkOPCvsnxsg_036.flac
2026-09-17 20:04:22 [INFO]   var_db=5.8862 dB
2026-09-17 20:04:22 [INFO] [2233/4911] Processing: SkOPCvsnxsg_037.flac
2026-09-17 20:04:24 [INFO]   var_db=22.2539 dB
2026-09-17 20:04:24 [INFO] [2234/4911] Processing: SkOPCvsnxsg_038.flac
2026-09-17 20:04:25 [INFO]   var_db=42.5384 dB
2026-09-17 20:04:25 [INFO] [2235/4911] Processing: T0Cup5Bdkf4_000.flac
2026-09-17 20:04:28 [INFO]   var_db=15.3763 dB
2026-09-17 20:04:28 [INFO] [2236/4911] Processing: T0Cup5Bdkf4_001.flac
2026-09-17 20:04:29 [INFO]   var_db=11.2841 dB
2026-09-17 20:04:29 [INFO] [2237/4911] Processing: T0Cup5Bdkf4_002.flac
2026-09-17 20:04:31 [INFO]   var_db=6.6865 dB
2026-09-17 20:04:31 [INFO] [2238/4911] Processing: T0Cup5Bdkf4_003.flac
2026-09-17 20:04:32 [INFO]   var_db=9.3595 dB
2026-09-17 20:04:32 [INFO] [2239/4911] Processing: T0Cup5Bdkf4_004.flac
2026-09-17 20:04:35 [INFO]   var_db=7.3972 dB
2026-09-17 20:04:35 [INFO] [2240/4911] Processing: T0Cup5Bdkf4_005.flac
2026-09-17 20:04:41 [INFO]   var_db=7.4753 dB
2026-09-17 20:04:41 [INFO] [2241/4911] Processing: T0Cup5Bdkf4_006.flac
2026-09-17 20:04:45 [INFO]   var_db=4.6194 dB
2026-09-17 20:04:45 [INFO] [2242/4911] Processing: T0Cup5Bdkf4_007.flac
2026-09-17 20:04:48 [INFO]   var_db=6.5577 dB
2026-09-17 20:04:48 [INFO] [2243/4911] Processing: T0Cup5Bdkf4_008.flac
2026-09-17 20:04:50 [INFO]   var_db=10.0039 dB
2026-09-17 20:04:50 [INFO] [2244/4911] Processing: T0Cup5Bdkf4_009.flac
2026-09-17 20:04:59 [INFO]   var_db=2.8014 dB
2026-09-17 20:04:59 [INFO] [2245/4911] Processing: T0Cup5Bdkf4_010.flac
2026-09-17 20:05:01 [INFO]   var_db=5.2867 dB
2026-09-17 20:05:01 [INFO] [2246/4911] Processing: T0Cup5Bdkf4_011.flac
2026-09-17 20:05:02 [INFO]   var_db=5.4548 dB
2026-09-17 20:05:02 [INFO] [2247/4911] Processing: T9Yi2rohQUQ_000.flac
2026-09-17 20:05:06 [INFO]   var_db=39.6436 dB
2026-09-17 20:05:06 [INFO] [2248/4911] Processing: T9Yi2rohQUQ_001.flac
2026-09-17 20:05:07 [INFO]   var_db=40.9213 dB
2026-09-17 20:05:07 [INFO] [2249/4911] Processing: T9Yi2rohQUQ_002.flac
2026-09-17 20:05:15 [INFO]   var_db=14.7892 dB
2026-09-17 20:05:15 [INFO] [2250/4911] Processing: T9Yi2rohQUQ_003.flac
2026-09-17 20:05:19 [INFO]   var_db=11.8360 dB
2026-09-17 20:05:19 [INFO] [2251/4911] Processing: T9Yi2rohQUQ_004.flac
2026-09-17 20:05:20 [INFO]   var_db=40.0268 dB
2026-09-17 20:05:20 [INFO] [2252/4911] Processing: T9Yi2rohQUQ_005.flac
2026-09-17 20:05:25 [INFO]   var_db=16.9581 dB
2026-09-17 20:05:25 [INFO] [2253/4911] Processing: T9Yi2rohQUQ_006.flac
2026-09-17 20:05:26 [INFO]   var_db=44.6230 dB
2026-09-17 20:05:26 [INFO] [2254/4911] Processing: T9Yi2rohQUQ_007.flac
2026-09-17 20:05:33 [INFO]   var_db=14.4921 dB
2026-09-17 20:05:33 [INFO] [2255/4911] Processing: T9Yi2rohQUQ_008.flac
2026-09-17 20:05:34 [INFO]   var_db=43.4510 dB
2026-09-17 20:05:34 [INFO] [2256/4911] Processing: T9Yi2rohQUQ_009.flac
2026-09-17 20:05:35 [INFO]   var_db=42.3143 dB
2026-09-17 20:05:35 [INFO] [2257/4911] Processing: T9Yi2rohQUQ_010.flac
2026-09-17 20:05:39 [INFO]   var_db=20.4701 dB
2026-09-17 20:05:39 [INFO] [2258/4911] Processing: T9Yi2rohQUQ_011.flac
2026-09-17 20:05:42 [INFO]   var_db=18.6817 dB
2026-09-17 20:05:42 [INFO] [2259/4911] Processing: TA0W22-E_0M_000.flac
2026-09-17 20:05:45 [INFO]   var_db=8.0400 dB
2026-09-17 20:05:45 [INFO] [2260/4911] Processing: TA0W22-E_0M_001.flac
2026-09-17 20:05:47 [INFO]   var_db=34.6272 dB
2026-09-17 20:05:47 [INFO] [2261/4911] Processing: TA0W22-E_0M_002.flac
2026-09-17 20:05:49 [INFO]   var_db=14.4538 dB
2026-09-17 20:05:49 [INFO] [2262/4911] Processing: TA0W22-E_0M_003.flac
2026-09-17 20:05:50 [INFO]   var_db=33.9850 dB
2026-09-17 20:05:50 [INFO] [2263/4911] Processing: TA0W22-E_0M_004.flac
2026-09-17 20:05:51 [INFO]   var_db=41.8298 dB
2026-09-17 20:05:51 [INFO] [2264/4911] Processing: TA0W22-E_0M_005.flac
2026-09-17 20:05:53 [INFO]   var_db=6.7272 dB
2026-09-17 20:05:53 [INFO] [2265/4911] Processing: TA0W22-E_0M_006.flac
2026-09-17 20:05:54 [INFO]   var_db=7.2622 dB
2026-09-17 20:05:54 [INFO] [2266/4911] Processing: TA0W22-E_0M_007.flac
2026-09-17 20:05:55 [INFO]   var_db=3.2568 dB
2026-09-17 20:05:55 [INFO] [2267/4911] Processing: TA0W22-E_0M_008.flac
2026-09-17 20:05:58 [INFO]   var_db=5.8449 dB
2026-09-17 20:05:58 [INFO] [2268/4911] Processing: TA0W22-E_0M_009.flac
2026-09-17 20:05:59 [INFO]   var_db=6.2459 dB
2026-09-17 20:05:59 [INFO] [2269/4911] Processing: TGfr8DXepFM_000.flac
2026-09-17 20:06:02 [INFO]   var_db=14.4525 dB
2026-09-17 20:06:02 [INFO] [2270/4911] Processing: TGfr8DXepFM_001.flac
2026-09-17 20:06:04 [INFO]   var_db=44.3172 dB
2026-09-17 20:06:04 [INFO] [2271/4911] Processing: TGfr8DXepFM_002.flac
2026-09-17 20:06:05 [INFO]   var_db=4.8178 dB
2026-09-17 20:06:05 [INFO] [2272/4911] Processing: TGfr8DXepFM_003.flac
2026-09-17 20:06:07 [INFO]   var_db=6.3471 dB
2026-09-17 20:06:07 [INFO] [2273/4911] Processing: TRnR3FYiJps_000.flac
2026-09-17 20:06:09 [INFO]   var_db=42.3631 dB
2026-09-17 20:06:09 [INFO] [2274/4911] Processing: TRnR3FYiJps_001.flac
2026-09-17 20:06:11 [INFO]   var_db=32.7374 dB
2026-09-17 20:06:11 [INFO] [2275/4911] Processing: TRnR3FYiJps_002.flac
2026-09-17 20:06:13 [INFO]   var_db=33.8359 dB
2026-09-17 20:06:13 [INFO] [2276/4911] Processing: TRnR3FYiJps_003.flac
2026-09-17 20:06:15 [INFO]   var_db=37.9723 dB
2026-09-17 20:06:15 [INFO] [2277/4911] Processing: TRnR3FYiJps_004.flac
2026-09-17 20:06:17 [INFO]   var_db=3.2887 dB
2026-09-17 20:06:17 [INFO] [2278/4911] Processing: TRnR3FYiJps_005.flac
2026-09-17 20:06:18 [INFO]   var_db=6.2667 dB
2026-09-17 20:06:18 [INFO] [2279/4911] Processing: TWoH_ijjAUk_000.flac
2026-09-17 20:06:22 [INFO]   var_db=18.2370 dB
2026-09-17 20:06:22 [INFO] [2280/4911] Processing: TWoH_ijjAUk_001.flac
2026-09-17 20:06:25 [INFO]   var_db=20.1666 dB
2026-09-17 20:06:25 [INFO] [2281/4911] Processing: TWoH_ijjAUk_002.flac
2026-09-17 20:06:27 [INFO]   var_db=21.5310 dB
2026-09-17 20:06:27 [INFO] [2282/4911] Processing: TWoH_ijjAUk_003.flac
2026-09-17 20:06:28 [INFO]   var_db=19.7241 dB
2026-09-17 20:06:28 [INFO] [2283/4911] Processing: TWoH_ijjAUk_004.flac
2026-09-17 20:06:29 [INFO]   var_db=22.3098 dB
2026-09-17 20:06:29 [INFO] [2284/4911] Processing: TWoH_ijjAUk_005.flac
2026-09-17 20:06:30 [INFO]   var_db=19.1258 dB
2026-09-17 20:06:30 [INFO] [2285/4911] Processing: TWoH_ijjAUk_006.flac
2026-09-17 20:06:33 [INFO]   var_db=21.9621 dB
2026-09-17 20:06:33 [INFO] [2286/4911] Processing: TWoH_ijjAUk_007.flac
2026-09-17 20:06:34 [INFO]   var_db=34.9977 dB
2026-09-17 20:06:34 [INFO] [2287/4911] Processing: TWoH_ijjAUk_008.flac
2026-09-17 20:06:35 [INFO]   var_db=16.7873 dB
2026-09-17 20:06:35 [INFO] [2288/4911] Processing: TWoH_ijjAUk_009.flac
2026-09-17 20:06:37 [INFO]   var_db=16.3097 dB
2026-09-17 20:06:37 [INFO] [2289/4911] Processing: TWoH_ijjAUk_010.flac
2026-09-17 20:06:41 [INFO]   var_db=18.1651 dB
2026-09-17 20:06:41 [INFO] [2290/4911] Processing: TWoH_ijjAUk_011.flac
2026-09-17 20:06:42 [INFO]   var_db=18.8204 dB
2026-09-17 20:06:42 [INFO] [2291/4911] Processing: TWoH_ijjAUk_012.flac
2026-09-17 20:06:44 [INFO]   var_db=18.9215 dB
2026-09-17 20:06:44 [INFO] [2292/4911] Processing: TWoH_ijjAUk_013.flac
2026-09-17 20:06:45 [INFO]   var_db=21.6245 dB
2026-09-17 20:06:45 [INFO] [2293/4911] Processing: TWoH_ijjAUk_014.flac
2026-09-17 20:06:48 [INFO]   var_db=18.0764 dB
2026-09-17 20:06:48 [INFO] [2294/4911] Processing: TWoH_ijjAUk_015.flac
2026-09-17 20:06:49 [INFO]   var_db=18.8905 dB
2026-09-17 20:06:49 [INFO] [2295/4911] Processing: TWoH_ijjAUk_016.flac
2026-09-17 20:06:51 [INFO]   var_db=21.2587 dB
2026-09-17 20:06:51 [INFO] [2296/4911] Processing: TWoH_ijjAUk_017.flac
2026-09-17 20:06:52 [INFO]   var_db=18.7540 dB
2026-09-17 20:06:52 [INFO] [2297/4911] Processing: TWoH_ijjAUk_018.flac
2026-09-17 20:06:55 [INFO]   var_db=18.3086 dB
2026-09-17 20:06:55 [INFO] [2298/4911] Processing: TWoH_ijjAUk_019.flac
2026-09-17 20:06:57 [INFO]   var_db=21.9460 dB
2026-09-17 20:06:57 [INFO] [2299/4911] Processing: TWoH_ijjAUk_020.flac
2026-09-17 20:06:58 [INFO]   var_db=24.1171 dB
2026-09-17 20:06:58 [INFO] [2300/4911] Processing: TWoH_ijjAUk_021.flac
2026-09-17 20:06:59 [INFO]   var_db=18.9997 dB
2026-09-17 20:06:59 [INFO] [2301/4911] Processing: TWoH_ijjAUk_022.flac
2026-09-17 20:07:01 [INFO]   var_db=20.7523 dB
2026-09-17 20:07:01 [INFO] [2302/4911] Processing: TWoH_ijjAUk_023.flac
2026-09-17 20:07:02 [INFO]   var_db=19.1870 dB
2026-09-17 20:07:02 [INFO] [2303/4911] Processing: TWoH_ijjAUk_024.flac
2026-09-17 20:07:03 [INFO]   var_db=23.1791 dB
2026-09-17 20:07:03 [INFO] [2304/4911] Processing: TWoH_ijjAUk_025.flac
2026-09-17 20:07:04 [INFO]   var_db=21.7824 dB
2026-09-17 20:07:04 [INFO] [2305/4911] Processing: TWoH_ijjAUk_026.flac
2026-09-17 20:07:05 [INFO]   var_db=20.6978 dB
2026-09-17 20:07:05 [INFO] [2306/4911] Processing: TWoH_ijjAUk_027.flac
2026-09-17 20:07:08 [INFO]   var_db=21.3947 dB
2026-09-17 20:07:08 [INFO] [2307/4911] Processing: TWoH_ijjAUk_028.flac
2026-09-17 20:07:09 [INFO]   var_db=21.3347 dB
2026-09-17 20:07:09 [INFO] [2308/4911] Processing: TWoH_ijjAUk_029.flac
2026-09-17 20:07:12 [INFO]   var_db=21.0121 dB
2026-09-17 20:07:12 [INFO] [2309/4911] Processing: TWoH_ijjAUk_030.flac
2026-09-17 20:07:14 [INFO]   var_db=17.6419 dB
2026-09-17 20:07:14 [INFO] [2310/4911] Processing: TWoH_ijjAUk_031.flac
2026-09-17 20:07:17 [INFO]   var_db=20.4919 dB
2026-09-17 20:07:17 [INFO] [2311/4911] Processing: TWoH_ijjAUk_032.flac
2026-09-17 20:07:23 [INFO]   var_db=17.0558 dB
2026-09-17 20:07:23 [INFO] [2312/4911] Processing: TWoH_ijjAUk_033.flac
2026-09-17 20:07:25 [INFO]   var_db=20.3785 dB
2026-09-17 20:07:25 [INFO] [2313/4911] Processing: TWoH_ijjAUk_034.flac
2026-09-17 20:07:27 [INFO]   var_db=17.7438 dB
2026-09-17 20:07:27 [INFO] [2314/4911] Processing: TWoH_ijjAUk_035.flac
2026-09-17 20:07:31 [INFO]   var_db=17.0050 dB
2026-09-17 20:07:31 [INFO] [2315/4911] Processing: TWoH_ijjAUk_036.flac
2026-09-17 20:07:32 [INFO]   var_db=16.0354 dB
2026-09-17 20:07:32 [INFO] [2316/4911] Processing: TWoH_ijjAUk_037.flac
2026-09-17 20:07:33 [INFO]   var_db=21.7053 dB
2026-09-17 20:07:33 [INFO] [2317/4911] Processing: TWoH_ijjAUk_038.flac
2026-09-17 20:07:36 [INFO]   var_db=18.5258 dB
2026-09-17 20:07:36 [INFO] [2318/4911] Processing: TWoH_ijjAUk_039.flac
2026-09-17 20:07:37 [INFO]   var_db=23.3149 dB
2026-09-17 20:07:37 [INFO] [2319/4911] Processing: TWoH_ijjAUk_040.flac
2026-09-17 20:07:39 [INFO]   var_db=18.8486 dB
2026-09-17 20:07:39 [INFO] [2320/4911] Processing: TWoH_ijjAUk_041.flac
2026-09-17 20:07:40 [INFO]   var_db=12.9635 dB
2026-09-17 20:07:40 [INFO] [2321/4911] Processing: TWoH_ijjAUk_042.flac
2026-09-17 20:07:42 [INFO]   var_db=20.7369 dB
2026-09-17 20:07:42 [INFO] [2322/4911] Processing: TWoH_ijjAUk_043.flac
2026-09-17 20:07:43 [INFO]   var_db=43.7088 dB
2026-09-17 20:07:43 [INFO] [2323/4911] Processing: TpKyBapvTbE_000.flac
2026-09-17 20:07:47 [INFO]   var_db=15.2697 dB
2026-09-17 20:07:47 [INFO] [2324/4911] Processing: TpKyBapvTbE_001.flac
2026-09-17 20:07:50 [INFO]   var_db=14.8863 dB
2026-09-17 20:07:50 [INFO] [2325/4911] Processing: TpKyBapvTbE_002.flac
2026-09-17 20:07:54 [INFO]   var_db=13.6262 dB
2026-09-17 20:07:54 [INFO] [2326/4911] Processing: TpKyBapvTbE_003.flac
2026-09-17 20:07:57 [INFO]   var_db=15.3872 dB
2026-09-17 20:07:57 [INFO] [2327/4911] Processing: TpKyBapvTbE_004.flac
2026-09-17 20:08:00 [INFO]   var_db=17.6396 dB
2026-09-17 20:08:00 [INFO] [2328/4911] Processing: TpKyBapvTbE_005.flac
2026-09-17 20:08:03 [INFO]   var_db=3.5571 dB
2026-09-17 20:08:03 [INFO] [2329/4911] Processing: TpKyBapvTbE_006.flac
2026-09-17 20:08:04 [INFO]   var_db=6.3855 dB
2026-09-17 20:08:04 [INFO] [2330/4911] Processing: TrLtHAYYW2c_000.flac
2026-09-17 20:08:06 [INFO]   var_db=5.4464 dB
2026-09-17 20:08:06 [INFO] [2331/4911] Processing: TrLtHAYYW2c_001.flac
2026-09-17 20:08:09 [INFO]   var_db=6.1893 dB
2026-09-17 20:08:09 [INFO] [2332/4911] Processing: TrLtHAYYW2c_002.flac
2026-09-17 20:08:10 [INFO]   var_db=8.9765 dB
2026-09-17 20:08:10 [INFO] [2333/4911] Processing: TrLtHAYYW2c_003.flac
2026-09-17 20:08:12 [INFO]   var_db=12.8493 dB
2026-09-17 20:08:12 [INFO] [2334/4911] Processing: TrLtHAYYW2c_004.flac
2026-09-17 20:08:14 [INFO]   var_db=42.3480 dB
2026-09-17 20:08:14 [INFO] [2335/4911] Processing: U36zHkmhn-c_000.flac
2026-09-17 20:08:16 [INFO]   var_db=15.4443 dB
2026-09-17 20:08:16 [INFO] [2336/4911] Processing: U36zHkmhn-c_001.flac
2026-09-17 20:08:17 [INFO]   var_db=14.9288 dB
2026-09-17 20:08:17 [INFO] [2337/4911] Processing: U36zHkmhn-c_002.flac
2026-09-17 20:08:20 [INFO]   var_db=20.8277 dB
2026-09-17 20:08:20 [INFO] [2338/4911] Processing: U36zHkmhn-c_003.flac
2026-09-17 20:08:21 [INFO]   var_db=32.4182 dB
2026-09-17 20:08:21 [INFO] [2339/4911] Processing: U36zHkmhn-c_004.flac
2026-09-17 20:08:22 [INFO]   var_db=21.3600 dB
2026-09-17 20:08:22 [INFO] [2340/4911] Processing: U36zHkmhn-c_005.flac
2026-09-17 20:08:23 [INFO]   var_db=34.6912 dB
2026-09-17 20:08:23 [INFO] [2341/4911] Processing: U36zHkmhn-c_006.flac
2026-09-17 20:08:26 [INFO]   var_db=22.4340 dB
2026-09-17 20:08:26 [INFO] [2342/4911] Processing: U36zHkmhn-c_007.flac
2026-09-17 20:08:28 [INFO]   var_db=17.5995 dB
2026-09-17 20:08:28 [INFO] [2343/4911] Processing: U36zHkmhn-c_008.flac
2026-09-17 20:08:31 [INFO]   var_db=13.9704 dB
2026-09-17 20:08:31 [INFO] [2344/4911] Processing: U36zHkmhn-c_009.flac
2026-09-17 20:08:37 [INFO]   var_db=20.0222 dB
2026-09-17 20:08:37 [INFO] [2345/4911] Processing: U36zHkmhn-c_010.flac
2026-09-17 20:08:39 [INFO]   var_db=21.4468 dB
2026-09-17 20:08:39 [INFO] [2346/4911] Processing: U36zHkmhn-c_011.flac
2026-09-17 20:08:40 [INFO]   var_db=13.7863 dB
2026-09-17 20:08:40 [INFO] [2347/4911] Processing: U36zHkmhn-c_012.flac
2026-09-17 20:08:41 [INFO]   var_db=24.1766 dB
2026-09-17 20:08:41 [INFO] [2348/4911] Processing: U36zHkmhn-c_013.flac
2026-09-17 20:08:43 [INFO]   var_db=13.5133 dB
2026-09-17 20:08:43 [INFO] [2349/4911] Processing: U36zHkmhn-c_014.flac
2026-09-17 20:08:44 [INFO]   var_db=28.6994 dB
2026-09-17 20:08:44 [INFO] [2350/4911] Processing: U36zHkmhn-c_015.flac
2026-09-17 20:08:45 [INFO]   var_db=8.6848 dB
2026-09-17 20:08:45 [INFO] [2351/4911] Processing: U36zHkmhn-c_016.flac
2026-09-17 20:08:46 [INFO]   var_db=25.3082 dB
2026-09-17 20:08:46 [INFO] [2352/4911] Processing: U36zHkmhn-c_017.flac
2026-09-17 20:08:48 [INFO]   var_db=-49.7094 dB
2026-09-17 20:08:48 [INFO] [2353/4911] Processing: U36zHkmhn-c_018.flac
2026-09-17 20:08:50 [INFO]   var_db=10.7823 dB
2026-09-17 20:08:50 [INFO] [2354/4911] Processing: U36zHkmhn-c_019.flac
2026-09-17 20:08:51 [INFO]   var_db=35.2892 dB
2026-09-17 20:08:51 [INFO] [2355/4911] Processing: U36zHkmhn-c_020.flac
2026-09-17 20:08:52 [INFO]   var_db=30.2916 dB
2026-09-17 20:08:52 [INFO] [2356/4911] Processing: U36zHkmhn-c_021.flac
2026-09-17 20:08:53 [INFO]   var_db=32.7380 dB
2026-09-17 20:08:53 [INFO] [2357/4911] Processing: U36zHkmhn-c_022.flac
2026-09-17 20:08:55 [INFO]   var_db=12.6827 dB
2026-09-17 20:08:55 [INFO] [2358/4911] Processing: U36zHkmhn-c_023.flac
2026-09-17 20:08:56 [INFO]   var_db=32.9089 dB
2026-09-17 20:08:56 [INFO] [2359/4911] Processing: U36zHkmhn-c_024.flac
2026-09-17 20:08:57 [INFO]   var_db=16.2649 dB
2026-09-17 20:08:57 [INFO] [2360/4911] Processing: U36zHkmhn-c_025.flac
2026-09-17 20:08:58 [INFO]   var_db=17.5409 dB
2026-09-17 20:08:58 [INFO] [2361/4911] Processing: U36zHkmhn-c_026.flac
2026-09-17 20:09:02 [INFO]   var_db=7.3207 dB
2026-09-17 20:09:02 [INFO] [2362/4911] Processing: U36zHkmhn-c_027.flac
2026-09-17 20:09:03 [INFO]   var_db=6.3053 dB
2026-09-17 20:09:03 [INFO] [2363/4911] Processing: U6kEU5fVy8M_000.flac
2026-09-17 20:09:04 [INFO]   var_db=43.5114 dB
2026-09-17 20:09:04 [INFO] [2364/4911] Processing: U6kEU5fVy8M_001.flac
2026-09-17 20:09:06 [INFO]   var_db=34.7223 dB
2026-09-17 20:09:06 [INFO] [2365/4911] Processing: U6kEU5fVy8M_002.flac
2026-09-17 20:09:07 [INFO]   var_db=45.2983 dB
2026-09-17 20:09:07 [INFO] [2366/4911] Processing: U6kEU5fVy8M_003.flac
2026-09-17 20:09:10 [INFO]   var_db=29.1756 dB
2026-09-17 20:09:10 [INFO] [2367/4911] Processing: U6kEU5fVy8M_004.flac
2026-09-17 20:09:15 [INFO]   var_db=40.3011 dB
2026-09-17 20:09:15 [INFO] [2368/4911] Processing: U6kEU5fVy8M_005.flac
2026-09-17 20:09:16 [INFO]   var_db=19.3698 dB
2026-09-17 20:09:16 [INFO] [2369/4911] Processing: U6kEU5fVy8M_006.flac
2026-09-17 20:09:20 [INFO]   var_db=17.8786 dB
2026-09-17 20:09:20 [INFO] [2370/4911] Processing: U6kEU5fVy8M_007.flac
2026-09-17 20:09:22 [INFO]   var_db=13.6162 dB
2026-09-17 20:09:22 [INFO] [2371/4911] Processing: U6kEU5fVy8M_008.flac
2026-09-17 20:09:24 [INFO]   var_db=13.7844 dB
2026-09-17 20:09:24 [INFO] [2372/4911] Processing: U6kEU5fVy8M_009.flac
2026-09-17 20:09:28 [INFO]   var_db=10.0022 dB
2026-09-17 20:09:28 [INFO] [2373/4911] Processing: U6kEU5fVy8M_010.flac
2026-09-17 20:09:32 [INFO]   var_db=8.5329 dB
2026-09-17 20:09:32 [INFO] [2374/4911] Processing: U6kEU5fVy8M_011.flac
2026-09-17 20:09:36 [INFO]   var_db=9.4092 dB
2026-09-17 20:09:36 [INFO] [2375/4911] Processing: U6kEU5fVy8M_012.flac
2026-09-17 20:09:38 [INFO]   var_db=22.5700 dB
2026-09-17 20:09:38 [INFO] [2376/4911] Processing: U6kEU5fVy8M_013.flac
2026-09-17 20:09:39 [INFO]   var_db=42.5691 dB
2026-09-17 20:09:39 [INFO] [2377/4911] Processing: UAsnU0Vn_go_000.flac
2026-09-17 20:09:41 [INFO]   var_db=43.5919 dB
2026-09-17 20:09:41 [INFO] [2378/4911] Processing: UAsnU0Vn_go_001.flac
2026-09-17 20:09:45 [INFO]   var_db=35.1571 dB
2026-09-17 20:09:45 [INFO] [2379/4911] Processing: UAsnU0Vn_go_002.flac
2026-09-17 20:09:47 [INFO]   var_db=41.8067 dB
2026-09-17 20:09:47 [INFO] [2380/4911] Processing: UAsnU0Vn_go_003.flac
2026-09-17 20:09:48 [INFO]   var_db=26.6527 dB
2026-09-17 20:09:48 [INFO] [2381/4911] Processing: UAsnU0Vn_go_004.flac
2026-09-17 20:09:52 [INFO]   var_db=43.2647 dB
2026-09-17 20:09:52 [INFO] [2382/4911] Processing: UAsnU0Vn_go_005.flac
2026-09-17 20:09:54 [INFO]   var_db=44.0950 dB
2026-09-17 20:09:54 [INFO] [2383/4911] Processing: UAsnU0Vn_go_006.flac
2026-09-17 20:09:57 [INFO]   var_db=25.2133 dB
2026-09-17 20:09:57 [INFO] [2384/4911] Processing: UAsnU0Vn_go_007.flac
2026-09-17 20:10:03 [INFO]   var_db=17.6672 dB
2026-09-17 20:10:03 [INFO] [2385/4911] Processing: UAsnU0Vn_go_008.flac
2026-09-17 20:10:06 [INFO]   var_db=18.0342 dB
2026-09-17 20:10:06 [INFO] [2386/4911] Processing: UAsnU0Vn_go_009.flac
2026-09-17 20:10:13 [INFO]   var_db=42.2915 dB
2026-09-17 20:10:13 [INFO] [2387/4911] Processing: UAsnU0Vn_go_010.flac
2026-09-17 20:10:21 [INFO]   var_db=42.7764 dB
2026-09-17 20:10:21 [INFO] [2388/4911] Processing: UAsnU0Vn_go_011.flac
2026-09-17 20:10:27 [INFO]   var_db=42.1744 dB
2026-09-17 20:10:27 [INFO] [2389/4911] Processing: UAsnU0Vn_go_012.flac
2026-09-17 20:10:33 [INFO]   var_db=38.7689 dB
2026-09-17 20:10:33 [INFO] [2390/4911] Processing: UAsnU0Vn_go_013.flac
2026-09-17 20:10:35 [INFO]   var_db=39.3012 dB
2026-09-17 20:10:35 [INFO] [2391/4911] Processing: UAsnU0Vn_go_014.flac
2026-09-17 20:10:37 [INFO]   var_db=21.0631 dB
2026-09-17 20:10:37 [INFO] [2392/4911] Processing: UAsnU0Vn_go_015.flac
2026-09-17 20:10:39 [INFO]   var_db=42.8738 dB
2026-09-17 20:10:39 [INFO] [2393/4911] Processing: UE2Yh076-V0_000.flac
2026-09-17 20:10:40 [INFO]   var_db=25.3013 dB
2026-09-17 20:10:40 [INFO] [2394/4911] Processing: UE2Yh076-V0_001.flac
2026-09-17 20:10:46 [INFO]   var_db=7.6991 dB
2026-09-17 20:10:46 [INFO] [2395/4911] Processing: UE2Yh076-V0_002.flac
2026-09-17 20:10:47 [INFO]   var_db=6.2563 dB
2026-09-17 20:10:47 [INFO] [2396/4911] Processing: ULm0hQPi1FA_000.flac
2026-09-17 20:10:49 [INFO]   var_db=21.5214 dB
2026-09-17 20:10:49 [INFO] [2397/4911] Processing: ULm0hQPi1FA_001.flac
2026-09-17 20:10:53 [INFO]   var_db=25.6961 dB
2026-09-17 20:10:53 [INFO] [2398/4911] Processing: ULm0hQPi1FA_002.flac
2026-09-17 20:11:00 [INFO]   var_db=20.2352 dB
2026-09-17 20:11:00 [INFO] [2399/4911] Processing: ULm0hQPi1FA_003.flac
2026-09-17 20:11:02 [INFO]   var_db=40.4153 dB
2026-09-17 20:11:02 [INFO] [2400/4911] Processing: ULm0hQPi1FA_004.flac
2026-09-17 20:11:05 [INFO]   var_db=40.4769 dB
2026-09-17 20:11:05 [INFO] [2401/4911] Processing: ULm0hQPi1FA_005.flac
2026-09-17 20:11:08 [INFO]   var_db=41.1979 dB
2026-09-17 20:11:08 [INFO] [2402/4911] Processing: ULm0hQPi1FA_006.flac
2026-09-17 20:11:09 [INFO]   var_db=42.0079 dB
2026-09-17 20:11:09 [INFO] [2403/4911] Processing: UYQD1u6EOj4_000.flac
2026-09-17 20:11:12 [INFO]   var_db=42.3064 dB
2026-09-17 20:11:12 [INFO] [2404/4911] Processing: UYQD1u6EOj4_001.flac
2026-09-17 20:11:13 [INFO]   var_db=43.4420 dB
2026-09-17 20:11:13 [INFO] [2405/4911] Processing: UYQD1u6EOj4_002.flac
2026-09-17 20:11:19 [INFO]   var_db=11.6241 dB
2026-09-17 20:11:19 [INFO] [2406/4911] Processing: UYQD1u6EOj4_003.flac
2026-09-17 20:11:27 [INFO]   var_db=9.8047 dB
2026-09-17 20:11:27 [INFO] [2407/4911] Processing: UYQD1u6EOj4_004.flac
2026-09-17 20:11:29 [INFO]   var_db=14.0338 dB
2026-09-17 20:11:29 [INFO] [2408/4911] Processing: UYQD1u6EOj4_005.flac
2026-09-17 20:11:35 [INFO]   var_db=11.1987 dB
2026-09-17 20:11:35 [INFO] [2409/4911] Processing: UYQD1u6EOj4_006.flac
2026-09-17 20:11:40 [INFO]   var_db=9.4051 dB
2026-09-17 20:11:40 [INFO] [2410/4911] Processing: UYQD1u6EOj4_007.flac
2026-09-17 20:11:46 [INFO]   var_db=7.8432 dB
2026-09-17 20:11:46 [INFO] [2411/4911] Processing: UYQD1u6EOj4_008.flac
2026-09-17 20:11:48 [INFO]   var_db=8.6153 dB
2026-09-17 20:11:48 [INFO] [2412/4911] Processing: UYQD1u6EOj4_009.flac
2026-09-17 20:11:51 [INFO]   var_db=8.9454 dB
2026-09-17 20:11:51 [INFO] [2413/4911] Processing: UYQD1u6EOj4_010.flac
2026-09-17 20:11:54 [INFO]   var_db=12.8329 dB
2026-09-17 20:11:54 [INFO] [2414/4911] Processing: UYQD1u6EOj4_011.flac
2026-09-17 20:11:56 [INFO]   var_db=13.4300 dB
2026-09-17 20:11:56 [INFO] [2415/4911] Processing: UYQD1u6EOj4_012.flac
2026-09-17 20:11:58 [INFO]   var_db=19.5406 dB
2026-09-17 20:11:58 [INFO] [2416/4911] Processing: UYQD1u6EOj4_013.flac
2026-09-17 20:12:00 [INFO]   var_db=43.5933 dB
2026-09-17 20:12:00 [INFO] [2417/4911] Processing: Ue3PasbN4c4_000.flac
2026-09-17 20:12:02 [INFO]   var_db=22.0148 dB
2026-09-17 20:12:02 [INFO] [2418/4911] Processing: Ue3PasbN4c4_001.flac
2026-09-17 20:12:03 [INFO]   var_db=37.9487 dB
2026-09-17 20:12:03 [INFO] [2419/4911] Processing: Ue3PasbN4c4_002.flac
2026-09-17 20:12:09 [INFO]   var_db=19.3923 dB
2026-09-17 20:12:09 [INFO] [2420/4911] Processing: Ue3PasbN4c4_003.flac
2026-09-17 20:12:13 [INFO]   var_db=13.6589 dB
2026-09-17 20:12:13 [INFO] [2421/4911] Processing: Ue3PasbN4c4_004.flac
2026-09-17 20:12:15 [INFO]   var_db=16.6667 dB
2026-09-17 20:12:15 [INFO] [2422/4911] Processing: Ue3PasbN4c4_005.flac
2026-09-17 20:12:19 [INFO]   var_db=12.2015 dB
2026-09-17 20:12:19 [INFO] [2423/4911] Processing: Ue3PasbN4c4_006.flac
2026-09-17 20:12:20 [INFO]   var_db=13.6645 dB
2026-09-17 20:12:20 [INFO] [2424/4911] Processing: Ue3PasbN4c4_007.flac
2026-09-17 20:12:24 [INFO]   var_db=10.5924 dB
2026-09-17 20:12:24 [INFO] [2425/4911] Processing: Ue3PasbN4c4_008.flac
2026-09-17 20:12:26 [INFO]   var_db=43.8032 dB
2026-09-17 20:12:26 [INFO] [2426/4911] Processing: Uw_m6F9DL8Q_000.flac
2026-09-17 20:12:31 [INFO]   var_db=8.2198 dB
2026-09-17 20:12:31 [INFO] [2427/4911] Processing: Uw_m6F9DL8Q_001.flac
2026-09-17 20:12:33 [INFO]   var_db=6.9496 dB
2026-09-17 20:12:33 [INFO] [2428/4911] Processing: Uw_m6F9DL8Q_002.flac
2026-09-17 20:12:37 [INFO]   var_db=10.1273 dB
2026-09-17 20:12:37 [INFO] [2429/4911] Processing: Uw_m6F9DL8Q_003.flac
2026-09-17 20:12:38 [INFO]   var_db=9.4083 dB
2026-09-17 20:12:38 [INFO] [2430/4911] Processing: Uw_m6F9DL8Q_004.flac
2026-09-17 20:12:39 [INFO]   var_db=8.1957 dB
2026-09-17 20:12:39 [INFO] [2431/4911] Processing: Uw_m6F9DL8Q_005.flac
2026-09-17 20:12:40 [INFO]   var_db=7.8952 dB
2026-09-17 20:12:40 [INFO] [2432/4911] Processing: Uw_m6F9DL8Q_006.flac
2026-09-17 20:12:41 [INFO]   var_db=13.6414 dB
2026-09-17 20:12:41 [INFO] [2433/4911] Processing: Uw_m6F9DL8Q_007.flac
2026-09-17 20:12:44 [INFO]   var_db=3.3038 dB
2026-09-17 20:12:44 [INFO] [2434/4911] Processing: Uw_m6F9DL8Q_008.flac
2026-09-17 20:12:45 [INFO]   var_db=6.3664 dB
2026-09-17 20:12:45 [INFO] [2435/4911] Processing: V5rV2K_PbJI_000.flac
2026-09-17 20:12:49 [INFO]   var_db=42.7515 dB
2026-09-17 20:12:49 [INFO] [2436/4911] Processing: V5rV2K_PbJI_001.flac
2026-09-17 20:12:54 [INFO]   var_db=20.4497 dB
2026-09-17 20:12:54 [INFO] [2437/4911] Processing: V5rV2K_PbJI_002.flac
2026-09-17 20:12:57 [INFO]   var_db=39.3365 dB
2026-09-17 20:12:57 [INFO] [2438/4911] Processing: V5rV2K_PbJI_003.flac
2026-09-17 20:13:00 [INFO]   var_db=18.4197 dB
2026-09-17 20:13:00 [INFO] [2439/4911] Processing: V5rV2K_PbJI_004.flac
2026-09-17 20:13:02 [INFO]   var_db=18.4146 dB
2026-09-17 20:13:02 [INFO] [2440/4911] Processing: V5rV2K_PbJI_005.flac
2026-09-17 20:13:05 [INFO]   var_db=17.1905 dB
2026-09-17 20:13:05 [INFO] [2441/4911] Processing: V5rV2K_PbJI_006.flac
2026-09-17 20:13:07 [INFO]   var_db=17.2798 dB
2026-09-17 20:13:07 [INFO] [2442/4911] Processing: V5rV2K_PbJI_007.flac
2026-09-17 20:13:09 [INFO]   var_db=10.6461 dB
2026-09-17 20:13:09 [INFO] [2443/4911] Processing: V5rV2K_PbJI_008.flac
2026-09-17 20:13:12 [INFO]   var_db=12.2552 dB
2026-09-17 20:13:12 [INFO] [2444/4911] Processing: V5rV2K_PbJI_009.flac
2026-09-17 20:13:15 [INFO]   var_db=12.2508 dB
2026-09-17 20:13:15 [INFO] [2445/4911] Processing: V5rV2K_PbJI_010.flac
2026-09-17 20:13:19 [INFO]   var_db=12.9752 dB
2026-09-17 20:13:19 [INFO] [2446/4911] Processing: V5rV2K_PbJI_011.flac
2026-09-17 20:13:24 [INFO]   var_db=12.6724 dB
2026-09-17 20:13:24 [INFO] [2447/4911] Processing: V5rV2K_PbJI_012.flac
2026-09-17 20:13:31 [INFO]   var_db=12.4122 dB
2026-09-17 20:13:31 [INFO] [2448/4911] Processing: V5rV2K_PbJI_013.flac
2026-09-17 20:13:34 [INFO]   var_db=21.1943 dB
2026-09-17 20:13:34 [INFO] [2449/4911] Processing: V5rV2K_PbJI_014.flac
2026-09-17 20:13:37 [INFO]   var_db=16.1677 dB
2026-09-17 20:13:37 [INFO] [2450/4911] Processing: V5rV2K_PbJI_015.flac
2026-09-17 20:13:40 [INFO]   var_db=19.0365 dB
2026-09-17 20:13:40 [INFO] [2451/4911] Processing: V5rV2K_PbJI_016.flac
2026-09-17 20:13:41 [INFO]   var_db=43.2626 dB
2026-09-17 20:13:41 [INFO] [2452/4911] Processing: V65IV4tY3S0_000.flac
2026-09-17 20:13:43 [INFO]   var_db=21.9007 dB
2026-09-17 20:13:43 [INFO] [2453/4911] Processing: V65IV4tY3S0_001.flac
2026-09-17 20:13:47 [INFO]   var_db=25.4588 dB
2026-09-17 20:13:47 [INFO] [2454/4911] Processing: V65IV4tY3S0_002.flac
2026-09-17 20:13:54 [INFO]   var_db=20.7538 dB
2026-09-17 20:13:54 [INFO] [2455/4911] Processing: V65IV4tY3S0_003.flac
2026-09-17 20:13:56 [INFO]   var_db=40.6172 dB
2026-09-17 20:13:56 [INFO] [2456/4911] Processing: V65IV4tY3S0_004.flac
2026-09-17 20:13:58 [INFO]   var_db=40.2205 dB
2026-09-17 20:13:58 [INFO] [2457/4911] Processing: V65IV4tY3S0_005.flac
2026-09-17 20:14:02 [INFO]   var_db=41.3941 dB
2026-09-17 20:14:02 [INFO] [2458/4911] Processing: V65IV4tY3S0_006.flac
2026-09-17 20:14:03 [INFO]   var_db=42.7538 dB
2026-09-17 20:14:03 [INFO] [2459/4911] Processing: VIXesMqwTbk_000.flac
2026-09-17 20:14:04 [INFO]   var_db=7.6121 dB
2026-09-17 20:14:04 [INFO] [2460/4911] Processing: VIXesMqwTbk_001.flac
2026-09-17 20:14:07 [INFO]   var_db=-28.8366 dB
2026-09-17 20:14:07 [INFO] [2461/4911] Processing: VIXesMqwTbk_002.flac
2026-09-17 20:14:09 [INFO]   var_db=17.4169 dB
2026-09-17 20:14:09 [INFO] [2462/4911] Processing: VIXesMqwTbk_003.flac
2026-09-17 20:14:12 [INFO]   var_db=48.3883 dB
2026-09-17 20:14:12 [INFO] [2463/4911] Processing: VIXesMqwTbk_004.flac
2026-09-17 20:14:20 [INFO]   var_db=49.3236 dB
2026-09-17 20:14:20 [INFO] [2464/4911] Processing: VIXesMqwTbk_005.flac
2026-09-17 20:14:23 [INFO]   var_db=48.8611 dB
2026-09-17 20:14:23 [INFO] [2465/4911] Processing: VIXesMqwTbk_006.flac
2026-09-17 20:14:24 [INFO]   var_db=49.3635 dB
2026-09-17 20:14:24 [INFO] [2466/4911] Processing: VIXesMqwTbk_007.flac
2026-09-17 20:14:27 [INFO]   var_db=3.7113 dB
2026-09-17 20:14:27 [INFO] [2467/4911] Processing: VIXesMqwTbk_008.flac
2026-09-17 20:14:28 [INFO]   var_db=6.2725 dB
2026-09-17 20:14:28 [INFO] [2468/4911] Processing: VOlUzFvL6OY_000.flac
2026-09-17 20:14:34 [INFO]   var_db=13.2623 dB
2026-09-17 20:14:34 [INFO] [2469/4911] Processing: VOlUzFvL6OY_001.flac
2026-09-17 20:14:41 [INFO]   var_db=5.4167 dB
2026-09-17 20:14:41 [INFO] [2470/4911] Processing: VOlUzFvL6OY_002.flac
2026-09-17 20:14:46 [INFO]   var_db=6.0965 dB
2026-09-17 20:14:46 [INFO] [2471/4911] Processing: VOlUzFvL6OY_003.flac
2026-09-17 20:14:50 [INFO]   var_db=7.3826 dB
2026-09-17 20:14:50 [INFO] [2472/4911] Processing: VOlUzFvL6OY_004.flac
2026-09-17 20:14:55 [INFO]   var_db=5.3010 dB
2026-09-17 20:14:55 [INFO] [2473/4911] Processing: VOlUzFvL6OY_005.flac
2026-09-17 20:14:59 [INFO]   var_db=20.3399 dB
2026-09-17 20:14:59 [INFO] [2474/4911] Processing: VOlUzFvL6OY_006.flac
2026-09-17 20:15:00 [INFO]   var_db=43.2212 dB
2026-09-17 20:15:00 [INFO] [2475/4911] Processing: VSRNkjL-Rs8_000.flac
2026-09-17 20:15:02 [INFO]   var_db=39.4456 dB
2026-09-17 20:15:02 [INFO] [2476/4911] Processing: VSRNkjL-Rs8_001.flac
2026-09-17 20:15:03 [INFO]   var_db=37.7884 dB
2026-09-17 20:15:03 [INFO] [2477/4911] Processing: VSRNkjL-Rs8_002.flac
2026-09-17 20:15:05 [INFO]   var_db=43.6141 dB
2026-09-17 20:15:05 [INFO] [2478/4911] Processing: VSRNkjL-Rs8_003.flac
2026-09-17 20:15:07 [INFO]   var_db=37.4077 dB
2026-09-17 20:15:07 [INFO] [2479/4911] Processing: VSRNkjL-Rs8_004.flac
2026-09-17 20:15:09 [INFO]   var_db=42.9171 dB
2026-09-17 20:15:09 [INFO] [2480/4911] Processing: VSRNkjL-Rs8_005.flac
2026-09-17 20:15:11 [INFO]   var_db=42.3760 dB
2026-09-17 20:15:11 [INFO] [2481/4911] Processing: VSRNkjL-Rs8_006.flac
2026-09-17 20:15:14 [INFO]   var_db=19.3089 dB
2026-09-17 20:15:14 [INFO] [2482/4911] Processing: VSRNkjL-Rs8_007.flac
2026-09-17 20:15:16 [INFO]   var_db=43.3844 dB
2026-09-17 20:15:16 [INFO] [2483/4911] Processing: VV08vrYsfEc_000.flac
2026-09-17 20:15:17 [INFO]   var_db=12.3362 dB
2026-09-17 20:15:17 [INFO] [2484/4911] Processing: VV08vrYsfEc_001.flac
2026-09-17 20:15:19 [INFO]   var_db=9.1926 dB
2026-09-17 20:15:19 [INFO] [2485/4911] Processing: VV08vrYsfEc_002.flac
2026-09-17 20:15:21 [INFO]   var_db=8.0987 dB
2026-09-17 20:15:21 [INFO] [2486/4911] Processing: VV08vrYsfEc_003.flac
2026-09-17 20:15:28 [INFO]   var_db=6.2972 dB
2026-09-17 20:15:28 [INFO] [2487/4911] Processing: VV08vrYsfEc_004.flac
2026-09-17 20:15:30 [INFO]   var_db=6.2773 dB
2026-09-17 20:15:30 [INFO] [2488/4911] Processing: V_HbhFRv6l4_000.flac
2026-09-17 20:15:35 [INFO]   var_db=42.7188 dB
2026-09-17 20:15:35 [INFO] [2489/4911] Processing: V_HbhFRv6l4_001.flac
2026-09-17 20:15:47 [INFO]   var_db=14.4887 dB
2026-09-17 20:15:47 [INFO] [2490/4911] Processing: V_HbhFRv6l4_002.flac
2026-09-17 20:15:52 [INFO]   var_db=16.3879 dB
2026-09-17 20:15:52 [INFO] [2491/4911] Processing: V_HbhFRv6l4_003.flac
2026-09-17 20:15:55 [INFO]   var_db=17.2244 dB
2026-09-17 20:15:55 [INFO] [2492/4911] Processing: V_HbhFRv6l4_004.flac
2026-09-17 20:16:01 [INFO]   var_db=12.2793 dB
2026-09-17 20:16:01 [INFO] [2493/4911] Processing: V_HbhFRv6l4_005.flac
2026-09-17 20:16:06 [INFO]   var_db=11.9381 dB
2026-09-17 20:16:06 [INFO] [2494/4911] Processing: V_HbhFRv6l4_006.flac
2026-09-17 20:16:08 [INFO]   var_db=16.4476 dB
2026-09-17 20:16:08 [INFO] [2495/4911] Processing: V_HbhFRv6l4_007.flac
2026-09-17 20:16:12 [INFO]   var_db=12.6658 dB
2026-09-17 20:16:12 [INFO] [2496/4911] Processing: V_HbhFRv6l4_008.flac
2026-09-17 20:16:17 [INFO]   var_db=13.1160 dB
2026-09-17 20:16:17 [INFO] [2497/4911] Processing: V_HbhFRv6l4_009.flac
2026-09-17 20:16:20 [INFO]   var_db=10.3916 dB
2026-09-17 20:16:20 [INFO] [2498/4911] Processing: V_HbhFRv6l4_010.flac
2026-09-17 20:16:29 [INFO]   var_db=11.5180 dB
2026-09-17 20:16:29 [INFO] [2499/4911] Processing: V_HbhFRv6l4_011.flac
2026-09-17 20:16:30 [INFO]   var_db=10.2735 dB
2026-09-17 20:16:30 [INFO] [2500/4911] Processing: V_HbhFRv6l4_012.flac
2026-09-17 20:16:32 [INFO]   var_db=19.1455 dB
2026-09-17 20:16:32 [INFO] [2501/4911] Processing: V_HbhFRv6l4_013.flac
2026-09-17 20:16:34 [INFO]   var_db=43.1754 dB
2026-09-17 20:16:34 [INFO] [2502/4911] Processing: Vw6jr6ClWSo_000.flac
2026-09-17 20:16:35 [INFO]   var_db=6.2113 dB
2026-09-17 20:16:35 [INFO] [2503/4911] Processing: Vw6jr6ClWSo_001.flac
2026-09-17 20:16:38 [INFO]   var_db=5.7350 dB
2026-09-17 20:16:38 [INFO] [2504/4911] Processing: Vw6jr6ClWSo_002.flac
2026-09-17 20:16:39 [INFO]   var_db=4.6451 dB
2026-09-17 20:16:39 [INFO] [2505/4911] Processing: Vw6jr6ClWSo_003.flac
2026-09-17 20:16:40 [INFO]   var_db=6.3680 dB
2026-09-17 20:16:40 [INFO] [2506/4911] Processing: W3L1YQiN-vs_000.flac
2026-09-17 20:16:42 [INFO]   var_db=44.5167 dB
2026-09-17 20:16:42 [INFO] [2507/4911] Processing: W3L1YQiN-vs_001.flac
2026-09-17 20:16:48 [INFO]   var_db=14.8137 dB
2026-09-17 20:16:48 [INFO] [2508/4911] Processing: W3L1YQiN-vs_002.flac
2026-09-17 20:16:50 [INFO]   var_db=42.6255 dB
2026-09-17 20:16:50 [INFO] [2509/4911] Processing: W3t3MS0YG8Q_000.flac
2026-09-17 20:16:57 [INFO]   var_db=12.1535 dB
2026-09-17 20:16:57 [INFO] [2510/4911] Processing: W3t3MS0YG8Q_001.flac
2026-09-17 20:16:58 [INFO]   var_db=5.3503 dB
2026-09-17 20:16:58 [INFO] [2511/4911] Processing: W3t3MS0YG8Q_002.flac
2026-09-17 20:16:59 [INFO]   var_db=11.4429 dB
2026-09-17 20:16:59 [INFO] [2512/4911] Processing: W3t3MS0YG8Q_003.flac
2026-09-17 20:17:00 [INFO]   var_db=6.8827 dB
2026-09-17 20:17:00 [INFO] [2513/4911] Processing: W3t3MS0YG8Q_004.flac
2026-09-17 20:17:03 [INFO]   var_db=7.9268 dB
2026-09-17 20:17:03 [INFO] [2514/4911] Processing: W3t3MS0YG8Q_005.flac
2026-09-17 20:17:10 [INFO]   var_db=14.2835 dB
2026-09-17 20:17:10 [INFO] [2515/4911] Processing: W3t3MS0YG8Q_006.flac
2026-09-17 20:17:12 [INFO]   var_db=11.6777 dB
2026-09-17 20:17:12 [INFO] [2516/4911] Processing: W3t3MS0YG8Q_007.flac
2026-09-17 20:17:18 [INFO]   var_db=8.4655 dB
2026-09-17 20:17:18 [INFO] [2517/4911] Processing: W3t3MS0YG8Q_008.flac
2026-09-17 20:17:19 [INFO]   var_db=6.2658 dB
2026-09-17 20:17:19 [INFO] [2518/4911] Processing: W6q_eMvdJ1Y_000.flac
2026-09-17 20:17:22 [INFO]   var_db=40.0463 dB
2026-09-17 20:17:22 [INFO] [2519/4911] Processing: W6q_eMvdJ1Y_001.flac
2026-09-17 20:17:23 [INFO]   var_db=35.7614 dB
2026-09-17 20:17:23 [INFO] [2520/4911] Processing: W6q_eMvdJ1Y_002.flac
2026-09-17 20:17:28 [INFO]   var_db=34.4615 dB
2026-09-17 20:17:28 [INFO] [2521/4911] Processing: W6q_eMvdJ1Y_003.flac
2026-09-17 20:17:36 [INFO]   var_db=34.6959 dB
2026-09-17 20:17:36 [INFO] [2522/4911] Processing: W6q_eMvdJ1Y_004.flac
2026-09-17 20:17:43 [INFO]   var_db=31.7662 dB
2026-09-17 20:17:43 [INFO] [2523/4911] Processing: W6q_eMvdJ1Y_005.flac
2026-09-17 20:17:46 [INFO]   var_db=37.9262 dB
2026-09-17 20:17:46 [INFO] [2524/4911] Processing: W6q_eMvdJ1Y_006.flac
2026-09-17 20:17:51 [INFO]   var_db=33.1197 dB
2026-09-17 20:17:51 [INFO] [2525/4911] Processing: W6q_eMvdJ1Y_007.flac
2026-09-17 20:17:53 [INFO]   var_db=36.2210 dB
2026-09-17 20:17:53 [INFO] [2526/4911] Processing: W6q_eMvdJ1Y_008.flac
2026-09-17 20:17:56 [INFO]   var_db=19.5563 dB
2026-09-17 20:17:56 [INFO] [2527/4911] Processing: W6q_eMvdJ1Y_009.flac
2026-09-17 20:17:57 [INFO]   var_db=42.3538 dB
2026-09-17 20:17:57 [INFO] [2528/4911] Processing: WCpDbhSyK7k_000.flac
2026-09-17 20:17:58 [INFO]   var_db=8.2672 dB
2026-09-17 20:17:58 [INFO] [2529/4911] Processing: WCpDbhSyK7k_001.flac
2026-09-17 20:18:05 [INFO]   var_db=13.3513 dB
2026-09-17 20:18:05 [INFO] [2530/4911] Processing: WCpDbhSyK7k_002.flac
2026-09-17 20:18:08 [INFO]   var_db=7.2179 dB
2026-09-17 20:18:08 [INFO] [2531/4911] Processing: WCpDbhSyK7k_003.flac
2026-09-17 20:18:16 [INFO]   var_db=7.6632 dB
2026-09-17 20:18:16 [INFO] [2532/4911] Processing: WCpDbhSyK7k_004.flac
2026-09-17 20:18:20 [INFO]   var_db=11.6340 dB
2026-09-17 20:18:20 [INFO] [2533/4911] Processing: WCpDbhSyK7k_005.flac
2026-09-17 20:18:23 [INFO]   var_db=-1.2572 dB
2026-09-17 20:18:23 [INFO] [2534/4911] Processing: WCpDbhSyK7k_006.flac
2026-09-17 20:18:24 [INFO]   var_db=-3.4612 dB
2026-09-17 20:18:24 [INFO] [2535/4911] Processing: WCpDbhSyK7k_007.flac
2026-09-17 20:18:25 [INFO]   var_db=-1.8875 dB
2026-09-17 20:18:25 [INFO] [2536/4911] Processing: WCpDbhSyK7k_008.flac
2026-09-17 20:18:26 [INFO]   var_db=-1.3314 dB
2026-09-17 20:18:26 [INFO] [2537/4911] Processing: WCpDbhSyK7k_009.flac
2026-09-17 20:18:27 [INFO]   var_db=-0.8845 dB
2026-09-17 20:18:27 [INFO] [2538/4911] Processing: WCpDbhSyK7k_010.flac
2026-09-17 20:18:29 [INFO]   var_db=-4.1020 dB
2026-09-17 20:18:29 [INFO] [2539/4911] Processing: WCpDbhSyK7k_011.flac
2026-09-17 20:18:31 [INFO]   var_db=-1.9944 dB
2026-09-17 20:18:31 [INFO] [2540/4911] Processing: WCpDbhSyK7k_012.flac
2026-09-17 20:18:32 [INFO]   var_db=-2.3337 dB
2026-09-17 20:18:32 [INFO] [2541/4911] Processing: WCpDbhSyK7k_013.flac
2026-09-17 20:18:35 [INFO]   var_db=2.9573 dB
2026-09-17 20:18:35 [INFO] [2542/4911] Processing: WCpDbhSyK7k_014.flac
2026-09-17 20:18:37 [INFO]   var_db=3.6906 dB
2026-09-17 20:18:37 [INFO] [2543/4911] Processing: WCpDbhSyK7k_015.flac
2026-09-17 20:18:38 [INFO]   var_db=6.3057 dB
2026-09-17 20:18:38 [INFO] [2544/4911] Processing: WFtzJD_UhfU_000.flac
2026-09-17 20:18:41 [INFO]   var_db=11.9476 dB
2026-09-17 20:18:41 [INFO] [2545/4911] Processing: WFtzJD_UhfU_001.flac
2026-09-17 20:18:42 [INFO]   var_db=11.8598 dB
2026-09-17 20:18:42 [INFO] [2546/4911] Processing: WFtzJD_UhfU_002.flac
2026-09-17 20:18:43 [INFO]   var_db=12.7114 dB
2026-09-17 20:18:43 [INFO] [2547/4911] Processing: WFtzJD_UhfU_003.flac
2026-09-17 20:18:45 [INFO]   var_db=3.4104 dB
2026-09-17 20:18:45 [INFO] [2548/4911] Processing: WFtzJD_UhfU_004.flac
2026-09-17 20:18:47 [INFO]   var_db=6.2884 dB
2026-09-17 20:18:47 [INFO] [2549/4911] Processing: WceS1ddqRLI_000.flac
2026-09-17 20:18:48 [INFO]   var_db=44.3932 dB
2026-09-17 20:18:48 [INFO] [2550/4911] Processing: WceS1ddqRLI_001.flac
2026-09-17 20:18:49 [INFO]   var_db=36.1536 dB
2026-09-17 20:18:49 [INFO] [2551/4911] Processing: WceS1ddqRLI_002.flac
2026-09-17 20:18:50 [INFO]   var_db=43.1882 dB
2026-09-17 20:18:50 [INFO] [2552/4911] Processing: WceS1ddqRLI_003.flac
2026-09-17 20:18:54 [INFO]   var_db=9.2643 dB
2026-09-17 20:18:54 [INFO] [2553/4911] Processing: WceS1ddqRLI_004.flac
2026-09-17 20:18:57 [INFO]   var_db=10.8882 dB
2026-09-17 20:18:57 [INFO] [2554/4911] Processing: WceS1ddqRLI_005.flac
2026-09-17 20:19:01 [INFO]   var_db=11.6404 dB
2026-09-17 20:19:01 [INFO] [2555/4911] Processing: WceS1ddqRLI_006.flac
2026-09-17 20:19:03 [INFO]   var_db=3.8102 dB
2026-09-17 20:19:03 [INFO] [2556/4911] Processing: WceS1ddqRLI_007.flac
2026-09-17 20:19:04 [INFO]   var_db=6.3400 dB
2026-09-17 20:19:04 [INFO] [2557/4911] Processing: Whvy26QDqpk_000.flac
2026-09-17 20:19:11 [INFO]   var_db=9.6859 dB
2026-09-17 20:19:11 [INFO] [2558/4911] Processing: Whvy26QDqpk_001.flac
2026-09-17 20:19:18 [INFO]   var_db=6.9673 dB
2026-09-17 20:19:18 [INFO] [2559/4911] Processing: Whvy26QDqpk_002.flac
2026-09-17 20:19:22 [INFO]   var_db=6.4963 dB
2026-09-17 20:19:22 [INFO] [2560/4911] Processing: Whvy26QDqpk_003.flac
2026-09-17 20:19:23 [INFO]   var_db=6.3353 dB
2026-09-17 20:19:23 [INFO] [2561/4911] Processing: Ws-kE2loi9E_000.flac
2026-09-17 20:19:28 [INFO]   var_db=14.9505 dB
2026-09-17 20:19:28 [INFO] [2562/4911] Processing: Ws-kE2loi9E_001.flac
2026-09-17 20:19:37 [INFO]   var_db=10.6850 dB
2026-09-17 20:19:37 [INFO] [2563/4911] Processing: Ws-kE2loi9E_002.flac
2026-09-17 20:19:38 [INFO]   var_db=4.2074 dB
2026-09-17 20:19:38 [INFO] [2564/4911] Processing: Ws-kE2loi9E_003.flac
2026-09-17 20:19:40 [INFO]   var_db=6.2653 dB
2026-09-17 20:19:40 [INFO] [2565/4911] Processing: WzFTOmosXpg_000.flac
2026-09-17 20:19:48 [INFO]   var_db=11.3122 dB
2026-09-17 20:19:48 [INFO] [2566/4911] Processing: WzFTOmosXpg_001.flac
2026-09-17 20:19:50 [INFO]   var_db=0.2900 dB
2026-09-17 20:19:50 [INFO] [2567/4911] Processing: WzFTOmosXpg_002.flac
2026-09-17 20:19:58 [INFO]   var_db=9.7090 dB
2026-09-17 20:19:58 [INFO] [2568/4911] Processing: WzFTOmosXpg_003.flac
2026-09-17 20:20:05 [INFO]   var_db=9.8566 dB
2026-09-17 20:20:05 [INFO] [2569/4911] Processing: WzFTOmosXpg_004.flac
2026-09-17 20:20:06 [INFO]   var_db=6.3868 dB
2026-09-17 20:20:06 [INFO] [2570/4911] Processing: X0KbsvCMKPY_000.flac
2026-09-17 20:20:09 [INFO]   var_db=15.3017 dB
2026-09-17 20:20:09 [INFO] [2571/4911] Processing: X0KbsvCMKPY_001.flac
2026-09-17 20:20:12 [INFO]   var_db=15.2635 dB
2026-09-17 20:20:12 [INFO] [2572/4911] Processing: X0KbsvCMKPY_002.flac
2026-09-17 20:20:17 [INFO]   var_db=17.6666 dB
2026-09-17 20:20:17 [INFO] [2573/4911] Processing: X0KbsvCMKPY_003.flac
2026-09-17 20:20:19 [INFO]   var_db=3.5386 dB
2026-09-17 20:20:19 [INFO] [2574/4911] Processing: X0KbsvCMKPY_004.flac
2026-09-17 20:20:20 [INFO]   var_db=6.3024 dB
2026-09-17 20:20:20 [INFO] [2575/4911] Processing: X0OHN5iUdWk_000.flac
2026-09-17 20:20:27 [INFO]   var_db=14.2089 dB
2026-09-17 20:20:27 [INFO] [2576/4911] Processing: X0OHN5iUdWk_001.flac
2026-09-17 20:20:35 [INFO]   var_db=22.9639 dB
2026-09-17 20:20:35 [INFO] [2577/4911] Processing: X0OHN5iUdWk_002.flac
2026-09-17 20:20:38 [INFO]   var_db=42.1058 dB
2026-09-17 20:20:38 [INFO] [2578/4911] Processing: X0OHN5iUdWk_003.flac
2026-09-17 20:20:45 [INFO]   var_db=37.9588 dB
2026-09-17 20:20:45 [INFO] [2579/4911] Processing: X0OHN5iUdWk_004.flac
2026-09-17 20:20:48 [INFO]   var_db=5.9020 dB
2026-09-17 20:20:48 [INFO] [2580/4911] Processing: X0OHN5iUdWk_005.flac
2026-09-17 20:20:49 [INFO]   var_db=6.2387 dB
2026-09-17 20:20:49 [INFO] [2581/4911] Processing: X0gS6HRSeVw_000.flac
2026-09-17 20:20:57 [INFO]   var_db=10.6789 dB
2026-09-17 20:20:57 [INFO] [2582/4911] Processing: X0gS6HRSeVw_001.flac
2026-09-17 20:21:04 [INFO]   var_db=8.4852 dB
2026-09-17 20:21:04 [INFO] [2583/4911] Processing: X0gS6HRSeVw_002.flac
2026-09-17 20:21:10 [INFO]   var_db=10.1806 dB
2026-09-17 20:21:10 [INFO] [2584/4911] Processing: X0gS6HRSeVw_003.flac
2026-09-17 20:21:14 [INFO]   var_db=7.1070 dB
2026-09-17 20:21:14 [INFO] [2585/4911] Processing: X0gS6HRSeVw_004.flac
2026-09-17 20:21:15 [INFO]   var_db=6.3833 dB
2026-09-17 20:21:15 [INFO] [2586/4911] Processing: X1jILspAmNs_000.flac
2026-09-17 20:21:19 [INFO]   var_db=16.5419 dB
2026-09-17 20:21:19 [INFO] [2587/4911] Processing: X1jILspAmNs_001.flac
2026-09-17 20:21:20 [INFO]   var_db=39.4390 dB
2026-09-17 20:21:20 [INFO] [2588/4911] Processing: X1jILspAmNs_002.flac
2026-09-17 20:21:22 [INFO]   var_db=20.2934 dB
2026-09-17 20:21:22 [INFO] [2589/4911] Processing: X1jILspAmNs_003.flac
2026-09-17 20:21:25 [INFO]   var_db=13.1645 dB
2026-09-17 20:21:25 [INFO] [2590/4911] Processing: X1jILspAmNs_004.flac
2026-09-17 20:21:27 [INFO]   var_db=6.3475 dB
2026-09-17 20:21:27 [INFO] [2591/4911] Processing: X1jILspAmNs_005.flac
2026-09-17 20:21:28 [INFO]   var_db=5.8023 dB
2026-09-17 20:21:28 [INFO] [2592/4911] Processing: X1jILspAmNs_006.flac
2026-09-17 20:21:34 [INFO]   var_db=17.7361 dB
2026-09-17 20:21:34 [INFO] [2593/4911] Processing: X1jILspAmNs_007.flac
2026-09-17 20:21:40 [INFO]   var_db=11.8888 dB
2026-09-17 20:21:40 [INFO] [2594/4911] Processing: X1jILspAmNs_008.flac
2026-09-17 20:21:44 [INFO]   var_db=11.3580 dB
2026-09-17 20:21:44 [INFO] [2595/4911] Processing: X1jILspAmNs_009.flac
2026-09-17 20:21:46 [INFO]   var_db=3.6023 dB
2026-09-17 20:21:46 [INFO] [2596/4911] Processing: X1jILspAmNs_010.flac
2026-09-17 20:21:48 [INFO]   var_db=6.2889 dB
2026-09-17 20:21:48 [INFO] [2597/4911] Processing: X7Q_g9P-Pa4_000.flac
2026-09-17 20:21:49 [INFO]   var_db=10.1300 dB
2026-09-17 20:21:49 [INFO] [2598/4911] Processing: X7Q_g9P-Pa4_001.flac
2026-09-17 20:21:50 [INFO]   var_db=5.8537 dB
2026-09-17 20:21:50 [INFO] [2599/4911] Processing: X7Q_g9P-Pa4_002.flac
2026-09-17 20:21:51 [INFO]   var_db=8.0565 dB
2026-09-17 20:21:51 [INFO] [2600/4911] Processing: X7Q_g9P-Pa4_003.flac
2026-09-17 20:21:55 [INFO]   var_db=12.7684 dB
2026-09-17 20:21:55 [INFO] [2601/4911] Processing: X7Q_g9P-Pa4_004.flac
2026-09-17 20:21:56 [INFO]   var_db=13.3349 dB
2026-09-17 20:21:56 [INFO] [2602/4911] Processing: X7Q_g9P-Pa4_005.flac
2026-09-17 20:21:58 [INFO]   var_db=13.3434 dB
2026-09-17 20:21:58 [INFO] [2603/4911] Processing: X7Q_g9P-Pa4_006.flac
2026-09-17 20:22:01 [INFO]   var_db=14.5118 dB
2026-09-17 20:22:01 [INFO] [2604/4911] Processing: X7Q_g9P-Pa4_007.flac
2026-09-17 20:22:02 [INFO]   var_db=10.5494 dB
2026-09-17 20:22:02 [INFO] [2605/4911] Processing: X7Q_g9P-Pa4_008.flac
2026-09-17 20:22:03 [INFO]   var_db=11.2039 dB
2026-09-17 20:22:03 [INFO] [2606/4911] Processing: X7Q_g9P-Pa4_009.flac
2026-09-17 20:22:12 [INFO]   var_db=11.9753 dB
2026-09-17 20:22:12 [INFO] [2607/4911] Processing: X7Q_g9P-Pa4_010.flac
2026-09-17 20:22:17 [INFO]   var_db=16.0316 dB
2026-09-17 20:22:17 [INFO] [2608/4911] Processing: X7Q_g9P-Pa4_011.flac
2026-09-17 20:22:18 [INFO]   var_db=6.6316 dB
2026-09-17 20:22:18 [INFO] [2609/4911] Processing: X7Q_g9P-Pa4_012.flac
2026-09-17 20:22:20 [INFO]   var_db=6.5024 dB
2026-09-17 20:22:20 [INFO] [2610/4911] Processing: XBgO4iQ6JwY_000.flac
2026-09-17 20:22:22 [INFO]   var_db=27.4940 dB
2026-09-17 20:22:22 [INFO] [2611/4911] Processing: XBgO4iQ6JwY_001.flac
2026-09-17 20:22:25 [INFO]   var_db=23.2789 dB
2026-09-17 20:22:25 [INFO] [2612/4911] Processing: XBgO4iQ6JwY_002.flac
2026-09-17 20:22:29 [INFO]   var_db=23.4982 dB
2026-09-17 20:22:29 [INFO] [2613/4911] Processing: XBgO4iQ6JwY_003.flac
2026-09-17 20:22:32 [INFO]   var_db=24.0048 dB
2026-09-17 20:22:32 [INFO] [2614/4911] Processing: XBgO4iQ6JwY_004.flac
2026-09-17 20:22:36 [INFO]   var_db=25.2395 dB
2026-09-17 20:22:36 [INFO] [2615/4911] Processing: XBgO4iQ6JwY_005.flac
2026-09-17 20:22:39 [INFO]   var_db=24.0608 dB
2026-09-17 20:22:39 [INFO] [2616/4911] Processing: XBgO4iQ6JwY_006.flac
2026-09-17 20:22:45 [INFO]   var_db=28.9327 dB
2026-09-17 20:22:45 [INFO] [2617/4911] Processing: XBgO4iQ6JwY_007.flac
2026-09-17 20:22:47 [INFO]   var_db=32.9798 dB
2026-09-17 20:22:47 [INFO] [2618/4911] Processing: XBgO4iQ6JwY_008.flac
2026-09-17 20:22:50 [INFO]   var_db=22.5352 dB
2026-09-17 20:22:50 [INFO] [2619/4911] Processing: XBgO4iQ6JwY_009.flac
2026-09-17 20:22:51 [INFO]   var_db=42.8421 dB
2026-09-17 20:22:51 [INFO] [2620/4911] Processing: XHHm38uL7Rs_000.flac
2026-09-17 20:22:54 [INFO]   var_db=17.2542 dB
2026-09-17 20:22:54 [INFO] [2621/4911] Processing: XHHm38uL7Rs_001.flac
2026-09-17 20:23:00 [INFO]   var_db=9.9380 dB
2026-09-17 20:23:00 [INFO] [2622/4911] Processing: XHHm38uL7Rs_002.flac
2026-09-17 20:23:07 [INFO]   var_db=7.5387 dB
2026-09-17 20:23:07 [INFO] [2623/4911] Processing: XHHm38uL7Rs_003.flac
2026-09-17 20:23:13 [INFO]   var_db=8.5600 dB
2026-09-17 20:23:13 [INFO] [2624/4911] Processing: XNW1Cjr6bLg_000.flac
2026-09-17 20:23:17 [INFO]   var_db=16.2097 dB
2026-09-17 20:23:17 [INFO] [2625/4911] Processing: XNW1Cjr6bLg_001.flac
2026-09-17 20:23:25 [INFO]   var_db=13.6726 dB
2026-09-17 20:23:25 [INFO] [2626/4911] Processing: XNW1Cjr6bLg_002.flac
2026-09-17 20:23:27 [INFO]   var_db=47.6983 dB
2026-09-17 20:23:27 [INFO] [2627/4911] Processing: XNW1Cjr6bLg_003.flac
2026-09-17 20:23:31 [INFO]   var_db=42.8551 dB
2026-09-17 20:23:31 [INFO] [2628/4911] Processing: XNW1Cjr6bLg_004.flac
2026-09-17 20:23:33 [INFO]   var_db=45.1774 dB
2026-09-17 20:23:33 [INFO] [2629/4911] Processing: XNW1Cjr6bLg_005.flac
2026-09-17 20:23:37 [INFO]   var_db=44.9488 dB
2026-09-17 20:23:37 [INFO] [2630/4911] Processing: XNW1Cjr6bLg_006.flac
2026-09-17 20:23:38 [INFO]   var_db=49.2053 dB
2026-09-17 20:23:38 [INFO] [2631/4911] Processing: XNW1Cjr6bLg_007.flac
2026-09-17 20:23:42 [INFO]   var_db=46.9593 dB
2026-09-17 20:23:42 [INFO] [2632/4911] Processing: XNW1Cjr6bLg_008.flac
2026-09-17 20:23:45 [INFO]   var_db=10.8621 dB
2026-09-17 20:23:45 [INFO] [2633/4911] Processing: XNW1Cjr6bLg_009.flac
2026-09-17 20:23:46 [INFO]   var_db=4.5404 dB
2026-09-17 20:23:46 [INFO] [2634/4911] Processing: XNW1Cjr6bLg_010.flac
2026-09-17 20:23:48 [INFO]   var_db=6.5080 dB
2026-09-17 20:23:48 [INFO] [2635/4911] Processing: XQx_179B1l8_000.flac
2026-09-17 20:23:55 [INFO]   var_db=10.8560 dB
2026-09-17 20:23:55 [INFO] [2636/4911] Processing: XQx_179B1l8_001.flac
2026-09-17 20:24:00 [INFO]   var_db=6.3615 dB
2026-09-17 20:24:00 [INFO] [2637/4911] Processing: XQx_179B1l8_002.flac
2026-09-17 20:24:03 [INFO]   var_db=7.2915 dB
2026-09-17 20:24:03 [INFO] [2638/4911] Processing: XQx_179B1l8_003.flac
2026-09-17 20:24:08 [INFO]   var_db=6.7865 dB
2026-09-17 20:24:08 [INFO] [2639/4911] Processing: XQx_179B1l8_004.flac
2026-09-17 20:24:12 [INFO]   var_db=7.5138 dB
2026-09-17 20:24:12 [INFO] [2640/4911] Processing: XQx_179B1l8_005.flac
2026-09-17 20:24:18 [INFO]   var_db=12.1429 dB
2026-09-17 20:24:18 [INFO] [2641/4911] Processing: XQx_179B1l8_006.flac
2026-09-17 20:24:19 [INFO]   var_db=0.9817 dB
2026-09-17 20:24:19 [INFO] [2642/4911] Processing: XQx_179B1l8_007.flac
2026-09-17 20:24:26 [INFO]   var_db=8.3134 dB
2026-09-17 20:24:26 [INFO] [2643/4911] Processing: XQx_179B1l8_008.flac
2026-09-17 20:24:27 [INFO]   var_db=6.2941 dB
2026-09-17 20:24:27 [INFO] [2644/4911] Processing: XfuquiAUeSY_000.flac
2026-09-17 20:24:32 [INFO]   var_db=17.8220 dB
2026-09-17 20:24:32 [INFO] [2645/4911] Processing: XfuquiAUeSY_001.flac
2026-09-17 20:24:35 [INFO]   var_db=13.0022 dB
2026-09-17 20:24:35 [INFO] [2646/4911] Processing: XfuquiAUeSY_002.flac
2026-09-17 20:24:39 [INFO]   var_db=11.9448 dB
2026-09-17 20:24:39 [INFO] [2647/4911] Processing: XfuquiAUeSY_003.flac
2026-09-17 20:24:43 [INFO]   var_db=8.3257 dB
2026-09-17 20:24:43 [INFO] [2648/4911] Processing: XfuquiAUeSY_004.flac
2026-09-17 20:24:44 [INFO]   var_db=43.0789 dB
2026-09-17 20:24:44 [INFO] [2649/4911] Processing: XhjXPvA0FhU_000.flac
2026-09-17 20:24:48 [INFO]   var_db=45.7583 dB
2026-09-17 20:24:48 [INFO] [2650/4911] Processing: XhjXPvA0FhU_001.flac
2026-09-17 20:24:50 [INFO]   var_db=18.7398 dB
2026-09-17 20:24:50 [INFO] [2651/4911] Processing: XhjXPvA0FhU_002.flac
2026-09-17 20:24:52 [INFO]   var_db=42.8850 dB
2026-09-17 20:24:52 [INFO] [2652/4911] Processing: XhtThcouRjo_000.flac
2026-09-17 20:24:56 [INFO]   var_db=6.9249 dB
2026-09-17 20:24:56 [INFO] [2653/4911] Processing: XhtThcouRjo_001.flac
2026-09-17 20:24:58 [INFO]   var_db=7.2544 dB
2026-09-17 20:24:58 [INFO] [2654/4911] Processing: XhtThcouRjo_002.flac
2026-09-17 20:25:01 [INFO]   var_db=11.8265 dB
2026-09-17 20:25:01 [INFO] [2655/4911] Processing: XhtThcouRjo_003.flac
2026-09-17 20:25:02 [INFO]   var_db=4.7490 dB
2026-09-17 20:25:02 [INFO] [2656/4911] Processing: XhtThcouRjo_004.flac
2026-09-17 20:25:03 [INFO]   var_db=6.2982 dB
2026-09-17 20:25:03 [INFO] [2657/4911] Processing: XoSr_UFugbc_000.flac
2026-09-17 20:25:06 [INFO]   var_db=13.2464 dB
2026-09-17 20:25:06 [INFO] [2658/4911] Processing: XoSr_UFugbc_001.flac
2026-09-17 20:25:07 [INFO]   var_db=13.8944 dB
2026-09-17 20:25:07 [INFO] [2659/4911] Processing: XoSr_UFugbc_002.flac
2026-09-17 20:25:08 [INFO]   var_db=12.1280 dB
2026-09-17 20:25:08 [INFO] [2660/4911] Processing: XoSr_UFugbc_003.flac
2026-09-17 20:25:09 [INFO]   var_db=6.9472 dB
2026-09-17 20:25:09 [INFO] [2661/4911] Processing: XoSr_UFugbc_004.flac
2026-09-17 20:25:10 [INFO]   var_db=6.8504 dB
2026-09-17 20:25:10 [INFO] [2662/4911] Processing: XoSr_UFugbc_005.flac
2026-09-17 20:25:11 [INFO]   var_db=6.7652 dB
2026-09-17 20:25:11 [INFO] [2663/4911] Processing: XoSr_UFugbc_006.flac
2026-09-17 20:25:16 [INFO]   var_db=3.4373 dB
2026-09-17 20:25:16 [INFO] [2664/4911] Processing: XoSr_UFugbc_007.flac
2026-09-17 20:25:19 [INFO]   var_db=-0.1129 dB
2026-09-17 20:25:19 [INFO] [2665/4911] Processing: XoSr_UFugbc_008.flac
2026-09-17 20:25:25 [INFO]   var_db=2.9092 dB
2026-09-17 20:25:25 [INFO] [2666/4911] Processing: XoSr_UFugbc_009.flac
2026-09-17 20:25:27 [INFO]   var_db=-1.5947 dB
2026-09-17 20:25:27 [INFO] [2667/4911] Processing: XoSr_UFugbc_010.flac
2026-09-17 20:25:28 [INFO]   var_db=7.6759 dB
2026-09-17 20:25:28 [INFO] [2668/4911] Processing: XoSr_UFugbc_011.flac
2026-09-17 20:25:31 [INFO]   var_db=4.5740 dB
2026-09-17 20:25:31 [INFO] [2669/4911] Processing: XoSr_UFugbc_012.flac
2026-09-17 20:25:36 [INFO]   var_db=3.5716 dB
2026-09-17 20:25:36 [INFO] [2670/4911] Processing: XoSr_UFugbc_013.flac
2026-09-17 20:25:40 [INFO]   var_db=2.6998 dB
2026-09-17 20:25:40 [INFO] [2671/4911] Processing: XoSr_UFugbc_014.flac
2026-09-17 20:25:41 [INFO]   var_db=5.4481 dB
2026-09-17 20:25:41 [INFO] [2672/4911] Processing: XoSr_UFugbc_015.flac
2026-09-17 20:25:42 [INFO]   var_db=5.1036 dB
2026-09-17 20:25:42 [INFO] [2673/4911] Processing: XoSr_UFugbc_016.flac
2026-09-17 20:25:43 [INFO]   var_db=5.7099 dB
2026-09-17 20:25:43 [INFO] [2674/4911] Processing: XoSr_UFugbc_017.flac
2026-09-17 20:25:45 [INFO]   var_db=6.9977 dB
2026-09-17 20:25:45 [INFO] [2675/4911] Processing: XoSr_UFugbc_018.flac
2026-09-17 20:25:50 [INFO]   var_db=4.5390 dB
2026-09-17 20:25:50 [INFO] [2676/4911] Processing: XoSr_UFugbc_019.flac
2026-09-17 20:25:56 [INFO]   var_db=2.3365 dB
2026-09-17 20:25:56 [INFO] [2677/4911] Processing: XoSr_UFugbc_020.flac
2026-09-17 20:25:58 [INFO]   var_db=7.1363 dB
2026-09-17 20:25:58 [INFO] [2678/4911] Processing: XoSr_UFugbc_021.flac
2026-09-17 20:26:02 [INFO]   var_db=6.7098 dB
2026-09-17 20:26:02 [INFO] [2679/4911] Processing: XoSr_UFugbc_022.flac
2026-09-17 20:26:04 [INFO]   var_db=13.5993 dB
2026-09-17 20:26:04 [INFO] [2680/4911] Processing: XoSr_UFugbc_023.flac
2026-09-17 20:26:06 [INFO]   var_db=42.7066 dB
2026-09-17 20:26:06 [INFO] [2681/4911] Processing: XrKoDnOcgmk_000.flac
2026-09-17 20:26:13 [INFO]   var_db=12.9801 dB
2026-09-17 20:26:13 [INFO] [2682/4911] Processing: XrKoDnOcgmk_001.flac
2026-09-17 20:26:16 [INFO]   var_db=14.3214 dB
2026-09-17 20:26:16 [INFO] [2683/4911] Processing: XrKoDnOcgmk_002.flac
2026-09-17 20:26:25 [INFO]   var_db=11.5105 dB
2026-09-17 20:26:25 [INFO] [2684/4911] Processing: XrKoDnOcgmk_003.flac
2026-09-17 20:26:26 [INFO]   var_db=3.8747 dB
2026-09-17 20:26:26 [INFO] [2685/4911] Processing: XrKoDnOcgmk_004.flac
2026-09-17 20:26:27 [INFO]   var_db=6.2431 dB
2026-09-17 20:26:27 [INFO] [2686/4911] Processing: Y0Ldjrv-EK0_000.flac
2026-09-17 20:26:28 [INFO]   var_db=44.6023 dB
2026-09-17 20:26:28 [INFO] [2687/4911] Processing: Y0Ldjrv-EK0_001.flac
2026-09-17 20:26:32 [INFO]   var_db=16.2197 dB
2026-09-17 20:26:32 [INFO] [2688/4911] Processing: Y0Ldjrv-EK0_002.flac
2026-09-17 20:26:34 [INFO]   var_db=18.2777 dB
2026-09-17 20:26:34 [INFO] [2689/4911] Processing: YBk5juEYqLk_000.flac
2026-09-17 20:26:35 [INFO]   var_db=5.2526 dB
2026-09-17 20:26:35 [INFO] [2690/4911] Processing: YBk5juEYqLk_001.flac
2026-09-17 20:26:36 [INFO]   var_db=9.9293 dB
2026-09-17 20:26:36 [INFO] [2691/4911] Processing: YBk5juEYqLk_002.flac
2026-09-17 20:26:38 [INFO]   var_db=9.4407 dB
2026-09-17 20:26:38 [INFO] [2692/4911] Processing: YBk5juEYqLk_003.flac
2026-09-17 20:26:40 [INFO]   var_db=3.5813 dB
2026-09-17 20:26:40 [INFO] [2693/4911] Processing: YBk5juEYqLk_004.flac
2026-09-17 20:26:41 [INFO]   var_db=6.3103 dB
2026-09-17 20:26:41 [INFO] [2694/4911] Processing: YE84Iy5vwHc_000.flac
2026-09-17 20:26:47 [INFO]   var_db=11.5969 dB
2026-09-17 20:26:47 [INFO] [2695/4911] Processing: YE84Iy5vwHc_001.flac
2026-09-17 20:26:48 [INFO]   var_db=9.7682 dB
2026-09-17 20:26:48 [INFO] [2696/4911] Processing: YE84Iy5vwHc_002.flac
2026-09-17 20:26:51 [INFO]   var_db=5.8959 dB
2026-09-17 20:26:51 [INFO] [2697/4911] Processing: YE84Iy5vwHc_003.flac
2026-09-17 20:26:52 [INFO]   var_db=6.4037 dB
2026-09-17 20:26:52 [INFO] [2698/4911] Processing: YNw8-7yDYqQ_000.flac
2026-09-17 20:27:00 [INFO]   var_db=31.8341 dB
2026-09-17 20:27:00 [INFO] [2699/4911] Processing: YNw8-7yDYqQ_001.flac
2026-09-17 20:27:02 [INFO]   var_db=-6.0808 dB
2026-09-17 20:27:02 [INFO] [2700/4911] Processing: YNw8-7yDYqQ_002.flac
2026-09-17 20:27:03 [INFO]   var_db=40.0746 dB
2026-09-17 20:27:03 [INFO] [2701/4911] Processing: YNw8-7yDYqQ_003.flac
2026-09-17 20:27:10 [INFO]   var_db=40.7440 dB
2026-09-17 20:27:10 [INFO] [2702/4911] Processing: YNw8-7yDYqQ_004.flac
2026-09-17 20:27:13 [INFO]   var_db=50.0979 dB
2026-09-17 20:27:13 [INFO] [2703/4911] Processing: YNw8-7yDYqQ_005.flac
2026-09-17 20:27:16 [INFO]   var_db=50.6316 dB
2026-09-17 20:27:16 [INFO] [2704/4911] Processing: YNw8-7yDYqQ_006.flac
2026-09-17 20:27:21 [INFO]   var_db=48.9385 dB
2026-09-17 20:27:21 [INFO] [2705/4911] Processing: YNw8-7yDYqQ_007.flac
2026-09-17 20:27:25 [INFO]   var_db=48.5586 dB
2026-09-17 20:27:25 [INFO] [2706/4911] Processing: YNw8-7yDYqQ_008.flac
2026-09-17 20:27:28 [INFO]   var_db=49.1936 dB
2026-09-17 20:27:28 [INFO] [2707/4911] Processing: YNw8-7yDYqQ_009.flac
2026-09-17 20:27:32 [INFO]   var_db=48.9423 dB
2026-09-17 20:27:32 [INFO] [2708/4911] Processing: YNw8-7yDYqQ_010.flac
2026-09-17 20:27:35 [INFO]   var_db=50.0052 dB
2026-09-17 20:27:35 [INFO] [2709/4911] Processing: YNw8-7yDYqQ_011.flac
2026-09-17 20:27:38 [INFO]   var_db=46.1991 dB
2026-09-17 20:27:38 [INFO] [2710/4911] Processing: YNw8-7yDYqQ_012.flac
2026-09-17 20:27:44 [INFO]   var_db=43.6056 dB
2026-09-17 20:27:44 [INFO] [2711/4911] Processing: YNw8-7yDYqQ_013.flac
2026-09-17 20:27:45 [INFO]   var_db=15.2584 dB
2026-09-17 20:27:45 [INFO] [2712/4911] Processing: YNw8-7yDYqQ_014.flac
2026-09-17 20:27:47 [INFO]   var_db=37.9097 dB
2026-09-17 20:27:47 [INFO] [2713/4911] Processing: YNw8-7yDYqQ_015.flac
2026-09-17 20:27:49 [INFO]   var_db=44.3513 dB
2026-09-17 20:27:49 [INFO] [2714/4911] Processing: YNw8-7yDYqQ_016.flac
2026-09-17 20:27:55 [INFO]   var_db=47.0050 dB
2026-09-17 20:27:55 [INFO] [2715/4911] Processing: YNw8-7yDYqQ_017.flac
2026-09-17 20:27:56 [INFO]   var_db=8.4651 dB
2026-09-17 20:27:56 [INFO] [2716/4911] Processing: YNw8-7yDYqQ_018.flac
2026-09-17 20:27:57 [INFO]   var_db=27.0521 dB
2026-09-17 20:27:57 [INFO] [2717/4911] Processing: YNw8-7yDYqQ_019.flac
2026-09-17 20:28:00 [INFO]   var_db=46.1874 dB
2026-09-17 20:28:00 [INFO] [2718/4911] Processing: YNw8-7yDYqQ_020.flac
2026-09-17 20:28:04 [INFO]   var_db=30.6147 dB
2026-09-17 20:28:04 [INFO] [2719/4911] Processing: YNw8-7yDYqQ_021.flac
2026-09-17 20:28:05 [INFO]   var_db=39.6786 dB
2026-09-17 20:28:05 [INFO] [2720/4911] Processing: YNw8-7yDYqQ_022.flac
2026-09-17 20:28:09 [INFO]   var_db=31.3386 dB
2026-09-17 20:28:09 [INFO] [2721/4911] Processing: YNw8-7yDYqQ_023.flac
2026-09-17 20:28:14 [INFO]   var_db=9.9850 dB
2026-09-17 20:28:14 [INFO] [2722/4911] Processing: YNw8-7yDYqQ_024.flac
2026-09-17 20:28:16 [INFO]   var_db=3.3564 dB
2026-09-17 20:28:16 [INFO] [2723/4911] Processing: YNw8-7yDYqQ_025.flac
2026-09-17 20:28:18 [INFO]   var_db=6.3278 dB
2026-09-17 20:28:18 [INFO] [2724/4911] Processing: YV9XuD-BsfY_000.flac
2026-09-17 20:28:21 [INFO]   var_db=40.8589 dB
2026-09-17 20:28:21 [INFO] [2725/4911] Processing: YV9XuD-BsfY_001.flac
2026-09-17 20:28:26 [INFO]   var_db=14.7462 dB
2026-09-17 20:28:26 [INFO] [2726/4911] Processing: YV9XuD-BsfY_002.flac
2026-09-17 20:28:29 [INFO]   var_db=10.2003 dB
2026-09-17 20:28:29 [INFO] [2727/4911] Processing: YV9XuD-BsfY_003.flac
2026-09-17 20:28:33 [INFO]   var_db=9.0971 dB
2026-09-17 20:28:33 [INFO] [2728/4911] Processing: YV9XuD-BsfY_004.flac
2026-09-17 20:28:38 [INFO]   var_db=6.2143 dB
2026-09-17 20:28:38 [INFO] [2729/4911] Processing: YV9XuD-BsfY_005.flac
2026-09-17 20:28:41 [INFO]   var_db=8.0751 dB
2026-09-17 20:28:41 [INFO] [2730/4911] Processing: YV9XuD-BsfY_006.flac
2026-09-17 20:28:43 [INFO]   var_db=5.0640 dB
2026-09-17 20:28:43 [INFO] [2731/4911] Processing: YV9XuD-BsfY_007.flac
2026-09-17 20:28:44 [INFO]   var_db=11.8500 dB
2026-09-17 20:28:44 [INFO] [2732/4911] Processing: YV9XuD-BsfY_008.flac
2026-09-17 20:28:47 [INFO]   var_db=9.6861 dB
2026-09-17 20:28:47 [INFO] [2733/4911] Processing: YV9XuD-BsfY_009.flac
2026-09-17 20:28:52 [INFO]   var_db=7.7525 dB
2026-09-17 20:28:52 [INFO] [2734/4911] Processing: YV9XuD-BsfY_010.flac
2026-09-17 20:28:57 [INFO]   var_db=8.0536 dB
2026-09-17 20:28:57 [INFO] [2735/4911] Processing: YV9XuD-BsfY_011.flac
2026-09-17 20:29:00 [INFO]   var_db=19.7849 dB
2026-09-17 20:29:00 [INFO] [2736/4911] Processing: YV9XuD-BsfY_012.flac
2026-09-17 20:29:01 [INFO]   var_db=42.6775 dB
2026-09-17 20:29:01 [INFO] [2737/4911] Processing: YZwJFoSGjX8_000.flac
2026-09-17 20:29:05 [INFO]   var_db=17.1473 dB
2026-09-17 20:29:05 [INFO] [2738/4911] Processing: YZwJFoSGjX8_001.flac
2026-09-17 20:29:09 [INFO]   var_db=14.6806 dB
2026-09-17 20:29:09 [INFO] [2739/4911] Processing: YZwJFoSGjX8_002.flac
2026-09-17 20:29:13 [INFO]   var_db=14.9895 dB
2026-09-17 20:29:13 [INFO] [2740/4911] Processing: YZwJFoSGjX8_003.flac
2026-09-17 20:29:15 [INFO]   var_db=4.4046 dB
2026-09-17 20:29:15 [INFO] [2741/4911] Processing: YZwJFoSGjX8_004.flac
2026-09-17 20:29:16 [INFO]   var_db=6.3461 dB
2026-09-17 20:29:16 [INFO] [2742/4911] Processing: YcdvhG8bY2M_000.flac
2026-09-17 20:29:23 [INFO]   var_db=16.2279 dB
2026-09-17 20:29:23 [INFO] [2743/4911] Processing: YcdvhG8bY2M_001.flac
2026-09-17 20:29:31 [INFO]   var_db=10.8477 dB
2026-09-17 20:29:31 [INFO] [2744/4911] Processing: YcdvhG8bY2M_002.flac
2026-09-17 20:29:34 [INFO]   var_db=16.0689 dB
2026-09-17 20:29:34 [INFO] [2745/4911] Processing: YcdvhG8bY2M_003.flac
2026-09-17 20:29:36 [INFO]   var_db=22.5049 dB
2026-09-17 20:29:36 [INFO] [2746/4911] Processing: YjCvF8VfjV4_000.flac
2026-09-17 20:29:37 [INFO]   var_db=41.8972 dB
2026-09-17 20:29:37 [INFO] [2747/4911] Processing: YjCvF8VfjV4_001.flac
2026-09-17 20:29:39 [INFO]   var_db=31.5736 dB
2026-09-17 20:29:39 [INFO] [2748/4911] Processing: YjCvF8VfjV4_002.flac
2026-09-17 20:29:43 [INFO]   var_db=39.8418 dB
2026-09-17 20:29:43 [INFO] [2749/4911] Processing: YjCvF8VfjV4_003.flac
2026-09-17 20:29:47 [INFO]   var_db=10.5423 dB
2026-09-17 20:29:47 [INFO] [2750/4911] Processing: YjCvF8VfjV4_004.flac
2026-09-17 20:29:52 [INFO]   var_db=6.8964 dB
2026-09-17 20:29:52 [INFO] [2751/4911] Processing: YjCvF8VfjV4_005.flac
2026-09-17 20:29:57 [INFO]   var_db=7.5110 dB
2026-09-17 20:29:57 [INFO] [2752/4911] Processing: YjCvF8VfjV4_006.flac
2026-09-17 20:30:10 [INFO]   var_db=8.1797 dB
2026-09-17 20:30:10 [INFO] [2753/4911] Processing: YjCvF8VfjV4_007.flac
2026-09-17 20:30:15 [INFO]   var_db=9.8962 dB
2026-09-17 20:30:15 [INFO] [2754/4911] Processing: YjCvF8VfjV4_008.flac
2026-09-17 20:30:23 [INFO]   var_db=8.2437 dB
2026-09-17 20:30:23 [INFO] [2755/4911] Processing: YjCvF8VfjV4_009.flac
2026-09-17 20:30:25 [INFO]   var_db=10.2397 dB
2026-09-17 20:30:25 [INFO] [2756/4911] Processing: YjCvF8VfjV4_010.flac
2026-09-17 20:30:32 [INFO]   var_db=6.7090 dB
2026-09-17 20:30:32 [INFO] [2757/4911] Processing: YjCvF8VfjV4_011.flac
2026-09-17 20:30:39 [INFO]   var_db=10.5407 dB
2026-09-17 20:30:39 [INFO] [2758/4911] Processing: YjCvF8VfjV4_012.flac
2026-09-17 20:30:45 [INFO]   var_db=9.1819 dB
2026-09-17 20:30:45 [INFO] [2759/4911] Processing: YjCvF8VfjV4_013.flac
2026-09-17 20:30:47 [INFO]   var_db=9.0856 dB
2026-09-17 20:30:47 [INFO] [2760/4911] Processing: YjCvF8VfjV4_014.flac
2026-09-17 20:30:51 [INFO]   var_db=8.7332 dB
2026-09-17 20:30:51 [INFO] [2761/4911] Processing: YjCvF8VfjV4_015.flac
2026-09-17 20:30:53 [INFO]   var_db=19.7221 dB
2026-09-17 20:30:53 [INFO] [2762/4911] Processing: YjCvF8VfjV4_016.flac
2026-09-17 20:30:55 [INFO]   var_db=43.2263 dB
2026-09-17 20:30:55 [INFO] [2763/4911] Processing: ZLG2nJtty3c_000.flac
2026-09-17 20:30:56 [INFO]   var_db=40.0653 dB
2026-09-17 20:30:56 [INFO] [2764/4911] Processing: ZLG2nJtty3c_001.flac
2026-09-17 20:31:02 [INFO]   var_db=42.0275 dB
2026-09-17 20:31:02 [INFO] [2765/4911] Processing: ZLG2nJtty3c_002.flac
2026-09-17 20:31:09 [INFO]   var_db=9.9170 dB
2026-09-17 20:31:09 [INFO] [2766/4911] Processing: ZLG2nJtty3c_003.flac
2026-09-17 20:31:15 [INFO]   var_db=5.4473 dB
2026-09-17 20:31:15 [INFO] [2767/4911] Processing: ZLG2nJtty3c_004.flac
2026-09-17 20:31:20 [INFO]   var_db=6.5104 dB
2026-09-17 20:31:20 [INFO] [2768/4911] Processing: ZLG2nJtty3c_005.flac
2026-09-17 20:31:24 [INFO]   var_db=9.4857 dB
2026-09-17 20:31:24 [INFO] [2769/4911] Processing: ZLG2nJtty3c_006.flac
2026-09-17 20:31:31 [INFO]   var_db=8.0882 dB
2026-09-17 20:31:31 [INFO] [2770/4911] Processing: ZLG2nJtty3c_007.flac
2026-09-17 20:31:36 [INFO]   var_db=8.4695 dB
2026-09-17 20:31:36 [INFO] [2771/4911] Processing: ZLG2nJtty3c_008.flac
2026-09-17 20:31:37 [INFO]   var_db=6.2252 dB
2026-09-17 20:31:37 [INFO] [2772/4911] Processing: ZMunEzpO-TY_000.flac
2026-09-17 20:31:38 [INFO]   var_db=4.1054 dB
2026-09-17 20:31:38 [INFO] [2773/4911] Processing: ZMunEzpO-TY_001.flac
2026-09-17 20:31:41 [INFO]   var_db=0.2049 dB
2026-09-17 20:31:41 [INFO] [2774/4911] Processing: ZMunEzpO-TY_002.flac
2026-09-17 20:31:42 [INFO]   var_db=0.6441 dB
2026-09-17 20:31:42 [INFO] [2775/4911] Processing: ZMunEzpO-TY_003.flac
2026-09-17 20:31:43 [INFO]   var_db=2.3474 dB
2026-09-17 20:31:43 [INFO] [2776/4911] Processing: ZMunEzpO-TY_004.flac
2026-09-17 20:31:44 [INFO]   var_db=0.8731 dB
2026-09-17 20:31:44 [INFO] [2777/4911] Processing: ZMunEzpO-TY_005.flac
2026-09-17 20:31:48 [INFO]   var_db=13.3828 dB
2026-09-17 20:31:48 [INFO] [2778/4911] Processing: ZMunEzpO-TY_006.flac
2026-09-17 20:31:51 [INFO]   var_db=12.8499 dB
2026-09-17 20:31:51 [INFO] [2779/4911] Processing: ZMunEzpO-TY_007.flac
2026-09-17 20:31:53 [INFO]   var_db=9.6991 dB
2026-09-17 20:31:53 [INFO] [2780/4911] Processing: ZMunEzpO-TY_008.flac
2026-09-17 20:31:56 [INFO]   var_db=3.4352 dB
2026-09-17 20:31:56 [INFO] [2781/4911] Processing: ZMunEzpO-TY_009.flac
2026-09-17 20:31:57 [INFO]   var_db=6.2947 dB
2026-09-17 20:31:57 [INFO] [2782/4911] Processing: ZXl6sv6TAU4_000.flac
2026-09-17 20:31:58 [INFO]   var_db=45.9432 dB
2026-09-17 20:31:58 [INFO] [2783/4911] Processing: ZXl6sv6TAU4_001.flac
2026-09-17 20:32:02 [INFO]   var_db=43.3552 dB
2026-09-17 20:32:02 [INFO] [2784/4911] Processing: ZXl6sv6TAU4_002.flac
2026-09-17 20:32:04 [INFO]   var_db=41.0056 dB
2026-09-17 20:32:04 [INFO] [2785/4911] Processing: ZXl6sv6TAU4_003.flac
2026-09-17 20:32:10 [INFO]   var_db=42.3604 dB
2026-09-17 20:32:10 [INFO] [2786/4911] Processing: ZXl6sv6TAU4_004.flac
2026-09-17 20:32:18 [INFO]   var_db=20.1076 dB
2026-09-17 20:32:18 [INFO] [2787/4911] Processing: ZXl6sv6TAU4_005.flac
2026-09-17 20:32:21 [INFO]   var_db=14.9477 dB
2026-09-17 20:32:21 [INFO] [2788/4911] Processing: ZXl6sv6TAU4_006.flac
2026-09-17 20:32:27 [INFO]   var_db=16.2867 dB
2026-09-17 20:32:27 [INFO] [2789/4911] Processing: ZXl6sv6TAU4_007.flac
2026-09-17 20:32:36 [INFO]   var_db=19.2020 dB
2026-09-17 20:32:36 [INFO] [2790/4911] Processing: ZXl6sv6TAU4_008.flac
2026-09-17 20:32:37 [INFO]   var_db=11.1335 dB
2026-09-17 20:32:37 [INFO] [2791/4911] Processing: ZXl6sv6TAU4_009.flac
2026-09-17 20:32:39 [INFO]   var_db=14.0500 dB
2026-09-17 20:32:39 [INFO] [2792/4911] Processing: ZXl6sv6TAU4_010.flac
2026-09-17 20:32:43 [INFO]   var_db=15.8244 dB
2026-09-17 20:32:43 [INFO] [2793/4911] Processing: ZXl6sv6TAU4_011.flac
2026-09-17 20:32:46 [INFO]   var_db=16.9207 dB
2026-09-17 20:32:46 [INFO] [2794/4911] Processing: ZXl6sv6TAU4_012.flac
2026-09-17 20:32:48 [INFO]   var_db=20.8712 dB
2026-09-17 20:32:48 [INFO] [2795/4911] Processing: ZXl6sv6TAU4_013.flac
2026-09-17 20:32:49 [INFO]   var_db=42.6626 dB
2026-09-17 20:32:49 [INFO] [2796/4911] Processing: Zcd4ihNEu0U_000.flac
2026-09-17 20:32:51 [INFO]   var_db=44.6143 dB
2026-09-17 20:32:51 [INFO] [2797/4911] Processing: Zcd4ihNEu0U_001.flac
2026-09-17 20:32:58 [INFO]   var_db=14.8054 dB
2026-09-17 20:32:58 [INFO] [2798/4911] Processing: Zcd4ihNEu0U_002.flac
2026-09-17 20:32:59 [INFO]   var_db=43.4427 dB
2026-09-17 20:32:59 [INFO] [2799/4911] Processing: ZmSQd7naNi0_000.flac
2026-09-17 20:33:05 [INFO]   var_db=11.2807 dB
2026-09-17 20:33:05 [INFO] [2800/4911] Processing: ZmSQd7naNi0_001.flac
2026-09-17 20:33:09 [INFO]   var_db=8.3295 dB
2026-09-17 20:33:09 [INFO] [2801/4911] Processing: ZmSQd7naNi0_002.flac
2026-09-17 20:33:10 [INFO]   var_db=6.3231 dB
2026-09-17 20:33:10 [INFO] [2802/4911] Processing: Zv4HCXYAayY_000.flac
2026-09-17 20:33:16 [INFO]   var_db=11.0496 dB
2026-09-17 20:33:16 [INFO] [2803/4911] Processing: Zv4HCXYAayY_001.flac
2026-09-17 20:33:17 [INFO]   var_db=4.7673 dB
2026-09-17 20:33:17 [INFO] [2804/4911] Processing: Zv4HCXYAayY_002.flac
2026-09-17 20:33:18 [INFO]   var_db=6.4242 dB
2026-09-17 20:33:18 [INFO] [2805/4911] Processing: ZxkifjASQvo_000.flac
2026-09-17 20:33:24 [INFO]   var_db=12.1044 dB
2026-09-17 20:33:24 [INFO] [2806/4911] Processing: ZxkifjASQvo_001.flac
2026-09-17 20:33:29 [INFO]   var_db=7.6201 dB
2026-09-17 20:33:29 [INFO] [2807/4911] Processing: ZxkifjASQvo_002.flac
2026-09-17 20:33:31 [INFO]   var_db=17.6101 dB
2026-09-17 20:33:31 [INFO] [2808/4911] Processing: ZxkifjASQvo_003.flac
2026-09-17 20:33:32 [INFO]   var_db=10.0601 dB
2026-09-17 20:33:32 [INFO] [2809/4911] Processing: ZyoJBRKfpT4_000.flac
2026-09-17 20:33:34 [INFO]   var_db=6.5104 dB
2026-09-17 20:33:34 [INFO] [2810/4911] Processing: ZyoJBRKfpT4_001.flac
2026-09-17 20:33:35 [INFO]   var_db=4.6812 dB
2026-09-17 20:33:35 [INFO] [2811/4911] Processing: ZyoJBRKfpT4_002.flac
2026-09-17 20:33:36 [INFO]   var_db=2.1008 dB
2026-09-17 20:33:36 [INFO] [2812/4911] Processing: ZyoJBRKfpT4_003.flac
2026-09-17 20:33:37 [INFO]   var_db=2.9485 dB
2026-09-17 20:33:37 [INFO] [2813/4911] Processing: ZyoJBRKfpT4_004.flac
2026-09-17 20:33:40 [INFO]   var_db=3.7365 dB
2026-09-17 20:33:40 [INFO] [2814/4911] Processing: ZyoJBRKfpT4_005.flac
2026-09-17 20:33:41 [INFO]   var_db=6.3379 dB
2026-09-17 20:33:41 [INFO] [2815/4911] Processing: _1tbZHzRh6w_000.flac
2026-09-17 20:33:49 [INFO]   var_db=10.6242 dB
2026-09-17 20:33:49 [INFO] [2816/4911] Processing: _1tbZHzRh6w_001.flac
2026-09-17 20:33:50 [INFO]   var_db=18.9854 dB
2026-09-17 20:33:50 [INFO] [2817/4911] Processing: _1tbZHzRh6w_002.flac
2026-09-17 20:33:51 [INFO]   var_db=9.0573 dB
2026-09-17 20:33:51 [INFO] [2818/4911] Processing: _1tbZHzRh6w_003.flac
2026-09-17 20:33:55 [INFO]   var_db=8.9261 dB
2026-09-17 20:33:55 [INFO] [2819/4911] Processing: _1tbZHzRh6w_004.flac
2026-09-17 20:33:57 [INFO]   var_db=3.2464 dB
2026-09-17 20:33:57 [INFO] [2820/4911] Processing: _1tbZHzRh6w_005.flac
2026-09-17 20:33:58 [INFO]   var_db=6.2939 dB
2026-09-17 20:33:58 [INFO] [2821/4911] Processing: _CW_GxIMvZ8_000.flac
2026-09-17 20:34:01 [INFO]   var_db=44.6575 dB
2026-09-17 20:34:01 [INFO] [2822/4911] Processing: _CW_GxIMvZ8_001.flac
2026-09-17 20:34:03 [INFO]   var_db=21.5021 dB
2026-09-17 20:34:03 [INFO] [2823/4911] Processing: _CW_GxIMvZ8_002.flac
2026-09-17 20:34:04 [INFO]   var_db=43.0789 dB
2026-09-17 20:34:04 [INFO] [2824/4911] Processing: _MKywUp3-0E_000.flac
2026-09-17 20:34:06 [INFO]   var_db=37.3722 dB
2026-09-17 20:34:06 [INFO] [2825/4911] Processing: _MKywUp3-0E_001.flac
2026-09-17 20:34:08 [INFO]   var_db=41.4435 dB
2026-09-17 20:34:08 [INFO] [2826/4911] Processing: _MKywUp3-0E_002.flac
2026-09-17 20:34:10 [INFO]   var_db=3.6773 dB
2026-09-17 20:34:10 [INFO] [2827/4911] Processing: _MKywUp3-0E_003.flac
2026-09-17 20:34:12 [INFO]   var_db=6.3538 dB
2026-09-17 20:34:12 [INFO] [2828/4911] Processing: _ZKOMeSl9F0_000.flac
2026-09-17 20:34:19 [INFO]   var_db=12.4500 dB
2026-09-17 20:34:19 [INFO] [2829/4911] Processing: _ZKOMeSl9F0_001.flac
2026-09-17 20:34:27 [INFO]   var_db=7.4375 dB
2026-09-17 20:34:27 [INFO] [2830/4911] Processing: _ZKOMeSl9F0_002.flac
2026-09-17 20:34:35 [INFO]   var_db=13.1729 dB
2026-09-17 20:34:35 [INFO] [2831/4911] Processing: _ZKOMeSl9F0_003.flac
2026-09-17 20:34:36 [INFO]   var_db=6.2716 dB
2026-09-17 20:34:36 [INFO] [2832/4911] Processing: _dwdlOSiQKY_000.flac
2026-09-17 20:34:40 [INFO]   var_db=16.4706 dB
2026-09-17 20:34:40 [INFO] [2833/4911] Processing: _dwdlOSiQKY_001.flac
2026-09-17 20:34:41 [INFO]   var_db=4.8775 dB
2026-09-17 20:34:41 [INFO] [2834/4911] Processing: _dwdlOSiQKY_002.flac
2026-09-17 20:34:42 [INFO]   var_db=6.3447 dB
2026-09-17 20:34:42 [INFO] [2835/4911] Processing: _eL6hS9KBGs_000.flac
2026-09-17 20:34:50 [INFO]   var_db=6.8885 dB
2026-09-17 20:34:50 [INFO] [2836/4911] Processing: _eL6hS9KBGs_001.flac
2026-09-17 20:34:57 [INFO]   var_db=6.2855 dB
2026-09-17 20:34:57 [INFO] [2837/4911] Processing: _eL6hS9KBGs_002.flac
2026-09-17 20:35:01 [INFO]   var_db=8.9302 dB
2026-09-17 20:35:01 [INFO] [2838/4911] Processing: _eL6hS9KBGs_003.flac
2026-09-17 20:35:08 [INFO]   var_db=7.1521 dB
2026-09-17 20:35:08 [INFO] [2839/4911] Processing: _eL6hS9KBGs_004.flac
2026-09-17 20:35:09 [INFO]   var_db=5.9865 dB
2026-09-17 20:35:09 [INFO] [2840/4911] Processing: _eL6hS9KBGs_005.flac
2026-09-17 20:35:16 [INFO]   var_db=9.6671 dB
2026-09-17 20:35:16 [INFO] [2841/4911] Processing: _eL6hS9KBGs_006.flac
2026-09-17 20:35:24 [INFO]   var_db=8.4078 dB
2026-09-17 20:35:24 [INFO] [2842/4911] Processing: _eL6hS9KBGs_007.flac
2026-09-17 20:35:26 [INFO]   var_db=4.6508 dB
2026-09-17 20:35:26 [INFO] [2843/4911] Processing: _eL6hS9KBGs_008.flac
2026-09-17 20:35:27 [INFO]   var_db=6.2677 dB
2026-09-17 20:35:27 [INFO] [2844/4911] Processing: _nXeSpzB4BE_000.flac
2026-09-17 20:35:31 [INFO]   var_db=23.9001 dB
2026-09-17 20:35:31 [INFO] [2845/4911] Processing: _nXeSpzB4BE_001.flac
2026-09-17 20:35:40 [INFO]   var_db=12.1685 dB
2026-09-17 20:35:40 [INFO] [2846/4911] Processing: _nXeSpzB4BE_002.flac
2026-09-17 20:35:41 [INFO]   var_db=4.6559 dB
2026-09-17 20:35:41 [INFO] [2847/4911] Processing: _nXeSpzB4BE_003.flac
2026-09-17 20:35:42 [INFO]   var_db=6.3109 dB
2026-09-17 20:35:42 [INFO] [2848/4911] Processing: a5L4ABWx3cA_000.flac
2026-09-17 20:35:49 [INFO]   var_db=42.5422 dB
2026-09-17 20:35:49 [INFO] [2849/4911] Processing: a5L4ABWx3cA_001.flac
2026-09-17 20:35:50 [INFO]   var_db=35.4010 dB
2026-09-17 20:35:50 [INFO] [2850/4911] Processing: a5L4ABWx3cA_002.flac
2026-09-17 20:35:51 [INFO]   var_db=30.5975 dB
2026-09-17 20:35:51 [INFO] [2851/4911] Processing: a5L4ABWx3cA_003.flac
2026-09-17 20:35:53 [INFO]   var_db=43.5174 dB
2026-09-17 20:35:53 [INFO] [2852/4911] Processing: a9BeX-xILGo_000.flac
2026-09-17 20:36:00 [INFO]   var_db=12.3648 dB
2026-09-17 20:36:00 [INFO] [2853/4911] Processing: a9BeX-xILGo_001.flac
2026-09-17 20:36:03 [INFO]   var_db=3.5088 dB
2026-09-17 20:36:03 [INFO] [2854/4911] Processing: a9BeX-xILGo_002.flac
2026-09-17 20:36:04 [INFO]   var_db=6.3619 dB
2026-09-17 20:36:04 [INFO] [2855/4911] Processing: aKAdn_mUAKA_000.flac
2026-09-17 20:36:06 [INFO]   var_db=22.2506 dB
2026-09-17 20:36:06 [INFO] [2856/4911] Processing: aKAdn_mUAKA_001.flac
2026-09-17 20:36:08 [INFO]   var_db=37.4065 dB
2026-09-17 20:36:08 [INFO] [2857/4911] Processing: aKAdn_mUAKA_002.flac
2026-09-17 20:36:09 [INFO]   var_db=39.5220 dB
2026-09-17 20:36:09 [INFO] [2858/4911] Processing: aKAdn_mUAKA_003.flac
2026-09-17 20:36:10 [INFO]   var_db=38.9056 dB
2026-09-17 20:36:10 [INFO] [2859/4911] Processing: aKAdn_mUAKA_004.flac
2026-09-17 20:36:11 [INFO]   var_db=33.4948 dB
2026-09-17 20:36:11 [INFO] [2860/4911] Processing: aKAdn_mUAKA_005.flac
2026-09-17 20:36:13 [INFO]   var_db=36.0056 dB
2026-09-17 20:36:13 [INFO] [2861/4911] Processing: aKAdn_mUAKA_006.flac
2026-09-17 20:36:14 [INFO]   var_db=44.9136 dB
2026-09-17 20:36:14 [INFO] [2862/4911] Processing: aKAdn_mUAKA_007.flac
2026-09-17 20:36:16 [INFO]   var_db=48.6331 dB
2026-09-17 20:36:16 [INFO] [2863/4911] Processing: aKAdn_mUAKA_008.flac
2026-09-17 20:36:19 [INFO]   var_db=42.9685 dB
2026-09-17 20:36:19 [INFO] [2864/4911] Processing: aKAdn_mUAKA_009.flac
2026-09-17 20:36:21 [INFO]   var_db=24.4194 dB
2026-09-17 20:36:21 [INFO] [2865/4911] Processing: aKAdn_mUAKA_010.flac
2026-09-17 20:36:23 [INFO]   var_db=43.3137 dB
2026-09-17 20:36:23 [INFO] [2866/4911] Processing: aKAdn_mUAKA_011.flac
2026-09-17 20:36:25 [INFO]   var_db=46.5823 dB
2026-09-17 20:36:25 [INFO] [2867/4911] Processing: aKAdn_mUAKA_012.flac
2026-09-17 20:36:27 [INFO]   var_db=42.7944 dB
2026-09-17 20:36:27 [INFO] [2868/4911] Processing: aKAdn_mUAKA_013.flac
2026-09-17 20:36:28 [INFO]   var_db=44.8216 dB
2026-09-17 20:36:28 [INFO] [2869/4911] Processing: aKAdn_mUAKA_014.flac
2026-09-17 20:36:32 [INFO]   var_db=45.2049 dB
2026-09-17 20:36:32 [INFO] [2870/4911] Processing: aKAdn_mUAKA_015.flac
2026-09-17 20:36:33 [INFO]   var_db=42.6636 dB
2026-09-17 20:36:33 [INFO] [2871/4911] Processing: aKAdn_mUAKA_016.flac
2026-09-17 20:36:38 [INFO]   var_db=8.2871 dB
2026-09-17 20:36:38 [INFO] [2872/4911] Processing: aKAdn_mUAKA_017.flac
2026-09-17 20:36:43 [INFO]   var_db=19.8563 dB
2026-09-17 20:36:43 [INFO] [2873/4911] Processing: aKAdn_mUAKA_018.flac
2026-09-17 20:36:48 [INFO]   var_db=46.4578 dB
2026-09-17 20:36:48 [INFO] [2874/4911] Processing: aKAdn_mUAKA_019.flac
2026-09-17 20:36:50 [INFO]   var_db=36.4222 dB
2026-09-17 20:36:50 [INFO] [2875/4911] Processing: aKAdn_mUAKA_020.flac
2026-09-17 20:36:54 [INFO]   var_db=23.2830 dB
2026-09-17 20:36:54 [INFO] [2876/4911] Processing: aKAdn_mUAKA_021.flac
2026-09-17 20:36:56 [INFO]   var_db=33.6472 dB
2026-09-17 20:36:56 [INFO] [2877/4911] Processing: aKAdn_mUAKA_022.flac
2026-09-17 20:37:00 [INFO]   var_db=42.8839 dB
2026-09-17 20:37:00 [INFO] [2878/4911] Processing: aKAdn_mUAKA_023.flac
2026-09-17 20:37:07 [INFO]   var_db=12.9081 dB
2026-09-17 20:37:07 [INFO] [2879/4911] Processing: aKAdn_mUAKA_024.flac
2026-09-17 20:37:10 [INFO]   var_db=36.9409 dB
2026-09-17 20:37:10 [INFO] [2880/4911] Processing: aKAdn_mUAKA_025.flac
2026-09-17 20:37:11 [INFO]   var_db=-45.8684 dB
2026-09-17 20:37:11 [INFO] [2881/4911] Processing: aKAdn_mUAKA_026.flac
2026-09-17 20:37:12 [INFO]   var_db=40.3992 dB
2026-09-17 20:37:12 [INFO] [2882/4911] Processing: aKAdn_mUAKA_027.flac
2026-09-17 20:37:13 [INFO]   var_db=12.6757 dB
2026-09-17 20:37:13 [INFO] [2883/4911] Processing: aKAdn_mUAKA_028.flac
2026-09-17 20:37:15 [INFO]   var_db=-7.6198 dB
2026-09-17 20:37:15 [INFO] [2884/4911] Processing: aKAdn_mUAKA_029.flac
2026-09-17 20:37:17 [INFO]   var_db=39.3955 dB
2026-09-17 20:37:17 [INFO] [2885/4911] Processing: aKAdn_mUAKA_030.flac
2026-09-17 20:37:22 [INFO]   var_db=29.3206 dB
2026-09-17 20:37:22 [INFO] [2886/4911] Processing: aKAdn_mUAKA_031.flac
2026-09-17 20:37:25 [INFO]   var_db=27.9116 dB
2026-09-17 20:37:25 [INFO] [2887/4911] Processing: aKAdn_mUAKA_032.flac
2026-09-17 20:37:27 [INFO]   var_db=32.9029 dB
2026-09-17 20:37:27 [INFO] [2888/4911] Processing: aKAdn_mUAKA_033.flac
2026-09-17 20:37:29 [INFO]   var_db=43.7463 dB
2026-09-17 20:37:29 [INFO] [2889/4911] Processing: aMDLcjgAuOs_000.flac
2026-09-17 20:37:30 [INFO]   var_db=16.1284 dB
2026-09-17 20:37:30 [INFO] [2890/4911] Processing: aMDLcjgAuOs_001.flac
2026-09-17 20:37:31 [INFO]   var_db=20.7596 dB
2026-09-17 20:37:31 [INFO] [2891/4911] Processing: aMDLcjgAuOs_002.flac
2026-09-17 20:37:35 [INFO]   var_db=9.6132 dB
2026-09-17 20:37:35 [INFO] [2892/4911] Processing: aMDLcjgAuOs_003.flac
2026-09-17 20:37:37 [INFO]   var_db=8.9632 dB
2026-09-17 20:37:37 [INFO] [2893/4911] Processing: aMDLcjgAuOs_004.flac
2026-09-17 20:37:38 [INFO]   var_db=6.8672 dB
2026-09-17 20:37:38 [INFO] [2894/4911] Processing: aMDLcjgAuOs_005.flac
2026-09-17 20:37:42 [INFO]   var_db=6.2527 dB
2026-09-17 20:37:42 [INFO] [2895/4911] Processing: aMDLcjgAuOs_006.flac
2026-09-17 20:37:44 [INFO]   var_db=7.4225 dB
2026-09-17 20:37:44 [INFO] [2896/4911] Processing: aMDLcjgAuOs_007.flac
2026-09-17 20:37:48 [INFO]   var_db=7.1815 dB
2026-09-17 20:37:48 [INFO] [2897/4911] Processing: aMDLcjgAuOs_008.flac
2026-09-17 20:37:54 [INFO]   var_db=8.1652 dB
2026-09-17 20:37:54 [INFO] [2898/4911] Processing: aMDLcjgAuOs_009.flac
2026-09-17 20:37:58 [INFO]   var_db=6.9122 dB
2026-09-17 20:37:58 [INFO] [2899/4911] Processing: aMDLcjgAuOs_010.flac
2026-09-17 20:38:00 [INFO]   var_db=5.7387 dB
2026-09-17 20:38:00 [INFO] [2900/4911] Processing: aMDLcjgAuOs_011.flac
2026-09-17 20:38:05 [INFO]   var_db=11.7983 dB
2026-09-17 20:38:05 [INFO] [2901/4911] Processing: aMDLcjgAuOs_012.flac
2026-09-17 20:38:12 [INFO]   var_db=8.3132 dB
2026-09-17 20:38:12 [INFO] [2902/4911] Processing: aMDLcjgAuOs_013.flac
2026-09-17 20:38:13 [INFO]   var_db=6.2759 dB
2026-09-17 20:38:13 [INFO] [2903/4911] Processing: aTEVklcre_U_000.flac
2026-09-17 20:38:16 [INFO]   var_db=25.9681 dB
2026-09-17 20:38:16 [INFO] [2904/4911] Processing: aTEVklcre_U_001.flac
2026-09-17 20:38:19 [INFO]   var_db=4.4343 dB
2026-09-17 20:38:19 [INFO] [2905/4911] Processing: aTEVklcre_U_002.flac
2026-09-17 20:38:20 [INFO]   var_db=6.3170 dB
2026-09-17 20:38:20 [INFO] [2906/4911] Processing: aVO__VrMWVE_000.flac
2026-09-17 20:38:22 [INFO]   var_db=9.3357 dB
2026-09-17 20:38:22 [INFO] [2907/4911] Processing: aVO__VrMWVE_001.flac
2026-09-17 20:38:25 [INFO]   var_db=9.7268 dB
2026-09-17 20:38:25 [INFO] [2908/4911] Processing: aVO__VrMWVE_002.flac
2026-09-17 20:38:29 [INFO]   var_db=7.9924 dB
2026-09-17 20:38:29 [INFO] [2909/4911] Processing: aVO__VrMWVE_003.flac
2026-09-17 20:38:36 [INFO]   var_db=9.2045 dB
2026-09-17 20:38:36 [INFO] [2910/4911] Processing: aVO__VrMWVE_004.flac
2026-09-17 20:38:39 [INFO]   var_db=12.7650 dB
2026-09-17 20:38:39 [INFO] [2911/4911] Processing: aVO__VrMWVE_005.flac
2026-09-17 20:38:42 [INFO]   var_db=20.8591 dB
2026-09-17 20:38:42 [INFO] [2912/4911] Processing: aVO__VrMWVE_006.flac
2026-09-17 20:38:43 [INFO]   var_db=43.4310 dB
2026-09-17 20:38:43 [INFO] [2913/4911] Processing: abLpB3cQe0c_000.flac
2026-09-17 20:38:46 [INFO]   var_db=42.4263 dB
2026-09-17 20:38:46 [INFO] [2914/4911] Processing: abLpB3cQe0c_001.flac
2026-09-17 20:38:47 [INFO]   var_db=44.1247 dB
2026-09-17 20:38:47 [INFO] [2915/4911] Processing: abLpB3cQe0c_002.flac
2026-09-17 20:38:48 [INFO]   var_db=13.7522 dB
2026-09-17 20:38:48 [INFO] [2916/4911] Processing: abLpB3cQe0c_003.flac
2026-09-17 20:38:49 [INFO]   var_db=11.8670 dB
2026-09-17 20:38:49 [INFO] [2917/4911] Processing: abLpB3cQe0c_004.flac
2026-09-17 20:38:52 [INFO]   var_db=11.5312 dB
2026-09-17 20:38:52 [INFO] [2918/4911] Processing: abLpB3cQe0c_005.flac
2026-09-17 20:38:53 [INFO]   var_db=11.6560 dB
2026-09-17 20:38:53 [INFO] [2919/4911] Processing: abLpB3cQe0c_006.flac
2026-09-17 20:38:54 [INFO]   var_db=10.8602 dB
2026-09-17 20:38:54 [INFO] [2920/4911] Processing: abLpB3cQe0c_007.flac
2026-09-17 20:38:59 [INFO]   var_db=11.9103 dB
2026-09-17 20:38:59 [INFO] [2921/4911] Processing: abLpB3cQe0c_008.flac
2026-09-17 20:39:02 [INFO]   var_db=9.3851 dB
2026-09-17 20:39:02 [INFO] [2922/4911] Processing: abLpB3cQe0c_009.flac
2026-09-17 20:39:04 [INFO]   var_db=13.7111 dB
2026-09-17 20:39:04 [INFO] [2923/4911] Processing: abLpB3cQe0c_010.flac
2026-09-17 20:39:06 [INFO]   var_db=8.6898 dB
2026-09-17 20:39:06 [INFO] [2924/4911] Processing: abLpB3cQe0c_011.flac
2026-09-17 20:39:08 [INFO]   var_db=12.6417 dB
2026-09-17 20:39:08 [INFO] [2925/4911] Processing: abLpB3cQe0c_012.flac
2026-09-17 20:39:09 [INFO]   var_db=15.1700 dB
2026-09-17 20:39:09 [INFO] [2926/4911] Processing: abLpB3cQe0c_013.flac
2026-09-17 20:39:10 [INFO]   var_db=12.2022 dB
2026-09-17 20:39:10 [INFO] [2927/4911] Processing: abLpB3cQe0c_014.flac
2026-09-17 20:39:13 [INFO]   var_db=20.1962 dB
2026-09-17 20:39:13 [INFO] [2928/4911] Processing: abLpB3cQe0c_015.flac
2026-09-17 20:39:14 [INFO]   var_db=43.1380 dB
2026-09-17 20:39:14 [INFO] [2929/4911] Processing: adnjR-MPkAI_000.flac
2026-09-17 20:39:15 [INFO]   var_db=19.0152 dB
2026-09-17 20:39:15 [INFO] [2930/4911] Processing: adnjR-MPkAI_001.flac
2026-09-17 20:39:16 [INFO]   var_db=18.3772 dB
2026-09-17 20:39:16 [INFO] [2931/4911] Processing: adnjR-MPkAI_002.flac
2026-09-17 20:39:18 [INFO]   var_db=9.1591 dB
2026-09-17 20:39:18 [INFO] [2932/4911] Processing: adnjR-MPkAI_003.flac
2026-09-17 20:39:19 [INFO]   var_db=6.0854 dB
2026-09-17 20:39:19 [INFO] [2933/4911] Processing: adnjR-MPkAI_004.flac
2026-09-17 20:39:20 [INFO]   var_db=8.9050 dB
2026-09-17 20:39:20 [INFO] [2934/4911] Processing: adnjR-MPkAI_005.flac
2026-09-17 20:39:21 [INFO]   var_db=8.0841 dB
2026-09-17 20:39:21 [INFO] [2935/4911] Processing: adnjR-MPkAI_006.flac
2026-09-17 20:39:24 [INFO]   var_db=7.9465 dB
2026-09-17 20:39:24 [INFO] [2936/4911] Processing: adnjR-MPkAI_007.flac
2026-09-17 20:39:25 [INFO]   var_db=7.0237 dB
2026-09-17 20:39:25 [INFO] [2937/4911] Processing: adnjR-MPkAI_008.flac
2026-09-17 20:39:27 [INFO]   var_db=10.6215 dB
2026-09-17 20:39:27 [INFO] [2938/4911] Processing: adnjR-MPkAI_009.flac
2026-09-17 20:39:31 [INFO]   var_db=5.5849 dB
2026-09-17 20:39:31 [INFO] [2939/4911] Processing: adnjR-MPkAI_010.flac
2026-09-17 20:39:32 [INFO]   var_db=6.2716 dB
2026-09-17 20:39:32 [INFO] [2940/4911] Processing: ahl9j91UU30_000.flac
2026-09-17 20:39:33 [INFO]   var_db=7.0434 dB
2026-09-17 20:39:33 [INFO] [2941/4911] Processing: ahl9j91UU30_001.flac
2026-09-17 20:39:34 [INFO]   var_db=0.3842 dB
2026-09-17 20:39:34 [INFO] [2942/4911] Processing: ahl9j91UU30_002.flac
2026-09-17 20:39:35 [INFO]   var_db=2.0049 dB
2026-09-17 20:39:35 [INFO] [2943/4911] Processing: ahl9j91UU30_003.flac
2026-09-17 20:39:39 [INFO]   var_db=3.1525 dB
2026-09-17 20:39:39 [INFO] [2944/4911] Processing: ahl9j91UU30_004.flac
2026-09-17 20:39:40 [INFO]   var_db=5.6553 dB
2026-09-17 20:39:40 [INFO] [2945/4911] Processing: ahl9j91UU30_005.flac
2026-09-17 20:39:42 [INFO]   var_db=5.5903 dB
2026-09-17 20:39:42 [INFO] [2946/4911] Processing: ahl9j91UU30_006.flac
2026-09-17 20:39:49 [INFO]   var_db=5.3350 dB
2026-09-17 20:39:49 [INFO] [2947/4911] Processing: ahl9j91UU30_007.flac
2026-09-17 20:39:53 [INFO]   var_db=4.3179 dB
2026-09-17 20:39:53 [INFO] [2948/4911] Processing: ahl9j91UU30_008.flac
2026-09-17 20:40:01 [INFO]   var_db=4.1930 dB
2026-09-17 20:40:01 [INFO] [2949/4911] Processing: ahl9j91UU30_009.flac
2026-09-17 20:40:04 [INFO]   var_db=22.1058 dB
2026-09-17 20:40:04 [INFO] [2950/4911] Processing: ahl9j91UU30_010.flac
2026-09-17 20:40:05 [INFO]   var_db=42.2233 dB
2026-09-17 20:40:05 [INFO] [2951/4911] Processing: am5t5f9S3Z8_000.flac
2026-09-17 20:40:10 [INFO]   var_db=13.2834 dB
2026-09-17 20:40:10 [INFO] [2952/4911] Processing: am5t5f9S3Z8_001.flac
2026-09-17 20:40:18 [INFO]   var_db=10.2649 dB
2026-09-17 20:40:18 [INFO] [2953/4911] Processing: am5t5f9S3Z8_002.flac
2026-09-17 20:40:21 [INFO]   var_db=47.4477 dB
2026-09-17 20:40:21 [INFO] [2954/4911] Processing: am5t5f9S3Z8_003.flac
2026-09-17 20:40:27 [INFO]   var_db=49.2239 dB
2026-09-17 20:40:27 [INFO] [2955/4911] Processing: am5t5f9S3Z8_004.flac
2026-09-17 20:40:33 [INFO]   var_db=49.3998 dB
2026-09-17 20:40:33 [INFO] [2956/4911] Processing: am5t5f9S3Z8_005.flac
2026-09-17 20:40:39 [INFO]   var_db=49.7017 dB
2026-09-17 20:40:39 [INFO] [2957/4911] Processing: am5t5f9S3Z8_006.flac
2026-09-17 20:40:44 [INFO]   var_db=48.0229 dB
2026-09-17 20:40:44 [INFO] [2958/4911] Processing: am5t5f9S3Z8_007.flac
2026-09-17 20:40:48 [INFO]   var_db=7.8340 dB
2026-09-17 20:40:48 [INFO] [2959/4911] Processing: am5t5f9S3Z8_008.flac
2026-09-17 20:40:49 [INFO]   var_db=6.3172 dB
2026-09-17 20:40:49 [INFO] [2960/4911] Processing: apbsLp3NA1M_000.flac
2026-09-17 20:40:50 [INFO]   var_db=13.3473 dB
2026-09-17 20:40:50 [INFO] [2961/4911] Processing: apbsLp3NA1M_001.flac
2026-09-17 20:40:52 [INFO]   var_db=11.8614 dB
2026-09-17 20:40:52 [INFO] [2962/4911] Processing: apbsLp3NA1M_002.flac
2026-09-17 20:40:55 [INFO]   var_db=9.1160 dB
2026-09-17 20:40:55 [INFO] [2963/4911] Processing: apbsLp3NA1M_003.flac
2026-09-17 20:40:59 [INFO]   var_db=3.9547 dB
2026-09-17 20:40:59 [INFO] [2964/4911] Processing: apbsLp3NA1M_004.flac
2026-09-17 20:41:04 [INFO]   var_db=2.5512 dB
2026-09-17 20:41:04 [INFO] [2965/4911] Processing: apbsLp3NA1M_005.flac
2026-09-17 20:41:12 [INFO]   var_db=1.6840 dB
2026-09-17 20:41:12 [INFO] [2966/4911] Processing: apbsLp3NA1M_006.flac
2026-09-17 20:41:16 [INFO]   var_db=5.8705 dB
2026-09-17 20:41:16 [INFO] [2967/4911] Processing: apbsLp3NA1M_007.flac
2026-09-17 20:41:22 [INFO]   var_db=2.5010 dB
2026-09-17 20:41:22 [INFO] [2968/4911] Processing: apbsLp3NA1M_008.flac
2026-09-17 20:41:24 [INFO]   var_db=4.0466 dB
2026-09-17 20:41:24 [INFO] [2969/4911] Processing: apbsLp3NA1M_009.flac
2026-09-17 20:41:27 [INFO]   var_db=5.3019 dB
2026-09-17 20:41:27 [INFO] [2970/4911] Processing: apbsLp3NA1M_010.flac
2026-09-17 20:41:29 [INFO]   var_db=9.8660 dB
2026-09-17 20:41:29 [INFO] [2971/4911] Processing: apbsLp3NA1M_011.flac
2026-09-17 20:41:30 [INFO]   var_db=43.0426 dB
2026-09-17 20:41:30 [INFO] [2972/4911] Processing: aucZvpth7pA_000.flac
2026-09-17 20:41:33 [INFO]   var_db=41.4309 dB
2026-09-17 20:41:33 [INFO] [2973/4911] Processing: aucZvpth7pA_001.flac
2026-09-17 20:41:35 [INFO]   var_db=38.1711 dB
2026-09-17 20:41:35 [INFO] [2974/4911] Processing: aucZvpth7pA_002.flac
2026-09-17 20:41:38 [INFO]   var_db=8.7573 dB
2026-09-17 20:41:38 [INFO] [2975/4911] Processing: aucZvpth7pA_003.flac
2026-09-17 20:41:39 [INFO]   var_db=8.1396 dB
2026-09-17 20:41:39 [INFO] [2976/4911] Processing: aucZvpth7pA_004.flac
2026-09-17 20:41:41 [INFO]   var_db=7.1386 dB
2026-09-17 20:41:41 [INFO] [2977/4911] Processing: aucZvpth7pA_005.flac
2026-09-17 20:41:50 [INFO]   var_db=9.4640 dB
2026-09-17 20:41:50 [INFO] [2978/4911] Processing: aucZvpth7pA_006.flac
2026-09-17 20:41:51 [INFO]   var_db=43.9144 dB
2026-09-17 20:41:51 [INFO] [2979/4911] Processing: aucZvpth7pA_007.flac
2026-09-17 20:41:52 [INFO]   var_db=43.1799 dB
2026-09-17 20:41:52 [INFO] [2980/4911] Processing: b1u2bztBNdw_000.flac
2026-09-17 20:41:55 [INFO]   var_db=17.5617 dB
2026-09-17 20:41:55 [INFO] [2981/4911] Processing: b1u2bztBNdw_001.flac
2026-09-17 20:42:01 [INFO]   var_db=8.2969 dB
2026-09-17 20:42:01 [INFO] [2982/4911] Processing: b1u2bztBNdw_002.flac
2026-09-17 20:42:05 [INFO]   var_db=10.9860 dB
2026-09-17 20:42:05 [INFO] [2983/4911] Processing: b1u2bztBNdw_003.flac
2026-09-17 20:42:06 [INFO]   var_db=14.5698 dB
2026-09-17 20:42:06 [INFO] [2984/4911] Processing: b1u2bztBNdw_004.flac
2026-09-17 20:42:09 [INFO]   var_db=11.4070 dB
2026-09-17 20:42:09 [INFO] [2985/4911] Processing: b1u2bztBNdw_005.flac
2026-09-17 20:42:10 [INFO]   var_db=41.0027 dB
2026-09-17 20:42:10 [INFO] [2986/4911] Processing: b7my089a90U_000.flac
2026-09-17 20:42:14 [INFO]   var_db=16.0013 dB
2026-09-17 20:42:14 [INFO] [2987/4911] Processing: b7my089a90U_001.flac
2026-09-17 20:42:18 [INFO]   var_db=17.3710 dB
2026-09-17 20:42:18 [INFO] [2988/4911] Processing: b7my089a90U_002.flac
2026-09-17 20:42:22 [INFO]   var_db=14.9900 dB
2026-09-17 20:42:22 [INFO] [2989/4911] Processing: b7my089a90U_003.flac
2026-09-17 20:42:26 [INFO]   var_db=20.1402 dB
2026-09-17 20:42:26 [INFO] [2990/4911] Processing: b7my089a90U_004.flac
2026-09-17 20:42:30 [INFO]   var_db=19.8032 dB
2026-09-17 20:42:30 [INFO] [2991/4911] Processing: b7my089a90U_005.flac
2026-09-17 20:42:34 [INFO]   var_db=16.8143 dB
2026-09-17 20:42:34 [INFO] [2992/4911] Processing: b7my089a90U_006.flac
2026-09-17 20:42:39 [INFO]   var_db=14.8754 dB
2026-09-17 20:42:39 [INFO] [2993/4911] Processing: b7my089a90U_007.flac
2026-09-17 20:42:40 [INFO]   var_db=8.0080 dB
2026-09-17 20:42:40 [INFO] [2994/4911] Processing: b9A0OA0DWNY_000.flac
2026-09-17 20:42:42 [INFO]   var_db=29.6379 dB
2026-09-17 20:42:42 [INFO] [2995/4911] Processing: b9A0OA0DWNY_001.flac
2026-09-17 20:42:43 [INFO]   var_db=24.5393 dB
2026-09-17 20:42:43 [INFO] [2996/4911] Processing: b9A0OA0DWNY_002.flac
2026-09-17 20:42:45 [INFO]   var_db=2.0801 dB
2026-09-17 20:42:45 [INFO] [2997/4911] Processing: b9A0OA0DWNY_003.flac
2026-09-17 20:42:46 [INFO]   var_db=25.9872 dB
2026-09-17 20:42:46 [INFO] [2998/4911] Processing: b9A0OA0DWNY_004.flac
2026-09-17 20:42:49 [INFO]   var_db=19.8937 dB
2026-09-17 20:42:49 [INFO] [2999/4911] Processing: b9A0OA0DWNY_005.flac
2026-09-17 20:42:50 [INFO]   var_db=21.5625 dB
2026-09-17 20:42:50 [INFO] [3000/4911] Processing: b9A0OA0DWNY_006.flac
2026-09-17 20:42:51 [INFO]   var_db=18.4838 dB
2026-09-17 20:42:51 [INFO] [3001/4911] Processing: b9A0OA0DWNY_007.flac
2026-09-17 20:42:53 [INFO]   var_db=14.9319 dB
2026-09-17 20:42:53 [INFO] [3002/4911] Processing: b9A0OA0DWNY_008.flac
2026-09-17 20:42:54 [INFO]   var_db=15.2595 dB
2026-09-17 20:42:54 [INFO] [3003/4911] Processing: b9A0OA0DWNY_009.flac
2026-09-17 20:42:56 [INFO]   var_db=16.3948 dB
2026-09-17 20:42:56 [INFO] [3004/4911] Processing: b9A0OA0DWNY_010.flac
2026-09-17 20:42:58 [INFO]   var_db=15.7773 dB
2026-09-17 20:42:58 [INFO] [3005/4911] Processing: b9A0OA0DWNY_011.flac
2026-09-17 20:42:59 [INFO]   var_db=14.3511 dB
2026-09-17 20:42:59 [INFO] [3006/4911] Processing: b9A0OA0DWNY_012.flac
2026-09-17 20:43:00 [INFO]   var_db=19.5340 dB
2026-09-17 20:43:00 [INFO] [3007/4911] Processing: b9A0OA0DWNY_013.flac
2026-09-17 20:43:04 [INFO]   var_db=30.6584 dB
2026-09-17 20:43:04 [INFO] [3008/4911] Processing: b9A0OA0DWNY_014.flac
2026-09-17 20:43:06 [INFO]   var_db=43.0761 dB
2026-09-17 20:43:06 [INFO] [3009/4911] Processing: bLPcb0JEuQU_000.flac
2026-09-17 20:43:08 [INFO]   var_db=43.6284 dB
2026-09-17 20:43:08 [INFO] [3010/4911] Processing: bLPcb0JEuQU_001.flac
2026-09-17 20:43:13 [INFO]   var_db=17.1695 dB
2026-09-17 20:43:13 [INFO] [3011/4911] Processing: bLPcb0JEuQU_002.flac
2026-09-17 20:43:19 [INFO]   var_db=14.3018 dB
2026-09-17 20:43:19 [INFO] [3012/4911] Processing: bLPcb0JEuQU_003.flac
2026-09-17 20:43:21 [INFO]   var_db=17.2615 dB
2026-09-17 20:43:21 [INFO] [3013/4911] Processing: bLPcb0JEuQU_004.flac
2026-09-17 20:43:23 [INFO]   var_db=18.5554 dB
2026-09-17 20:43:23 [INFO] [3014/4911] Processing: bLPcb0JEuQU_005.flac
2026-09-17 20:43:26 [INFO]   var_db=15.4101 dB
2026-09-17 20:43:26 [INFO] [3015/4911] Processing: bLPcb0JEuQU_006.flac
2026-09-17 20:43:29 [INFO]   var_db=19.7571 dB
2026-09-17 20:43:29 [INFO] [3016/4911] Processing: bLPcb0JEuQU_007.flac
2026-09-17 20:43:34 [INFO]   var_db=16.7414 dB
2026-09-17 20:43:34 [INFO] [3017/4911] Processing: bLPcb0JEuQU_008.flac
2026-09-17 20:43:37 [INFO]   var_db=17.5034 dB
2026-09-17 20:43:37 [INFO] [3018/4911] Processing: bLPcb0JEuQU_009.flac
2026-09-17 20:43:41 [INFO]   var_db=15.5206 dB
2026-09-17 20:43:41 [INFO] [3019/4911] Processing: bLPcb0JEuQU_010.flac
2026-09-17 20:43:44 [INFO]   var_db=15.1927 dB
2026-09-17 20:43:44 [INFO] [3020/4911] Processing: bLPcb0JEuQU_011.flac
2026-09-17 20:43:46 [INFO]   var_db=13.3413 dB
2026-09-17 20:43:46 [INFO] [3021/4911] Processing: bLPcb0JEuQU_012.flac
2026-09-17 20:43:50 [INFO]   var_db=17.3472 dB
2026-09-17 20:43:50 [INFO] [3022/4911] Processing: bLPcb0JEuQU_013.flac
2026-09-17 20:43:53 [INFO]   var_db=16.5150 dB
2026-09-17 20:43:53 [INFO] [3023/4911] Processing: bLPcb0JEuQU_014.flac
2026-09-17 20:43:56 [INFO]   var_db=15.2080 dB
2026-09-17 20:43:56 [INFO] [3024/4911] Processing: bLPcb0JEuQU_015.flac
2026-09-17 20:43:57 [INFO]   var_db=18.7391 dB
2026-09-17 20:43:57 [INFO] [3025/4911] Processing: bLPcb0JEuQU_016.flac
2026-09-17 20:43:59 [INFO]   var_db=16.4895 dB
2026-09-17 20:43:59 [INFO] [3026/4911] Processing: bLPcb0JEuQU_017.flac
2026-09-17 20:44:01 [INFO]   var_db=11.2457 dB
2026-09-17 20:44:01 [INFO] [3027/4911] Processing: bLPcb0JEuQU_018.flac
2026-09-17 20:44:04 [INFO]   var_db=16.6387 dB
2026-09-17 20:44:04 [INFO] [3028/4911] Processing: bLPcb0JEuQU_019.flac
2026-09-17 20:44:07 [INFO]   var_db=22.7434 dB
2026-09-17 20:44:07 [INFO] [3029/4911] Processing: bLPcb0JEuQU_020.flac
2026-09-17 20:44:08 [INFO]   var_db=42.7785 dB
2026-09-17 20:44:08 [INFO] [3030/4911] Processing: bOPZAme1kGA_000.flac
2026-09-17 20:44:13 [INFO]   var_db=12.9952 dB
2026-09-17 20:44:13 [INFO] [3031/4911] Processing: bOPZAme1kGA_001.flac
2026-09-17 20:44:21 [INFO]   var_db=7.0233 dB
2026-09-17 20:44:21 [INFO] [3032/4911] Processing: bOPZAme1kGA_002.flac
2026-09-17 20:44:30 [INFO]   var_db=4.7913 dB
2026-09-17 20:44:30 [INFO] [3033/4911] Processing: bOPZAme1kGA_003.flac
2026-09-17 20:44:35 [INFO]   var_db=6.1575 dB
2026-09-17 20:44:35 [INFO] [3034/4911] Processing: bOPZAme1kGA_004.flac
2026-09-17 20:44:42 [INFO]   var_db=7.9298 dB
2026-09-17 20:44:42 [INFO] [3035/4911] Processing: bOPZAme1kGA_005.flac
2026-09-17 20:44:43 [INFO]   var_db=6.3489 dB
2026-09-17 20:44:43 [INFO] [3036/4911] Processing: bV9ttkn0vCo_000.flac
2026-09-17 20:44:45 [INFO]   var_db=11.6273 dB
2026-09-17 20:44:45 [INFO] [3037/4911] Processing: bV9ttkn0vCo_001.flac
2026-09-17 20:44:48 [INFO]   var_db=3.5917 dB
2026-09-17 20:44:48 [INFO] [3038/4911] Processing: bV9ttkn0vCo_002.flac
2026-09-17 20:44:49 [INFO]   var_db=6.3815 dB
2026-09-17 20:44:49 [INFO] [3039/4911] Processing: bWLJ15GJdxs_000.flac
2026-09-17 20:44:51 [INFO]   var_db=16.5972 dB
2026-09-17 20:44:51 [INFO] [3040/4911] Processing: bWLJ15GJdxs_001.flac
2026-09-17 20:44:56 [INFO]   var_db=6.9678 dB
2026-09-17 20:44:56 [INFO] [3041/4911] Processing: bWLJ15GJdxs_002.flac
2026-09-17 20:45:00 [INFO]   var_db=36.7696 dB
2026-09-17 20:45:00 [INFO] [3042/4911] Processing: bWLJ15GJdxs_003.flac
2026-09-17 20:45:01 [INFO]   var_db=10.4769 dB
2026-09-17 20:45:01 [INFO] [3043/4911] Processing: bWLJ15GJdxs_004.flac
2026-09-17 20:45:04 [INFO]   var_db=13.5160 dB
2026-09-17 20:45:04 [INFO] [3044/4911] Processing: bWLJ15GJdxs_005.flac
2026-09-17 20:45:05 [INFO]   var_db=20.0721 dB
2026-09-17 20:45:05 [INFO] [3045/4911] Processing: bWLJ15GJdxs_006.flac
2026-09-17 20:45:06 [INFO]   var_db=8.2623 dB
2026-09-17 20:45:06 [INFO] [3046/4911] Processing: bWLJ15GJdxs_007.flac
2026-09-17 20:45:09 [INFO]   var_db=7.9072 dB
2026-09-17 20:45:09 [INFO] [3047/4911] Processing: bWLJ15GJdxs_008.flac
2026-09-17 20:45:10 [INFO]   var_db=10.3749 dB
2026-09-17 20:45:10 [INFO] [3048/4911] Processing: bWLJ15GJdxs_009.flac
2026-09-17 20:45:12 [INFO]   var_db=10.1977 dB
2026-09-17 20:45:12 [INFO] [3049/4911] Processing: bWLJ15GJdxs_010.flac
2026-09-17 20:45:15 [INFO]   var_db=13.9937 dB
2026-09-17 20:45:15 [INFO] [3050/4911] Processing: bWLJ15GJdxs_011.flac
2026-09-17 20:45:17 [INFO]   var_db=7.6261 dB
2026-09-17 20:45:17 [INFO] [3051/4911] Processing: bWLJ15GJdxs_012.flac
2026-09-17 20:45:21 [INFO]   var_db=9.2120 dB
2026-09-17 20:45:21 [INFO] [3052/4911] Processing: bWLJ15GJdxs_013.flac
2026-09-17 20:45:24 [INFO]   var_db=14.0251 dB
2026-09-17 20:45:24 [INFO] [3053/4911] Processing: bWLJ15GJdxs_014.flac
2026-09-17 20:45:26 [INFO]   var_db=13.3075 dB
2026-09-17 20:45:26 [INFO] [3054/4911] Processing: bWLJ15GJdxs_015.flac
2026-09-17 20:45:31 [INFO]   var_db=9.8081 dB
2026-09-17 20:45:31 [INFO] [3055/4911] Processing: bWLJ15GJdxs_016.flac
2026-09-17 20:45:34 [INFO]   var_db=3.4719 dB
2026-09-17 20:45:34 [INFO] [3056/4911] Processing: bWLJ15GJdxs_017.flac
2026-09-17 20:45:35 [INFO]   var_db=6.2337 dB
2026-09-17 20:45:35 [INFO] [3057/4911] Processing: bWOtkWFeuxA_000.flac
2026-09-17 20:45:38 [INFO]   var_db=15.0172 dB
2026-09-17 20:45:38 [INFO] [3058/4911] Processing: bWOtkWFeuxA_001.flac
2026-09-17 20:45:39 [INFO]   var_db=18.2712 dB
2026-09-17 20:45:39 [INFO] [3059/4911] Processing: bWOtkWFeuxA_002.flac
2026-09-17 20:45:41 [INFO]   var_db=3.4168 dB
2026-09-17 20:45:41 [INFO] [3060/4911] Processing: bWOtkWFeuxA_003.flac
2026-09-17 20:45:42 [INFO]   var_db=6.3098 dB
2026-09-17 20:45:42 [INFO] [3061/4911] Processing: bcl_x1qdZv0_000.flac
2026-09-17 20:45:51 [INFO]   var_db=11.8917 dB
2026-09-17 20:45:51 [INFO] [3062/4911] Processing: bcl_x1qdZv0_001.flac
2026-09-17 20:45:55 [INFO]   var_db=4.5808 dB
2026-09-17 20:45:55 [INFO] [3063/4911] Processing: bcl_x1qdZv0_002.flac
2026-09-17 20:45:56 [INFO]   var_db=6.3161 dB
2026-09-17 20:45:56 [INFO] [3064/4911] Processing: bf4_37oPUw0_000.flac
2026-09-17 20:46:03 [INFO]   var_db=11.1592 dB
2026-09-17 20:46:03 [INFO] [3065/4911] Processing: bf4_37oPUw0_001.flac
2026-09-17 20:46:10 [INFO]   var_db=15.8208 dB
2026-09-17 20:46:10 [INFO] [3066/4911] Processing: bf4_37oPUw0_002.flac
2026-09-17 20:46:15 [INFO]   var_db=23.4914 dB
2026-09-17 20:46:15 [INFO] [3067/4911] Processing: bf4_37oPUw0_003.flac
2026-09-17 20:46:22 [INFO]   var_db=24.4128 dB
2026-09-17 20:46:22 [INFO] [3068/4911] Processing: bf4_37oPUw0_004.flac
2026-09-17 20:46:26 [INFO]   var_db=22.9572 dB
2026-09-17 20:46:26 [INFO] [3069/4911] Processing: bf4_37oPUw0_005.flac
2026-09-17 20:46:39 [INFO]   var_db=21.6175 dB
2026-09-17 20:46:39 [INFO] [3070/4911] Processing: bf4_37oPUw0_006.flac
2026-09-17 20:46:45 [INFO]   var_db=8.0012 dB
2026-09-17 20:46:45 [INFO] [3071/4911] Processing: bf4_37oPUw0_007.flac
2026-09-17 20:46:50 [INFO]   var_db=6.3957 dB
2026-09-17 20:46:50 [INFO] [3072/4911] Processing: bf4_37oPUw0_008.flac
2026-09-17 20:46:56 [INFO]   var_db=7.4084 dB
2026-09-17 20:46:56 [INFO] [3073/4911] Processing: bf4_37oPUw0_009.flac
2026-09-17 20:47:00 [INFO]   var_db=8.5207 dB
2026-09-17 20:47:00 [INFO] [3074/4911] Processing: bf4_37oPUw0_010.flac
2026-09-17 20:47:02 [INFO]   var_db=28.6415 dB
2026-09-17 20:47:02 [INFO] [3075/4911] Processing: bf4_37oPUw0_011.flac
2026-09-17 20:47:03 [INFO]   var_db=42.4975 dB
2026-09-17 20:47:03 [INFO] [3076/4911] Processing: bjqcBrcSL9Q_000.flac
2026-09-17 20:47:04 [INFO]   var_db=43.3722 dB
2026-09-17 20:47:04 [INFO] [3077/4911] Processing: bjqcBrcSL9Q_001.flac
2026-09-17 20:47:13 [INFO]   var_db=17.7225 dB
2026-09-17 20:47:13 [INFO] [3078/4911] Processing: bjqcBrcSL9Q_002.flac
2026-09-17 20:47:17 [INFO]   var_db=14.4384 dB
2026-09-17 20:47:17 [INFO] [3079/4911] Processing: bjqcBrcSL9Q_003.flac
2026-09-17 20:47:21 [INFO]   var_db=8.2952 dB
2026-09-17 20:47:21 [INFO] [3080/4911] Processing: bjqcBrcSL9Q_004.flac
2026-09-17 20:47:23 [INFO]   var_db=6.3031 dB
2026-09-17 20:47:23 [INFO] [3081/4911] Processing: buwWhzfDTb4_000.flac
2026-09-17 20:47:24 [INFO]   var_db=40.1423 dB
2026-09-17 20:47:24 [INFO] [3082/4911] Processing: buwWhzfDTb4_001.flac
2026-09-17 20:47:25 [INFO]   var_db=40.6557 dB
2026-09-17 20:47:25 [INFO] [3083/4911] Processing: buwWhzfDTb4_002.flac
2026-09-17 20:47:28 [INFO]   var_db=43.4573 dB
2026-09-17 20:47:28 [INFO] [3084/4911] Processing: buwWhzfDTb4_003.flac
2026-09-17 20:47:33 [INFO]   var_db=43.2235 dB
2026-09-17 20:47:33 [INFO] [3085/4911] Processing: buwWhzfDTb4_004.flac
2026-09-17 20:47:36 [INFO]   var_db=44.0146 dB
2026-09-17 20:47:36 [INFO] [3086/4911] Processing: buwWhzfDTb4_005.flac
2026-09-17 20:47:39 [INFO]   var_db=46.3978 dB
2026-09-17 20:47:39 [INFO] [3087/4911] Processing: buwWhzfDTb4_006.flac
2026-09-17 20:47:41 [INFO]   var_db=21.3226 dB
2026-09-17 20:47:41 [INFO] [3088/4911] Processing: buwWhzfDTb4_007.flac
2026-09-17 20:47:42 [INFO]   var_db=42.8146 dB
2026-09-17 20:47:42 [INFO] [3089/4911] Processing: bx9LH22ymwg_000.flac
2026-09-17 20:47:50 [INFO]   var_db=8.8990 dB
2026-09-17 20:47:50 [INFO] [3090/4911] Processing: bx9LH22ymwg_001.flac
2026-09-17 20:47:55 [INFO]   var_db=6.4524 dB
2026-09-17 20:47:55 [INFO] [3091/4911] Processing: bx9LH22ymwg_002.flac
2026-09-17 20:47:56 [INFO]   var_db=6.2772 dB
2026-09-17 20:47:56 [INFO] [3092/4911] Processing: bxZQeJ-hKE8_000.flac
2026-09-17 20:47:59 [INFO]   var_db=42.7819 dB
2026-09-17 20:47:59 [INFO] [3093/4911] Processing: bxZQeJ-hKE8_001.flac
2026-09-17 20:48:01 [INFO]   var_db=42.6414 dB
2026-09-17 20:48:01 [INFO] [3094/4911] Processing: bxZQeJ-hKE8_002.flac
2026-09-17 20:48:03 [INFO]   var_db=4.7621 dB
2026-09-17 20:48:03 [INFO] [3095/4911] Processing: bxZQeJ-hKE8_003.flac
2026-09-17 20:48:04 [INFO]   var_db=6.3002 dB
2026-09-17 20:48:04 [INFO] [3096/4911] Processing: bxc4FmaqjRI_000.flac
2026-09-17 20:48:06 [INFO]   var_db=16.8229 dB
2026-09-17 20:48:06 [INFO] [3097/4911] Processing: bxc4FmaqjRI_001.flac
2026-09-17 20:48:10 [INFO]   var_db=14.4825 dB
2026-09-17 20:48:10 [INFO] [3098/4911] Processing: bxc4FmaqjRI_002.flac
2026-09-17 20:48:13 [INFO]   var_db=12.1646 dB
2026-09-17 20:48:13 [INFO] [3099/4911] Processing: bxc4FmaqjRI_003.flac
2026-09-17 20:48:17 [INFO]   var_db=11.4621 dB
2026-09-17 20:48:17 [INFO] [3100/4911] Processing: bxc4FmaqjRI_004.flac
2026-09-17 20:48:21 [INFO]   var_db=10.2467 dB
2026-09-17 20:48:21 [INFO] [3101/4911] Processing: bxc4FmaqjRI_005.flac
2026-09-17 20:48:24 [INFO]   var_db=11.4941 dB
2026-09-17 20:48:24 [INFO] [3102/4911] Processing: bxc4FmaqjRI_006.flac
2026-09-17 20:48:27 [INFO]   var_db=12.6711 dB
2026-09-17 20:48:27 [INFO] [3103/4911] Processing: bxc4FmaqjRI_007.flac
2026-09-17 20:48:29 [INFO]   var_db=12.0232 dB
2026-09-17 20:48:29 [INFO] [3104/4911] Processing: bxc4FmaqjRI_008.flac
2026-09-17 20:48:33 [INFO]   var_db=12.9040 dB
2026-09-17 20:48:33 [INFO] [3105/4911] Processing: bxc4FmaqjRI_009.flac
2026-09-17 20:48:38 [INFO]   var_db=10.3331 dB
2026-09-17 20:48:38 [INFO] [3106/4911] Processing: bxc4FmaqjRI_010.flac
2026-09-17 20:48:39 [INFO]   var_db=2.0187 dB
2026-09-17 20:48:39 [INFO] [3107/4911] Processing: c0DEMuw4n1A_000.flac
2026-09-17 20:48:42 [INFO]   var_db=15.6556 dB
2026-09-17 20:48:42 [INFO] [3108/4911] Processing: c0DEMuw4n1A_001.flac
2026-09-17 20:48:44 [INFO]   var_db=23.4700 dB
2026-09-17 20:48:44 [INFO] [3109/4911] Processing: c0DEMuw4n1A_002.flac
2026-09-17 20:48:53 [INFO]   var_db=12.6513 dB
2026-09-17 20:48:53 [INFO] [3110/4911] Processing: c0DEMuw4n1A_003.flac
2026-09-17 20:49:01 [INFO]   var_db=7.6706 dB
2026-09-17 20:49:01 [INFO] [3111/4911] Processing: c0DEMuw4n1A_004.flac
2026-09-17 20:49:08 [INFO]   var_db=7.8222 dB
2026-09-17 20:49:08 [INFO] [3112/4911] Processing: c0DEMuw4n1A_005.flac
2026-09-17 20:49:14 [INFO]   var_db=11.9195 dB
2026-09-17 20:49:14 [INFO] [3113/4911] Processing: c0DEMuw4n1A_006.flac
2026-09-17 20:49:22 [INFO]   var_db=7.3963 dB
2026-09-17 20:49:22 [INFO] [3114/4911] Processing: c0DEMuw4n1A_007.flac
2026-09-17 20:49:23 [INFO]   var_db=6.2978 dB
2026-09-17 20:49:23 [INFO] [3115/4911] Processing: c8dFl2bw9JM_000.flac
2026-09-17 20:49:24 [INFO]   var_db=6.4992 dB
2026-09-17 20:49:24 [INFO] [3116/4911] Processing: c8dFl2bw9JM_001.flac
2026-09-17 20:49:28 [INFO]   var_db=8.9351 dB
2026-09-17 20:49:28 [INFO] [3117/4911] Processing: c8dFl2bw9JM_002.flac
2026-09-17 20:49:35 [INFO]   var_db=17.3346 dB
2026-09-17 20:49:35 [INFO] [3118/4911] Processing: c8dFl2bw9JM_003.flac
2026-09-17 20:49:40 [INFO]   var_db=16.2736 dB
2026-09-17 20:49:40 [INFO] [3119/4911] Processing: c8dFl2bw9JM_004.flac
2026-09-17 20:49:41 [INFO]   var_db=12.9203 dB
2026-09-17 20:49:41 [INFO] [3120/4911] Processing: c8dFl2bw9JM_005.flac
2026-09-17 20:49:43 [INFO]   var_db=14.9840 dB
2026-09-17 20:49:43 [INFO] [3121/4911] Processing: c8dFl2bw9JM_006.flac
2026-09-17 20:49:44 [INFO]   var_db=15.3037 dB
2026-09-17 20:49:44 [INFO] [3122/4911] Processing: c8dFl2bw9JM_007.flac
2026-09-17 20:49:45 [INFO]   var_db=16.3405 dB
2026-09-17 20:49:45 [INFO] [3123/4911] Processing: c8dFl2bw9JM_008.flac
2026-09-17 20:49:49 [INFO]   var_db=7.2180 dB
2026-09-17 20:49:49 [INFO] [3124/4911] Processing: c8dFl2bw9JM_009.flac
2026-09-17 20:49:50 [INFO]   var_db=6.3423 dB
2026-09-17 20:49:50 [INFO] [3125/4911] Processing: cJy5pDkgDpw_000.flac
2026-09-17 20:49:53 [INFO]   var_db=15.1152 dB
2026-09-17 20:49:53 [INFO] [3126/4911] Processing: cJy5pDkgDpw_001.flac
2026-09-17 20:49:55 [INFO]   var_db=9.5898 dB
2026-09-17 20:49:55 [INFO] [3127/4911] Processing: cJy5pDkgDpw_002.flac
2026-09-17 20:49:56 [INFO]   var_db=11.3112 dB
2026-09-17 20:49:56 [INFO] [3128/4911] Processing: cJy5pDkgDpw_003.flac
2026-09-17 20:49:59 [INFO]   var_db=5.2712 dB
2026-09-17 20:49:59 [INFO] [3129/4911] Processing: cJy5pDkgDpw_004.flac
2026-09-17 20:50:00 [INFO]   var_db=9.8128 dB
2026-09-17 20:50:00 [INFO] [3130/4911] Processing: cJy5pDkgDpw_005.flac
2026-09-17 20:50:01 [INFO]   var_db=3.0375 dB
2026-09-17 20:50:01 [INFO] [3131/4911] Processing: cJy5pDkgDpw_006.flac
2026-09-17 20:50:03 [INFO]   var_db=1.5338 dB
2026-09-17 20:50:03 [INFO] [3132/4911] Processing: cJy5pDkgDpw_007.flac
2026-09-17 20:50:10 [INFO]   var_db=4.3393 dB
2026-09-17 20:50:10 [INFO] [3133/4911] Processing: cJy5pDkgDpw_008.flac
2026-09-17 20:50:14 [INFO]   var_db=6.1999 dB
2026-09-17 20:50:14 [INFO] [3134/4911] Processing: cJy5pDkgDpw_009.flac
2026-09-17 20:50:16 [INFO]   var_db=6.6485 dB
2026-09-17 20:50:16 [INFO] [3135/4911] Processing: cJy5pDkgDpw_010.flac
2026-09-17 20:50:18 [INFO]   var_db=6.7347 dB
2026-09-17 20:50:18 [INFO] [3136/4911] Processing: cJy5pDkgDpw_011.flac
2026-09-17 20:50:21 [INFO]   var_db=4.8774 dB
2026-09-17 20:50:21 [INFO] [3137/4911] Processing: cJy5pDkgDpw_012.flac
2026-09-17 20:50:23 [INFO]   var_db=3.1656 dB
2026-09-17 20:50:23 [INFO] [3138/4911] Processing: cJy5pDkgDpw_013.flac
2026-09-17 20:50:26 [INFO]   var_db=21.6754 dB
2026-09-17 20:50:26 [INFO] [3139/4911] Processing: cJy5pDkgDpw_014.flac
2026-09-17 20:50:27 [INFO]   var_db=43.5141 dB
2026-09-17 20:50:27 [INFO] [3140/4911] Processing: cNQ43QUtn_4_000.flac
2026-09-17 20:50:29 [INFO]   var_db=44.3579 dB
2026-09-17 20:50:29 [INFO] [3141/4911] Processing: cNQ43QUtn_4_001.flac
2026-09-17 20:50:31 [INFO]   var_db=42.9805 dB
2026-09-17 20:50:31 [INFO] [3142/4911] Processing: cQc9X41V8xQ_000.flac
2026-09-17 20:50:33 [INFO]   var_db=8.7110 dB
2026-09-17 20:50:33 [INFO] [3143/4911] Processing: cQc9X41V8xQ_001.flac
2026-09-17 20:50:40 [INFO]   var_db=6.0411 dB
2026-09-17 20:50:40 [INFO] [3144/4911] Processing: cQc9X41V8xQ_002.flac
2026-09-17 20:50:42 [INFO]   var_db=4.9932 dB
2026-09-17 20:50:42 [INFO] [3145/4911] Processing: cQc9X41V8xQ_003.flac
2026-09-17 20:50:45 [INFO]   var_db=5.4043 dB
2026-09-17 20:50:45 [INFO] [3146/4911] Processing: cQc9X41V8xQ_004.flac
2026-09-17 20:50:50 [INFO]   var_db=5.1189 dB
2026-09-17 20:50:50 [INFO] [3147/4911] Processing: cQc9X41V8xQ_005.flac
2026-09-17 20:50:56 [INFO]   var_db=6.0669 dB
2026-09-17 20:50:56 [INFO] [3148/4911] Processing: cQc9X41V8xQ_006.flac
2026-09-17 20:51:02 [INFO]   var_db=4.9023 dB
2026-09-17 20:51:02 [INFO] [3149/4911] Processing: cQc9X41V8xQ_007.flac
2026-09-17 20:51:03 [INFO]   var_db=8.1294 dB
2026-09-17 20:51:03 [INFO] [3150/4911] Processing: cQc9X41V8xQ_008.flac
2026-09-17 20:51:04 [INFO]   var_db=13.0896 dB
2026-09-17 20:51:04 [INFO] [3151/4911] Processing: cQc9X41V8xQ_009.flac
2026-09-17 20:51:06 [INFO]   var_db=12.7541 dB
2026-09-17 20:51:06 [INFO] [3152/4911] Processing: cQc9X41V8xQ_010.flac
2026-09-17 20:51:07 [INFO]   var_db=7.7547 dB
2026-09-17 20:51:07 [INFO] [3153/4911] Processing: cQc9X41V8xQ_011.flac
2026-09-17 20:51:09 [INFO]   var_db=14.9113 dB
2026-09-17 20:51:09 [INFO] [3154/4911] Processing: cQc9X41V8xQ_012.flac
2026-09-17 20:51:11 [INFO]   var_db=43.3868 dB
2026-09-17 20:51:11 [INFO] [3155/4911] Processing: cXiZxKCrbyQ_000.flac
2026-09-17 20:51:18 [INFO]   var_db=11.7676 dB
2026-09-17 20:51:18 [INFO] [3156/4911] Processing: cXiZxKCrbyQ_001.flac
2026-09-17 20:51:26 [INFO]   var_db=10.1051 dB
2026-09-17 20:51:26 [INFO] [3157/4911] Processing: cXiZxKCrbyQ_002.flac
2026-09-17 20:51:28 [INFO]   var_db=3.4364 dB
2026-09-17 20:51:28 [INFO] [3158/4911] Processing: cXiZxKCrbyQ_003.flac
2026-09-17 20:51:29 [INFO]   var_db=6.2407 dB
2026-09-17 20:51:29 [INFO] [3159/4911] Processing: crC6p5qzKvI_000.flac
2026-09-17 20:51:38 [INFO]   var_db=8.5451 dB
2026-09-17 20:51:38 [INFO] [3160/4911] Processing: crC6p5qzKvI_001.flac
2026-09-17 20:51:45 [INFO]   var_db=8.8792 dB
2026-09-17 20:51:45 [INFO] [3161/4911] Processing: crC6p5qzKvI_002.flac
2026-09-17 20:51:46 [INFO]   var_db=6.3093 dB
2026-09-17 20:51:46 [INFO] [3162/4911] Processing: d5zTJ6WtNaA_000.flac
2026-09-17 20:51:50 [INFO]   var_db=37.7211 dB
2026-09-17 20:51:50 [INFO] [3163/4911] Processing: d5zTJ6WtNaA_001.flac
2026-09-17 20:51:51 [INFO]   var_db=11.7963 dB
2026-09-17 20:51:51 [INFO] [3164/4911] Processing: d5zTJ6WtNaA_002.flac
2026-09-17 20:51:59 [INFO]   var_db=9.9348 dB
2026-09-17 20:51:59 [INFO] [3165/4911] Processing: d5zTJ6WtNaA_003.flac
2026-09-17 20:52:01 [INFO]   var_db=-2.8662 dB
2026-09-17 20:52:01 [INFO] [3166/4911] Processing: d5zTJ6WtNaA_004.flac
2026-09-17 20:52:02 [INFO]   var_db=3.0037 dB
2026-09-17 20:52:02 [INFO] [3167/4911] Processing: d6Pn3NXtw7U_000.flac
2026-09-17 20:52:06 [INFO]   var_db=11.9357 dB
2026-09-17 20:52:06 [INFO] [3168/4911] Processing: d6Pn3NXtw7U_001.flac
2026-09-17 20:52:07 [INFO]   var_db=37.3162 dB
2026-09-17 20:52:07 [INFO] [3169/4911] Processing: d6Pn3NXtw7U_002.flac
2026-09-17 20:52:10 [INFO]   var_db=14.6984 dB
2026-09-17 20:52:10 [INFO] [3170/4911] Processing: d6Pn3NXtw7U_003.flac
2026-09-17 20:52:15 [INFO]   var_db=14.8044 dB
2026-09-17 20:52:15 [INFO] [3171/4911] Processing: d6Pn3NXtw7U_004.flac
2026-09-17 20:52:16 [INFO]   var_db=30.5122 dB
2026-09-17 20:52:16 [INFO] [3172/4911] Processing: d6Pn3NXtw7U_005.flac
2026-09-17 20:52:17 [INFO]   var_db=26.7040 dB
2026-09-17 20:52:17 [INFO] [3173/4911] Processing: d6Pn3NXtw7U_006.flac
2026-09-17 20:52:20 [INFO]   var_db=18.8419 dB
2026-09-17 20:52:20 [INFO] [3174/4911] Processing: d6Pn3NXtw7U_007.flac
2026-09-17 20:52:21 [INFO]   var_db=15.5892 dB
2026-09-17 20:52:21 [INFO] [3175/4911] Processing: d6Pn3NXtw7U_008.flac
2026-09-17 20:52:23 [INFO]   var_db=3.9195 dB
2026-09-17 20:52:23 [INFO] [3176/4911] Processing: d6Pn3NXtw7U_009.flac
2026-09-17 20:52:24 [INFO]   var_db=6.2813 dB
2026-09-17 20:52:24 [INFO] [3177/4911] Processing: d77p7E17EtY_000.flac
2026-09-17 20:52:28 [INFO]   var_db=12.6773 dB
2026-09-17 20:52:28 [INFO] [3178/4911] Processing: d77p7E17EtY_001.flac
2026-09-17 20:52:33 [INFO]   var_db=13.9324 dB
2026-09-17 20:52:33 [INFO] [3179/4911] Processing: d77p7E17EtY_002.flac
2026-09-17 20:52:40 [INFO]   var_db=7.3101 dB
2026-09-17 20:52:40 [INFO] [3180/4911] Processing: d77p7E17EtY_003.flac
2026-09-17 20:52:42 [INFO]   var_db=6.2345 dB
2026-09-17 20:52:42 [INFO] [3181/4911] Processing: d9DN-AWVK9U_000.flac
2026-09-17 20:52:50 [INFO]   var_db=9.3420 dB
2026-09-17 20:52:50 [INFO] [3182/4911] Processing: d9DN-AWVK9U_001.flac
2026-09-17 20:52:58 [INFO]   var_db=4.8499 dB
2026-09-17 20:52:58 [INFO] [3183/4911] Processing: d9DN-AWVK9U_002.flac
2026-09-17 20:53:02 [INFO]   var_db=5.6055 dB
2026-09-17 20:53:02 [INFO] [3184/4911] Processing: d9DN-AWVK9U_003.flac
2026-09-17 20:53:08 [INFO]   var_db=6.6798 dB
2026-09-17 20:53:08 [INFO] [3185/4911] Processing: d9DN-AWVK9U_004.flac
2026-09-17 20:53:16 [INFO]   var_db=5.4105 dB
2026-09-17 20:53:16 [INFO] [3186/4911] Processing: d9DN-AWVK9U_005.flac
2026-09-17 20:53:17 [INFO]   var_db=36.2135 dB
2026-09-17 20:53:17 [INFO] [3187/4911] Processing: d9DN-AWVK9U_006.flac
2026-09-17 20:53:18 [INFO]   var_db=38.5602 dB
2026-09-17 20:53:18 [INFO] [3188/4911] Processing: d9DN-AWVK9U_007.flac
2026-09-17 20:53:20 [INFO]   var_db=39.5264 dB
2026-09-17 20:53:20 [INFO] [3189/4911] Processing: d9DN-AWVK9U_008.flac
2026-09-17 20:53:28 [INFO]   var_db=10.0096 dB
2026-09-17 20:53:28 [INFO] [3190/4911] Processing: d9DN-AWVK9U_009.flac
2026-09-17 20:53:37 [INFO]   var_db=5.2485 dB
2026-09-17 20:53:37 [INFO] [3191/4911] Processing: d9DN-AWVK9U_010.flac
2026-09-17 20:53:42 [INFO]   var_db=5.1809 dB
2026-09-17 20:53:42 [INFO] [3192/4911] Processing: d9DN-AWVK9U_011.flac
2026-09-17 20:53:46 [INFO]   var_db=7.2166 dB
2026-09-17 20:53:46 [INFO] [3193/4911] Processing: d9DN-AWVK9U_012.flac
2026-09-17 20:53:47 [INFO]   var_db=6.2583 dB
2026-09-17 20:53:47 [INFO] [3194/4911] Processing: dF-JxO9T-i8_000.flac
2026-09-17 20:53:54 [INFO]   var_db=12.1835 dB
2026-09-17 20:53:54 [INFO] [3195/4911] Processing: dF-JxO9T-i8_001.flac
2026-09-17 20:54:02 [INFO]   var_db=7.1846 dB
2026-09-17 20:54:02 [INFO] [3196/4911] Processing: dF-JxO9T-i8_002.flac
2026-09-17 20:54:08 [INFO]   var_db=7.8698 dB
2026-09-17 20:54:08 [INFO] [3197/4911] Processing: dF-JxO9T-i8_003.flac
2026-09-17 20:54:09 [INFO]   var_db=42.2253 dB
2026-09-17 20:54:09 [INFO] [3198/4911] Processing: dF-JxO9T-i8_004.flac
2026-09-17 20:54:11 [INFO]   var_db=44.7656 dB
2026-09-17 20:54:11 [INFO] [3199/4911] Processing: dF-JxO9T-i8_005.flac
2026-09-17 20:54:12 [INFO]   var_db=38.6254 dB
2026-09-17 20:54:12 [INFO] [3200/4911] Processing: dF-JxO9T-i8_006.flac
2026-09-17 20:54:14 [INFO]   var_db=36.3489 dB
2026-09-17 20:54:14 [INFO] [3201/4911] Processing: dF-JxO9T-i8_007.flac
2026-09-17 20:54:15 [INFO]   var_db=-8.0464 dB
2026-09-17 20:54:15 [INFO] [3202/4911] Processing: dF-JxO9T-i8_008.flac
2026-09-17 20:54:20 [INFO]   var_db=10.3047 dB
2026-09-17 20:54:20 [INFO] [3203/4911] Processing: dF-JxO9T-i8_009.flac
2026-09-17 20:54:22 [INFO]   var_db=8.8443 dB
2026-09-17 20:54:22 [INFO] [3204/4911] Processing: dF-JxO9T-i8_010.flac
2026-09-17 20:54:29 [INFO]   var_db=8.3719 dB
2026-09-17 20:54:29 [INFO] [3205/4911] Processing: dF-JxO9T-i8_011.flac
2026-09-17 20:54:31 [INFO]   var_db=6.2572 dB
2026-09-17 20:54:31 [INFO] [3206/4911] Processing: dNDCR59vuR0_000.flac
2026-09-17 20:54:33 [INFO]   var_db=22.7527 dB
2026-09-17 20:54:33 [INFO] [3207/4911] Processing: dNDCR59vuR0_001.flac
2026-09-17 20:54:34 [INFO]   var_db=41.6786 dB
2026-09-17 20:54:34 [INFO] [3208/4911] Processing: dNDCR59vuR0_002.flac
2026-09-17 20:54:43 [INFO]   var_db=45.0109 dB
2026-09-17 20:54:43 [INFO] [3209/4911] Processing: dNDCR59vuR0_003.flac
2026-09-17 20:54:45 [INFO]   var_db=43.7622 dB
2026-09-17 20:54:45 [INFO] [3210/4911] Processing: ddrPXAcwXJQ_000.flac
2026-09-17 20:54:46 [INFO]   var_db=-53.7081 dB
2026-09-17 20:54:46 [INFO] [3211/4911] Processing: ddrPXAcwXJQ_001.flac
2026-09-17 20:54:48 [INFO]   var_db=5.5116 dB
2026-09-17 20:54:48 [INFO] [3212/4911] Processing: ddrPXAcwXJQ_002.flac
2026-09-17 20:54:50 [INFO]   var_db=3.3859 dB
2026-09-17 20:54:50 [INFO] [3213/4911] Processing: ddrPXAcwXJQ_003.flac
2026-09-17 20:54:52 [INFO]   var_db=7.4484 dB
2026-09-17 20:54:52 [INFO] [3214/4911] Processing: ddrPXAcwXJQ_004.flac
2026-09-17 20:54:54 [INFO]   var_db=9.3288 dB
2026-09-17 20:54:54 [INFO] [3215/4911] Processing: ddrPXAcwXJQ_005.flac
2026-09-17 20:54:55 [INFO]   var_db=7.9098 dB
2026-09-17 20:54:55 [INFO] [3216/4911] Processing: ddrPXAcwXJQ_006.flac
2026-09-17 20:54:58 [INFO]   var_db=9.8453 dB
2026-09-17 20:54:58 [INFO] [3217/4911] Processing: ddrPXAcwXJQ_007.flac
2026-09-17 20:54:59 [INFO]   var_db=12.7896 dB
2026-09-17 20:54:59 [INFO] [3218/4911] Processing: ddrPXAcwXJQ_008.flac
2026-09-17 20:55:01 [INFO]   var_db=10.1109 dB
2026-09-17 20:55:01 [INFO] [3219/4911] Processing: ddrPXAcwXJQ_009.flac
2026-09-17 20:55:10 [INFO]   var_db=10.6097 dB
2026-09-17 20:55:10 [INFO] [3220/4911] Processing: ddrPXAcwXJQ_010.flac
2026-09-17 20:55:11 [INFO]   var_db=37.6342 dB
2026-09-17 20:55:11 [INFO] [3221/4911] Processing: ddrPXAcwXJQ_011.flac
2026-09-17 20:55:12 [INFO]   var_db=4.7028 dB
2026-09-17 20:55:12 [INFO] [3222/4911] Processing: ddrPXAcwXJQ_012.flac
2026-09-17 20:55:14 [INFO]   var_db=6.3679 dB
2026-09-17 20:55:14 [INFO] [3223/4911] Processing: dfe2AOEcCcg_000.flac
2026-09-17 20:55:20 [INFO]   var_db=12.1649 dB
2026-09-17 20:55:20 [INFO] [3224/4911] Processing: dfe2AOEcCcg_001.flac
2026-09-17 20:55:26 [INFO]   var_db=7.3894 dB
2026-09-17 20:55:26 [INFO] [3225/4911] Processing: dfe2AOEcCcg_002.flac
2026-09-17 20:55:33 [INFO]   var_db=8.8652 dB
2026-09-17 20:55:33 [INFO] [3226/4911] Processing: dfe2AOEcCcg_003.flac
2026-09-17 20:55:35 [INFO]   var_db=6.1904 dB
2026-09-17 20:55:35 [INFO] [3227/4911] Processing: dfe2AOEcCcg_004.flac
2026-09-17 20:55:37 [INFO]   var_db=6.5303 dB
2026-09-17 20:55:37 [INFO] [3228/4911] Processing: dfe2AOEcCcg_005.flac
2026-09-17 20:55:39 [INFO]   var_db=6.2358 dB
2026-09-17 20:55:39 [INFO] [3229/4911] Processing: dfe2AOEcCcg_006.flac
2026-09-17 20:55:42 [INFO]   var_db=6.9799 dB
2026-09-17 20:55:42 [INFO] [3230/4911] Processing: dfe2AOEcCcg_007.flac
2026-09-17 20:55:44 [INFO]   var_db=46.4311 dB
2026-09-17 20:55:44 [INFO] [3231/4911] Processing: dfe2AOEcCcg_008.flac
2026-09-17 20:55:45 [INFO]   var_db=18.3448 dB
2026-09-17 20:55:45 [INFO] [3232/4911] Processing: dfe2AOEcCcg_009.flac
2026-09-17 20:55:50 [INFO]   var_db=19.2057 dB
2026-09-17 20:55:50 [INFO] [3233/4911] Processing: dfe2AOEcCcg_010.flac
2026-09-17 20:55:54 [INFO]   var_db=9.6063 dB
2026-09-17 20:55:54 [INFO] [3234/4911] Processing: dfe2AOEcCcg_011.flac
2026-09-17 20:55:56 [INFO]   var_db=4.7767 dB
2026-09-17 20:55:56 [INFO] [3235/4911] Processing: dop-VxchVZo_000.flac
2026-09-17 20:56:04 [INFO]   var_db=11.7261 dB
2026-09-17 20:56:04 [INFO] [3236/4911] Processing: dop-VxchVZo_001.flac
2026-09-17 20:56:12 [INFO]   var_db=11.1853 dB
2026-09-17 20:56:12 [INFO] [3237/4911] Processing: dop-VxchVZo_002.flac
2026-09-17 20:56:15 [INFO]   var_db=4.0982 dB
2026-09-17 20:56:15 [INFO] [3238/4911] Processing: dop-VxchVZo_003.flac
2026-09-17 20:56:16 [INFO]   var_db=6.2633 dB
2026-09-17 20:56:16 [INFO] [3239/4911] Processing: eBBmjbSfzKA_000.flac
2026-09-17 20:56:18 [INFO]   var_db=16.7154 dB
2026-09-17 20:56:18 [INFO] [3240/4911] Processing: eBBmjbSfzKA_001.flac
2026-09-17 20:56:21 [INFO]   var_db=6.6665 dB
2026-09-17 20:56:21 [INFO] [3241/4911] Processing: eBBmjbSfzKA_002.flac
2026-09-17 20:56:23 [INFO]   var_db=6.3073 dB
2026-09-17 20:56:23 [INFO] [3242/4911] Processing: eBBmjbSfzKA_003.flac
2026-09-17 20:56:26 [INFO]   var_db=6.9804 dB
2026-09-17 20:56:26 [INFO] [3243/4911] Processing: eBBmjbSfzKA_004.flac
2026-09-17 20:56:31 [INFO]   var_db=8.6341 dB
2026-09-17 20:56:31 [INFO] [3244/4911] Processing: eBBmjbSfzKA_005.flac
2026-09-17 20:56:35 [INFO]   var_db=8.7012 dB
2026-09-17 20:56:35 [INFO] [3245/4911] Processing: eBBmjbSfzKA_006.flac
2026-09-17 20:56:42 [INFO]   var_db=9.0528 dB
2026-09-17 20:56:42 [INFO] [3246/4911] Processing: eBBmjbSfzKA_007.flac
2026-09-17 20:56:49 [INFO]   var_db=5.9630 dB
2026-09-17 20:56:49 [INFO] [3247/4911] Processing: eBBmjbSfzKA_008.flac
2026-09-17 20:56:51 [INFO]   var_db=6.2915 dB
2026-09-17 20:56:51 [INFO] [3248/4911] Processing: eC7uNp3FMvA_000.flac
2026-09-17 20:56:54 [INFO]   var_db=35.6364 dB
2026-09-17 20:56:54 [INFO] [3249/4911] Processing: eC7uNp3FMvA_001.flac
2026-09-17 20:56:59 [INFO]   var_db=26.2869 dB
2026-09-17 20:56:59 [INFO] [3250/4911] Processing: eC7uNp3FMvA_002.flac
2026-09-17 20:57:07 [INFO]   var_db=10.6645 dB
2026-09-17 20:57:07 [INFO] [3251/4911] Processing: eC7uNp3FMvA_003.flac
2026-09-17 20:57:08 [INFO]   var_db=4.5581 dB
2026-09-17 20:57:08 [INFO] [3252/4911] Processing: eC7uNp3FMvA_004.flac
2026-09-17 20:57:09 [INFO]   var_db=6.3675 dB
2026-09-17 20:57:09 [INFO] [3253/4911] Processing: eRvrg_rPpdw_000.flac
2026-09-17 20:57:12 [INFO]   var_db=14.2886 dB
2026-09-17 20:57:12 [INFO] [3254/4911] Processing: eRvrg_rPpdw_001.flac
2026-09-17 20:57:15 [INFO]   var_db=16.0570 dB
2026-09-17 20:57:15 [INFO] [3255/4911] Processing: eRvrg_rPpdw_002.flac
2026-09-17 20:57:21 [INFO]   var_db=12.5999 dB
2026-09-17 20:57:21 [INFO] [3256/4911] Processing: eRvrg_rPpdw_003.flac
2026-09-17 20:57:25 [INFO]   var_db=10.8513 dB
2026-09-17 20:57:25 [INFO] [3257/4911] Processing: eRvrg_rPpdw_004.flac
2026-09-17 20:57:31 [INFO]   var_db=10.2795 dB
2026-09-17 20:57:31 [INFO] [3258/4911] Processing: eRvrg_rPpdw_005.flac
2026-09-17 20:57:36 [INFO]   var_db=7.2629 dB
2026-09-17 20:57:36 [INFO] [3259/4911] Processing: eRvrg_rPpdw_006.flac
2026-09-17 20:57:37 [INFO]   var_db=6.2950 dB
2026-09-17 20:57:37 [INFO] [3260/4911] Processing: eXXV3LUohig_000.flac
2026-09-17 20:57:40 [INFO]   var_db=8.1766 dB
2026-09-17 20:57:40 [INFO] [3261/4911] Processing: eXXV3LUohig_001.flac
2026-09-17 20:57:41 [INFO]   var_db=7.2380 dB
2026-09-17 20:57:41 [INFO] [3262/4911] Processing: eXXV3LUohig_002.flac
2026-09-17 20:57:46 [INFO]   var_db=6.8688 dB
2026-09-17 20:57:46 [INFO] [3263/4911] Processing: eXXV3LUohig_003.flac
2026-09-17 20:57:47 [INFO]   var_db=6.8049 dB
2026-09-17 20:57:47 [INFO] [3264/4911] Processing: eXXV3LUohig_004.flac
2026-09-17 20:57:48 [INFO]   var_db=5.1793 dB
2026-09-17 20:57:48 [INFO] [3265/4911] Processing: eXXV3LUohig_005.flac
2026-09-17 20:57:51 [INFO]   var_db=28.5558 dB
2026-09-17 20:57:51 [INFO] [3266/4911] Processing: eXXV3LUohig_006.flac
2026-09-17 20:57:52 [INFO]   var_db=41.4508 dB
2026-09-17 20:57:52 [INFO] [3267/4911] Processing: ebFxWLJbxMY_000.flac
2026-09-17 20:57:56 [INFO]   var_db=8.9860 dB
2026-09-17 20:57:56 [INFO] [3268/4911] Processing: ebFxWLJbxMY_001.flac
2026-09-17 20:57:57 [INFO]   var_db=3.3696 dB
2026-09-17 20:57:57 [INFO] [3269/4911] Processing: ebFxWLJbxMY_002.flac
2026-09-17 20:57:59 [INFO]   var_db=3.0575 dB
2026-09-17 20:57:59 [INFO] [3270/4911] Processing: ebFxWLJbxMY_003.flac
2026-09-17 20:58:00 [INFO]   var_db=8.4989 dB
2026-09-17 20:58:00 [INFO] [3271/4911] Processing: ebFxWLJbxMY_004.flac
2026-09-17 20:58:03 [INFO]   var_db=13.3922 dB
2026-09-17 20:58:03 [INFO] [3272/4911] Processing: ebFxWLJbxMY_005.flac
2026-09-17 20:58:06 [INFO]   var_db=3.9472 dB
2026-09-17 20:58:06 [INFO] [3273/4911] Processing: ebFxWLJbxMY_006.flac
2026-09-17 20:58:09 [INFO]   var_db=3.7585 dB
2026-09-17 20:58:09 [INFO] [3274/4911] Processing: ebFxWLJbxMY_007.flac
2026-09-17 20:58:10 [INFO]   var_db=6.3354 dB
2026-09-17 20:58:10 [INFO] [3275/4911] Processing: ebmOk6AafNI_000.flac
2026-09-17 20:58:13 [INFO]   var_db=21.2366 dB
2026-09-17 20:58:13 [INFO] [3276/4911] Processing: ebmOk6AafNI_001.flac
2026-09-17 20:58:14 [INFO]   var_db=44.0488 dB
2026-09-17 20:58:14 [INFO] [3277/4911] Processing: ebmOk6AafNI_002.flac
2026-09-17 20:58:17 [INFO]   var_db=42.0120 dB
2026-09-17 20:58:17 [INFO] [3278/4911] Processing: ebmOk6AafNI_003.flac
2026-09-17 20:58:25 [INFO]   var_db=43.8186 dB
2026-09-17 20:58:25 [INFO] [3279/4911] Processing: ebmOk6AafNI_004.flac
2026-09-17 20:58:29 [INFO]   var_db=43.3846 dB
2026-09-17 20:58:29 [INFO] [3280/4911] Processing: ebmOk6AafNI_005.flac
2026-09-17 20:58:31 [INFO]   var_db=44.0148 dB
2026-09-17 20:58:31 [INFO] [3281/4911] Processing: emQWsE0DfhY_000.flac
2026-09-17 20:58:34 [INFO]   var_db=36.7201 dB
2026-09-17 20:58:34 [INFO] [3282/4911] Processing: emQWsE0DfhY_001.flac
2026-09-17 20:58:35 [INFO]   var_db=31.6857 dB
2026-09-17 20:58:35 [INFO] [3283/4911] Processing: emQWsE0DfhY_002.flac
2026-09-17 20:58:37 [INFO]   var_db=40.5997 dB
2026-09-17 20:58:37 [INFO] [3284/4911] Processing: emQWsE0DfhY_003.flac
2026-09-17 20:58:39 [INFO]   var_db=17.4724 dB
2026-09-17 20:58:39 [INFO] [3285/4911] Processing: emQWsE0DfhY_004.flac
2026-09-17 20:58:45 [INFO]   var_db=9.8824 dB
2026-09-17 20:58:45 [INFO] [3286/4911] Processing: emQWsE0DfhY_005.flac
2026-09-17 20:58:53 [INFO]   var_db=11.3452 dB
2026-09-17 20:58:53 [INFO] [3287/4911] Processing: emQWsE0DfhY_006.flac
2026-09-17 20:59:01 [INFO]   var_db=12.7427 dB
2026-09-17 20:59:01 [INFO] [3288/4911] Processing: emQWsE0DfhY_007.flac
2026-09-17 20:59:06 [INFO]   var_db=11.0599 dB
2026-09-17 20:59:06 [INFO] [3289/4911] Processing: emQWsE0DfhY_008.flac
2026-09-17 20:59:07 [INFO]   var_db=12.5185 dB
2026-09-17 20:59:07 [INFO] [3290/4911] Processing: emQWsE0DfhY_009.flac
2026-09-17 20:59:08 [INFO]   var_db=8.2130 dB
2026-09-17 20:59:08 [INFO] [3291/4911] Processing: emQWsE0DfhY_010.flac
2026-09-17 20:59:11 [INFO]   var_db=21.9173 dB
2026-09-17 20:59:11 [INFO] [3292/4911] Processing: emQWsE0DfhY_011.flac
2026-09-17 20:59:13 [INFO]   var_db=43.3399 dB
2026-09-17 20:59:13 [INFO] [3293/4911] Processing: f0Lzp4tSKOI_000.flac
2026-09-17 20:59:14 [INFO]   var_db=43.2450 dB
2026-09-17 20:59:14 [INFO] [3294/4911] Processing: f0Lzp4tSKOI_001.flac
2026-09-17 20:59:15 [INFO]   var_db=44.4445 dB
2026-09-17 20:59:15 [INFO] [3295/4911] Processing: f0Lzp4tSKOI_002.flac
2026-09-17 20:59:16 [INFO]   var_db=43.3132 dB
2026-09-17 20:59:16 [INFO] [3296/4911] Processing: f0Lzp4tSKOI_003.flac
2026-09-17 20:59:25 [INFO]   var_db=43.4125 dB
2026-09-17 20:59:25 [INFO] [3297/4911] Processing: f0Lzp4tSKOI_004.flac
2026-09-17 20:59:26 [INFO]   var_db=38.4061 dB
2026-09-17 20:59:26 [INFO] [3298/4911] Processing: f0Lzp4tSKOI_005.flac
2026-09-17 20:59:29 [INFO]   var_db=21.7866 dB
2026-09-17 20:59:29 [INFO] [3299/4911] Processing: f0Lzp4tSKOI_006.flac
2026-09-17 20:59:30 [INFO]   var_db=43.2987 dB
2026-09-17 20:59:30 [INFO] [3300/4911] Processing: fEC439V-FM8_000.flac
2026-09-17 20:59:35 [INFO]   var_db=43.5594 dB
2026-09-17 20:59:35 [INFO] [3301/4911] Processing: fEC439V-FM8_001.flac
2026-09-17 20:59:37 [INFO]   var_db=41.8428 dB
2026-09-17 20:59:37 [INFO] [3302/4911] Processing: fEC439V-FM8_002.flac
2026-09-17 20:59:40 [INFO]   var_db=43.5824 dB
2026-09-17 20:59:40 [INFO] [3303/4911] Processing: fEC439V-FM8_003.flac
2026-09-17 20:59:43 [INFO]   var_db=40.9130 dB
2026-09-17 20:59:43 [INFO] [3304/4911] Processing: fEC439V-FM8_004.flac
2026-09-17 20:59:46 [INFO]   var_db=11.5397 dB
2026-09-17 20:59:46 [INFO] [3305/4911] Processing: fEC439V-FM8_005.flac
2026-09-17 20:59:49 [INFO]   var_db=9.0936 dB
2026-09-17 20:59:49 [INFO] [3306/4911] Processing: fEC439V-FM8_006.flac
2026-09-17 20:59:51 [INFO]   var_db=14.0734 dB
2026-09-17 20:59:51 [INFO] [3307/4911] Processing: fEC439V-FM8_007.flac
2026-09-17 20:59:54 [INFO]   var_db=12.3098 dB
2026-09-17 20:59:54 [INFO] [3308/4911] Processing: fEC439V-FM8_008.flac
2026-09-17 20:59:55 [INFO]   var_db=14.1309 dB
2026-09-17 20:59:55 [INFO] [3309/4911] Processing: fEC439V-FM8_009.flac
2026-09-17 20:59:56 [INFO]   var_db=12.7195 dB
2026-09-17 20:59:56 [INFO] [3310/4911] Processing: fEC439V-FM8_010.flac
2026-09-17 20:59:59 [INFO]   var_db=10.0713 dB
2026-09-17 20:59:59 [INFO] [3311/4911] Processing: fEC439V-FM8_011.flac
2026-09-17 21:00:02 [INFO]   var_db=8.8226 dB
2026-09-17 21:00:02 [INFO] [3312/4911] Processing: fEC439V-FM8_012.flac
2026-09-17 21:00:05 [INFO]   var_db=11.5462 dB
2026-09-17 21:00:05 [INFO] [3313/4911] Processing: fEC439V-FM8_013.flac
2026-09-17 21:00:09 [INFO]   var_db=6.0768 dB
2026-09-17 21:00:09 [INFO] [3314/4911] Processing: fEC439V-FM8_014.flac
2026-09-17 21:00:11 [INFO]   var_db=9.9488 dB
2026-09-17 21:00:11 [INFO] [3315/4911] Processing: fEC439V-FM8_015.flac
2026-09-17 21:00:13 [INFO]   var_db=11.9823 dB
2026-09-17 21:00:13 [INFO] [3316/4911] Processing: fEC439V-FM8_016.flac
2026-09-17 21:00:14 [INFO]   var_db=9.0882 dB
2026-09-17 21:00:14 [INFO] [3317/4911] Processing: fEC439V-FM8_017.flac
2026-09-17 21:00:17 [INFO]   var_db=10.9351 dB
2026-09-17 21:00:17 [INFO] [3318/4911] Processing: fEC439V-FM8_018.flac
2026-09-17 21:00:19 [INFO]   var_db=12.6209 dB
2026-09-17 21:00:19 [INFO] [3319/4911] Processing: fEC439V-FM8_019.flac
2026-09-17 21:00:21 [INFO]   var_db=6.2522 dB
2026-09-17 21:00:21 [INFO] [3320/4911] Processing: fEC439V-FM8_020.flac
2026-09-17 21:00:23 [INFO]   var_db=11.6820 dB
2026-09-17 21:00:23 [INFO] [3321/4911] Processing: fEC439V-FM8_021.flac
2026-09-17 21:00:25 [INFO]   var_db=5.9073 dB
2026-09-17 21:00:25 [INFO] [3322/4911] Processing: fEC439V-FM8_022.flac
2026-09-17 21:00:26 [INFO]   var_db=8.4497 dB
2026-09-17 21:00:26 [INFO] [3323/4911] Processing: fEC439V-FM8_023.flac
2026-09-17 21:00:28 [INFO]   var_db=11.8097 dB
2026-09-17 21:00:28 [INFO] [3324/4911] Processing: fEC439V-FM8_024.flac
2026-09-17 21:00:30 [INFO]   var_db=12.5727 dB
2026-09-17 21:00:30 [INFO] [3325/4911] Processing: fEC439V-FM8_025.flac
2026-09-17 21:00:33 [INFO]   var_db=23.7318 dB
2026-09-17 21:00:33 [INFO] [3326/4911] Processing: fEC439V-FM8_026.flac
2026-09-17 21:00:34 [INFO]   var_db=41.7537 dB
2026-09-17 21:00:34 [INFO] [3327/4911] Processing: fERSC9-tvZw_000.flac
2026-09-17 21:00:37 [INFO]   var_db=10.2675 dB
2026-09-17 21:00:37 [INFO] [3328/4911] Processing: fERSC9-tvZw_001.flac
2026-09-17 21:00:38 [INFO]   var_db=19.2929 dB
2026-09-17 21:00:38 [INFO] [3329/4911] Processing: fERSC9-tvZw_002.flac
2026-09-17 21:00:47 [INFO]   var_db=7.7495 dB
2026-09-17 21:00:47 [INFO] [3330/4911] Processing: fERSC9-tvZw_003.flac
2026-09-17 21:00:48 [INFO]   var_db=3.3465 dB
2026-09-17 21:00:48 [INFO] [3331/4911] Processing: fERSC9-tvZw_004.flac
2026-09-17 21:00:49 [INFO]   var_db=6.2701 dB
2026-09-17 21:00:49 [INFO] [3332/4911] Processing: fEmmmt_FFtQ_000.flac
2026-09-17 21:00:53 [INFO]   var_db=42.7348 dB
2026-09-17 21:00:53 [INFO] [3333/4911] Processing: fEmmmt_FFtQ_001.flac
2026-09-17 21:00:55 [INFO]   var_db=25.4125 dB
2026-09-17 21:00:55 [INFO] [3334/4911] Processing: fEmmmt_FFtQ_002.flac
2026-09-17 21:00:58 [INFO]   var_db=43.3072 dB
2026-09-17 21:00:58 [INFO] [3335/4911] Processing: fEmmmt_FFtQ_003.flac
2026-09-17 21:01:06 [INFO]   var_db=41.7708 dB
2026-09-17 21:01:06 [INFO] [3336/4911] Processing: fEmmmt_FFtQ_004.flac
2026-09-17 21:01:09 [INFO]   var_db=43.2769 dB
2026-09-17 21:01:09 [INFO] [3337/4911] Processing: fEmmmt_FFtQ_005.flac
2026-09-17 21:01:10 [INFO]   var_db=42.5897 dB
2026-09-17 21:01:10 [INFO] [3338/4911] Processing: fEmmmt_FFtQ_006.flac
2026-09-17 21:01:13 [INFO]   var_db=41.9963 dB
2026-09-17 21:01:13 [INFO] [3339/4911] Processing: fEmmmt_FFtQ_007.flac
2026-09-17 21:01:15 [INFO]   var_db=21.8343 dB
2026-09-17 21:01:15 [INFO] [3340/4911] Processing: fJJiM5XAPjE_000.flac
2026-09-17 21:01:19 [INFO]   var_db=11.9285 dB
2026-09-17 21:01:19 [INFO] [3341/4911] Processing: fJJiM5XAPjE_001.flac
2026-09-17 21:01:20 [INFO]   var_db=2.7107 dB
2026-09-17 21:01:20 [INFO] [3342/4911] Processing: fJJiM5XAPjE_002.flac
2026-09-17 21:01:21 [INFO]   var_db=14.5913 dB
2026-09-17 21:01:21 [INFO] [3343/4911] Processing: fJJiM5XAPjE_003.flac
2026-09-17 21:01:24 [INFO]   var_db=3.3693 dB
2026-09-17 21:01:24 [INFO] [3344/4911] Processing: fJJiM5XAPjE_004.flac
2026-09-17 21:01:26 [INFO]   var_db=6.3273 dB
2026-09-17 21:01:26 [INFO] [3345/4911] Processing: fLFCU4gQJm0_000.flac
2026-09-17 21:01:35 [INFO]   var_db=13.7201 dB
2026-09-17 21:01:35 [INFO] [3346/4911] Processing: fLFCU4gQJm0_001.flac
2026-09-17 21:01:37 [INFO]   var_db=13.7855 dB
2026-09-17 21:01:37 [INFO] [3347/4911] Processing: fLFCU4gQJm0_002.flac
2026-09-17 21:01:41 [INFO]   var_db=11.8828 dB
2026-09-17 21:01:41 [INFO] [3348/4911] Processing: fLFCU4gQJm0_003.flac
2026-09-17 21:01:44 [INFO]   var_db=9.7207 dB
2026-09-17 21:01:44 [INFO] [3349/4911] Processing: fLFCU4gQJm0_004.flac
2026-09-17 21:01:48 [INFO]   var_db=11.7223 dB
2026-09-17 21:01:48 [INFO] [3350/4911] Processing: fLFCU4gQJm0_005.flac
2026-09-17 21:01:52 [INFO]   var_db=11.0794 dB
2026-09-17 21:01:52 [INFO] [3351/4911] Processing: fLFCU4gQJm0_006.flac
2026-09-17 21:01:55 [INFO]   var_db=14.9153 dB
2026-09-17 21:01:55 [INFO] [3352/4911] Processing: fLFCU4gQJm0_007.flac
2026-09-17 21:01:59 [INFO]   var_db=13.8489 dB
2026-09-17 21:01:59 [INFO] [3353/4911] Processing: fLFCU4gQJm0_008.flac
2026-09-17 21:02:02 [INFO]   var_db=11.2419 dB
2026-09-17 21:02:02 [INFO] [3354/4911] Processing: fLFCU4gQJm0_009.flac
2026-09-17 21:02:04 [INFO]   var_db=2.8120 dB
2026-09-17 21:02:04 [INFO] [3355/4911] Processing: fLFCU4gQJm0_010.flac
2026-09-17 21:02:06 [INFO]   var_db=42.9859 dB
2026-09-17 21:02:06 [INFO] [3356/4911] Processing: fMIikT9DuQ8_000.flac
2026-09-17 21:02:14 [INFO]   var_db=14.0468 dB
2026-09-17 21:02:14 [INFO] [3357/4911] Processing: fMIikT9DuQ8_001.flac
2026-09-17 21:02:18 [INFO]   var_db=19.2054 dB
2026-09-17 21:02:18 [INFO] [3358/4911] Processing: fMIikT9DuQ8_002.flac
2026-09-17 21:02:21 [INFO]   var_db=3.2028 dB
2026-09-17 21:02:21 [INFO] [3359/4911] Processing: fMIikT9DuQ8_003.flac
2026-09-17 21:02:22 [INFO]   var_db=6.3291 dB
2026-09-17 21:02:22 [INFO] [3360/4911] Processing: fXwE9_IWH-c_000.flac
2026-09-17 21:02:26 [INFO]   var_db=40.3642 dB
2026-09-17 21:02:26 [INFO] [3361/4911] Processing: fXwE9_IWH-c_001.flac
2026-09-17 21:02:32 [INFO]   var_db=41.5590 dB
2026-09-17 21:02:32 [INFO] [3362/4911] Processing: fXwE9_IWH-c_002.flac
2026-09-17 21:02:34 [INFO]   var_db=41.8398 dB
2026-09-17 21:02:34 [INFO] [3363/4911] Processing: fXwE9_IWH-c_003.flac
2026-09-17 21:02:38 [INFO]   var_db=39.9042 dB
2026-09-17 21:02:38 [INFO] [3364/4911] Processing: fXwE9_IWH-c_004.flac
2026-09-17 21:02:46 [INFO]   var_db=41.5773 dB
2026-09-17 21:02:46 [INFO] [3365/4911] Processing: fXwE9_IWH-c_005.flac
2026-09-17 21:02:48 [INFO]   var_db=41.6336 dB
2026-09-17 21:02:48 [INFO] [3366/4911] Processing: fXwE9_IWH-c_006.flac
2026-09-17 21:02:50 [INFO]   var_db=42.0940 dB
2026-09-17 21:02:50 [INFO] [3367/4911] Processing: fXwE9_IWH-c_007.flac
2026-09-17 21:02:52 [INFO]   var_db=42.2209 dB
2026-09-17 21:02:52 [INFO] [3368/4911] Processing: fXwE9_IWH-c_008.flac
2026-09-17 21:02:54 [INFO]   var_db=42.1927 dB
2026-09-17 21:02:54 [INFO] [3369/4911] Processing: fXwE9_IWH-c_009.flac
2026-09-17 21:02:58 [INFO]   var_db=22.1633 dB
2026-09-17 21:02:58 [INFO] [3370/4911] Processing: fXwE9_IWH-c_010.flac
2026-09-17 21:03:01 [INFO]   var_db=43.0364 dB
2026-09-17 21:03:01 [INFO] [3371/4911] Processing: f_-Qv6gOOnQ_000.flac
2026-09-17 21:03:03 [INFO]   var_db=15.9237 dB
2026-09-17 21:03:03 [INFO] [3372/4911] Processing: f_-Qv6gOOnQ_001.flac
2026-09-17 21:03:05 [INFO]   var_db=18.3297 dB
2026-09-17 21:03:05 [INFO] [3373/4911] Processing: f_-Qv6gOOnQ_002.flac
2026-09-17 21:03:07 [INFO]   var_db=14.1778 dB
2026-09-17 21:03:07 [INFO] [3374/4911] Processing: f_-Qv6gOOnQ_003.flac
2026-09-17 21:03:09 [INFO]   var_db=14.0994 dB
2026-09-17 21:03:09 [INFO] [3375/4911] Processing: f_-Qv6gOOnQ_004.flac
2026-09-17 21:03:11 [INFO]   var_db=16.6634 dB
2026-09-17 21:03:11 [INFO] [3376/4911] Processing: f_-Qv6gOOnQ_005.flac
2026-09-17 21:03:12 [INFO]   var_db=12.1554 dB
2026-09-17 21:03:12 [INFO] [3377/4911] Processing: f_-Qv6gOOnQ_006.flac
2026-09-17 21:03:13 [INFO]   var_db=9.4521 dB
2026-09-17 21:03:13 [INFO] [3378/4911] Processing: f_-Qv6gOOnQ_007.flac
2026-09-17 21:03:14 [INFO]   var_db=9.8314 dB
2026-09-17 21:03:14 [INFO] [3379/4911] Processing: f_-Qv6gOOnQ_008.flac
2026-09-17 21:03:15 [INFO]   var_db=6.3898 dB
2026-09-17 21:03:15 [INFO] [3380/4911] Processing: f_-Qv6gOOnQ_009.flac
2026-09-17 21:03:17 [INFO]   var_db=8.7358 dB
2026-09-17 21:03:17 [INFO] [3381/4911] Processing: f_-Qv6gOOnQ_010.flac
2026-09-17 21:03:18 [INFO]   var_db=10.8579 dB
2026-09-17 21:03:18 [INFO] [3382/4911] Processing: f_-Qv6gOOnQ_011.flac
2026-09-17 21:03:21 [INFO]   var_db=5.5044 dB
2026-09-17 21:03:21 [INFO] [3383/4911] Processing: f_-Qv6gOOnQ_012.flac
2026-09-17 21:03:22 [INFO]   var_db=6.2869 dB
2026-09-17 21:03:22 [INFO] [3384/4911] Processing: fenMDk7Ms8o_000.flac
2026-09-17 21:03:23 [INFO]   var_db=9.2303 dB
2026-09-17 21:03:23 [INFO] [3385/4911] Processing: fenMDk7Ms8o_001.flac
2026-09-17 21:03:24 [INFO]   var_db=7.3008 dB
2026-09-17 21:03:24 [INFO] [3386/4911] Processing: fenMDk7Ms8o_002.flac
2026-09-17 21:03:27 [INFO]   var_db=10.5267 dB
2026-09-17 21:03:27 [INFO] [3387/4911] Processing: fenMDk7Ms8o_003.flac
2026-09-17 21:03:29 [INFO]   var_db=8.8576 dB
2026-09-17 21:03:29 [INFO] [3388/4911] Processing: fenMDk7Ms8o_004.flac
2026-09-17 21:03:34 [INFO]   var_db=8.5914 dB
2026-09-17 21:03:34 [INFO] [3389/4911] Processing: fenMDk7Ms8o_005.flac
2026-09-17 21:03:35 [INFO]   var_db=12.1120 dB
2026-09-17 21:03:35 [INFO] [3390/4911] Processing: fenMDk7Ms8o_006.flac
2026-09-17 21:03:38 [INFO]   var_db=13.1220 dB
2026-09-17 21:03:38 [INFO] [3391/4911] Processing: fenMDk7Ms8o_007.flac
2026-09-17 21:03:42 [INFO]   var_db=10.6495 dB
2026-09-17 21:03:42 [INFO] [3392/4911] Processing: fenMDk7Ms8o_008.flac
2026-09-17 21:03:46 [INFO]   var_db=10.4459 dB
2026-09-17 21:03:46 [INFO] [3393/4911] Processing: fenMDk7Ms8o_009.flac
2026-09-17 21:03:50 [INFO]   var_db=13.5631 dB
2026-09-17 21:03:50 [INFO] [3394/4911] Processing: fenMDk7Ms8o_010.flac
2026-09-17 21:03:53 [INFO]   var_db=21.8099 dB
2026-09-17 21:03:53 [INFO] [3395/4911] Processing: fenMDk7Ms8o_011.flac
2026-09-17 21:03:55 [INFO]   var_db=42.8712 dB
2026-09-17 21:03:55 [INFO] [3396/4911] Processing: fndyN2fitf0_000.flac
2026-09-17 21:04:02 [INFO]   var_db=17.7513 dB
2026-09-17 21:04:02 [INFO] [3397/4911] Processing: fndyN2fitf0_001.flac
2026-09-17 21:04:04 [INFO]   var_db=13.3547 dB
2026-09-17 21:04:04 [INFO] [3398/4911] Processing: fndyN2fitf0_002.flac
2026-09-17 21:04:06 [INFO]   var_db=5.8040 dB
2026-09-17 21:04:06 [INFO] [3399/4911] Processing: fndyN2fitf0_003.flac
2026-09-17 21:04:09 [INFO]   var_db=26.0034 dB
2026-09-17 21:04:09 [INFO] [3400/4911] Processing: fndyN2fitf0_004.flac
2026-09-17 21:04:10 [INFO]   var_db=43.3900 dB
2026-09-17 21:04:10 [INFO] [3401/4911] Processing: fs9REzDRlp0_000.flac
2026-09-17 21:04:13 [INFO]   var_db=4.7734 dB
2026-09-17 21:04:13 [INFO] [3402/4911] Processing: fs9REzDRlp0_001.flac
2026-09-17 21:04:15 [INFO]   var_db=3.3377 dB
2026-09-17 21:04:15 [INFO] [3403/4911] Processing: fs9REzDRlp0_002.flac
2026-09-17 21:04:18 [INFO]   var_db=20.8224 dB
2026-09-17 21:04:18 [INFO] [3404/4911] Processing: fs9REzDRlp0_003.flac
2026-09-17 21:04:19 [INFO]   var_db=42.8545 dB
2026-09-17 21:04:19 [INFO] [3405/4911] Processing: fsICD5cvIl8_000.flac
2026-09-17 21:04:22 [INFO]   var_db=7.1916 dB
2026-09-17 21:04:22 [INFO] [3406/4911] Processing: fsICD5cvIl8_001.flac
2026-09-17 21:04:24 [INFO]   var_db=10.5121 dB
2026-09-17 21:04:24 [INFO] [3407/4911] Processing: fsICD5cvIl8_002.flac
2026-09-17 21:04:25 [INFO]   var_db=8.6587 dB
2026-09-17 21:04:25 [INFO] [3408/4911] Processing: fsICD5cvIl8_003.flac
2026-09-17 21:04:27 [INFO]   var_db=1.7943 dB
2026-09-17 21:04:27 [INFO] [3409/4911] Processing: fsICD5cvIl8_004.flac
2026-09-17 21:04:31 [INFO]   var_db=7.6281 dB
2026-09-17 21:04:31 [INFO] [3410/4911] Processing: fsICD5cvIl8_005.flac
2026-09-17 21:04:32 [INFO]   var_db=6.3441 dB
2026-09-17 21:04:32 [INFO] [3411/4911] Processing: ftKWA_gAzTo_000.flac
2026-09-17 21:04:35 [INFO]   var_db=34.4178 dB
2026-09-17 21:04:35 [INFO] [3412/4911] Processing: ftKWA_gAzTo_001.flac
2026-09-17 21:04:41 [INFO]   var_db=26.3460 dB
2026-09-17 21:04:41 [INFO] [3413/4911] Processing: ftKWA_gAzTo_002.flac
2026-09-17 21:04:48 [INFO]   var_db=5.4349 dB
2026-09-17 21:04:48 [INFO] [3414/4911] Processing: ftKWA_gAzTo_003.flac
2026-09-17 21:04:51 [INFO]   var_db=7.5929 dB
2026-09-17 21:04:51 [INFO] [3415/4911] Processing: ftKWA_gAzTo_004.flac
2026-09-17 21:04:59 [INFO]   var_db=11.5688 dB
2026-09-17 21:04:59 [INFO] [3416/4911] Processing: ftKWA_gAzTo_005.flac
2026-09-17 21:05:00 [INFO]   var_db=43.4637 dB
2026-09-17 21:05:00 [INFO] [3417/4911] Processing: fuf6qp-uaHA_000.flac
2026-09-17 21:05:08 [INFO]   var_db=27.8737 dB
2026-09-17 21:05:08 [INFO] [3418/4911] Processing: fuf6qp-uaHA_001.flac
2026-09-17 21:05:12 [INFO]   var_db=19.4121 dB
2026-09-17 21:05:12 [INFO] [3419/4911] Processing: fuf6qp-uaHA_002.flac
2026-09-17 21:05:13 [INFO]   var_db=31.8968 dB
2026-09-17 21:05:13 [INFO] [3420/4911] Processing: fuf6qp-uaHA_003.flac
2026-09-17 21:05:14 [INFO]   var_db=20.8074 dB
2026-09-17 21:05:14 [INFO] [3421/4911] Processing: fuf6qp-uaHA_004.flac
2026-09-17 21:05:17 [INFO]   var_db=19.3261 dB
2026-09-17 21:05:17 [INFO] [3422/4911] Processing: fuf6qp-uaHA_005.flac
2026-09-17 21:05:20 [INFO]   var_db=-5.6548 dB
2026-09-17 21:05:20 [INFO] [3423/4911] Processing: fuf6qp-uaHA_006.flac
2026-09-17 21:05:21 [INFO]   var_db=5.6559 dB
2026-09-17 21:05:21 [INFO] [3424/4911] Processing: fuf6qp-uaHA_007.flac
2026-09-17 21:05:22 [INFO]   var_db=46.3551 dB
2026-09-17 21:05:22 [INFO] [3425/4911] Processing: fuf6qp-uaHA_008.flac
2026-09-17 21:05:23 [INFO]   var_db=40.5784 dB
2026-09-17 21:05:23 [INFO] [3426/4911] Processing: fuf6qp-uaHA_009.flac
2026-09-17 21:05:31 [INFO]   var_db=9.8949 dB
2026-09-17 21:05:31 [INFO] [3427/4911] Processing: fuf6qp-uaHA_010.flac
2026-09-17 21:05:36 [INFO]   var_db=5.2104 dB
2026-09-17 21:05:36 [INFO] [3428/4911] Processing: fuf6qp-uaHA_011.flac
2026-09-17 21:05:37 [INFO]   var_db=6.3392 dB
2026-09-17 21:05:37 [INFO] [3429/4911] Processing: g3qdsdztDqQ_000.flac
2026-09-17 21:05:38 [INFO]   var_db=11.3587 dB
2026-09-17 21:05:38 [INFO] [3430/4911] Processing: g3qdsdztDqQ_001.flac
2026-09-17 21:05:45 [INFO]   var_db=11.9736 dB
2026-09-17 21:05:45 [INFO] [3431/4911] Processing: g3qdsdztDqQ_002.flac
2026-09-17 21:05:52 [INFO]   var_db=13.2050 dB
2026-09-17 21:05:52 [INFO] [3432/4911] Processing: g3qdsdztDqQ_003.flac
2026-09-17 21:05:57 [INFO]   var_db=11.8651 dB
2026-09-17 21:05:57 [INFO] [3433/4911] Processing: g3qdsdztDqQ_004.flac
2026-09-17 21:06:01 [INFO]   var_db=11.3727 dB
2026-09-17 21:06:01 [INFO] [3434/4911] Processing: g3qdsdztDqQ_005.flac
2026-09-17 21:06:04 [INFO]   var_db=3.3794 dB
2026-09-17 21:06:04 [INFO] [3435/4911] Processing: g3qdsdztDqQ_006.flac
2026-09-17 21:06:05 [INFO]   var_db=6.2848 dB
2026-09-17 21:06:05 [INFO] [3436/4911] Processing: g4tMvJTPtnc_000.flac
2026-09-17 21:06:08 [INFO]   var_db=13.9520 dB
2026-09-17 21:06:08 [INFO] [3437/4911] Processing: g4tMvJTPtnc_001.flac
2026-09-17 21:06:10 [INFO]   var_db=21.1103 dB
2026-09-17 21:06:10 [INFO] [3438/4911] Processing: g4tMvJTPtnc_002.flac
2026-09-17 21:06:11 [INFO]   var_db=11.2575 dB
2026-09-17 21:06:11 [INFO] [3439/4911] Processing: g4tMvJTPtnc_003.flac
2026-09-17 21:06:12 [INFO]   var_db=9.7004 dB
2026-09-17 21:06:12 [INFO] [3440/4911] Processing: g4tMvJTPtnc_004.flac
2026-09-17 21:06:17 [INFO]   var_db=12.0987 dB
2026-09-17 21:06:17 [INFO] [3441/4911] Processing: g4tMvJTPtnc_005.flac
2026-09-17 21:06:23 [INFO]   var_db=12.8113 dB
2026-09-17 21:06:23 [INFO] [3442/4911] Processing: g4tMvJTPtnc_006.flac
2026-09-17 21:06:32 [INFO]   var_db=14.6195 dB
2026-09-17 21:06:32 [INFO] [3443/4911] Processing: g4tMvJTPtnc_007.flac
2026-09-17 21:06:34 [INFO]   var_db=17.1663 dB
2026-09-17 21:06:34 [INFO] [3444/4911] Processing: g4tMvJTPtnc_008.flac
2026-09-17 21:06:35 [INFO]   var_db=13.1416 dB
2026-09-17 21:06:35 [INFO] [3445/4911] Processing: g4tMvJTPtnc_009.flac
2026-09-17 21:06:39 [INFO]   var_db=15.5899 dB
2026-09-17 21:06:39 [INFO] [3446/4911] Processing: g4tMvJTPtnc_010.flac
2026-09-17 21:06:41 [INFO]   var_db=17.4985 dB
2026-09-17 21:06:41 [INFO] [3447/4911] Processing: g4tMvJTPtnc_011.flac
2026-09-17 21:06:47 [INFO]   var_db=15.5572 dB
2026-09-17 21:06:47 [INFO] [3448/4911] Processing: g4tMvJTPtnc_012.flac
2026-09-17 21:06:49 [INFO]   var_db=7.2319 dB
2026-09-17 21:06:49 [INFO] [3449/4911] Processing: g4tMvJTPtnc_013.flac
2026-09-17 21:06:52 [INFO]   var_db=6.9303 dB
2026-09-17 21:06:52 [INFO] [3450/4911] Processing: g4tMvJTPtnc_014.flac
2026-09-17 21:06:54 [INFO]   var_db=3.5257 dB
2026-09-17 21:06:54 [INFO] [3451/4911] Processing: g4tMvJTPtnc_015.flac
2026-09-17 21:06:55 [INFO]   var_db=6.2983 dB
2026-09-17 21:06:55 [INFO] [3452/4911] Processing: gOTeY1Br7Ns_000.flac
2026-09-17 21:06:59 [INFO]   var_db=46.4063 dB
2026-09-17 21:06:59 [INFO] [3453/4911] Processing: gOTeY1Br7Ns_001.flac
2026-09-17 21:07:02 [INFO]   var_db=16.6907 dB
2026-09-17 21:07:02 [INFO] [3454/4911] Processing: gOTeY1Br7Ns_002.flac
2026-09-17 21:07:07 [INFO]   var_db=10.8762 dB
2026-09-17 21:07:07 [INFO] [3455/4911] Processing: gOTeY1Br7Ns_003.flac
2026-09-17 21:07:09 [INFO]   var_db=46.8618 dB
2026-09-17 21:07:09 [INFO] [3456/4911] Processing: gOTeY1Br7Ns_004.flac
2026-09-17 21:07:13 [INFO]   var_db=16.4457 dB
2026-09-17 21:07:13 [INFO] [3457/4911] Processing: gOTeY1Br7Ns_005.flac
2026-09-17 21:07:17 [INFO]   var_db=13.1139 dB
2026-09-17 21:07:17 [INFO] [3458/4911] Processing: gOTeY1Br7Ns_006.flac
2026-09-17 21:07:21 [INFO]   var_db=9.8528 dB
2026-09-17 21:07:21 [INFO] [3459/4911] Processing: gOTeY1Br7Ns_007.flac
2026-09-17 21:07:25 [INFO]   var_db=8.6698 dB
2026-09-17 21:07:25 [INFO] [3460/4911] Processing: gOTeY1Br7Ns_008.flac
2026-09-17 21:07:28 [INFO]   var_db=43.9433 dB
2026-09-17 21:07:28 [INFO] [3461/4911] Processing: gOTeY1Br7Ns_009.flac
2026-09-17 21:07:36 [INFO]   var_db=43.0207 dB
2026-09-17 21:07:36 [INFO] [3462/4911] Processing: gOTeY1Br7Ns_010.flac
2026-09-17 21:07:43 [INFO]   var_db=41.7982 dB
2026-09-17 21:07:43 [INFO] [3463/4911] Processing: gOTeY1Br7Ns_011.flac
2026-09-17 21:07:45 [INFO]   var_db=40.5513 dB
2026-09-17 21:07:45 [INFO] [3464/4911] Processing: gOTeY1Br7Ns_012.flac
2026-09-17 21:07:47 [INFO]   var_db=33.5224 dB
2026-09-17 21:07:47 [INFO] [3465/4911] Processing: gOTeY1Br7Ns_013.flac
2026-09-17 21:07:50 [INFO]   var_db=43.0161 dB
2026-09-17 21:07:50 [INFO] [3466/4911] Processing: gOTeY1Br7Ns_014.flac
2026-09-17 21:07:56 [INFO]   var_db=39.5746 dB
2026-09-17 21:07:56 [INFO] [3467/4911] Processing: gOTeY1Br7Ns_015.flac
2026-09-17 21:08:04 [INFO]   var_db=41.2467 dB
2026-09-17 21:08:04 [INFO] [3468/4911] Processing: gOTeY1Br7Ns_016.flac
2026-09-17 21:08:08 [INFO]   var_db=41.1256 dB
2026-09-17 21:08:08 [INFO] [3469/4911] Processing: gOTeY1Br7Ns_017.flac
2026-09-17 21:08:11 [INFO]   var_db=42.6703 dB
2026-09-17 21:08:11 [INFO] [3470/4911] Processing: gOTeY1Br7Ns_018.flac
2026-09-17 21:08:13 [INFO]   var_db=39.3642 dB
2026-09-17 21:08:13 [INFO] [3471/4911] Processing: gOTeY1Br7Ns_019.flac
2026-09-17 21:08:14 [INFO]   var_db=30.9990 dB
2026-09-17 21:08:14 [INFO] [3472/4911] Processing: gOTeY1Br7Ns_020.flac
2026-09-17 21:08:23 [INFO]   var_db=19.3618 dB
2026-09-17 21:08:23 [INFO] [3473/4911] Processing: gOTeY1Br7Ns_021.flac
2026-09-17 21:08:25 [INFO]   var_db=43.6254 dB
2026-09-17 21:08:25 [INFO] [3474/4911] Processing: gOTeY1Br7Ns_022.flac
2026-09-17 21:08:28 [INFO]   var_db=41.7905 dB
2026-09-17 21:08:28 [INFO] [3475/4911] Processing: gOTeY1Br7Ns_023.flac
2026-09-17 21:08:36 [INFO]   var_db=29.2080 dB
2026-09-17 21:08:36 [INFO] [3476/4911] Processing: gOTeY1Br7Ns_024.flac
2026-09-17 21:08:39 [INFO]   var_db=46.2543 dB
2026-09-17 21:08:39 [INFO] [3477/4911] Processing: gOTeY1Br7Ns_025.flac
2026-09-17 21:08:44 [INFO]   var_db=39.5911 dB
2026-09-17 21:08:44 [INFO] [3478/4911] Processing: gOTeY1Br7Ns_026.flac
2026-09-17 21:08:46 [INFO]   var_db=20.5196 dB
2026-09-17 21:08:46 [INFO] [3479/4911] Processing: gOTeY1Br7Ns_027.flac
2026-09-17 21:08:47 [INFO]   var_db=43.2184 dB
2026-09-17 21:08:47 [INFO] [3480/4911] Processing: gT1H1O2UpUQ_000.flac
2026-09-17 21:08:55 [INFO]   var_db=41.3793 dB
2026-09-17 21:08:55 [INFO] [3481/4911] Processing: gT1H1O2UpUQ_001.flac
2026-09-17 21:08:57 [INFO]   var_db=40.5728 dB
2026-09-17 21:08:57 [INFO] [3482/4911] Processing: gT1H1O2UpUQ_002.flac
2026-09-17 21:09:02 [INFO]   var_db=41.5237 dB
2026-09-17 21:09:02 [INFO] [3483/4911] Processing: gT1H1O2UpUQ_003.flac
2026-09-17 21:09:10 [INFO]   var_db=27.8343 dB
2026-09-17 21:09:10 [INFO] [3484/4911] Processing: gT1H1O2UpUQ_004.flac
2026-09-17 21:09:11 [INFO]   var_db=42.9486 dB
2026-09-17 21:09:11 [INFO] [3485/4911] Processing: gT1H1O2UpUQ_005.flac
2026-09-17 21:09:12 [INFO]   var_db=44.7295 dB
2026-09-17 21:09:12 [INFO] [3486/4911] Processing: gT1H1O2UpUQ_006.flac
2026-09-17 21:09:16 [INFO]   var_db=38.8516 dB
2026-09-17 21:09:16 [INFO] [3487/4911] Processing: gT1H1O2UpUQ_007.flac
2026-09-17 21:09:21 [INFO]   var_db=38.5375 dB
2026-09-17 21:09:21 [INFO] [3488/4911] Processing: gT1H1O2UpUQ_008.flac
2026-09-17 21:09:23 [INFO]   var_db=44.2228 dB
2026-09-17 21:09:23 [INFO] [3489/4911] Processing: gT1H1O2UpUQ_009.flac
2026-09-17 21:09:26 [INFO]   var_db=46.3931 dB
2026-09-17 21:09:26 [INFO] [3490/4911] Processing: gT1H1O2UpUQ_010.flac
2026-09-17 21:09:28 [INFO]   var_db=42.2484 dB
2026-09-17 21:09:28 [INFO] [3491/4911] Processing: gT1H1O2UpUQ_011.flac
2026-09-17 21:09:31 [INFO]   var_db=42.7704 dB
2026-09-17 21:09:31 [INFO] [3492/4911] Processing: gT1H1O2UpUQ_012.flac
2026-09-17 21:09:35 [INFO]   var_db=36.0005 dB
2026-09-17 21:09:35 [INFO] [3493/4911] Processing: gT1H1O2UpUQ_013.flac
2026-09-17 21:09:40 [INFO]   var_db=46.8746 dB
2026-09-17 21:09:40 [INFO] [3494/4911] Processing: gT1H1O2UpUQ_014.flac
2026-09-17 21:09:44 [INFO]   var_db=36.9438 dB
2026-09-17 21:09:44 [INFO] [3495/4911] Processing: gT1H1O2UpUQ_015.flac
2026-09-17 21:09:50 [INFO]   var_db=41.6433 dB
2026-09-17 21:09:50 [INFO] [3496/4911] Processing: gT1H1O2UpUQ_016.flac
2026-09-17 21:09:53 [INFO]   var_db=25.1161 dB
2026-09-17 21:09:53 [INFO] [3497/4911] Processing: gT1H1O2UpUQ_017.flac
2026-09-17 21:09:55 [INFO]   var_db=21.5392 dB
2026-09-17 21:09:55 [INFO] [3498/4911] Processing: gT1H1O2UpUQ_018.flac
2026-09-17 21:09:57 [INFO]   var_db=43.5359 dB
2026-09-17 21:09:57 [INFO] [3499/4911] Processing: gX9MTnDCHKM_000.flac
2026-09-17 21:10:02 [INFO]   var_db=10.1904 dB
2026-09-17 21:10:02 [INFO] [3500/4911] Processing: gX9MTnDCHKM_001.flac
2026-09-17 21:10:04 [INFO]   var_db=11.6124 dB
2026-09-17 21:10:04 [INFO] [3501/4911] Processing: gX9MTnDCHKM_002.flac
2026-09-17 21:10:05 [INFO]   var_db=15.7533 dB
2026-09-17 21:10:05 [INFO] [3502/4911] Processing: gX9MTnDCHKM_003.flac
2026-09-17 21:10:07 [INFO]   var_db=3.4433 dB
2026-09-17 21:10:07 [INFO] [3503/4911] Processing: gX9MTnDCHKM_004.flac
2026-09-17 21:10:09 [INFO]   var_db=6.3100 dB
2026-09-17 21:10:09 [INFO] [3504/4911] Processing: gZUV6ni1EPA_000.flac
2026-09-17 21:10:11 [INFO]   var_db=22.7871 dB
2026-09-17 21:10:11 [INFO] [3505/4911] Processing: gZUV6ni1EPA_001.flac
2026-09-17 21:10:12 [INFO]   var_db=38.6593 dB
2026-09-17 21:10:12 [INFO] [3506/4911] Processing: gZUV6ni1EPA_002.flac
2026-09-17 21:10:14 [INFO]   var_db=20.9277 dB
2026-09-17 21:10:14 [INFO] [3507/4911] Processing: gZUV6ni1EPA_003.flac
2026-09-17 21:10:21 [INFO]   var_db=17.9249 dB
2026-09-17 21:10:21 [INFO] [3508/4911] Processing: gZUV6ni1EPA_004.flac
2026-09-17 21:10:27 [INFO]   var_db=14.8115 dB
2026-09-17 21:10:27 [INFO] [3509/4911] Processing: gZUV6ni1EPA_005.flac
2026-09-17 21:10:35 [INFO]   var_db=12.3315 dB
2026-09-17 21:10:35 [INFO] [3510/4911] Processing: gZUV6ni1EPA_006.flac
2026-09-17 21:10:43 [INFO]   var_db=15.3644 dB
2026-09-17 21:10:43 [INFO] [3511/4911] Processing: gZUV6ni1EPA_007.flac
2026-09-17 21:10:47 [INFO]   var_db=13.1524 dB
2026-09-17 21:10:47 [INFO] [3512/4911] Processing: gZUV6ni1EPA_008.flac
2026-09-17 21:10:50 [INFO]   var_db=15.3203 dB
2026-09-17 21:10:50 [INFO] [3513/4911] Processing: gZUV6ni1EPA_009.flac
2026-09-17 21:10:53 [INFO]   var_db=16.4754 dB
2026-09-17 21:10:53 [INFO] [3514/4911] Processing: gZUV6ni1EPA_010.flac
2026-09-17 21:10:55 [INFO]   var_db=22.2356 dB
2026-09-17 21:10:55 [INFO] [3515/4911] Processing: gZUV6ni1EPA_011.flac
2026-09-17 21:11:02 [INFO]   var_db=18.7389 dB
2026-09-17 21:11:02 [INFO] [3516/4911] Processing: gZUV6ni1EPA_012.flac
2026-09-17 21:11:10 [INFO]   var_db=15.0672 dB
2026-09-17 21:11:10 [INFO] [3517/4911] Processing: gZUV6ni1EPA_013.flac
2026-09-17 21:11:16 [INFO]   var_db=13.3366 dB
2026-09-17 21:11:16 [INFO] [3518/4911] Processing: gZUV6ni1EPA_014.flac
2026-09-17 21:11:24 [INFO]   var_db=8.9224 dB
2026-09-17 21:11:24 [INFO] [3519/4911] Processing: gZUV6ni1EPA_015.flac
2026-09-17 21:11:26 [INFO]   var_db=43.4134 dB
2026-09-17 21:11:26 [INFO] [3520/4911] Processing: gbN1E89g7yc_000.flac
2026-09-17 21:11:30 [INFO]   var_db=13.0780 dB
2026-09-17 21:11:30 [INFO] [3521/4911] Processing: gbN1E89g7yc_001.flac
2026-09-17 21:11:32 [INFO]   var_db=13.5640 dB
2026-09-17 21:11:32 [INFO] [3522/4911] Processing: gbN1E89g7yc_002.flac
2026-09-17 21:11:37 [INFO]   var_db=7.8153 dB
2026-09-17 21:11:37 [INFO] [3523/4911] Processing: gbN1E89g7yc_003.flac
2026-09-17 21:11:38 [INFO]   var_db=6.3574 dB
2026-09-17 21:11:38 [INFO] [3524/4911] Processing: gbrLzyVC-t0_000.flac
2026-09-17 21:11:46 [INFO]   var_db=21.3566 dB
2026-09-17 21:11:46 [INFO] [3525/4911] Processing: gbrLzyVC-t0_001.flac
2026-09-17 21:11:54 [INFO]   var_db=9.6794 dB
2026-09-17 21:11:54 [INFO] [3526/4911] Processing: gbrLzyVC-t0_002.flac
2026-09-17 21:11:55 [INFO]   var_db=6.2574 dB
2026-09-17 21:11:55 [INFO] [3527/4911] Processing: ghJ7QzFKpXU_000.flac
2026-09-17 21:11:58 [INFO]   var_db=2.7303 dB
2026-09-17 21:11:58 [INFO] [3528/4911] Processing: ghJ7QzFKpXU_001.flac
2026-09-17 21:12:05 [INFO]   var_db=4.7696 dB
2026-09-17 21:12:05 [INFO] [3529/4911] Processing: ghJ7QzFKpXU_002.flac
2026-09-17 21:12:09 [INFO]   var_db=5.1476 dB
2026-09-17 21:12:09 [INFO] [3530/4911] Processing: ghJ7QzFKpXU_003.flac
2026-09-17 21:12:14 [INFO]   var_db=2.2761 dB
2026-09-17 21:12:14 [INFO] [3531/4911] Processing: ghJ7QzFKpXU_004.flac
2026-09-17 21:12:17 [INFO]   var_db=7.0984 dB
2026-09-17 21:12:17 [INFO] [3532/4911] Processing: ghJ7QzFKpXU_005.flac
2026-09-17 21:12:18 [INFO]   var_db=9.9029 dB
2026-09-17 21:12:18 [INFO] [3533/4911] Processing: ghJ7QzFKpXU_006.flac
2026-09-17 21:12:21 [INFO]   var_db=19.6471 dB
2026-09-17 21:12:21 [INFO] [3534/4911] Processing: ghJ7QzFKpXU_007.flac
2026-09-17 21:12:22 [INFO]   var_db=43.0128 dB
2026-09-17 21:12:22 [INFO] [3535/4911] Processing: gkrMlAAbfXY_000.flac
2026-09-17 21:12:27 [INFO]   var_db=10.0740 dB
2026-09-17 21:12:27 [INFO] [3536/4911] Processing: gkrMlAAbfXY_001.flac
2026-09-17 21:12:34 [INFO]   var_db=14.7379 dB
2026-09-17 21:12:34 [INFO] [3537/4911] Processing: gkrMlAAbfXY_002.flac
2026-09-17 21:12:42 [INFO]   var_db=9.3388 dB
2026-09-17 21:12:42 [INFO] [3538/4911] Processing: gkrMlAAbfXY_003.flac
2026-09-17 21:12:48 [INFO]   var_db=6.7170 dB
2026-09-17 21:12:48 [INFO] [3539/4911] Processing: gkrMlAAbfXY_004.flac
2026-09-17 21:12:56 [INFO]   var_db=9.8184 dB
2026-09-17 21:12:56 [INFO] [3540/4911] Processing: gkrMlAAbfXY_005.flac
2026-09-17 21:12:58 [INFO]   var_db=4.1971 dB
2026-09-17 21:12:58 [INFO] [3541/4911] Processing: gkrMlAAbfXY_006.flac
2026-09-17 21:13:00 [INFO]   var_db=6.2456 dB
2026-09-17 21:13:00 [INFO] [3542/4911] Processing: gmggwZTArDs_000.flac
2026-09-17 21:13:01 [INFO]   var_db=42.5506 dB
2026-09-17 21:13:01 [INFO] [3543/4911] Processing: gmggwZTArDs_001.flac
2026-09-17 21:13:02 [INFO]   var_db=40.6078 dB
2026-09-17 21:13:02 [INFO] [3544/4911] Processing: gmggwZTArDs_002.flac
2026-09-17 21:13:05 [INFO]   var_db=41.7365 dB
2026-09-17 21:13:05 [INFO] [3545/4911] Processing: gmggwZTArDs_003.flac
2026-09-17 21:13:06 [INFO]   var_db=43.9848 dB
2026-09-17 21:13:06 [INFO] [3546/4911] Processing: gmggwZTArDs_004.flac
2026-09-17 21:13:10 [INFO]   var_db=12.2888 dB
2026-09-17 21:13:10 [INFO] [3547/4911] Processing: gmggwZTArDs_005.flac
2026-09-17 21:13:14 [INFO]   var_db=6.5837 dB
2026-09-17 21:13:14 [INFO] [3548/4911] Processing: gmggwZTArDs_006.flac
2026-09-17 21:13:19 [INFO]   var_db=8.7838 dB
2026-09-17 21:13:19 [INFO] [3549/4911] Processing: gmggwZTArDs_007.flac
2026-09-17 21:13:23 [INFO]   var_db=9.2291 dB
2026-09-17 21:13:23 [INFO] [3550/4911] Processing: gmggwZTArDs_008.flac
2026-09-17 21:13:28 [INFO]   var_db=8.5762 dB
2026-09-17 21:13:28 [INFO] [3551/4911] Processing: gmggwZTArDs_009.flac
2026-09-17 21:13:33 [INFO]   var_db=7.7412 dB
2026-09-17 21:13:33 [INFO] [3552/4911] Processing: gmggwZTArDs_010.flac
2026-09-17 21:13:41 [INFO]   var_db=8.6726 dB
2026-09-17 21:13:41 [INFO] [3553/4911] Processing: gmggwZTArDs_011.flac
2026-09-17 21:13:42 [INFO]   var_db=43.1842 dB
2026-09-17 21:13:42 [INFO] [3554/4911] Processing: h0ZHAVQQ9O8_000.flac
2026-09-17 21:13:45 [INFO]   var_db=12.2031 dB
2026-09-17 21:13:45 [INFO] [3555/4911] Processing: h0ZHAVQQ9O8_001.flac
2026-09-17 21:13:46 [INFO]   var_db=12.4131 dB
2026-09-17 21:13:46 [INFO] [3556/4911] Processing: h0ZHAVQQ9O8_002.flac
2026-09-17 21:13:47 [INFO]   var_db=9.1754 dB
2026-09-17 21:13:47 [INFO] [3557/4911] Processing: h0ZHAVQQ9O8_003.flac
2026-09-17 21:13:48 [INFO]   var_db=12.8825 dB
2026-09-17 21:13:48 [INFO] [3558/4911] Processing: h0ZHAVQQ9O8_004.flac
2026-09-17 21:13:49 [INFO]   var_db=9.9290 dB
2026-09-17 21:13:49 [INFO] [3559/4911] Processing: h0ZHAVQQ9O8_005.flac
2026-09-17 21:13:51 [INFO]   var_db=12.4307 dB
2026-09-17 21:13:51 [INFO] [3560/4911] Processing: hAQyH9W-0o4_000.flac
2026-09-17 21:13:59 [INFO]   var_db=44.5846 dB
2026-09-17 21:13:59 [INFO] [3561/4911] Processing: hCUGY3-RIB4_000.flac
2026-09-17 21:14:02 [INFO]   var_db=45.3617 dB
2026-09-17 21:14:02 [INFO] [3562/4911] Processing: hCUGY3-RIB4_001.flac
2026-09-17 21:14:08 [INFO]   var_db=35.0383 dB
2026-09-17 21:14:08 [INFO] [3563/4911] Processing: hCUGY3-RIB4_002.flac
2026-09-17 21:14:11 [INFO]   var_db=43.8226 dB
2026-09-17 21:14:11 [INFO] [3564/4911] Processing: hCUGY3-RIB4_003.flac
2026-09-17 21:14:12 [INFO]   var_db=42.9892 dB
2026-09-17 21:14:12 [INFO] [3565/4911] Processing: hCUGY3-RIB4_004.flac
2026-09-17 21:14:13 [INFO]   var_db=42.8664 dB
2026-09-17 21:14:13 [INFO] [3566/4911] Processing: hCUGY3-RIB4_005.flac
2026-09-17 21:14:15 [INFO]   var_db=44.7360 dB
2026-09-17 21:14:15 [INFO] [3567/4911] Processing: hCUGY3-RIB4_006.flac
2026-09-17 21:14:18 [INFO]   var_db=44.9949 dB
2026-09-17 21:14:18 [INFO] [3568/4911] Processing: hCUGY3-RIB4_007.flac
2026-09-17 21:14:19 [INFO]   var_db=46.2003 dB
2026-09-17 21:14:19 [INFO] [3569/4911] Processing: hCUGY3-RIB4_008.flac
2026-09-17 21:14:21 [INFO]   var_db=39.9389 dB
2026-09-17 21:14:21 [INFO] [3570/4911] Processing: hIDlXK7K7jk_000.flac
2026-09-17 21:14:22 [INFO]   var_db=18.9739 dB
2026-09-17 21:14:22 [INFO] [3571/4911] Processing: hIDlXK7K7jk_001.flac
2026-09-17 21:14:23 [INFO]   var_db=14.2008 dB
2026-09-17 21:14:23 [INFO] [3572/4911] Processing: hIDlXK7K7jk_002.flac
2026-09-17 21:14:25 [INFO]   var_db=12.0874 dB
2026-09-17 21:14:25 [INFO] [3573/4911] Processing: hIDlXK7K7jk_003.flac
2026-09-17 21:14:28 [INFO]   var_db=7.8997 dB
2026-09-17 21:14:28 [INFO] [3574/4911] Processing: hIDlXK7K7jk_004.flac
2026-09-17 21:14:31 [INFO]   var_db=6.0100 dB
2026-09-17 21:14:31 [INFO] [3575/4911] Processing: hIDlXK7K7jk_005.flac
2026-09-17 21:14:32 [INFO]   var_db=4.7562 dB
2026-09-17 21:14:32 [INFO] [3576/4911] Processing: hIDlXK7K7jk_006.flac
2026-09-17 21:14:36 [INFO]   var_db=5.9673 dB
2026-09-17 21:14:36 [INFO] [3577/4911] Processing: hIDlXK7K7jk_007.flac
2026-09-17 21:14:39 [INFO]   var_db=6.2990 dB
2026-09-17 21:14:39 [INFO] [3578/4911] Processing: hIDlXK7K7jk_008.flac
2026-09-17 21:14:42 [INFO]   var_db=9.2387 dB
2026-09-17 21:14:42 [INFO] [3579/4911] Processing: hIDlXK7K7jk_009.flac
2026-09-17 21:14:48 [INFO]   var_db=5.1427 dB
2026-09-17 21:14:48 [INFO] [3580/4911] Processing: hIDlXK7K7jk_010.flac
2026-09-17 21:14:52 [INFO]   var_db=8.1939 dB
2026-09-17 21:14:52 [INFO] [3581/4911] Processing: hIDlXK7K7jk_011.flac
2026-09-17 21:14:57 [INFO]   var_db=11.1232 dB
2026-09-17 21:14:57 [INFO] [3582/4911] Processing: hIDlXK7K7jk_012.flac
2026-09-17 21:14:58 [INFO]   var_db=43.0168 dB
2026-09-17 21:14:58 [INFO] [3583/4911] Processing: hYXJOBBpFHg_000.flac
2026-09-17 21:15:01 [INFO]   var_db=22.9091 dB
2026-09-17 21:15:01 [INFO] [3584/4911] Processing: hYXJOBBpFHg_001.flac
2026-09-17 21:15:02 [INFO]   var_db=5.7096 dB
2026-09-17 21:15:02 [INFO] [3585/4911] Processing: hYXJOBBpFHg_002.flac
2026-09-17 21:15:04 [INFO]   var_db=6.5058 dB
2026-09-17 21:15:04 [INFO] [3586/4911] Processing: hguzTBqAszY_000.flac
2026-09-17 21:15:05 [INFO]   var_db=37.2896 dB
2026-09-17 21:15:05 [INFO] [3587/4911] Processing: hguzTBqAszY_001.flac
2026-09-17 21:15:14 [INFO]   var_db=43.3518 dB
2026-09-17 21:15:14 [INFO] [3588/4911] Processing: hguzTBqAszY_002.flac
2026-09-17 21:15:17 [INFO]   var_db=29.8747 dB
2026-09-17 21:15:17 [INFO] [3589/4911] Processing: hguzTBqAszY_003.flac
2026-09-17 21:15:20 [INFO]   var_db=20.9002 dB
2026-09-17 21:15:20 [INFO] [3590/4911] Processing: hguzTBqAszY_004.flac
2026-09-17 21:15:21 [INFO]   var_db=43.4209 dB
2026-09-17 21:15:21 [INFO] [3591/4911] Processing: hjBzl1XMgfo_000.flac
2026-09-17 21:15:24 [INFO]   var_db=13.4679 dB
2026-09-17 21:15:24 [INFO] [3592/4911] Processing: hjBzl1XMgfo_001.flac
2026-09-17 21:15:26 [INFO]   var_db=12.1256 dB
2026-09-17 21:15:26 [INFO] [3593/4911] Processing: hjBzl1XMgfo_002.flac
2026-09-17 21:15:28 [INFO]   var_db=11.1192 dB
2026-09-17 21:15:28 [INFO] [3594/4911] Processing: hjBzl1XMgfo_003.flac
2026-09-17 21:15:31 [INFO]   var_db=12.0636 dB
2026-09-17 21:15:31 [INFO] [3595/4911] Processing: hjBzl1XMgfo_004.flac
2026-09-17 21:15:34 [INFO]   var_db=13.9291 dB
2026-09-17 21:15:34 [INFO] [3596/4911] Processing: hjBzl1XMgfo_005.flac
2026-09-17 21:15:37 [INFO]   var_db=29.6312 dB
2026-09-17 21:15:37 [INFO] [3597/4911] Processing: hjBzl1XMgfo_006.flac
2026-09-17 21:15:38 [INFO]   var_db=42.9769 dB
2026-09-17 21:15:38 [INFO] [3598/4911] Processing: hm2Hm93gCjU_000.flac
2026-09-17 21:15:44 [INFO]   var_db=13.4244 dB
2026-09-17 21:15:44 [INFO] [3599/4911] Processing: hm2Hm93gCjU_001.flac
2026-09-17 21:15:52 [INFO]   var_db=6.5511 dB
2026-09-17 21:15:52 [INFO] [3600/4911] Processing: hm2Hm93gCjU_002.flac
2026-09-17 21:15:58 [INFO]   var_db=5.2349 dB
2026-09-17 21:15:58 [INFO] [3601/4911] Processing: hm2Hm93gCjU_003.flac
2026-09-17 21:15:59 [INFO]   var_db=6.2969 dB
2026-09-17 21:15:59 [INFO] [3602/4911] Processing: huOpj7AJpas_000.flac
2026-09-17 21:16:07 [INFO]   var_db=12.9603 dB
2026-09-17 21:16:07 [INFO] [3603/4911] Processing: huOpj7AJpas_001.flac
2026-09-17 21:16:12 [INFO]   var_db=8.3211 dB
2026-09-17 21:16:12 [INFO] [3604/4911] Processing: huOpj7AJpas_002.flac
2026-09-17 21:16:13 [INFO]   var_db=6.3132 dB
2026-09-17 21:16:13 [INFO] [3605/4911] Processing: hxmM5bL2g0k_000.flac
2026-09-17 21:16:17 [INFO]   var_db=14.0278 dB
2026-09-17 21:16:17 [INFO] [3606/4911] Processing: hxmM5bL2g0k_001.flac
2026-09-17 21:16:18 [INFO]   var_db=16.1300 dB
2026-09-17 21:16:18 [INFO] [3607/4911] Processing: hxmM5bL2g0k_002.flac
2026-09-17 21:16:20 [INFO]   var_db=9.5767 dB
2026-09-17 21:16:20 [INFO] [3608/4911] Processing: hxmM5bL2g0k_003.flac
2026-09-17 21:16:21 [INFO]   var_db=11.7368 dB
2026-09-17 21:16:21 [INFO] [3609/4911] Processing: hxmM5bL2g0k_004.flac
2026-09-17 21:16:25 [INFO]   var_db=7.9130 dB
2026-09-17 21:16:25 [INFO] [3610/4911] Processing: hxmM5bL2g0k_005.flac
2026-09-17 21:16:27 [INFO]   var_db=8.6218 dB
2026-09-17 21:16:27 [INFO] [3611/4911] Processing: hxmM5bL2g0k_006.flac
2026-09-17 21:16:36 [INFO]   var_db=4.7753 dB
2026-09-17 21:16:36 [INFO] [3612/4911] Processing: hxmM5bL2g0k_007.flac
2026-09-17 21:16:38 [INFO]   var_db=5.5528 dB
2026-09-17 21:16:38 [INFO] [3613/4911] Processing: hxmM5bL2g0k_008.flac
2026-09-17 21:16:46 [INFO]   var_db=4.9617 dB
2026-09-17 21:16:46 [INFO] [3614/4911] Processing: hxmM5bL2g0k_009.flac
2026-09-17 21:16:47 [INFO]   var_db=4.0097 dB
2026-09-17 21:16:47 [INFO] [3615/4911] Processing: hxmM5bL2g0k_010.flac
2026-09-17 21:16:55 [INFO]   var_db=5.8642 dB
2026-09-17 21:16:55 [INFO] [3616/4911] Processing: hxmM5bL2g0k_011.flac
2026-09-17 21:17:03 [INFO]   var_db=5.4277 dB
2026-09-17 21:17:03 [INFO] [3617/4911] Processing: hxmM5bL2g0k_012.flac
2026-09-17 21:17:08 [INFO]   var_db=5.4287 dB
2026-09-17 21:17:08 [INFO] [3618/4911] Processing: hxmM5bL2g0k_013.flac
2026-09-17 21:17:11 [INFO]   var_db=12.3200 dB
2026-09-17 21:17:11 [INFO] [3619/4911] Processing: hxmM5bL2g0k_014.flac
2026-09-17 21:17:14 [INFO]   var_db=22.4062 dB
2026-09-17 21:17:14 [INFO] [3620/4911] Processing: hxmM5bL2g0k_015.flac
2026-09-17 21:17:15 [INFO]   var_db=43.4569 dB
2026-09-17 21:17:15 [INFO] [3621/4911] Processing: i-8A7MoeZrg_000.flac
2026-09-17 21:17:20 [INFO]   var_db=34.1436 dB
2026-09-17 21:17:20 [INFO] [3622/4911] Processing: i-8A7MoeZrg_001.flac
2026-09-17 21:17:21 [INFO]   var_db=41.5357 dB
2026-09-17 21:17:21 [INFO] [3623/4911] Processing: i-8A7MoeZrg_002.flac
2026-09-17 21:17:22 [INFO]   var_db=44.6574 dB
2026-09-17 21:17:22 [INFO] [3624/4911] Processing: i-8A7MoeZrg_003.flac
2026-09-17 21:17:23 [INFO]   var_db=36.8893 dB
2026-09-17 21:17:23 [INFO] [3625/4911] Processing: i-8A7MoeZrg_004.flac
2026-09-17 21:17:28 [INFO]   var_db=33.2647 dB
2026-09-17 21:17:28 [INFO] [3626/4911] Processing: i-8A7MoeZrg_005.flac
2026-09-17 21:17:30 [INFO]   var_db=43.9632 dB
2026-09-17 21:17:30 [INFO] [3627/4911] Processing: i-8A7MoeZrg_006.flac
2026-09-17 21:17:31 [INFO]   var_db=40.8906 dB
2026-09-17 21:17:31 [INFO] [3628/4911] Processing: i-8A7MoeZrg_007.flac
2026-09-17 21:17:33 [INFO]   var_db=39.2157 dB
2026-09-17 21:17:33 [INFO] [3629/4911] Processing: i-8A7MoeZrg_008.flac
2026-09-17 21:17:34 [INFO]   var_db=41.6075 dB
2026-09-17 21:17:34 [INFO] [3630/4911] Processing: i-8A7MoeZrg_009.flac
2026-09-17 21:17:39 [INFO]   var_db=42.1527 dB
2026-09-17 21:17:39 [INFO] [3631/4911] Processing: i-8A7MoeZrg_010.flac
2026-09-17 21:17:42 [INFO]   var_db=19.7293 dB
2026-09-17 21:17:42 [INFO] [3632/4911] Processing: i0edA9BkOjc_000.flac
2026-09-17 21:17:45 [INFO]   var_db=7.9594 dB
2026-09-17 21:17:45 [INFO] [3633/4911] Processing: i0edA9BkOjc_001.flac
2026-09-17 21:17:46 [INFO]   var_db=6.2617 dB
2026-09-17 21:17:46 [INFO] [3634/4911] Processing: i0edA9BkOjc_002.flac
2026-09-17 21:17:48 [INFO]   var_db=3.4482 dB
2026-09-17 21:17:48 [INFO] [3635/4911] Processing: i0edA9BkOjc_003.flac
2026-09-17 21:17:50 [INFO]   var_db=6.3215 dB
2026-09-17 21:17:50 [INFO] [3636/4911] Processing: i1As-EBabRc_000.flac
2026-09-17 21:17:51 [INFO]   var_db=17.3234 dB
2026-09-17 21:17:51 [INFO] [3637/4911] Processing: i1As-EBabRc_001.flac
2026-09-17 21:17:52 [INFO]   var_db=15.0437 dB
2026-09-17 21:17:52 [INFO] [3638/4911] Processing: i1As-EBabRc_002.flac
2026-09-17 21:17:53 [INFO]   var_db=19.0763 dB
2026-09-17 21:17:53 [INFO] [3639/4911] Processing: i1As-EBabRc_003.flac
2026-09-17 21:17:55 [INFO]   var_db=18.8736 dB
2026-09-17 21:17:55 [INFO] [3640/4911] Processing: i1As-EBabRc_004.flac
2026-09-17 21:17:59 [INFO]   var_db=5.6050 dB
2026-09-17 21:17:59 [INFO] [3641/4911] Processing: i1As-EBabRc_005.flac
2026-09-17 21:18:07 [INFO]   var_db=4.4229 dB
2026-09-17 21:18:07 [INFO] [3642/4911] Processing: i1As-EBabRc_006.flac
2026-09-17 21:18:13 [INFO]   var_db=6.4475 dB
2026-09-17 21:18:13 [INFO] [3643/4911] Processing: i1As-EBabRc_007.flac
2026-09-17 21:18:19 [INFO]   var_db=5.0575 dB
2026-09-17 21:18:19 [INFO] [3644/4911] Processing: i1As-EBabRc_008.flac
2026-09-17 21:18:22 [INFO]   var_db=5.0704 dB
2026-09-17 21:18:22 [INFO] [3645/4911] Processing: i1As-EBabRc_009.flac
2026-09-17 21:18:25 [INFO]   var_db=8.7253 dB
2026-09-17 21:18:25 [INFO] [3646/4911] Processing: i1As-EBabRc_010.flac
2026-09-17 21:18:31 [INFO]   var_db=4.6561 dB
2026-09-17 21:18:31 [INFO] [3647/4911] Processing: i1As-EBabRc_011.flac
2026-09-17 21:18:34 [INFO]   var_db=5.4778 dB
2026-09-17 21:18:34 [INFO] [3648/4911] Processing: i1As-EBabRc_012.flac
2026-09-17 21:18:38 [INFO]   var_db=6.1212 dB
2026-09-17 21:18:38 [INFO] [3649/4911] Processing: i1As-EBabRc_013.flac
2026-09-17 21:18:47 [INFO]   var_db=6.5049 dB
2026-09-17 21:18:47 [INFO] [3650/4911] Processing: i1As-EBabRc_014.flac
2026-09-17 21:18:49 [INFO]   var_db=4.1793 dB
2026-09-17 21:18:49 [INFO] [3651/4911] Processing: i1As-EBabRc_015.flac
2026-09-17 21:18:53 [INFO]   var_db=4.2576 dB
2026-09-17 21:18:53 [INFO] [3652/4911] Processing: i1As-EBabRc_016.flac
2026-09-17 21:18:58 [INFO]   var_db=9.5320 dB
2026-09-17 21:18:58 [INFO] [3653/4911] Processing: i1As-EBabRc_017.flac
2026-09-17 21:18:59 [INFO]   var_db=20.2652 dB
2026-09-17 21:18:59 [INFO] [3654/4911] Processing: i1As-EBabRc_018.flac
2026-09-17 21:19:03 [INFO]   var_db=21.3417 dB
2026-09-17 21:19:03 [INFO] [3655/4911] Processing: i1As-EBabRc_019.flac
2026-09-17 21:19:06 [INFO]   var_db=20.7877 dB
2026-09-17 21:19:06 [INFO] [3656/4911] Processing: i1As-EBabRc_020.flac
2026-09-17 21:19:08 [INFO]   var_db=42.7782 dB
2026-09-17 21:19:08 [INFO] [3657/4911] Processing: iFub1JSiYC4_000.flac
2026-09-17 21:19:09 [INFO]   var_db=6.6035 dB
2026-09-17 21:19:09 [INFO] [3658/4911] Processing: iFub1JSiYC4_001.flac
2026-09-17 21:19:10 [INFO]   var_db=6.1441 dB
2026-09-17 21:19:10 [INFO] [3659/4911] Processing: iFub1JSiYC4_002.flac
2026-09-17 21:19:13 [INFO]   var_db=3.7317 dB
2026-09-17 21:19:13 [INFO] [3660/4911] Processing: iFub1JSiYC4_003.flac
2026-09-17 21:19:14 [INFO]   var_db=6.3064 dB
2026-09-17 21:19:14 [INFO] [3661/4911] Processing: iG1olu8M82U_000.flac
2026-09-17 21:19:17 [INFO]   var_db=9.4513 dB
2026-09-17 21:19:17 [INFO] [3662/4911] Processing: iG1olu8M82U_001.flac
2026-09-17 21:19:30 [INFO]   var_db=49.9846 dB
2026-09-17 21:19:30 [INFO] [3663/4911] Processing: iG1olu8M82U_002.flac
2026-09-17 21:19:35 [INFO]   var_db=50.1056 dB
2026-09-17 21:19:35 [INFO] [3664/4911] Processing: iG1olu8M82U_003.flac
2026-09-17 21:19:43 [INFO]   var_db=50.1048 dB
2026-09-17 21:19:43 [INFO] [3665/4911] Processing: iG1olu8M82U_004.flac
2026-09-17 21:19:48 [INFO]   var_db=50.0024 dB
2026-09-17 21:19:48 [INFO] [3666/4911] Processing: iG1olu8M82U_005.flac
2026-09-17 21:19:52 [INFO]   var_db=3.9636 dB
2026-09-17 21:19:52 [INFO] [3667/4911] Processing: iG1olu8M82U_006.flac
2026-09-17 21:19:53 [INFO]   var_db=6.3377 dB
2026-09-17 21:19:53 [INFO] [3668/4911] Processing: iIA9xASDxSE_000.flac
2026-09-17 21:20:00 [INFO]   var_db=9.5915 dB
2026-09-17 21:20:00 [INFO] [3669/4911] Processing: iIA9xASDxSE_001.flac
2026-09-17 21:20:03 [INFO]   var_db=9.2316 dB
2026-09-17 21:20:03 [INFO] [3670/4911] Processing: iIA9xASDxSE_002.flac
2026-09-17 21:20:05 [INFO]   var_db=42.6812 dB
2026-09-17 21:20:05 [INFO] [3671/4911] Processing: iIA9xASDxSE_003.flac
2026-09-17 21:20:08 [INFO]   var_db=4.9192 dB
2026-09-17 21:20:08 [INFO] [3672/4911] Processing: iIA9xASDxSE_004.flac
2026-09-17 21:20:09 [INFO]   var_db=6.3531 dB
2026-09-17 21:20:09 [INFO] [3673/4911] Processing: iL4TJUbaAFM_000.flac
2026-09-17 21:20:11 [INFO]   var_db=7.0473 dB
2026-09-17 21:20:11 [INFO] [3674/4911] Processing: iL4TJUbaAFM_001.flac
2026-09-17 21:20:19 [INFO]   var_db=3.7997 dB
2026-09-17 21:20:19 [INFO] [3675/4911] Processing: iL4TJUbaAFM_002.flac
2026-09-17 21:20:21 [INFO]   var_db=1.9714 dB
2026-09-17 21:20:21 [INFO] [3676/4911] Processing: iL4TJUbaAFM_003.flac
2026-09-17 21:20:24 [INFO]   var_db=1.2674 dB
2026-09-17 21:20:24 [INFO] [3677/4911] Processing: iL4TJUbaAFM_004.flac
2026-09-17 21:20:27 [INFO]   var_db=6.2194 dB
2026-09-17 21:20:27 [INFO] [3678/4911] Processing: iL4TJUbaAFM_005.flac
2026-09-17 21:20:33 [INFO]   var_db=4.2943 dB
2026-09-17 21:20:33 [INFO] [3679/4911] Processing: iL4TJUbaAFM_006.flac
2026-09-17 21:20:36 [INFO]   var_db=4.9592 dB
2026-09-17 21:20:36 [INFO] [3680/4911] Processing: iL4TJUbaAFM_007.flac
2026-09-17 21:20:39 [INFO]   var_db=12.2184 dB
2026-09-17 21:20:39 [INFO] [3681/4911] Processing: iL4TJUbaAFM_008.flac
2026-09-17 21:20:41 [INFO]   var_db=43.0083 dB
2026-09-17 21:20:41 [INFO] [3682/4911] Processing: iNmjK7_7Dto_000.flac
2026-09-17 21:20:43 [INFO]   var_db=40.6998 dB
2026-09-17 21:20:43 [INFO] [3683/4911] Processing: iNmjK7_7Dto_001.flac
2026-09-17 21:20:45 [INFO]   var_db=41.8757 dB
2026-09-17 21:20:45 [INFO] [3684/4911] Processing: iNmjK7_7Dto_002.flac
2026-09-17 21:20:50 [INFO]   var_db=24.2290 dB
2026-09-17 21:20:50 [INFO] [3685/4911] Processing: iNmjK7_7Dto_003.flac
2026-09-17 21:20:53 [INFO]   var_db=10.2944 dB
2026-09-17 21:20:53 [INFO] [3686/4911] Processing: iNmjK7_7Dto_004.flac
2026-09-17 21:20:57 [INFO]   var_db=22.5757 dB
2026-09-17 21:20:57 [INFO] [3687/4911] Processing: iNmjK7_7Dto_005.flac
2026-09-17 21:21:02 [INFO]   var_db=10.3236 dB
2026-09-17 21:21:02 [INFO] [3688/4911] Processing: iNmjK7_7Dto_006.flac
2026-09-17 21:21:03 [INFO]   var_db=6.3391 dB
2026-09-17 21:21:03 [INFO] [3689/4911] Processing: iQA9WwEzrgE_000.flac
2026-09-17 21:21:06 [INFO]   var_db=39.0357 dB
2026-09-17 21:21:06 [INFO] [3690/4911] Processing: iQA9WwEzrgE_001.flac
2026-09-17 21:21:11 [INFO]   var_db=9.2156 dB
2026-09-17 21:21:11 [INFO] [3691/4911] Processing: iQA9WwEzrgE_002.flac
2026-09-17 21:21:14 [INFO]   var_db=3.5489 dB
2026-09-17 21:21:14 [INFO] [3692/4911] Processing: iQA9WwEzrgE_003.flac
2026-09-17 21:21:16 [INFO]   var_db=6.2225 dB
2026-09-17 21:21:16 [INFO] [3693/4911] Processing: ilsOhyrLOAY_000.flac
2026-09-17 21:21:18 [INFO]   var_db=17.5618 dB
2026-09-17 21:21:18 [INFO] [3694/4911] Processing: ilsOhyrLOAY_001.flac
2026-09-17 21:21:27 [INFO]   var_db=8.0542 dB
2026-09-17 21:21:27 [INFO] [3695/4911] Processing: ilsOhyrLOAY_002.flac
2026-09-17 21:21:28 [INFO]   var_db=10.6439 dB
2026-09-17 21:21:28 [INFO] [3696/4911] Processing: ilsOhyrLOAY_003.flac
2026-09-17 21:21:30 [INFO]   var_db=10.9994 dB
2026-09-17 21:21:30 [INFO] [3697/4911] Processing: ilsOhyrLOAY_004.flac
2026-09-17 21:21:31 [INFO]   var_db=10.6813 dB
2026-09-17 21:21:31 [INFO] [3698/4911] Processing: ilsOhyrLOAY_005.flac
2026-09-17 21:21:34 [INFO]   var_db=21.3381 dB
2026-09-17 21:21:34 [INFO] [3699/4911] Processing: ilsOhyrLOAY_006.flac
2026-09-17 21:21:35 [INFO]   var_db=43.4325 dB
2026-09-17 21:21:35 [INFO] [3700/4911] Processing: iuZrOt4-KdU_000.flac
2026-09-17 21:21:40 [INFO]   var_db=15.3914 dB
2026-09-17 21:21:40 [INFO] [3701/4911] Processing: iuZrOt4-KdU_001.flac
2026-09-17 21:21:42 [INFO]   var_db=3.4039 dB
2026-09-17 21:21:42 [INFO] [3702/4911] Processing: iuZrOt4-KdU_002.flac
2026-09-17 21:21:44 [INFO]   var_db=6.2781 dB
2026-09-17 21:21:44 [INFO] [3703/4911] Processing: ivS-TeGCbNc_000.flac
2026-09-17 21:21:45 [INFO]   var_db=12.8147 dB
2026-09-17 21:21:45 [INFO] [3704/4911] Processing: ivS-TeGCbNc_001.flac
2026-09-17 21:21:51 [INFO]   var_db=12.1125 dB
2026-09-17 21:21:51 [INFO] [3705/4911] Processing: ivS-TeGCbNc_002.flac
2026-09-17 21:21:57 [INFO]   var_db=14.7377 dB
2026-09-17 21:21:57 [INFO] [3706/4911] Processing: ivS-TeGCbNc_003.flac
2026-09-17 21:22:03 [INFO]   var_db=10.7131 dB
2026-09-17 21:22:03 [INFO] [3707/4911] Processing: ivS-TeGCbNc_004.flac
2026-09-17 21:22:04 [INFO]   var_db=6.2970 dB
2026-09-17 21:22:04 [INFO] [3708/4911] Processing: ivVpXH_ZU8A_000.flac
2026-09-17 21:22:07 [INFO]   var_db=20.8036 dB
2026-09-17 21:22:07 [INFO] [3709/4911] Processing: ivVpXH_ZU8A_001.flac
2026-09-17 21:22:08 [INFO]   var_db=46.6005 dB
2026-09-17 21:22:08 [INFO] [3710/4911] Processing: ivVpXH_ZU8A_002.flac
2026-09-17 21:22:12 [INFO]   var_db=41.7063 dB
2026-09-17 21:22:12 [INFO] [3711/4911] Processing: ivVpXH_ZU8A_003.flac
2026-09-17 21:22:21 [INFO]   var_db=42.2311 dB
2026-09-17 21:22:21 [INFO] [3712/4911] Processing: ivVpXH_ZU8A_004.flac
2026-09-17 21:22:24 [INFO]   var_db=43.6753 dB
2026-09-17 21:22:24 [INFO] [3713/4911] Processing: iz2lF-IiOZw_000.flac
2026-09-17 21:22:26 [INFO]   var_db=42.1832 dB
2026-09-17 21:22:26 [INFO] [3714/4911] Processing: iz2lF-IiOZw_001.flac
2026-09-17 21:22:28 [INFO]   var_db=43.3543 dB
2026-09-17 21:22:28 [INFO] [3715/4911] Processing: iz2lF-IiOZw_002.flac
2026-09-17 21:22:34 [INFO]   var_db=7.6922 dB
2026-09-17 21:22:34 [INFO] [3716/4911] Processing: iz2lF-IiOZw_003.flac
2026-09-17 21:22:40 [INFO]   var_db=6.2403 dB
2026-09-17 21:22:40 [INFO] [3717/4911] Processing: iz2lF-IiOZw_004.flac
2026-09-17 21:22:43 [INFO]   var_db=7.8191 dB
2026-09-17 21:22:43 [INFO] [3718/4911] Processing: iz2lF-IiOZw_005.flac
2026-09-17 21:22:50 [INFO]   var_db=6.4537 dB
2026-09-17 21:22:50 [INFO] [3719/4911] Processing: iz2lF-IiOZw_006.flac
2026-09-17 21:22:58 [INFO]   var_db=6.3848 dB
2026-09-17 21:22:58 [INFO] [3720/4911] Processing: iz2lF-IiOZw_007.flac
2026-09-17 21:23:06 [INFO]   var_db=10.6931 dB
2026-09-17 21:23:06 [INFO] [3721/4911] Processing: iz2lF-IiOZw_008.flac
2026-09-17 21:23:08 [INFO]   var_db=20.1501 dB
2026-09-17 21:23:08 [INFO] [3722/4911] Processing: iz2lF-IiOZw_009.flac
2026-09-17 21:23:10 [INFO]   var_db=42.9067 dB
2026-09-17 21:23:10 [INFO] [3723/4911] Processing: jGHOoOwKQdI_000.flac
2026-09-17 21:23:13 [INFO]   var_db=44.3460 dB
2026-09-17 21:23:13 [INFO] [3724/4911] Processing: jGHOoOwKQdI_001.flac
2026-09-17 21:23:14 [INFO]   var_db=41.9590 dB
2026-09-17 21:23:14 [INFO] [3725/4911] Processing: jGHOoOwKQdI_002.flac
2026-09-17 21:23:18 [INFO]   var_db=46.2641 dB
2026-09-17 21:23:18 [INFO] [3726/4911] Processing: jGHOoOwKQdI_003.flac
2026-09-17 21:23:24 [INFO]   var_db=45.3809 dB
2026-09-17 21:23:24 [INFO] [3727/4911] Processing: jGHOoOwKQdI_004.flac
2026-09-17 21:23:25 [INFO]   var_db=47.5303 dB
2026-09-17 21:23:25 [INFO] [3728/4911] Processing: jGHOoOwKQdI_005.flac
2026-09-17 21:23:27 [INFO]   var_db=42.6495 dB
2026-09-17 21:23:27 [INFO] [3729/4911] Processing: jGHOoOwKQdI_006.flac
2026-09-17 21:23:33 [INFO]   var_db=6.6136 dB
2026-09-17 21:23:33 [INFO] [3730/4911] Processing: jGHOoOwKQdI_007.flac
2026-09-17 21:23:34 [INFO]   var_db=6.2989 dB
2026-09-17 21:23:34 [INFO] [3731/4911] Processing: jNM5arBwwvY_000.flac
2026-09-17 21:23:38 [INFO]   var_db=7.7960 dB
2026-09-17 21:23:38 [INFO] [3732/4911] Processing: jNM5arBwwvY_001.flac
2026-09-17 21:23:41 [INFO]   var_db=5.2375 dB
2026-09-17 21:23:41 [INFO] [3733/4911] Processing: jNM5arBwwvY_002.flac
2026-09-17 21:23:45 [INFO]   var_db=1.2421 dB
2026-09-17 21:23:45 [INFO] [3734/4911] Processing: jNM5arBwwvY_003.flac
2026-09-17 21:23:50 [INFO]   var_db=2.4353 dB
2026-09-17 21:23:50 [INFO] [3735/4911] Processing: jNM5arBwwvY_004.flac
2026-09-17 21:23:51 [INFO]   var_db=6.2408 dB
2026-09-17 21:23:51 [INFO] [3736/4911] Processing: jSQXgyb1vKY_000.flac
2026-09-17 21:23:59 [INFO]   var_db=13.9534 dB
2026-09-17 21:23:59 [INFO] [3737/4911] Processing: jSQXgyb1vKY_001.flac
2026-09-17 21:24:01 [INFO]   var_db=4.8738 dB
2026-09-17 21:24:01 [INFO] [3738/4911] Processing: jSQXgyb1vKY_002.flac
2026-09-17 21:24:04 [INFO]   var_db=8.7843 dB
2026-09-17 21:24:04 [INFO] [3739/4911] Processing: jSQXgyb1vKY_003.flac
2026-09-17 21:24:14 [INFO]   var_db=29.7241 dB
2026-09-17 21:24:14 [INFO] [3740/4911] Processing: jSQXgyb1vKY_004.flac
2026-09-17 21:24:18 [INFO]   var_db=27.2649 dB
2026-09-17 21:24:18 [INFO] [3741/4911] Processing: jSQXgyb1vKY_005.flac
2026-09-17 21:24:22 [INFO]   var_db=25.0777 dB
2026-09-17 21:24:22 [INFO] [3742/4911] Processing: jSQXgyb1vKY_006.flac
2026-09-17 21:24:26 [INFO]   var_db=17.2576 dB
2026-09-17 21:24:26 [INFO] [3743/4911] Processing: jSQXgyb1vKY_007.flac
2026-09-17 21:24:36 [INFO]   var_db=11.1700 dB
2026-09-17 21:24:36 [INFO] [3744/4911] Processing: jSQXgyb1vKY_008.flac
2026-09-17 21:24:39 [INFO]   var_db=3.1386 dB
2026-09-17 21:24:39 [INFO] [3745/4911] Processing: jSQXgyb1vKY_009.flac
2026-09-17 21:24:41 [INFO]   var_db=6.3043 dB
2026-09-17 21:24:41 [INFO] [3746/4911] Processing: jlAsU6rCaFU_000.flac
2026-09-17 21:24:42 [INFO]   var_db=2.2527 dB
2026-09-17 21:24:42 [INFO] [3747/4911] Processing: jlAsU6rCaFU_001.flac
2026-09-17 21:24:44 [INFO]   var_db=5.4047 dB
2026-09-17 21:24:44 [INFO] [3748/4911] Processing: jlAsU6rCaFU_002.flac
2026-09-17 21:24:46 [INFO]   var_db=18.6224 dB
2026-09-17 21:24:46 [INFO] [3749/4911] Processing: jlAsU6rCaFU_003.flac
2026-09-17 21:24:56 [INFO]   var_db=3.1155 dB
2026-09-17 21:24:56 [INFO] [3750/4911] Processing: jlAsU6rCaFU_004.flac
2026-09-17 21:25:06 [INFO]   var_db=4.4862 dB
2026-09-17 21:25:06 [INFO] [3751/4911] Processing: jlAsU6rCaFU_005.flac
2026-09-17 21:25:09 [INFO]   var_db=4.4286 dB
2026-09-17 21:25:09 [INFO] [3752/4911] Processing: jlAsU6rCaFU_006.flac
2026-09-17 21:25:13 [INFO]   var_db=6.4756 dB
2026-09-17 21:25:13 [INFO] [3753/4911] Processing: jlAsU6rCaFU_007.flac
2026-09-17 21:25:16 [INFO]   var_db=10.6537 dB
2026-09-17 21:25:16 [INFO] [3754/4911] Processing: jlAsU6rCaFU_008.flac
2026-09-17 21:25:19 [INFO]   var_db=16.3109 dB
2026-09-17 21:25:19 [INFO] [3755/4911] Processing: jlAsU6rCaFU_009.flac
2026-09-17 21:25:20 [INFO]   var_db=43.0930 dB
2026-09-17 21:25:20 [INFO] [3756/4911] Processing: jlBAcCH1jEI_000.flac
2026-09-17 21:25:22 [INFO]   var_db=40.4136 dB
2026-09-17 21:25:22 [INFO] [3757/4911] Processing: jlBAcCH1jEI_001.flac
2026-09-17 21:25:29 [INFO]   var_db=16.8007 dB
2026-09-17 21:25:29 [INFO] [3758/4911] Processing: jlBAcCH1jEI_002.flac
2026-09-17 21:25:30 [INFO]   var_db=40.2495 dB
2026-09-17 21:25:30 [INFO] [3759/4911] Processing: jlBAcCH1jEI_003.flac
2026-09-17 21:25:31 [INFO]   var_db=36.8789 dB
2026-09-17 21:25:31 [INFO] [3760/4911] Processing: jlBAcCH1jEI_004.flac
2026-09-17 21:25:33 [INFO]   var_db=41.0484 dB
2026-09-17 21:25:33 [INFO] [3761/4911] Processing: jlBAcCH1jEI_005.flac
2026-09-17 21:25:34 [INFO]   var_db=38.0398 dB
2026-09-17 21:25:34 [INFO] [3762/4911] Processing: jlBAcCH1jEI_006.flac
2026-09-17 21:25:37 [INFO]   var_db=39.3475 dB
2026-09-17 21:25:37 [INFO] [3763/4911] Processing: jlBAcCH1jEI_007.flac
2026-09-17 21:25:38 [INFO]   var_db=39.6884 dB
2026-09-17 21:25:38 [INFO] [3764/4911] Processing: jlBAcCH1jEI_008.flac
2026-09-17 21:25:42 [INFO]   var_db=40.8872 dB
2026-09-17 21:25:42 [INFO] [3765/4911] Processing: jlBAcCH1jEI_009.flac
2026-09-17 21:25:44 [INFO]   var_db=29.2353 dB
2026-09-17 21:25:44 [INFO] [3766/4911] Processing: jlBAcCH1jEI_010.flac
2026-09-17 21:25:49 [INFO]   var_db=39.4183 dB
2026-09-17 21:25:49 [INFO] [3767/4911] Processing: jlBAcCH1jEI_011.flac
2026-09-17 21:25:51 [INFO]   var_db=37.7322 dB
2026-09-17 21:25:51 [INFO] [3768/4911] Processing: jlBAcCH1jEI_012.flac
2026-09-17 21:25:54 [INFO]   var_db=21.4325 dB
2026-09-17 21:25:54 [INFO] [3769/4911] Processing: jlBAcCH1jEI_013.flac
2026-09-17 21:25:55 [INFO]   var_db=43.4559 dB
2026-09-17 21:25:55 [INFO] [3770/4911] Processing: jsbMIaUjAOo_000.flac
2026-09-17 21:26:00 [INFO]   var_db=13.3558 dB
2026-09-17 21:26:00 [INFO] [3771/4911] Processing: jsbMIaUjAOo_001.flac
2026-09-17 21:26:10 [INFO]   var_db=5.0987 dB
2026-09-17 21:26:10 [INFO] [3772/4911] Processing: jsbMIaUjAOo_002.flac
2026-09-17 21:26:11 [INFO]   var_db=6.3941 dB
2026-09-17 21:26:11 [INFO] [3773/4911] Processing: jsbMIaUjAOo_003.flac
2026-09-17 21:26:14 [INFO]   var_db=3.4224 dB
2026-09-17 21:26:14 [INFO] [3774/4911] Processing: jsbMIaUjAOo_004.flac
2026-09-17 21:26:15 [INFO]   var_db=6.2792 dB
2026-09-17 21:26:15 [INFO] [3775/4911] Processing: jvknMvR2iVs_000.flac
2026-09-17 21:26:24 [INFO]   var_db=30.3294 dB
2026-09-17 21:26:24 [INFO] [3776/4911] Processing: jvknMvR2iVs_001.flac
2026-09-17 21:26:28 [INFO]   var_db=25.1089 dB
2026-09-17 21:26:28 [INFO] [3777/4911] Processing: jvknMvR2iVs_002.flac
2026-09-17 21:26:29 [INFO]   var_db=11.6906 dB
2026-09-17 21:26:29 [INFO] [3778/4911] Processing: jvknMvR2iVs_003.flac
2026-09-17 21:26:32 [INFO]   var_db=36.7423 dB
2026-09-17 21:26:32 [INFO] [3779/4911] Processing: jvknMvR2iVs_004.flac
2026-09-17 21:26:39 [INFO]   var_db=28.6943 dB
2026-09-17 21:26:39 [INFO] [3780/4911] Processing: jvknMvR2iVs_005.flac
2026-09-17 21:26:43 [INFO]   var_db=16.3676 dB
2026-09-17 21:26:43 [INFO] [3781/4911] Processing: jvknMvR2iVs_006.flac
2026-09-17 21:26:53 [INFO]   var_db=15.9352 dB
2026-09-17 21:26:53 [INFO] [3782/4911] Processing: jvknMvR2iVs_007.flac
2026-09-17 21:27:00 [INFO]   var_db=9.0668 dB
2026-09-17 21:27:00 [INFO] [3783/4911] Processing: jvknMvR2iVs_008.flac
2026-09-17 21:27:01 [INFO]   var_db=6.2934 dB
2026-09-17 21:27:01 [INFO] [3784/4911] Processing: k9vrs-N106Q_000.flac
2026-09-17 21:27:09 [INFO]   var_db=20.2773 dB
2026-09-17 21:27:09 [INFO] [3785/4911] Processing: k9vrs-N106Q_001.flac
2026-09-17 21:27:17 [INFO]   var_db=18.5213 dB
2026-09-17 21:27:17 [INFO] [3786/4911] Processing: k9vrs-N106Q_002.flac
2026-09-17 21:27:21 [INFO]   var_db=17.9110 dB
2026-09-17 21:27:21 [INFO] [3787/4911] Processing: k9vrs-N106Q_003.flac
2026-09-17 21:27:23 [INFO]   var_db=14.1457 dB
2026-09-17 21:27:23 [INFO] [3788/4911] Processing: k9vrs-N106Q_004.flac
2026-09-17 21:27:25 [INFO]   var_db=10.5652 dB
2026-09-17 21:27:25 [INFO] [3789/4911] Processing: kEYlLb7TH9o_000.flac
2026-09-17 21:27:27 [INFO]   var_db=12.2873 dB
2026-09-17 21:27:27 [INFO] [3790/4911] Processing: kEYlLb7TH9o_001.flac
2026-09-17 21:27:30 [INFO]   var_db=3.8424 dB
2026-09-17 21:27:30 [INFO] [3791/4911] Processing: kEYlLb7TH9o_002.flac
2026-09-17 21:27:32 [INFO]   var_db=6.3641 dB
2026-09-17 21:27:32 [INFO] [3792/4911] Processing: kEjwIjbrwv8_000.flac
2026-09-17 21:27:41 [INFO]   var_db=13.6933 dB
2026-09-17 21:27:41 [INFO] [3793/4911] Processing: kEjwIjbrwv8_001.flac
2026-09-17 21:27:47 [INFO]   var_db=16.9860 dB
2026-09-17 21:27:47 [INFO] [3794/4911] Processing: kEjwIjbrwv8_002.flac
2026-09-17 21:27:50 [INFO]   var_db=17.8085 dB
2026-09-17 21:27:50 [INFO] [3795/4911] Processing: kEjwIjbrwv8_003.flac
2026-09-17 21:27:58 [INFO]   var_db=15.7361 dB
2026-09-17 21:27:58 [INFO] [3796/4911] Processing: kEjwIjbrwv8_004.flac
2026-09-17 21:27:59 [INFO]   var_db=18.1169 dB
2026-09-17 21:27:59 [INFO] [3797/4911] Processing: kEjwIjbrwv8_005.flac
2026-09-17 21:28:07 [INFO]   var_db=15.8336 dB
2026-09-17 21:28:07 [INFO] [3798/4911] Processing: kEjwIjbrwv8_006.flac
2026-09-17 21:28:10 [INFO]   var_db=18.8726 dB
2026-09-17 21:28:10 [INFO] [3799/4911] Processing: kEjwIjbrwv8_007.flac
2026-09-17 21:28:11 [INFO]   var_db=43.4720 dB
2026-09-17 21:28:11 [INFO] [3800/4911] Processing: kEnambyROA4_000.flac
2026-09-17 21:28:13 [INFO]   var_db=42.3691 dB
2026-09-17 21:28:13 [INFO] [3801/4911] Processing: kEnambyROA4_001.flac
2026-09-17 21:28:14 [INFO]   var_db=44.4555 dB
2026-09-17 21:28:14 [INFO] [3802/4911] Processing: kEnambyROA4_002.flac
2026-09-17 21:28:16 [INFO]   var_db=41.5425 dB
2026-09-17 21:28:16 [INFO] [3803/4911] Processing: kEnambyROA4_003.flac
2026-09-17 21:28:17 [INFO]   var_db=42.3197 dB
2026-09-17 21:28:17 [INFO] [3804/4911] Processing: kEnambyROA4_004.flac
2026-09-17 21:28:20 [INFO]   var_db=44.4160 dB
2026-09-17 21:28:20 [INFO] [3805/4911] Processing: kEnambyROA4_005.flac
2026-09-17 21:28:27 [INFO]   var_db=43.1233 dB
2026-09-17 21:28:27 [INFO] [3806/4911] Processing: kEnambyROA4_006.flac
2026-09-17 21:28:36 [INFO]   var_db=42.0408 dB
2026-09-17 21:28:36 [INFO] [3807/4911] Processing: kEnambyROA4_007.flac
2026-09-17 21:28:45 [INFO]   var_db=40.8350 dB
2026-09-17 21:28:45 [INFO] [3808/4911] Processing: kEnambyROA4_008.flac
2026-09-17 21:28:49 [INFO]   var_db=40.9019 dB
2026-09-17 21:28:49 [INFO] [3809/4911] Processing: kEnambyROA4_009.flac
2026-09-17 21:28:55 [INFO]   var_db=44.0179 dB
2026-09-17 21:28:55 [INFO] [3810/4911] Processing: kEnambyROA4_010.flac
2026-09-17 21:28:57 [INFO]   var_db=43.1437 dB
2026-09-17 21:28:57 [INFO] [3811/4911] Processing: kEnambyROA4_011.flac
2026-09-17 21:29:01 [INFO]   var_db=37.8468 dB
2026-09-17 21:29:01 [INFO] [3812/4911] Processing: kEnambyROA4_012.flac
2026-09-17 21:29:05 [INFO]   var_db=41.9543 dB
2026-09-17 21:29:05 [INFO] [3813/4911] Processing: kEnambyROA4_013.flac
2026-09-17 21:29:07 [INFO]   var_db=41.1224 dB
2026-09-17 21:29:07 [INFO] [3814/4911] Processing: kEnambyROA4_014.flac
2026-09-17 21:29:11 [INFO]   var_db=41.3582 dB
2026-09-17 21:29:11 [INFO] [3815/4911] Processing: kEnambyROA4_015.flac
2026-09-17 21:29:14 [INFO]   var_db=36.4381 dB
2026-09-17 21:29:14 [INFO] [3816/4911] Processing: kEnambyROA4_016.flac
2026-09-17 21:29:17 [INFO]   var_db=38.9662 dB
2026-09-17 21:29:17 [INFO] [3817/4911] Processing: kEnambyROA4_017.flac
2026-09-17 21:29:18 [INFO]   var_db=42.3285 dB
2026-09-17 21:29:18 [INFO] [3818/4911] Processing: kEnambyROA4_018.flac
2026-09-17 21:29:21 [INFO]   var_db=39.5131 dB
2026-09-17 21:29:21 [INFO] [3819/4911] Processing: kEnambyROA4_019.flac
2026-09-17 21:29:24 [INFO]   var_db=20.6084 dB
2026-09-17 21:29:24 [INFO] [3820/4911] Processing: kEnambyROA4_020.flac
2026-09-17 21:29:25 [INFO]   var_db=41.8425 dB
2026-09-17 21:29:25 [INFO] [3821/4911] Processing: kUqvem6B2VY_000.flac
2026-09-17 21:29:28 [INFO]   var_db=22.9544 dB
2026-09-17 21:29:28 [INFO] [3822/4911] Processing: kUqvem6B2VY_001.flac
2026-09-17 21:29:30 [INFO]   var_db=38.1974 dB
2026-09-17 21:29:30 [INFO] [3823/4911] Processing: kUqvem6B2VY_002.flac
2026-09-17 21:29:36 [INFO]   var_db=19.3595 dB
2026-09-17 21:29:36 [INFO] [3824/4911] Processing: kUqvem6B2VY_003.flac
2026-09-17 21:29:42 [INFO]   var_db=13.7021 dB
2026-09-17 21:29:42 [INFO] [3825/4911] Processing: kUqvem6B2VY_004.flac
2026-09-17 21:29:43 [INFO]   var_db=16.6453 dB
2026-09-17 21:29:43 [INFO] [3826/4911] Processing: kUqvem6B2VY_005.flac
2026-09-17 21:29:49 [INFO]   var_db=12.1915 dB
2026-09-17 21:29:49 [INFO] [3827/4911] Processing: kUqvem6B2VY_006.flac
2026-09-17 21:29:51 [INFO]   var_db=13.6668 dB
2026-09-17 21:29:51 [INFO] [3828/4911] Processing: kUqvem6B2VY_007.flac
2026-09-17 21:29:55 [INFO]   var_db=10.5807 dB
2026-09-17 21:29:55 [INFO] [3829/4911] Processing: kUqvem6B2VY_008.flac
2026-09-17 21:29:58 [INFO]   var_db=43.7062 dB
2026-09-17 21:29:58 [INFO] [3830/4911] Processing: kdoFevWmZms_000.flac
2026-09-17 21:30:02 [INFO]   var_db=21.9721 dB
2026-09-17 21:30:02 [INFO] [3831/4911] Processing: kdoFevWmZms_001.flac
2026-09-17 21:30:03 [INFO]   var_db=40.9445 dB
2026-09-17 21:30:03 [INFO] [3832/4911] Processing: kdoFevWmZms_002.flac
2026-09-17 21:30:09 [INFO]   var_db=42.4748 dB
2026-09-17 21:30:09 [INFO] [3833/4911] Processing: kdoFevWmZms_003.flac
2026-09-17 21:30:12 [INFO]   var_db=43.2643 dB
2026-09-17 21:30:12 [INFO] [3834/4911] Processing: kipF8C4tuLA_000.flac
2026-09-17 21:30:14 [INFO]   var_db=8.7181 dB
2026-09-17 21:30:14 [INFO] [3835/4911] Processing: kipF8C4tuLA_001.flac
2026-09-17 21:30:17 [INFO]   var_db=13.1029 dB
2026-09-17 21:30:17 [INFO] [3836/4911] Processing: kipF8C4tuLA_002.flac
2026-09-17 21:30:20 [INFO]   var_db=3.3519 dB
2026-09-17 21:30:20 [INFO] [3837/4911] Processing: kipF8C4tuLA_003.flac
2026-09-17 21:30:21 [INFO]   var_db=6.2841 dB
2026-09-17 21:30:21 [INFO] [3838/4911] Processing: kpDQ-6ifdHQ_000.flac
2026-09-17 21:30:24 [INFO]   var_db=7.3556 dB
2026-09-17 21:30:24 [INFO] [3839/4911] Processing: kpDQ-6ifdHQ_001.flac
2026-09-17 21:30:25 [INFO]   var_db=5.4498 dB
2026-09-17 21:30:25 [INFO] [3840/4911] Processing: kpDQ-6ifdHQ_002.flac
2026-09-17 21:30:27 [INFO]   var_db=15.1923 dB
2026-09-17 21:30:27 [INFO] [3841/4911] Processing: kpDQ-6ifdHQ_003.flac
2026-09-17 21:30:34 [INFO]   var_db=7.6130 dB
2026-09-17 21:30:34 [INFO] [3842/4911] Processing: kpDQ-6ifdHQ_004.flac
2026-09-17 21:30:36 [INFO]   var_db=3.2291 dB
2026-09-17 21:30:36 [INFO] [3843/4911] Processing: kpDQ-6ifdHQ_005.flac
2026-09-17 21:30:38 [INFO]   var_db=6.3208 dB
2026-09-17 21:30:38 [INFO] [3844/4911] Processing: kwcy-9CHGdk_000.flac
2026-09-17 21:30:44 [INFO]   var_db=21.6291 dB
2026-09-17 21:30:44 [INFO] [3845/4911] Processing: kwcy-9CHGdk_001.flac
2026-09-17 21:30:47 [INFO]   var_db=4.7103 dB
2026-09-17 21:30:47 [INFO] [3846/4911] Processing: kwcy-9CHGdk_002.flac
2026-09-17 21:30:48 [INFO]   var_db=1.9252 dB
2026-09-17 21:30:48 [INFO] [3847/4911] Processing: kwcy-9CHGdk_003.flac
2026-09-17 21:30:54 [INFO]   var_db=9.8901 dB
2026-09-17 21:30:54 [INFO] [3848/4911] Processing: kwcy-9CHGdk_004.flac
2026-09-17 21:30:55 [INFO]   var_db=33.3362 dB
2026-09-17 21:30:55 [INFO] [3849/4911] Processing: kwcy-9CHGdk_005.flac
2026-09-17 21:31:01 [INFO]   var_db=26.3149 dB
2026-09-17 21:31:01 [INFO] [3850/4911] Processing: kwcy-9CHGdk_006.flac
2026-09-17 21:31:03 [INFO]   var_db=43.3430 dB
2026-09-17 21:31:03 [INFO] [3851/4911] Processing: l0h9wUTrNbI_000.flac
2026-09-17 21:31:06 [INFO]   var_db=22.7237 dB
2026-09-17 21:31:06 [INFO] [3852/4911] Processing: l0h9wUTrNbI_001.flac
2026-09-17 21:31:07 [INFO]   var_db=42.9514 dB
2026-09-17 21:31:07 [INFO] [3853/4911] Processing: l3maA9F6wt0_000.flac
2026-09-17 21:31:10 [INFO]   var_db=30.9338 dB
2026-09-17 21:31:10 [INFO] [3854/4911] Processing: l3maA9F6wt0_001.flac
2026-09-17 21:31:11 [INFO]   var_db=41.4563 dB
2026-09-17 21:31:11 [INFO] [3855/4911] Processing: l3maA9F6wt0_002.flac
2026-09-17 21:31:13 [INFO]   var_db=37.9919 dB
2026-09-17 21:31:13 [INFO] [3856/4911] Processing: l3maA9F6wt0_003.flac
2026-09-17 21:31:20 [INFO]   var_db=10.0774 dB
2026-09-17 21:31:20 [INFO] [3857/4911] Processing: l3maA9F6wt0_004.flac
2026-09-17 21:31:21 [INFO]   var_db=40.4497 dB
2026-09-17 21:31:21 [INFO] [3858/4911] Processing: l3maA9F6wt0_005.flac
2026-09-17 21:31:26 [INFO]   var_db=10.8718 dB
2026-09-17 21:31:26 [INFO] [3859/4911] Processing: l3maA9F6wt0_006.flac
2026-09-17 21:31:27 [INFO]   var_db=42.3435 dB
2026-09-17 21:31:27 [INFO] [3860/4911] Processing: l3maA9F6wt0_007.flac
2026-09-17 21:31:33 [INFO]   var_db=12.5717 dB
2026-09-17 21:31:33 [INFO] [3861/4911] Processing: l3maA9F6wt0_008.flac
2026-09-17 21:31:34 [INFO]   var_db=38.8201 dB
2026-09-17 21:31:34 [INFO] [3862/4911] Processing: l3maA9F6wt0_009.flac
2026-09-17 21:31:38 [INFO]   var_db=11.8836 dB
2026-09-17 21:31:38 [INFO] [3863/4911] Processing: l3maA9F6wt0_010.flac
2026-09-17 21:31:40 [INFO]   var_db=40.7824 dB
2026-09-17 21:31:40 [INFO] [3864/4911] Processing: l3maA9F6wt0_011.flac
2026-09-17 21:31:45 [INFO]   var_db=10.6858 dB
2026-09-17 21:31:45 [INFO] [3865/4911] Processing: l3maA9F6wt0_012.flac
2026-09-17 21:31:50 [INFO]   var_db=13.2667 dB
2026-09-17 21:31:50 [INFO] [3866/4911] Processing: l3maA9F6wt0_013.flac
2026-09-17 21:31:53 [INFO]   var_db=21.6297 dB
2026-09-17 21:31:53 [INFO] [3867/4911] Processing: l5I1tLaBdDA_000.flac
2026-09-17 21:32:03 [INFO]   var_db=12.0746 dB
2026-09-17 21:32:03 [INFO] [3868/4911] Processing: l5I1tLaBdDA_001.flac
2026-09-17 21:32:06 [INFO]   var_db=7.8398 dB
2026-09-17 21:32:06 [INFO] [3869/4911] Processing: l5I1tLaBdDA_002.flac
2026-09-17 21:32:14 [INFO]   var_db=5.5522 dB
2026-09-17 21:32:14 [INFO] [3870/4911] Processing: l5I1tLaBdDA_003.flac
2026-09-17 21:32:17 [INFO]   var_db=6.2955 dB
2026-09-17 21:32:17 [INFO] [3871/4911] Processing: l5I1tLaBdDA_004.flac
2026-09-17 21:32:19 [INFO]   var_db=5.7468 dB
2026-09-17 21:32:19 [INFO] [3872/4911] Processing: l5I1tLaBdDA_005.flac
2026-09-17 21:32:22 [INFO]   var_db=3.5650 dB
2026-09-17 21:32:22 [INFO] [3873/4911] Processing: l5I1tLaBdDA_006.flac
2026-09-17 21:32:24 [INFO]   var_db=6.2970 dB
2026-09-17 21:32:24 [INFO] [3874/4911] Processing: lLRQzWscCQ8_000.flac
2026-09-17 21:32:27 [INFO]   var_db=22.5697 dB
2026-09-17 21:32:27 [INFO] [3875/4911] Processing: lLRQzWscCQ8_001.flac
2026-09-17 21:32:34 [INFO]   var_db=17.7999 dB
2026-09-17 21:32:34 [INFO] [3876/4911] Processing: lLRQzWscCQ8_002.flac
2026-09-17 21:32:37 [INFO]   var_db=44.2409 dB
2026-09-17 21:32:37 [INFO] [3877/4911] Processing: lO5UnkHDgE0_000.flac
2026-09-17 21:32:41 [INFO]   var_db=44.7052 dB
2026-09-17 21:32:41 [INFO] [3878/4911] Processing: lO5UnkHDgE0_001.flac
2026-09-17 21:32:52 [INFO]   var_db=25.9899 dB
2026-09-17 21:32:52 [INFO] [3879/4911] Processing: lO5UnkHDgE0_002.flac
2026-09-17 21:32:53 [INFO]   var_db=30.1220 dB
2026-09-17 21:32:53 [INFO] [3880/4911] Processing: lO5UnkHDgE0_003.flac
2026-09-17 21:33:01 [INFO]   var_db=38.1742 dB
2026-09-17 21:33:01 [INFO] [3881/4911] Processing: lO5UnkHDgE0_004.flac
2026-09-17 21:33:03 [INFO]   var_db=32.9999 dB
2026-09-17 21:33:03 [INFO] [3882/4911] Processing: lO5UnkHDgE0_005.flac
2026-09-17 21:33:08 [INFO]   var_db=39.4738 dB
2026-09-17 21:33:08 [INFO] [3883/4911] Processing: lO5UnkHDgE0_006.flac
2026-09-17 21:33:15 [INFO]   var_db=27.0902 dB
2026-09-17 21:33:15 [INFO] [3884/4911] Processing: lO5UnkHDgE0_007.flac
2026-09-17 21:33:16 [INFO]   var_db=42.9718 dB
2026-09-17 21:33:16 [INFO] [3885/4911] Processing: lQ9Ptj6nQCE_000.flac
2026-09-17 21:33:20 [INFO]   var_db=14.3354 dB
2026-09-17 21:33:20 [INFO] [3886/4911] Processing: lQ9Ptj6nQCE_001.flac
2026-09-17 21:33:24 [INFO]   var_db=5.8809 dB
2026-09-17 21:33:24 [INFO] [3887/4911] Processing: lQ9Ptj6nQCE_002.flac
2026-09-17 21:33:25 [INFO]   var_db=6.2928 dB
2026-09-17 21:33:25 [INFO] [3888/4911] Processing: lSPNfjuh5ho_000.flac
2026-09-17 21:33:29 [INFO]   var_db=18.2957 dB
2026-09-17 21:33:29 [INFO] [3889/4911] Processing: lSPNfjuh5ho_001.flac
2026-09-17 21:33:33 [INFO]   var_db=13.8106 dB
2026-09-17 21:33:33 [INFO] [3890/4911] Processing: lSPNfjuh5ho_002.flac
2026-09-17 21:33:36 [INFO]   var_db=10.8256 dB
2026-09-17 21:33:36 [INFO] [3891/4911] Processing: lSPNfjuh5ho_003.flac
2026-09-17 21:33:40 [INFO]   var_db=8.6815 dB
2026-09-17 21:33:40 [INFO] [3892/4911] Processing: lSPNfjuh5ho_004.flac
2026-09-17 21:33:43 [INFO]   var_db=1.9925 dB
2026-09-17 21:33:43 [INFO] [3893/4911] Processing: lSPNfjuh5ho_005.flac
2026-09-17 21:33:44 [INFO]   var_db=43.2850 dB
2026-09-17 21:33:44 [INFO] [3894/4911] Processing: lZZoMgE8On4_000.flac
2026-09-17 21:33:49 [INFO]   var_db=40.8429 dB
2026-09-17 21:33:49 [INFO] [3895/4911] Processing: lZZoMgE8On4_001.flac
2026-09-17 21:33:53 [INFO]   var_db=18.1633 dB
2026-09-17 21:33:53 [INFO] [3896/4911] Processing: lZZoMgE8On4_002.flac
2026-09-17 21:33:56 [INFO]   var_db=16.1767 dB
2026-09-17 21:33:56 [INFO] [3897/4911] Processing: lZZoMgE8On4_003.flac
2026-09-17 21:33:58 [INFO]   var_db=10.0608 dB
2026-09-17 21:33:59 [INFO] [3898/4911] Processing: lZZoMgE8On4_004.flac
2026-09-17 21:34:01 [INFO]   var_db=9.6167 dB
2026-09-17 21:34:01 [INFO] [3899/4911] Processing: lZZoMgE8On4_005.flac
2026-09-17 21:34:05 [INFO]   var_db=7.5297 dB
2026-09-17 21:34:05 [INFO] [3900/4911] Processing: lZZoMgE8On4_006.flac
2026-09-17 21:34:08 [INFO]   var_db=9.9160 dB
2026-09-17 21:34:08 [INFO] [3901/4911] Processing: lZZoMgE8On4_007.flac
2026-09-17 21:34:11 [INFO]   var_db=10.0597 dB
2026-09-17 21:34:11 [INFO] [3902/4911] Processing: lZZoMgE8On4_008.flac
2026-09-17 21:34:12 [INFO]   var_db=8.0291 dB
2026-09-17 21:34:12 [INFO] [3903/4911] Processing: lZZoMgE8On4_009.flac
2026-09-17 21:34:16 [INFO]   var_db=9.0286 dB
2026-09-17 21:34:16 [INFO] [3904/4911] Processing: lZZoMgE8On4_010.flac
2026-09-17 21:34:19 [INFO]   var_db=11.3624 dB
2026-09-17 21:34:19 [INFO] [3905/4911] Processing: lZZoMgE8On4_011.flac
2026-09-17 21:34:20 [INFO]   var_db=11.3853 dB
2026-09-17 21:34:20 [INFO] [3906/4911] Processing: lZZoMgE8On4_012.flac
2026-09-17 21:34:22 [INFO]   var_db=13.1707 dB
2026-09-17 21:34:22 [INFO] [3907/4911] Processing: lZZoMgE8On4_013.flac
2026-09-17 21:34:24 [INFO]   var_db=8.8451 dB
2026-09-17 21:34:24 [INFO] [3908/4911] Processing: lZZoMgE8On4_014.flac
2026-09-17 21:34:29 [INFO]   var_db=9.2270 dB
2026-09-17 21:34:29 [INFO] [3909/4911] Processing: lZZoMgE8On4_015.flac
2026-09-17 21:34:34 [INFO]   var_db=12.0199 dB
2026-09-17 21:34:34 [INFO] [3910/4911] Processing: lZZoMgE8On4_016.flac
2026-09-17 21:34:37 [INFO]   var_db=18.9006 dB
2026-09-17 21:34:37 [INFO] [3911/4911] Processing: lZZoMgE8On4_017.flac
2026-09-17 21:34:38 [INFO]   var_db=43.5100 dB
2026-09-17 21:34:38 [INFO] [3912/4911] Processing: m6OSbnAy7zw_000.flac
2026-09-17 21:34:47 [INFO]   var_db=41.8174 dB
2026-09-17 21:34:47 [INFO] [3913/4911] Processing: m6OSbnAy7zw_001.flac
2026-09-17 21:34:56 [INFO]   var_db=42.4883 dB
2026-09-17 21:34:56 [INFO] [3914/4911] Processing: m6OSbnAy7zw_002.flac
2026-09-17 21:34:59 [INFO]   var_db=5.7792 dB
2026-09-17 21:34:59 [INFO] [3915/4911] Processing: m6OSbnAy7zw_003.flac
2026-09-17 21:35:00 [INFO]   var_db=6.3671 dB
2026-09-17 21:35:00 [INFO] [3916/4911] Processing: mAY9rHmQCFE_000.flac
2026-09-17 21:35:03 [INFO]   var_db=8.6829 dB
2026-09-17 21:35:03 [INFO] [3917/4911] Processing: mAY9rHmQCFE_001.flac
2026-09-17 21:35:12 [INFO]   var_db=9.6861 dB
2026-09-17 21:35:12 [INFO] [3918/4911] Processing: mAY9rHmQCFE_002.flac
2026-09-17 21:35:13 [INFO]   var_db=6.3387 dB
2026-09-17 21:35:13 [INFO] [3919/4911] Processing: mh2gkX1tceE_000.flac
2026-09-17 21:35:16 [INFO]   var_db=20.9159 dB
2026-09-17 21:35:16 [INFO] [3920/4911] Processing: mh2gkX1tceE_001.flac
2026-09-17 21:35:18 [INFO]   var_db=42.5555 dB
2026-09-17 21:35:18 [INFO] [3921/4911] Processing: mh2gkX1tceE_002.flac
2026-09-17 21:35:27 [INFO]   var_db=43.4374 dB
2026-09-17 21:35:27 [INFO] [3922/4911] Processing: mh2gkX1tceE_003.flac
2026-09-17 21:35:30 [INFO]   var_db=44.0466 dB
2026-09-17 21:35:30 [INFO] [3923/4911] Processing: mlNSL9Bt5dw_000.flac
2026-09-17 21:35:33 [INFO]   var_db=17.6329 dB
2026-09-17 21:35:33 [INFO] [3924/4911] Processing: mlNSL9Bt5dw_001.flac
2026-09-17 21:35:39 [INFO]   var_db=43.7322 dB
2026-09-17 21:35:39 [INFO] [3925/4911] Processing: mlNSL9Bt5dw_002.flac
2026-09-17 21:35:47 [INFO]   var_db=15.5804 dB
2026-09-17 21:35:47 [INFO] [3926/4911] Processing: mlNSL9Bt5dw_003.flac
2026-09-17 21:35:56 [INFO]   var_db=9.2834 dB
2026-09-17 21:35:56 [INFO] [3927/4911] Processing: mlNSL9Bt5dw_004.flac
2026-09-17 21:36:00 [INFO]   var_db=7.1574 dB
2026-09-17 21:36:00 [INFO] [3928/4911] Processing: mlNSL9Bt5dw_005.flac
2026-09-17 21:36:04 [INFO]   var_db=6.4683 dB
2026-09-17 21:36:04 [INFO] [3929/4911] Processing: mlNSL9Bt5dw_006.flac
2026-09-17 21:36:09 [INFO]   var_db=19.9913 dB
2026-09-17 21:36:09 [INFO] [3930/4911] Processing: mlNSL9Bt5dw_007.flac
2026-09-17 21:36:15 [INFO]   var_db=3.6022 dB
2026-09-17 21:36:15 [INFO] [3931/4911] Processing: mlNSL9Bt5dw_008.flac
2026-09-17 21:36:17 [INFO]   var_db=6.3119 dB
2026-09-17 21:36:17 [INFO] [3932/4911] Processing: myyXZNJtXoM_000.flac
2026-09-17 21:36:25 [INFO]   var_db=4.4344 dB
2026-09-17 21:36:25 [INFO] [3933/4911] Processing: myyXZNJtXoM_001.flac
2026-09-17 21:36:28 [INFO]   var_db=4.8762 dB
2026-09-17 21:36:28 [INFO] [3934/4911] Processing: myyXZNJtXoM_002.flac
2026-09-17 21:36:29 [INFO]   var_db=8.1866 dB
2026-09-17 21:36:29 [INFO] [3935/4911] Processing: n3ZQI3jtmuE_000.flac
2026-09-17 21:36:32 [INFO]   var_db=46.2290 dB
2026-09-17 21:36:32 [INFO] [3936/4911] Processing: n3ZQI3jtmuE_001.flac
2026-09-17 21:36:38 [INFO]   var_db=25.3514 dB
2026-09-17 21:36:38 [INFO] [3937/4911] Processing: n3ZQI3jtmuE_002.flac
2026-09-17 21:36:39 [INFO]   var_db=10.0515 dB
2026-09-17 21:36:39 [INFO] [3938/4911] Processing: n584e3exz7Y_000.flac
2026-09-17 21:36:41 [INFO]   var_db=43.6730 dB
2026-09-17 21:36:41 [INFO] [3939/4911] Processing: n584e3exz7Y_001.flac
2026-09-17 21:36:45 [INFO]   var_db=26.7241 dB
2026-09-17 21:36:45 [INFO] [3940/4911] Processing: n584e3exz7Y_002.flac
2026-09-17 21:36:49 [INFO]   var_db=17.7701 dB
2026-09-17 21:36:49 [INFO] [3941/4911] Processing: n584e3exz7Y_003.flac
2026-09-17 21:36:50 [INFO]   var_db=44.2664 dB
2026-09-17 21:36:50 [INFO] [3942/4911] Processing: n584e3exz7Y_004.flac
2026-09-17 21:36:54 [INFO]   var_db=25.6142 dB
2026-09-17 21:36:54 [INFO] [3943/4911] Processing: n584e3exz7Y_005.flac
2026-09-17 21:36:55 [INFO]   var_db=43.9020 dB
2026-09-17 21:36:55 [INFO] [3944/4911] Processing: n584e3exz7Y_006.flac
2026-09-17 21:36:58 [INFO]   var_db=30.9457 dB
2026-09-17 21:36:58 [INFO] [3945/4911] Processing: n584e3exz7Y_007.flac
2026-09-17 21:37:01 [INFO]   var_db=37.8222 dB
2026-09-17 21:37:01 [INFO] [3946/4911] Processing: n584e3exz7Y_008.flac
2026-09-17 21:37:02 [INFO]   var_db=38.7979 dB
2026-09-17 21:37:02 [INFO] [3947/4911] Processing: n584e3exz7Y_009.flac
2026-09-17 21:37:04 [INFO]   var_db=42.3757 dB
2026-09-17 21:37:04 [INFO] [3948/4911] Processing: n584e3exz7Y_010.flac
2026-09-17 21:37:10 [INFO]   var_db=40.2627 dB
2026-09-17 21:37:10 [INFO] [3949/4911] Processing: n584e3exz7Y_011.flac
2026-09-17 21:37:11 [INFO]   var_db=41.2892 dB
2026-09-17 21:37:11 [INFO] [3950/4911] Processing: n584e3exz7Y_012.flac
2026-09-17 21:37:18 [INFO]   var_db=39.5241 dB
2026-09-17 21:37:18 [INFO] [3951/4911] Processing: n584e3exz7Y_013.flac
2026-09-17 21:37:19 [INFO]   var_db=44.0358 dB
2026-09-17 21:37:19 [INFO] [3952/4911] Processing: n584e3exz7Y_014.flac
2026-09-17 21:37:20 [INFO]   var_db=45.4593 dB
2026-09-17 21:37:20 [INFO] [3953/4911] Processing: n584e3exz7Y_015.flac
2026-09-17 21:37:22 [INFO]   var_db=36.0690 dB
2026-09-17 21:37:22 [INFO] [3954/4911] Processing: n584e3exz7Y_016.flac
2026-09-17 21:37:23 [INFO]   var_db=41.4983 dB
2026-09-17 21:37:23 [INFO] [3955/4911] Processing: n584e3exz7Y_017.flac
2026-09-17 21:37:25 [INFO]   var_db=34.1688 dB
2026-09-17 21:37:25 [INFO] [3956/4911] Processing: n584e3exz7Y_018.flac
2026-09-17 21:37:26 [INFO]   var_db=41.6838 dB
2026-09-17 21:37:26 [INFO] [3957/4911] Processing: n584e3exz7Y_019.flac
2026-09-17 21:37:28 [INFO]   var_db=42.2495 dB
2026-09-17 21:37:28 [INFO] [3958/4911] Processing: n584e3exz7Y_020.flac
2026-09-17 21:37:29 [INFO]   var_db=41.1898 dB
2026-09-17 21:37:29 [INFO] [3959/4911] Processing: n584e3exz7Y_021.flac
2026-09-17 21:37:32 [INFO]   var_db=43.5850 dB
2026-09-17 21:37:32 [INFO] [3960/4911] Processing: n584e3exz7Y_022.flac
2026-09-17 21:37:33 [INFO]   var_db=38.5688 dB
2026-09-17 21:37:33 [INFO] [3961/4911] Processing: n584e3exz7Y_023.flac
2026-09-17 21:37:35 [INFO]   var_db=40.1083 dB
2026-09-17 21:37:35 [INFO] [3962/4911] Processing: n584e3exz7Y_024.flac
2026-09-17 21:37:36 [INFO]   var_db=40.2744 dB
2026-09-17 21:37:36 [INFO] [3963/4911] Processing: n584e3exz7Y_025.flac
2026-09-17 21:37:38 [INFO]   var_db=36.9467 dB
2026-09-17 21:37:38 [INFO] [3964/4911] Processing: n584e3exz7Y_026.flac
2026-09-17 21:37:39 [INFO]   var_db=36.3275 dB
2026-09-17 21:37:39 [INFO] [3965/4911] Processing: n584e3exz7Y_027.flac
2026-09-17 21:37:41 [INFO]   var_db=41.4676 dB
2026-09-17 21:37:41 [INFO] [3966/4911] Processing: n584e3exz7Y_028.flac
2026-09-17 21:37:42 [INFO]   var_db=42.0864 dB
2026-09-17 21:37:42 [INFO] [3967/4911] Processing: n584e3exz7Y_029.flac
2026-09-17 21:37:44 [INFO]   var_db=38.5969 dB
2026-09-17 21:37:44 [INFO] [3968/4911] Processing: n584e3exz7Y_030.flac
2026-09-17 21:37:46 [INFO]   var_db=40.1606 dB
2026-09-17 21:37:46 [INFO] [3969/4911] Processing: n584e3exz7Y_031.flac
2026-09-17 21:37:47 [INFO]   var_db=41.7491 dB
2026-09-17 21:37:47 [INFO] [3970/4911] Processing: n584e3exz7Y_032.flac
2026-09-17 21:37:48 [INFO]   var_db=46.2617 dB
2026-09-17 21:37:48 [INFO] [3971/4911] Processing: n584e3exz7Y_033.flac
2026-09-17 21:37:50 [INFO]   var_db=44.9345 dB
2026-09-17 21:37:50 [INFO] [3972/4911] Processing: n584e3exz7Y_034.flac
2026-09-17 21:37:52 [INFO]   var_db=35.1095 dB
2026-09-17 21:37:52 [INFO] [3973/4911] Processing: n584e3exz7Y_035.flac
2026-09-17 21:37:58 [INFO]   var_db=42.7898 dB
2026-09-17 21:37:58 [INFO] [3974/4911] Processing: n584e3exz7Y_036.flac
2026-09-17 21:38:01 [INFO]   var_db=20.4964 dB
2026-09-17 21:38:01 [INFO] [3975/4911] Processing: n584e3exz7Y_037.flac
2026-09-17 21:38:03 [INFO]   var_db=41.6848 dB
2026-09-17 21:38:03 [INFO] [3976/4911] Processing: nCgFcwX9xMw_000.flac
2026-09-17 21:38:14 [INFO]   var_db=13.6594 dB
2026-09-17 21:38:14 [INFO] [3977/4911] Processing: nCgFcwX9xMw_001.flac
2026-09-17 21:38:18 [INFO]   var_db=13.3376 dB
2026-09-17 21:38:18 [INFO] [3978/4911] Processing: nCgFcwX9xMw_002.flac
2026-09-17 21:38:19 [INFO]   var_db=7.9161 dB
2026-09-17 21:38:19 [INFO] [3979/4911] Processing: nCgFcwX9xMw_003.flac
2026-09-17 21:38:22 [INFO]   var_db=12.8614 dB
2026-09-17 21:38:22 [INFO] [3980/4911] Processing: nCgFcwX9xMw_004.flac
2026-09-17 21:38:24 [INFO]   var_db=41.8523 dB
2026-09-17 21:38:24 [INFO] [3981/4911] Processing: nKEgFhap4q0_000.flac
2026-09-17 21:38:25 [INFO]   var_db=39.7127 dB
2026-09-17 21:38:25 [INFO] [3982/4911] Processing: nKEgFhap4q0_001.flac
2026-09-17 21:38:28 [INFO]   var_db=43.1084 dB
2026-09-17 21:38:28 [INFO] [3983/4911] Processing: nKEgFhap4q0_002.flac
2026-09-17 21:38:32 [INFO]   var_db=43.2762 dB
2026-09-17 21:38:32 [INFO] [3984/4911] Processing: nKEgFhap4q0_003.flac
2026-09-17 21:38:35 [INFO]   var_db=42.2770 dB
2026-09-17 21:38:35 [INFO] [3985/4911] Processing: nKEgFhap4q0_004.flac
2026-09-17 21:38:42 [INFO]   var_db=14.0287 dB
2026-09-17 21:38:42 [INFO] [3986/4911] Processing: nKEgFhap4q0_005.flac
2026-09-17 21:38:50 [INFO]   var_db=9.2886 dB
2026-09-17 21:38:50 [INFO] [3987/4911] Processing: nKEgFhap4q0_006.flac
2026-09-17 21:39:00 [INFO]   var_db=9.2476 dB
2026-09-17 21:39:00 [INFO] [3988/4911] Processing: nKEgFhap4q0_007.flac
2026-09-17 21:39:05 [INFO]   var_db=12.3101 dB
2026-09-17 21:39:05 [INFO] [3989/4911] Processing: nKEgFhap4q0_008.flac
2026-09-17 21:39:07 [INFO]   var_db=40.0268 dB
2026-09-17 21:39:07 [INFO] [3990/4911] Processing: nKEgFhap4q0_009.flac
2026-09-17 21:39:17 [INFO]   var_db=14.2645 dB
2026-09-17 21:39:17 [INFO] [3991/4911] Processing: nKEgFhap4q0_010.flac
2026-09-17 21:39:20 [INFO]   var_db=8.5220 dB
2026-09-17 21:39:20 [INFO] [3992/4911] Processing: nKEgFhap4q0_011.flac
2026-09-17 21:39:24 [INFO]   var_db=22.9935 dB
2026-09-17 21:39:24 [INFO] [3993/4911] Processing: nKEgFhap4q0_012.flac
2026-09-17 21:39:25 [INFO]   var_db=43.2029 dB
2026-09-17 21:39:25 [INFO] [3994/4911] Processing: naqbrcuqhYc_000.flac
2026-09-17 21:39:28 [INFO]   var_db=17.9788 dB
2026-09-17 21:39:28 [INFO] [3995/4911] Processing: naqbrcuqhYc_001.flac
2026-09-17 21:39:34 [INFO]   var_db=9.3875 dB
2026-09-17 21:39:34 [INFO] [3996/4911] Processing: naqbrcuqhYc_002.flac
2026-09-17 21:39:35 [INFO]   var_db=9.3628 dB
2026-09-17 21:39:35 [INFO] [3997/4911] Processing: naqbrcuqhYc_003.flac
2026-09-17 21:39:42 [INFO]   var_db=6.7181 dB
2026-09-17 21:39:42 [INFO] [3998/4911] Processing: naqbrcuqhYc_004.flac
2026-09-17 21:39:52 [INFO]   var_db=7.1978 dB
2026-09-17 21:39:52 [INFO] [3999/4911] Processing: naqbrcuqhYc_005.flac
2026-09-17 21:39:57 [INFO]   var_db=8.2308 dB
2026-09-17 21:39:57 [INFO] [4000/4911] Processing: naqbrcuqhYc_006.flac
2026-09-17 21:40:01 [INFO]   var_db=7.0463 dB
2026-09-17 21:40:01 [INFO] [4001/4911] Processing: naqbrcuqhYc_007.flac
2026-09-17 21:40:05 [INFO]   var_db=7.7430 dB
2026-09-17 21:40:05 [INFO] [4002/4911] Processing: naqbrcuqhYc_008.flac
2026-09-17 21:40:14 [INFO]   var_db=7.7000 dB
2026-09-17 21:40:14 [INFO] [4003/4911] Processing: naqbrcuqhYc_009.flac
2026-09-17 21:40:18 [INFO]   var_db=8.3205 dB
2026-09-17 21:40:18 [INFO] [4004/4911] Processing: naqbrcuqhYc_010.flac
2026-09-17 21:40:21 [INFO]   var_db=4.8833 dB
2026-09-17 21:40:21 [INFO] [4005/4911] Processing: naqbrcuqhYc_011.flac
2026-09-17 21:40:23 [INFO]   var_db=8.0174 dB
2026-09-17 21:40:23 [INFO] [4006/4911] Processing: naqbrcuqhYc_012.flac
2026-09-17 21:40:28 [INFO]   var_db=7.7598 dB
2026-09-17 21:40:28 [INFO] [4007/4911] Processing: naqbrcuqhYc_013.flac
2026-09-17 21:40:31 [INFO]   var_db=12.0080 dB
2026-09-17 21:40:31 [INFO] [4008/4911] Processing: naqbrcuqhYc_014.flac
2026-09-17 21:40:33 [INFO]   var_db=23.4236 dB
2026-09-17 21:40:33 [INFO] [4009/4911] Processing: naqbrcuqhYc_015.flac
2026-09-17 21:40:35 [INFO]   var_db=43.3636 dB
2026-09-17 21:40:35 [INFO] [4010/4911] Processing: ncIeYYcpTHQ_000.flac
2026-09-17 21:40:38 [INFO]   var_db=23.8231 dB
2026-09-17 21:40:38 [INFO] [4011/4911] Processing: ncIeYYcpTHQ_001.flac
2026-09-17 21:40:48 [INFO]   var_db=10.0769 dB
2026-09-17 21:40:48 [INFO] [4012/4911] Processing: ncIeYYcpTHQ_002.flac
2026-09-17 21:40:58 [INFO]   var_db=6.5343 dB
2026-09-17 21:40:58 [INFO] [4013/4911] Processing: ncIeYYcpTHQ_003.flac
2026-09-17 21:41:05 [INFO]   var_db=5.8403 dB
2026-09-17 21:41:05 [INFO] [4014/4911] Processing: ncIeYYcpTHQ_004.flac
2026-09-17 21:41:06 [INFO]   var_db=6.2807 dB
2026-09-17 21:41:06 [INFO] [4015/4911] Processing: nfRHPZcp-0Y_000.flac
2026-09-17 21:41:12 [INFO]   var_db=4.3329 dB
2026-09-17 21:41:12 [INFO] [4016/4911] Processing: nfRHPZcp-0Y_001.flac
2026-09-17 21:41:17 [INFO]   var_db=4.6076 dB
2026-09-17 21:41:17 [INFO] [4017/4911] Processing: nfRHPZcp-0Y_002.flac
2026-09-17 21:41:20 [INFO]   var_db=3.5508 dB
2026-09-17 21:41:20 [INFO] [4018/4911] Processing: nfRHPZcp-0Y_003.flac
2026-09-17 21:41:22 [INFO]   var_db=6.2634 dB
2026-09-17 21:41:22 [INFO] [4019/4911] Processing: ngkZnFdgUGo_000.flac
2026-09-17 21:41:30 [INFO]   var_db=10.1929 dB
2026-09-17 21:41:30 [INFO] [4020/4911] Processing: ngkZnFdgUGo_001.flac
2026-09-17 21:41:39 [INFO]   var_db=5.2845 dB
2026-09-17 21:41:39 [INFO] [4021/4911] Processing: ngkZnFdgUGo_002.flac
2026-09-17 21:41:48 [INFO]   var_db=5.0228 dB
2026-09-17 21:41:48 [INFO] [4022/4911] Processing: ngkZnFdgUGo_003.flac
2026-09-17 21:41:56 [INFO]   var_db=4.9179 dB
2026-09-17 21:41:56 [INFO] [4023/4911] Processing: ngkZnFdgUGo_004.flac
2026-09-17 21:42:06 [INFO]   var_db=5.2069 dB
2026-09-17 21:42:06 [INFO] [4024/4911] Processing: ngkZnFdgUGo_005.flac
2026-09-17 21:42:08 [INFO]   var_db=8.0676 dB
2026-09-17 21:42:08 [INFO] [4025/4911] Processing: ngkZnFdgUGo_006.flac
2026-09-17 21:42:11 [INFO]   var_db=6.2303 dB
2026-09-17 21:42:11 [INFO] [4026/4911] Processing: ngkZnFdgUGo_007.flac
2026-09-17 21:42:19 [INFO]   var_db=5.4613 dB
2026-09-17 21:42:19 [INFO] [4027/4911] Processing: ngkZnFdgUGo_008.flac
2026-09-17 21:42:27 [INFO]   var_db=3.9476 dB
2026-09-17 21:42:27 [INFO] [4028/4911] Processing: ngkZnFdgUGo_009.flac
2026-09-17 21:42:29 [INFO]   var_db=11.2712 dB
2026-09-17 21:42:29 [INFO] [4029/4911] Processing: ngkZnFdgUGo_010.flac
2026-09-17 21:42:32 [INFO]   var_db=20.5590 dB
2026-09-17 21:42:32 [INFO] [4030/4911] Processing: ngkZnFdgUGo_011.flac
2026-09-17 21:42:34 [INFO]   var_db=42.8673 dB
2026-09-17 21:42:34 [INFO] [4031/4911] Processing: nvTbhTrDJI0_000.flac
2026-09-17 21:42:35 [INFO]   var_db=17.1866 dB
2026-09-17 21:42:35 [INFO] [4032/4911] Processing: nvTbhTrDJI0_001.flac
2026-09-17 21:42:37 [INFO]   var_db=18.4154 dB
2026-09-17 21:42:37 [INFO] [4033/4911] Processing: nvTbhTrDJI0_002.flac
2026-09-17 21:42:38 [INFO]   var_db=6.1514 dB
2026-09-17 21:42:38 [INFO] [4034/4911] Processing: nvTbhTrDJI0_003.flac
2026-09-17 21:42:39 [INFO]   var_db=8.3218 dB
2026-09-17 21:42:39 [INFO] [4035/4911] Processing: nvTbhTrDJI0_004.flac
2026-09-17 21:42:41 [INFO]   var_db=9.7502 dB
2026-09-17 21:42:41 [INFO] [4036/4911] Processing: nvTbhTrDJI0_005.flac
2026-09-17 21:42:42 [INFO]   var_db=8.9013 dB
2026-09-17 21:42:42 [INFO] [4037/4911] Processing: nvTbhTrDJI0_006.flac
2026-09-17 21:42:47 [INFO]   var_db=6.6613 dB
2026-09-17 21:42:47 [INFO] [4038/4911] Processing: nvTbhTrDJI0_007.flac
2026-09-17 21:42:48 [INFO]   var_db=7.5261 dB
2026-09-17 21:42:48 [INFO] [4039/4911] Processing: nvTbhTrDJI0_008.flac
2026-09-17 21:42:49 [INFO]   var_db=9.2171 dB
2026-09-17 21:42:49 [INFO] [4040/4911] Processing: nvTbhTrDJI0_009.flac
2026-09-17 21:42:52 [INFO]   var_db=10.3829 dB
2026-09-17 21:42:52 [INFO] [4041/4911] Processing: nvTbhTrDJI0_010.flac
2026-09-17 21:42:55 [INFO]   var_db=3.4911 dB
2026-09-17 21:42:55 [INFO] [4042/4911] Processing: nvTbhTrDJI0_011.flac
2026-09-17 21:42:56 [INFO]   var_db=6.2032 dB
2026-09-17 21:42:56 [INFO] [4043/4911] Processing: nx01uWRkqlQ_000.flac
2026-09-17 21:43:03 [INFO]   var_db=43.4531 dB
2026-09-17 21:43:03 [INFO] [4044/4911] Processing: nx01uWRkqlQ_001.flac
2026-09-17 21:43:12 [INFO]   var_db=10.7711 dB
2026-09-17 21:43:12 [INFO] [4045/4911] Processing: nx01uWRkqlQ_002.flac
2026-09-17 21:43:18 [INFO]   var_db=8.0489 dB
2026-09-17 21:43:18 [INFO] [4046/4911] Processing: nx01uWRkqlQ_003.flac
2026-09-17 21:43:24 [INFO]   var_db=9.0592 dB
2026-09-17 21:43:24 [INFO] [4047/4911] Processing: nx01uWRkqlQ_004.flac
2026-09-17 21:43:30 [INFO]   var_db=12.3126 dB
2026-09-17 21:43:30 [INFO] [4048/4911] Processing: nx01uWRkqlQ_005.flac
2026-09-17 21:43:38 [INFO]   var_db=8.1737 dB
2026-09-17 21:43:38 [INFO] [4049/4911] Processing: nx01uWRkqlQ_006.flac
2026-09-17 21:43:46 [INFO]   var_db=7.1443 dB
2026-09-17 21:43:46 [INFO] [4050/4911] Processing: nx01uWRkqlQ_007.flac
2026-09-17 21:43:49 [INFO]   var_db=6.6060 dB
2026-09-17 21:43:49 [INFO] [4051/4911] Processing: nx01uWRkqlQ_008.flac
2026-09-17 21:43:58 [INFO]   var_db=9.3054 dB
2026-09-17 21:43:58 [INFO] [4052/4911] Processing: nx01uWRkqlQ_009.flac
2026-09-17 21:44:02 [INFO]   var_db=6.7577 dB
2026-09-17 21:44:02 [INFO] [4053/4911] Processing: nx01uWRkqlQ_010.flac
2026-09-17 21:44:05 [INFO]   var_db=6.7754 dB
2026-09-17 21:44:05 [INFO] [4054/4911] Processing: nx01uWRkqlQ_011.flac
2026-09-17 21:44:11 [INFO]   var_db=8.8545 dB
2026-09-17 21:44:11 [INFO] [4055/4911] Processing: nx01uWRkqlQ_012.flac
2026-09-17 21:44:12 [INFO]   var_db=10.0972 dB
2026-09-17 21:44:12 [INFO] [4056/4911] Processing: nx01uWRkqlQ_013.flac
2026-09-17 21:44:15 [INFO]   var_db=20.2098 dB
2026-09-17 21:44:15 [INFO] [4057/4911] Processing: nx01uWRkqlQ_014.flac
2026-09-17 21:44:17 [INFO]   var_db=43.3567 dB
2026-09-17 21:44:17 [INFO] [4058/4911] Processing: o0tTotoFe5M_000.flac
2026-09-17 21:44:18 [INFO]   var_db=8.0978 dB
2026-09-17 21:44:18 [INFO] [4059/4911] Processing: o0tTotoFe5M_001.flac
2026-09-17 21:44:21 [INFO]   var_db=11.0770 dB
2026-09-17 21:44:21 [INFO] [4060/4911] Processing: o0tTotoFe5M_002.flac
2026-09-17 21:44:24 [INFO]   var_db=15.7189 dB
2026-09-17 21:44:24 [INFO] [4061/4911] Processing: o0tTotoFe5M_003.flac
2026-09-17 21:44:29 [INFO]   var_db=7.5836 dB
2026-09-17 21:44:29 [INFO] [4062/4911] Processing: o0tTotoFe5M_004.flac
2026-09-17 21:44:32 [INFO]   var_db=10.8542 dB
2026-09-17 21:44:32 [INFO] [4063/4911] Processing: o0tTotoFe5M_005.flac
2026-09-17 21:44:40 [INFO]   var_db=8.8344 dB
2026-09-17 21:44:40 [INFO] [4064/4911] Processing: o0tTotoFe5M_006.flac
2026-09-17 21:44:43 [INFO]   var_db=8.5399 dB
2026-09-17 21:44:43 [INFO] [4065/4911] Processing: o0tTotoFe5M_007.flac
2026-09-17 21:44:48 [INFO]   var_db=9.2372 dB
2026-09-17 21:44:48 [INFO] [4066/4911] Processing: o0tTotoFe5M_008.flac
2026-09-17 21:44:57 [INFO]   var_db=8.8484 dB
2026-09-17 21:44:57 [INFO] [4067/4911] Processing: o0tTotoFe5M_009.flac
2026-09-17 21:45:03 [INFO]   var_db=9.1490 dB
2026-09-17 21:45:03 [INFO] [4068/4911] Processing: o0tTotoFe5M_010.flac
2026-09-17 21:45:08 [INFO]   var_db=10.7175 dB
2026-09-17 21:45:08 [INFO] [4069/4911] Processing: o0tTotoFe5M_011.flac
2026-09-17 21:45:11 [INFO]   var_db=11.1944 dB
2026-09-17 21:45:11 [INFO] [4070/4911] Processing: o0tTotoFe5M_012.flac
2026-09-17 21:45:12 [INFO]   var_db=7.3100 dB
2026-09-17 21:45:12 [INFO] [4071/4911] Processing: o0tTotoFe5M_013.flac
2026-09-17 21:45:13 [INFO]   var_db=12.7682 dB
2026-09-17 21:45:13 [INFO] [4072/4911] Processing: o0tTotoFe5M_014.flac
2026-09-17 21:45:15 [INFO]   var_db=9.8941 dB
2026-09-17 21:45:15 [INFO] [4073/4911] Processing: o0tTotoFe5M_015.flac
2026-09-17 21:45:17 [INFO]   var_db=25.3324 dB
2026-09-17 21:45:17 [INFO] [4074/4911] Processing: o0tTotoFe5M_016.flac
2026-09-17 21:45:18 [INFO]   var_db=27.7195 dB
2026-09-17 21:45:18 [INFO] [4075/4911] Processing: o0tTotoFe5M_017.flac
2026-09-17 21:45:21 [INFO]   var_db=24.5690 dB
2026-09-17 21:45:21 [INFO] [4076/4911] Processing: o0tTotoFe5M_018.flac
2026-09-17 21:45:24 [INFO]   var_db=31.2757 dB
2026-09-17 21:45:24 [INFO] [4077/4911] Processing: o0tTotoFe5M_019.flac
2026-09-17 21:45:27 [INFO]   var_db=30.7698 dB
2026-09-17 21:45:27 [INFO] [4078/4911] Processing: o0tTotoFe5M_020.flac
2026-09-17 21:45:30 [INFO]   var_db=36.7786 dB
2026-09-17 21:45:30 [INFO] [4079/4911] Processing: o0tTotoFe5M_021.flac
2026-09-17 21:45:34 [INFO]   var_db=32.6713 dB
2026-09-17 21:45:34 [INFO] [4080/4911] Processing: o0tTotoFe5M_022.flac
2026-09-17 21:45:37 [INFO]   var_db=9.3904 dB
2026-09-17 21:45:37 [INFO] [4081/4911] Processing: o0tTotoFe5M_023.flac
2026-09-17 21:45:38 [INFO]   var_db=11.9073 dB
2026-09-17 21:45:38 [INFO] [4082/4911] Processing: o0tTotoFe5M_024.flac
2026-09-17 21:45:43 [INFO]   var_db=14.7798 dB
2026-09-17 21:45:43 [INFO] [4083/4911] Processing: o0tTotoFe5M_025.flac
2026-09-17 21:45:50 [INFO]   var_db=12.1621 dB
2026-09-17 21:45:50 [INFO] [4084/4911] Processing: o0tTotoFe5M_026.flac
2026-09-17 21:45:55 [INFO]   var_db=12.2625 dB
2026-09-17 21:45:55 [INFO] [4085/4911] Processing: o0tTotoFe5M_027.flac
2026-09-17 21:46:02 [INFO]   var_db=14.4050 dB
2026-09-17 21:46:02 [INFO] [4086/4911] Processing: o0tTotoFe5M_028.flac
2026-09-17 21:46:09 [INFO]   var_db=11.3692 dB
2026-09-17 21:46:09 [INFO] [4087/4911] Processing: o0tTotoFe5M_029.flac
2026-09-17 21:46:12 [INFO]   var_db=19.9487 dB
2026-09-17 21:46:12 [INFO] [4088/4911] Processing: o0tTotoFe5M_030.flac
2026-09-17 21:46:13 [INFO]   var_db=43.1193 dB
2026-09-17 21:46:13 [INFO] [4089/4911] Processing: oHqPUYmq_Ug_000.flac
2026-09-17 21:46:14 [INFO]   var_db=16.6395 dB
2026-09-17 21:46:14 [INFO] [4090/4911] Processing: oHqPUYmq_Ug_001.flac
2026-09-17 21:46:19 [INFO]   var_db=17.2910 dB
2026-09-17 21:46:19 [INFO] [4091/4911] Processing: oHqPUYmq_Ug_002.flac
2026-09-17 21:46:20 [INFO]   var_db=13.3819 dB
2026-09-17 21:46:20 [INFO] [4092/4911] Processing: oHqPUYmq_Ug_003.flac
2026-09-17 21:46:22 [INFO]   var_db=10.1265 dB
2026-09-17 21:46:22 [INFO] [4093/4911] Processing: oHqPUYmq_Ug_004.flac
2026-09-17 21:46:24 [INFO]   var_db=3.2692 dB
2026-09-17 21:46:24 [INFO] [4094/4911] Processing: oHqPUYmq_Ug_005.flac
2026-09-17 21:46:26 [INFO]   var_db=6.2602 dB
2026-09-17 21:46:26 [INFO] [4095/4911] Processing: oRhMEzUTOYU_000.flac
2026-09-17 21:46:34 [INFO]   var_db=10.3596 dB
2026-09-17 21:46:34 [INFO] [4096/4911] Processing: oRhMEzUTOYU_001.flac
2026-09-17 21:46:39 [INFO]   var_db=5.6746 dB
2026-09-17 21:46:39 [INFO] [4097/4911] Processing: oRhMEzUTOYU_002.flac
2026-09-17 21:46:40 [INFO]   var_db=6.3869 dB
2026-09-17 21:46:40 [INFO] [4098/4911] Processing: o__z0xfi-DY_000.flac
2026-09-17 21:46:45 [INFO]   var_db=46.6146 dB
2026-09-17 21:46:45 [INFO] [4099/4911] Processing: o__z0xfi-DY_001.flac
2026-09-17 21:46:48 [INFO]   var_db=18.7773 dB
2026-09-17 21:46:48 [INFO] [4100/4911] Processing: o__z0xfi-DY_002.flac
2026-09-17 21:46:50 [INFO]   var_db=43.0571 dB
2026-09-17 21:46:50 [INFO] [4101/4911] Processing: ofwQOtQzB_M_000.flac
2026-09-17 21:46:51 [INFO]   var_db=39.4683 dB
2026-09-17 21:46:51 [INFO] [4102/4911] Processing: ofwQOtQzB_M_001.flac
2026-09-17 21:47:00 [INFO]   var_db=8.8633 dB
2026-09-17 21:47:00 [INFO] [4103/4911] Processing: ofwQOtQzB_M_002.flac
2026-09-17 21:47:05 [INFO]   var_db=5.3683 dB
2026-09-17 21:47:05 [INFO] [4104/4911] Processing: ofwQOtQzB_M_003.flac
2026-09-17 21:47:15 [INFO]   var_db=5.8174 dB
2026-09-17 21:47:15 [INFO] [4105/4911] Processing: ofwQOtQzB_M_004.flac
2026-09-17 21:47:16 [INFO]   var_db=3.0509 dB
2026-09-17 21:47:16 [INFO] [4106/4911] Processing: ofwQOtQzB_M_005.flac
2026-09-17 21:47:17 [INFO]   var_db=38.8932 dB
2026-09-17 21:47:17 [INFO] [4107/4911] Processing: ofwQOtQzB_M_006.flac
2026-09-17 21:47:20 [INFO]   var_db=21.2320 dB
2026-09-17 21:47:20 [INFO] [4108/4911] Processing: ofwQOtQzB_M_007.flac
2026-09-17 21:47:22 [INFO]   var_db=42.1634 dB
2026-09-17 21:47:22 [INFO] [4109/4911] Processing: p-QSXN8bce4_000.flac
2026-09-17 21:47:24 [INFO]   var_db=6.4437 dB
2026-09-17 21:47:24 [INFO] [4110/4911] Processing: p-QSXN8bce4_001.flac
2026-09-17 21:47:29 [INFO]   var_db=14.1127 dB
2026-09-17 21:47:29 [INFO] [4111/4911] Processing: p-QSXN8bce4_002.flac
2026-09-17 21:47:38 [INFO]   var_db=12.5622 dB
2026-09-17 21:47:38 [INFO] [4112/4911] Processing: p-QSXN8bce4_003.flac
2026-09-17 21:47:47 [INFO]   var_db=12.9822 dB
2026-09-17 21:47:47 [INFO] [4113/4911] Processing: p-QSXN8bce4_004.flac
2026-09-17 21:47:48 [INFO]   var_db=13.9876 dB
2026-09-17 21:47:48 [INFO] [4114/4911] Processing: p-QSXN8bce4_005.flac
2026-09-17 21:47:51 [INFO]   var_db=19.1224 dB
2026-09-17 21:47:51 [INFO] [4115/4911] Processing: p-QSXN8bce4_006.flac
2026-09-17 21:47:52 [INFO]   var_db=43.3794 dB
2026-09-17 21:47:52 [INFO] [4116/4911] Processing: p0JmhpXQ2rw_000.flac
2026-09-17 21:48:00 [INFO]   var_db=12.5630 dB
2026-09-17 21:48:00 [INFO] [4117/4911] Processing: p0JmhpXQ2rw_001.flac
2026-09-17 21:48:01 [INFO]   var_db=-47.4669 dB
2026-09-17 21:48:01 [INFO] [4118/4911] Processing: p0JmhpXQ2rw_002.flac
2026-09-17 21:48:04 [INFO]   var_db=3.7939 dB
2026-09-17 21:48:04 [INFO] [4119/4911] Processing: p0JmhpXQ2rw_003.flac
2026-09-17 21:48:05 [INFO]   var_db=6.2313 dB
2026-09-17 21:48:05 [INFO] [4120/4911] Processing: p4Lb0PUk7U4_000.flac
2026-09-17 21:48:07 [INFO]   var_db=14.3931 dB
2026-09-17 21:48:07 [INFO] [4121/4911] Processing: p4Lb0PUk7U4_001.flac
2026-09-17 21:48:08 [INFO]   var_db=10.2488 dB
2026-09-17 21:48:08 [INFO] [4122/4911] Processing: p4Lb0PUk7U4_002.flac
2026-09-17 21:48:11 [INFO]   var_db=10.2914 dB
2026-09-17 21:48:11 [INFO] [4123/4911] Processing: p4Lb0PUk7U4_003.flac
2026-09-17 21:48:14 [INFO]   var_db=3.5237 dB
2026-09-17 21:48:14 [INFO] [4124/4911] Processing: p4Lb0PUk7U4_004.flac
2026-09-17 21:48:16 [INFO]   var_db=6.2624 dB
2026-09-17 21:48:16 [INFO] [4125/4911] Processing: pHbtsTczrrc_000.flac
2026-09-17 21:48:23 [INFO]   var_db=11.6052 dB
2026-09-17 21:48:23 [INFO] [4126/4911] Processing: pHbtsTczrrc_001.flac
2026-09-17 21:48:30 [INFO]   var_db=12.0942 dB
2026-09-17 21:48:30 [INFO] [4127/4911] Processing: pHbtsTczrrc_002.flac
2026-09-17 21:48:33 [INFO]   var_db=3.6286 dB
2026-09-17 21:48:33 [INFO] [4128/4911] Processing: pHbtsTczrrc_003.flac
2026-09-17 21:48:34 [INFO]   var_db=6.3649 dB
2026-09-17 21:48:34 [INFO] [4129/4911] Processing: pObiqaGBlZk_000.flac
2026-09-17 21:48:36 [INFO]   var_db=9.9743 dB
2026-09-17 21:48:36 [INFO] [4130/4911] Processing: pObiqaGBlZk_001.flac
2026-09-17 21:48:43 [INFO]   var_db=12.9548 dB
2026-09-17 21:48:43 [INFO] [4131/4911] Processing: pObiqaGBlZk_002.flac
2026-09-17 21:48:45 [INFO]   var_db=11.4338 dB
2026-09-17 21:48:45 [INFO] [4132/4911] Processing: pObiqaGBlZk_003.flac
2026-09-17 21:48:49 [INFO]   var_db=3.4419 dB
2026-09-17 21:48:49 [INFO] [4133/4911] Processing: pObiqaGBlZk_004.flac
2026-09-17 21:48:50 [INFO]   var_db=6.3324 dB
2026-09-17 21:48:50 [INFO] [4134/4911] Processing: pR4PVYPBNGI_000.flac
2026-09-17 21:48:54 [INFO]   var_db=16.7807 dB
2026-09-17 21:48:54 [INFO] [4135/4911] Processing: pR4PVYPBNGI_001.flac
2026-09-17 21:48:58 [INFO]   var_db=6.9363 dB
2026-09-17 21:48:58 [INFO] [4136/4911] Processing: pR4PVYPBNGI_002.flac
2026-09-17 21:49:01 [INFO]   var_db=10.7951 dB
2026-09-17 21:49:01 [INFO] [4137/4911] Processing: pR4PVYPBNGI_003.flac
2026-09-17 21:49:04 [INFO]   var_db=11.7469 dB
2026-09-17 21:49:04 [INFO] [4138/4911] Processing: pR4PVYPBNGI_004.flac
2026-09-17 21:49:05 [INFO]   var_db=13.6927 dB
2026-09-17 21:49:05 [INFO] [4139/4911] Processing: pR4PVYPBNGI_005.flac
2026-09-17 21:49:15 [INFO]   var_db=13.5991 dB
2026-09-17 21:49:15 [INFO] [4140/4911] Processing: pR4PVYPBNGI_006.flac
2026-09-17 21:49:19 [INFO]   var_db=14.3553 dB
2026-09-17 21:49:19 [INFO] [4141/4911] Processing: pR4PVYPBNGI_007.flac
2026-09-17 21:49:22 [INFO]   var_db=13.2144 dB
2026-09-17 21:49:22 [INFO] [4142/4911] Processing: pR4PVYPBNGI_008.flac
2026-09-17 21:49:23 [INFO]   var_db=10.0764 dB
2026-09-17 21:49:23 [INFO] [4143/4911] Processing: pR4PVYPBNGI_009.flac
2026-09-17 21:49:26 [INFO]   var_db=5.8615 dB
2026-09-17 21:49:26 [INFO] [4144/4911] Processing: pR4PVYPBNGI_010.flac
2026-09-17 21:49:28 [INFO]   var_db=6.2751 dB
2026-09-17 21:49:28 [INFO] [4145/4911] Processing: pSywdH596jI_000.flac
2026-09-17 21:49:30 [INFO]   var_db=40.0874 dB
2026-09-17 21:49:30 [INFO] [4146/4911] Processing: pSywdH596jI_001.flac
2026-09-17 21:49:33 [INFO]   var_db=20.8819 dB
2026-09-17 21:49:33 [INFO] [4147/4911] Processing: pSywdH596jI_002.flac
2026-09-17 21:49:36 [INFO]   var_db=20.3067 dB
2026-09-17 21:49:36 [INFO] [4148/4911] Processing: pSywdH596jI_003.flac
2026-09-17 21:49:39 [INFO]   var_db=22.3626 dB
2026-09-17 21:49:39 [INFO] [4149/4911] Processing: pSywdH596jI_004.flac
2026-09-17 21:49:41 [INFO]   var_db=3.3415 dB
2026-09-17 21:49:41 [INFO] [4150/4911] Processing: pSywdH596jI_005.flac
2026-09-17 21:49:43 [INFO]   var_db=6.3818 dB
2026-09-17 21:49:43 [INFO] [4151/4911] Processing: pVn529r5yWc_000.flac
2026-09-17 21:49:49 [INFO]   var_db=15.4380 dB
2026-09-17 21:49:49 [INFO] [4152/4911] Processing: pVn529r5yWc_001.flac
2026-09-17 21:49:57 [INFO]   var_db=16.0669 dB
2026-09-17 21:49:57 [INFO] [4153/4911] Processing: pVn529r5yWc_002.flac
2026-09-17 21:50:07 [INFO]   var_db=10.3923 dB
2026-09-17 21:50:07 [INFO] [4154/4911] Processing: pVn529r5yWc_003.flac
2026-09-17 21:50:09 [INFO]   var_db=4.6073 dB
2026-09-17 21:50:09 [INFO] [4155/4911] Processing: pVn529r5yWc_004.flac
2026-09-17 21:50:10 [INFO]   var_db=6.3220 dB
2026-09-17 21:50:10 [INFO] [4156/4911] Processing: papSH97_ASI_000.flac
2026-09-17 21:50:13 [INFO]   var_db=41.8838 dB
2026-09-17 21:50:13 [INFO] [4157/4911] Processing: papSH97_ASI_001.flac
2026-09-17 21:50:16 [INFO]   var_db=23.3949 dB
2026-09-17 21:50:16 [INFO] [4158/4911] Processing: papSH97_ASI_002.flac
2026-09-17 21:50:19 [INFO]   var_db=37.7712 dB
2026-09-17 21:50:19 [INFO] [4159/4911] Processing: papSH97_ASI_003.flac
2026-09-17 21:50:29 [INFO]   var_db=18.3724 dB
2026-09-17 21:50:29 [INFO] [4160/4911] Processing: papSH97_ASI_004.flac
2026-09-17 21:50:34 [INFO]   var_db=41.3517 dB
2026-09-17 21:50:34 [INFO] [4161/4911] Processing: papSH97_ASI_005.flac
2026-09-17 21:50:36 [INFO]   var_db=21.9352 dB
2026-09-17 21:50:36 [INFO] [4162/4911] Processing: papSH97_ASI_006.flac
2026-09-17 21:50:37 [INFO]   var_db=43.3782 dB
2026-09-17 21:50:37 [INFO] [4163/4911] Processing: ph0ZsgRG4w0_000.flac
2026-09-17 21:50:39 [INFO]   var_db=11.1188 dB
2026-09-17 21:50:39 [INFO] [4164/4911] Processing: ph0ZsgRG4w0_001.flac
2026-09-17 21:50:44 [INFO]   var_db=5.9448 dB
2026-09-17 21:50:44 [INFO] [4165/4911] Processing: ph0ZsgRG4w0_002.flac
2026-09-17 21:50:49 [INFO]   var_db=4.6315 dB
2026-09-17 21:50:49 [INFO] [4166/4911] Processing: ph0ZsgRG4w0_003.flac
2026-09-17 21:50:57 [INFO]   var_db=4.3749 dB
2026-09-17 21:50:57 [INFO] [4167/4911] Processing: ph0ZsgRG4w0_004.flac
2026-09-17 21:50:58 [INFO]   var_db=6.2267 dB
2026-09-17 21:50:58 [INFO] [4168/4911] Processing: pkdxwDYU9Bo_000.flac
2026-09-17 21:51:07 [INFO]   var_db=15.0046 dB
2026-09-17 21:51:07 [INFO] [4169/4911] Processing: pkdxwDYU9Bo_001.flac
2026-09-17 21:51:16 [INFO]   var_db=13.0098 dB
2026-09-17 21:51:16 [INFO] [4170/4911] Processing: pkdxwDYU9Bo_002.flac
2026-09-17 21:51:20 [INFO]   var_db=45.0600 dB
2026-09-17 21:51:20 [INFO] [4171/4911] Processing: pkdxwDYU9Bo_003.flac
2026-09-17 21:51:24 [INFO]   var_db=13.7696 dB
2026-09-17 21:51:24 [INFO] [4172/4911] Processing: pkdxwDYU9Bo_004.flac
2026-09-17 21:51:26 [INFO]   var_db=15.2343 dB
2026-09-17 21:51:26 [INFO] [4173/4911] Processing: pkdxwDYU9Bo_005.flac
2026-09-17 21:51:31 [INFO]   var_db=15.0406 dB
2026-09-17 21:51:31 [INFO] [4174/4911] Processing: pkdxwDYU9Bo_006.flac
2026-09-17 21:51:34 [INFO]   var_db=43.8379 dB
2026-09-17 21:51:34 [INFO] [4175/4911] Processing: pkdxwDYU9Bo_007.flac
2026-09-17 21:51:37 [INFO]   var_db=18.9884 dB
2026-09-17 21:51:37 [INFO] [4176/4911] Processing: pkdxwDYU9Bo_008.flac
2026-09-17 21:51:38 [INFO]   var_db=42.9804 dB
2026-09-17 21:51:38 [INFO] [4177/4911] Processing: pu2RV-9xVtk_000.flac
2026-09-17 21:51:42 [INFO]   var_db=1.6234 dB
2026-09-17 21:51:42 [INFO] [4178/4911] Processing: pu2RV-9xVtk_001.flac
2026-09-17 21:51:43 [INFO]   var_db=-4.5207 dB
2026-09-17 21:51:43 [INFO] [4179/4911] Processing: pu2RV-9xVtk_002.flac
2026-09-17 21:51:51 [INFO]   var_db=7.5590 dB
2026-09-17 21:51:51 [INFO] [4180/4911] Processing: pu2RV-9xVtk_003.flac
2026-09-17 21:51:55 [INFO]   var_db=7.6818 dB
2026-09-17 21:51:55 [INFO] [4181/4911] Processing: pu2RV-9xVtk_004.flac
2026-09-17 21:51:57 [INFO]   var_db=9.1845 dB
2026-09-17 21:51:57 [INFO] [4182/4911] Processing: pu2RV-9xVtk_005.flac
2026-09-17 21:52:05 [INFO]   var_db=11.4338 dB
2026-09-17 21:52:05 [INFO] [4183/4911] Processing: pu2RV-9xVtk_006.flac
2026-09-17 21:52:07 [INFO]   var_db=3.3395 dB
2026-09-17 21:52:07 [INFO] [4184/4911] Processing: pu2RV-9xVtk_007.flac
2026-09-17 21:52:08 [INFO]   var_db=6.2846 dB
2026-09-17 21:52:08 [INFO] [4185/4911] Processing: q6CTRjrHToY_000.flac
2026-09-17 21:52:17 [INFO]   var_db=6.0449 dB
2026-09-17 21:52:17 [INFO] [4186/4911] Processing: q6CTRjrHToY_001.flac
2026-09-17 21:52:32 [INFO]   var_db=8.1847 dB
2026-09-17 21:52:32 [INFO] [4187/4911] Processing: q6CTRjrHToY_002.flac
2026-09-17 21:52:42 [INFO]   var_db=43.5183 dB
2026-09-17 21:52:42 [INFO] [4188/4911] Processing: q6CTRjrHToY_003.flac
2026-09-17 21:52:46 [INFO]   var_db=6.1532 dB
2026-09-17 21:52:46 [INFO] [4189/4911] Processing: q6CTRjrHToY_004.flac
2026-09-17 21:52:47 [INFO]   var_db=6.3343 dB
2026-09-17 21:52:47 [INFO] [4190/4911] Processing: q8Uuu6cSgDg_000.flac
2026-09-17 21:52:56 [INFO]   var_db=12.2558 dB
2026-09-17 21:52:56 [INFO] [4191/4911] Processing: q8Uuu6cSgDg_001.flac
2026-09-17 21:52:59 [INFO]   var_db=48.1767 dB
2026-09-17 21:52:59 [INFO] [4192/4911] Processing: q8Uuu6cSgDg_002.flac
2026-09-17 21:53:03 [INFO]   var_db=48.3796 dB
2026-09-17 21:53:03 [INFO] [4193/4911] Processing: q8Uuu6cSgDg_003.flac
2026-09-17 21:53:04 [INFO]   var_db=48.1273 dB
2026-09-17 21:53:04 [INFO] [4194/4911] Processing: q8Uuu6cSgDg_004.flac
2026-09-17 21:53:08 [INFO]   var_db=45.8134 dB
2026-09-17 21:53:08 [INFO] [4195/4911] Processing: q8Uuu6cSgDg_005.flac
2026-09-17 21:53:16 [INFO]   var_db=24.1633 dB
2026-09-17 21:53:16 [INFO] [4196/4911] Processing: q8Uuu6cSgDg_006.flac
2026-09-17 21:53:19 [INFO]   var_db=47.0180 dB
2026-09-17 21:53:19 [INFO] [4197/4911] Processing: q8Uuu6cSgDg_007.flac
2026-09-17 21:53:21 [INFO]   var_db=3.6041 dB
2026-09-17 21:53:21 [INFO] [4198/4911] Processing: q8Uuu6cSgDg_008.flac
2026-09-17 21:53:23 [INFO]   var_db=6.2969 dB
2026-09-17 21:53:23 [INFO] [4199/4911] Processing: qFwfiOIRZbg_000.flac
2026-09-17 21:53:27 [INFO]   var_db=16.5709 dB
2026-09-17 21:53:27 [INFO] [4200/4911] Processing: qFwfiOIRZbg_001.flac
2026-09-17 21:53:30 [INFO]   var_db=3.3482 dB
2026-09-17 21:53:30 [INFO] [4201/4911] Processing: qFwfiOIRZbg_002.flac
2026-09-17 21:53:31 [INFO]   var_db=6.3194 dB
2026-09-17 21:53:31 [INFO] [4202/4911] Processing: qT1RaTk0Puw_000.flac
2026-09-17 21:53:34 [INFO]   var_db=38.1650 dB
2026-09-17 21:53:34 [INFO] [4203/4911] Processing: qT1RaTk0Puw_001.flac
2026-09-17 21:53:35 [INFO]   var_db=41.1710 dB
2026-09-17 21:53:35 [INFO] [4204/4911] Processing: qT1RaTk0Puw_002.flac
2026-09-17 21:53:37 [INFO]   var_db=40.5139 dB
2026-09-17 21:53:37 [INFO] [4205/4911] Processing: qT1RaTk0Puw_003.flac
2026-09-17 21:53:41 [INFO]   var_db=17.0002 dB
2026-09-17 21:53:41 [INFO] [4206/4911] Processing: qT1RaTk0Puw_004.flac
2026-09-17 21:53:47 [INFO]   var_db=8.4658 dB
2026-09-17 21:53:47 [INFO] [4207/4911] Processing: qT1RaTk0Puw_005.flac
2026-09-17 21:53:48 [INFO]   var_db=11.3818 dB
2026-09-17 21:53:48 [INFO] [4208/4911] Processing: qT1RaTk0Puw_006.flac
2026-09-17 21:53:51 [INFO]   var_db=10.8321 dB
2026-09-17 21:53:51 [INFO] [4209/4911] Processing: qT1RaTk0Puw_007.flac
2026-09-17 21:53:52 [INFO]   var_db=12.1093 dB
2026-09-17 21:53:52 [INFO] [4210/4911] Processing: qT1RaTk0Puw_008.flac
2026-09-17 21:53:54 [INFO]   var_db=21.0305 dB
2026-09-17 21:53:54 [INFO] [4211/4911] Processing: qT1RaTk0Puw_009.flac
2026-09-17 21:53:56 [INFO]   var_db=13.0736 dB
2026-09-17 21:53:56 [INFO] [4212/4911] Processing: qT1RaTk0Puw_010.flac
2026-09-17 21:53:59 [INFO]   var_db=14.8233 dB
2026-09-17 21:53:59 [INFO] [4213/4911] Processing: qT1RaTk0Puw_011.flac
2026-09-17 21:54:01 [INFO]   var_db=14.8715 dB
2026-09-17 21:54:01 [INFO] [4214/4911] Processing: qT1RaTk0Puw_012.flac
2026-09-17 21:54:04 [INFO]   var_db=12.1295 dB
2026-09-17 21:54:04 [INFO] [4215/4911] Processing: qT1RaTk0Puw_013.flac
2026-09-17 21:54:05 [INFO]   var_db=15.3119 dB
2026-09-17 21:54:05 [INFO] [4216/4911] Processing: qT1RaTk0Puw_014.flac
2026-09-17 21:54:08 [INFO]   var_db=14.6711 dB
2026-09-17 21:54:08 [INFO] [4217/4911] Processing: qT1RaTk0Puw_015.flac
2026-09-17 21:54:10 [INFO]   var_db=16.3030 dB
2026-09-17 21:54:10 [INFO] [4218/4911] Processing: qT1RaTk0Puw_016.flac
2026-09-17 21:54:13 [INFO]   var_db=12.9696 dB
2026-09-17 21:54:13 [INFO] [4219/4911] Processing: qT1RaTk0Puw_017.flac
2026-09-17 21:54:16 [INFO]   var_db=15.7212 dB
2026-09-17 21:54:16 [INFO] [4220/4911] Processing: qT1RaTk0Puw_018.flac
2026-09-17 21:54:18 [INFO]   var_db=23.6680 dB
2026-09-17 21:54:18 [INFO] [4221/4911] Processing: qT1RaTk0Puw_019.flac
2026-09-17 21:54:20 [INFO]   var_db=43.5351 dB
2026-09-17 21:54:20 [INFO] [4222/4911] Processing: qbSDBzawSIw_000.flac
2026-09-17 21:54:23 [INFO]   var_db=9.6752 dB
2026-09-17 21:54:23 [INFO] [4223/4911] Processing: qbSDBzawSIw_001.flac
2026-09-17 21:54:25 [INFO]   var_db=12.6609 dB
2026-09-17 21:54:25 [INFO] [4224/4911] Processing: qbSDBzawSIw_002.flac
2026-09-17 21:54:27 [INFO]   var_db=11.4845 dB
2026-09-17 21:54:27 [INFO] [4225/4911] Processing: qbSDBzawSIw_003.flac
2026-09-17 21:54:30 [INFO]   var_db=10.7729 dB
2026-09-17 21:54:30 [INFO] [4226/4911] Processing: qbSDBzawSIw_004.flac
2026-09-17 21:54:31 [INFO]   var_db=15.0499 dB
2026-09-17 21:54:31 [INFO] [4227/4911] Processing: qbSDBzawSIw_005.flac
2026-09-17 21:54:32 [INFO]   var_db=12.0027 dB
2026-09-17 21:54:32 [INFO] [4228/4911] Processing: qbSDBzawSIw_006.flac
2026-09-17 21:54:40 [INFO]   var_db=6.8755 dB
2026-09-17 21:54:40 [INFO] [4229/4911] Processing: qbSDBzawSIw_007.flac
2026-09-17 21:54:45 [INFO]   var_db=7.7504 dB
2026-09-17 21:54:45 [INFO] [4230/4911] Processing: qbSDBzawSIw_008.flac
2026-09-17 21:54:48 [INFO]   var_db=6.8482 dB
2026-09-17 21:54:48 [INFO] [4231/4911] Processing: qbSDBzawSIw_009.flac
2026-09-17 21:54:52 [INFO]   var_db=8.7144 dB
2026-09-17 21:54:52 [INFO] [4232/4911] Processing: qbSDBzawSIw_010.flac
2026-09-17 21:54:55 [INFO]   var_db=10.4654 dB
2026-09-17 21:54:55 [INFO] [4233/4911] Processing: qbSDBzawSIw_011.flac
2026-09-17 21:54:58 [INFO]   var_db=17.3229 dB
2026-09-17 21:54:58 [INFO] [4234/4911] Processing: qbSDBzawSIw_012.flac
2026-09-17 21:55:00 [INFO]   var_db=41.7395 dB
2026-09-17 21:55:00 [INFO] [4235/4911] Processing: qsF93-MjAXQ_000.flac
2026-09-17 21:55:06 [INFO]   var_db=10.2590 dB
2026-09-17 21:55:06 [INFO] [4236/4911] Processing: qsF93-MjAXQ_001.flac
2026-09-17 21:55:13 [INFO]   var_db=6.4685 dB
2026-09-17 21:55:13 [INFO] [4237/4911] Processing: qsF93-MjAXQ_002.flac
2026-09-17 21:55:17 [INFO]   var_db=4.6221 dB
2026-09-17 21:55:17 [INFO] [4238/4911] Processing: qsF93-MjAXQ_003.flac
2026-09-17 21:55:22 [INFO]   var_db=4.1345 dB
2026-09-17 21:55:22 [INFO] [4239/4911] Processing: qsF93-MjAXQ_004.flac
2026-09-17 21:55:24 [INFO]   var_db=8.3162 dB
2026-09-17 21:55:24 [INFO] [4240/4911] Processing: qsF93-MjAXQ_005.flac
2026-09-17 21:55:26 [INFO]   var_db=34.9576 dB
2026-09-17 21:55:26 [INFO] [4241/4911] Processing: qsF93-MjAXQ_006.flac
2026-09-17 21:55:27 [INFO]   var_db=20.4125 dB
2026-09-17 21:55:27 [INFO] [4242/4911] Processing: qsF93-MjAXQ_007.flac
2026-09-17 21:55:28 [INFO]   var_db=33.9828 dB
2026-09-17 21:55:28 [INFO] [4243/4911] Processing: qsF93-MjAXQ_008.flac
2026-09-17 21:55:30 [INFO]   var_db=33.3520 dB
2026-09-17 21:55:30 [INFO] [4244/4911] Processing: qsF93-MjAXQ_009.flac
2026-09-17 21:55:31 [INFO]   var_db=39.2912 dB
2026-09-17 21:55:31 [INFO] [4245/4911] Processing: qsF93-MjAXQ_010.flac
2026-09-17 21:55:36 [INFO]   var_db=5.6845 dB
2026-09-17 21:55:36 [INFO] [4246/4911] Processing: qsF93-MjAXQ_011.flac
2026-09-17 21:55:39 [INFO]   var_db=10.5530 dB
2026-09-17 21:55:39 [INFO] [4247/4911] Processing: qsF93-MjAXQ_012.flac
2026-09-17 21:55:42 [INFO]   var_db=16.9680 dB
2026-09-17 21:55:42 [INFO] [4248/4911] Processing: qsF93-MjAXQ_013.flac
2026-09-17 21:55:43 [INFO]   var_db=43.0815 dB
2026-09-17 21:55:43 [INFO] [4249/4911] Processing: qxx187UEnMQ_000.flac
2026-09-17 21:55:50 [INFO]   var_db=43.3351 dB
2026-09-17 21:55:50 [INFO] [4250/4911] Processing: qxx187UEnMQ_001.flac
2026-09-17 21:55:59 [INFO]   var_db=10.7576 dB
2026-09-17 21:55:59 [INFO] [4251/4911] Processing: qxx187UEnMQ_002.flac
2026-09-17 21:56:06 [INFO]   var_db=8.0590 dB
2026-09-17 21:56:06 [INFO] [4252/4911] Processing: qxx187UEnMQ_003.flac
2026-09-17 21:56:11 [INFO]   var_db=9.0596 dB
2026-09-17 21:56:11 [INFO] [4253/4911] Processing: qxx187UEnMQ_004.flac
2026-09-17 21:56:18 [INFO]   var_db=12.3416 dB
2026-09-17 21:56:18 [INFO] [4254/4911] Processing: qxx187UEnMQ_005.flac
2026-09-17 21:56:27 [INFO]   var_db=8.2892 dB
2026-09-17 21:56:27 [INFO] [4255/4911] Processing: qxx187UEnMQ_006.flac
2026-09-17 21:56:34 [INFO]   var_db=7.0824 dB
2026-09-17 21:56:34 [INFO] [4256/4911] Processing: qxx187UEnMQ_007.flac
2026-09-17 21:56:37 [INFO]   var_db=6.6998 dB
2026-09-17 21:56:37 [INFO] [4257/4911] Processing: qxx187UEnMQ_008.flac
2026-09-17 21:56:45 [INFO]   var_db=9.3381 dB
2026-09-17 21:56:45 [INFO] [4258/4911] Processing: qxx187UEnMQ_009.flac
2026-09-17 21:56:51 [INFO]   var_db=6.5496 dB
2026-09-17 21:56:51 [INFO] [4259/4911] Processing: qxx187UEnMQ_010.flac
2026-09-17 21:56:56 [INFO]   var_db=8.8522 dB
2026-09-17 21:56:56 [INFO] [4260/4911] Processing: qxx187UEnMQ_011.flac
2026-09-17 21:56:57 [INFO]   var_db=10.9653 dB
2026-09-17 21:56:57 [INFO] [4261/4911] Processing: qxx187UEnMQ_012.flac
2026-09-17 21:56:59 [INFO]   var_db=20.9831 dB
2026-09-17 21:56:59 [INFO] [4262/4911] Processing: qxx187UEnMQ_013.flac
2026-09-17 21:57:01 [INFO]   var_db=43.0879 dB
2026-09-17 21:57:01 [INFO] [4263/4911] Processing: qyI11NALuMs_000.flac
2026-09-17 21:57:02 [INFO]   var_db=9.1880 dB
2026-09-17 21:57:02 [INFO] [4264/4911] Processing: qyI11NALuMs_001.flac
2026-09-17 21:57:04 [INFO]   var_db=6.9481 dB
2026-09-17 21:57:04 [INFO] [4265/4911] Processing: qyI11NALuMs_002.flac
2026-09-17 21:57:07 [INFO]   var_db=3.5307 dB
2026-09-17 21:57:07 [INFO] [4266/4911] Processing: qyI11NALuMs_003.flac
2026-09-17 21:57:08 [INFO]   var_db=6.4101 dB
2026-09-17 21:57:08 [INFO] [4267/4911] Processing: qzm-lyaKGkg_000.flac
2026-09-17 21:57:09 [INFO]   var_db=4.6925 dB
2026-09-17 21:57:09 [INFO] [4268/4911] Processing: qzm-lyaKGkg_001.flac
2026-09-17 21:57:11 [INFO]   var_db=15.6656 dB
2026-09-17 21:57:11 [INFO] [4269/4911] Processing: qzm-lyaKGkg_002.flac
2026-09-17 21:57:14 [INFO]   var_db=13.6578 dB
2026-09-17 21:57:14 [INFO] [4270/4911] Processing: qzm-lyaKGkg_003.flac
2026-09-17 21:57:16 [INFO]   var_db=16.1624 dB
2026-09-17 21:57:16 [INFO] [4271/4911] Processing: qzm-lyaKGkg_004.flac
2026-09-17 21:57:19 [INFO]   var_db=13.9519 dB
2026-09-17 21:57:19 [INFO] [4272/4911] Processing: qzm-lyaKGkg_005.flac
2026-09-17 21:57:22 [INFO]   var_db=18.2811 dB
2026-09-17 21:57:22 [INFO] [4273/4911] Processing: qzm-lyaKGkg_006.flac
2026-09-17 21:57:25 [INFO]   var_db=13.0901 dB
2026-09-17 21:57:25 [INFO] [4274/4911] Processing: qzm-lyaKGkg_007.flac
2026-09-17 21:57:27 [INFO]   var_db=4.7279 dB
2026-09-17 21:57:27 [INFO] [4275/4911] Processing: qzm-lyaKGkg_008.flac
2026-09-17 21:57:28 [INFO]   var_db=6.3695 dB
2026-09-17 21:57:28 [INFO] [4276/4911] Processing: r30aV9fQcr0_000.flac
2026-09-17 21:57:32 [INFO]   var_db=15.1701 dB
2026-09-17 21:57:32 [INFO] [4277/4911] Processing: r30aV9fQcr0_001.flac
2026-09-17 21:57:34 [INFO]   var_db=44.9725 dB
2026-09-17 21:57:34 [INFO] [4278/4911] Processing: r30aV9fQcr0_002.flac
2026-09-17 21:57:35 [INFO]   var_db=8.0559 dB
2026-09-17 21:57:35 [INFO] [4279/4911] Processing: r30aV9fQcr0_003.flac
2026-09-17 21:57:36 [INFO]   var_db=25.0368 dB
2026-09-17 21:57:36 [INFO] [4280/4911] Processing: r30aV9fQcr0_004.flac
2026-09-17 21:57:38 [INFO]   var_db=22.0862 dB
2026-09-17 21:57:38 [INFO] [4281/4911] Processing: r30aV9fQcr0_005.flac
2026-09-17 21:57:40 [INFO]   var_db=50.1531 dB
2026-09-17 21:57:40 [INFO] [4282/4911] Processing: r30aV9fQcr0_006.flac
2026-09-17 21:57:42 [INFO]   var_db=19.9367 dB
2026-09-17 21:57:42 [INFO] [4283/4911] Processing: r30aV9fQcr0_007.flac
2026-09-17 21:57:43 [INFO]   var_db=31.0554 dB
2026-09-17 21:57:43 [INFO] [4284/4911] Processing: r30aV9fQcr0_008.flac
2026-09-17 21:57:50 [INFO]   var_db=8.8525 dB
2026-09-17 21:57:50 [INFO] [4285/4911] Processing: r30aV9fQcr0_009.flac
2026-09-17 21:57:53 [INFO]   var_db=9.2793 dB
2026-09-17 21:57:53 [INFO] [4286/4911] Processing: r30aV9fQcr0_010.flac
2026-09-17 21:57:54 [INFO]   var_db=8.1291 dB
2026-09-17 21:57:54 [INFO] [4287/4911] Processing: r30aV9fQcr0_011.flac
2026-09-17 21:57:57 [INFO]   var_db=3.3935 dB
2026-09-17 21:57:57 [INFO] [4288/4911] Processing: r30aV9fQcr0_012.flac
2026-09-17 21:57:59 [INFO]   var_db=6.2623 dB
2026-09-17 21:57:59 [INFO] [4289/4911] Processing: r37jvdvehRQ_000.flac
2026-09-17 21:58:04 [INFO]   var_db=15.7072 dB
2026-09-17 21:58:04 [INFO] [4290/4911] Processing: r37jvdvehRQ_001.flac
2026-09-17 21:58:12 [INFO]   var_db=10.4685 dB
2026-09-17 21:58:12 [INFO] [4291/4911] Processing: r37jvdvehRQ_002.flac
2026-09-17 21:58:20 [INFO]   var_db=11.9300 dB
2026-09-17 21:58:20 [INFO] [4292/4911] Processing: r37jvdvehRQ_003.flac
2026-09-17 21:58:22 [INFO]   var_db=6.2604 dB
2026-09-17 21:58:22 [INFO] [4293/4911] Processing: r68V8aBfZD8_000.flac
2026-09-17 21:58:26 [INFO]   var_db=8.0616 dB
2026-09-17 21:58:26 [INFO] [4294/4911] Processing: r68V8aBfZD8_001.flac
2026-09-17 21:58:33 [INFO]   var_db=10.6920 dB
2026-09-17 21:58:33 [INFO] [4295/4911] Processing: r68V8aBfZD8_002.flac
2026-09-17 21:58:35 [INFO]   var_db=-4.6647 dB
2026-09-17 21:58:35 [INFO] [4296/4911] Processing: r68V8aBfZD8_003.flac
2026-09-17 21:58:36 [INFO]   var_db=39.6017 dB
2026-09-17 21:58:36 [INFO] [4297/4911] Processing: r68V8aBfZD8_004.flac
2026-09-17 21:58:38 [INFO]   var_db=5.6650 dB
2026-09-17 21:58:38 [INFO] [4298/4911] Processing: r68V8aBfZD8_005.flac
2026-09-17 21:58:48 [INFO]   var_db=11.4007 dB
2026-09-17 21:58:48 [INFO] [4299/4911] Processing: r68V8aBfZD8_006.flac
2026-09-17 21:58:57 [INFO]   var_db=10.2438 dB
2026-09-17 21:58:57 [INFO] [4300/4911] Processing: r68V8aBfZD8_007.flac
2026-09-17 21:59:03 [INFO]   var_db=14.2457 dB
2026-09-17 21:59:03 [INFO] [4301/4911] Processing: r68V8aBfZD8_008.flac
2026-09-17 21:59:12 [INFO]   var_db=9.1614 dB
2026-09-17 21:59:12 [INFO] [4302/4911] Processing: r68V8aBfZD8_009.flac
2026-09-17 21:59:21 [INFO]   var_db=9.1567 dB
2026-09-17 21:59:21 [INFO] [4303/4911] Processing: r68V8aBfZD8_010.flac
2026-09-17 21:59:24 [INFO]   var_db=3.2784 dB
2026-09-17 21:59:24 [INFO] [4304/4911] Processing: r68V8aBfZD8_011.flac
2026-09-17 21:59:25 [INFO]   var_db=6.2549 dB
2026-09-17 21:59:25 [INFO] [4305/4911] Processing: r7ZgEKq-UVQ_000.flac
2026-09-17 21:59:28 [INFO]   var_db=45.9209 dB
2026-09-17 21:59:28 [INFO] [4306/4911] Processing: r7ZgEKq-UVQ_001.flac
2026-09-17 21:59:30 [INFO]   var_db=4.8114 dB
2026-09-17 21:59:30 [INFO] [4307/4911] Processing: r7ZgEKq-UVQ_002.flac
2026-09-17 21:59:31 [INFO]   var_db=6.3062 dB
2026-09-17 21:59:31 [INFO] [4308/4911] Processing: rSk0-BdtAok_000.flac
2026-09-17 21:59:33 [INFO]   var_db=44.4730 dB
2026-09-17 21:59:33 [INFO] [4309/4911] Processing: rSk0-BdtAok_001.flac
2026-09-17 21:59:37 [INFO]   var_db=17.1621 dB
2026-09-17 21:59:37 [INFO] [4310/4911] Processing: rSk0-BdtAok_002.flac
2026-09-17 21:59:40 [INFO]   var_db=21.4349 dB
2026-09-17 21:59:40 [INFO] [4311/4911] Processing: rWbXz8eei7Q_000.flac
2026-09-17 21:59:44 [INFO]   var_db=43.9324 dB
2026-09-17 21:59:44 [INFO] [4312/4911] Processing: rWbXz8eei7Q_001.flac
2026-09-17 21:59:48 [INFO]   var_db=15.2459 dB
2026-09-17 21:59:48 [INFO] [4313/4911] Processing: rWbXz8eei7Q_002.flac
2026-09-17 21:59:51 [INFO]   var_db=16.7942 dB
2026-09-17 21:59:51 [INFO] [4314/4911] Processing: rWbXz8eei7Q_003.flac
2026-09-17 22:00:00 [INFO]   var_db=12.8155 dB
2026-09-17 22:00:00 [INFO] [4315/4911] Processing: rWbXz8eei7Q_004.flac
2026-09-17 22:00:03 [INFO]   var_db=16.5097 dB
2026-09-17 22:00:03 [INFO] [4316/4911] Processing: rWbXz8eei7Q_005.flac
2026-09-17 22:00:05 [INFO]   var_db=16.8099 dB
2026-09-17 22:00:05 [INFO] [4317/4911] Processing: rWbXz8eei7Q_006.flac
2026-09-17 22:00:09 [INFO]   var_db=10.9546 dB
2026-09-17 22:00:09 [INFO] [4318/4911] Processing: rWbXz8eei7Q_007.flac
2026-09-17 22:00:13 [INFO]   var_db=14.0802 dB
2026-09-17 22:00:13 [INFO] [4319/4911] Processing: rWbXz8eei7Q_008.flac
2026-09-17 22:00:20 [INFO]   var_db=12.3182 dB
2026-09-17 22:00:20 [INFO] [4320/4911] Processing: rWbXz8eei7Q_009.flac
2026-09-17 22:00:27 [INFO]   var_db=12.4989 dB
2026-09-17 22:00:27 [INFO] [4321/4911] Processing: rWbXz8eei7Q_010.flac
2026-09-17 22:00:30 [INFO]   var_db=14.3080 dB
2026-09-17 22:00:30 [INFO] [4322/4911] Processing: rWbXz8eei7Q_011.flac
2026-09-17 22:00:35 [INFO]   var_db=13.1408 dB
2026-09-17 22:00:35 [INFO] [4323/4911] Processing: rWbXz8eei7Q_012.flac
2026-09-17 22:00:38 [INFO]   var_db=15.4917 dB
2026-09-17 22:00:38 [INFO] [4324/4911] Processing: rWbXz8eei7Q_013.flac
2026-09-17 22:00:39 [INFO]   var_db=20.2609 dB
2026-09-17 22:00:39 [INFO] [4325/4911] Processing: rWbXz8eei7Q_014.flac
2026-09-17 22:00:45 [INFO]   var_db=16.0129 dB
2026-09-17 22:00:45 [INFO] [4326/4911] Processing: rWbXz8eei7Q_015.flac
2026-09-17 22:00:48 [INFO]   var_db=22.2736 dB
2026-09-17 22:00:48 [INFO] [4327/4911] Processing: rWbXz8eei7Q_016.flac
2026-09-17 22:00:49 [INFO]   var_db=43.1370 dB
2026-09-17 22:00:49 [INFO] [4328/4911] Processing: rgJOFwBIlsI_000.flac
2026-09-17 22:00:55 [INFO]   var_db=7.5234 dB
2026-09-17 22:00:55 [INFO] [4329/4911] Processing: rgJOFwBIlsI_001.flac
2026-09-17 22:00:58 [INFO]   var_db=8.0382 dB
2026-09-17 22:00:58 [INFO] [4330/4911] Processing: rgJOFwBIlsI_002.flac
2026-09-17 22:00:59 [INFO]   var_db=3.0299 dB
2026-09-17 22:00:59 [INFO] [4331/4911] Processing: rgJOFwBIlsI_003.flac
2026-09-17 22:01:04 [INFO]   var_db=3.2799 dB
2026-09-17 22:01:04 [INFO] [4332/4911] Processing: rgJOFwBIlsI_004.flac
2026-09-17 22:01:06 [INFO]   var_db=4.3572 dB
2026-09-17 22:01:06 [INFO] [4333/4911] Processing: rgJOFwBIlsI_005.flac
2026-09-17 22:01:13 [INFO]   var_db=5.4718 dB
2026-09-17 22:01:13 [INFO] [4334/4911] Processing: rgJOFwBIlsI_006.flac
2026-09-17 22:01:19 [INFO]   var_db=5.6208 dB
2026-09-17 22:01:19 [INFO] [4335/4911] Processing: rgJOFwBIlsI_007.flac
2026-09-17 22:01:25 [INFO]   var_db=4.0719 dB
2026-09-17 22:01:25 [INFO] [4336/4911] Processing: rgJOFwBIlsI_008.flac
2026-09-17 22:01:34 [INFO]   var_db=6.6855 dB
2026-09-17 22:01:34 [INFO] [4337/4911] Processing: rgJOFwBIlsI_009.flac
2026-09-17 22:01:39 [INFO]   var_db=5.6975 dB
2026-09-17 22:01:39 [INFO] [4338/4911] Processing: rgJOFwBIlsI_010.flac
2026-09-17 22:01:43 [INFO]   var_db=8.5654 dB
2026-09-17 22:01:43 [INFO] [4339/4911] Processing: rgJOFwBIlsI_011.flac
2026-09-17 22:01:46 [INFO]   var_db=19.0586 dB
2026-09-17 22:01:46 [INFO] [4340/4911] Processing: rgJOFwBIlsI_012.flac
2026-09-17 22:01:47 [INFO]   var_db=42.3554 dB
2026-09-17 22:01:47 [INFO] [4341/4911] Processing: rhugJ6AP5Yk_000.flac
2026-09-17 22:01:53 [INFO]   var_db=12.4550 dB
2026-09-17 22:01:53 [INFO] [4342/4911] Processing: rhugJ6AP5Yk_001.flac
2026-09-17 22:02:00 [INFO]   var_db=4.6769 dB
2026-09-17 22:02:00 [INFO] [4343/4911] Processing: rhugJ6AP5Yk_002.flac
2026-09-17 22:02:02 [INFO]   var_db=13.4980 dB
2026-09-17 22:02:02 [INFO] [4344/4911] Processing: rhugJ6AP5Yk_003.flac
2026-09-17 22:02:06 [INFO]   var_db=10.7225 dB
2026-09-17 22:02:06 [INFO] [4345/4911] Processing: rhugJ6AP5Yk_004.flac
2026-09-17 22:02:08 [INFO]   var_db=12.8174 dB
2026-09-17 22:02:08 [INFO] [4346/4911] Processing: rhugJ6AP5Yk_005.flac
2026-09-17 22:02:18 [INFO]   var_db=7.6811 dB
2026-09-17 22:02:18 [INFO] [4347/4911] Processing: rhugJ6AP5Yk_006.flac
2026-09-17 22:02:24 [INFO]   var_db=8.7932 dB
2026-09-17 22:02:24 [INFO] [4348/4911] Processing: rhugJ6AP5Yk_007.flac
2026-09-17 22:02:27 [INFO]   var_db=18.0989 dB
2026-09-17 22:02:27 [INFO] [4349/4911] Processing: rhugJ6AP5Yk_008.flac
2026-09-17 22:02:28 [INFO]   var_db=43.7541 dB
2026-09-17 22:02:28 [INFO] [4350/4911] Processing: rqqxzCLau5g_000.flac
2026-09-17 22:02:31 [INFO]   var_db=19.3093 dB
2026-09-17 22:02:31 [INFO] [4351/4911] Processing: rqqxzCLau5g_001.flac
2026-09-17 22:02:36 [INFO]   var_db=10.4214 dB
2026-09-17 22:02:36 [INFO] [4352/4911] Processing: rqqxzCLau5g_002.flac
2026-09-17 22:02:42 [INFO]   var_db=8.0826 dB
2026-09-17 22:02:42 [INFO] [4353/4911] Processing: rqqxzCLau5g_003.flac
2026-09-17 22:02:48 [INFO]   var_db=8.0409 dB
2026-09-17 22:02:48 [INFO] [4354/4911] Processing: rqqxzCLau5g_004.flac
2026-09-17 22:02:56 [INFO]   var_db=8.4820 dB
2026-09-17 22:02:56 [INFO] [4355/4911] Processing: rqqxzCLau5g_005.flac
2026-09-17 22:03:05 [INFO]   var_db=7.1218 dB
2026-09-17 22:03:05 [INFO] [4356/4911] Processing: rqqxzCLau5g_006.flac
2026-09-17 22:03:07 [INFO]   var_db=4.6938 dB
2026-09-17 22:03:07 [INFO] [4357/4911] Processing: rqqxzCLau5g_007.flac
2026-09-17 22:03:08 [INFO]   var_db=12.7690 dB
2026-09-17 22:03:08 [INFO] [4358/4911] Processing: rqqxzCLau5g_008.flac
2026-09-17 22:03:09 [INFO]   var_db=15.9596 dB
2026-09-17 22:03:09 [INFO] [4359/4911] Processing: rqqxzCLau5g_009.flac
2026-09-17 22:03:11 [INFO]   var_db=14.7802 dB
2026-09-17 22:03:11 [INFO] [4360/4911] Processing: rqqxzCLau5g_010.flac
2026-09-17 22:03:14 [INFO]   var_db=21.8205 dB
2026-09-17 22:03:14 [INFO] [4361/4911] Processing: rqqxzCLau5g_011.flac
2026-09-17 22:03:15 [INFO]   var_db=42.2873 dB
2026-09-17 22:03:15 [INFO] [4362/4911] Processing: s1Hxy1SKwNg_000.flac
2026-09-17 22:03:16 [INFO]   var_db=19.7752 dB
2026-09-17 22:03:16 [INFO] [4363/4911] Processing: s1Hxy1SKwNg_001.flac
2026-09-17 22:03:18 [INFO]   var_db=12.0593 dB
2026-09-17 22:03:18 [INFO] [4364/4911] Processing: s1Hxy1SKwNg_002.flac
2026-09-17 22:03:19 [INFO]   var_db=10.6217 dB
2026-09-17 22:03:19 [INFO] [4365/4911] Processing: s1Hxy1SKwNg_003.flac
2026-09-17 22:03:21 [INFO]   var_db=12.2762 dB
2026-09-17 22:03:21 [INFO] [4366/4911] Processing: s1Hxy1SKwNg_004.flac
2026-09-17 22:03:24 [INFO]   var_db=11.1487 dB
2026-09-17 22:03:24 [INFO] [4367/4911] Processing: s1Hxy1SKwNg_005.flac
2026-09-17 22:03:27 [INFO]   var_db=10.5184 dB
2026-09-17 22:03:27 [INFO] [4368/4911] Processing: s1Hxy1SKwNg_006.flac
2026-09-17 22:03:34 [INFO]   var_db=11.2979 dB
2026-09-17 22:03:34 [INFO] [4369/4911] Processing: s1Hxy1SKwNg_007.flac
2026-09-17 22:03:38 [INFO]   var_db=11.2976 dB
2026-09-17 22:03:38 [INFO] [4370/4911] Processing: s1Hxy1SKwNg_008.flac
2026-09-17 22:03:41 [INFO]   var_db=3.2433 dB
2026-09-17 22:03:41 [INFO] [4371/4911] Processing: s1Hxy1SKwNg_009.flac
2026-09-17 22:03:43 [INFO]   var_db=6.2923 dB
2026-09-17 22:03:43 [INFO] [4372/4911] Processing: s4lX4_WNRic_000.flac
2026-09-17 22:03:44 [INFO]   var_db=8.4345 dB
2026-09-17 22:03:44 [INFO] [4373/4911] Processing: s4lX4_WNRic_001.flac
2026-09-17 22:03:46 [INFO]   var_db=13.2948 dB
2026-09-17 22:03:46 [INFO] [4374/4911] Processing: s4lX4_WNRic_002.flac
2026-09-17 22:03:48 [INFO]   var_db=13.6300 dB
2026-09-17 22:03:48 [INFO] [4375/4911] Processing: s4lX4_WNRic_003.flac
2026-09-17 22:03:50 [INFO]   var_db=10.9370 dB
2026-09-17 22:03:50 [INFO] [4376/4911] Processing: s4lX4_WNRic_004.flac
2026-09-17 22:03:51 [INFO]   var_db=10.8995 dB
2026-09-17 22:03:51 [INFO] [4377/4911] Processing: s4lX4_WNRic_005.flac
2026-09-17 22:03:54 [INFO]   var_db=4.3064 dB
2026-09-17 22:03:54 [INFO] [4378/4911] Processing: s4lX4_WNRic_006.flac
2026-09-17 22:03:55 [INFO]   var_db=6.1895 dB
2026-09-17 22:03:55 [INFO] [4379/4911] Processing: sOQ01mpqfs0_000.flac
2026-09-17 22:03:57 [INFO]   var_db=4.7875 dB
2026-09-17 22:03:57 [INFO] [4380/4911] Processing: sOQ01mpqfs0_001.flac
2026-09-17 22:03:58 [INFO]   var_db=6.9633 dB
2026-09-17 22:03:58 [INFO] [4381/4911] Processing: sOQ01mpqfs0_002.flac
2026-09-17 22:04:00 [INFO]   var_db=5.7817 dB
2026-09-17 22:04:00 [INFO] [4382/4911] Processing: sOQ01mpqfs0_003.flac
2026-09-17 22:04:01 [INFO]   var_db=4.4133 dB
2026-09-17 22:04:01 [INFO] [4383/4911] Processing: sOQ01mpqfs0_004.flac
2026-09-17 22:04:02 [INFO]   var_db=4.8147 dB
2026-09-17 22:04:02 [INFO] [4384/4911] Processing: sOQ01mpqfs0_005.flac
2026-09-17 22:04:03 [INFO]   var_db=6.2931 dB
2026-09-17 22:04:03 [INFO] [4385/4911] Processing: swwK7bQDriw_000.flac
2026-09-17 22:04:07 [INFO]   var_db=5.8329 dB
2026-09-17 22:04:07 [INFO] [4386/4911] Processing: swwK7bQDriw_001.flac
2026-09-17 22:04:09 [INFO]   var_db=-20.3848 dB
2026-09-17 22:04:09 [INFO] [4387/4911] Processing: swwK7bQDriw_002.flac
2026-09-17 22:04:10 [INFO]   var_db=10.4287 dB
2026-09-17 22:04:10 [INFO] [4388/4911] Processing: swwK7bQDriw_003.flac
2026-09-17 22:04:12 [INFO]   var_db=1.4328 dB
2026-09-17 22:04:12 [INFO] [4389/4911] Processing: swwK7bQDriw_004.flac
2026-09-17 22:04:21 [INFO]   var_db=36.3140 dB
2026-09-17 22:04:21 [INFO] [4390/4911] Processing: swwK7bQDriw_005.flac
2026-09-17 22:04:24 [INFO]   var_db=21.7922 dB
2026-09-17 22:04:24 [INFO] [4391/4911] Processing: swwK7bQDriw_006.flac
2026-09-17 22:04:32 [INFO]   var_db=8.8895 dB
2026-09-17 22:04:32 [INFO] [4392/4911] Processing: swwK7bQDriw_007.flac
2026-09-17 22:04:35 [INFO]   var_db=9.0018 dB
2026-09-17 22:04:35 [INFO] [4393/4911] Processing: swwK7bQDriw_008.flac
2026-09-17 22:04:39 [INFO]   var_db=3.5168 dB
2026-09-17 22:04:39 [INFO] [4394/4911] Processing: swwK7bQDriw_009.flac
2026-09-17 22:04:40 [INFO]   var_db=6.2847 dB
2026-09-17 22:04:40 [INFO] [4395/4911] Processing: t4BuTm6iF-I_000.flac
2026-09-17 22:04:43 [INFO]   var_db=21.2868 dB
2026-09-17 22:04:43 [INFO] [4396/4911] Processing: t4BuTm6iF-I_001.flac
2026-09-17 22:04:44 [INFO]   var_db=32.5450 dB
2026-09-17 22:04:44 [INFO] [4397/4911] Processing: t4BuTm6iF-I_002.flac
2026-09-17 22:04:46 [INFO]   var_db=42.2320 dB
2026-09-17 22:04:46 [INFO] [4398/4911] Processing: t4BuTm6iF-I_003.flac
2026-09-17 22:04:53 [INFO]   var_db=38.4219 dB
2026-09-17 22:04:53 [INFO] [4399/4911] Processing: t4BuTm6iF-I_004.flac
2026-09-17 22:04:54 [INFO]   var_db=42.5338 dB
2026-09-17 22:04:54 [INFO] [4400/4911] Processing: t6scQL95LAM_000.flac
2026-09-17 22:04:57 [INFO]   var_db=13.6711 dB
2026-09-17 22:04:57 [INFO] [4401/4911] Processing: t6scQL95LAM_001.flac
2026-09-17 22:05:06 [INFO]   var_db=7.5850 dB
2026-09-17 22:05:06 [INFO] [4402/4911] Processing: t6scQL95LAM_002.flac
2026-09-17 22:05:16 [INFO]   var_db=5.0019 dB
2026-09-17 22:05:16 [INFO] [4403/4911] Processing: t6scQL95LAM_003.flac
2026-09-17 22:05:22 [INFO]   var_db=8.8320 dB
2026-09-17 22:05:22 [INFO] [4404/4911] Processing: t6scQL95LAM_004.flac
2026-09-17 22:05:31 [INFO]   var_db=3.8023 dB
2026-09-17 22:05:31 [INFO] [4405/4911] Processing: t6scQL95LAM_005.flac
2026-09-17 22:05:35 [INFO]   var_db=13.2111 dB
2026-09-17 22:05:35 [INFO] [4406/4911] Processing: t6scQL95LAM_006.flac
2026-09-17 22:05:37 [INFO]   var_db=10.9184 dB
2026-09-17 22:05:37 [INFO] [4407/4911] Processing: t6scQL95LAM_007.flac
2026-09-17 22:05:40 [INFO]   var_db=3.4297 dB
2026-09-17 22:05:40 [INFO] [4408/4911] Processing: t6scQL95LAM_008.flac
2026-09-17 22:05:42 [INFO]   var_db=6.3273 dB
2026-09-17 22:05:42 [INFO] [4409/4911] Processing: tKdmT0JtFhY_000.flac
2026-09-17 22:05:50 [INFO]   var_db=16.4980 dB
2026-09-17 22:05:50 [INFO] [4410/4911] Processing: tKdmT0JtFhY_001.flac
2026-09-17 22:05:55 [INFO]   var_db=14.9213 dB
2026-09-17 22:05:55 [INFO] [4411/4911] Processing: tKdmT0JtFhY_002.flac
2026-09-17 22:05:57 [INFO]   var_db=17.1394 dB
2026-09-17 22:05:57 [INFO] [4412/4911] Processing: tKdmT0JtFhY_003.flac
2026-09-17 22:05:59 [INFO]   var_db=10.0515 dB
2026-09-17 22:05:59 [INFO] [4413/4911] Processing: tMvCw-t6-Uc_000.flac
2026-09-17 22:06:06 [INFO]   var_db=12.5433 dB
2026-09-17 22:06:06 [INFO] [4414/4911] Processing: tMvCw-t6-Uc_001.flac
2026-09-17 22:06:13 [INFO]   var_db=6.3297 dB
2026-09-17 22:06:13 [INFO] [4415/4911] Processing: tMvCw-t6-Uc_002.flac
2026-09-17 22:06:16 [INFO]   var_db=41.7786 dB
2026-09-17 22:06:16 [INFO] [4416/4911] Processing: tMvCw-t6-Uc_003.flac
2026-09-17 22:06:21 [INFO]   var_db=4.9290 dB
2026-09-17 22:06:21 [INFO] [4417/4911] Processing: tMvCw-t6-Uc_004.flac
2026-09-17 22:06:22 [INFO]   var_db=-2.4676 dB
2026-09-17 22:06:22 [INFO] [4418/4911] Processing: tMvCw-t6-Uc_005.flac
2026-09-17 22:06:24 [INFO]   var_db=3.3595 dB
2026-09-17 22:06:24 [INFO] [4419/4911] Processing: tMvCw-t6-Uc_006.flac
2026-09-17 22:06:30 [INFO]   var_db=8.0613 dB
2026-09-17 22:06:30 [INFO] [4420/4911] Processing: tMvCw-t6-Uc_007.flac
2026-09-17 22:06:32 [INFO]   var_db=42.4506 dB
2026-09-17 22:06:32 [INFO] [4421/4911] Processing: tMvCw-t6-Uc_008.flac
2026-09-17 22:06:35 [INFO]   var_db=32.0231 dB
2026-09-17 22:06:35 [INFO] [4422/4911] Processing: tMvCw-t6-Uc_009.flac
2026-09-17 22:06:42 [INFO]   var_db=6.6423 dB
2026-09-17 22:06:42 [INFO] [4423/4911] Processing: tMvCw-t6-Uc_010.flac
2026-09-17 22:06:45 [INFO]   var_db=47.7095 dB
2026-09-17 22:06:45 [INFO] [4424/4911] Processing: tMvCw-t6-Uc_011.flac
2026-09-17 22:06:48 [INFO]   var_db=49.5952 dB
2026-09-17 22:06:48 [INFO] [4425/4911] Processing: tMvCw-t6-Uc_012.flac
2026-09-17 22:06:50 [INFO]   var_db=46.2628 dB
2026-09-17 22:06:50 [INFO] [4426/4911] Processing: tMvCw-t6-Uc_013.flac
2026-09-17 22:06:51 [INFO]   var_db=45.0199 dB
2026-09-17 22:06:51 [INFO] [4427/4911] Processing: tMvCw-t6-Uc_014.flac
2026-09-17 22:06:55 [INFO]   var_db=47.9326 dB
2026-09-17 22:06:55 [INFO] [4428/4911] Processing: tMvCw-t6-Uc_015.flac
2026-09-17 22:07:05 [INFO]   var_db=11.3714 dB
2026-09-17 22:07:05 [INFO] [4429/4911] Processing: tMvCw-t6-Uc_016.flac
2026-09-17 22:07:06 [INFO]   var_db=43.6376 dB
2026-09-17 22:07:06 [INFO] [4430/4911] Processing: tMvCw-t6-Uc_017.flac
2026-09-17 22:07:08 [INFO]   var_db=42.9758 dB
2026-09-17 22:07:08 [INFO] [4431/4911] Processing: t_Yba4h9w4c_000.flac
2026-09-17 22:07:17 [INFO]   var_db=13.1326 dB
2026-09-17 22:07:17 [INFO] [4432/4911] Processing: t_Yba4h9w4c_001.flac
2026-09-17 22:07:20 [INFO]   var_db=6.3962 dB
2026-09-17 22:07:20 [INFO] [4433/4911] Processing: t_Yba4h9w4c_002.flac
2026-09-17 22:07:26 [INFO]   var_db=9.8706 dB
2026-09-17 22:07:26 [INFO] [4434/4911] Processing: t_Yba4h9w4c_003.flac
2026-09-17 22:07:29 [INFO]   var_db=10.2692 dB
2026-09-17 22:07:29 [INFO] [4435/4911] Processing: t_Yba4h9w4c_004.flac
2026-09-17 22:07:32 [INFO]   var_db=13.1400 dB
2026-09-17 22:07:32 [INFO] [4436/4911] Processing: t_Yba4h9w4c_005.flac
2026-09-17 22:07:37 [INFO]   var_db=7.8368 dB
2026-09-17 22:07:37 [INFO] [4437/4911] Processing: t_Yba4h9w4c_006.flac
2026-09-17 22:07:38 [INFO]   var_db=6.2671 dB
2026-09-17 22:07:38 [INFO] [4438/4911] Processing: tcPb6iRCaJA_000.flac
2026-09-17 22:07:47 [INFO]   var_db=16.4771 dB
2026-09-17 22:07:47 [INFO] [4439/4911] Processing: tcPb6iRCaJA_001.flac
2026-09-17 22:07:52 [INFO]   var_db=37.1050 dB
2026-09-17 22:07:52 [INFO] [4440/4911] Processing: tcPb6iRCaJA_002.flac
2026-09-17 22:08:01 [INFO]   var_db=15.6166 dB
2026-09-17 22:08:01 [INFO] [4441/4911] Processing: tcPb6iRCaJA_003.flac
2026-09-17 22:08:04 [INFO]   var_db=16.4295 dB
2026-09-17 22:08:04 [INFO] [4442/4911] Processing: tcPb6iRCaJA_004.flac
2026-09-17 22:08:06 [INFO]   var_db=14.7987 dB
2026-09-17 22:08:06 [INFO] [4443/4911] Processing: tcPb6iRCaJA_005.flac
2026-09-17 22:08:14 [INFO]   var_db=7.5573 dB
2026-09-17 22:08:14 [INFO] [4444/4911] Processing: tcPb6iRCaJA_006.flac
2026-09-17 22:08:17 [INFO]   var_db=2.5015 dB
2026-09-17 22:08:17 [INFO] [4445/4911] Processing: tcPb6iRCaJA_007.flac
2026-09-17 22:08:18 [INFO]   var_db=6.3101 dB
2026-09-17 22:08:18 [INFO] [4446/4911] Processing: tghzGEXcWME_000.flac
2026-09-17 22:08:20 [INFO]   var_db=42.5796 dB
2026-09-17 22:08:20 [INFO] [4447/4911] Processing: tghzGEXcWME_001.flac
2026-09-17 22:08:22 [INFO]   var_db=37.7917 dB
2026-09-17 22:08:22 [INFO] [4448/4911] Processing: tghzGEXcWME_002.flac
2026-09-17 22:08:24 [INFO]   var_db=41.8534 dB
2026-09-17 22:08:24 [INFO] [4449/4911] Processing: tghzGEXcWME_003.flac
2026-09-17 22:08:26 [INFO]   var_db=40.2151 dB
2026-09-17 22:08:26 [INFO] [4450/4911] Processing: tghzGEXcWME_004.flac
2026-09-17 22:08:35 [INFO]   var_db=10.8529 dB
2026-09-17 22:08:35 [INFO] [4451/4911] Processing: tghzGEXcWME_005.flac
2026-09-17 22:08:40 [INFO]   var_db=9.8650 dB
2026-09-17 22:08:40 [INFO] [4452/4911] Processing: tghzGEXcWME_006.flac
2026-09-17 22:08:43 [INFO]   var_db=12.0558 dB
2026-09-17 22:08:43 [INFO] [4453/4911] Processing: tghzGEXcWME_007.flac
2026-09-17 22:08:50 [INFO]   var_db=8.5229 dB
2026-09-17 22:08:50 [INFO] [4454/4911] Processing: tghzGEXcWME_008.flac
2026-09-17 22:08:56 [INFO]   var_db=10.8578 dB
2026-09-17 22:08:56 [INFO] [4455/4911] Processing: tghzGEXcWME_009.flac
2026-09-17 22:09:00 [INFO]   var_db=11.9408 dB
2026-09-17 22:09:00 [INFO] [4456/4911] Processing: tghzGEXcWME_010.flac
2026-09-17 22:09:08 [INFO]   var_db=9.1827 dB
2026-09-17 22:09:08 [INFO] [4457/4911] Processing: tghzGEXcWME_011.flac
2026-09-17 22:09:11 [INFO]   var_db=6.9103 dB
2026-09-17 22:09:11 [INFO] [4458/4911] Processing: tghzGEXcWME_012.flac
2026-09-17 22:09:13 [INFO]   var_db=19.7321 dB
2026-09-17 22:09:13 [INFO] [4459/4911] Processing: tghzGEXcWME_013.flac
2026-09-17 22:09:15 [INFO]   var_db=43.6339 dB
2026-09-17 22:09:15 [INFO] [4460/4911] Processing: tiAZXns5K2o_000.flac
2026-09-17 22:09:18 [INFO]   var_db=15.4570 dB
2026-09-17 22:09:18 [INFO] [4461/4911] Processing: tiAZXns5K2o_001.flac
2026-09-17 22:09:20 [INFO]   var_db=26.1609 dB
2026-09-17 22:09:20 [INFO] [4462/4911] Processing: tiAZXns5K2o_002.flac
2026-09-17 22:09:27 [INFO]   var_db=15.0101 dB
2026-09-17 22:09:27 [INFO] [4463/4911] Processing: tiAZXns5K2o_003.flac
2026-09-17 22:09:28 [INFO]   var_db=0.7614 dB
2026-09-17 22:09:28 [INFO] [4464/4911] Processing: tiAZXns5K2o_004.flac
2026-09-17 22:09:33 [INFO]   var_db=14.5281 dB
2026-09-17 22:09:33 [INFO] [4465/4911] Processing: tiAZXns5K2o_005.flac
2026-09-17 22:09:39 [INFO]   var_db=8.4585 dB
2026-09-17 22:09:39 [INFO] [4466/4911] Processing: tiAZXns5K2o_006.flac
2026-09-17 22:09:41 [INFO]   var_db=-4.4604 dB
2026-09-17 22:09:41 [INFO] [4467/4911] Processing: tiAZXns5K2o_007.flac
2026-09-17 22:09:50 [INFO]   var_db=8.1419 dB
2026-09-17 22:09:50 [INFO] [4468/4911] Processing: tiAZXns5K2o_008.flac
2026-09-17 22:09:51 [INFO]   var_db=6.2629 dB
2026-09-17 22:09:51 [INFO] [4469/4911] Processing: tpE-yiRudx4_000.flac
2026-09-17 22:09:54 [INFO]   var_db=14.6883 dB
2026-09-17 22:09:54 [INFO] [4470/4911] Processing: tpE-yiRudx4_001.flac
2026-09-17 22:09:57 [INFO]   var_db=14.3986 dB
2026-09-17 22:09:57 [INFO] [4471/4911] Processing: tpE-yiRudx4_002.flac
2026-09-17 22:09:59 [INFO]   var_db=7.2490 dB
2026-09-17 22:09:59 [INFO] [4472/4911] Processing: tpE-yiRudx4_003.flac
2026-09-17 22:10:02 [INFO]   var_db=9.1314 dB
2026-09-17 22:10:02 [INFO] [4473/4911] Processing: tpE-yiRudx4_004.flac
2026-09-17 22:10:10 [INFO]   var_db=7.7768 dB
2026-09-17 22:10:10 [INFO] [4474/4911] Processing: tpE-yiRudx4_005.flac
2026-09-17 22:10:16 [INFO]   var_db=5.6691 dB
2026-09-17 22:10:16 [INFO] [4475/4911] Processing: tpE-yiRudx4_006.flac
2026-09-17 22:10:26 [INFO]   var_db=6.7284 dB
2026-09-17 22:10:26 [INFO] [4476/4911] Processing: tpE-yiRudx4_007.flac
2026-09-17 22:10:31 [INFO]   var_db=5.5559 dB
2026-09-17 22:10:31 [INFO] [4477/4911] Processing: tpE-yiRudx4_008.flac
2026-09-17 22:10:40 [INFO]   var_db=7.3281 dB
2026-09-17 22:10:40 [INFO] [4478/4911] Processing: tpE-yiRudx4_009.flac
2026-09-17 22:10:50 [INFO]   var_db=7.2867 dB
2026-09-17 22:10:50 [INFO] [4479/4911] Processing: tpE-yiRudx4_010.flac
2026-09-17 22:10:52 [INFO]   var_db=10.6267 dB
2026-09-17 22:10:52 [INFO] [4480/4911] Processing: tpE-yiRudx4_011.flac
2026-09-17 22:10:55 [INFO]   var_db=21.6457 dB
2026-09-17 22:10:55 [INFO] [4481/4911] Processing: tpE-yiRudx4_012.flac
2026-09-17 22:10:56 [INFO]   var_db=43.3185 dB
2026-09-17 22:10:56 [INFO] [4482/4911] Processing: txj-nvyhNeQ_000.flac
2026-09-17 22:11:05 [INFO]   var_db=6.9452 dB
2026-09-17 22:11:05 [INFO] [4483/4911] Processing: txj-nvyhNeQ_001.flac
2026-09-17 22:11:08 [INFO]   var_db=7.1672 dB
2026-09-17 22:11:08 [INFO] [4484/4911] Processing: txj-nvyhNeQ_002.flac
2026-09-17 22:11:12 [INFO]   var_db=3.1524 dB
2026-09-17 22:11:12 [INFO] [4485/4911] Processing: txj-nvyhNeQ_003.flac
2026-09-17 22:11:17 [INFO]   var_db=2.2678 dB
2026-09-17 22:11:17 [INFO] [4486/4911] Processing: txj-nvyhNeQ_004.flac
2026-09-17 22:11:23 [INFO]   var_db=4.8144 dB
2026-09-17 22:11:23 [INFO] [4487/4911] Processing: txj-nvyhNeQ_005.flac
2026-09-17 22:11:25 [INFO]   var_db=7.1750 dB
2026-09-17 22:11:25 [INFO] [4488/4911] Processing: txj-nvyhNeQ_006.flac
2026-09-17 22:11:28 [INFO]   var_db=20.3692 dB
2026-09-17 22:11:28 [INFO] [4489/4911] Processing: txj-nvyhNeQ_007.flac
2026-09-17 22:11:29 [INFO]   var_db=42.7482 dB
2026-09-17 22:11:29 [INFO] [4490/4911] Processing: uMm5I9C7MDQ_000.flac
2026-09-17 22:11:32 [INFO]   var_db=42.2561 dB
2026-09-17 22:11:32 [INFO] [4491/4911] Processing: uMm5I9C7MDQ_001.flac
2026-09-17 22:11:35 [INFO]   var_db=39.1218 dB
2026-09-17 22:11:35 [INFO] [4492/4911] Processing: uMm5I9C7MDQ_002.flac
2026-09-17 22:11:38 [INFO]   var_db=9.4025 dB
2026-09-17 22:11:38 [INFO] [4493/4911] Processing: uMm5I9C7MDQ_003.flac
2026-09-17 22:11:42 [INFO]   var_db=10.1427 dB
2026-09-17 22:11:42 [INFO] [4494/4911] Processing: uMm5I9C7MDQ_004.flac
2026-09-17 22:11:44 [INFO]   var_db=41.6331 dB
2026-09-17 22:11:44 [INFO] [4495/4911] Processing: uMm5I9C7MDQ_005.flac
2026-09-17 22:11:45 [INFO]   var_db=42.6645 dB
2026-09-17 22:11:45 [INFO] [4496/4911] Processing: uMm5I9C7MDQ_006.flac
2026-09-17 22:11:51 [INFO]   var_db=41.0646 dB
2026-09-17 22:11:51 [INFO] [4497/4911] Processing: uMm5I9C7MDQ_007.flac
2026-09-17 22:11:55 [INFO]   var_db=22.3267 dB
2026-09-17 22:11:55 [INFO] [4498/4911] Processing: uMm5I9C7MDQ_008.flac
2026-09-17 22:12:05 [INFO]   var_db=34.4941 dB
2026-09-17 22:12:05 [INFO] [4499/4911] Processing: uMm5I9C7MDQ_009.flac
2026-09-17 22:12:10 [INFO]   var_db=36.9819 dB
2026-09-17 22:12:10 [INFO] [4500/4911] Processing: uMm5I9C7MDQ_010.flac
2026-09-17 22:12:20 [INFO]   var_db=13.5342 dB
2026-09-17 22:12:20 [INFO] [4501/4911] Processing: uMm5I9C7MDQ_011.flac
2026-09-17 22:12:29 [INFO]   var_db=19.3731 dB
2026-09-17 22:12:29 [INFO] [4502/4911] Processing: uMm5I9C7MDQ_012.flac
2026-09-17 22:12:34 [INFO]   var_db=11.2145 dB
2026-09-17 22:12:34 [INFO] [4503/4911] Processing: uMm5I9C7MDQ_013.flac
2026-09-17 22:12:44 [INFO]   var_db=18.9616 dB
2026-09-17 22:12:44 [INFO] [4504/4911] Processing: uMm5I9C7MDQ_014.flac
2026-09-17 22:12:53 [INFO]   var_db=7.6098 dB
2026-09-17 22:12:53 [INFO] [4505/4911] Processing: uMm5I9C7MDQ_015.flac
2026-09-17 22:12:55 [INFO]   var_db=6.3294 dB
2026-09-17 22:12:55 [INFO] [4506/4911] Processing: uQ-mD4O0Lpw_000.flac
2026-09-17 22:12:56 [INFO]   var_db=16.0792 dB
2026-09-17 22:12:56 [INFO] [4507/4911] Processing: uQ-mD4O0Lpw_001.flac
2026-09-17 22:12:59 [INFO]   var_db=13.5515 dB
2026-09-17 22:12:59 [INFO] [4508/4911] Processing: uQ-mD4O0Lpw_002.flac
2026-09-17 22:13:02 [INFO]   var_db=14.0025 dB
2026-09-17 22:13:02 [INFO] [4509/4911] Processing: uQ-mD4O0Lpw_003.flac
2026-09-17 22:13:06 [INFO]   var_db=12.9308 dB
2026-09-17 22:13:06 [INFO] [4510/4911] Processing: uQ-mD4O0Lpw_004.flac
2026-09-17 22:13:08 [INFO]   var_db=3.6284 dB
2026-09-17 22:13:08 [INFO] [4511/4911] Processing: uQ-mD4O0Lpw_005.flac
2026-09-17 22:13:10 [INFO]   var_db=6.3577 dB
2026-09-17 22:13:10 [INFO] [4512/4911] Processing: uQUaBEoMIHg_000.flac
2026-09-17 22:13:16 [INFO]   var_db=18.7228 dB
2026-09-17 22:13:16 [INFO] [4513/4911] Processing: uQUaBEoMIHg_001.flac
2026-09-17 22:13:23 [INFO]   var_db=19.0897 dB
2026-09-17 22:13:23 [INFO] [4514/4911] Processing: uQUaBEoMIHg_002.flac
2026-09-17 22:13:33 [INFO]   var_db=13.2867 dB
2026-09-17 22:13:33 [INFO] [4515/4911] Processing: uQUaBEoMIHg_003.flac
2026-09-17 22:13:42 [INFO]   var_db=13.7930 dB
2026-09-17 22:13:42 [INFO] [4516/4911] Processing: uQUaBEoMIHg_004.flac
2026-09-17 22:13:45 [INFO]   var_db=21.0582 dB
2026-09-17 22:13:45 [INFO] [4517/4911] Processing: uQUaBEoMIHg_005.flac
2026-09-17 22:13:46 [INFO]   var_db=43.3287 dB
2026-09-17 22:13:46 [INFO] [4518/4911] Processing: uYN_9pBHKG0_000.flac
2026-09-17 22:13:49 [INFO]   var_db=1.8702 dB
2026-09-17 22:13:49 [INFO] [4519/4911] Processing: uYN_9pBHKG0_001.flac
2026-09-17 22:13:51 [INFO]   var_db=40.0036 dB
2026-09-17 22:13:51 [INFO] [4520/4911] Processing: uYN_9pBHKG0_002.flac
2026-09-17 22:14:01 [INFO]   var_db=10.5410 dB
2026-09-17 22:14:01 [INFO] [4521/4911] Processing: uYN_9pBHKG0_003.flac
2026-09-17 22:14:04 [INFO]   var_db=8.1971 dB
2026-09-17 22:14:04 [INFO] [4522/4911] Processing: uYN_9pBHKG0_004.flac
2026-09-17 22:14:14 [INFO]   var_db=5.4849 dB
2026-09-17 22:14:14 [INFO] [4523/4911] Processing: uYN_9pBHKG0_005.flac
2026-09-17 22:14:17 [INFO]   var_db=7.6346 dB
2026-09-17 22:14:17 [INFO] [4524/4911] Processing: uYN_9pBHKG0_006.flac
2026-09-17 22:14:20 [INFO]   var_db=5.2225 dB
2026-09-17 22:14:20 [INFO] [4525/4911] Processing: uYN_9pBHKG0_007.flac
2026-09-17 22:14:22 [INFO]   var_db=11.5289 dB
2026-09-17 22:14:22 [INFO] [4526/4911] Processing: uYN_9pBHKG0_008.flac
2026-09-17 22:14:23 [INFO]   var_db=-7.3565 dB
2026-09-17 22:14:23 [INFO] [4527/4911] Processing: uYN_9pBHKG0_009.flac
2026-09-17 22:14:25 [INFO]   var_db=8.2795 dB
2026-09-17 22:14:25 [INFO] [4528/4911] Processing: uYN_9pBHKG0_010.flac
2026-09-17 22:14:30 [INFO]   var_db=14.4170 dB
2026-09-17 22:14:30 [INFO] [4529/4911] Processing: uYN_9pBHKG0_011.flac
2026-09-17 22:14:33 [INFO]   var_db=28.2949 dB
2026-09-17 22:14:33 [INFO] [4530/4911] Processing: uYN_9pBHKG0_012.flac
2026-09-17 22:14:36 [INFO]   var_db=3.3642 dB
2026-09-17 22:14:36 [INFO] [4531/4911] Processing: uYN_9pBHKG0_013.flac
2026-09-17 22:14:38 [INFO]   var_db=6.3369 dB
2026-09-17 22:14:38 [INFO] [4532/4911] Processing: ue8-iO-aX5I_000.flac
2026-09-17 22:14:39 [INFO]   var_db=40.0238 dB
2026-09-17 22:14:39 [INFO] [4533/4911] Processing: ue8-iO-aX5I_001.flac
2026-09-17 22:14:40 [INFO]   var_db=36.9584 dB
2026-09-17 22:14:40 [INFO] [4534/4911] Processing: ue8-iO-aX5I_002.flac
2026-09-17 22:14:43 [INFO]   var_db=17.6828 dB
2026-09-17 22:14:43 [INFO] [4535/4911] Processing: ue8-iO-aX5I_003.flac
2026-09-17 22:14:46 [INFO]   var_db=18.3068 dB
2026-09-17 22:14:46 [INFO] [4536/4911] Processing: ue8-iO-aX5I_004.flac
2026-09-17 22:14:50 [INFO]   var_db=17.7665 dB
2026-09-17 22:14:50 [INFO] [4537/4911] Processing: ue8-iO-aX5I_005.flac
2026-09-17 22:14:55 [INFO]   var_db=20.9366 dB
2026-09-17 22:14:55 [INFO] [4538/4911] Processing: ue8-iO-aX5I_006.flac
2026-09-17 22:14:57 [INFO]   var_db=43.6236 dB
2026-09-17 22:14:57 [INFO] [4539/4911] Processing: un9ybvOfMdM_000.flac
2026-09-17 22:15:05 [INFO]   var_db=10.9101 dB
2026-09-17 22:15:05 [INFO] [4540/4911] Processing: un9ybvOfMdM_001.flac
2026-09-17 22:15:10 [INFO]   var_db=7.2079 dB
2026-09-17 22:15:10 [INFO] [4541/4911] Processing: un9ybvOfMdM_002.flac
2026-09-17 22:15:12 [INFO]   var_db=10.3085 dB
2026-09-17 22:15:12 [INFO] [4542/4911] Processing: upCziR9Dj5Y_000.flac
2026-09-17 22:15:17 [INFO]   var_db=42.0437 dB
2026-09-17 22:15:17 [INFO] [4543/4911] Processing: upCziR9Dj5Y_001.flac
2026-09-17 22:15:22 [INFO]   var_db=8.6264 dB
2026-09-17 22:15:22 [INFO] [4544/4911] Processing: upCziR9Dj5Y_002.flac
2026-09-17 22:15:28 [INFO]   var_db=9.8985 dB
2026-09-17 22:15:28 [INFO] [4545/4911] Processing: upCziR9Dj5Y_003.flac
2026-09-17 22:15:34 [INFO]   var_db=9.2063 dB
2026-09-17 22:15:34 [INFO] [4546/4911] Processing: upCziR9Dj5Y_004.flac
2026-09-17 22:15:36 [INFO]   var_db=10.6668 dB
2026-09-17 22:15:36 [INFO] [4547/4911] Processing: upCziR9Dj5Y_005.flac
2026-09-17 22:15:39 [INFO]   var_db=7.7275 dB
2026-09-17 22:15:39 [INFO] [4548/4911] Processing: upCziR9Dj5Y_006.flac
2026-09-17 22:15:42 [INFO]   var_db=8.7905 dB
2026-09-17 22:15:42 [INFO] [4549/4911] Processing: upCziR9Dj5Y_007.flac
2026-09-17 22:15:43 [INFO]   var_db=9.9837 dB
2026-09-17 22:15:43 [INFO] [4550/4911] Processing: upCziR9Dj5Y_008.flac
2026-09-17 22:15:46 [INFO]   var_db=13.3628 dB
2026-09-17 22:15:46 [INFO] [4551/4911] Processing: upCziR9Dj5Y_009.flac
2026-09-17 22:15:53 [INFO]   var_db=9.1696 dB
2026-09-17 22:15:53 [INFO] [4552/4911] Processing: upCziR9Dj5Y_010.flac
2026-09-17 22:15:54 [INFO]   var_db=13.5548 dB
2026-09-17 22:15:54 [INFO] [4553/4911] Processing: upCziR9Dj5Y_011.flac
2026-09-17 22:15:58 [INFO]   var_db=9.8964 dB
2026-09-17 22:15:58 [INFO] [4554/4911] Processing: upCziR9Dj5Y_012.flac
2026-09-17 22:16:00 [INFO]   var_db=17.8330 dB
2026-09-17 22:16:00 [INFO] [4555/4911] Processing: upCziR9Dj5Y_013.flac
2026-09-17 22:16:02 [INFO]   var_db=43.0387 dB
2026-09-17 22:16:02 [INFO] [4556/4911] Processing: v0NnwIvVtjI_000.flac
2026-09-17 22:16:11 [INFO]   var_db=6.8038 dB
2026-09-17 22:16:11 [INFO] [4557/4911] Processing: v0NnwIvVtjI_001.flac
2026-09-17 22:16:17 [INFO]   var_db=4.0208 dB
2026-09-17 22:16:17 [INFO] [4558/4911] Processing: v0NnwIvVtjI_002.flac
2026-09-17 22:16:18 [INFO]   var_db=2.1883 dB
2026-09-17 22:16:18 [INFO] [4559/4911] Processing: v5Wx3MKlBuM_000.flac
2026-09-17 22:16:20 [INFO]   var_db=15.5654 dB
2026-09-17 22:16:20 [INFO] [4560/4911] Processing: v5Wx3MKlBuM_001.flac
2026-09-17 22:16:23 [INFO]   var_db=5.8550 dB
2026-09-17 22:16:23 [INFO] [4561/4911] Processing: v5Wx3MKlBuM_002.flac
2026-09-17 22:16:26 [INFO]   var_db=5.1076 dB
2026-09-17 22:16:26 [INFO] [4562/4911] Processing: v5Wx3MKlBuM_003.flac
2026-09-17 22:16:28 [INFO]   var_db=16.2808 dB
2026-09-17 22:16:28 [INFO] [4563/4911] Processing: v5Wx3MKlBuM_004.flac
2026-09-17 22:16:29 [INFO]   var_db=11.4716 dB
2026-09-17 22:16:29 [INFO] [4564/4911] Processing: v5Wx3MKlBuM_005.flac
2026-09-17 22:16:31 [INFO]   var_db=9.3746 dB
2026-09-17 22:16:31 [INFO] [4565/4911] Processing: v5Wx3MKlBuM_006.flac
2026-09-17 22:16:32 [INFO]   var_db=13.7593 dB
2026-09-17 22:16:32 [INFO] [4566/4911] Processing: v5Wx3MKlBuM_007.flac
2026-09-17 22:16:34 [INFO]   var_db=39.9819 dB
2026-09-17 22:16:34 [INFO] [4567/4911] Processing: v5Wx3MKlBuM_008.flac
2026-09-17 22:16:37 [INFO]   var_db=19.5544 dB
2026-09-17 22:16:37 [INFO] [4568/4911] Processing: v5Wx3MKlBuM_009.flac
2026-09-17 22:16:39 [INFO]   var_db=43.3493 dB
2026-09-17 22:16:39 [INFO] [4569/4911] Processing: v5Wx3MKlBuM_010.flac
2026-09-17 22:16:44 [INFO]   var_db=9.4269 dB
2026-09-17 22:16:44 [INFO] [4570/4911] Processing: v5Wx3MKlBuM_011.flac
2026-09-17 22:16:50 [INFO]   var_db=10.9101 dB
2026-09-17 22:16:50 [INFO] [4571/4911] Processing: v5Wx3MKlBuM_012.flac
2026-09-17 22:16:53 [INFO]   var_db=3.1061 dB
2026-09-17 22:16:53 [INFO] [4572/4911] Processing: v5Wx3MKlBuM_013.flac
2026-09-17 22:16:54 [INFO]   var_db=6.2935 dB
2026-09-17 22:16:54 [INFO] [4573/4911] Processing: v78MkgYvOrQ_000.flac
2026-09-17 22:17:02 [INFO]   var_db=8.5374 dB
2026-09-17 22:17:02 [INFO] [4574/4911] Processing: v78MkgYvOrQ_001.flac
2026-09-17 22:17:12 [INFO]   var_db=8.3940 dB
2026-09-17 22:17:12 [INFO] [4575/4911] Processing: v78MkgYvOrQ_002.flac
2026-09-17 22:17:18 [INFO]   var_db=8.0444 dB
2026-09-17 22:17:18 [INFO] [4576/4911] Processing: v78MkgYvOrQ_003.flac
2026-09-17 22:17:25 [INFO]   var_db=8.0477 dB
2026-09-17 22:17:25 [INFO] [4577/4911] Processing: v78MkgYvOrQ_004.flac
2026-09-17 22:17:33 [INFO]   var_db=8.1462 dB
2026-09-17 22:17:33 [INFO] [4578/4911] Processing: v78MkgYvOrQ_005.flac
2026-09-17 22:17:37 [INFO]   var_db=9.0398 dB
2026-09-17 22:17:37 [INFO] [4579/4911] Processing: v78MkgYvOrQ_006.flac
2026-09-17 22:17:43 [INFO]   var_db=5.4809 dB
2026-09-17 22:17:43 [INFO] [4580/4911] Processing: v78MkgYvOrQ_007.flac
2026-09-17 22:17:53 [INFO]   var_db=6.4095 dB
2026-09-17 22:17:53 [INFO] [4581/4911] Processing: v78MkgYvOrQ_008.flac
2026-09-17 22:17:58 [INFO]   var_db=5.6978 dB
2026-09-17 22:17:58 [INFO] [4582/4911] Processing: v78MkgYvOrQ_009.flac
2026-09-17 22:18:02 [INFO]   var_db=5.2198 dB
2026-09-17 22:18:02 [INFO] [4583/4911] Processing: v78MkgYvOrQ_010.flac
2026-09-17 22:18:08 [INFO]   var_db=5.3756 dB
2026-09-17 22:18:08 [INFO] [4584/4911] Processing: v78MkgYvOrQ_011.flac
2026-09-17 22:18:11 [INFO]   var_db=6.7141 dB
2026-09-17 22:18:11 [INFO] [4585/4911] Processing: v78MkgYvOrQ_012.flac
2026-09-17 22:18:20 [INFO]   var_db=4.7662 dB
2026-09-17 22:18:20 [INFO] [4586/4911] Processing: v78MkgYvOrQ_013.flac
2026-09-17 22:18:28 [INFO]   var_db=5.0556 dB
2026-09-17 22:18:28 [INFO] [4587/4911] Processing: v78MkgYvOrQ_014.flac
2026-09-17 22:18:37 [INFO]   var_db=4.9403 dB
2026-09-17 22:18:37 [INFO] [4588/4911] Processing: v78MkgYvOrQ_015.flac
2026-09-17 22:18:46 [INFO]   var_db=4.9583 dB
2026-09-17 22:18:46 [INFO] [4589/4911] Processing: v78MkgYvOrQ_016.flac
2026-09-17 22:18:56 [INFO]   var_db=6.3466 dB
2026-09-17 22:18:56 [INFO] [4590/4911] Processing: v78MkgYvOrQ_017.flac
2026-09-17 22:18:59 [INFO]   var_db=5.3464 dB
2026-09-17 22:18:59 [INFO] [4591/4911] Processing: v78MkgYvOrQ_018.flac
2026-09-17 22:19:09 [INFO]   var_db=39.3029 dB
2026-09-17 22:19:09 [INFO] [4592/4911] Processing: v78MkgYvOrQ_019.flac
2026-09-17 22:19:17 [INFO]   var_db=42.8743 dB
2026-09-17 22:19:17 [INFO] [4593/4911] Processing: vFrMK-oxuV4_000.flac
2026-09-17 22:19:23 [INFO]   var_db=12.4328 dB
2026-09-17 22:19:23 [INFO] [4594/4911] Processing: vFrMK-oxuV4_001.flac
2026-09-17 22:19:25 [INFO]   var_db=5.4287 dB
2026-09-17 22:19:25 [INFO] [4595/4911] Processing: vFrMK-oxuV4_002.flac
2026-09-17 22:19:33 [INFO]   var_db=7.0560 dB
2026-09-17 22:19:33 [INFO] [4596/4911] Processing: vFrMK-oxuV4_003.flac
2026-09-17 22:19:40 [INFO]   var_db=7.9242 dB
2026-09-17 22:19:40 [INFO] [4597/4911] Processing: vFrMK-oxuV4_004.flac
2026-09-17 22:19:47 [INFO]   var_db=8.5004 dB
2026-09-17 22:19:47 [INFO] [4598/4911] Processing: vFrMK-oxuV4_005.flac
2026-09-17 22:19:48 [INFO]   var_db=6.2971 dB
2026-09-17 22:19:48 [INFO] [4599/4911] Processing: vJimNzAr-lo_000.flac
2026-09-17 22:19:51 [INFO]   var_db=20.0441 dB
2026-09-17 22:19:51 [INFO] [4600/4911] Processing: vJimNzAr-lo_001.flac
2026-09-17 22:19:55 [INFO]   var_db=13.5177 dB
2026-09-17 22:19:55 [INFO] [4601/4911] Processing: vJimNzAr-lo_002.flac
2026-09-17 22:19:59 [INFO]   var_db=13.4274 dB
2026-09-17 22:19:59 [INFO] [4602/4911] Processing: vJimNzAr-lo_003.flac
2026-09-17 22:20:02 [INFO]   var_db=12.6297 dB
2026-09-17 22:20:02 [INFO] [4603/4911] Processing: vJimNzAr-lo_004.flac
2026-09-17 22:20:05 [INFO]   var_db=11.6364 dB
2026-09-17 22:20:05 [INFO] [4604/4911] Processing: vJimNzAr-lo_005.flac
2026-09-17 22:20:08 [INFO]   var_db=10.5253 dB
2026-09-17 22:20:08 [INFO] [4605/4911] Processing: vJimNzAr-lo_006.flac
2026-09-17 22:20:12 [INFO]   var_db=10.3925 dB
2026-09-17 22:20:12 [INFO] [4606/4911] Processing: vJimNzAr-lo_007.flac
2026-09-17 22:20:16 [INFO]   var_db=13.6280 dB
2026-09-17 22:20:16 [INFO] [4607/4911] Processing: vJimNzAr-lo_008.flac
2026-09-17 22:20:20 [INFO]   var_db=12.6976 dB
2026-09-17 22:20:20 [INFO] [4608/4911] Processing: vJimNzAr-lo_009.flac
2026-09-17 22:20:25 [INFO]   var_db=10.0639 dB
2026-09-17 22:20:25 [INFO] [4609/4911] Processing: vJimNzAr-lo_010.flac
2026-09-17 22:20:27 [INFO]   var_db=2.3922 dB
2026-09-17 22:20:27 [INFO] [4610/4911] Processing: vhvzzWnTK_Y_000.flac
2026-09-17 22:20:28 [INFO]   var_db=25.6821 dB
2026-09-17 22:20:28 [INFO] [4611/4911] Processing: vhvzzWnTK_Y_001.flac
2026-09-17 22:20:30 [INFO]   var_db=38.0584 dB
2026-09-17 22:20:30 [INFO] [4612/4911] Processing: vhvzzWnTK_Y_002.flac
2026-09-17 22:20:31 [INFO]   var_db=25.9023 dB
2026-09-17 22:20:31 [INFO] [4613/4911] Processing: vhvzzWnTK_Y_003.flac
2026-09-17 22:20:32 [INFO]   var_db=9.6374 dB
2026-09-17 22:20:32 [INFO] [4614/4911] Processing: vhvzzWnTK_Y_004.flac
2026-09-17 22:20:34 [INFO]   var_db=42.5864 dB
2026-09-17 22:20:34 [INFO] [4615/4911] Processing: vhvzzWnTK_Y_005.flac
2026-09-17 22:20:35 [INFO]   var_db=39.6487 dB
2026-09-17 22:20:35 [INFO] [4616/4911] Processing: vhvzzWnTK_Y_006.flac
2026-09-17 22:20:36 [INFO]   var_db=8.6311 dB
2026-09-17 22:20:36 [INFO] [4617/4911] Processing: vhvzzWnTK_Y_007.flac
2026-09-17 22:20:38 [INFO]   var_db=12.4283 dB
2026-09-17 22:20:38 [INFO] [4618/4911] Processing: vhvzzWnTK_Y_008.flac
2026-09-17 22:20:40 [INFO]   var_db=16.2631 dB
2026-09-17 22:20:40 [INFO] [4619/4911] Processing: vhvzzWnTK_Y_009.flac
2026-09-17 22:20:43 [INFO]   var_db=3.5545 dB
2026-09-17 22:20:43 [INFO] [4620/4911] Processing: vhvzzWnTK_Y_010.flac
2026-09-17 22:20:44 [INFO]   var_db=6.2744 dB
2026-09-17 22:20:44 [INFO] [4621/4911] Processing: vwzpuyvZSdI_000.flac
2026-09-17 22:20:48 [INFO]   var_db=40.8767 dB
2026-09-17 22:20:48 [INFO] [4622/4911] Processing: vwzpuyvZSdI_001.flac
2026-09-17 22:20:55 [INFO]   var_db=18.6646 dB
2026-09-17 22:20:55 [INFO] [4623/4911] Processing: vwzpuyvZSdI_002.flac
2026-09-17 22:20:56 [INFO]   var_db=19.4028 dB
2026-09-17 22:20:56 [INFO] [4624/4911] Processing: vwzpuyvZSdI_003.flac
2026-09-17 22:21:00 [INFO]   var_db=19.1928 dB
2026-09-17 22:21:00 [INFO] [4625/4911] Processing: vwzpuyvZSdI_004.flac
2026-09-17 22:21:04 [INFO]   var_db=15.4404 dB
2026-09-17 22:21:04 [INFO] [4626/4911] Processing: vwzpuyvZSdI_005.flac
2026-09-17 22:21:06 [INFO]   var_db=23.8293 dB
2026-09-17 22:21:06 [INFO] [4627/4911] Processing: vwzpuyvZSdI_006.flac
2026-09-17 22:21:11 [INFO]   var_db=15.5837 dB
2026-09-17 22:21:11 [INFO] [4628/4911] Processing: vwzpuyvZSdI_007.flac
2026-09-17 22:21:13 [INFO]   var_db=16.7340 dB
2026-09-17 22:21:13 [INFO] [4629/4911] Processing: vwzpuyvZSdI_008.flac
2026-09-17 22:21:14 [INFO]   var_db=16.9101 dB
2026-09-17 22:21:14 [INFO] [4630/4911] Processing: vwzpuyvZSdI_009.flac
2026-09-17 22:21:16 [INFO]   var_db=16.4991 dB
2026-09-17 22:21:16 [INFO] [4631/4911] Processing: vwzpuyvZSdI_010.flac
2026-09-17 22:21:18 [INFO]   var_db=13.2929 dB
2026-09-17 22:21:18 [INFO] [4632/4911] Processing: vwzpuyvZSdI_011.flac
2026-09-17 22:21:19 [INFO]   var_db=16.6732 dB
2026-09-17 22:21:19 [INFO] [4633/4911] Processing: vwzpuyvZSdI_012.flac
2026-09-17 22:21:21 [INFO]   var_db=17.1089 dB
2026-09-17 22:21:21 [INFO] [4634/4911] Processing: vwzpuyvZSdI_013.flac
2026-09-17 22:21:22 [INFO]   var_db=19.2278 dB
2026-09-17 22:21:22 [INFO] [4635/4911] Processing: vwzpuyvZSdI_014.flac
2026-09-17 22:21:24 [INFO]   var_db=15.4182 dB
2026-09-17 22:21:24 [INFO] [4636/4911] Processing: vwzpuyvZSdI_015.flac
2026-09-17 22:21:30 [INFO]   var_db=14.8823 dB
2026-09-17 22:21:30 [INFO] [4637/4911] Processing: vwzpuyvZSdI_016.flac
2026-09-17 22:21:33 [INFO]   var_db=8.3123 dB
2026-09-17 22:21:33 [INFO] [4638/4911] Processing: vwzpuyvZSdI_017.flac
2026-09-17 22:21:43 [INFO]   var_db=17.0986 dB
2026-09-17 22:21:43 [INFO] [4639/4911] Processing: vwzpuyvZSdI_018.flac
2026-09-17 22:21:52 [INFO]   var_db=16.4631 dB
2026-09-17 22:21:52 [INFO] [4640/4911] Processing: vwzpuyvZSdI_019.flac
2026-09-17 22:21:54 [INFO]   var_db=19.0297 dB
2026-09-17 22:21:54 [INFO] [4641/4911] Processing: vwzpuyvZSdI_020.flac
2026-09-17 22:21:58 [INFO]   var_db=14.5179 dB
2026-09-17 22:21:58 [INFO] [4642/4911] Processing: vwzpuyvZSdI_021.flac
2026-09-17 22:22:08 [INFO]   var_db=15.0571 dB
2026-09-17 22:22:08 [INFO] [4643/4911] Processing: vwzpuyvZSdI_022.flac
2026-09-17 22:22:12 [INFO]   var_db=15.4749 dB
2026-09-17 22:22:12 [INFO] [4644/4911] Processing: vwzpuyvZSdI_023.flac
2026-09-17 22:22:16 [INFO]   var_db=16.8885 dB
2026-09-17 22:22:16 [INFO] [4645/4911] Processing: vwzpuyvZSdI_024.flac
2026-09-17 22:22:19 [INFO]   var_db=22.0274 dB
2026-09-17 22:22:19 [INFO] [4646/4911] Processing: vwzpuyvZSdI_025.flac
2026-09-17 22:22:20 [INFO]   var_db=43.3035 dB
2026-09-17 22:22:20 [INFO] [4647/4911] Processing: w4hCyh2PlaI_000.flac
2026-09-17 22:22:27 [INFO]   var_db=12.3870 dB
2026-09-17 22:22:27 [INFO] [4648/4911] Processing: w4hCyh2PlaI_001.flac
2026-09-17 22:22:28 [INFO]   var_db=6.2457 dB
2026-09-17 22:22:28 [INFO] [4649/4911] Processing: wEaQoL1empQ_000.flac
2026-09-17 22:22:32 [INFO]   var_db=13.3293 dB
2026-09-17 22:22:32 [INFO] [4650/4911] Processing: wEaQoL1empQ_001.flac
2026-09-17 22:22:40 [INFO]   var_db=50.1588 dB
2026-09-17 22:22:40 [INFO] [4651/4911] Processing: wEaQoL1empQ_002.flac
2026-09-17 22:22:45 [INFO]   var_db=50.2789 dB
2026-09-17 22:22:45 [INFO] [4652/4911] Processing: wEaQoL1empQ_003.flac
2026-09-17 22:22:51 [INFO]   var_db=49.6483 dB
2026-09-17 22:22:51 [INFO] [4653/4911] Processing: wEaQoL1empQ_004.flac
2026-09-17 22:22:55 [INFO]   var_db=50.2006 dB
2026-09-17 22:22:55 [INFO] [4654/4911] Processing: wEaQoL1empQ_005.flac
2026-09-17 22:22:58 [INFO]   var_db=3.5033 dB
2026-09-17 22:22:58 [INFO] [4655/4911] Processing: wEaQoL1empQ_006.flac
2026-09-17 22:22:59 [INFO]   var_db=6.2311 dB
2026-09-17 22:22:59 [INFO] [4656/4911] Processing: wIdnUCjEssQ_000.flac
2026-09-17 22:23:02 [INFO]   var_db=11.2808 dB
2026-09-17 22:23:02 [INFO] [4657/4911] Processing: wIdnUCjEssQ_001.flac
2026-09-17 22:23:04 [INFO]   var_db=12.0447 dB
2026-09-17 22:23:04 [INFO] [4658/4911] Processing: wIdnUCjEssQ_002.flac
2026-09-17 22:23:06 [INFO]   var_db=11.4040 dB
2026-09-17 22:23:06 [INFO] [4659/4911] Processing: wIdnUCjEssQ_003.flac
2026-09-17 22:23:07 [INFO]   var_db=12.3711 dB
2026-09-17 22:23:07 [INFO] [4660/4911] Processing: wIdnUCjEssQ_004.flac
2026-09-17 22:23:09 [INFO]   var_db=15.0982 dB
2026-09-17 22:23:09 [INFO] [4661/4911] Processing: wIdnUCjEssQ_005.flac
2026-09-17 22:23:10 [INFO]   var_db=16.9139 dB
2026-09-17 22:23:10 [INFO] [4662/4911] Processing: wIdnUCjEssQ_006.flac
2026-09-17 22:23:12 [INFO]   var_db=18.6674 dB
2026-09-17 22:23:12 [INFO] [4663/4911] Processing: wIdnUCjEssQ_007.flac
2026-09-17 22:23:15 [INFO]   var_db=3.7543 dB
2026-09-17 22:23:15 [INFO] [4664/4911] Processing: wIdnUCjEssQ_008.flac
2026-09-17 22:23:16 [INFO]   var_db=6.3731 dB
2026-09-17 22:23:16 [INFO] [4665/4911] Processing: wKnZonmRm_0_000.flac
2026-09-17 22:23:23 [INFO]   var_db=9.3443 dB
2026-09-17 22:23:23 [INFO] [4666/4911] Processing: wKnZonmRm_0_001.flac
2026-09-17 22:23:28 [INFO]   var_db=5.6236 dB
2026-09-17 22:23:28 [INFO] [4667/4911] Processing: wKnZonmRm_0_002.flac
2026-09-17 22:23:31 [INFO]   var_db=5.5346 dB
2026-09-17 22:23:31 [INFO] [4668/4911] Processing: wKnZonmRm_0_003.flac
2026-09-17 22:23:35 [INFO]   var_db=5.2364 dB
2026-09-17 22:23:35 [INFO] [4669/4911] Processing: wKnZonmRm_0_004.flac
2026-09-17 22:23:45 [INFO]   var_db=2.8508 dB
2026-09-17 22:23:45 [INFO] [4670/4911] Processing: wKnZonmRm_0_005.flac
2026-09-17 22:23:51 [INFO]   var_db=3.2124 dB
2026-09-17 22:23:51 [INFO] [4671/4911] Processing: wKnZonmRm_0_006.flac
2026-09-17 22:23:57 [INFO]   var_db=5.9593 dB
2026-09-17 22:23:57 [INFO] [4672/4911] Processing: wKnZonmRm_0_007.flac
2026-09-17 22:24:00 [INFO]   var_db=5.6243 dB
2026-09-17 22:24:00 [INFO] [4673/4911] Processing: wKnZonmRm_0_008.flac
2026-09-17 22:24:06 [INFO]   var_db=3.5193 dB
2026-09-17 22:24:06 [INFO] [4674/4911] Processing: wKnZonmRm_0_009.flac
2026-09-17 22:24:09 [INFO]   var_db=10.1315 dB
2026-09-17 22:24:09 [INFO] [4675/4911] Processing: wKnZonmRm_0_010.flac
2026-09-17 22:24:12 [INFO]   var_db=18.5208 dB
2026-09-17 22:24:12 [INFO] [4676/4911] Processing: wKnZonmRm_0_011.flac
2026-09-17 22:24:13 [INFO]   var_db=42.8819 dB
2026-09-17 22:24:13 [INFO] [4677/4911] Processing: wToq891_0Ew_000.flac
2026-09-17 22:24:15 [INFO]   var_db=44.7088 dB
2026-09-17 22:24:15 [INFO] [4678/4911] Processing: wToq891_0Ew_001.flac
2026-09-17 22:24:20 [INFO]   var_db=19.0320 dB
2026-09-17 22:24:20 [INFO] [4679/4911] Processing: wToq891_0Ew_002.flac
2026-09-17 22:24:21 [INFO]   var_db=42.5995 dB
2026-09-17 22:24:21 [INFO] [4680/4911] Processing: wme62WSv6_Q_000.flac
2026-09-17 22:24:26 [INFO]   var_db=43.0822 dB
2026-09-17 22:24:26 [INFO] [4681/4911] Processing: wme62WSv6_Q_001.flac
2026-09-17 22:24:36 [INFO]   var_db=15.6077 dB
2026-09-17 22:24:36 [INFO] [4682/4911] Processing: wme62WSv6_Q_002.flac
2026-09-17 22:24:46 [INFO]   var_db=10.3609 dB
2026-09-17 22:24:46 [INFO] [4683/4911] Processing: wme62WSv6_Q_003.flac
2026-09-17 22:24:48 [INFO]   var_db=16.1326 dB
2026-09-17 22:24:48 [INFO] [4684/4911] Processing: wme62WSv6_Q_004.flac
2026-09-17 22:24:51 [INFO]   var_db=26.3699 dB
2026-09-17 22:24:51 [INFO] [4685/4911] Processing: wme62WSv6_Q_005.flac
2026-09-17 22:24:53 [INFO]   var_db=42.8814 dB
2026-09-17 22:24:53 [INFO] [4686/4911] Processing: wmsBUAfxcpc_000.flac
2026-09-17 22:24:54 [INFO]   var_db=9.3284 dB
2026-09-17 22:24:54 [INFO] [4687/4911] Processing: wmsBUAfxcpc_001.flac
2026-09-17 22:24:56 [INFO]   var_db=9.8075 dB
2026-09-17 22:24:56 [INFO] [4688/4911] Processing: wmsBUAfxcpc_002.flac
2026-09-17 22:24:58 [INFO]   var_db=3.3368 dB
2026-09-17 22:24:58 [INFO] [4689/4911] Processing: wmsBUAfxcpc_003.flac
2026-09-17 22:25:00 [INFO]   var_db=6.2742 dB
2026-09-17 22:25:00 [INFO] [4690/4911] Processing: wrZW3zFKKG8_000.flac
2026-09-17 22:25:03 [INFO]   var_db=22.2442 dB
2026-09-17 22:25:03 [INFO] [4691/4911] Processing: wrZW3zFKKG8_001.flac
2026-09-17 22:25:05 [INFO]   var_db=46.8000 dB
2026-09-17 22:25:05 [INFO] [4692/4911] Processing: wrZW3zFKKG8_002.flac
2026-09-17 22:25:09 [INFO]   var_db=41.7872 dB
2026-09-17 22:25:09 [INFO] [4693/4911] Processing: wrZW3zFKKG8_003.flac
2026-09-17 22:25:20 [INFO]   var_db=42.2105 dB
2026-09-17 22:25:20 [INFO] [4694/4911] Processing: wrZW3zFKKG8_004.flac
2026-09-17 22:25:25 [INFO]   var_db=43.8209 dB
2026-09-17 22:25:25 [INFO] [4695/4911] Processing: x07083qMjr4_000.flac
2026-09-17 22:25:29 [INFO]   var_db=17.1181 dB
2026-09-17 22:25:29 [INFO] [4696/4911] Processing: x07083qMjr4_001.flac
2026-09-17 22:25:39 [INFO]   var_db=18.6721 dB
2026-09-17 22:25:39 [INFO] [4697/4911] Processing: x07083qMjr4_002.flac
2026-09-17 22:25:49 [INFO]   var_db=14.7052 dB
2026-09-17 22:25:49 [INFO] [4698/4911] Processing: x07083qMjr4_003.flac
2026-09-17 22:25:50 [INFO]   var_db=12.6331 dB
2026-09-17 22:25:50 [INFO] [4699/4911] Processing: x07083qMjr4_004.flac
2026-09-17 22:25:52 [INFO]   var_db=9.3965 dB
2026-09-17 22:25:52 [INFO] [4700/4911] Processing: x3lXIRulmQk_000.flac
2026-09-17 22:25:55 [INFO]   var_db=43.3371 dB
2026-09-17 22:25:55 [INFO] [4701/4911] Processing: x3lXIRulmQk_001.flac
2026-09-17 22:25:59 [INFO]   var_db=9.5189 dB
2026-09-17 22:25:59 [INFO] [4702/4911] Processing: x3lXIRulmQk_002.flac
2026-09-17 22:26:05 [INFO]   var_db=10.9531 dB
2026-09-17 22:26:05 [INFO] [4703/4911] Processing: x3lXIRulmQk_003.flac
2026-09-17 22:26:09 [INFO]   var_db=6.6204 dB
2026-09-17 22:26:09 [INFO] [4704/4911] Processing: x3lXIRulmQk_004.flac
2026-09-17 22:26:16 [INFO]   var_db=6.2347 dB
2026-09-17 22:26:16 [INFO] [4705/4911] Processing: x3lXIRulmQk_005.flac
2026-09-17 22:26:18 [INFO]   var_db=16.0429 dB
2026-09-17 22:26:18 [INFO] [4706/4911] Processing: x3lXIRulmQk_006.flac
2026-09-17 22:26:23 [INFO]   var_db=21.8313 dB
2026-09-17 22:26:23 [INFO] [4707/4911] Processing: x3lXIRulmQk_007.flac
2026-09-17 22:26:25 [INFO]   var_db=12.4888 dB
2026-09-17 22:26:25 [INFO] [4708/4911] Processing: x3lXIRulmQk_008.flac
2026-09-17 22:26:28 [INFO]   var_db=3.1688 dB
2026-09-17 22:26:28 [INFO] [4709/4911] Processing: x3lXIRulmQk_009.flac
2026-09-17 22:26:29 [INFO]   var_db=6.3103 dB
2026-09-17 22:26:29 [INFO] [4710/4911] Processing: x6fHdDGHnpg_000.flac
2026-09-17 22:26:34 [INFO]   var_db=17.1351 dB
2026-09-17 22:26:34 [INFO] [4711/4911] Processing: x6fHdDGHnpg_001.flac
2026-09-17 22:26:35 [INFO]   var_db=23.9120 dB
2026-09-17 22:26:35 [INFO] [4712/4911] Processing: x6fHdDGHnpg_002.flac
2026-09-17 22:26:37 [INFO]   var_db=32.2486 dB
2026-09-17 22:26:37 [INFO] [4713/4911] Processing: x6fHdDGHnpg_003.flac
2026-09-17 22:26:42 [INFO]   var_db=32.5704 dB
2026-09-17 22:26:42 [INFO] [4714/4911] Processing: x6fHdDGHnpg_004.flac
2026-09-17 22:26:44 [INFO]   var_db=39.0588 dB
2026-09-17 22:26:44 [INFO] [4715/4911] Processing: x6fHdDGHnpg_005.flac
2026-09-17 22:26:53 [INFO]   var_db=42.6846 dB
2026-09-17 22:26:53 [INFO] [4716/4911] Processing: x6fHdDGHnpg_006.flac
2026-09-17 22:26:55 [INFO]   var_db=20.2526 dB
2026-09-17 22:26:55 [INFO] [4717/4911] Processing: xGhoDgFe8GQ_000.flac
2026-09-17 22:26:58 [INFO]   var_db=40.8525 dB
2026-09-17 22:26:58 [INFO] [4718/4911] Processing: xGhoDgFe8GQ_001.flac
2026-09-17 22:26:59 [INFO]   var_db=1.1235 dB
2026-09-17 22:26:59 [INFO] [4719/4911] Processing: xGhoDgFe8GQ_002.flac
2026-09-17 22:27:01 [INFO]   var_db=7.2944 dB
2026-09-17 22:27:01 [INFO] [4720/4911] Processing: xGhoDgFe8GQ_003.flac
2026-09-17 22:27:02 [INFO]   var_db=8.3514 dB
2026-09-17 22:27:02 [INFO] [4721/4911] Processing: xGhoDgFe8GQ_004.flac
2026-09-17 22:27:04 [INFO]   var_db=12.3759 dB
2026-09-17 22:27:04 [INFO] [4722/4911] Processing: xGhoDgFe8GQ_005.flac
2026-09-17 22:27:05 [INFO]   var_db=9.9406 dB
2026-09-17 22:27:05 [INFO] [4723/4911] Processing: xGhoDgFe8GQ_006.flac
2026-09-17 22:27:07 [INFO]   var_db=12.4840 dB
2026-09-17 22:27:07 [INFO] [4724/4911] Processing: xGhoDgFe8GQ_007.flac
2026-09-17 22:27:12 [INFO]   var_db=8.1562 dB
2026-09-17 22:27:12 [INFO] [4725/4911] Processing: xGhoDgFe8GQ_008.flac
2026-09-17 22:27:14 [INFO]   var_db=6.0944 dB
2026-09-17 22:27:14 [INFO] [4726/4911] Processing: xGhoDgFe8GQ_009.flac
2026-09-17 22:27:15 [INFO]   var_db=5.3919 dB
2026-09-17 22:27:15 [INFO] [4727/4911] Processing: xaGu8VdP9nU_000.flac
2026-09-17 22:27:24 [INFO]   var_db=41.5375 dB
2026-09-17 22:27:24 [INFO] [4728/4911] Processing: xaGu8VdP9nU_001.flac
2026-09-17 22:27:28 [INFO]   var_db=43.2421 dB
2026-09-17 22:27:28 [INFO] [4729/4911] Processing: xaGu8VdP9nU_002.flac
2026-09-17 22:27:30 [INFO]   var_db=16.0460 dB
2026-09-17 22:27:30 [INFO] [4730/4911] Processing: xaGu8VdP9nU_003.flac
2026-09-17 22:27:33 [INFO]   var_db=3.7943 dB
2026-09-17 22:27:33 [INFO] [4731/4911] Processing: xaGu8VdP9nU_004.flac
2026-09-17 22:27:36 [INFO]   var_db=4.6050 dB
2026-09-17 22:27:36 [INFO] [4732/4911] Processing: xaGu8VdP9nU_005.flac
2026-09-17 22:27:39 [INFO]   var_db=2.3295 dB
2026-09-17 22:27:39 [INFO] [4733/4911] Processing: xaGu8VdP9nU_006.flac
2026-09-17 22:27:42 [INFO]   var_db=2.4379 dB
2026-09-17 22:27:42 [INFO] [4734/4911] Processing: xaGu8VdP9nU_007.flac
2026-09-17 22:27:45 [INFO]   var_db=4.8727 dB
2026-09-17 22:27:45 [INFO] [4735/4911] Processing: xaGu8VdP9nU_008.flac
2026-09-17 22:27:48 [INFO]   var_db=5.2932 dB
2026-09-17 22:27:48 [INFO] [4736/4911] Processing: xaGu8VdP9nU_009.flac
2026-09-17 22:27:51 [INFO]   var_db=7.4746 dB
2026-09-17 22:27:51 [INFO] [4737/4911] Processing: xaGu8VdP9nU_010.flac
2026-09-17 22:27:54 [INFO]   var_db=7.4921 dB
2026-09-17 22:27:54 [INFO] [4738/4911] Processing: xaGu8VdP9nU_011.flac
2026-09-17 22:27:55 [INFO]   var_db=41.8196 dB
2026-09-17 22:27:55 [INFO] [4739/4911] Processing: xaGu8VdP9nU_012.flac
2026-09-17 22:27:56 [INFO]   var_db=43.5359 dB
2026-09-17 22:27:56 [INFO] [4740/4911] Processing: xmEDLJqNCK0_000.flac
2026-09-17 22:27:59 [INFO]   var_db=23.1925 dB
2026-09-17 22:27:59 [INFO] [4741/4911] Processing: xmEDLJqNCK0_001.flac
2026-09-17 22:28:00 [INFO]   var_db=37.0032 dB
2026-09-17 22:28:00 [INFO] [4742/4911] Processing: xmEDLJqNCK0_002.flac
2026-09-17 22:28:06 [INFO]   var_db=42.2450 dB
2026-09-17 22:28:06 [INFO] [4743/4911] Processing: xmEDLJqNCK0_003.flac
2026-09-17 22:28:08 [INFO]   var_db=44.1560 dB
2026-09-17 22:28:08 [INFO] [4744/4911] Processing: yMiOxRdFGjg_000.flac
2026-09-17 22:28:17 [INFO]   var_db=13.2942 dB
2026-09-17 22:28:17 [INFO] [4745/4911] Processing: yMiOxRdFGjg_001.flac
2026-09-17 22:28:21 [INFO]   var_db=13.5382 dB
2026-09-17 22:28:21 [INFO] [4746/4911] Processing: yMiOxRdFGjg_002.flac
2026-09-17 22:28:23 [INFO]   var_db=42.2197 dB
2026-09-17 22:28:23 [INFO] [4747/4911] Processing: yMiOxRdFGjg_003.flac
2026-09-17 22:28:24 [INFO]   var_db=39.4346 dB
2026-09-17 22:28:24 [INFO] [4748/4911] Processing: yMiOxRdFGjg_004.flac
2026-09-17 22:28:26 [INFO]   var_db=38.3372 dB
2026-09-17 22:28:26 [INFO] [4749/4911] Processing: yMiOxRdFGjg_005.flac
2026-09-17 22:28:28 [INFO]   var_db=44.5330 dB
2026-09-17 22:28:28 [INFO] [4750/4911] Processing: yMiOxRdFGjg_006.flac
2026-09-17 22:28:29 [INFO]   var_db=29.8475 dB
2026-09-17 22:28:29 [INFO] [4751/4911] Processing: yMiOxRdFGjg_007.flac
2026-09-17 22:28:32 [INFO]   var_db=22.8737 dB
2026-09-17 22:28:32 [INFO] [4752/4911] Processing: yMiOxRdFGjg_008.flac
2026-09-17 22:28:33 [INFO]   var_db=42.8125 dB
2026-09-17 22:28:33 [INFO] [4753/4911] Processing: yOaVkjAxMAs_000.flac
2026-09-17 22:28:42 [INFO]   var_db=17.3361 dB
2026-09-17 22:28:42 [INFO] [4754/4911] Processing: yOaVkjAxMAs_001.flac
2026-09-17 22:28:51 [INFO]   var_db=13.3117 dB
2026-09-17 22:28:51 [INFO] [4755/4911] Processing: yOaVkjAxMAs_002.flac
2026-09-17 22:29:02 [INFO]   var_db=8.6494 dB
2026-09-17 22:29:02 [INFO] [4756/4911] Processing: yOaVkjAxMAs_003.flac
2026-09-17 22:29:08 [INFO]   var_db=14.6922 dB
2026-09-17 22:29:08 [INFO] [4757/4911] Processing: yOaVkjAxMAs_004.flac
2026-09-17 22:29:10 [INFO]   var_db=42.2183 dB
2026-09-17 22:29:10 [INFO] [4758/4911] Processing: yQX1MseKbh0_000.flac
2026-09-17 22:29:15 [INFO]   var_db=6.9303 dB
2026-09-17 22:29:15 [INFO] [4759/4911] Processing: yQX1MseKbh0_001.flac
2026-09-17 22:29:18 [INFO]   var_db=8.1932 dB
2026-09-17 22:29:18 [INFO] [4760/4911] Processing: yQX1MseKbh0_002.flac
2026-09-17 22:29:22 [INFO]   var_db=9.0715 dB
2026-09-17 22:29:22 [INFO] [4761/4911] Processing: yQX1MseKbh0_003.flac
2026-09-17 22:29:29 [INFO]   var_db=8.5677 dB
2026-09-17 22:29:29 [INFO] [4762/4911] Processing: yQX1MseKbh0_004.flac
2026-09-17 22:29:39 [INFO]   var_db=15.8679 dB
2026-09-17 22:29:39 [INFO] [4763/4911] Processing: yQX1MseKbh0_005.flac
2026-09-17 22:29:40 [INFO]   var_db=44.3463 dB
2026-09-17 22:29:40 [INFO] [4764/4911] Processing: yQX1MseKbh0_006.flac
2026-09-17 22:29:43 [INFO]   var_db=12.9225 dB
2026-09-17 22:29:43 [INFO] [4765/4911] Processing: yQX1MseKbh0_007.flac
2026-09-17 22:29:44 [INFO]   var_db=34.3826 dB
2026-09-17 22:29:44 [INFO] [4766/4911] Processing: yQX1MseKbh0_008.flac
2026-09-17 22:29:48 [INFO]   var_db=12.9132 dB
2026-09-17 22:29:48 [INFO] [4767/4911] Processing: yQX1MseKbh0_009.flac
2026-09-17 22:29:52 [INFO]   var_db=9.9740 dB
2026-09-17 22:29:52 [INFO] [4768/4911] Processing: yQX1MseKbh0_010.flac
2026-09-17 22:29:54 [INFO]   var_db=13.2526 dB
2026-09-17 22:29:54 [INFO] [4769/4911] Processing: yQX1MseKbh0_011.flac
2026-09-17 22:30:02 [INFO]   var_db=5.5015 dB
2026-09-17 22:30:02 [INFO] [4770/4911] Processing: yQX1MseKbh0_012.flac
2026-09-17 22:30:03 [INFO]   var_db=44.5184 dB
2026-09-17 22:30:03 [INFO] [4771/4911] Processing: yQX1MseKbh0_013.flac
2026-09-17 22:30:04 [INFO]   var_db=28.5106 dB
2026-09-17 22:30:04 [INFO] [4772/4911] Processing: yQX1MseKbh0_014.flac
2026-09-17 22:30:06 [INFO]   var_db=38.0187 dB
2026-09-17 22:30:06 [INFO] [4773/4911] Processing: yQX1MseKbh0_015.flac
2026-09-17 22:30:07 [INFO]   var_db=45.9603 dB
2026-09-17 22:30:07 [INFO] [4774/4911] Processing: yQX1MseKbh0_016.flac
2026-09-17 22:30:12 [INFO]   var_db=12.8960 dB
2026-09-17 22:30:12 [INFO] [4775/4911] Processing: yQX1MseKbh0_017.flac
2026-09-17 22:30:13 [INFO]   var_db=3.6111 dB
2026-09-17 22:30:13 [INFO] [4776/4911] Processing: yQX1MseKbh0_018.flac
2026-09-17 22:30:23 [INFO]   var_db=11.8050 dB
2026-09-17 22:30:23 [INFO] [4777/4911] Processing: yQX1MseKbh0_019.flac
2026-09-17 22:30:25 [INFO]   var_db=20.0723 dB
2026-09-17 22:30:25 [INFO] [4778/4911] Processing: yQX1MseKbh0_020.flac
2026-09-17 22:30:28 [INFO]   var_db=14.5769 dB
2026-09-17 22:30:28 [INFO] [4779/4911] Processing: yQX1MseKbh0_021.flac
2026-09-17 22:30:33 [INFO]   var_db=3.9069 dB
2026-09-17 22:30:33 [INFO] [4780/4911] Processing: yQX1MseKbh0_022.flac
2026-09-17 22:30:35 [INFO]   var_db=6.3417 dB
2026-09-17 22:30:35 [INFO] [4781/4911] Processing: yUsY5ZWOUMs_000.flac
2026-09-17 22:30:37 [INFO]   var_db=14.6055 dB
2026-09-17 22:30:37 [INFO] [4782/4911] Processing: yUsY5ZWOUMs_001.flac
2026-09-17 22:30:41 [INFO]   var_db=12.8218 dB
2026-09-17 22:30:41 [INFO] [4783/4911] Processing: yUsY5ZWOUMs_002.flac
2026-09-17 22:30:46 [INFO]   var_db=14.3451 dB
2026-09-17 22:30:46 [INFO] [4784/4911] Processing: yUsY5ZWOUMs_003.flac
2026-09-17 22:30:49 [INFO]   var_db=15.0530 dB
2026-09-17 22:30:49 [INFO] [4785/4911] Processing: yUsY5ZWOUMs_004.flac
2026-09-17 22:30:52 [INFO]   var_db=3.1201 dB
2026-09-17 22:30:52 [INFO] [4786/4911] Processing: yUsY5ZWOUMs_005.flac
2026-09-17 22:30:54 [INFO]   var_db=6.3185 dB
2026-09-17 22:30:54 [INFO] [4787/4911] Processing: yazBjEzVozc_000.flac
2026-09-17 22:30:55 [INFO]   var_db=14.8235 dB
2026-09-17 22:30:55 [INFO] [4788/4911] Processing: yazBjEzVozc_001.flac
2026-09-17 22:30:56 [INFO]   var_db=14.0311 dB
2026-09-17 22:30:56 [INFO] [4789/4911] Processing: yazBjEzVozc_002.flac
2026-09-17 22:30:57 [INFO]   var_db=14.9798 dB
2026-09-17 22:30:57 [INFO] [4790/4911] Processing: yazBjEzVozc_003.flac
2026-09-17 22:31:01 [INFO]   var_db=15.3159 dB
2026-09-17 22:31:01 [INFO] [4791/4911] Processing: yazBjEzVozc_004.flac
2026-09-17 22:31:05 [INFO]   var_db=16.5097 dB
2026-09-17 22:31:05 [INFO] [4792/4911] Processing: yazBjEzVozc_005.flac
2026-09-17 22:31:08 [INFO]   var_db=9.6762 dB
2026-09-17 22:31:08 [INFO] [4793/4911] Processing: yazBjEzVozc_006.flac
2026-09-17 22:31:09 [INFO]   var_db=10.8645 dB
2026-09-17 22:31:09 [INFO] [4794/4911] Processing: yeRdDP5GqMA_000.flac
2026-09-17 22:31:12 [INFO]   var_db=41.3763 dB
2026-09-17 22:31:12 [INFO] [4795/4911] Processing: yeRdDP5GqMA_001.flac
2026-09-17 22:31:21 [INFO]   var_db=16.1435 dB
2026-09-17 22:31:21 [INFO] [4796/4911] Processing: yeRdDP5GqMA_002.flac
2026-09-17 22:31:27 [INFO]   var_db=15.5586 dB
2026-09-17 22:31:27 [INFO] [4797/4911] Processing: yeRdDP5GqMA_003.flac
2026-09-17 22:31:30 [INFO]   var_db=5.7504 dB
2026-09-17 22:31:30 [INFO] [4798/4911] Processing: yeRdDP5GqMA_004.flac
2026-09-17 22:31:40 [INFO]   var_db=13.5333 dB
2026-09-17 22:31:40 [INFO] [4799/4911] Processing: yeRdDP5GqMA_005.flac
2026-09-17 22:31:44 [INFO]   var_db=13.4776 dB
2026-09-17 22:31:44 [INFO] [4800/4911] Processing: yeRdDP5GqMA_006.flac
2026-09-17 22:31:47 [INFO]   var_db=3.4786 dB
2026-09-17 22:31:47 [INFO] [4801/4911] Processing: yeRdDP5GqMA_007.flac
2026-09-17 22:31:48 [INFO]   var_db=6.2826 dB
2026-09-17 22:31:48 [INFO] [4802/4911] Processing: yfl_B98gb7o_000.flac
2026-09-17 22:31:50 [INFO]   var_db=44.5389 dB
2026-09-17 22:31:50 [INFO] [4803/4911] Processing: yfl_B98gb7o_001.flac
2026-09-17 22:31:58 [INFO]   var_db=16.4513 dB
2026-09-17 22:31:58 [INFO] [4804/4911] Processing: yfl_B98gb7o_002.flac
2026-09-17 22:32:01 [INFO]   var_db=19.5864 dB
2026-09-17 22:32:01 [INFO] [4805/4911] Processing: ynuA9DgE3oM_000.flac
2026-09-17 22:32:10 [INFO]   var_db=9.2018 dB
2026-09-17 22:32:10 [INFO] [4806/4911] Processing: ynuA9DgE3oM_001.flac
2026-09-17 22:32:14 [INFO]   var_db=7.0226 dB
2026-09-17 22:32:14 [INFO] [4807/4911] Processing: ynuA9DgE3oM_002.flac
2026-09-17 22:32:16 [INFO]   var_db=4.8319 dB
2026-09-17 22:32:16 [INFO] [4808/4911] Processing: ynuA9DgE3oM_003.flac
2026-09-17 22:32:17 [INFO]   var_db=4.8390 dB
2026-09-17 22:32:17 [INFO] [4809/4911] Processing: ynuA9DgE3oM_004.flac
2026-09-17 22:32:20 [INFO]   var_db=9.9765 dB
2026-09-17 22:32:20 [INFO] [4810/4911] Processing: ynuA9DgE3oM_005.flac
2026-09-17 22:32:22 [INFO]   var_db=3.4838 dB
2026-09-17 22:32:22 [INFO] [4811/4911] Processing: ynuA9DgE3oM_006.flac
2026-09-17 22:32:24 [INFO]   var_db=6.3118 dB
2026-09-17 22:32:24 [INFO] [4812/4911] Processing: z-FTJewy3vA_000.flac
2026-09-17 22:32:26 [INFO]   var_db=-0.5058 dB
2026-09-17 22:32:26 [INFO] [4813/4911] Processing: z-FTJewy3vA_001.flac
2026-09-17 22:32:27 [INFO]   var_db=36.9478 dB
2026-09-17 22:32:27 [INFO] [4814/4911] Processing: z-FTJewy3vA_002.flac
2026-09-17 22:32:29 [INFO]   var_db=19.3074 dB
2026-09-17 22:32:29 [INFO] [4815/4911] Processing: z-FTJewy3vA_003.flac
2026-09-17 22:32:30 [INFO]   var_db=18.7860 dB
2026-09-17 22:32:30 [INFO] [4816/4911] Processing: z-FTJewy3vA_004.flac
2026-09-17 22:32:31 [INFO]   var_db=20.9338 dB
2026-09-17 22:32:31 [INFO] [4817/4911] Processing: z-FTJewy3vA_005.flac
2026-09-17 22:32:32 [INFO]   var_db=15.6627 dB
2026-09-17 22:32:32 [INFO] [4818/4911] Processing: z-FTJewy3vA_006.flac
2026-09-17 22:32:34 [INFO]   var_db=16.4576 dB
2026-09-17 22:32:34 [INFO] [4819/4911] Processing: z-FTJewy3vA_007.flac
2026-09-17 22:32:35 [INFO]   var_db=15.4132 dB
2026-09-17 22:32:35 [INFO] [4820/4911] Processing: z-FTJewy3vA_008.flac
2026-09-17 22:32:38 [INFO]   var_db=15.7655 dB
2026-09-17 22:32:38 [INFO] [4821/4911] Processing: z-FTJewy3vA_009.flac
2026-09-17 22:32:41 [INFO]   var_db=15.5905 dB
2026-09-17 22:32:41 [INFO] [4822/4911] Processing: z-FTJewy3vA_010.flac
2026-09-17 22:32:43 [INFO]   var_db=17.7172 dB
2026-09-17 22:32:43 [INFO] [4823/4911] Processing: z-FTJewy3vA_011.flac
2026-09-17 22:32:45 [INFO]   var_db=42.9321 dB
2026-09-17 22:32:45 [INFO] [4824/4911] Processing: z0d7n9QxYiE_000.flac
2026-09-17 22:32:49 [INFO]   var_db=12.3656 dB
2026-09-17 22:32:49 [INFO] [4825/4911] Processing: z0d7n9QxYiE_001.flac
2026-09-17 22:32:50 [INFO]   var_db=44.1665 dB
2026-09-17 22:32:50 [INFO] [4826/4911] Processing: z0d7n9QxYiE_002.flac
2026-09-17 22:32:52 [INFO]   var_db=47.6737 dB
2026-09-17 22:32:52 [INFO] [4827/4911] Processing: z0d7n9QxYiE_003.flac
2026-09-17 22:32:56 [INFO]   var_db=48.8004 dB
2026-09-17 22:32:56 [INFO] [4828/4911] Processing: z0d7n9QxYiE_004.flac
2026-09-17 22:32:59 [INFO]   var_db=48.3132 dB
2026-09-17 22:32:59 [INFO] [4829/4911] Processing: z0d7n9QxYiE_005.flac
2026-09-17 22:33:01 [INFO]   var_db=48.4281 dB
2026-09-17 22:33:01 [INFO] [4830/4911] Processing: z0d7n9QxYiE_006.flac
2026-09-17 22:33:05 [INFO]   var_db=44.0043 dB
2026-09-17 22:33:05 [INFO] [4831/4911] Processing: z0d7n9QxYiE_007.flac
2026-09-17 22:33:10 [INFO]   var_db=48.6399 dB
2026-09-17 22:33:10 [INFO] [4832/4911] Processing: z0d7n9QxYiE_008.flac
2026-09-17 22:33:14 [INFO]   var_db=48.7462 dB
2026-09-17 22:33:14 [INFO] [4833/4911] Processing: z0d7n9QxYiE_009.flac
2026-09-17 22:33:17 [INFO]   var_db=48.0690 dB
2026-09-17 22:33:17 [INFO] [4834/4911] Processing: z0d7n9QxYiE_010.flac
2026-09-17 22:33:18 [INFO]   var_db=48.1770 dB
2026-09-17 22:33:18 [INFO] [4835/4911] Processing: z0d7n9QxYiE_011.flac
2026-09-17 22:33:25 [INFO]   var_db=9.2830 dB
2026-09-17 22:33:25 [INFO] [4836/4911] Processing: z0d7n9QxYiE_012.flac
2026-09-17 22:33:26 [INFO]   var_db=6.2755 dB
2026-09-17 22:33:26 [INFO] [4837/4911] Processing: zDY3f_JU2Mw_000.flac
2026-09-17 22:33:31 [INFO]   var_db=15.8019 dB
2026-09-17 22:33:31 [INFO] [4838/4911] Processing: zDY3f_JU2Mw_001.flac
2026-09-17 22:33:42 [INFO]   var_db=9.1323 dB
2026-09-17 22:33:42 [INFO] [4839/4911] Processing: zDY3f_JU2Mw_002.flac
2026-09-17 22:33:48 [INFO]   var_db=7.4714 dB
2026-09-17 22:33:48 [INFO] [4840/4911] Processing: zDY3f_JU2Mw_003.flac
2026-09-17 22:33:55 [INFO]   var_db=17.1947 dB
2026-09-17 22:33:55 [INFO] [4841/4911] Processing: zDY3f_JU2Mw_004.flac
2026-09-17 22:33:58 [INFO]   var_db=10.4203 dB
2026-09-17 22:33:58 [INFO] [4842/4911] Processing: zDY3f_JU2Mw_005.flac
2026-09-17 22:34:01 [INFO]   var_db=12.6249 dB
2026-09-17 22:34:01 [INFO] [4843/4911] Processing: zDY3f_JU2Mw_006.flac
2026-09-17 22:34:04 [INFO]   var_db=13.7949 dB
2026-09-17 22:34:04 [INFO] [4844/4911] Processing: zDY3f_JU2Mw_007.flac
2026-09-17 22:34:06 [INFO]   var_db=8.7823 dB
2026-09-17 22:34:06 [INFO] [4845/4911] Processing: zDY3f_JU2Mw_008.flac
2026-09-17 22:34:09 [INFO]   var_db=6.9333 dB
2026-09-17 22:34:09 [INFO] [4846/4911] Processing: zDY3f_JU2Mw_009.flac
2026-09-17 22:34:18 [INFO]   var_db=8.4594 dB
2026-09-17 22:34:18 [INFO] [4847/4911] Processing: zDY3f_JU2Mw_010.flac
2026-09-17 22:34:25 [INFO]   var_db=7.0615 dB
2026-09-17 22:34:25 [INFO] [4848/4911] Processing: zDY3f_JU2Mw_011.flac
2026-09-17 22:34:26 [INFO]   var_db=6.2808 dB
2026-09-17 22:34:26 [INFO] [4849/4911] Processing: zLH6UBjv7iM_000.flac
2026-09-17 22:34:30 [INFO]   var_db=40.5331 dB
2026-09-17 22:34:30 [INFO] [4850/4911] Processing: zLH6UBjv7iM_001.flac
2026-09-17 22:34:32 [INFO]   var_db=21.6582 dB
2026-09-17 22:34:32 [INFO] [4851/4911] Processing: zLH6UBjv7iM_002.flac
2026-09-17 22:34:42 [INFO]   var_db=20.3164 dB
2026-09-17 22:34:42 [INFO] [4852/4911] Processing: zLH6UBjv7iM_003.flac
2026-09-17 22:34:47 [INFO]   var_db=19.7474 dB
2026-09-17 22:34:47 [INFO] [4853/4911] Processing: zLH6UBjv7iM_004.flac
2026-09-17 22:34:49 [INFO]   var_db=22.6091 dB
2026-09-17 22:34:49 [INFO] [4854/4911] Processing: zLH6UBjv7iM_005.flac
2026-09-17 22:34:51 [INFO]   var_db=42.8659 dB
2026-09-17 22:34:51 [INFO] [4855/4911] Processing: zQ74tQFIXZU_000.flac
2026-09-17 22:34:53 [INFO]   var_db=5.2516 dB
2026-09-17 22:34:53 [INFO] [4856/4911] Processing: zQvwsDGr9JU_000.flac
2026-09-17 22:34:57 [INFO]   var_db=45.6555 dB
2026-09-17 22:34:57 [INFO] [4857/4911] Processing: zQvwsDGr9JU_001.flac
2026-09-17 22:35:00 [INFO]   var_db=20.4496 dB
2026-09-17 22:35:00 [INFO] [4858/4911] Processing: zQvwsDGr9JU_002.flac
2026-09-17 22:35:01 [INFO]   var_db=42.8183 dB
2026-09-17 22:35:01 [INFO] [4859/4911] Processing: zUPrQBxS2NM_000.flac
2026-09-17 22:35:11 [INFO]   var_db=10.9959 dB
2026-09-17 22:35:11 [INFO] [4860/4911] Processing: zUPrQBxS2NM_001.flac
2026-09-17 22:35:18 [INFO]   var_db=8.0696 dB
2026-09-17 22:35:18 [INFO] [4861/4911] Processing: zUPrQBxS2NM_002.flac
2026-09-17 22:35:21 [INFO]   var_db=23.7203 dB
2026-09-17 22:35:21 [INFO] [4862/4911] Processing: zUPrQBxS2NM_003.flac
2026-09-17 22:35:22 [INFO]   var_db=43.3813 dB
2026-09-17 22:35:22 [INFO] [4863/4911] Processing: za1OqKsqiCc_000.flac
2026-09-17 22:35:26 [INFO]   var_db=9.7521 dB
2026-09-17 22:35:26 [INFO] [4864/4911] Processing: za1OqKsqiCc_001.flac
2026-09-17 22:35:29 [INFO]   var_db=10.9106 dB
2026-09-17 22:35:29 [INFO] [4865/4911] Processing: za1OqKsqiCc_002.flac
2026-09-17 22:35:30 [INFO]   var_db=11.6734 dB
2026-09-17 22:35:30 [INFO] [4866/4911] Processing: za1OqKsqiCc_003.flac
2026-09-17 22:35:33 [INFO]   var_db=9.7294 dB
2026-09-17 22:35:33 [INFO] [4867/4911] Processing: za1OqKsqiCc_004.flac
2026-09-17 22:35:36 [INFO]   var_db=9.1922 dB
2026-09-17 22:35:36 [INFO] [4868/4911] Processing: za1OqKsqiCc_005.flac
2026-09-17 22:35:42 [INFO]   var_db=10.7376 dB
2026-09-17 22:35:42 [INFO] [4869/4911] Processing: za1OqKsqiCc_006.flac
2026-09-17 22:35:45 [INFO]   var_db=11.7917 dB
2026-09-17 22:35:45 [INFO] [4870/4911] Processing: za1OqKsqiCc_007.flac
2026-09-17 22:35:47 [INFO]   var_db=3.6498 dB
2026-09-17 22:35:47 [INFO] [4871/4911] Processing: za1OqKsqiCc_008.flac
2026-09-17 22:35:49 [INFO]   var_db=6.3048 dB
2026-09-17 22:35:49 [INFO] [4872/4911] Processing: zh0-UdbZ2UE_000.flac
2026-09-17 22:35:58 [INFO]   var_db=13.6388 dB
2026-09-17 22:35:58 [INFO] [4873/4911] Processing: zh0-UdbZ2UE_001.flac
2026-09-17 22:35:59 [INFO]   var_db=4.8004 dB
2026-09-17 22:35:59 [INFO] [4874/4911] Processing: zh0-UdbZ2UE_002.flac
2026-09-17 22:36:00 [INFO]   var_db=6.3614 dB
2026-09-17 22:36:00 [INFO] [4875/4911] Processing: zhkldou_CKY_000.flac
2026-09-17 22:36:04 [INFO]   var_db=14.0258 dB
2026-09-17 22:36:04 [INFO] [4876/4911] Processing: zhkldou_CKY_001.flac
2026-09-17 22:36:08 [INFO]   var_db=11.6164 dB
2026-09-17 22:36:08 [INFO] [4877/4911] Processing: zhkldou_CKY_002.flac
2026-09-17 22:36:15 [INFO]   var_db=7.4415 dB
2026-09-17 22:36:15 [INFO] [4878/4911] Processing: zhkldou_CKY_003.flac
2026-09-17 22:36:16 [INFO]   var_db=13.0504 dB
2026-09-17 22:36:16 [INFO] [4879/4911] Processing: zhkldou_CKY_004.flac
2026-09-17 22:36:25 [INFO]   var_db=9.1864 dB
2026-09-17 22:36:25 [INFO] [4880/4911] Processing: zhkldou_CKY_005.flac
2026-09-17 22:36:27 [INFO]   var_db=43.1735 dB
2026-09-17 22:36:27 [INFO] [4881/4911] Processing: zhkldou_CKY_006.flac
2026-09-17 22:36:30 [INFO]   var_db=42.9490 dB
2026-09-17 22:36:30 [INFO] [4882/4911] Processing: zhkldou_CKY_007.flac
2026-09-17 22:36:35 [INFO]   var_db=37.2067 dB
2026-09-17 22:36:35 [INFO] [4883/4911] Processing: zhkldou_CKY_008.flac
2026-09-17 22:36:38 [INFO]   var_db=3.4077 dB
2026-09-17 22:36:38 [INFO] [4884/4911] Processing: zhkldou_CKY_009.flac
2026-09-17 22:36:39 [INFO]   var_db=6.2959 dB
2026-09-17 22:36:39 [INFO] [4885/4911] Processing: zjYZCFQI84s_000.flac
2026-09-17 22:36:42 [INFO]   var_db=12.2971 dB
2026-09-17 22:36:42 [INFO] [4886/4911] Processing: zjYZCFQI84s_001.flac
2026-09-17 22:36:46 [INFO]   var_db=10.0837 dB
2026-09-17 22:36:46 [INFO] [4887/4911] Processing: zjYZCFQI84s_002.flac
2026-09-17 22:36:50 [INFO]   var_db=10.7235 dB
2026-09-17 22:36:50 [INFO] [4888/4911] Processing: zjYZCFQI84s_003.flac
2026-09-17 22:36:54 [INFO]   var_db=10.8891 dB
2026-09-17 22:36:54 [INFO] [4889/4911] Processing: zjYZCFQI84s_004.flac
2026-09-17 22:36:58 [INFO]   var_db=13.2608 dB
2026-09-17 22:36:58 [INFO] [4890/4911] Processing: zjYZCFQI84s_005.flac
2026-09-17 22:37:03 [INFO]   var_db=11.1491 dB
2026-09-17 22:37:03 [INFO] [4891/4911] Processing: zjYZCFQI84s_006.flac
2026-09-17 22:37:05 [INFO]   var_db=6.4646 dB
2026-09-17 22:37:05 [INFO] [4892/4911] Processing: zp3LxJr8aJA_000.flac
2026-09-17 22:37:09 [INFO]   var_db=11.5472 dB
2026-09-17 22:37:09 [INFO] [4893/4911] Processing: zp3LxJr8aJA_001.flac
2026-09-17 22:37:18 [INFO]   var_db=12.0373 dB
2026-09-17 22:37:18 [INFO] [4894/4911] Processing: zp3LxJr8aJA_002.flac
2026-09-17 22:37:28 [INFO]   var_db=11.1073 dB
2026-09-17 22:37:28 [INFO] [4895/4911] Processing: zp3LxJr8aJA_003.flac
2026-09-17 22:37:33 [INFO]   var_db=11.2455 dB
2026-09-17 22:37:33 [INFO] [4896/4911] Processing: zp3LxJr8aJA_004.flac
2026-09-17 22:37:35 [INFO]   var_db=4.7392 dB
2026-09-17 22:37:35 [INFO] [4897/4911] Processing: zp3LxJr8aJA_005.flac
2026-09-17 22:37:36 [INFO]   var_db=6.3254 dB
2026-09-17 22:37:36 [INFO] [4898/4911] Processing: ztXD5GSX13o_000.flac
2026-09-17 22:37:39 [INFO]   var_db=42.4966 dB
2026-09-17 22:37:39 [INFO] [4899/4911] Processing: ztXD5GSX13o_001.flac
2026-09-17 22:37:44 [INFO]   var_db=20.6269 dB
2026-09-17 22:37:44 [INFO] [4900/4911] Processing: ztXD5GSX13o_002.flac
2026-09-17 22:37:47 [INFO]   var_db=36.7339 dB
2026-09-17 22:37:47 [INFO] [4901/4911] Processing: ztXD5GSX13o_003.flac
2026-09-17 22:37:51 [INFO]   var_db=36.9199 dB
2026-09-17 22:37:51 [INFO] [4902/4911] Processing: ztXD5GSX13o_004.flac
2026-09-17 22:37:54 [INFO]   var_db=40.4908 dB
2026-09-17 22:37:54 [INFO] [4903/4911] Processing: ztXD5GSX13o_005.flac
2026-09-17 22:37:57 [INFO]   var_db=8.9304 dB
2026-09-17 22:37:57 [INFO] [4904/4911] Processing: ztXD5GSX13o_006.flac
2026-09-17 22:37:59 [INFO]   var_db=3.4979 dB
2026-09-17 22:37:59 [INFO] [4905/4911] Processing: ztXD5GSX13o_007.flac
2026-09-17 22:38:01 [INFO]   var_db=6.2429 dB
2026-09-17 22:38:01 [INFO] [4906/4911] Processing: zu5ZVRnnRVQ_000.flac
2026-09-17 22:38:06 [INFO]   var_db=17.9873 dB
2026-09-17 22:38:06 [INFO] [4907/4911] Processing: zu5ZVRnnRVQ_001.flac
2026-09-17 22:38:10 [INFO]   var_db=13.4840 dB
2026-09-17 22:38:10 [INFO] [4908/4911] Processing: zu5ZVRnnRVQ_002.flac
2026-09-17 22:38:14 [INFO]   var_db=13.1297 dB
2026-09-17 22:38:14 [INFO] [4909/4911] Processing: zu5ZVRnnRVQ_003.flac
2026-09-17 22:38:18 [INFO]   var_db=9.0296 dB
2026-09-17 22:38:18 [INFO] [4910/4911] Processing: zu5ZVRnnRVQ_004.flac
2026-09-17 22:38:23 [INFO]   var_db=13.2138 dB
2026-09-17 22:38:23 [INFO] [4911/4911] Processing: zu5ZVRnnRVQ_005.flac
2026-09-17 22:38:24 [INFO]   var_db=42.0148 dB
2026-09-17 22:38:24 [INFO] Results written to: window_var_db.csv
FULL_END 2026-09-17T22:38:26+08:00 epoch=1789655906 EXIT=0 ELAPSED_SEC=16172
