uid,mean_agreement,n,video_id,year,period,tier
-3BTKFtZldo_000,0.8095238095238095,84,-3BTKFtZldo,2024,pre-2025,B
-3BTKFtZldo_001,0.8461538461538461,52,-3BTKFtZldo,2024,pre-2025,B
-3BTKFtZldo_002,1.0,9,-3BTKFtZldo,2024,pre-2025,B
-9oY4_qcCfg_000,0.9722222222222222,36,-9oY4_qcCfg,2022,pre-2025,A
-9oY4_qcCfg_001,1.0,27,-9oY4_qcCfg,2022,pre-2025,A
-9oY4_qcCfg_002,0.9,10,-9oY4_qcCfg,2022,pre-2025,A
-9oY4_qcCfg_003,0.9176470588235294,85,-9oY4_qcCfg,2022,pre-2025,A
-9oY4_qcCfg_004,0.972972972972973,37,-9oY4_qcCfg,2022,pre-2025,A
-9oY4_qcCfg_005,1.0,13,-9oY4_qcCfg,2022,pre-2025,A
-9oY4_qcCfg_006,0.8888888888888888,9,-9oY4_qcCfg,2022,pre-2025,A
-9oY4_qcCfg_007,1.0,16,-9oY4_qcCfg,2022,pre-2025,A
-9oY4_qcCfg_008,1.0,37,-9oY4_qcCfg,2022,pre-2025,A
-9oY4_qcCfg_009,0.9230769230769231,13,-9oY4_qcCfg,2022,pre-2025,A
-9oY4_qcCfg_010,0.9090909090909091,11,-9oY4_qcCfg,2022,pre-2025,A
-9oY4_qcCfg_011,0.9615384615384616,26,-9oY4_qcCfg,2022,pre-2025,A
-9oY4_qcCfg_012,0.95,40,-9oY4_qcCfg,2022,pre-2025,A
-9oY4_qcCfg_013,0.2727272727272727,11,-9oY4_qcCfg,2022,pre-2025,A
-9oY4_qcCfg_014,1.0,11,-9oY4_qcCfg,2022,pre-2025,B
-9oY4_qcCfg_015,1.0,9,-9oY4_qcCfg,2022,pre-2025,A
-RGj8xb9R8A_000,0.9047619047619048,84,-RGj8xb9R8A,2024,pre-2025,B
-RGj8xb9R8A_001,0.8214285714285714,28,-RGj8xb9R8A,2024,pre-2025,B
-RGj8xb9R8A_002,0.7272727272727273,11,-RGj8xb9R8A,2024,pre-2025,B
-RGj8xb9R8A_003,1.0,9,-RGj8xb9R8A,2024,pre-2025,A
-ZzrfGa0S0w_000,1.0,29,-ZzrfGa0S0w,2022,pre-2025,B
-ZzrfGa0S0w_001,0.9047619047619048,21,-ZzrfGa0S0w,2022,pre-2025,B
-ZzrfGa0S0w_002,0.9354838709677419,31,-ZzrfGa0S0w,2022,pre-2025,A
-ZzrfGa0S0w_003,1.0,82,-ZzrfGa0S0w,2022,pre-2025,A
-ZzrfGa0S0w_004,0.9333333333333333,15,-ZzrfGa0S0w,2022,pre-2025,B
-ZzrfGa0S0w_005,0.8793103448275862,58,-ZzrfGa0S0w,2022,pre-2025,A
-ZzrfGa0S0w_006,0.9642857142857143,112,-ZzrfGa0S0w,2022,pre-2025,B
-ZzrfGa0S0w_008,0.959349593495935,123,-ZzrfGa0S0w,2022,pre-2025,B
-ZzrfGa0S0w_010,0.9655172413793104,29,-ZzrfGa0S0w,2022,pre-2025,B
-ZzrfGa0S0w_011,0.75,8,-ZzrfGa0S0w,2022,pre-2025,B
-ZzrfGa0S0w_012,1.0,9,-ZzrfGa0S0w,2022,pre-2025,A
-agnQ40mEM8_000,0.8714285714285714,70,-agnQ40mEM8,2024,pre-2025,B
-agnQ40mEM8_001,0.7901234567901234,81,-agnQ40mEM8,2024,pre-2025,B
-agnQ40mEM8_002,1.0,9,-agnQ40mEM8,2024,pre-2025,B
-duPp9s1JzQ_000,1.0,18,-duPp9s1JzQ,2022,pre-2025,A
-duPp9s1JzQ_001,1.0,59,-duPp9s1JzQ,2022,pre-2025,A
-duPp9s1JzQ_002,1.0,2,-duPp9s1JzQ,2022,pre-2025,B
-duPp9s1JzQ_003,1.0,3,-duPp9s1JzQ,2022,pre-2025,A
-duPp9s1JzQ_004,0.8571428571428571,7,-duPp9s1JzQ,2022,pre-2025,A
-duPp9s1JzQ_005,0.5,2,-duPp9s1JzQ,2022,pre-2025,A
-duPp9s1JzQ_006,1.0,7,-duPp9s1JzQ,2022,pre-2025,A
-duPp9s1JzQ_007,0.5,2,-duPp9s1JzQ,2022,pre-2025,A
-duPp9s1JzQ_008,1.0,7,-duPp9s1JzQ,2022,pre-2025,A
-duPp9s1JzQ_009,1.0,2,-duPp9s1JzQ,2022,pre-2025,A
-duPp9s1JzQ_010,1.0,7,-duPp9s1JzQ,2022,pre-2025,A
-duPp9s1JzQ_011,1.0,8,-duPp9s1JzQ,2022,pre-2025,B
-duPp9s1JzQ_012,1.0,9,-duPp9s1JzQ,2022,pre-2025,A
-uB4Z9Vdv3E_000,0.9435483870967742,124,-uB4Z9Vdv3E,2022,pre-2025,B
-uB4Z9Vdv3E_001,0.9008264462809917,121,-uB4Z9Vdv3E,2022,pre-2025,B
-uB4Z9Vdv3E_002,0.9069767441860465,86,-uB4Z9Vdv3E,2022,pre-2025,B
-uB4Z9Vdv3E_003,1.0,9,-uB4Z9Vdv3E,2022,pre-2025,A
01cBqZ4P68A_000,0.9285714285714286,84,01cBqZ4P68A,2024,pre-2025,B
01cBqZ4P68A_001,0.8205128205128205,39,01cBqZ4P68A,2024,pre-2025,B
01cBqZ4P68A_002,1.0,9,01cBqZ4P68A,2024,pre-2025,A
0Hqy8SIu8QM_000,0.16666666666666666,6,0Hqy8SIu8QM,2022,pre-2025,A
0Hqy8SIu8QM_003,1.0,9,0Hqy8SIu8QM,2022,pre-2025,A
0QZPlWu3n7Q_000,0.9375,16,0QZPlWu3n7Q,2022,pre-2025,A
0QZPlWu3n7Q_001,0.8928571428571429,28,0QZPlWu3n7Q,2022,pre-2025,A
0QZPlWu3n7Q_002,0.8571428571428571,119,0QZPlWu3n7Q,2022,pre-2025,A
0QZPlWu3n7Q_003,1.0,11,0QZPlWu3n7Q,2022,pre-2025,B
0QZPlWu3n7Q_004,1.0,9,0QZPlWu3n7Q,2022,pre-2025,A
0bxiKSqEZlU_000,0.9444444444444444,36,0bxiKSqEZlU,2022,pre-2025,A
0bxiKSqEZlU_002,1.0,11,0bxiKSqEZlU,2022,pre-2025,B
0bxiKSqEZlU_003,1.0,9,0bxiKSqEZlU,2022,pre-2025,A
0oa0RJE4db8_000,0.9137931034482759,58,0oa0RJE4db8,2024,pre-2025,A
0oa0RJE4db8_001,0.9285714285714286,42,0oa0RJE4db8,2024,pre-2025,A
0oa0RJE4db8_002,1.0,6,0oa0RJE4db8,2024,pre-2025,A
0oa0RJE4db8_003,0.8333333333333334,18,0oa0RJE4db8,2024,pre-2025,A
0oa0RJE4db8_004,0.8809523809523809,42,0oa0RJE4db8,2024,pre-2025,B
0oa0RJE4db8_005,1.0,9,0oa0RJE4db8,2024,pre-2025,A
0tOUk3VfuGg_000,0.8666666666666667,15,0tOUk3VfuGg,2022,pre-2025,A
0tOUk3VfuGg_001,0.9240506329113924,79,0tOUk3VfuGg,2022,pre-2025,A
0tOUk3VfuGg_002,0.8846153846153846,26,0tOUk3VfuGg,2022,pre-2025,A
0tOUk3VfuGg_003,0.8695652173913043,46,0tOUk3VfuGg,2022,pre-2025,A
0tOUk3VfuGg_004,0.9017857142857143,112,0tOUk3VfuGg,2022,pre-2025,A
0tOUk3VfuGg_005,0.9108910891089109,101,0tOUk3VfuGg,2022,pre-2025,A
0tOUk3VfuGg_006,0.9090909090909091,66,0tOUk3VfuGg,2022,pre-2025,A
0tOUk3VfuGg_007,0.8936170212765957,47,0tOUk3VfuGg,2022,pre-2025,A
0tOUk3VfuGg_008,0.896551724137931,29,0tOUk3VfuGg,2022,pre-2025,A
0tOUk3VfuGg_009,0.9230769230769231,13,0tOUk3VfuGg,2022,pre-2025,A
0tOUk3VfuGg_010,0.8461538461538461,65,0tOUk3VfuGg,2022,pre-2025,A
0tOUk3VfuGg_011,0.9302325581395349,43,0tOUk3VfuGg,2022,pre-2025,A
0tOUk3VfuGg_012,0.9464285714285714,56,0tOUk3VfuGg,2022,pre-2025,A
0tOUk3VfuGg_013,0.8461538461538461,13,0tOUk3VfuGg,2022,pre-2025,A
0tOUk3VfuGg_016,1.0,9,0tOUk3VfuGg,2022,pre-2025,A
0xkI0AW6xfQ_000,0.8842975206611571,121,0xkI0AW6xfQ,2024,pre-2025,B
0xkI0AW6xfQ_006,0.9646017699115044,113,0xkI0AW6xfQ,2024,pre-2025,B
0xkI0AW6xfQ_007,0.9659090909090909,88,0xkI0AW6xfQ,2024,pre-2025,B
0xkI0AW6xfQ_008,0.9397590361445783,83,0xkI0AW6xfQ,2024,pre-2025,B
0xkI0AW6xfQ_009,0.8783783783783784,148,0xkI0AW6xfQ,2024,pre-2025,B
0xkI0AW6xfQ_010,0.9328358208955224,134,0xkI0AW6xfQ,2024,pre-2025,B
0xkI0AW6xfQ_011,0.8582677165354331,127,0xkI0AW6xfQ,2024,pre-2025,B
0xkI0AW6xfQ_012,0.9236641221374046,131,0xkI0AW6xfQ,2024,pre-2025,B
0xkI0AW6xfQ_013,0.8690476190476191,84,0xkI0AW6xfQ,2024,pre-2025,B
0xkI0AW6xfQ_014,0.975609756097561,82,0xkI0AW6xfQ,2024,pre-2025,B
0xkI0AW6xfQ_015,0.5714285714285714,91,0xkI0AW6xfQ,2024,pre-2025,B
0xkI0AW6xfQ_016,0.8681318681318682,91,0xkI0AW6xfQ,2024,pre-2025,B
0xkI0AW6xfQ_017,0.8690476190476191,84,0xkI0AW6xfQ,2024,pre-2025,B
0xkI0AW6xfQ_018,0.84,25,0xkI0AW6xfQ,2024,pre-2025,B
0xkI0AW6xfQ_019,0.8888888888888888,9,0xkI0AW6xfQ,2024,pre-2025,B
10G-1WZq5jc_000,0.8571428571428571,105,10G-1WZq5jc,2024,pre-2025,A
10G-1WZq5jc_001,0.9545454545454546,22,10G-1WZq5jc,2024,pre-2025,A
10G-1WZq5jc_002,0.8888888888888888,108,10G-1WZq5jc,2024,pre-2025,B
10G-1WZq5jc_003,0.8551724137931035,145,10G-1WZq5jc,2024,pre-2025,B
10G-1WZq5jc_004,0.8928571428571429,84,10G-1WZq5jc,2024,pre-2025,B
10G-1WZq5jc_005,0.890625,64,10G-1WZq5jc,2024,pre-2025,B
10G-1WZq5jc_006,0.8943089430894309,123,10G-1WZq5jc,2024,pre-2025,B
10G-1WZq5jc_007,0.896774193548387,155,10G-1WZq5jc,2024,pre-2025,B
10G-1WZq5jc_008,0.967391304347826,92,10G-1WZq5jc,2024,pre-2025,B
10G-1WZq5jc_009,0.9340659340659341,91,10G-1WZq5jc,2024,pre-2025,B
10G-1WZq5jc_010,0.8214285714285714,84,10G-1WZq5jc,2024,pre-2025,B
10G-1WZq5jc_011,0.8901098901098901,91,10G-1WZq5jc,2024,pre-2025,B
10G-1WZq5jc_012,0.9166666666666666,84,10G-1WZq5jc,2024,pre-2025,B
10G-1WZq5jc_013,0.9523809523809523,21,10G-1WZq5jc,2024,pre-2025,B
10G-1WZq5jc_014,0.8636363636363636,44,10G-1WZq5jc,2024,pre-2025,A
10G-1WZq5jc_017,0.7272727272727273,11,10G-1WZq5jc,2024,pre-2025,B
10G-1WZq5jc_018,1.0,9,10G-1WZq5jc,2024,pre-2025,A
1Hj6ncrJr0c_000,0.8333333333333334,6,1Hj6ncrJr0c,2025,2025+,A
1Hj6ncrJr0c_001,1.0,6,1Hj6ncrJr0c,2025,2025+,A
1Hj6ncrJr0c_002,1.0,5,1Hj6ncrJr0c,2025,2025+,A
1Hj6ncrJr0c_003,0.875,8,1Hj6ncrJr0c,2025,2025+,A
1Hj6ncrJr0c_004,0.7272727272727273,11,1Hj6ncrJr0c,2025,2025+,B
1Hj6ncrJr0c_005,1.0,9,1Hj6ncrJr0c,2025,2025+,A
1Mz-sKyoEy8_000,0.9285714285714286,28,1Mz-sKyoEy8,2023,pre-2025,A
1Mz-sKyoEy8_001,0.3333333333333333,3,1Mz-sKyoEy8,2023,pre-2025,A
1Mz-sKyoEy8_002,0.0,2,1Mz-sKyoEy8,2023,pre-2025,A
1Mz-sKyoEy8_004,1.0,9,1Mz-sKyoEy8,2023,pre-2025,A
1VbNiBxwg9M_000,1.0,2,1VbNiBxwg9M,2022,pre-2025,B
1VbNiBxwg9M_001,0.3333333333333333,3,1VbNiBxwg9M,2022,pre-2025,A
1VbNiBxwg9M_002,1.0,4,1VbNiBxwg9M,2022,pre-2025,A
1VbNiBxwg9M_003,0.8,5,1VbNiBxwg9M,2022,pre-2025,A
1VbNiBxwg9M_004,0.8,5,1VbNiBxwg9M,2022,pre-2025,A
1VbNiBxwg9M_005,1.0,4,1VbNiBxwg9M,2022,pre-2025,A
1VbNiBxwg9M_006,0.75,4,1VbNiBxwg9M,2022,pre-2025,A
1VbNiBxwg9M_007,1.0,5,1VbNiBxwg9M,2022,pre-2025,A
1VbNiBxwg9M_008,1.0,4,1VbNiBxwg9M,2022,pre-2025,A
1VbNiBxwg9M_009,1.0,20,1VbNiBxwg9M,2022,pre-2025,A
1VbNiBxwg9M_010,1.0,8,1VbNiBxwg9M,2022,pre-2025,A
1VbNiBxwg9M_011,0.9245283018867925,53,1VbNiBxwg9M,2022,pre-2025,A
1VbNiBxwg9M_012,0.9310344827586207,58,1VbNiBxwg9M,2022,pre-2025,A
1VbNiBxwg9M_013,1.0,41,1VbNiBxwg9M,2022,pre-2025,A
1VbNiBxwg9M_014,0.9836065573770492,61,1VbNiBxwg9M,2022,pre-2025,A
1VbNiBxwg9M_015,0.9444444444444444,108,1VbNiBxwg9M,2022,pre-2025,A
1VbNiBxwg9M_016,1.0,21,1VbNiBxwg9M,2022,pre-2025,A
1VbNiBxwg9M_017,0.9682539682539683,126,1VbNiBxwg9M,2022,pre-2025,A
1VbNiBxwg9M_018,1.0,13,1VbNiBxwg9M,2022,pre-2025,A
1VbNiBxwg9M_019,0.875,8,1VbNiBxwg9M,2022,pre-2025,B
1VbNiBxwg9M_020,1.0,9,1VbNiBxwg9M,2022,pre-2025,A
1W1EWr_0bg8_000,0.875,40,1W1EWr_0bg8,2022,pre-2025,A
1W1EWr_0bg8_001,0.8928571428571429,28,1W1EWr_0bg8,2022,pre-2025,A
1W1EWr_0bg8_002,1.0,28,1W1EWr_0bg8,2022,pre-2025,A
1W1EWr_0bg8_003,0.9642857142857143,28,1W1EWr_0bg8,2022,pre-2025,A
1W1EWr_0bg8_004,0.8928571428571429,28,1W1EWr_0bg8,2022,pre-2025,A
1W1EWr_0bg8_005,0.9230769230769231,39,1W1EWr_0bg8,2022,pre-2025,B
1W1EWr_0bg8_006,1.0,9,1W1EWr_0bg8,2022,pre-2025,A
1WefYlPx6ok_000,0.9166666666666666,24,1WefYlPx6ok,2022,pre-2025,A
1WefYlPx6ok_001,0.9230769230769231,13,1WefYlPx6ok,2022,pre-2025,A
1WefYlPx6ok_002,1.0,5,1WefYlPx6ok,2022,pre-2025,B
1WefYlPx6ok_003,1.0,6,1WefYlPx6ok,2022,pre-2025,A
1WefYlPx6ok_004,0.8181818181818182,11,1WefYlPx6ok,2022,pre-2025,A
1WefYlPx6ok_005,1.0,17,1WefYlPx6ok,2022,pre-2025,A
1WefYlPx6ok_006,0.9629629629629629,54,1WefYlPx6ok,2022,pre-2025,A
1WefYlPx6ok_007,0.8596491228070176,57,1WefYlPx6ok,2022,pre-2025,A
1WefYlPx6ok_008,0.7358490566037735,53,1WefYlPx6ok,2022,pre-2025,A
1WefYlPx6ok_009,0.971830985915493,71,1WefYlPx6ok,2022,pre-2025,A
1WefYlPx6ok_010,0.9666666666666667,30,1WefYlPx6ok,2022,pre-2025,A
1WefYlPx6ok_011,0.8846153846153846,52,1WefYlPx6ok,2022,pre-2025,A
1WefYlPx6ok_012,0.9615384615384616,26,1WefYlPx6ok,2022,pre-2025,A
1WefYlPx6ok_013,1.0,11,1WefYlPx6ok,2022,pre-2025,B
1WefYlPx6ok_014,1.0,9,1WefYlPx6ok,2022,pre-2025,A
1qtodTd6UME_000,0.8703703703703703,108,1qtodTd6UME,2024,pre-2025,B
1qtodTd6UME_001,0.8333333333333334,66,1qtodTd6UME,2024,pre-2025,B
1qtodTd6UME_002,1.0,9,1qtodTd6UME,2024,pre-2025,B
1uc4tqpk9o0_000,0.6231884057971014,69,1uc4tqpk9o0,2024,pre-2025,A
1uc4tqpk9o0_001,0.8085106382978723,47,1uc4tqpk9o0,2024,pre-2025,A
1uc4tqpk9o0_002,0.7222222222222222,36,1uc4tqpk9o0,2024,pre-2025,B
1uc4tqpk9o0_003,0.41044776119402987,134,1uc4tqpk9o0,2024,pre-2025,B
1uc4tqpk9o0_004,0.96875,32,1uc4tqpk9o0,2024,pre-2025,B
1uc4tqpk9o0_005,1.0,6,1uc4tqpk9o0,2024,pre-2025,A
1uc4tqpk9o0_006,0.8333333333333334,6,1uc4tqpk9o0,2024,pre-2025,A
1uc4tqpk9o0_007,0.7272727272727273,11,1uc4tqpk9o0,2024,pre-2025,B
1uc4tqpk9o0_008,1.0,9,1uc4tqpk9o0,2024,pre-2025,A
238-IIxY3Pw_000,1.0,5,238-IIxY3Pw,2022,pre-2025,A
238-IIxY3Pw_001,0.8924731182795699,93,238-IIxY3Pw,2022,pre-2025,B
238-IIxY3Pw_002,0.926605504587156,109,238-IIxY3Pw,2022,pre-2025,B
238-IIxY3Pw_003,0.9583333333333334,48,238-IIxY3Pw,2022,pre-2025,B
238-IIxY3Pw_004,0.9629629629629629,54,238-IIxY3Pw,2022,pre-2025,A
238-IIxY3Pw_005,0.9571428571428572,70,238-IIxY3Pw,2022,pre-2025,A
238-IIxY3Pw_006,0.2222222222222222,45,238-IIxY3Pw,2022,pre-2025,A
238-IIxY3Pw_007,0.8181818181818182,11,238-IIxY3Pw,2022,pre-2025,A
238-IIxY3Pw_008,1.0,32,238-IIxY3Pw,2022,pre-2025,A
238-IIxY3Pw_009,1.0,53,238-IIxY3Pw,2022,pre-2025,A
238-IIxY3Pw_010,0.3111111111111111,45,238-IIxY3Pw,2022,pre-2025,B
238-IIxY3Pw_011,0.8181818181818182,11,238-IIxY3Pw,2022,pre-2025,B
238-IIxY3Pw_012,1.0,11,238-IIxY3Pw,2022,pre-2025,B
238-IIxY3Pw_013,1.0,9,238-IIxY3Pw,2022,pre-2025,A
2VLM3MhnyEE_000,0.7142857142857143,7,2VLM3MhnyEE,2022,pre-2025,A
2VLM3MhnyEE_001,0.3076923076923077,26,2VLM3MhnyEE,2022,pre-2025,A
2VLM3MhnyEE_002,0.9391304347826087,115,2VLM3MhnyEE,2022,pre-2025,A
2VLM3MhnyEE_003,1.0,12,2VLM3MhnyEE,2022,pre-2025,A
2VLM3MhnyEE_004,0.8760330578512396,121,2VLM3MhnyEE,2022,pre-2025,A
2VLM3MhnyEE_005,1.0,6,2VLM3MhnyEE,2022,pre-2025,A
2VLM3MhnyEE_006,1.0,23,2VLM3MhnyEE,2022,pre-2025,A
2VLM3MhnyEE_007,0.9841269841269841,63,2VLM3MhnyEE,2022,pre-2025,A
2VLM3MhnyEE_008,0.9385964912280702,114,2VLM3MhnyEE,2022,pre-2025,A
2VLM3MhnyEE_009,1.0,38,2VLM3MhnyEE,2022,pre-2025,A
2VLM3MhnyEE_010,1.0,11,2VLM3MhnyEE,2022,pre-2025,B
2VmuNpNnUEU_000,0.8384615384615385,130,2VmuNpNnUEU,2025,2025+,A
2VmuNpNnUEU_001,0.9411764705882353,17,2VmuNpNnUEU,2025,2025+,A
2VmuNpNnUEU_002,0.7272727272727273,11,2VmuNpNnUEU,2025,2025+,B
2VmuNpNnUEU_003,1.0,9,2VmuNpNnUEU,2025,2025+,A
2Y6itphxVyc_000,0.8636363636363636,22,2Y6itphxVyc,2024,pre-2025,A
2Y6itphxVyc_007,0.7272727272727273,11,2Y6itphxVyc,2024,pre-2025,B
2Y6itphxVyc_008,1.0,9,2Y6itphxVyc,2024,pre-2025,A
2a1fdlEvm-s_001,0.9696969696969697,33,2a1fdlEvm-s,2025,2025+,B
2a1fdlEvm-s_002,0.7272727272727273,11,2a1fdlEvm-s,2025,2025+,B
2a1fdlEvm-s_003,1.0,9,2a1fdlEvm-s,2025,2025+,B
2anuRVG0ZBc_000,0.8839285714285714,112,2anuRVG0ZBc,2022,pre-2025,A
2anuRVG0ZBc_001,0.8108108108108109,74,2anuRVG0ZBc,2022,pre-2025,A
2anuRVG0ZBc_002,0.8617021276595744,94,2anuRVG0ZBc,2022,pre-2025,A
2anuRVG0ZBc_003,1.0,16,2anuRVG0ZBc,2022,pre-2025,A
2anuRVG0ZBc_004,1.0,11,2anuRVG0ZBc,2022,pre-2025,B
2anuRVG0ZBc_005,1.0,9,2anuRVG0ZBc,2022,pre-2025,A
2oJ2qkdgZTw_000,0.8095238095238095,84,2oJ2qkdgZTw,2024,pre-2025,B
2oJ2qkdgZTw_001,0.9361702127659575,47,2oJ2qkdgZTw,2024,pre-2025,B
2oJ2qkdgZTw_002,1.0,9,2oJ2qkdgZTw,2024,pre-2025,A
2wdfJrsnKME_000,0.9324324324324325,74,2wdfJrsnKME,2022,pre-2025,A
2wdfJrsnKME_001,0.9722222222222222,36,2wdfJrsnKME,2022,pre-2025,A
2wdfJrsnKME_002,0.9104477611940298,67,2wdfJrsnKME,2022,pre-2025,A
2wdfJrsnKME_003,0.90625,32,2wdfJrsnKME,2022,pre-2025,A
2wdfJrsnKME_004,0.8910891089108911,101,2wdfJrsnKME,2022,pre-2025,B
2wdfJrsnKME_005,1.0,7,2wdfJrsnKME,2022,pre-2025,B
2wdfJrsnKME_006,1.0,9,2wdfJrsnKME,2022,pre-2025,A
389l_ackzDg_000,0.9125,80,389l_ackzDg,2025,2025+,B
389l_ackzDg_001,0.9193548387096774,124,389l_ackzDg,2025,2025+,B
389l_ackzDg_002,0.5263157894736842,95,389l_ackzDg,2025,2025+,B
389l_ackzDg_003,0.1780821917808219,146,389l_ackzDg,2025,2025+,B
389l_ackzDg_004,0.8888888888888888,9,389l_ackzDg,2025,2025+,B
3KG2fqfQMG4_000,0.84,25,3KG2fqfQMG4,2026,2025+,A
3KG2fqfQMG4_001,0.9583333333333334,24,3KG2fqfQMG4,2026,2025+,A
3KG2fqfQMG4_002,0.7857142857142857,14,3KG2fqfQMG4,2026,2025+,A
3KG2fqfQMG4_003,0.875,24,3KG2fqfQMG4,2026,2025+,A
3KG2fqfQMG4_004,0.7272727272727273,11,3KG2fqfQMG4,2026,2025+,B
3KG2fqfQMG4_005,1.0,9,3KG2fqfQMG4,2026,2025+,A
3TNcMupTFTQ_000,0.9296875,128,3TNcMupTFTQ,2025,2025+,B
3TNcMupTFTQ_001,0.9175257731958762,97,3TNcMupTFTQ,2025,2025+,B
3TNcMupTFTQ_002,0.7954545454545454,44,3TNcMupTFTQ,2025,2025+,A
3TNcMupTFTQ_003,0.9393939393939394,33,3TNcMupTFTQ,2025,2025+,A
3TNcMupTFTQ_004,0.7272727272727273,11,3TNcMupTFTQ,2025,2025+,B
3TNcMupTFTQ_005,1.0,9,3TNcMupTFTQ,2025,2025+,A
3aBRmQ-C51o_000,1.0,11,3aBRmQ-C51o,2022,pre-2025,B
3aBRmQ-C51o_001,1.0,7,3aBRmQ-C51o,2022,pre-2025,A
3aBRmQ-C51o_002,0.9469026548672567,113,3aBRmQ-C51o,2022,pre-2025,A
3aBRmQ-C51o_003,1.0,9,3aBRmQ-C51o,2022,pre-2025,B
3g0OEhAgPHw_000,0.9047619047619048,42,3g0OEhAgPHw,2024,pre-2025,A
3g0OEhAgPHw_001,0.875,56,3g0OEhAgPHw,2024,pre-2025,A
3g0OEhAgPHw_002,0.8320610687022901,131,3g0OEhAgPHw,2024,pre-2025,A
3g0OEhAgPHw_003,0.3333333333333333,72,3g0OEhAgPHw,2024,pre-2025,B
3g0OEhAgPHw_004,1.0,9,3g0OEhAgPHw,2024,pre-2025,A
3gtSu-CaA6o_000,0.8333333333333334,12,3gtSu-CaA6o,2025,2025+,A
3gtSu-CaA6o_001,0.8571428571428571,7,3gtSu-CaA6o,2025,2025+,A
3gtSu-CaA6o_002,1.0,7,3gtSu-CaA6o,2025,2025+,A
3gtSu-CaA6o_003,0.8571428571428571,14,3gtSu-CaA6o,2025,2025+,A
3gtSu-CaA6o_004,1.0,5,3gtSu-CaA6o,2025,2025+,A
3gtSu-CaA6o_005,1.0,9,3gtSu-CaA6o,2025,2025+,A
3gtSu-CaA6o_006,1.0,5,3gtSu-CaA6o,2025,2025+,B
3gtSu-CaA6o_007,0.9090909090909091,11,3gtSu-CaA6o,2025,2025+,A
3gtSu-CaA6o_008,0.8,5,3gtSu-CaA6o,2025,2025+,A
3gtSu-CaA6o_009,1.0,21,3gtSu-CaA6o,2025,2025+,B
3gtSu-CaA6o_010,1.0,9,3gtSu-CaA6o,2025,2025+,A
3kTKtsSunlg_003,1.0,3,3kTKtsSunlg,2021,pre-2025,A
3kTKtsSunlg_004,1.0,3,3kTKtsSunlg,2021,pre-2025,A
3kTKtsSunlg_006,1.0,3,3kTKtsSunlg,2021,pre-2025,A
3kTKtsSunlg_007,0.95,20,3kTKtsSunlg,2021,pre-2025,A
3kTKtsSunlg_008,0.8125,16,3kTKtsSunlg,2021,pre-2025,A
3kTKtsSunlg_009,1.0,13,3kTKtsSunlg,2021,pre-2025,A
3kTKtsSunlg_010,0.5714285714285714,7,3kTKtsSunlg,2021,pre-2025,A
3kTKtsSunlg_011,1.0,25,3kTKtsSunlg,2021,pre-2025,A
3kTKtsSunlg_013,0.7857142857142857,14,3kTKtsSunlg,2021,pre-2025,A
3kTKtsSunlg_014,1.0,39,3kTKtsSunlg,2021,pre-2025,A
3kTKtsSunlg_016,0.7692307692307693,39,3kTKtsSunlg,2021,pre-2025,A
3kTKtsSunlg_017,0.7894736842105263,57,3kTKtsSunlg,2021,pre-2025,A
3kTKtsSunlg_019,0.8,25,3kTKtsSunlg,2021,pre-2025,A
3kTKtsSunlg_020,0.875,32,3kTKtsSunlg,2021,pre-2025,A
3kTKtsSunlg_023,0.9459459459459459,74,3kTKtsSunlg,2021,pre-2025,A
3kTKtsSunlg_024,0.9714285714285714,35,3kTKtsSunlg,2021,pre-2025,A
3kTKtsSunlg_026,1.0,9,3kTKtsSunlg,2021,pre-2025,A
3kTKtsSunlg_027,1.0,9,3kTKtsSunlg,2021,pre-2025,A
3kTKtsSunlg_028,0.6,5,3kTKtsSunlg,2021,pre-2025,B
3kTKtsSunlg_029,1.0,18,3kTKtsSunlg,2021,pre-2025,A
3kTKtsSunlg_030,0.9361702127659575,47,3kTKtsSunlg,2021,pre-2025,A
3kTKtsSunlg_031,0.8888888888888888,36,3kTKtsSunlg,2021,pre-2025,A
3kTKtsSunlg_032,0.9375,16,3kTKtsSunlg,2021,pre-2025,A
3kTKtsSunlg_033,1.0,9,3kTKtsSunlg,2021,pre-2025,B
3zxz0AndPt0_000,0.8253968253968254,63,3zxz0AndPt0,2025,2025+,B
3zxz0AndPt0_001,1.0,9,3zxz0AndPt0,2025,2025+,A
47F3lTVpOxc_000,0.9333333333333333,75,47F3lTVpOxc,2025,2025+,B
47F3lTVpOxc_001,0.7615384615384615,130,47F3lTVpOxc,2025,2025+,B
47F3lTVpOxc_002,0.8640776699029126,103,47F3lTVpOxc,2025,2025+,B
47F3lTVpOxc_003,0.8449612403100775,129,47F3lTVpOxc,2025,2025+,B
47F3lTVpOxc_004,0.2647058823529412,102,47F3lTVpOxc,2025,2025+,B
47F3lTVpOxc_005,0.8620689655172413,29,47F3lTVpOxc,2025,2025+,B
47F3lTVpOxc_006,1.0,9,47F3lTVpOxc,2025,2025+,A
4BE3O130ubk_000,0.9217391304347826,115,4BE3O130ubk,2024,pre-2025,A
4BE3O130ubk_001,0.1,10,4BE3O130ubk,2024,pre-2025,A
4BE3O130ubk_003,0.925,40,4BE3O130ubk,2024,pre-2025,A
4BE3O130ubk_004,0.8918918918918919,37,4BE3O130ubk,2024,pre-2025,B
4BE3O130ubk_005,1.0,9,4BE3O130ubk,2024,pre-2025,A
4Eyz895ZCwE_000,0.8987341772151899,79,4Eyz895ZCwE,2024,pre-2025,B
4Eyz895ZCwE_001,0.7647058823529411,68,4Eyz895ZCwE,2024,pre-2025,B
4Eyz895ZCwE_002,0.9354838709677419,31,4Eyz895ZCwE,2024,pre-2025,B
4Eyz895ZCwE_003,1.0,9,4Eyz895ZCwE,2024,pre-2025,A
4FiG0IQi__Y_000,0.9596774193548387,124,4FiG0IQi__Y,2022,pre-2025,B
4FiG0IQi__Y_001,0.8918918918918919,74,4FiG0IQi__Y,2022,pre-2025,B
4FiG0IQi__Y_002,0.95,20,4FiG0IQi__Y,2022,pre-2025,A
4FiG0IQi__Y_003,1.0,11,4FiG0IQi__Y,2022,pre-2025,B
4FiG0IQi__Y_004,1.0,9,4FiG0IQi__Y,2022,pre-2025,A
4YsyGfojh30_000,0.8690476190476191,84,4YsyGfojh30,2024,pre-2025,B
4YsyGfojh30_001,0.8461538461538461,39,4YsyGfojh30,2024,pre-2025,B
4YsyGfojh30_002,1.0,9,4YsyGfojh30,2024,pre-2025,A
4bPrey4Dpqo_000,0.8091603053435115,131,4bPrey4Dpqo,2024,pre-2025,B
4bPrey4Dpqo_001,0.9324324324324325,74,4bPrey4Dpqo,2024,pre-2025,B
4bPrey4Dpqo_002,0.46296296296296297,108,4bPrey4Dpqo,2024,pre-2025,B
4bPrey4Dpqo_003,0.912751677852349,149,4bPrey4Dpqo,2024,pre-2025,B
4bPrey4Dpqo_004,0.859375,128,4bPrey4Dpqo,2024,pre-2025,B
4bPrey4Dpqo_005,0.9,110,4bPrey4Dpqo,2024,pre-2025,B
4bPrey4Dpqo_006,0.8289473684210527,76,4bPrey4Dpqo,2024,pre-2025,B
4bPrey4Dpqo_007,1.0,9,4bPrey4Dpqo,2024,pre-2025,A
4fkaKsVNx9I_004,0.9642857142857143,28,4fkaKsVNx9I,2025,2025+,B
4fkaKsVNx9I_005,0.8571428571428571,28,4fkaKsVNx9I,2025,2025+,A
4fkaKsVNx9I_006,0.8928571428571429,28,4fkaKsVNx9I,2025,2025+,A
4fkaKsVNx9I_007,0.7857142857142857,28,4fkaKsVNx9I,2025,2025+,A
4fkaKsVNx9I_008,1.0,28,4fkaKsVNx9I,2025,2025+,A
4fkaKsVNx9I_009,0.7272727272727273,11,4fkaKsVNx9I,2025,2025+,B
4fkaKsVNx9I_010,1.0,9,4fkaKsVNx9I,2025,2025+,B
4iTUm1J-v0Q_000,0.9473684210526315,19,4iTUm1J-v0Q,2025,2025+,A
4iTUm1J-v0Q_001,0.5368421052631579,95,4iTUm1J-v0Q,2025,2025+,A
4iTUm1J-v0Q_003,0.5454545454545454,22,4iTUm1J-v0Q,2025,2025+,A
4iTUm1J-v0Q_004,0.96875,64,4iTUm1J-v0Q,2025,2025+,A
4iTUm1J-v0Q_005,0.2796610169491525,118,4iTUm1J-v0Q,2025,2025+,B
4iTUm1J-v0Q_006,0.8571428571428571,21,4iTUm1J-v0Q,2025,2025+,A
4iTUm1J-v0Q_007,0.88,100,4iTUm1J-v0Q,2025,2025+,A
4iTUm1J-v0Q_008,0.8285714285714286,70,4iTUm1J-v0Q,2025,2025+,B
4iTUm1J-v0Q_009,0.5148514851485149,101,4iTUm1J-v0Q,2025,2025+,B
4iTUm1J-v0Q_010,0.8947368421052632,76,4iTUm1J-v0Q,2025,2025+,B
4iTUm1J-v0Q_011,1.0,9,4iTUm1J-v0Q,2025,2025+,A
4kMF-rVbqAc_001,0.42857142857142855,7,4kMF-rVbqAc,2022,pre-2025,A
4kMF-rVbqAc_002,0.9354838709677419,31,4kMF-rVbqAc,2022,pre-2025,A
4kMF-rVbqAc_003,0.9655172413793104,29,4kMF-rVbqAc,2022,pre-2025,A
4kMF-rVbqAc_004,0.9795918367346939,49,4kMF-rVbqAc,2022,pre-2025,A
4kMF-rVbqAc_005,0.8297872340425532,94,4kMF-rVbqAc,2022,pre-2025,A
4kMF-rVbqAc_006,0.9130434782608695,23,4kMF-rVbqAc,2022,pre-2025,A
4kMF-rVbqAc_007,0.8292682926829268,82,4kMF-rVbqAc,2022,pre-2025,B
4kMF-rVbqAc_008,0.9285714285714286,14,4kMF-rVbqAc,2022,pre-2025,A
4kMF-rVbqAc_009,1.0,24,4kMF-rVbqAc,2022,pre-2025,A
4kMF-rVbqAc_010,0.8640776699029126,103,4kMF-rVbqAc,2022,pre-2025,A
4kMF-rVbqAc_011,0.9428571428571428,70,4kMF-rVbqAc,2022,pre-2025,A
4kMF-rVbqAc_012,0.8714285714285714,70,4kMF-rVbqAc,2022,pre-2025,B
4kMF-rVbqAc_013,0.35714285714285715,14,4kMF-rVbqAc,2022,pre-2025,A
4kMF-rVbqAc_014,0.4634146341463415,41,4kMF-rVbqAc,2022,pre-2025,A
4kMF-rVbqAc_015,0.8888888888888888,18,4kMF-rVbqAc,2022,pre-2025,A
4kMF-rVbqAc_016,0.8571428571428571,91,4kMF-rVbqAc,2022,pre-2025,A
4kMF-rVbqAc_017,0.8875,80,4kMF-rVbqAc,2022,pre-2025,A
4kMF-rVbqAc_018,0.7333333333333333,15,4kMF-rVbqAc,2022,pre-2025,A
4kMF-rVbqAc_019,0.9111111111111111,90,4kMF-rVbqAc,2022,pre-2025,A
4kMF-rVbqAc_021,1.0,46,4kMF-rVbqAc,2022,pre-2025,A
4kMF-rVbqAc_022,1.0,11,4kMF-rVbqAc,2022,pre-2025,B
4kMF-rVbqAc_023,1.0,9,4kMF-rVbqAc,2022,pre-2025,A
4mGjUrWl1mg_000,1.0,11,4mGjUrWl1mg,2024,pre-2025,A
4mGjUrWl1mg_001,0.8676470588235294,68,4mGjUrWl1mg,2024,pre-2025,A
4mGjUrWl1mg_002,0.9107142857142857,56,4mGjUrWl1mg,2024,pre-2025,A
4mGjUrWl1mg_003,0.8571428571428571,14,4mGjUrWl1mg,2024,pre-2025,B
4mGjUrWl1mg_004,1.0,9,4mGjUrWl1mg,2024,pre-2025,A
4n7T0KeQohU_000,0.9021739130434783,92,4n7T0KeQohU,2022,pre-2025,A
4n7T0KeQohU_001,0.5416666666666666,48,4n7T0KeQohU,2022,pre-2025,A
4n7T0KeQohU_002,0.8888888888888888,54,4n7T0KeQohU,2022,pre-2025,A
4n7T0KeQohU_003,0.8923076923076924,65,4n7T0KeQohU,2022,pre-2025,A
4n7T0KeQohU_004,0.84,50,4n7T0KeQohU,2022,pre-2025,A
4n7T0KeQohU_005,0.9354838709677419,93,4n7T0KeQohU,2022,pre-2025,A
4n7T0KeQohU_006,0.8360655737704918,61,4n7T0KeQohU,2022,pre-2025,A
4n7T0KeQohU_007,0.8,45,4n7T0KeQohU,2022,pre-2025,A
4n7T0KeQohU_008,0.375,24,4n7T0KeQohU,2022,pre-2025,A
4n7T0KeQohU_009,0.875,16,4n7T0KeQohU,2022,pre-2025,A
4n7T0KeQohU_010,1.0,11,4n7T0KeQohU,2022,pre-2025,B
4n7T0KeQohU_011,1.0,9,4n7T0KeQohU,2022,pre-2025,A
4wZ7DlNlsc0_000,0.8571428571428571,126,4wZ7DlNlsc0,2024,pre-2025,A
4wZ7DlNlsc0_001,0.9393939393939394,99,4wZ7DlNlsc0,2024,pre-2025,A
4wZ7DlNlsc0_002,0.87248322147651,149,4wZ7DlNlsc0,2024,pre-2025,A
4wZ7DlNlsc0_003,0.8791946308724832,149,4wZ7DlNlsc0,2024,pre-2025,B
4wZ7DlNlsc0_004,0.9166666666666666,12,4wZ7DlNlsc0,2024,pre-2025,B
4wZ7DlNlsc0_005,0.8656716417910447,67,4wZ7DlNlsc0,2024,pre-2025,B
4wZ7DlNlsc0_006,1.0,9,4wZ7DlNlsc0,2024,pre-2025,A
506blxP58ts_000,0.8292682926829268,41,506blxP58ts,2022,pre-2025,A
506blxP58ts_001,0.8571428571428571,14,506blxP58ts,2022,pre-2025,A
506blxP58ts_002,0.8260869565217391,23,506blxP58ts,2022,pre-2025,A
506blxP58ts_003,0.8666666666666667,15,506blxP58ts,2022,pre-2025,A
506blxP58ts_004,0.8448275862068966,116,506blxP58ts,2022,pre-2025,B
506blxP58ts_005,0.9375,16,506blxP58ts,2022,pre-2025,B
506blxP58ts_006,0.8648648648648649,37,506blxP58ts,2022,pre-2025,A
506blxP58ts_007,1.0,11,506blxP58ts,2022,pre-2025,B
506blxP58ts_008,1.0,9,506blxP58ts,2022,pre-2025,A
5AOk21eO0qQ_000,0.8571428571428571,14,5AOk21eO0qQ,2023,pre-2025,A
5AOk21eO0qQ_001,0.9285714285714286,14,5AOk21eO0qQ,2023,pre-2025,A
5AOk21eO0qQ_002,1.0,14,5AOk21eO0qQ,2023,pre-2025,A
5AOk21eO0qQ_003,0.9285714285714286,28,5AOk21eO0qQ,2023,pre-2025,A
5AOk21eO0qQ_004,0.9285714285714286,28,5AOk21eO0qQ,2023,pre-2025,A
5AOk21eO0qQ_005,1.0,14,5AOk21eO0qQ,2023,pre-2025,A
5AOk21eO0qQ_006,0.9166666666666666,12,5AOk21eO0qQ,2023,pre-2025,A
5AOk21eO0qQ_007,0.8928571428571429,28,5AOk21eO0qQ,2023,pre-2025,A
5AOk21eO0qQ_008,0.8205128205128205,39,5AOk21eO0qQ,2023,pre-2025,B
5AOk21eO0qQ_009,0.3333333333333333,9,5AOk21eO0qQ,2023,pre-2025,A
5AZhNz5cx2U_000,0.8571428571428571,70,5AZhNz5cx2U,2025,2025+,A
5AZhNz5cx2U_001,0.9285714285714286,14,5AZhNz5cx2U,2025,2025+,A
5AZhNz5cx2U_002,0.7,10,5AZhNz5cx2U,2025,2025+,B
5AZhNz5cx2U_003,1.0,9,5AZhNz5cx2U,2025,2025+,A
5LoulL1GewE_000,0.9285714285714286,28,5LoulL1GewE,2024,pre-2025,B
5LoulL1GewE_001,0.9642857142857143,28,5LoulL1GewE,2024,pre-2025,A
5LoulL1GewE_002,0.8181818181818182,11,5LoulL1GewE,2024,pre-2025,B
5LoulL1GewE_003,1.0,9,5LoulL1GewE,2024,pre-2025,A
5RR0aZa2rYA_000,1.0,11,5RR0aZa2rYA,2021,pre-2025,B
5RR0aZa2rYA_001,1.0,4,5RR0aZa2rYA,2021,pre-2025,A
5RR0aZa2rYA_003,0.9054054054054054,74,5RR0aZa2rYA,2021,pre-2025,A
5RR0aZa2rYA_004,0.9305555555555556,72,5RR0aZa2rYA,2021,pre-2025,A
5RR0aZa2rYA_005,0.6565656565656566,99,5RR0aZa2rYA,2021,pre-2025,A
5RR0aZa2rYA_006,0.9043478260869565,115,5RR0aZa2rYA,2021,pre-2025,B
5RR0aZa2rYA_007,0.8536585365853658,41,5RR0aZa2rYA,2021,pre-2025,B
5RR0aZa2rYA_008,0.9411764705882353,17,5RR0aZa2rYA,2021,pre-2025,A
5RR0aZa2rYA_009,0.9333333333333333,45,5RR0aZa2rYA,2021,pre-2025,A
5RR0aZa2rYA_010,0.6666666666666666,3,5RR0aZa2rYA,2021,pre-2025,A
5RR0aZa2rYA_011,0.9647058823529412,85,5RR0aZa2rYA,2021,pre-2025,A
5RR0aZa2rYA_012,0.25,104,5RR0aZa2rYA,2021,pre-2025,B
5RR0aZa2rYA_013,0.9294117647058824,85,5RR0aZa2rYA,2021,pre-2025,B
5RR0aZa2rYA_014,0.29896907216494845,97,5RR0aZa2rYA,2021,pre-2025,B
5RR0aZa2rYA_015,1.0,9,5RR0aZa2rYA,2021,pre-2025,B
5T2Qgn2fXJQ_000,0.75,16,5T2Qgn2fXJQ,2022,pre-2025,A
5T2Qgn2fXJQ_001,1.0,11,5T2Qgn2fXJQ,2022,pre-2025,A
5T2Qgn2fXJQ_002,1.0,71,5T2Qgn2fXJQ,2022,pre-2025,A
5T2Qgn2fXJQ_003,0.96,25,5T2Qgn2fXJQ,2022,pre-2025,A
5T2Qgn2fXJQ_004,0.7368421052631579,19,5T2Qgn2fXJQ,2022,pre-2025,A
5T2Qgn2fXJQ_005,0.9090909090909091,22,5T2Qgn2fXJQ,2022,pre-2025,A
5T2Qgn2fXJQ_006,0.8636363636363636,22,5T2Qgn2fXJQ,2022,pre-2025,A
5T2Qgn2fXJQ_007,0.9230769230769231,78,5T2Qgn2fXJQ,2022,pre-2025,A
5T2Qgn2fXJQ_008,1.0,39,5T2Qgn2fXJQ,2022,pre-2025,A
5T2Qgn2fXJQ_009,0.9512195121951219,41,5T2Qgn2fXJQ,2022,pre-2025,A
5T2Qgn2fXJQ_010,0.8125,16,5T2Qgn2fXJQ,2022,pre-2025,A
5T2Qgn2fXJQ_011,1.0,11,5T2Qgn2fXJQ,2022,pre-2025,B
5T2Qgn2fXJQ_012,1.0,9,5T2Qgn2fXJQ,2022,pre-2025,A
5V8WhI7pCx8_001,0.6486486486486487,74,5V8WhI7pCx8,2024,pre-2025,B
5V8WhI7pCx8_002,0.9565217391304348,92,5V8WhI7pCx8,2024,pre-2025,B
5V8WhI7pCx8_003,0.16326530612244897,49,5V8WhI7pCx8,2024,pre-2025,A
5V8WhI7pCx8_005,0.25,12,5V8WhI7pCx8,2024,pre-2025,A
5V8WhI7pCx8_008,0.0,10,5V8WhI7pCx8,2024,pre-2025,A
5V8WhI7pCx8_009,0.96,25,5V8WhI7pCx8,2024,pre-2025,A
5V8WhI7pCx8_010,0.1111111111111111,18,5V8WhI7pCx8,2024,pre-2025,A
5V8WhI7pCx8_013,0.25,4,5V8WhI7pCx8,2024,pre-2025,A
5V8WhI7pCx8_014,0.5555555555555556,18,5V8WhI7pCx8,2024,pre-2025,A
5V8WhI7pCx8_015,0.16666666666666666,6,5V8WhI7pCx8,2024,pre-2025,A
5V8WhI7pCx8_016,0.16666666666666666,6,5V8WhI7pCx8,2024,pre-2025,A
5V8WhI7pCx8_017,0.7272727272727273,11,5V8WhI7pCx8,2024,pre-2025,B
5V8WhI7pCx8_018,0.8888888888888888,9,5V8WhI7pCx8,2024,pre-2025,B
5X3tKt091aE_000,0.42857142857142855,28,5X3tKt091aE,2025,2025+,A
5X3tKt091aE_002,0.5483870967741935,62,5X3tKt091aE,2025,2025+,B
5X3tKt091aE_004,0.5909090909090909,22,5X3tKt091aE,2025,2025+,A
5X3tKt091aE_005,1.0,28,5X3tKt091aE,2025,2025+,A
5X3tKt091aE_006,0.9285714285714286,28,5X3tKt091aE,2025,2025+,A
5X3tKt091aE_007,0.8928571428571429,28,5X3tKt091aE,2025,2025+,A
5X3tKt091aE_008,0.9642857142857143,28,5X3tKt091aE,2025,2025+,A
5X3tKt091aE_009,0.7272727272727273,11,5X3tKt091aE,2025,2025+,B
5X3tKt091aE_010,1.0,9,5X3tKt091aE,2025,2025+,B
5_K4QNe6E6o_000,1.0,7,5_K4QNe6E6o,2022,pre-2025,A
5_K4QNe6E6o_001,1.0,10,5_K4QNe6E6o,2022,pre-2025,A
5_K4QNe6E6o_002,0.9230769230769231,26,5_K4QNe6E6o,2022,pre-2025,A
5_K4QNe6E6o_003,0.8,10,5_K4QNe6E6o,2022,pre-2025,A
5_K4QNe6E6o_004,1.0,11,5_K4QNe6E6o,2022,pre-2025,A
5_K4QNe6E6o_005,0.9375,16,5_K4QNe6E6o,2022,pre-2025,A
5_K4QNe6E6o_006,0.9,10,5_K4QNe6E6o,2022,pre-2025,A
5_K4QNe6E6o_007,0.8333333333333334,6,5_K4QNe6E6o,2022,pre-2025,A
5_K4QNe6E6o_008,0.9090909090909091,11,5_K4QNe6E6o,2022,pre-2025,A
5_K4QNe6E6o_009,0.8333333333333334,6,5_K4QNe6E6o,2022,pre-2025,A
5_K4QNe6E6o_010,0.9375,16,5_K4QNe6E6o,2022,pre-2025,A
5_K4QNe6E6o_011,1.0,5,5_K4QNe6E6o,2022,pre-2025,A
5_K4QNe6E6o_012,1.0,11,5_K4QNe6E6o,2022,pre-2025,B
5_K4QNe6E6o_013,1.0,9,5_K4QNe6E6o,2022,pre-2025,A
5cfJTCXcEw0_000,0.8904109589041096,73,5cfJTCXcEw0,2024,pre-2025,A
5cfJTCXcEw0_001,0.95,80,5cfJTCXcEw0,2024,pre-2025,B
5cfJTCXcEw0_002,0.875,80,5cfJTCXcEw0,2024,pre-2025,B
5cfJTCXcEw0_003,1.0,9,5cfJTCXcEw0,2024,pre-2025,B
5hG8TnYMs60_000,1.0,24,5hG8TnYMs60,2022,pre-2025,A
5hG8TnYMs60_001,1.0,24,5hG8TnYMs60,2022,pre-2025,A
5hG8TnYMs60_002,0.9545454545454546,22,5hG8TnYMs60,2022,pre-2025,A
5hG8TnYMs60_003,0.9333333333333333,15,5hG8TnYMs60,2022,pre-2025,A
5hG8TnYMs60_004,1.0,16,5hG8TnYMs60,2022,pre-2025,A
5hG8TnYMs60_005,0.8888888888888888,9,5hG8TnYMs60,2022,pre-2025,A
5hG8TnYMs60_006,0.8620689655172413,29,5hG8TnYMs60,2022,pre-2025,A
5hG8TnYMs60_007,0.8405797101449275,69,5hG8TnYMs60,2022,pre-2025,A
5hG8TnYMs60_008,1.0,13,5hG8TnYMs60,2022,pre-2025,A
5hG8TnYMs60_009,0.9285714285714286,14,5hG8TnYMs60,2022,pre-2025,A
5hG8TnYMs60_010,1.0,18,5hG8TnYMs60,2022,pre-2025,A
5hG8TnYMs60_011,0.9545454545454546,22,5hG8TnYMs60,2022,pre-2025,A
5hG8TnYMs60_012,0.6304347826086957,46,5hG8TnYMs60,2022,pre-2025,A
5hG8TnYMs60_013,0.9375,16,5hG8TnYMs60,2022,pre-2025,A
5hG8TnYMs60_014,0.7777777777777778,9,5hG8TnYMs60,2022,pre-2025,A
5hG8TnYMs60_015,0.7,10,5hG8TnYMs60,2022,pre-2025,A
5hG8TnYMs60_016,0.8571428571428571,14,5hG8TnYMs60,2022,pre-2025,A
5hG8TnYMs60_017,0.75,8,5hG8TnYMs60,2022,pre-2025,A
5hG8TnYMs60_018,0.9230769230769231,13,5hG8TnYMs60,2022,pre-2025,A
5hG8TnYMs60_019,1.0,21,5hG8TnYMs60,2022,pre-2025,A
5hG8TnYMs60_020,0.851063829787234,47,5hG8TnYMs60,2022,pre-2025,A
5hG8TnYMs60_021,0.8333333333333334,12,5hG8TnYMs60,2022,pre-2025,A
5hG8TnYMs60_022,1.0,11,5hG8TnYMs60,2022,pre-2025,B
5hG8TnYMs60_023,1.0,9,5hG8TnYMs60,2022,pre-2025,A
5ihVDACK8xo_000,0.9387755102040817,49,5ihVDACK8xo,2022,pre-2025,A
5ihVDACK8xo_001,0.9516129032258065,124,5ihVDACK8xo,2022,pre-2025,B
5ihVDACK8xo_002,0.9885057471264368,87,5ihVDACK8xo,2022,pre-2025,B
5ihVDACK8xo_004,1.0,9,5ihVDACK8xo,2022,pre-2025,A
5j651zUx6q4_002,0.0,3,5j651zUx6q4,2024,pre-2025,B
5j651zUx6q4_003,0.0,6,5j651zUx6q4,2024,pre-2025,A
5j651zUx6q4_009,0.25,16,5j651zUx6q4,2024,pre-2025,A
5j651zUx6q4_012,0.125,8,5j651zUx6q4,2024,pre-2025,A
5j651zUx6q4_013,0.375,8,5j651zUx6q4,2024,pre-2025,A
5j651zUx6q4_014,0.7456140350877193,114,5j651zUx6q4,2024,pre-2025,B
5j651zUx6q4_015,0.8928571428571429,84,5j651zUx6q4,2024,pre-2025,B
5j651zUx6q4_016,1.0,9,5j651zUx6q4,2024,pre-2025,A
5o1doRRWOUA_000,0.8695652173913043,46,5o1doRRWOUA,2022,pre-2025,A
5o1doRRWOUA_001,0.9444444444444444,18,5o1doRRWOUA,2022,pre-2025,A
5o1doRRWOUA_002,0.8974358974358975,39,5o1doRRWOUA,2022,pre-2025,A
5o1doRRWOUA_003,0.9487179487179487,39,5o1doRRWOUA,2022,pre-2025,A
5o1doRRWOUA_004,1.0,11,5o1doRRWOUA,2022,pre-2025,B
5o1doRRWOUA_005,1.0,9,5o1doRRWOUA,2022,pre-2025,A
5p4bNH4gnH0_000,0.8181818181818182,121,5p4bNH4gnH0,2024,pre-2025,B
5p4bNH4gnH0_001,0.8787878787878788,132,5p4bNH4gnH0,2024,pre-2025,B
5p4bNH4gnH0_002,0.8925619834710744,121,5p4bNH4gnH0,2024,pre-2025,B
5p4bNH4gnH0_003,0.453125,64,5p4bNH4gnH0,2024,pre-2025,B
5p4bNH4gnH0_004,1.0,9,5p4bNH4gnH0,2024,pre-2025,A
5wSWQYFvHwk_000,0.9714285714285714,70,5wSWQYFvHwk,2025,2025+,B
5wSWQYFvHwk_001,0.9772727272727273,44,5wSWQYFvHwk,2025,2025+,A
5wSWQYFvHwk_002,0.9354838709677419,31,5wSWQYFvHwk,2025,2025+,B
5wSWQYFvHwk_003,1.0,9,5wSWQYFvHwk,2025,2025+,B
5y6wjeJR5Cg_000,0.875,48,5y6wjeJR5Cg,2024,pre-2025,B
5y6wjeJR5Cg_001,0.575,40,5y6wjeJR5Cg,2024,pre-2025,B
5y6wjeJR5Cg_002,1.0,9,5y6wjeJR5Cg,2024,pre-2025,A
6-mh40eytMI_000,0.9270833333333334,96,6-mh40eytMI,2025,2025+,A
6-mh40eytMI_001,0.9024390243902439,41,6-mh40eytMI,2025,2025+,A
6-mh40eytMI_002,0.7272727272727273,11,6-mh40eytMI,2025,2025+,B
6-mh40eytMI_003,1.0,9,6-mh40eytMI,2025,2025+,A
67euLhPd3ro_000,0.8854166666666666,96,67euLhPd3ro,2024,pre-2025,B
67euLhPd3ro_001,0.7272727272727273,11,67euLhPd3ro,2024,pre-2025,B
67euLhPd3ro_002,1.0,9,67euLhPd3ro,2024,pre-2025,A
6DmMwkK_tSo_000,0.8571428571428571,28,6DmMwkK_tSo,2022,pre-2025,A
6DmMwkK_tSo_001,0.8947368421052632,38,6DmMwkK_tSo,2022,pre-2025,B
6DmMwkK_tSo_002,0.5502958579881657,169,6DmMwkK_tSo,2022,pre-2025,B
6DmMwkK_tSo_003,0.7241379310344828,58,6DmMwkK_tSo,2022,pre-2025,B
6DmMwkK_tSo_004,1.0,9,6DmMwkK_tSo,2022,pre-2025,A
6E6uYzwHRcg_000,1.0,9,6E6uYzwHRcg,2022,pre-2025,A
6E6uYzwHRcg_001,0.975609756097561,41,6E6uYzwHRcg,2022,pre-2025,A
6E6uYzwHRcg_002,1.0,3,6E6uYzwHRcg,2022,pre-2025,A
6E6uYzwHRcg_003,1.0,3,6E6uYzwHRcg,2022,pre-2025,A
6E6uYzwHRcg_004,0.9166666666666666,24,6E6uYzwHRcg,2022,pre-2025,A
6E6uYzwHRcg_005,0.7,10,6E6uYzwHRcg,2022,pre-2025,A
6E6uYzwHRcg_006,0.7,10,6E6uYzwHRcg,2022,pre-2025,A
6E6uYzwHRcg_007,0.8,10,6E6uYzwHRcg,2022,pre-2025,A
6E6uYzwHRcg_008,0.8181818181818182,11,6E6uYzwHRcg,2022,pre-2025,A
6E6uYzwHRcg_009,0.8181818181818182,11,6E6uYzwHRcg,2022,pre-2025,A
6E6uYzwHRcg_010,1.0,13,6E6uYzwHRcg,2022,pre-2025,A
6E6uYzwHRcg_011,0.9565217391304348,46,6E6uYzwHRcg,2022,pre-2025,A
6E6uYzwHRcg_012,0.9230769230769231,39,6E6uYzwHRcg,2022,pre-2025,A
6E6uYzwHRcg_013,1.0,7,6E6uYzwHRcg,2022,pre-2025,A
6E6uYzwHRcg_014,0.9714285714285714,35,6E6uYzwHRcg,2022,pre-2025,A
6E6uYzwHRcg_015,0.8974358974358975,39,6E6uYzwHRcg,2022,pre-2025,A
6E6uYzwHRcg_016,0.9375,32,6E6uYzwHRcg,2022,pre-2025,A
6E6uYzwHRcg_017,0.92,25,6E6uYzwHRcg,2022,pre-2025,A
6E6uYzwHRcg_018,0.9230769230769231,26,6E6uYzwHRcg,2022,pre-2025,A
6E6uYzwHRcg_019,0.85,20,6E6uYzwHRcg,2022,pre-2025,A
6E6uYzwHRcg_020,0.9090909090909091,11,6E6uYzwHRcg,2022,pre-2025,A
6E6uYzwHRcg_021,1.0,24,6E6uYzwHRcg,2022,pre-2025,A
6E6uYzwHRcg_022,0.8571428571428571,35,6E6uYzwHRcg,2022,pre-2025,A
6E6uYzwHRcg_023,1.0,16,6E6uYzwHRcg,2022,pre-2025,A
6E6uYzwHRcg_024,1.0,25,6E6uYzwHRcg,2022,pre-2025,A
6E6uYzwHRcg_025,0.8787878787878788,33,6E6uYzwHRcg,2022,pre-2025,A
6E6uYzwHRcg_027,1.0,9,6E6uYzwHRcg,2022,pre-2025,A
6IsyZ4tTrp8_000,0.9285714285714286,14,6IsyZ4tTrp8,2024,pre-2025,A
6IsyZ4tTrp8_001,0.7857142857142857,14,6IsyZ4tTrp8,2024,pre-2025,A
6IsyZ4tTrp8_002,0.7407407407407407,27,6IsyZ4tTrp8,2024,pre-2025,B
6IsyZ4tTrp8_003,1.0,9,6IsyZ4tTrp8,2024,pre-2025,A
6SwkF4lY6gI_000,0.8,30,6SwkF4lY6gI,2025,2025+,A
6SwkF4lY6gI_001,0.9263157894736842,95,6SwkF4lY6gI,2025,2025+,A
6SwkF4lY6gI_002,0.06818181818181818,44,6SwkF4lY6gI,2025,2025+,A
6SwkF4lY6gI_003,0.0,6,6SwkF4lY6gI,2025,2025+,A
6SwkF4lY6gI_004,0.9850746268656716,67,6SwkF4lY6gI,2025,2025+,A
6SwkF4lY6gI_005,0.8809523809523809,42,6SwkF4lY6gI,2025,2025+,A
6SwkF4lY6gI_006,0.6666666666666666,12,6SwkF4lY6gI,2025,2025+,A
6SwkF4lY6gI_007,0.52,25,6SwkF4lY6gI,2025,2025+,A
6SwkF4lY6gI_008,0.2,35,6SwkF4lY6gI,2025,2025+,A
6SwkF4lY6gI_009,0.18181818181818182,33,6SwkF4lY6gI,2025,2025+,A
6SwkF4lY6gI_010,0.8688524590163934,61,6SwkF4lY6gI,2025,2025+,A
6SwkF4lY6gI_011,0.3181818181818182,110,6SwkF4lY6gI,2025,2025+,A
6SwkF4lY6gI_012,0.2517985611510791,139,6SwkF4lY6gI,2025,2025+,B
6SwkF4lY6gI_013,1.0,9,6SwkF4lY6gI,2025,2025+,A
6b_trwoU-Bs_000,0.8793103448275862,116,6b_trwoU-Bs,2024,pre-2025,B
6b_trwoU-Bs_003,0.7272727272727273,11,6b_trwoU-Bs,2024,pre-2025,B
6b_trwoU-Bs_004,1.0,9,6b_trwoU-Bs,2024,pre-2025,A
6klshR-YtEw_000,0.9124087591240876,137,6klshR-YtEw,2024,pre-2025,B
6klshR-YtEw_001,0.9642857142857143,28,6klshR-YtEw,2024,pre-2025,B
6klshR-YtEw_002,0.16666666666666666,12,6klshR-YtEw,2024,pre-2025,A
6klshR-YtEw_003,0.3076923076923077,13,6klshR-YtEw,2024,pre-2025,A
6klshR-YtEw_004,0.2222222222222222,9,6klshR-YtEw,2024,pre-2025,A
6klshR-YtEw_005,0.5384615384615384,13,6klshR-YtEw,2024,pre-2025,A
6klshR-YtEw_006,0.5555555555555556,18,6klshR-YtEw,2024,pre-2025,A
6klshR-YtEw_007,1.0,31,6klshR-YtEw,2024,pre-2025,A
6klshR-YtEw_008,0.14285714285714285,7,6klshR-YtEw,2024,pre-2025,A
6klshR-YtEw_009,0.14285714285714285,7,6klshR-YtEw,2024,pre-2025,A
6klshR-YtEw_010,0.26666666666666666,15,6klshR-YtEw,2024,pre-2025,A
6klshR-YtEw_011,0.0,7,6klshR-YtEw,2024,pre-2025,A
6klshR-YtEw_013,0.3,40,6klshR-YtEw,2024,pre-2025,A
6klshR-YtEw_014,0.2857142857142857,7,6klshR-YtEw,2024,pre-2025,A
6klshR-YtEw_015,0.14285714285714285,7,6klshR-YtEw,2024,pre-2025,A
6klshR-YtEw_016,0.35714285714285715,28,6klshR-YtEw,2024,pre-2025,A
6klshR-YtEw_017,0.7272727272727273,11,6klshR-YtEw,2024,pre-2025,B
6klshR-YtEw_018,1.0,9,6klshR-YtEw,2024,pre-2025,A
6kxnMsvfArE_000,0.8333333333333334,30,6kxnMsvfArE,2023,pre-2025,A
6kxnMsvfArE_001,0.9154929577464789,71,6kxnMsvfArE,2023,pre-2025,B
6kxnMsvfArE_002,0.9322033898305084,59,6kxnMsvfArE,2023,pre-2025,B
6kxnMsvfArE_003,1.0,38,6kxnMsvfArE,2023,pre-2025,A
6kxnMsvfArE_004,1.0,11,6kxnMsvfArE,2023,pre-2025,B
6kxnMsvfArE_005,1.0,9,6kxnMsvfArE,2023,pre-2025,A
6qI6TJvLEFI_000,1.0,7,6qI6TJvLEFI,2022,pre-2025,A
6qI6TJvLEFI_001,1.0,6,6qI6TJvLEFI,2022,pre-2025,A
6qI6TJvLEFI_002,0.875,8,6qI6TJvLEFI,2022,pre-2025,A
6qI6TJvLEFI_003,0.7619047619047619,21,6qI6TJvLEFI,2022,pre-2025,A
6qI6TJvLEFI_004,0.84375,32,6qI6TJvLEFI,2022,pre-2025,A
6qI6TJvLEFI_005,0.8181818181818182,11,6qI6TJvLEFI,2022,pre-2025,A
6qI6TJvLEFI_006,0.84375,32,6qI6TJvLEFI,2022,pre-2025,A
6qI6TJvLEFI_007,1.0,11,6qI6TJvLEFI,2022,pre-2025,B
6qI6TJvLEFI_008,1.0,9,6qI6TJvLEFI,2022,pre-2025,A
6qbasnLUeLs_000,0.972972972972973,37,6qbasnLUeLs,2025,2025+,A
6qbasnLUeLs_001,1.0,9,6qbasnLUeLs,2025,2025+,A
6qbasnLUeLs_002,0.5714285714285714,7,6qbasnLUeLs,2025,2025+,B
6qbasnLUeLs_007,0.8571428571428571,49,6qbasnLUeLs,2025,2025+,A
6qbasnLUeLs_008,0.7272727272727273,11,6qbasnLUeLs,2025,2025+,B
6qbasnLUeLs_009,1.0,9,6qbasnLUeLs,2025,2025+,A
6rmTqvCtEuM_000,0.875,8,6rmTqvCtEuM,2022,pre-2025,B
6rmTqvCtEuM_001,0.8688524590163934,61,6rmTqvCtEuM,2022,pre-2025,A
6rmTqvCtEuM_002,1.0,9,6rmTqvCtEuM,2022,pre-2025,A
6zVyUvw0JfU_000,0.8787878787878788,132,6zVyUvw0JfU,2024,pre-2025,B
6zVyUvw0JfU_001,0.9391304347826087,115,6zVyUvw0JfU,2024,pre-2025,B
6zVyUvw0JfU_002,0.9236641221374046,131,6zVyUvw0JfU,2024,pre-2025,B
6zVyUvw0JfU_003,0.8992248062015504,129,6zVyUvw0JfU,2024,pre-2025,B
6zVyUvw0JfU_004,0.7131147540983607,122,6zVyUvw0JfU,2024,pre-2025,B
6zVyUvw0JfU_005,1.0,9,6zVyUvw0JfU,2024,pre-2025,B
7CGgQCUOJbw_000,0.9879518072289156,83,7CGgQCUOJbw,2024,pre-2025,A
7CGgQCUOJbw_001,0.8131868131868132,91,7CGgQCUOJbw,2024,pre-2025,B
7CGgQCUOJbw_002,1.0,9,7CGgQCUOJbw,2024,pre-2025,A
7LuAjOjXab4_000,0.8690476190476191,84,7LuAjOjXab4,2025,2025+,A
7LuAjOjXab4_001,0.8571428571428571,28,7LuAjOjXab4,2025,2025+,A
7LuAjOjXab4_002,0.8571428571428571,56,7LuAjOjXab4,2025,2025+,A
7LuAjOjXab4_003,0.7272727272727273,11,7LuAjOjXab4,2025,2025+,B
7LuAjOjXab4_004,1.0,9,7LuAjOjXab4,2025,2025+,A
7MLzvAy3CuM_000,1.0,15,7MLzvAy3CuM,2024,pre-2025,A
7MLzvAy3CuM_001,1.0,2,7MLzvAy3CuM,2024,pre-2025,A
7MLzvAy3CuM_002,1.0,2,7MLzvAy3CuM,2024,pre-2025,A
7MLzvAy3CuM_003,1.0,2,7MLzvAy3CuM,2024,pre-2025,A
7MLzvAy3CuM_004,0.5,2,7MLzvAy3CuM,2024,pre-2025,A
7MLzvAy3CuM_005,0.6,25,7MLzvAy3CuM,2024,pre-2025,A
7MLzvAy3CuM_006,0.5,2,7MLzvAy3CuM,2024,pre-2025,A
7MLzvAy3CuM_007,0.0,3,7MLzvAy3CuM,2024,pre-2025,A
7MLzvAy3CuM_008,0.0,2,7MLzvAy3CuM,2024,pre-2025,A
7MLzvAy3CuM_009,0.7272727272727273,11,7MLzvAy3CuM,2024,pre-2025,B
7MLzvAy3CuM_010,1.0,9,7MLzvAy3CuM,2024,pre-2025,A
7N9pz7fZQ4E_000,0.9285714285714286,28,7N9pz7fZQ4E,2024,pre-2025,A
7N9pz7fZQ4E_001,0.9285714285714286,56,7N9pz7fZQ4E,2024,pre-2025,A
7N9pz7fZQ4E_002,0.9642857142857143,28,7N9pz7fZQ4E,2024,pre-2025,A
7N9pz7fZQ4E_003,0.9230769230769231,39,7N9pz7fZQ4E,2024,pre-2025,B
7N9pz7fZQ4E_004,1.0,9,7N9pz7fZQ4E,2024,pre-2025,B
7U3LKpXaBds_000,0.941747572815534,103,7U3LKpXaBds,2024,pre-2025,B
7U3LKpXaBds_001,0.8080808080808081,99,7U3LKpXaBds,2024,pre-2025,B
7U3LKpXaBds_002,0.8695652173913043,115,7U3LKpXaBds,2024,pre-2025,B
7U3LKpXaBds_003,0.7272727272727273,11,7U3LKpXaBds,2024,pre-2025,B
7U3LKpXaBds_004,1.0,9,7U3LKpXaBds,2024,pre-2025,A
7ZDZVThmWfA_000,0.9504950495049505,101,7ZDZVThmWfA,2024,pre-2025,B
7ZDZVThmWfA_001,0.8613861386138614,101,7ZDZVThmWfA,2024,pre-2025,B
7ZDZVThmWfA_002,1.0,5,7ZDZVThmWfA,2024,pre-2025,A
7ZDZVThmWfA_003,0.6,5,7ZDZVThmWfA,2024,pre-2025,A
7ZDZVThmWfA_004,0.75,8,7ZDZVThmWfA,2024,pre-2025,A
7ZDZVThmWfA_005,1.0,3,7ZDZVThmWfA,2024,pre-2025,A
7ZDZVThmWfA_006,0.7272727272727273,11,7ZDZVThmWfA,2024,pre-2025,B
7ZDZVThmWfA_007,0.8888888888888888,9,7ZDZVThmWfA,2024,pre-2025,B
7kWXOgdcn4c_000,0.8214285714285714,56,7kWXOgdcn4c,2025,2025+,A
7kWXOgdcn4c_001,0.8928571428571429,28,7kWXOgdcn4c,2025,2025+,A
7kWXOgdcn4c_002,0.8285714285714286,70,7kWXOgdcn4c,2025,2025+,A
7kWXOgdcn4c_003,0.7272727272727273,11,7kWXOgdcn4c,2025,2025+,B
7kWXOgdcn4c_004,0.8888888888888888,9,7kWXOgdcn4c,2025,2025+,B
7qisH4fL9qY_000,1.0,11,7qisH4fL9qY,2022,pre-2025,B
7qisH4fL9qY_001,1.0,9,7qisH4fL9qY,2022,pre-2025,A
7uMXWgvf_IU_000,0.9318181818181818,88,7uMXWgvf_IU,2026,2025+,B
7uMXWgvf_IU_001,0.9245283018867925,53,7uMXWgvf_IU,2026,2025+,B
7uMXWgvf_IU_003,0.7787610619469026,113,7uMXWgvf_IU,2026,2025+,B
7uMXWgvf_IU_005,0.8695652173913043,46,7uMXWgvf_IU,2026,2025+,A
7uMXWgvf_IU_007,0.9069767441860465,86,7uMXWgvf_IU,2026,2025+,B
7uMXWgvf_IU_008,0.6710526315789473,76,7uMXWgvf_IU,2026,2025+,B
7uMXWgvf_IU_009,1.0,9,7uMXWgvf_IU,2026,2025+,B
83ipAZp4hr8_000,0.8775510204081632,49,83ipAZp4hr8,2024,pre-2025,A
83ipAZp4hr8_001,0.7272727272727273,11,83ipAZp4hr8,2024,pre-2025,B
83ipAZp4hr8_002,1.0,9,83ipAZp4hr8,2024,pre-2025,A
88h7OzVLzeI_000,0.9655172413793104,58,88h7OzVLzeI,2026,2025+,A
88h7OzVLzeI_001,1.0,10,88h7OzVLzeI,2026,2025+,A
88h7OzVLzeI_002,0.6923076923076923,13,88h7OzVLzeI,2026,2025+,A
88h7OzVLzeI_004,0.2857142857142857,28,88h7OzVLzeI,2026,2025+,A
88h7OzVLzeI_005,0.25,8,88h7OzVLzeI,2026,2025+,A
88h7OzVLzeI_006,0.6896551724137931,29,88h7OzVLzeI,2026,2025+,A
88h7OzVLzeI_007,0.7241379310344828,58,88h7OzVLzeI,2026,2025+,A
88h7OzVLzeI_008,0.9629629629629629,27,88h7OzVLzeI,2026,2025+,A
88h7OzVLzeI_009,0.7272727272727273,11,88h7OzVLzeI,2026,2025+,B
88h7OzVLzeI_010,1.0,9,88h7OzVLzeI,2026,2025+,A
8G6DH4n9U9Y_002,0.7272727272727273,11,8G6DH4n9U9Y,2025,2025+,B
8G6DH4n9U9Y_003,1.0,9,8G6DH4n9U9Y,2025,2025+,A
8fXeD7pKbWI_000,0.8913043478260869,46,8fXeD7pKbWI,2026,2025+,A
8fXeD7pKbWI_001,0.7272727272727273,11,8fXeD7pKbWI,2026,2025+,B
8fXeD7pKbWI_002,1.0,9,8fXeD7pKbWI,2026,2025+,A
8jJY637fQik_000,0.9134615384615384,104,8jJY637fQik,2024,pre-2025,B
8jJY637fQik_001,0.9349593495934959,123,8jJY637fQik,2024,pre-2025,B
8jJY637fQik_002,0.9043478260869565,115,8jJY637fQik,2024,pre-2025,B
8jJY637fQik_003,0.9512195121951219,123,8jJY637fQik,2024,pre-2025,B
8jJY637fQik_004,0.7272727272727273,11,8jJY637fQik,2024,pre-2025,B
8jJY637fQik_005,1.0,9,8jJY637fQik,2024,pre-2025,B
8sDvUH7x4iw_000,0.9444444444444444,18,8sDvUH7x4iw,2022,pre-2025,A
8sDvUH7x4iw_001,0.9545454545454546,22,8sDvUH7x4iw,2022,pre-2025,A
8sDvUH7x4iw_002,1.0,14,8sDvUH7x4iw,2022,pre-2025,A
8sDvUH7x4iw_003,0.84,75,8sDvUH7x4iw,2022,pre-2025,A
8sDvUH7x4iw_004,0.9411764705882353,17,8sDvUH7x4iw,2022,pre-2025,A
8sDvUH7x4iw_005,1.0,6,8sDvUH7x4iw,2022,pre-2025,A
8sDvUH7x4iw_006,0.8809523809523809,126,8sDvUH7x4iw,2022,pre-2025,A
8sDvUH7x4iw_007,1.0,11,8sDvUH7x4iw,2022,pre-2025,B
8sDvUH7x4iw_008,1.0,9,8sDvUH7x4iw,2022,pre-2025,A
8wflrDLxY84_000,0.7857142857142857,14,8wflrDLxY84,2024,pre-2025,A
8wflrDLxY84_001,0.8961038961038961,77,8wflrDLxY84,2024,pre-2025,B
8wflrDLxY84_002,1.0,9,8wflrDLxY84,2024,pre-2025,A
8x5JiKy8RFY_002,0.8444444444444444,45,8x5JiKy8RFY,2021,pre-2025,A
8x5JiKy8RFY_003,1.0,4,8x5JiKy8RFY,2021,pre-2025,A
8x5JiKy8RFY_004,0.9642857142857143,28,8x5JiKy8RFY,2021,pre-2025,A
8x5JiKy8RFY_005,0.8333333333333334,12,8x5JiKy8RFY,2021,pre-2025,B
8x5JiKy8RFY_006,0.7857142857142857,14,8x5JiKy8RFY,2021,pre-2025,B
8x5JiKy8RFY_007,0.9444444444444444,18,8x5JiKy8RFY,2021,pre-2025,A
8x5JiKy8RFY_008,0.7857142857142857,28,8x5JiKy8RFY,2021,pre-2025,A
8x5JiKy8RFY_009,0.8846153846153846,26,8x5JiKy8RFY,2021,pre-2025,A
8x5JiKy8RFY_010,1.0,14,8x5JiKy8RFY,2021,pre-2025,A
8x5JiKy8RFY_011,0.9230769230769231,13,8x5JiKy8RFY,2021,pre-2025,B
8x5JiKy8RFY_012,0.4431818181818182,88,8x5JiKy8RFY,2021,pre-2025,B
8x5JiKy8RFY_013,0.9230769230769231,13,8x5JiKy8RFY,2021,pre-2025,A
8x5JiKy8RFY_014,0.9259259259259259,54,8x5JiKy8RFY,2021,pre-2025,B
8x5JiKy8RFY_015,0.9375,16,8x5JiKy8RFY,2021,pre-2025,A
8x5JiKy8RFY_016,1.0,9,8x5JiKy8RFY,2021,pre-2025,B
8xIvuJoS5Pg_000,0.8608695652173913,115,8xIvuJoS5Pg,2024,pre-2025,A
8xIvuJoS5Pg_001,0.3939393939393939,99,8xIvuJoS5Pg,2024,pre-2025,A
8xIvuJoS5Pg_002,1.0,12,8xIvuJoS5Pg,2024,pre-2025,A
8xIvuJoS5Pg_003,0.7272727272727273,11,8xIvuJoS5Pg,2024,pre-2025,B
8xIvuJoS5Pg_004,1.0,9,8xIvuJoS5Pg,2024,pre-2025,A
9GKnaIpqSRA_000,0.8074074074074075,135,9GKnaIpqSRA,2025,2025+,B
9GKnaIpqSRA_001,0.40229885057471265,87,9GKnaIpqSRA,2025,2025+,B
9GKnaIpqSRA_002,0.0,5,9GKnaIpqSRA,2025,2025+,A
9GKnaIpqSRA_003,0.2,5,9GKnaIpqSRA,2025,2025+,A
9GKnaIpqSRA_004,0.2222222222222222,9,9GKnaIpqSRA,2025,2025+,A
9GKnaIpqSRA_005,0.5555555555555556,9,9GKnaIpqSRA,2025,2025+,A
9GKnaIpqSRA_006,0.23809523809523808,21,9GKnaIpqSRA,2025,2025+,A
9GKnaIpqSRA_007,0.0,18,9GKnaIpqSRA,2025,2025+,A
9GKnaIpqSRA_008,0.0,12,9GKnaIpqSRA,2025,2025+,A
9GKnaIpqSRA_009,0.0,6,9GKnaIpqSRA,2025,2025+,A
9GKnaIpqSRA_010,0.14285714285714285,7,9GKnaIpqSRA,2025,2025+,A
9GKnaIpqSRA_011,0.8492063492063492,126,9GKnaIpqSRA,2025,2025+,B
9GKnaIpqSRA_012,0.8333333333333334,18,9GKnaIpqSRA,2025,2025+,B
9GKnaIpqSRA_013,0.8888888888888888,9,9GKnaIpqSRA,2025,2025+,A
9T8KWGl2ZZQ_000,1.0,9,9T8KWGl2ZZQ,2025,2025+,A
9T8KWGl2ZZQ_001,1.0,6,9T8KWGl2ZZQ,2025,2025+,A
9oz0BewUmo4_000,0.9642857142857143,28,9oz0BewUmo4,2022,pre-2025,A
9oz0BewUmo4_001,0.9122807017543859,57,9oz0BewUmo4,2022,pre-2025,A
9oz0BewUmo4_002,0.8923076923076924,65,9oz0BewUmo4,2022,pre-2025,A
9oz0BewUmo4_003,0.9285714285714286,112,9oz0BewUmo4,2022,pre-2025,A
9oz0BewUmo4_004,0.9714285714285714,35,9oz0BewUmo4,2022,pre-2025,A
9oz0BewUmo4_005,0.8378378378378378,37,9oz0BewUmo4,2022,pre-2025,A
9oz0BewUmo4_006,0.9210526315789473,38,9oz0BewUmo4,2022,pre-2025,A
9oz0BewUmo4_007,0.9565217391304348,23,9oz0BewUmo4,2022,pre-2025,A
9oz0BewUmo4_008,0.9428571428571428,35,9oz0BewUmo4,2022,pre-2025,A
9oz0BewUmo4_009,1.0,13,9oz0BewUmo4,2022,pre-2025,A
9oz0BewUmo4_010,0.875,64,9oz0BewUmo4,2022,pre-2025,A
9oz0BewUmo4_011,0.9354838709677419,62,9oz0BewUmo4,2022,pre-2025,B
9oz0BewUmo4_012,0.863013698630137,73,9oz0BewUmo4,2022,pre-2025,B
9oz0BewUmo4_013,0.9,30,9oz0BewUmo4,2022,pre-2025,B
9oz0BewUmo4_014,0.8823529411764706,68,9oz0BewUmo4,2022,pre-2025,A
9oz0BewUmo4_015,0.8157894736842105,38,9oz0BewUmo4,2022,pre-2025,A
9oz0BewUmo4_016,0.9178082191780822,73,9oz0BewUmo4,2022,pre-2025,A
9oz0BewUmo4_017,0.9166666666666666,12,9oz0BewUmo4,2022,pre-2025,A
9oz0BewUmo4_018,0.875,8,9oz0BewUmo4,2022,pre-2025,A
9oz0BewUmo4_019,0.9285714285714286,14,9oz0BewUmo4,2022,pre-2025,A
9oz0BewUmo4_020,1.0,59,9oz0BewUmo4,2022,pre-2025,A
9oz0BewUmo4_021,0.9482758620689655,58,9oz0BewUmo4,2022,pre-2025,A
9oz0BewUmo4_022,0.8214285714285714,84,9oz0BewUmo4,2022,pre-2025,A
9oz0BewUmo4_023,1.0,11,9oz0BewUmo4,2022,pre-2025,B
9oz0BewUmo4_024,1.0,9,9oz0BewUmo4,2022,pre-2025,A
9saz0VPG-To_000,0.9285714285714286,42,9saz0VPG-To,2022,pre-2025,A
9saz0VPG-To_001,0.8888888888888888,9,9saz0VPG-To,2022,pre-2025,A
9saz0VPG-To_002,0.9315068493150684,73,9saz0VPG-To,2022,pre-2025,A
9saz0VPG-To_003,0.896551724137931,29,9saz0VPG-To,2022,pre-2025,A
9saz0VPG-To_004,1.0,11,9saz0VPG-To,2022,pre-2025,B
AOgZUuWbLoE_000,0.9166666666666666,144,AOgZUuWbLoE,2025,2025+,B
AOgZUuWbLoE_001,0.906832298136646,161,AOgZUuWbLoE,2025,2025+,B
AOgZUuWbLoE_002,1.0,13,AOgZUuWbLoE,2025,2025+,B
AOgZUuWbLoE_004,0.725,40,AOgZUuWbLoE,2025,2025+,B
AOgZUuWbLoE_005,1.0,9,AOgZUuWbLoE,2025,2025+,B
AP22Vghq_58_000,1.0,10,AP22Vghq_58,2024,pre-2025,A
AP22Vghq_58_001,0.9333333333333333,45,AP22Vghq_58,2024,pre-2025,A
AP22Vghq_58_002,1.0,4,AP22Vghq_58,2024,pre-2025,A
AP22Vghq_58_003,1.0,3,AP22Vghq_58,2024,pre-2025,A
AP22Vghq_58_004,1.0,2,AP22Vghq_58,2024,pre-2025,A
AP22Vghq_58_005,0.9090909090909091,11,AP22Vghq_58,2024,pre-2025,B
AP22Vghq_58_006,1.0,9,AP22Vghq_58,2024,pre-2025,B
AYmhFCZIO0w_000,0.9333333333333333,15,AYmhFCZIO0w,2024,pre-2025,B
AYmhFCZIO0w_001,0.901840490797546,163,AYmhFCZIO0w,2024,pre-2025,B
AYmhFCZIO0w_002,0.5679012345679012,81,AYmhFCZIO0w,2024,pre-2025,B
AYmhFCZIO0w_003,0.22413793103448276,58,AYmhFCZIO0w,2024,pre-2025,B
AYmhFCZIO0w_004,0.3225806451612903,62,AYmhFCZIO0w,2024,pre-2025,B
AYmhFCZIO0w_005,1.0,9,AYmhFCZIO0w,2024,pre-2025,A
A_iOhZBEuPQ_000,0.8333333333333334,24,A_iOhZBEuPQ,2025,2025+,A
A_iOhZBEuPQ_001,0.873015873015873,63,A_iOhZBEuPQ,2025,2025+,A
A_iOhZBEuPQ_003,0.8181818181818182,11,A_iOhZBEuPQ,2025,2025+,B
A_iOhZBEuPQ_004,1.0,9,A_iOhZBEuPQ,2025,2025+,A
Ac1e1ibIHpk_000,0.8571428571428571,91,Ac1e1ibIHpk,2022,pre-2025,B
Ac1e1ibIHpk_001,0.9811320754716981,53,Ac1e1ibIHpk,2022,pre-2025,B
Ac1e1ibIHpk_002,1.0,11,Ac1e1ibIHpk,2022,pre-2025,B
Ac1e1ibIHpk_003,1.0,9,Ac1e1ibIHpk,2022,pre-2025,A
AiKOYN8H1EU_000,1.0,33,AiKOYN8H1EU,2022,pre-2025,A
AiKOYN8H1EU_001,0.9375,112,AiKOYN8H1EU,2022,pre-2025,A
AiKOYN8H1EU_002,0.9807692307692307,52,AiKOYN8H1EU,2022,pre-2025,B
AiKOYN8H1EU_003,1.0,35,AiKOYN8H1EU,2022,pre-2025,A
AiKOYN8H1EU_004,0.9393939393939394,99,AiKOYN8H1EU,2022,pre-2025,A
AiKOYN8H1EU_005,1.0,8,AiKOYN8H1EU,2022,pre-2025,A
AiKOYN8H1EU_006,0.8,10,AiKOYN8H1EU,2022,pre-2025,A
AiKOYN8H1EU_007,1.0,5,AiKOYN8H1EU,2022,pre-2025,A
AiKOYN8H1EU_008,0.8,10,AiKOYN8H1EU,2022,pre-2025,A
AiKOYN8H1EU_009,0.9101123595505618,89,AiKOYN8H1EU,2022,pre-2025,A
AiKOYN8H1EU_010,0.839622641509434,106,AiKOYN8H1EU,2022,pre-2025,A
AiKOYN8H1EU_011,0.9223300970873787,103,AiKOYN8H1EU,2022,pre-2025,A
AiKOYN8H1EU_012,1.0,11,AiKOYN8H1EU,2022,pre-2025,B
AiKOYN8H1EU_013,1.0,9,AiKOYN8H1EU,2022,pre-2025,A
AmHA9dbYFy0_000,0.3333333333333333,3,AmHA9dbYFy0,2026,2025+,A
AmHA9dbYFy0_001,0.8333333333333334,6,AmHA9dbYFy0,2026,2025+,A
AmHA9dbYFy0_002,0.7692307692307693,13,AmHA9dbYFy0,2026,2025+,A
AmHA9dbYFy0_003,0.7272727272727273,11,AmHA9dbYFy0,2026,2025+,B
AmHA9dbYFy0_004,1.0,9,AmHA9dbYFy0,2026,2025+,A
BHn7eeA0BVo_000,0.9166666666666666,12,BHn7eeA0BVo,2023,pre-2025,A
BHn7eeA0BVo_001,0.8392857142857143,56,BHn7eeA0BVo,2023,pre-2025,A
BHn7eeA0BVo_002,1.0,28,BHn7eeA0BVo,2023,pre-2025,A
BHn7eeA0BVo_003,0.8679245283018868,106,BHn7eeA0BVo,2023,pre-2025,B
BHn7eeA0BVo_004,0.9245283018867925,53,BHn7eeA0BVo,2023,pre-2025,B
BHn7eeA0BVo_005,1.0,9,BHn7eeA0BVo,2023,pre-2025,A
BKWMXVpYcP4_000,0.9456521739130435,92,BKWMXVpYcP4,2024,pre-2025,B
BKWMXVpYcP4_001,0.967741935483871,62,BKWMXVpYcP4,2024,pre-2025,B
BKWMXVpYcP4_002,0.9473684210526315,19,BKWMXVpYcP4,2024,pre-2025,B
BKWMXVpYcP4_003,1.0,9,BKWMXVpYcP4,2024,pre-2025,A
BQysXN0mc0g_000,0.9387755102040817,49,BQysXN0mc0g,2022,pre-2025,A
BQysXN0mc0g_001,0.9516129032258065,124,BQysXN0mc0g,2022,pre-2025,B
BQysXN0mc0g_002,0.9770114942528736,87,BQysXN0mc0g,2022,pre-2025,B
BQysXN0mc0g_004,1.0,9,BQysXN0mc0g,2022,pre-2025,A
BUL3p_uvehs_001,1.0,9,BUL3p_uvehs,2024,pre-2025,B
BWbT_CqORko_000,0.868421052631579,76,BWbT_CqORko,2024,pre-2025,B
BWbT_CqORko_001,0.9642857142857143,84,BWbT_CqORko,2024,pre-2025,B
BWbT_CqORko_002,1.0,28,BWbT_CqORko,2024,pre-2025,B
BWbT_CqORko_003,0.88,25,BWbT_CqORko,2024,pre-2025,B
BWbT_CqORko_004,0.8888888888888888,9,BWbT_CqORko,2024,pre-2025,B
BZ4zd3idtVY_000,0.8333333333333334,48,BZ4zd3idtVY,2025,2025+,A
BZ4zd3idtVY_001,0.95,20,BZ4zd3idtVY,2025,2025+,A
BZ4zd3idtVY_002,0.6239316239316239,117,BZ4zd3idtVY,2025,2025+,B
BZ4zd3idtVY_003,0.5,6,BZ4zd3idtVY,2025,2025+,B
BZ4zd3idtVY_004,0.9166666666666666,24,BZ4zd3idtVY,2025,2025+,B
BZ4zd3idtVY_005,1.0,9,BZ4zd3idtVY,2025,2025+,A
BgtPMo7NmOs_000,0.8928571428571429,28,BgtPMo7NmOs,2024,pre-2025,A
BgtPMo7NmOs_001,0.9230769230769231,26,BgtPMo7NmOs,2024,pre-2025,A
BgtPMo7NmOs_002,0.7272727272727273,11,BgtPMo7NmOs,2024,pre-2025,B
BgtPMo7NmOs_003,1.0,9,BgtPMo7NmOs,2024,pre-2025,A
Bwm3SWdYJnQ_000,0.8716216216216216,148,Bwm3SWdYJnQ,2024,pre-2025,A
Bwm3SWdYJnQ_001,1.0,4,Bwm3SWdYJnQ,2024,pre-2025,B
Bwm3SWdYJnQ_002,0.8333333333333334,6,Bwm3SWdYJnQ,2024,pre-2025,B
Bwm3SWdYJnQ_003,1.0,9,Bwm3SWdYJnQ,2024,pre-2025,A
CHlnwI3VY6E_000,0.9545454545454546,66,CHlnwI3VY6E,2024,pre-2025,B
CHlnwI3VY6E_001,0.8931297709923665,131,CHlnwI3VY6E,2024,pre-2025,B
CHlnwI3VY6E_002,0.1,20,CHlnwI3VY6E,2024,pre-2025,A
CHlnwI3VY6E_003,0.25,8,CHlnwI3VY6E,2024,pre-2025,A
CHlnwI3VY6E_004,0.16363636363636364,55,CHlnwI3VY6E,2024,pre-2025,A
CHlnwI3VY6E_005,0.28,25,CHlnwI3VY6E,2024,pre-2025,A
CHlnwI3VY6E_006,0.25,12,CHlnwI3VY6E,2024,pre-2025,A
CHlnwI3VY6E_007,0.0,12,CHlnwI3VY6E,2024,pre-2025,A
CHlnwI3VY6E_008,0.9056603773584906,53,CHlnwI3VY6E,2024,pre-2025,B
CHlnwI3VY6E_009,1.0,9,CHlnwI3VY6E,2024,pre-2025,B
CMRF9UwRKpY_000,0.8933333333333333,75,CMRF9UwRKpY,2025,2025+,B
CMRF9UwRKpY_001,0.1,10,CMRF9UwRKpY,2025,2025+,A
CMRF9UwRKpY_002,0.1,10,CMRF9UwRKpY,2025,2025+,A
CMRF9UwRKpY_003,0.0,4,CMRF9UwRKpY,2025,2025+,A
CMRF9UwRKpY_004,0.8888888888888888,18,CMRF9UwRKpY,2025,2025+,A
CMRF9UwRKpY_005,0.7272727272727273,11,CMRF9UwRKpY,2025,2025+,B
CMRF9UwRKpY_006,1.0,9,CMRF9UwRKpY,2025,2025+,B
CdhQt9XM4G0_003,0.7272727272727273,11,CdhQt9XM4G0,2025,2025+,B
CdhQt9XM4G0_004,1.0,9,CdhQt9XM4G0,2025,2025+,A
CfZWjk-lBJs_000,0.75,28,CfZWjk-lBJs,2026,2025+,A
CfZWjk-lBJs_001,0.5555555555555556,9,CfZWjk-lBJs,2026,2025+,B
CfZWjk-lBJs_002,0.3492063492063492,63,CfZWjk-lBJs,2026,2025+,B
CfZWjk-lBJs_003,0.36363636363636365,11,CfZWjk-lBJs,2026,2025+,B
CfZWjk-lBJs_004,0.3148148148148148,54,CfZWjk-lBJs,2026,2025+,A
CfZWjk-lBJs_005,0.7777777777777778,9,CfZWjk-lBJs,2026,2025+,B
CfZWjk-lBJs_006,0.4375,64,CfZWjk-lBJs,2026,2025+,B
CfZWjk-lBJs_007,0.2727272727272727,11,CfZWjk-lBJs,2026,2025+,B
CfZWjk-lBJs_008,0.3148148148148148,54,CfZWjk-lBJs,2026,2025+,A
CfZWjk-lBJs_009,0.875,8,CfZWjk-lBJs,2026,2025+,A
CfZWjk-lBJs_010,1.0,5,CfZWjk-lBJs,2026,2025+,A
CfZWjk-lBJs_011,0.8181818181818182,11,CfZWjk-lBJs,2026,2025+,B
CfZWjk-lBJs_012,1.0,9,CfZWjk-lBJs,2026,2025+,A
ChuWKGky328_000,0.9545454545454546,22,ChuWKGky328,2022,pre-2025,A
ChuWKGky328_001,1.0,8,ChuWKGky328,2022,pre-2025,A
ChuWKGky328_002,1.0,9,ChuWKGky328,2022,pre-2025,A
ChuWKGky328_003,1.0,4,ChuWKGky328,2022,pre-2025,A
ChuWKGky328_004,0.2,10,ChuWKGky328,2022,pre-2025,A
ChuWKGky328_005,1.0,9,ChuWKGky328,2022,pre-2025,A
ChuWKGky328_006,0.9813084112149533,107,ChuWKGky328,2022,pre-2025,B
ChuWKGky328_007,0.95,20,ChuWKGky328,2022,pre-2025,B
ChuWKGky328_008,1.0,12,ChuWKGky328,2022,pre-2025,A
ChuWKGky328_009,1.0,12,ChuWKGky328,2022,pre-2025,A
ChuWKGky328_010,1.0,11,ChuWKGky328,2022,pre-2025,B
ChuWKGky328_011,1.0,9,ChuWKGky328,2022,pre-2025,A
Clf5BfnM9Jw_000,1.0,30,Clf5BfnM9Jw,2022,pre-2025,A
Clf5BfnM9Jw_001,1.0,34,Clf5BfnM9Jw,2022,pre-2025,A
Clf5BfnM9Jw_002,0.9538461538461539,65,Clf5BfnM9Jw,2022,pre-2025,A
Clf5BfnM9Jw_003,0.9807692307692307,52,Clf5BfnM9Jw,2022,pre-2025,B
Clf5BfnM9Jw_004,0.9655172413793104,58,Clf5BfnM9Jw,2022,pre-2025,A
Clf5BfnM9Jw_005,0.9827586206896551,58,Clf5BfnM9Jw,2022,pre-2025,A
Clf5BfnM9Jw_006,0.9636363636363636,55,Clf5BfnM9Jw,2022,pre-2025,A
Clf5BfnM9Jw_007,1.0,10,Clf5BfnM9Jw,2022,pre-2025,B
Clf5BfnM9Jw_008,1.0,9,Clf5BfnM9Jw,2022,pre-2025,A
D4tcSVKiT5s_000,0.8947368421052632,76,D4tcSVKiT5s,2025,2025+,B
D4tcSVKiT5s_001,1.0,9,D4tcSVKiT5s,2025,2025+,A
DJBEpeA9Vrw_000,0.9642857142857143,28,DJBEpeA9Vrw,2022,pre-2025,A
DJBEpeA9Vrw_001,0.9607843137254902,51,DJBEpeA9Vrw,2022,pre-2025,A
DJBEpeA9Vrw_002,0.8,10,DJBEpeA9Vrw,2022,pre-2025,A
DJBEpeA9Vrw_003,1.0,29,DJBEpeA9Vrw,2022,pre-2025,A
DJBEpeA9Vrw_004,0.9555555555555556,45,DJBEpeA9Vrw,2022,pre-2025,A
DJBEpeA9Vrw_005,0.967741935483871,31,DJBEpeA9Vrw,2022,pre-2025,A
DJBEpeA9Vrw_006,0.26666666666666666,15,DJBEpeA9Vrw,2022,pre-2025,A
DJBEpeA9Vrw_007,0.5714285714285714,7,DJBEpeA9Vrw,2022,pre-2025,A
DJBEpeA9Vrw_008,0.2857142857142857,7,DJBEpeA9Vrw,2022,pre-2025,A
DJBEpeA9Vrw_009,0.8648648648648649,111,DJBEpeA9Vrw,2022,pre-2025,A
DJBEpeA9Vrw_010,0.8426966292134831,89,DJBEpeA9Vrw,2022,pre-2025,A
DJBEpeA9Vrw_011,0.3333333333333333,15,DJBEpeA9Vrw,2022,pre-2025,A
DJBEpeA9Vrw_012,0.3333333333333333,9,DJBEpeA9Vrw,2022,pre-2025,A
DJBEpeA9Vrw_013,0.6,5,DJBEpeA9Vrw,2022,pre-2025,A
DJBEpeA9Vrw_014,0.8904109589041096,73,DJBEpeA9Vrw,2022,pre-2025,A
DJBEpeA9Vrw_015,0.8924731182795699,93,DJBEpeA9Vrw,2022,pre-2025,A
DJBEpeA9Vrw_016,0.5217391304347826,92,DJBEpeA9Vrw,2022,pre-2025,A
DJBEpeA9Vrw_017,0.9811320754716981,53,DJBEpeA9Vrw,2022,pre-2025,A
DJBEpeA9Vrw_018,0.9054054054054054,74,DJBEpeA9Vrw,2022,pre-2025,A
DJBEpeA9Vrw_019,0.825,40,DJBEpeA9Vrw,2022,pre-2025,A
DJBEpeA9Vrw_020,0.7727272727272727,22,DJBEpeA9Vrw,2022,pre-2025,A
DJBEpeA9Vrw_021,1.0,11,DJBEpeA9Vrw,2022,pre-2025,B
DJBEpeA9Vrw_022,1.0,9,DJBEpeA9Vrw,2022,pre-2025,A
DKWM_Jesc2E_000,0.8679245283018868,53,DKWM_Jesc2E,2025,2025+,A
DKWM_Jesc2E_001,0.7272727272727273,11,DKWM_Jesc2E,2025,2025+,B
DKWM_Jesc2E_002,1.0,9,DKWM_Jesc2E,2025,2025+,B
DS1XikAPAvI_000,0.9333333333333333,30,DS1XikAPAvI,2022,pre-2025,A
DS1XikAPAvI_001,0.8181818181818182,11,DS1XikAPAvI,2022,pre-2025,A
DS1XikAPAvI_002,1.0,11,DS1XikAPAvI,2022,pre-2025,A
DS1XikAPAvI_003,0.9736842105263158,38,DS1XikAPAvI,2022,pre-2025,A
DS1XikAPAvI_004,1.0,13,DS1XikAPAvI,2022,pre-2025,A
DS1XikAPAvI_005,1.0,20,DS1XikAPAvI,2022,pre-2025,A
DS1XikAPAvI_007,1.0,11,DS1XikAPAvI,2022,pre-2025,A
DS1XikAPAvI_008,0.9210526315789473,38,DS1XikAPAvI,2022,pre-2025,A
DS1XikAPAvI_009,1.0,12,DS1XikAPAvI,2022,pre-2025,A
DS1XikAPAvI_010,0.9411764705882353,17,DS1XikAPAvI,2022,pre-2025,A
DS1XikAPAvI_011,1.0,10,DS1XikAPAvI,2022,pre-2025,A
DS1XikAPAvI_012,0.9,10,DS1XikAPAvI,2022,pre-2025,A
DS1XikAPAvI_013,0.9,10,DS1XikAPAvI,2022,pre-2025,A
DS1XikAPAvI_014,1.0,11,DS1XikAPAvI,2022,pre-2025,B
DS1XikAPAvI_015,1.0,9,DS1XikAPAvI,2022,pre-2025,A
DUsvDjI7DQY_001,0.2222222222222222,9,DUsvDjI7DQY,2022,pre-2025,A
DUsvDjI7DQY_002,1.0,11,DUsvDjI7DQY,2022,pre-2025,B
DUsvDjI7DQY_003,1.0,9,DUsvDjI7DQY,2022,pre-2025,A
DXevfNOda1Y_000,0.8241758241758241,91,DXevfNOda1Y,2025,2025+,A
DXevfNOda1Y_001,0.5576923076923077,52,DXevfNOda1Y,2025,2025+,A
DXevfNOda1Y_002,0.5806451612903226,31,DXevfNOda1Y,2025,2025+,A
DXevfNOda1Y_003,1.0,7,DXevfNOda1Y,2025,2025+,A
DXevfNOda1Y_004,0.625,32,DXevfNOda1Y,2025,2025+,A
DXevfNOda1Y_005,0.7777777777777778,9,DXevfNOda1Y,2025,2025+,A
DXevfNOda1Y_006,1.0,6,DXevfNOda1Y,2025,2025+,A
DXevfNOda1Y_007,0.7272727272727273,11,DXevfNOda1Y,2025,2025+,B
DXevfNOda1Y_008,1.0,9,DXevfNOda1Y,2025,2025+,A
DcQSQOjoUvs_000,0.8409090909090909,88,DcQSQOjoUvs,2025,2025+,B
DcQSQOjoUvs_001,0.8823529411764706,85,DcQSQOjoUvs,2025,2025+,B
DcQSQOjoUvs_002,0.9818181818181818,55,DcQSQOjoUvs,2025,2025+,A
DcQSQOjoUvs_003,0.8529411764705882,34,DcQSQOjoUvs,2025,2025+,A
DcQSQOjoUvs_004,0.9130434782608695,23,DcQSQOjoUvs,2025,2025+,A
DcQSQOjoUvs_005,0.625,8,DcQSQOjoUvs,2025,2025+,A
DcQSQOjoUvs_006,0.875,16,DcQSQOjoUvs,2025,2025+,A
DcQSQOjoUvs_007,0.8636363636363636,154,DcQSQOjoUvs,2025,2025+,B
DcQSQOjoUvs_008,0.8142857142857143,140,DcQSQOjoUvs,2025,2025+,B
DcQSQOjoUvs_009,0.8571428571428571,7,DcQSQOjoUvs,2025,2025+,B
DcQSQOjoUvs_010,0.8888888888888888,9,DcQSQOjoUvs,2025,2025+,B
DlTr0cIV3pI_000,1.0,16,DlTr0cIV3pI,2022,pre-2025,A
DlTr0cIV3pI_001,0.95,20,DlTr0cIV3pI,2022,pre-2025,A
DlTr0cIV3pI_002,0.9605263157894737,76,DlTr0cIV3pI,2022,pre-2025,B
DlTr0cIV3pI_003,0.9473684210526315,57,DlTr0cIV3pI,2022,pre-2025,B
DlTr0cIV3pI_004,1.0,10,DlTr0cIV3pI,2022,pre-2025,A
DlTr0cIV3pI_005,1.0,1,DlTr0cIV3pI,2022,pre-2025,A
DlTr0cIV3pI_006,1.0,6,DlTr0cIV3pI,2022,pre-2025,A
DlTr0cIV3pI_009,0.875,8,DlTr0cIV3pI,2022,pre-2025,B
DlTr0cIV3pI_010,1.0,9,DlTr0cIV3pI,2022,pre-2025,A
Dx2wTJvIagk_000,1.0,7,Dx2wTJvIagk,2022,pre-2025,A
Dx2wTJvIagk_001,0.8928571428571429,28,Dx2wTJvIagk,2022,pre-2025,A
Dx2wTJvIagk_002,0.9259259259259259,27,Dx2wTJvIagk,2022,pre-2025,A
Dx2wTJvIagk_003,0.9642857142857143,28,Dx2wTJvIagk,2022,pre-2025,A
Dx2wTJvIagk_004,0.927536231884058,69,Dx2wTJvIagk,2022,pre-2025,A
Dx2wTJvIagk_005,1.0,11,Dx2wTJvIagk,2022,pre-2025,B
Dx2wTJvIagk_006,1.0,9,Dx2wTJvIagk,2022,pre-2025,A
DxIZchf4AhY_000,0.9183673469387755,49,DxIZchf4AhY,2026,2025+,A
DxIZchf4AhY_001,0.8235294117647058,17,DxIZchf4AhY,2026,2025+,A
DxIZchf4AhY_002,0.9459459459459459,37,DxIZchf4AhY,2026,2025+,A
DxIZchf4AhY_004,0.9545454545454546,22,DxIZchf4AhY,2026,2025+,A
DxIZchf4AhY_005,0.7263157894736842,95,DxIZchf4AhY,2026,2025+,A
DxIZchf4AhY_006,0.9782608695652174,46,DxIZchf4AhY,2026,2025+,A
DxIZchf4AhY_007,0.9482758620689655,58,DxIZchf4AhY,2026,2025+,B
DxIZchf4AhY_010,0.7272727272727273,11,DxIZchf4AhY,2026,2025+,B
DxIZchf4AhY_011,1.0,9,DxIZchf4AhY,2026,2025+,A
E38mAVkj75o_000,0.9186991869918699,123,E38mAVkj75o,2024,pre-2025,B
E38mAVkj75o_001,0.9367088607594937,79,E38mAVkj75o,2024,pre-2025,B
E38mAVkj75o_002,0.0,3,E38mAVkj75o,2024,pre-2025,A
E38mAVkj75o_003,0.0,2,E38mAVkj75o,2024,pre-2025,A
E38mAVkj75o_004,1.0,22,E38mAVkj75o,2024,pre-2025,A
E38mAVkj75o_005,0.896551724137931,29,E38mAVkj75o,2024,pre-2025,A
E38mAVkj75o_006,0.95,20,E38mAVkj75o,2024,pre-2025,A
E38mAVkj75o_007,1.0,14,E38mAVkj75o,2024,pre-2025,A
E38mAVkj75o_008,0.7272727272727273,11,E38mAVkj75o,2024,pre-2025,B
E38mAVkj75o_009,1.0,9,E38mAVkj75o,2024,pre-2025,A
E9t_dwH76xA_000,0.9555555555555556,45,E9t_dwH76xA,2024,pre-2025,A
E9t_dwH76xA_001,0.9285714285714286,56,E9t_dwH76xA,2024,pre-2025,A
E9t_dwH76xA_002,0.8928571428571429,28,E9t_dwH76xA,2024,pre-2025,A
E9t_dwH76xA_003,0.9642857142857143,28,E9t_dwH76xA,2024,pre-2025,A
E9t_dwH76xA_004,0.9230769230769231,39,E9t_dwH76xA,2024,pre-2025,B
E9t_dwH76xA_005,1.0,9,E9t_dwH76xA,2024,pre-2025,B
E_-8NpZvgX8_000,0.8928571428571429,28,E_-8NpZvgX8,2025,2025+,A
E_-8NpZvgX8_001,0.7,10,E_-8NpZvgX8,2025,2025+,B
E_-8NpZvgX8_002,1.0,9,E_-8NpZvgX8,2025,2025+,A
EeylsOcnkV0_000,0.9206349206349206,63,EeylsOcnkV0,2025,2025+,B
EeylsOcnkV0_001,1.0,9,EeylsOcnkV0,2025,2025+,A
EjuEqBFmEec_000,0.9459459459459459,37,EjuEqBFmEec,2025,2025+,A
EjuEqBFmEec_001,0.7931034482758621,29,EjuEqBFmEec,2025,2025+,A
EjuEqBFmEec_002,0.9230769230769231,39,EjuEqBFmEec,2025,2025+,A
EjuEqBFmEec_003,0.6714285714285714,140,EjuEqBFmEec,2025,2025+,B
EjuEqBFmEec_004,0.1643835616438356,73,EjuEqBFmEec,2025,2025+,B
EjuEqBFmEec_005,0.8571428571428571,42,EjuEqBFmEec,2025,2025+,B
EjuEqBFmEec_006,1.0,9,EjuEqBFmEec,2025,2025+,A
EmrhZY6LBz8_000,0.1111111111111111,9,EmrhZY6LBz8,2022,pre-2025,A
EmrhZY6LBz8_001,0.0,5,EmrhZY6LBz8,2022,pre-2025,A
EmrhZY6LBz8_002,0.3023255813953488,43,EmrhZY6LBz8,2022,pre-2025,B
EmrhZY6LBz8_003,1.0,9,EmrhZY6LBz8,2022,pre-2025,A
EsZChyzmWBk_000,0.625,8,EsZChyzmWBk,2022,pre-2025,A
EsZChyzmWBk_001,1.0,8,EsZChyzmWBk,2022,pre-2025,A
EsZChyzmWBk_002,1.0,4,EsZChyzmWBk,2022,pre-2025,A
EsZChyzmWBk_003,1.0,6,EsZChyzmWBk,2022,pre-2025,A
EsZChyzmWBk_004,0.8709677419354839,31,EsZChyzmWBk,2022,pre-2025,A
EsZChyzmWBk_005,0.8636363636363636,22,EsZChyzmWBk,2022,pre-2025,A
EsZChyzmWBk_006,0.6964285714285714,56,EsZChyzmWBk,2022,pre-2025,A
EsZChyzmWBk_007,0.6376811594202898,69,EsZChyzmWBk,2022,pre-2025,A
EsZChyzmWBk_008,0.875,32,EsZChyzmWBk,2022,pre-2025,A
EsZChyzmWBk_009,1.0,11,EsZChyzmWBk,2022,pre-2025,B
EsZChyzmWBk_010,1.0,9,EsZChyzmWBk,2022,pre-2025,A
F38e7ixY4a4_000,0.5615384615384615,130,F38e7ixY4a4,2025,2025+,B
F38e7ixY4a4_001,0.9534883720930233,43,F38e7ixY4a4,2025,2025+,B
F38e7ixY4a4_002,0.9014084507042254,71,F38e7ixY4a4,2025,2025+,B
F38e7ixY4a4_003,0.8782608695652174,115,F38e7ixY4a4,2025,2025+,B
F38e7ixY4a4_004,0.5833333333333334,48,F38e7ixY4a4,2025,2025+,A
F38e7ixY4a4_005,0.7272727272727273,11,F38e7ixY4a4,2025,2025+,B
F38e7ixY4a4_006,0.8888888888888888,9,F38e7ixY4a4,2025,2025+,B
F8HqdV6ZH6M_000,1.0,33,F8HqdV6ZH6M,2023,pre-2025,A
F8HqdV6ZH6M_001,0.9923076923076923,130,F8HqdV6ZH6M,2023,pre-2025,B
F8HqdV6ZH6M_002,0.9365079365079365,63,F8HqdV6ZH6M,2023,pre-2025,B
F8HqdV6ZH6M_006,0.7222222222222222,36,F8HqdV6ZH6M,2023,pre-2025,A
FQbcVgnA-Iw_000,1.0,5,FQbcVgnA-Iw,2024,pre-2025,A
FQbcVgnA-Iw_001,0.8448275862068966,116,FQbcVgnA-Iw,2024,pre-2025,B
FQbcVgnA-Iw_002,0.5714285714285714,7,FQbcVgnA-Iw,2024,pre-2025,B
FQbcVgnA-Iw_003,1.0,9,FQbcVgnA-Iw,2024,pre-2025,B
G1CmViCBoyE_000,1.0,11,G1CmViCBoyE,2022,pre-2025,B
G1CmViCBoyE_002,0.9196428571428571,112,G1CmViCBoyE,2022,pre-2025,A
G1CmViCBoyE_003,1.0,9,G1CmViCBoyE,2022,pre-2025,B
G4HXoD0Za0U_000,0.96875,32,G4HXoD0Za0U,2022,pre-2025,A
G4HXoD0Za0U_001,0.9761904761904762,42,G4HXoD0Za0U,2022,pre-2025,A
G4HXoD0Za0U_002,1.0,29,G4HXoD0Za0U,2022,pre-2025,A
G4HXoD0Za0U_003,1.0,20,G4HXoD0Za0U,2022,pre-2025,B
G4HXoD0Za0U_004,0.922077922077922,77,G4HXoD0Za0U,2022,pre-2025,B
G4HXoD0Za0U_005,0.875,48,G4HXoD0Za0U,2022,pre-2025,B
G4HXoD0Za0U_006,0.9076923076923077,65,G4HXoD0Za0U,2022,pre-2025,B
G4HXoD0Za0U_007,0.6428571428571429,14,G4HXoD0Za0U,2022,pre-2025,B
G4HXoD0Za0U_008,0.8461538461538461,13,G4HXoD0Za0U,2022,pre-2025,A
G4HXoD0Za0U_009,0.8846153846153846,52,G4HXoD0Za0U,2022,pre-2025,A
G4HXoD0Za0U_010,1.0,43,G4HXoD0Za0U,2022,pre-2025,A
G4HXoD0Za0U_011,0.9672131147540983,61,G4HXoD0Za0U,2022,pre-2025,A
G4HXoD0Za0U_012,0.9615384615384616,52,G4HXoD0Za0U,2022,pre-2025,A
G4HXoD0Za0U_013,0.9767441860465116,43,G4HXoD0Za0U,2022,pre-2025,A
G4HXoD0Za0U_014,0.9767441860465116,43,G4HXoD0Za0U,2022,pre-2025,A
G4HXoD0Za0U_015,0.94,50,G4HXoD0Za0U,2022,pre-2025,A
G4HXoD0Za0U_016,0.423728813559322,59,G4HXoD0Za0U,2022,pre-2025,B
G4HXoD0Za0U_017,0.8983050847457628,59,G4HXoD0Za0U,2022,pre-2025,B
G4HXoD0Za0U_018,0.890625,64,G4HXoD0Za0U,2022,pre-2025,A
G4HXoD0Za0U_019,0.8717948717948718,39,G4HXoD0Za0U,2022,pre-2025,A
G4HXoD0Za0U_020,1.0,11,G4HXoD0Za0U,2022,pre-2025,B
G4HXoD0Za0U_021,1.0,9,G4HXoD0Za0U,2022,pre-2025,A
GEIQJZJwm1k_000,0.4393939393939394,66,GEIQJZJwm1k,2025,2025+,A
GEIQJZJwm1k_001,0.7941176470588235,34,GEIQJZJwm1k,2025,2025+,A
GEIQJZJwm1k_002,0.16,125,GEIQJZJwm1k,2025,2025+,B
GEIQJZJwm1k_003,0.8888888888888888,27,GEIQJZJwm1k,2025,2025+,B
GEIQJZJwm1k_004,0.8260869565217391,23,GEIQJZJwm1k,2025,2025+,A
GEIQJZJwm1k_005,0.7314814814814815,108,GEIQJZJwm1k,2025,2025+,A
GEIQJZJwm1k_006,0.3274336283185841,113,GEIQJZJwm1k,2025,2025+,B
GEIQJZJwm1k_007,0.8571428571428571,28,GEIQJZJwm1k,2025,2025+,B
GEIQJZJwm1k_008,0.8809523809523809,42,GEIQJZJwm1k,2025,2025+,A
GEIQJZJwm1k_009,0.88,25,GEIQJZJwm1k,2025,2025+,B
GEIQJZJwm1k_010,1.0,9,GEIQJZJwm1k,2025,2025+,A
GFVh0R4C_Bw_000,1.0,82,GFVh0R4C_Bw,2024,pre-2025,B
GFVh0R4C_Bw_001,0.9692307692307692,65,GFVh0R4C_Bw,2024,pre-2025,B
GFVh0R4C_Bw_002,0.875,32,GFVh0R4C_Bw,2024,pre-2025,A
GFVh0R4C_Bw_003,0.4,5,GFVh0R4C_Bw,2024,pre-2025,A
GFVh0R4C_Bw_004,0.9090909090909091,11,GFVh0R4C_Bw,2024,pre-2025,B
GFVh0R4C_Bw_005,0.8888888888888888,9,GFVh0R4C_Bw,2024,pre-2025,B
GMkEvBXdQvQ_000,1.0,11,GMkEvBXdQvQ,2022,pre-2025,B
GMkEvBXdQvQ_001,1.0,39,GMkEvBXdQvQ,2022,pre-2025,A
GMkEvBXdQvQ_002,0.6923076923076923,39,GMkEvBXdQvQ,2022,pre-2025,A
GMkEvBXdQvQ_006,1.0,9,GMkEvBXdQvQ,2022,pre-2025,B
GQvPGbh4Wcs_000,1.0,11,GQvPGbh4Wcs,2022,pre-2025,B
GQvPGbh4Wcs_003,0.9571428571428572,70,GQvPGbh4Wcs,2022,pre-2025,A
GQvPGbh4Wcs_004,0.9642857142857143,28,GQvPGbh4Wcs,2022,pre-2025,A
GQvPGbh4Wcs_005,1.0,9,GQvPGbh4Wcs,2022,pre-2025,B
GVMVx2z4_2w_000,0.9285714285714286,56,GVMVx2z4_2w,2026,2025+,A
GVMVx2z4_2w_001,0.7272727272727273,11,GVMVx2z4_2w,2026,2025+,B
GVMVx2z4_2w_002,1.0,9,GVMVx2z4_2w,2026,2025+,A
GjammNDiAvI_000,0.8585858585858586,99,GjammNDiAvI,2025,2025+,A
GjammNDiAvI_001,1.0,36,GjammNDiAvI,2025,2025+,A
GjammNDiAvI_002,0.7777777777777778,36,GjammNDiAvI,2025,2025+,A
GjammNDiAvI_003,0.7872340425531915,47,GjammNDiAvI,2025,2025+,B
GjammNDiAvI_004,1.0,9,GjammNDiAvI,2025,2025+,A
Gv-5FWKl3Is_000,0.6463414634146342,82,Gv-5FWKl3Is,2025,2025+,B
Gv-5FWKl3Is_001,0.3,80,Gv-5FWKl3Is,2025,2025+,B
Gv-5FWKl3Is_002,0.625,8,Gv-5FWKl3Is,2025,2025+,B
Gv-5FWKl3Is_003,0.7272727272727273,11,Gv-5FWKl3Is,2025,2025+,B
Gv-5FWKl3Is_004,1.0,9,Gv-5FWKl3Is,2025,2025+,A
GyF3MkvI5_Q_000,1.0,12,GyF3MkvI5_Q,2022,pre-2025,A
GyF3MkvI5_Q_001,1.0,8,GyF3MkvI5_Q,2022,pre-2025,A
GyF3MkvI5_Q_002,0.9285714285714286,14,GyF3MkvI5_Q,2022,pre-2025,A
GyF3MkvI5_Q_003,1.0,8,GyF3MkvI5_Q,2022,pre-2025,A
GyF3MkvI5_Q_004,1.0,8,GyF3MkvI5_Q,2022,pre-2025,A
GyF3MkvI5_Q_005,0.5555555555555556,9,GyF3MkvI5_Q,2022,pre-2025,A
GyF3MkvI5_Q_006,1.0,7,GyF3MkvI5_Q,2022,pre-2025,A
GyF3MkvI5_Q_007,1.0,8,GyF3MkvI5_Q,2022,pre-2025,A
GyF3MkvI5_Q_008,0.9,20,GyF3MkvI5_Q,2022,pre-2025,A
GyF3MkvI5_Q_009,0.8846153846153846,26,GyF3MkvI5_Q,2022,pre-2025,A
GyF3MkvI5_Q_010,0.8888888888888888,18,GyF3MkvI5_Q,2022,pre-2025,A
GyF3MkvI5_Q_011,0.9444444444444444,18,GyF3MkvI5_Q,2022,pre-2025,A
GyF3MkvI5_Q_012,1.0,21,GyF3MkvI5_Q,2022,pre-2025,A
GyF3MkvI5_Q_013,0.9,20,GyF3MkvI5_Q,2022,pre-2025,A
GyF3MkvI5_Q_014,0.85,20,GyF3MkvI5_Q,2022,pre-2025,A
GyF3MkvI5_Q_015,0.9,20,GyF3MkvI5_Q,2022,pre-2025,A
GyF3MkvI5_Q_016,1.0,11,GyF3MkvI5_Q,2022,pre-2025,B
GyF3MkvI5_Q_017,1.0,9,GyF3MkvI5_Q,2022,pre-2025,A
H76OGYLhQ3k_000,0.9090909090909091,33,H76OGYLhQ3k,2024,pre-2025,A
H76OGYLhQ3k_001,0.8928571428571429,56,H76OGYLhQ3k,2024,pre-2025,A
H76OGYLhQ3k_002,0.8928571428571429,28,H76OGYLhQ3k,2024,pre-2025,A
H76OGYLhQ3k_003,0.6774193548387096,31,H76OGYLhQ3k,2024,pre-2025,A
H76OGYLhQ3k_004,0.8181818181818182,11,H76OGYLhQ3k,2024,pre-2025,B
H76OGYLhQ3k_005,1.0,9,H76OGYLhQ3k,2024,pre-2025,A
H8P8xQmhwNc_000,0.9148936170212766,141,H8P8xQmhwNc,2023,pre-2025,A
H8P8xQmhwNc_001,1.0,11,H8P8xQmhwNc,2023,pre-2025,B
H8P8xQmhwNc_002,1.0,9,H8P8xQmhwNc,2023,pre-2025,B
HWBsd3FAzc0_000,0.9264705882352942,68,HWBsd3FAzc0,2024,pre-2025,A
HWBsd3FAzc0_001,0.92,100,HWBsd3FAzc0,2024,pre-2025,B
HWBsd3FAzc0_002,0.7829457364341085,129,HWBsd3FAzc0,2024,pre-2025,B
HWBsd3FAzc0_003,0.875,56,HWBsd3FAzc0,2024,pre-2025,B
HWBsd3FAzc0_004,0.8951612903225806,124,HWBsd3FAzc0,2024,pre-2025,B
HWBsd3FAzc0_005,0.972972972972973,37,HWBsd3FAzc0,2024,pre-2025,B
HWBsd3FAzc0_006,0.4019607843137255,102,HWBsd3FAzc0,2024,pre-2025,A
HWBsd3FAzc0_007,0.8181818181818182,11,HWBsd3FAzc0,2024,pre-2025,B
HWBsd3FAzc0_008,1.0,9,HWBsd3FAzc0,2024,pre-2025,A
HaFoIJ9r5BA_000,0.7244897959183674,98,HaFoIJ9r5BA,2024,pre-2025,A
HaFoIJ9r5BA_001,0.9285714285714286,28,HaFoIJ9r5BA,2024,pre-2025,A
HaFoIJ9r5BA_002,0.9642857142857143,28,HaFoIJ9r5BA,2024,pre-2025,A
HaFoIJ9r5BA_003,0.9285714285714286,28,HaFoIJ9r5BA,2024,pre-2025,A
HaFoIJ9r5BA_004,0.9642857142857143,28,HaFoIJ9r5BA,2024,pre-2025,A
HaFoIJ9r5BA_005,0.9230769230769231,39,HaFoIJ9r5BA,2024,pre-2025,B
HaFoIJ9r5BA_006,1.0,9,HaFoIJ9r5BA,2024,pre-2025,A
HudUFSsgtdY_000,0.4,120,HudUFSsgtdY,2024,pre-2025,B
HudUFSsgtdY_001,0.8166666666666667,60,HudUFSsgtdY,2024,pre-2025,B
HudUFSsgtdY_002,1.0,6,HudUFSsgtdY,2024,pre-2025,A
HudUFSsgtdY_003,0.8571428571428571,28,HudUFSsgtdY,2024,pre-2025,A
HudUFSsgtdY_004,0.7272727272727273,11,HudUFSsgtdY,2024,pre-2025,B
HudUFSsgtdY_005,1.0,9,HudUFSsgtdY,2024,pre-2025,B
HvzKA_f6270_000,0.9787234042553191,47,HvzKA_f6270,2022,pre-2025,A
HvzKA_f6270_001,0.9642857142857143,28,HvzKA_f6270,2022,pre-2025,A
HvzKA_f6270_002,0.9230769230769231,26,HvzKA_f6270,2022,pre-2025,A
HvzKA_f6270_003,0.9642857142857143,28,HvzKA_f6270,2022,pre-2025,A
HvzKA_f6270_004,0.9642857142857143,28,HvzKA_f6270,2022,pre-2025,A
HvzKA_f6270_005,0.8214285714285714,28,HvzKA_f6270,2022,pre-2025,B
HvzKA_f6270_006,0.9642857142857143,28,HvzKA_f6270,2022,pre-2025,A
HvzKA_f6270_007,0.8928571428571429,28,HvzKA_f6270,2022,pre-2025,A
HvzKA_f6270_008,0.8928571428571429,28,HvzKA_f6270,2022,pre-2025,A
HvzKA_f6270_009,0.9642857142857143,28,HvzKA_f6270,2022,pre-2025,A
HvzKA_f6270_010,0.9743589743589743,39,HvzKA_f6270,2022,pre-2025,B
HvzKA_f6270_011,1.0,9,HvzKA_f6270,2022,pre-2025,A
I25mx9obTao_000,0.7857142857142857,28,I25mx9obTao,2024,pre-2025,A
I25mx9obTao_001,0.8928571428571429,28,I25mx9obTao,2024,pre-2025,A
I25mx9obTao_002,0.8928571428571429,28,I25mx9obTao,2024,pre-2025,A
I25mx9obTao_003,0.8974358974358975,39,I25mx9obTao,2024,pre-2025,B
I25mx9obTao_004,1.0,9,I25mx9obTao,2024,pre-2025,A
I4PruxwTvMI_000,0.37168141592920356,113,I4PruxwTvMI,2022,pre-2025,A
I4PruxwTvMI_001,0.8877551020408163,98,I4PruxwTvMI,2022,pre-2025,B
I4PruxwTvMI_002,0.794392523364486,107,I4PruxwTvMI,2022,pre-2025,B
I4PruxwTvMI_003,0.8888888888888888,117,I4PruxwTvMI,2022,pre-2025,B
I4PruxwTvMI_004,0.8823529411764706,51,I4PruxwTvMI,2022,pre-2025,B
I4PruxwTvMI_005,0.8627450980392157,102,I4PruxwTvMI,2022,pre-2025,B
I4PruxwTvMI_006,0.2972972972972973,111,I4PruxwTvMI,2022,pre-2025,B
I4PruxwTvMI_007,0.95,80,I4PruxwTvMI,2022,pre-2025,B
I4PruxwTvMI_008,1.0,9,I4PruxwTvMI,2022,pre-2025,A
IDxcTUrnsv4_000,1.0,29,IDxcTUrnsv4,2022,pre-2025,A
IDxcTUrnsv4_001,0.9090909090909091,11,IDxcTUrnsv4,2022,pre-2025,A
IDxcTUrnsv4_002,0.9545454545454546,22,IDxcTUrnsv4,2022,pre-2025,A
IDxcTUrnsv4_003,0.9655172413793104,29,IDxcTUrnsv4,2022,pre-2025,A
IDxcTUrnsv4_005,0.9090909090909091,22,IDxcTUrnsv4,2022,pre-2025,B
IDxcTUrnsv4_006,0.9285714285714286,98,IDxcTUrnsv4,2022,pre-2025,A
IDxcTUrnsv4_007,0.9672131147540983,61,IDxcTUrnsv4,2022,pre-2025,A
IDxcTUrnsv4_008,0.7619047619047619,42,IDxcTUrnsv4,2022,pre-2025,A
IDxcTUrnsv4_009,0.9166666666666666,48,IDxcTUrnsv4,2022,pre-2025,A
IDxcTUrnsv4_010,0.8571428571428571,28,IDxcTUrnsv4,2022,pre-2025,A
IDxcTUrnsv4_011,0.873015873015873,63,IDxcTUrnsv4,2022,pre-2025,A
IDxcTUrnsv4_012,0.9166666666666666,24,IDxcTUrnsv4,2022,pre-2025,A
IDxcTUrnsv4_013,0.9,120,IDxcTUrnsv4,2022,pre-2025,B
IDxcTUrnsv4_014,0.7777777777777778,9,IDxcTUrnsv4,2022,pre-2025,B
IDxcTUrnsv4_015,0.9130434782608695,92,IDxcTUrnsv4,2022,pre-2025,A
IDxcTUrnsv4_016,0.9464285714285714,56,IDxcTUrnsv4,2022,pre-2025,A
IDxcTUrnsv4_017,0.8879310344827587,116,IDxcTUrnsv4,2022,pre-2025,B
IDxcTUrnsv4_018,0.8888888888888888,36,IDxcTUrnsv4,2022,pre-2025,B
IDxcTUrnsv4_019,1.0,11,IDxcTUrnsv4,2022,pre-2025,B
IDxcTUrnsv4_020,1.0,9,IDxcTUrnsv4,2022,pre-2025,A
IKvAudm2wXs_000,0.8490566037735849,53,IKvAudm2wXs,2025,2025+,A
IKvAudm2wXs_001,0.9090909090909091,11,IKvAudm2wXs,2025,2025+,B
IKvAudm2wXs_002,1.0,9,IKvAudm2wXs,2025,2025+,A
INvijfl8Wyk_000,1.0,9,INvijfl8Wyk,2022,pre-2025,A
INvijfl8Wyk_001,0.9473684210526315,19,INvijfl8Wyk,2022,pre-2025,A
INvijfl8Wyk_002,1.0,8,INvijfl8Wyk,2022,pre-2025,A
INvijfl8Wyk_003,1.0,9,INvijfl8Wyk,2022,pre-2025,A
INvijfl8Wyk_005,1.0,8,INvijfl8Wyk,2022,pre-2025,A
INvijfl8Wyk_006,1.0,13,INvijfl8Wyk,2022,pre-2025,A
INvijfl8Wyk_007,0.5,56,INvijfl8Wyk,2022,pre-2025,A
INvijfl8Wyk_008,1.0,16,INvijfl8Wyk,2022,pre-2025,A
INvijfl8Wyk_009,1.0,17,INvijfl8Wyk,2022,pre-2025,A
INvijfl8Wyk_010,1.0,13,INvijfl8Wyk,2022,pre-2025,A
INvijfl8Wyk_011,0.8888888888888888,36,INvijfl8Wyk,2022,pre-2025,A
INvijfl8Wyk_012,1.0,47,INvijfl8Wyk,2022,pre-2025,A
INvijfl8Wyk_013,1.0,24,INvijfl8Wyk,2022,pre-2025,A
INvijfl8Wyk_014,1.0,11,INvijfl8Wyk,2022,pre-2025,B
INvijfl8Wyk_015,1.0,9,INvijfl8Wyk,2022,pre-2025,A
I_jBx-DrsvA_000,0.9146341463414634,82,I_jBx-DrsvA,2025,2025+,A
I_jBx-DrsvA_001,0.9295774647887324,71,I_jBx-DrsvA,2025,2025+,A
I_jBx-DrsvA_002,0.7272727272727273,11,I_jBx-DrsvA,2025,2025+,B
I_jBx-DrsvA_003,1.0,9,I_jBx-DrsvA,2025,2025+,B
IcBQQKO3XYs_000,1.0,7,IcBQQKO3XYs,2022,pre-2025,A
IcBQQKO3XYs_001,0.9583333333333334,24,IcBQQKO3XYs,2022,pre-2025,A
IcBQQKO3XYs_005,1.0,7,IcBQQKO3XYs,2022,pre-2025,A
IcBQQKO3XYs_006,0.9583333333333334,24,IcBQQKO3XYs,2022,pre-2025,A
IcBQQKO3XYs_007,1.0,59,IcBQQKO3XYs,2022,pre-2025,A
IcBQQKO3XYs_008,0.875,40,IcBQQKO3XYs,2022,pre-2025,A
IcBQQKO3XYs_009,0.8837209302325582,43,IcBQQKO3XYs,2022,pre-2025,A
IcBQQKO3XYs_015,1.0,9,IcBQQKO3XYs,2022,pre-2025,A
IcBQQKO3XYs_016,0.875,8,IcBQQKO3XYs,2022,pre-2025,B
IcBQQKO3XYs_017,1.0,9,IcBQQKO3XYs,2022,pre-2025,A
IhZRs2KfY38_000,0.7976190476190477,84,IhZRs2KfY38,2023,pre-2025,A
IhZRs2KfY38_001,1.0,11,IhZRs2KfY38,2023,pre-2025,B
IhZRs2KfY38_002,1.0,9,IhZRs2KfY38,2023,pre-2025,A
IjWra_3iNgc_000,0.21739130434782608,69,IjWra_3iNgc,2024,pre-2025,A
IjWra_3iNgc_001,0.7536231884057971,69,IjWra_3iNgc,2024,pre-2025,B
IjWra_3iNgc_002,1.0,9,IjWra_3iNgc,2024,pre-2025,B
IrQWplUZbAo_000,0.925,80,IrQWplUZbAo,2022,pre-2025,B
IrQWplUZbAo_001,0.9047619047619048,42,IrQWplUZbAo,2022,pre-2025,B
IrQWplUZbAo_002,0.9285714285714286,28,IrQWplUZbAo,2022,pre-2025,B
IzqSRRMta9w_000,0.8571428571428571,14,IzqSRRMta9w,2022,pre-2025,A
IzqSRRMta9w_003,1.0,1,IzqSRRMta9w,2022,pre-2025,A
IzqSRRMta9w_004,1.0,6,IzqSRRMta9w,2022,pre-2025,A
IzqSRRMta9w_006,1.0,5,IzqSRRMta9w,2022,pre-2025,A
IzqSRRMta9w_007,0.3333333333333333,3,IzqSRRMta9w,2022,pre-2025,B
IzqSRRMta9w_008,1.0,8,IzqSRRMta9w,2022,pre-2025,B
IzqSRRMta9w_009,1.0,9,IzqSRRMta9w,2022,pre-2025,A
JIGLmiix5EU_000,0.9017857142857143,112,JIGLmiix5EU,2025,2025+,A
JIGLmiix5EU_001,0.8846153846153846,26,JIGLmiix5EU,2025,2025+,A
JIGLmiix5EU_002,0.8493150684931506,73,JIGLmiix5EU,2025,2025+,A
JIGLmiix5EU_003,0.75,4,JIGLmiix5EU,2025,2025+,A
JIGLmiix5EU_004,0.8888888888888888,9,JIGLmiix5EU,2025,2025+,A
JIGLmiix5EU_005,0.9411764705882353,17,JIGLmiix5EU,2025,2025+,A
JIGLmiix5EU_006,0.7272727272727273,11,JIGLmiix5EU,2025,2025+,B
JIGLmiix5EU_007,1.0,9,JIGLmiix5EU,2025,2025+,A
JOwokgIDeyw_000,0.625,32,JOwokgIDeyw,2025,2025+,A
JOwokgIDeyw_001,0.8333333333333334,42,JOwokgIDeyw,2025,2025+,A
JOwokgIDeyw_002,0.84375,64,JOwokgIDeyw,2025,2025+,A
JOwokgIDeyw_003,0.9090909090909091,11,JOwokgIDeyw,2025,2025+,B
JOwokgIDeyw_004,1.0,9,JOwokgIDeyw,2025,2025+,A
JV2q-Wiq6k4_000,0.8796296296296297,108,JV2q-Wiq6k4,2025,2025+,B
JV2q-Wiq6k4_001,0.92,50,JV2q-Wiq6k4,2025,2025+,B
JV2q-Wiq6k4_002,0.7272727272727273,11,JV2q-Wiq6k4,2025,2025+,B
JV2q-Wiq6k4_003,1.0,9,JV2q-Wiq6k4,2025,2025+,B
JZUiihE418Q_000,0.92,25,JZUiihE418Q,2024,pre-2025,B
JZUiihE418Q_001,0.8496732026143791,153,JZUiihE418Q,2024,pre-2025,B
JZUiihE418Q_002,0.8421052631578947,19,JZUiihE418Q,2024,pre-2025,B
JZUiihE418Q_009,0.7272727272727273,11,JZUiihE418Q,2024,pre-2025,B
JZUiihE418Q_010,1.0,9,JZUiihE418Q,2024,pre-2025,A
J_wNNblannQ_000,0.7049180327868853,61,J_wNNblannQ,2024,pre-2025,A
J_wNNblannQ_001,0.9404761904761905,84,J_wNNblannQ,2024,pre-2025,A
J_wNNblannQ_002,0.8181818181818182,11,J_wNNblannQ,2024,pre-2025,B
J_wNNblannQ_003,1.0,9,J_wNNblannQ,2024,pre-2025,B
Jdz6NtNhg_s_000,0.9642857142857143,28,Jdz6NtNhg_s,2024,pre-2025,A
Jdz6NtNhg_s_001,0.9642857142857143,28,Jdz6NtNhg_s,2024,pre-2025,A
Jdz6NtNhg_s_002,0.9642857142857143,28,Jdz6NtNhg_s,2024,pre-2025,B
Jdz6NtNhg_s_003,1.0,28,Jdz6NtNhg_s,2024,pre-2025,A
Jdz6NtNhg_s_004,1.0,28,Jdz6NtNhg_s,2024,pre-2025,A
Jdz6NtNhg_s_005,0.9642857142857143,28,Jdz6NtNhg_s,2024,pre-2025,A
Jdz6NtNhg_s_006,0.8928571428571429,28,Jdz6NtNhg_s,2024,pre-2025,A
Jdz6NtNhg_s_007,0.9285714285714286,28,Jdz6NtNhg_s,2024,pre-2025,A
Jdz6NtNhg_s_008,1.0,11,Jdz6NtNhg_s,2024,pre-2025,B
Jdz6NtNhg_s_009,1.0,9,Jdz6NtNhg_s,2024,pre-2025,A
Jr-hyQLu1_A_000,0.8383838383838383,99,Jr-hyQLu1_A,2024,pre-2025,B
Jr-hyQLu1_A_001,0.9448818897637795,127,Jr-hyQLu1_A,2024,pre-2025,B
Jr-hyQLu1_A_002,0.88,25,Jr-hyQLu1_A,2024,pre-2025,B
Jr-hyQLu1_A_003,1.0,9,Jr-hyQLu1_A,2024,pre-2025,A
K-X5GQcBnTw_000,1.0,11,K-X5GQcBnTw,2022,pre-2025,B
K-X5GQcBnTw_002,0.9107142857142857,112,K-X5GQcBnTw,2022,pre-2025,A
K-X5GQcBnTw_003,1.0,9,K-X5GQcBnTw,2022,pre-2025,B
KCYPmc59G24_000,0.7619047619047619,84,KCYPmc59G24,2024,pre-2025,B
KCYPmc59G24_001,0.9230769230769231,39,KCYPmc59G24,2024,pre-2025,B
KCYPmc59G24_002,1.0,9,KCYPmc59G24,2024,pre-2025,A
KENXYyppSeI_000,0.9090909090909091,11,KENXYyppSeI,2022,pre-2025,A
KENXYyppSeI_001,0.7142857142857143,28,KENXYyppSeI,2022,pre-2025,A
KENXYyppSeI_002,0.9642857142857143,28,KENXYyppSeI,2022,pre-2025,A
KENXYyppSeI_003,1.0,28,KENXYyppSeI,2022,pre-2025,A
KENXYyppSeI_004,0.9230769230769231,39,KENXYyppSeI,2022,pre-2025,B
KENXYyppSeI_005,1.0,9,KENXYyppSeI,2022,pre-2025,A
KYZMOHEXvdk_000,0.8125,16,KYZMOHEXvdk,2024,pre-2025,A
KYZMOHEXvdk_001,0.75,12,KYZMOHEXvdk,2024,pre-2025,A
KYZMOHEXvdk_002,0.8125,16,KYZMOHEXvdk,2024,pre-2025,A
KYZMOHEXvdk_003,0.6428571428571429,14,KYZMOHEXvdk,2024,pre-2025,A
KYZMOHEXvdk_004,0.7037037037037037,27,KYZMOHEXvdk,2024,pre-2025,B
KYZMOHEXvdk_005,0.8888888888888888,9,KYZMOHEXvdk,2024,pre-2025,B
KZMmfNaj9RY_000,1.0,15,KZMmfNaj9RY,2022,pre-2025,A
KZMmfNaj9RY_001,0.9444444444444444,18,KZMmfNaj9RY,2022,pre-2025,A
KZMmfNaj9RY_002,0.8840579710144928,69,KZMmfNaj9RY,2022,pre-2025,A
KZMmfNaj9RY_003,0.6923076923076923,13,KZMmfNaj9RY,2022,pre-2025,A
KZMmfNaj9RY_004,0.875,8,KZMmfNaj9RY,2022,pre-2025,A
KZMmfNaj9RY_005,0.7692307692307693,13,KZMmfNaj9RY,2022,pre-2025,A
KZMmfNaj9RY_006,0.8709677419354839,62,KZMmfNaj9RY,2022,pre-2025,A
KZMmfNaj9RY_007,1.0,11,KZMmfNaj9RY,2022,pre-2025,B
KZMmfNaj9RY_008,1.0,9,KZMmfNaj9RY,2022,pre-2025,A
KmXNJMVQ5Og_000,0.896551724137931,116,KmXNJMVQ5Og,2024,pre-2025,A
KmXNJMVQ5Og_001,0.9166666666666666,36,KmXNJMVQ5Og,2024,pre-2025,A
KmXNJMVQ5Og_002,0.5,4,KmXNJMVQ5Og,2024,pre-2025,B
KwklVl7E6Ec_000,0.9318181818181818,44,KwklVl7E6Ec,2024,pre-2025,A
KwklVl7E6Ec_004,0.9464285714285714,56,KwklVl7E6Ec,2024,pre-2025,B
KwklVl7E6Ec_005,0.76,25,KwklVl7E6Ec,2024,pre-2025,B
KwklVl7E6Ec_006,1.0,9,KwklVl7E6Ec,2024,pre-2025,A
Kx_gGVMiiKk_000,0.35555555555555557,90,Kx_gGVMiiKk,2022,pre-2025,A
Kx_gGVMiiKk_001,0.9444444444444444,36,Kx_gGVMiiKk,2022,pre-2025,A
Kx_gGVMiiKk_002,0.9444444444444444,36,Kx_gGVMiiKk,2022,pre-2025,A
Kx_gGVMiiKk_003,0.8793103448275862,58,Kx_gGVMiiKk,2022,pre-2025,A
Kx_gGVMiiKk_004,0.9285714285714286,42,Kx_gGVMiiKk,2022,pre-2025,A
Kx_gGVMiiKk_005,0.9302325581395349,43,Kx_gGVMiiKk,2022,pre-2025,B
Kx_gGVMiiKk_006,1.0,9,Kx_gGVMiiKk,2022,pre-2025,A
KxhJLL93qwM_000,1.0,7,KxhJLL93qwM,2024,pre-2025,A
KxhJLL93qwM_001,0.2698412698412698,63,KxhJLL93qwM,2024,pre-2025,A
KxhJLL93qwM_002,0.8494623655913979,93,KxhJLL93qwM,2024,pre-2025,A
KxhJLL93qwM_011,0.8947368421052632,57,KxhJLL93qwM,2024,pre-2025,A
KxhJLL93qwM_012,0.9052631578947369,95,KxhJLL93qwM,2024,pre-2025,B
KxhJLL93qwM_013,1.0,9,KxhJLL93qwM,2024,pre-2025,A
L0lBCEIo_mM_000,0.9285714285714286,28,L0lBCEIo_mM,2024,pre-2025,A
L0lBCEIo_mM_001,0.9204545454545454,88,L0lBCEIo_mM,2024,pre-2025,B
L0lBCEIo_mM_002,1.0,7,L0lBCEIo_mM,2024,pre-2025,B
L0lBCEIo_mM_003,1.0,9,L0lBCEIo_mM,2024,pre-2025,A
L5BsAkSMLkI_000,0.9178082191780822,146,L5BsAkSMLkI,2024,pre-2025,B
L5BsAkSMLkI_001,0.9393939393939394,33,L5BsAkSMLkI,2024,pre-2025,B
L5BsAkSMLkI_002,0.0,5,L5BsAkSMLkI,2024,pre-2025,A
L5BsAkSMLkI_003,0.8181818181818182,11,L5BsAkSMLkI,2024,pre-2025,B
L5BsAkSMLkI_004,0.8888888888888888,9,L5BsAkSMLkI,2024,pre-2025,A
LDZOYnu-vyw_000,0.9108910891089109,101,LDZOYnu-vyw,2025,2025+,B
LDZOYnu-vyw_001,0.8378378378378378,74,LDZOYnu-vyw,2025,2025+,B
LDZOYnu-vyw_002,0.855072463768116,138,LDZOYnu-vyw,2025,2025+,B
LDZOYnu-vyw_003,0.5625,16,LDZOYnu-vyw,2025,2025+,A
LDZOYnu-vyw_004,0.4918032786885246,61,LDZOYnu-vyw,2025,2025+,A
LDZOYnu-vyw_005,0.85,20,LDZOYnu-vyw,2025,2025+,A
LDZOYnu-vyw_006,0.7272727272727273,11,LDZOYnu-vyw,2025,2025+,B
LDZOYnu-vyw_007,0.8888888888888888,9,LDZOYnu-vyw,2025,2025+,A
LFUl2V-6ZLA_000,0.38636363636363635,88,LFUl2V-6ZLA,2024,pre-2025,B
LFUl2V-6ZLA_001,0.9642857142857143,28,LFUl2V-6ZLA,2024,pre-2025,B
LFUl2V-6ZLA_002,0.625,8,LFUl2V-6ZLA,2024,pre-2025,A
LFUl2V-6ZLA_003,0.8709677419354839,31,LFUl2V-6ZLA,2024,pre-2025,B
LFUl2V-6ZLA_004,1.0,9,LFUl2V-6ZLA,2024,pre-2025,B
LSd2tyfd6KI_000,0.75,4,LSd2tyfd6KI,2024,pre-2025,A
LSd2tyfd6KI_001,0.9615384615384616,52,LSd2tyfd6KI,2024,pre-2025,B
LSd2tyfd6KI_002,0.926829268292683,82,LSd2tyfd6KI,2024,pre-2025,A
LSd2tyfd6KI_003,0.881578947368421,76,LSd2tyfd6KI,2024,pre-2025,A
LSd2tyfd6KI_004,0.8823529411764706,17,LSd2tyfd6KI,2024,pre-2025,A
LSd2tyfd6KI_005,0.8421052631578947,38,LSd2tyfd6KI,2024,pre-2025,A
LSd2tyfd6KI_006,1.0,12,LSd2tyfd6KI,2024,pre-2025,A
LSd2tyfd6KI_007,0.8627450980392157,51,LSd2tyfd6KI,2024,pre-2025,A
LSd2tyfd6KI_008,0.883495145631068,103,LSd2tyfd6KI,2024,pre-2025,B
LSd2tyfd6KI_009,1.0,9,LSd2tyfd6KI,2024,pre-2025,B
LVOqQ1EJm5k_000,1.0,29,LVOqQ1EJm5k,2022,pre-2025,A
LVOqQ1EJm5k_001,0.9047619047619048,21,LVOqQ1EJm5k,2022,pre-2025,A
LVOqQ1EJm5k_002,0.9354838709677419,31,LVOqQ1EJm5k,2022,pre-2025,A
LVOqQ1EJm5k_003,1.0,82,LVOqQ1EJm5k,2022,pre-2025,A
LVOqQ1EJm5k_004,0.9333333333333333,15,LVOqQ1EJm5k,2022,pre-2025,A
LVOqQ1EJm5k_005,0.8793103448275862,58,LVOqQ1EJm5k,2022,pre-2025,A
LVOqQ1EJm5k_006,0.9642857142857143,112,LVOqQ1EJm5k,2022,pre-2025,B
LVOqQ1EJm5k_008,0.959349593495935,123,LVOqQ1EJm5k,2022,pre-2025,B
LVOqQ1EJm5k_009,0.9285714285714286,98,LVOqQ1EJm5k,2022,pre-2025,B
LVOqQ1EJm5k_010,0.9655172413793104,29,LVOqQ1EJm5k,2022,pre-2025,B
LVOqQ1EJm5k_011,0.75,8,LVOqQ1EJm5k,2022,pre-2025,B
LVOqQ1EJm5k_012,1.0,9,LVOqQ1EJm5k,2022,pre-2025,A
Lbms7nr19f0_000,0.9629629629629629,27,Lbms7nr19f0,2025,2025+,A
Lbms7nr19f0_001,0.8974358974358975,39,Lbms7nr19f0,2025,2025+,A
Lbms7nr19f0_002,0.8873239436619719,71,Lbms7nr19f0,2025,2025+,A
Lbms7nr19f0_003,1.0,19,Lbms7nr19f0,2025,2025+,A
Lbms7nr19f0_004,0.4444444444444444,27,Lbms7nr19f0,2025,2025+,A
Lbms7nr19f0_005,0.9166666666666666,12,Lbms7nr19f0,2025,2025+,A
Lbms7nr19f0_006,0.7272727272727273,11,Lbms7nr19f0,2025,2025+,B
Lbms7nr19f0_007,1.0,9,Lbms7nr19f0,2025,2025+,A
LpzKTGMmCyA_000,1.0,16,LpzKTGMmCyA,2023,pre-2025,A
LpzKTGMmCyA_001,0.8928571428571429,28,LpzKTGMmCyA,2023,pre-2025,A
LpzKTGMmCyA_002,0.9285714285714286,28,LpzKTGMmCyA,2023,pre-2025,A
LpzKTGMmCyA_003,0.9642857142857143,28,LpzKTGMmCyA,2023,pre-2025,A
LpzKTGMmCyA_004,0.9285714285714286,28,LpzKTGMmCyA,2023,pre-2025,A
LpzKTGMmCyA_005,0.9285714285714286,28,LpzKTGMmCyA,2023,pre-2025,A
LpzKTGMmCyA_006,0.9285714285714286,28,LpzKTGMmCyA,2023,pre-2025,A
LpzKTGMmCyA_007,0.85,20,LpzKTGMmCyA,2023,pre-2025,A
LpzKTGMmCyA_008,0.896551724137931,29,LpzKTGMmCyA,2023,pre-2025,B
LpzKTGMmCyA_009,1.0,9,LpzKTGMmCyA,2023,pre-2025,A
Lv9TPbpnAYo_000,0.6666666666666666,3,Lv9TPbpnAYo,2023,pre-2025,B
Lv9TPbpnAYo_001,0.8690476190476191,84,Lv9TPbpnAYo,2023,pre-2025,B
Lv9TPbpnAYo_002,0.9285714285714286,28,Lv9TPbpnAYo,2023,pre-2025,B
Lv9TPbpnAYo_003,1.0,11,Lv9TPbpnAYo,2023,pre-2025,B
Lv9TPbpnAYo_004,1.0,9,Lv9TPbpnAYo,2023,pre-2025,A
MBHkFxvbVy0_001,1.0,6,MBHkFxvbVy0,2022,pre-2025,A
MBHkFxvbVy0_002,0.8571428571428571,7,MBHkFxvbVy0,2022,pre-2025,A
MBHkFxvbVy0_003,1.0,9,MBHkFxvbVy0,2022,pre-2025,A
MBHkFxvbVy0_005,0.8571428571428571,63,MBHkFxvbVy0,2022,pre-2025,A
MBHkFxvbVy0_006,1.0,11,MBHkFxvbVy0,2022,pre-2025,B
MBHkFxvbVy0_007,1.0,9,MBHkFxvbVy0,2022,pre-2025,A
MDNBEqwzQTA_001,0.14285714285714285,7,MDNBEqwzQTA,2025,2025+,A
MDNBEqwzQTA_002,0.625,8,MDNBEqwzQTA,2025,2025+,A
MDNBEqwzQTA_005,0.4666666666666667,15,MDNBEqwzQTA,2025,2025+,A
MDNBEqwzQTA_006,0.4090909090909091,22,MDNBEqwzQTA,2025,2025+,A
MDNBEqwzQTA_007,0.13333333333333333,30,MDNBEqwzQTA,2025,2025+,A
MDNBEqwzQTA_008,0.6,5,MDNBEqwzQTA,2025,2025+,A
MDNBEqwzQTA_009,0.28,25,MDNBEqwzQTA,2025,2025+,A
MDNBEqwzQTA_010,0.9444444444444444,54,MDNBEqwzQTA,2025,2025+,A
MDNBEqwzQTA_011,0.8928571428571429,28,MDNBEqwzQTA,2025,2025+,A
MDNBEqwzQTA_012,0.8214285714285714,28,MDNBEqwzQTA,2025,2025+,A
MDNBEqwzQTA_013,0.7272727272727273,11,MDNBEqwzQTA,2025,2025+,B
MDNBEqwzQTA_014,1.0,9,MDNBEqwzQTA,2025,2025+,B
MKF8KnsyaJs_000,0.0,8,MKF8KnsyaJs,2023,pre-2025,A
MKF8KnsyaJs_001,0.8974358974358975,39,MKF8KnsyaJs,2023,pre-2025,A
MKF8KnsyaJs_002,0.8796992481203008,133,MKF8KnsyaJs,2023,pre-2025,A
MKF8KnsyaJs_003,1.0,10,MKF8KnsyaJs,2023,pre-2025,A
MKF8KnsyaJs_004,0.8461538461538461,52,MKF8KnsyaJs,2023,pre-2025,A
MKF8KnsyaJs_006,0.8888888888888888,18,MKF8KnsyaJs,2023,pre-2025,A
MKF8KnsyaJs_007,1.0,11,MKF8KnsyaJs,2023,pre-2025,B
MKF8KnsyaJs_008,1.0,9,MKF8KnsyaJs,2023,pre-2025,A
MR_pKvMisRk_000,0.40229885057471265,87,MR_pKvMisRk,2024,pre-2025,B
MR_pKvMisRk_001,0.7946428571428571,112,MR_pKvMisRk,2024,pre-2025,B
MR_pKvMisRk_002,0.7272727272727273,11,MR_pKvMisRk,2024,pre-2025,B
MR_pKvMisRk_003,1.0,9,MR_pKvMisRk,2024,pre-2025,A
MSV39CPq9kg_000,1.0,14,MSV39CPq9kg,2025,2025+,A
MSV39CPq9kg_001,0.8235294117647058,51,MSV39CPq9kg,2025,2025+,A
MSV39CPq9kg_002,0.7692307692307693,13,MSV39CPq9kg,2025,2025+,A
MSV39CPq9kg_003,0.8125,16,MSV39CPq9kg,2025,2025+,B
MSV39CPq9kg_004,1.0,9,MSV39CPq9kg,2025,2025+,A
MT-FHleifxc_000,0.9487179487179487,39,MT-FHleifxc,2022,pre-2025,B
MT-FHleifxc_001,1.0,9,MT-FHleifxc,2022,pre-2025,A
MX0Rr0G3OGA_000,0.9,10,MX0Rr0G3OGA,2024,pre-2025,A
MX0Rr0G3OGA_001,1.0,10,MX0Rr0G3OGA,2024,pre-2025,A
MX0Rr0G3OGA_002,1.0,2,MX0Rr0G3OGA,2024,pre-2025,A
MX0Rr0G3OGA_003,1.0,3,MX0Rr0G3OGA,2024,pre-2025,A
MX0Rr0G3OGA_004,1.0,10,MX0Rr0G3OGA,2024,pre-2025,A
MX0Rr0G3OGA_005,0.9230769230769231,13,MX0Rr0G3OGA,2024,pre-2025,A
MX0Rr0G3OGA_006,0.9642857142857143,28,MX0Rr0G3OGA,2024,pre-2025,A
MX0Rr0G3OGA_007,0.8666666666666667,15,MX0Rr0G3OGA,2024,pre-2025,A
MX0Rr0G3OGA_008,1.0,3,MX0Rr0G3OGA,2024,pre-2025,A
MX0Rr0G3OGA_009,1.0,12,MX0Rr0G3OGA,2024,pre-2025,A
MX0Rr0G3OGA_010,1.0,7,MX0Rr0G3OGA,2024,pre-2025,A
MX0Rr0G3OGA_011,0.7727272727272727,22,MX0Rr0G3OGA,2024,pre-2025,B
MX0Rr0G3OGA_012,1.0,9,MX0Rr0G3OGA,2024,pre-2025,A
MYWedTctdeg_000,0.8902439024390244,82,MYWedTctdeg,2025,2025+,A
MYWedTctdeg_001,0.37254901960784315,51,MYWedTctdeg,2025,2025+,A
MYWedTctdeg_002,0.9074074074074074,54,MYWedTctdeg,2025,2025+,A
MYWedTctdeg_003,0.8421052631578947,19,MYWedTctdeg,2025,2025+,B
MYWedTctdeg_004,1.0,9,MYWedTctdeg,2025,2025+,A
N6RGCMRicA8_002,0.971830985915493,71,N6RGCMRicA8,2021,pre-2025,B
N6RGCMRicA8_009,0.95,20,N6RGCMRicA8,2021,pre-2025,A
N6RGCMRicA8_010,0.875,16,N6RGCMRicA8,2021,pre-2025,A
N6RGCMRicA8_011,1.0,13,N6RGCMRicA8,2021,pre-2025,A
N6RGCMRicA8_012,0.7142857142857143,7,N6RGCMRicA8,2021,pre-2025,A
N6RGCMRicA8_014,1.0,7,N6RGCMRicA8,2021,pre-2025,A
N6RGCMRicA8_016,0.8205128205128205,39,N6RGCMRicA8,2021,pre-2025,A
N6RGCMRicA8_017,0.7857142857142857,14,N6RGCMRicA8,2021,pre-2025,A
N6RGCMRicA8_018,0.9743589743589743,39,N6RGCMRicA8,2021,pre-2025,A
N6RGCMRicA8_019,0.8,10,N6RGCMRicA8,2021,pre-2025,A
N6RGCMRicA8_020,1.0,3,N6RGCMRicA8,2021,pre-2025,A
N6RGCMRicA8_021,0.8055555555555556,36,N6RGCMRicA8,2021,pre-2025,A
N6RGCMRicA8_022,1.0,7,N6RGCMRicA8,2021,pre-2025,A
N6RGCMRicA8_023,0.717948717948718,39,N6RGCMRicA8,2021,pre-2025,A
N6RGCMRicA8_024,0.7894736842105263,57,N6RGCMRicA8,2021,pre-2025,A
N6RGCMRicA8_026,0.8,25,N6RGCMRicA8,2021,pre-2025,A
N6RGCMRicA8_027,0.875,32,N6RGCMRicA8,2021,pre-2025,A
N6RGCMRicA8_030,0.9324324324324325,74,N6RGCMRicA8,2021,pre-2025,A
N6RGCMRicA8_031,0.9428571428571428,35,N6RGCMRicA8,2021,pre-2025,A
N6RGCMRicA8_032,0.8888888888888888,9,N6RGCMRicA8,2021,pre-2025,A
N6RGCMRicA8_033,0.8823529411764706,17,N6RGCMRicA8,2021,pre-2025,A
N6RGCMRicA8_034,0.7692307692307693,13,N6RGCMRicA8,2021,pre-2025,A
N6RGCMRicA8_035,1.0,18,N6RGCMRicA8,2021,pre-2025,A
N6RGCMRicA8_036,0.9655172413793104,29,N6RGCMRicA8,2021,pre-2025,A
N6RGCMRicA8_037,0.8923076923076924,65,N6RGCMRicA8,2021,pre-2025,A
N6RGCMRicA8_038,0.859375,64,N6RGCMRicA8,2021,pre-2025,A
N6RGCMRicA8_039,0.9230769230769231,26,N6RGCMRicA8,2021,pre-2025,A
N6RGCMRicA8_040,0.6666666666666666,3,N6RGCMRicA8,2021,pre-2025,A
N6RGCMRicA8_041,0.9464285714285714,56,N6RGCMRicA8,2021,pre-2025,B
N6RGCMRicA8_042,0.8648648648648649,37,N6RGCMRicA8,2021,pre-2025,A
N6RGCMRicA8_043,1.0,12,N6RGCMRicA8,2021,pre-2025,A
N6RGCMRicA8_044,0.9487179487179487,39,N6RGCMRicA8,2021,pre-2025,A
N6RGCMRicA8_045,1.0,9,N6RGCMRicA8,2021,pre-2025,B
N6RGCMRicA8_046,0.9629629629629629,27,N6RGCMRicA8,2021,pre-2025,B
N9MmykOnPAs_000,0.8818897637795275,127,N9MmykOnPAs,2024,pre-2025,B
N9MmykOnPAs_001,0.9473684210526315,38,N9MmykOnPAs,2024,pre-2025,B
N9MmykOnPAs_002,0.9473684210526315,57,N9MmykOnPAs,2024,pre-2025,A
N9MmykOnPAs_003,0.7272727272727273,11,N9MmykOnPAs,2024,pre-2025,B
N9MmykOnPAs_004,1.0,9,N9MmykOnPAs,2024,pre-2025,A
NJjx5iKFXhI_000,0.75,104,NJjx5iKFXhI,2024,pre-2025,B
NJjx5iKFXhI_001,0.8295454545454546,88,NJjx5iKFXhI,2024,pre-2025,B
NJjx5iKFXhI_002,0.8888888888888888,9,NJjx5iKFXhI,2024,pre-2025,B
NQ3iktgJ-bM_000,0.8333333333333334,6,NQ3iktgJ-bM,2025,2025+,A
NQ3iktgJ-bM_001,0.5,6,NQ3iktgJ-bM,2025,2025+,A
NQ3iktgJ-bM_002,0.5,4,NQ3iktgJ-bM,2025,2025+,A
NQ3iktgJ-bM_003,0.4,5,NQ3iktgJ-bM,2025,2025+,A
NQ3iktgJ-bM_004,0.8571428571428571,21,NQ3iktgJ-bM,2025,2025+,A
NQ3iktgJ-bM_005,0.6666666666666666,3,NQ3iktgJ-bM,2025,2025+,B
NXhl-Lkoq6I_000,0.6886792452830188,106,NXhl-Lkoq6I,2024,pre-2025,A
NXhl-Lkoq6I_001,0.8695652173913043,23,NXhl-Lkoq6I,2024,pre-2025,A
NXhl-Lkoq6I_002,0.9272727272727272,110,NXhl-Lkoq6I,2024,pre-2025,A
NXhl-Lkoq6I_003,0.7272727272727273,11,NXhl-Lkoq6I,2024,pre-2025,B
NXhl-Lkoq6I_004,1.0,9,NXhl-Lkoq6I,2024,pre-2025,A
NYcSRGEKqX4_000,0.96,100,NYcSRGEKqX4,2023,pre-2025,B
NYcSRGEKqX4_001,0.9302325581395349,43,NYcSRGEKqX4,2023,pre-2025,B
NYcSRGEKqX4_002,0.9375,128,NYcSRGEKqX4,2023,pre-2025,B
NYcSRGEKqX4_003,0.8958333333333334,96,NYcSRGEKqX4,2023,pre-2025,B
NYcSRGEKqX4_004,1.0,29,NYcSRGEKqX4,2023,pre-2025,A
NYcSRGEKqX4_005,0.95,20,NYcSRGEKqX4,2023,pre-2025,A
NYcSRGEKqX4_006,0.9057971014492754,138,NYcSRGEKqX4,2023,pre-2025,A
NYcSRGEKqX4_007,0.8484848484848485,33,NYcSRGEKqX4,2023,pre-2025,A
NYcSRGEKqX4_008,0.8828828828828829,111,NYcSRGEKqX4,2023,pre-2025,B
NYcSRGEKqX4_009,0.9037037037037037,135,NYcSRGEKqX4,2023,pre-2025,B
NYcSRGEKqX4_010,0.8515625,128,NYcSRGEKqX4,2023,pre-2025,B
NYcSRGEKqX4_011,0.42857142857142855,7,NYcSRGEKqX4,2023,pre-2025,A
NYcSRGEKqX4_012,0.5263157894736842,19,NYcSRGEKqX4,2023,pre-2025,B
NYcSRGEKqX4_013,0.8888888888888888,9,NYcSRGEKqX4,2023,pre-2025,A
N_1jL8HEydM_000,0.96,25,N_1jL8HEydM,2024,pre-2025,A
N_1jL8HEydM_001,0.8928571428571429,28,N_1jL8HEydM,2024,pre-2025,A
N_1jL8HEydM_002,0.9642857142857143,28,N_1jL8HEydM,2024,pre-2025,A
N_1jL8HEydM_003,1.0,6,N_1jL8HEydM,2024,pre-2025,A
N_1jL8HEydM_004,1.0,11,N_1jL8HEydM,2024,pre-2025,B
N_1jL8HEydM_005,1.0,9,N_1jL8HEydM,2024,pre-2025,B
NdYmoZh-0ek_000,0.9423076923076923,52,NdYmoZh-0ek,2025,2025+,B
NdYmoZh-0ek_001,0.863013698630137,146,NdYmoZh-0ek,2025,2025+,B
NdYmoZh-0ek_002,0.852112676056338,142,NdYmoZh-0ek,2025,2025+,B
NdYmoZh-0ek_003,0.9157894736842105,95,NdYmoZh-0ek,2025,2025+,B
NdYmoZh-0ek_004,0.7272727272727273,11,NdYmoZh-0ek,2025,2025+,B
NdYmoZh-0ek_005,1.0,9,NdYmoZh-0ek,2025,2025+,B
Ne7y4GDJl9Q_000,0.48,100,Ne7y4GDJl9Q,2025,2025+,A
Ne7y4GDJl9Q_001,0.9017857142857143,112,Ne7y4GDJl9Q,2025,2025+,B
Ne7y4GDJl9Q_002,0.3049645390070922,141,Ne7y4GDJl9Q,2025,2025+,B
Ne7y4GDJl9Q_003,0.26618705035971224,139,Ne7y4GDJl9Q,2025,2025+,B
Ne7y4GDJl9Q_004,0.8709677419354839,124,Ne7y4GDJl9Q,2025,2025+,B
Ne7y4GDJl9Q_005,0.8521739130434782,115,Ne7y4GDJl9Q,2025,2025+,B
Ne7y4GDJl9Q_006,0.8125,48,Ne7y4GDJl9Q,2025,2025+,B
Ne7y4GDJl9Q_007,0.7272727272727273,11,Ne7y4GDJl9Q,2025,2025+,B
Ne7y4GDJl9Q_008,1.0,9,Ne7y4GDJl9Q,2025,2025+,A
NgsJc52HpwM_000,1.0,6,NgsJc52HpwM,2022,pre-2025,A
NgsJc52HpwM_001,1.0,3,NgsJc52HpwM,2022,pre-2025,A
NgsJc52HpwM_002,0.9473684210526315,19,NgsJc52HpwM,2022,pre-2025,A
NgsJc52HpwM_003,1.0,21,NgsJc52HpwM,2022,pre-2025,A
NgsJc52HpwM_004,0.8888888888888888,90,NgsJc52HpwM,2022,pre-2025,A
NgsJc52HpwM_005,0.9333333333333333,15,NgsJc52HpwM,2022,pre-2025,A
NgsJc52HpwM_006,0.9124087591240876,137,NgsJc52HpwM,2022,pre-2025,B
NgsJc52HpwM_007,0.941747572815534,103,NgsJc52HpwM,2022,pre-2025,B
NgsJc52HpwM_008,1.0,11,NgsJc52HpwM,2022,pre-2025,B
NlYiS7zp5Wc_000,0.625,56,NlYiS7zp5Wc,2023,pre-2025,A
NlYiS7zp5Wc_001,1.0,28,NlYiS7zp5Wc,2023,pre-2025,A
NlYiS7zp5Wc_002,0.8974358974358975,39,NlYiS7zp5Wc,2023,pre-2025,B
NlYiS7zp5Wc_003,1.0,9,NlYiS7zp5Wc,2023,pre-2025,A
Ns8OcnMPugY_000,0.8,25,Ns8OcnMPugY,2025,2025+,A
Ns8OcnMPugY_001,0.9,20,Ns8OcnMPugY,2025,2025+,A
Ns8OcnMPugY_002,0.7857142857142857,14,Ns8OcnMPugY,2025,2025+,A
Ns8OcnMPugY_003,0.7272727272727273,11,Ns8OcnMPugY,2025,2025+,B
Ns8OcnMPugY_004,1.0,9,Ns8OcnMPugY,2025,2025+,A
O4NqkSzNSjE_000,0.9313725490196079,102,O4NqkSzNSjE,2024,pre-2025,A
O4NqkSzNSjE_001,0.92,100,O4NqkSzNSjE,2024,pre-2025,B
O4NqkSzNSjE_002,0.84,25,O4NqkSzNSjE,2024,pre-2025,B
O4NqkSzNSjE_003,0.8888888888888888,9,O4NqkSzNSjE,2024,pre-2025,B
OBARtsU9QnA_000,0.8928571428571429,28,OBARtsU9QnA,2025,2025+,A
OBARtsU9QnA_001,0.9642857142857143,28,OBARtsU9QnA,2025,2025+,A
OBARtsU9QnA_002,0.8690476190476191,84,OBARtsU9QnA,2025,2025+,A
OBARtsU9QnA_003,0.9642857142857143,28,OBARtsU9QnA,2025,2025+,A
OBARtsU9QnA_004,0.7272727272727273,11,OBARtsU9QnA,2025,2025+,B
OBARtsU9QnA_005,1.0,9,OBARtsU9QnA,2025,2025+,B
OCWhWWZ0AwY_000,0.5,22,OCWhWWZ0AwY,2025,2025+,A
OCWhWWZ0AwY_001,0.8214285714285714,28,OCWhWWZ0AwY,2025,2025+,A
OCWhWWZ0AwY_002,0.9285714285714286,28,OCWhWWZ0AwY,2025,2025+,A
OCWhWWZ0AwY_003,0.8928571428571429,28,OCWhWWZ0AwY,2025,2025+,A
OCWhWWZ0AwY_004,0.8571428571428571,28,OCWhWWZ0AwY,2025,2025+,A
OCWhWWZ0AwY_005,0.7272727272727273,11,OCWhWWZ0AwY,2025,2025+,B
OCWhWWZ0AwY_006,1.0,9,OCWhWWZ0AwY,2025,2025+,A
OFPi0ecSoI8_000,0.9523809523809523,21,OFPi0ecSoI8,2026,2025+,A
OFPi0ecSoI8_001,0.9047619047619048,21,OFPi0ecSoI8,2026,2025+,A
OFPi0ecSoI8_002,0.7272727272727273,11,OFPi0ecSoI8,2026,2025+,B
OFPi0ecSoI8_003,1.0,9,OFPi0ecSoI8,2026,2025+,A
OfDo1fLztjs_000,0.8888888888888888,27,OfDo1fLztjs,2022,pre-2025,A
OfDo1fLztjs_001,0.8125,16,OfDo1fLztjs,2022,pre-2025,A
OfDo1fLztjs_002,0.9538461538461539,65,OfDo1fLztjs,2022,pre-2025,A
OfDo1fLztjs_003,1.0,14,OfDo1fLztjs,2022,pre-2025,A
OfDo1fLztjs_004,0.85,40,OfDo1fLztjs,2022,pre-2025,A
OfDo1fLztjs_005,0.8987341772151899,79,OfDo1fLztjs,2022,pre-2025,A
OfDo1fLztjs_006,0.9666666666666667,30,OfDo1fLztjs,2022,pre-2025,A
OfDo1fLztjs_007,0.9615384615384616,78,OfDo1fLztjs,2022,pre-2025,A
OfDo1fLztjs_008,0.9166666666666666,84,OfDo1fLztjs,2022,pre-2025,A
OfDo1fLztjs_009,0.7181818181818181,110,OfDo1fLztjs,2022,pre-2025,A
OfDo1fLztjs_010,1.0,11,OfDo1fLztjs,2022,pre-2025,B
OfDo1fLztjs_011,1.0,9,OfDo1fLztjs,2022,pre-2025,A
OlQ0UvbZqxs_000,0.8421052631578947,76,OlQ0UvbZqxs,2023,pre-2025,A
OlQ0UvbZqxs_001,0.9642857142857143,28,OlQ0UvbZqxs,2023,pre-2025,A
OlQ0UvbZqxs_002,0.9285714285714286,28,OlQ0UvbZqxs,2023,pre-2025,A
OlQ0UvbZqxs_003,1.0,39,OlQ0UvbZqxs,2023,pre-2025,B
OlQ0UvbZqxs_004,1.0,11,OlQ0UvbZqxs,2023,pre-2025,B
OlQ0UvbZqxs_005,1.0,9,OlQ0UvbZqxs,2023,pre-2025,A
OnK2taEbraM_000,0.7647058823529411,17,OnK2taEbraM,2022,pre-2025,A
OnK2taEbraM_001,0.14388489208633093,139,OnK2taEbraM,2022,pre-2025,A
OnK2taEbraM_002,0.8,30,OnK2taEbraM,2022,pre-2025,A
OnK2taEbraM_003,0.9764705882352941,85,OnK2taEbraM,2022,pre-2025,A
OnK2taEbraM_004,1.0,18,OnK2taEbraM,2022,pre-2025,A
OnK2taEbraM_005,1.0,13,OnK2taEbraM,2022,pre-2025,A
OnK2taEbraM_006,0.8809523809523809,42,OnK2taEbraM,2022,pre-2025,A
OnK2taEbraM_007,0.896551724137931,29,OnK2taEbraM,2022,pre-2025,A
OnK2taEbraM_008,1.0,6,OnK2taEbraM,2022,pre-2025,A
OnK2taEbraM_009,0.8588235294117647,85,OnK2taEbraM,2022,pre-2025,B
OnK2taEbraM_010,0.9552238805970149,67,OnK2taEbraM,2022,pre-2025,B
OnK2taEbraM_011,1.0,9,OnK2taEbraM,2022,pre-2025,A
OqABmo1wQaE_000,0.8,5,OqABmo1wQaE,2022,pre-2025,A
OqABmo1wQaE_001,0.42857142857142855,7,OqABmo1wQaE,2022,pre-2025,A
OqABmo1wQaE_002,1.0,12,OqABmo1wQaE,2022,pre-2025,A
OqABmo1wQaE_003,0.875,8,OqABmo1wQaE,2022,pre-2025,A
OqABmo1wQaE_004,0.92,25,OqABmo1wQaE,2022,pre-2025,A
OqABmo1wQaE_005,0.49074074074074076,108,OqABmo1wQaE,2022,pre-2025,B
OqABmo1wQaE_006,1.0,47,OqABmo1wQaE,2022,pre-2025,A
OqABmo1wQaE_007,0.9354838709677419,31,OqABmo1wQaE,2022,pre-2025,A
OqABmo1wQaE_008,0.9038461538461539,52,OqABmo1wQaE,2022,pre-2025,A
OqABmo1wQaE_009,0.9,10,OqABmo1wQaE,2022,pre-2025,A
OqABmo1wQaE_010,1.0,1,OqABmo1wQaE,2022,pre-2025,A
OqABmo1wQaE_011,1.0,10,OqABmo1wQaE,2022,pre-2025,A
OqABmo1wQaE_012,0.972972972972973,37,OqABmo1wQaE,2022,pre-2025,A
OqABmo1wQaE_014,1.0,11,OqABmo1wQaE,2022,pre-2025,B
OqFfzz8sww4_000,0.8571428571428571,21,OqFfzz8sww4,2022,pre-2025,A
OqFfzz8sww4_001,1.0,20,OqFfzz8sww4,2022,pre-2025,A
OqFfzz8sww4_002,0.3333333333333333,6,OqFfzz8sww4,2022,pre-2025,A
OqFfzz8sww4_003,0.9629629629629629,27,OqFfzz8sww4,2022,pre-2025,A
OqFfzz8sww4_004,0.25,4,OqFfzz8sww4,2022,pre-2025,B
OqFfzz8sww4_005,0.1111111111111111,9,OqFfzz8sww4,2022,pre-2025,B
OqFfzz8sww4_006,1.0,4,OqFfzz8sww4,2022,pre-2025,B
OqFfzz8sww4_007,0.8888888888888888,9,OqFfzz8sww4,2022,pre-2025,B
OqFfzz8sww4_008,0.3076923076923077,26,OqFfzz8sww4,2022,pre-2025,A
OqFfzz8sww4_009,0.8095238095238095,21,OqFfzz8sww4,2022,pre-2025,A
OqFfzz8sww4_010,0.875,8,OqFfzz8sww4,2022,pre-2025,B
OqFfzz8sww4_011,1.0,9,OqFfzz8sww4,2022,pre-2025,A
OzrNqubstag_000,1.0,11,OzrNqubstag,2022,pre-2025,B
OzrNqubstag_001,0.32954545454545453,88,OzrNqubstag,2022,pre-2025,B
OzrNqubstag_002,1.0,9,OzrNqubstag,2022,pre-2025,B
P-jbyxAzsW8_001,1.0,39,P-jbyxAzsW8,2022,pre-2025,B
P-jbyxAzsW8_002,0.6923076923076923,39,P-jbyxAzsW8,2022,pre-2025,A
P-jbyxAzsW8_006,1.0,9,P-jbyxAzsW8,2022,pre-2025,B
PBuicCInFfk_000,0.9285714285714286,28,PBuicCInFfk,2026,2025+,A
PBuicCInFfk_001,0.0,3,PBuicCInFfk,2026,2025+,B
PEFDCay69M8_000,0.9019607843137255,51,PEFDCay69M8,2022,pre-2025,A
PEFDCay69M8_001,0.9285714285714286,112,PEFDCay69M8,2022,pre-2025,A
PEFDCay69M8_002,0.9699248120300752,133,PEFDCay69M8,2022,pre-2025,B
PEFDCay69M8_003,0.9285714285714286,42,PEFDCay69M8,2022,pre-2025,B
PEFDCay69M8_004,0.8983050847457628,118,PEFDCay69M8,2022,pre-2025,B
PEFDCay69M8_005,0.9166666666666666,48,PEFDCay69M8,2022,pre-2025,B
PEFDCay69M8_006,1.0,11,PEFDCay69M8,2022,pre-2025,B
PSz4Xf47C98_000,1.0,5,PSz4Xf47C98,2022,pre-2025,A
PSz4Xf47C98_001,0.7857142857142857,14,PSz4Xf47C98,2022,pre-2025,A
PSz4Xf47C98_002,1.0,6,PSz4Xf47C98,2022,pre-2025,A
PSz4Xf47C98_003,1.0,12,PSz4Xf47C98,2022,pre-2025,A
PSz4Xf47C98_004,1.0,36,PSz4Xf47C98,2022,pre-2025,A
PSz4Xf47C98_005,1.0,83,PSz4Xf47C98,2022,pre-2025,A
PSz4Xf47C98_006,0.84251968503937,127,PSz4Xf47C98,2022,pre-2025,A
PSz4Xf47C98_007,0.5,4,PSz4Xf47C98,2022,pre-2025,A
PSz4Xf47C98_008,0.35714285714285715,28,PSz4Xf47C98,2022,pre-2025,A
PSz4Xf47C98_009,0.7333333333333333,15,PSz4Xf47C98,2022,pre-2025,A
PSz4Xf47C98_010,0.8026315789473685,76,PSz4Xf47C98,2022,pre-2025,A
PSz4Xf47C98_011,0.25,4,PSz4Xf47C98,2022,pre-2025,A
PSz4Xf47C98_012,0.2549019607843137,51,PSz4Xf47C98,2022,pre-2025,A
PSz4Xf47C98_013,1.0,11,PSz4Xf47C98,2022,pre-2025,B
PSz4Xf47C98_014,1.0,9,PSz4Xf47C98,2022,pre-2025,A
PlLXRExhFhk_000,0.95,40,PlLXRExhFhk,2026,2025+,A
PlLXRExhFhk_001,0.7272727272727273,11,PlLXRExhFhk,2026,2025+,B
PlLXRExhFhk_002,1.0,9,PlLXRExhFhk,2026,2025+,B
Prlv_TA2KSM_000,0.2727272727272727,11,Prlv_TA2KSM,2022,pre-2025,A
Prlv_TA2KSM_001,0.5,2,Prlv_TA2KSM,2022,pre-2025,A
Prlv_TA2KSM_002,0.0,3,Prlv_TA2KSM,2022,pre-2025,A
Prlv_TA2KSM_003,0.5,6,Prlv_TA2KSM,2022,pre-2025,A
Prlv_TA2KSM_004,0.375,8,Prlv_TA2KSM,2022,pre-2025,A
Prlv_TA2KSM_005,1.0,8,Prlv_TA2KSM,2022,pre-2025,A
Prlv_TA2KSM_006,0.7142857142857143,7,Prlv_TA2KSM,2022,pre-2025,A
Prlv_TA2KSM_007,0.9565217391304348,23,Prlv_TA2KSM,2022,pre-2025,B
Prlv_TA2KSM_008,1.0,9,Prlv_TA2KSM,2022,pre-2025,A
Q1DIEG8m_os_000,0.6923076923076923,26,Q1DIEG8m_os,2025,2025+,A
Q1DIEG8m_os_001,0.42857142857142855,7,Q1DIEG8m_os,2025,2025+,A
Q1DIEG8m_os_002,0.75,8,Q1DIEG8m_os,2025,2025+,A
Q1DIEG8m_os_003,0.972972972972973,37,Q1DIEG8m_os,2025,2025+,A
Q1DIEG8m_os_004,0.7272727272727273,11,Q1DIEG8m_os,2025,2025+,B
Q1DIEG8m_os_005,1.0,9,Q1DIEG8m_os,2025,2025+,A
QE6ZYem6rZc_000,1.0,7,QE6ZYem6rZc,2024,pre-2025,A
QE6ZYem6rZc_001,1.0,7,QE6ZYem6rZc,2024,pre-2025,A
QE6ZYem6rZc_002,0.2727272727272727,11,QE6ZYem6rZc,2024,pre-2025,B
QE6ZYem6rZc_003,1.0,9,QE6ZYem6rZc,2024,pre-2025,A
QFh7ktSHtsU_000,0.9090909090909091,132,QFh7ktSHtsU,2023,pre-2025,B
QFh7ktSHtsU_001,0.7333333333333333,105,QFh7ktSHtsU,2023,pre-2025,B
QFh7ktSHtsU_002,0.9060402684563759,149,QFh7ktSHtsU,2023,pre-2025,B
QFh7ktSHtsU_003,0.2946859903381642,207,QFh7ktSHtsU,2023,pre-2025,B
QFh7ktSHtsU_004,0.5354330708661418,127,QFh7ktSHtsU,2023,pre-2025,B
QFh7ktSHtsU_005,0.47674418604651164,86,QFh7ktSHtsU,2023,pre-2025,B
QFh7ktSHtsU_006,1.0,11,QFh7ktSHtsU,2023,pre-2025,B
QFh7ktSHtsU_007,1.0,9,QFh7ktSHtsU,2023,pre-2025,A
QMcQX7Yz53w_000,0.8970588235294118,68,QMcQX7Yz53w,2024,pre-2025,A
QMcQX7Yz53w_001,0.9285714285714286,56,QMcQX7Yz53w,2024,pre-2025,A
QMcQX7Yz53w_002,0.9,10,QMcQX7Yz53w,2024,pre-2025,A
QMcQX7Yz53w_003,1.0,11,QMcQX7Yz53w,2024,pre-2025,B
QMcQX7Yz53w_004,1.0,9,QMcQX7Yz53w,2024,pre-2025,A
QgXuMcp2qJs_000,0.9285714285714286,56,QgXuMcp2qJs,2024,pre-2025,B
QgXuMcp2qJs_001,0.6470588235294118,102,QgXuMcp2qJs,2024,pre-2025,B
QgXuMcp2qJs_002,0.9411764705882353,34,QgXuMcp2qJs,2024,pre-2025,B
QgXuMcp2qJs_003,0.9528301886792453,106,QgXuMcp2qJs,2024,pre-2025,B
QgXuMcp2qJs_004,0.5,4,QgXuMcp2qJs,2024,pre-2025,B
QjWjr1eyqDA_000,1.0,15,QjWjr1eyqDA,2026,2025+,A
QjWjr1eyqDA_015,0.7272727272727273,11,QjWjr1eyqDA,2026,2025+,B
QjWjr1eyqDA_016,1.0,9,QjWjr1eyqDA,2026,2025+,B
QjmVsoAbkB4_000,0.9174311926605505,109,QjmVsoAbkB4,2024,pre-2025,B
QjmVsoAbkB4_001,1.0,10,QjmVsoAbkB4,2024,pre-2025,B
QjmVsoAbkB4_002,1.0,28,QjmVsoAbkB4,2024,pre-2025,A
QjmVsoAbkB4_003,0.7,10,QjmVsoAbkB4,2024,pre-2025,B
QjmVsoAbkB4_004,0.8888888888888888,9,QjmVsoAbkB4,2024,pre-2025,A
QqZnVpKZlaM_000,0.9076923076923077,65,QqZnVpKZlaM,2024,pre-2025,A
QqZnVpKZlaM_001,0.8873239436619719,71,QqZnVpKZlaM,2024,pre-2025,A
QqZnVpKZlaM_002,0.8857142857142857,35,QqZnVpKZlaM,2024,pre-2025,A
QqZnVpKZlaM_003,0.9111111111111111,45,QqZnVpKZlaM,2024,pre-2025,B
QqZnVpKZlaM_004,0.8888888888888888,9,QqZnVpKZlaM,2024,pre-2025,A
R1-E5NeMTq0_000,0.9074074074074074,108,R1-E5NeMTq0,2024,pre-2025,B
R1-E5NeMTq0_001,0.9215686274509803,153,R1-E5NeMTq0,2024,pre-2025,B
R1-E5NeMTq0_002,0.9318181818181818,88,R1-E5NeMTq0,2024,pre-2025,B
R1-E5NeMTq0_003,0.9236641221374046,131,R1-E5NeMTq0,2024,pre-2025,B
R1-E5NeMTq0_004,0.9097744360902256,133,R1-E5NeMTq0,2024,pre-2025,B
R1-E5NeMTq0_005,1.0,13,R1-E5NeMTq0,2024,pre-2025,A
R1-E5NeMTq0_006,0.9047619047619048,42,R1-E5NeMTq0,2024,pre-2025,A
R1-E5NeMTq0_007,0.8705035971223022,139,R1-E5NeMTq0,2024,pre-2025,B
R1-E5NeMTq0_008,0.9615384615384616,52,R1-E5NeMTq0,2024,pre-2025,B
R1-E5NeMTq0_009,0.9669421487603306,121,R1-E5NeMTq0,2024,pre-2025,B
R1-E5NeMTq0_010,0.9615384615384616,26,R1-E5NeMTq0,2024,pre-2025,B
R1-E5NeMTq0_011,0.9185185185185185,135,R1-E5NeMTq0,2024,pre-2025,A
R1-E5NeMTq0_012,0.9236641221374046,131,R1-E5NeMTq0,2024,pre-2025,B
R1-E5NeMTq0_013,0.9393939393939394,132,R1-E5NeMTq0,2024,pre-2025,B
R1-E5NeMTq0_014,0.9338842975206612,121,R1-E5NeMTq0,2024,pre-2025,B
R1-E5NeMTq0_015,0.9015151515151515,132,R1-E5NeMTq0,2024,pre-2025,A
R1-E5NeMTq0_016,0.9523809523809523,42,R1-E5NeMTq0,2024,pre-2025,A
R1-E5NeMTq0_019,0.7272727272727273,11,R1-E5NeMTq0,2024,pre-2025,B
R1-E5NeMTq0_020,1.0,9,R1-E5NeMTq0,2024,pre-2025,A
R43WTWwgYGY_000,0.3851851851851852,135,R43WTWwgYGY,2025,2025+,A
R43WTWwgYGY_001,0.9240506329113924,79,R43WTWwgYGY,2025,2025+,B
R43WTWwgYGY_002,0.3897058823529412,136,R43WTWwgYGY,2025,2025+,B
R43WTWwgYGY_003,0.9459459459459459,148,R43WTWwgYGY,2025,2025+,B
R43WTWwgYGY_004,0.832,125,R43WTWwgYGY,2025,2025+,B
R43WTWwgYGY_005,0.7985611510791367,139,R43WTWwgYGY,2025,2025+,B
R43WTWwgYGY_006,0.890625,64,R43WTWwgYGY,2025,2025+,B
R43WTWwgYGY_007,0.6116504854368932,103,R43WTWwgYGY,2025,2025+,B
R43WTWwgYGY_008,0.9669421487603306,121,R43WTWwgYGY,2025,2025+,B
R43WTWwgYGY_011,0.8421052631578947,19,R43WTWwgYGY,2025,2025+,B
R43WTWwgYGY_012,1.0,9,R43WTWwgYGY,2025,2025+,B
RMOyCOQSNIQ_001,1.0,3,RMOyCOQSNIQ,2021,pre-2025,A
RMOyCOQSNIQ_002,0.8444444444444444,45,RMOyCOQSNIQ,2021,pre-2025,A
RMOyCOQSNIQ_003,1.0,4,RMOyCOQSNIQ,2021,pre-2025,A
RMOyCOQSNIQ_004,0.9642857142857143,28,RMOyCOQSNIQ,2021,pre-2025,A
RMOyCOQSNIQ_005,0.8333333333333334,12,RMOyCOQSNIQ,2021,pre-2025,B
RMOyCOQSNIQ_006,0.7857142857142857,14,RMOyCOQSNIQ,2021,pre-2025,B
RMOyCOQSNIQ_007,0.9444444444444444,18,RMOyCOQSNIQ,2021,pre-2025,A
RMOyCOQSNIQ_008,0.7142857142857143,28,RMOyCOQSNIQ,2021,pre-2025,A
RMOyCOQSNIQ_009,0.8846153846153846,26,RMOyCOQSNIQ,2021,pre-2025,A
RMOyCOQSNIQ_010,1.0,14,RMOyCOQSNIQ,2021,pre-2025,A
RMOyCOQSNIQ_011,0.9230769230769231,13,RMOyCOQSNIQ,2021,pre-2025,B
RMOyCOQSNIQ_012,0.4431818181818182,88,RMOyCOQSNIQ,2021,pre-2025,B
RMOyCOQSNIQ_013,0.9230769230769231,13,RMOyCOQSNIQ,2021,pre-2025,A
RMOyCOQSNIQ_014,0.9259259259259259,54,RMOyCOQSNIQ,2021,pre-2025,B
RMOyCOQSNIQ_015,0.9375,16,RMOyCOQSNIQ,2021,pre-2025,A
RMOyCOQSNIQ_016,1.0,9,RMOyCOQSNIQ,2021,pre-2025,B
RTYjh4qhcEk_000,0.9651162790697675,86,RTYjh4qhcEk,2024,pre-2025,A
RTYjh4qhcEk_001,0.9333333333333333,15,RTYjh4qhcEk,2024,pre-2025,A
RTYjh4qhcEk_002,0.9306930693069307,101,RTYjh4qhcEk,2024,pre-2025,B
RTYjh4qhcEk_003,0.9054054054054054,148,RTYjh4qhcEk,2024,pre-2025,B
RTYjh4qhcEk_004,0.7272727272727273,11,RTYjh4qhcEk,2024,pre-2025,B
RTYjh4qhcEk_005,1.0,9,RTYjh4qhcEk,2024,pre-2025,A
RYFm405HgV4_000,0.7966101694915254,59,RYFm405HgV4,2024,pre-2025,B
RYFm405HgV4_001,1.0,9,RYFm405HgV4,2024,pre-2025,A
RZSN8vn4_1o_000,0.9166666666666666,48,RZSN8vn4_1o,2022,pre-2025,A
RZSN8vn4_1o_001,1.0,28,RZSN8vn4_1o,2022,pre-2025,A
RZSN8vn4_1o_002,0.9107142857142857,56,RZSN8vn4_1o,2022,pre-2025,A
RZSN8vn4_1o_003,0.9464285714285714,56,RZSN8vn4_1o,2022,pre-2025,A
RZSN8vn4_1o_004,0.9642857142857143,56,RZSN8vn4_1o,2022,pre-2025,A
RZSN8vn4_1o_005,0.9642857142857143,84,RZSN8vn4_1o,2022,pre-2025,A
RZSN8vn4_1o_006,0.9464285714285714,56,RZSN8vn4_1o,2022,pre-2025,A
RZSN8vn4_1o_007,0.5918367346938775,98,RZSN8vn4_1o,2022,pre-2025,B
RZSN8vn4_1o_008,0.8571428571428571,14,RZSN8vn4_1o,2022,pre-2025,B
RZSN8vn4_1o_009,0.9404761904761905,84,RZSN8vn4_1o,2022,pre-2025,A
RZSN8vn4_1o_010,0.9166666666666666,84,RZSN8vn4_1o,2022,pre-2025,A
RZSN8vn4_1o_011,0.9489795918367347,98,RZSN8vn4_1o,2022,pre-2025,B
RZSN8vn4_1o_012,1.0,14,RZSN8vn4_1o,2022,pre-2025,B
RZSN8vn4_1o_013,0.9642857142857143,56,RZSN8vn4_1o,2022,pre-2025,A
RZSN8vn4_1o_014,1.0,11,RZSN8vn4_1o,2022,pre-2025,B
RZSN8vn4_1o_015,1.0,9,RZSN8vn4_1o,2022,pre-2025,A
Rke75Kw5GU8_000,1.0,24,Rke75Kw5GU8,2022,pre-2025,A
Rke75Kw5GU8_001,1.0,36,Rke75Kw5GU8,2022,pre-2025,A
Rke75Kw5GU8_002,0.8518518518518519,27,Rke75Kw5GU8,2022,pre-2025,A
Rke75Kw5GU8_003,0.5217391304347826,92,Rke75Kw5GU8,2022,pre-2025,B
Rke75Kw5GU8_004,0.9401709401709402,117,Rke75Kw5GU8,2022,pre-2025,B
Rke75Kw5GU8_005,0.916083916083916,143,Rke75Kw5GU8,2022,pre-2025,B
Rke75Kw5GU8_006,0.8043478260869565,46,Rke75Kw5GU8,2022,pre-2025,B
Rke75Kw5GU8_007,0.9159663865546218,119,Rke75Kw5GU8,2022,pre-2025,A
Rke75Kw5GU8_008,1.0,28,Rke75Kw5GU8,2022,pre-2025,A
Rke75Kw5GU8_009,0.875,16,Rke75Kw5GU8,2022,pre-2025,A
Rke75Kw5GU8_010,0.9714285714285714,35,Rke75Kw5GU8,2022,pre-2025,A
Rke75Kw5GU8_011,0.975,40,Rke75Kw5GU8,2022,pre-2025,A
Rke75Kw5GU8_012,0.9148936170212766,141,Rke75Kw5GU8,2022,pre-2025,B
Rke75Kw5GU8_013,0.9761904761904762,42,Rke75Kw5GU8,2022,pre-2025,B
Rke75Kw5GU8_014,0.9655172413793104,29,Rke75Kw5GU8,2022,pre-2025,A
Rke75Kw5GU8_015,0.8888888888888888,9,Rke75Kw5GU8,2022,pre-2025,A
Rke75Kw5GU8_016,1.0,10,Rke75Kw5GU8,2022,pre-2025,A
Rke75Kw5GU8_017,1.0,9,Rke75Kw5GU8,2022,pre-2025,A
Rke75Kw5GU8_018,1.0,6,Rke75Kw5GU8,2022,pre-2025,A
Rke75Kw5GU8_019,0.9655172413793104,29,Rke75Kw5GU8,2022,pre-2025,A
Rke75Kw5GU8_020,0.9142857142857143,35,Rke75Kw5GU8,2022,pre-2025,A
Rke75Kw5GU8_021,0.9523809523809523,21,Rke75Kw5GU8,2022,pre-2025,A
Rke75Kw5GU8_022,0.896551724137931,87,Rke75Kw5GU8,2022,pre-2025,A
Rke75Kw5GU8_023,1.0,11,Rke75Kw5GU8,2022,pre-2025,B
Rke75Kw5GU8_024,1.0,9,Rke75Kw5GU8,2022,pre-2025,A
RnH3K-ddpjs_000,0.9176470588235294,85,RnH3K-ddpjs,2024,pre-2025,B
RnH3K-ddpjs_001,0.889763779527559,127,RnH3K-ddpjs,2024,pre-2025,B
RnH3K-ddpjs_004,0.0,28,RnH3K-ddpjs,2024,pre-2025,A
RnH3K-ddpjs_010,0.7272727272727273,11,RnH3K-ddpjs,2024,pre-2025,B
RnH3K-ddpjs_011,1.0,9,RnH3K-ddpjs,2024,pre-2025,A
Rwq2tZR69No_000,1.0,10,Rwq2tZR69No,2024,pre-2025,A
Rwq2tZR69No_001,1.0,10,Rwq2tZR69No,2024,pre-2025,A
Rwq2tZR69No_002,0.8,20,Rwq2tZR69No,2024,pre-2025,A
Rwq2tZR69No_003,1.0,4,Rwq2tZR69No,2024,pre-2025,A
Rwq2tZR69No_004,1.0,2,Rwq2tZR69No,2024,pre-2025,A
Rwq2tZR69No_005,1.0,2,Rwq2tZR69No,2024,pre-2025,A
Rwq2tZR69No_006,1.0,9,Rwq2tZR69No,2024,pre-2025,A
Rwq2tZR69No_007,1.0,2,Rwq2tZR69No,2024,pre-2025,B
Rwq2tZR69No_008,0.5,2,Rwq2tZR69No,2024,pre-2025,A
Rwq2tZR69No_009,0.5,2,Rwq2tZR69No,2024,pre-2025,A
Rwq2tZR69No_010,0.5,2,Rwq2tZR69No,2024,pre-2025,B
Rwq2tZR69No_011,1.0,5,Rwq2tZR69No,2024,pre-2025,A
Rwq2tZR69No_012,0.9,20,Rwq2tZR69No,2024,pre-2025,B
Rwq2tZR69No_013,1.0,9,Rwq2tZR69No,2024,pre-2025,A
Rx2pH_xbJwE_000,0.96,25,Rx2pH_xbJwE,2023,pre-2025,A
Rx2pH_xbJwE_001,1.0,17,Rx2pH_xbJwE,2023,pre-2025,A
Rx2pH_xbJwE_002,0.8571428571428571,28,Rx2pH_xbJwE,2023,pre-2025,A
Rx2pH_xbJwE_003,1.0,26,Rx2pH_xbJwE,2023,pre-2025,A
Rx2pH_xbJwE_004,0.9629629629629629,27,Rx2pH_xbJwE,2023,pre-2025,A
Rx2pH_xbJwE_005,0.9411764705882353,51,Rx2pH_xbJwE,2023,pre-2025,A
Rx2pH_xbJwE_006,1.0,28,Rx2pH_xbJwE,2023,pre-2025,A
Rx2pH_xbJwE_007,0.9230769230769231,26,Rx2pH_xbJwE,2023,pre-2025,A
Rx2pH_xbJwE_008,0.9310344827586207,29,Rx2pH_xbJwE,2023,pre-2025,A
Rx2pH_xbJwE_010,1.0,9,Rx2pH_xbJwE,2023,pre-2025,A
S41cxlpNcAc_000,0.9411764705882353,17,S41cxlpNcAc,2024,pre-2025,A
S41cxlpNcAc_001,0.25471698113207547,106,S41cxlpNcAc,2024,pre-2025,B
S41cxlpNcAc_002,0.7272727272727273,11,S41cxlpNcAc,2024,pre-2025,B
S41cxlpNcAc_003,1.0,9,S41cxlpNcAc,2024,pre-2025,A
S7tdhuGEHLk_000,0.8017241379310345,116,S7tdhuGEHLk,2024,pre-2025,B
S7tdhuGEHLk_001,0.7542372881355932,118,S7tdhuGEHLk,2024,pre-2025,B
S7tdhuGEHLk_002,0.8974358974358975,117,S7tdhuGEHLk,2024,pre-2025,B
S7tdhuGEHLk_003,0.7368421052631579,38,S7tdhuGEHLk,2024,pre-2025,B
S7tdhuGEHLk_004,0.8888888888888888,9,S7tdhuGEHLk,2024,pre-2025,B
SFBrInCe1SM_000,1.0,11,SFBrInCe1SM,2022,pre-2025,B
SFBrInCe1SM_001,1.0,9,SFBrInCe1SM,2022,pre-2025,A
SO3bKXmHRRY_000,0.95,20,SO3bKXmHRRY,2025,2025+,A
SO3bKXmHRRY_001,0.7407407407407407,27,SO3bKXmHRRY,2025,2025+,B
SO3bKXmHRRY_002,1.0,9,SO3bKXmHRRY,2025,2025+,B
SOtBjHRIAMU_000,0.7424242424242424,66,SOtBjHRIAMU,2025,2025+,A
SOtBjHRIAMU_001,1.0,6,SOtBjHRIAMU,2025,2025+,A
SOtBjHRIAMU_002,0.8833333333333333,60,SOtBjHRIAMU,2025,2025+,A
SOtBjHRIAMU_003,0.7272727272727273,11,SOtBjHRIAMU,2025,2025+,B
SOtBjHRIAMU_004,1.0,9,SOtBjHRIAMU,2025,2025+,A
SRpa-WO48cQ_000,0.9,10,SRpa-WO48cQ,2026,2025+,A
SRpa-WO48cQ_001,0.9393939393939394,99,SRpa-WO48cQ,2026,2025+,B
SRpa-WO48cQ_002,0.9022556390977443,133,SRpa-WO48cQ,2026,2025+,B
SRpa-WO48cQ_003,0.8835616438356164,146,SRpa-WO48cQ,2026,2025+,B
SRpa-WO48cQ_004,0.8571428571428571,56,SRpa-WO48cQ,2026,2025+,B
SRpa-WO48cQ_005,0.9157894736842105,95,SRpa-WO48cQ,2026,2025+,B
SRpa-WO48cQ_006,0.9152542372881356,118,SRpa-WO48cQ,2026,2025+,B
SRpa-WO48cQ_007,0.8681318681318682,91,SRpa-WO48cQ,2026,2025+,B
SRpa-WO48cQ_008,0.8405797101449275,69,SRpa-WO48cQ,2026,2025+,B
SRpa-WO48cQ_009,0.8741258741258742,143,SRpa-WO48cQ,2026,2025+,B
SRpa-WO48cQ_010,0.5597014925373134,134,SRpa-WO48cQ,2026,2025+,B
SRpa-WO48cQ_011,1.0,58,SRpa-WO48cQ,2026,2025+,B
SRpa-WO48cQ_012,0.8785046728971962,107,SRpa-WO48cQ,2026,2025+,A
SRpa-WO48cQ_014,0.0,1,SRpa-WO48cQ,2026,2025+,A
SRpa-WO48cQ_015,0.8333333333333334,60,SRpa-WO48cQ,2026,2025+,B
SRpa-WO48cQ_016,0.9347826086956522,92,SRpa-WO48cQ,2026,2025+,B
SRpa-WO48cQ_017,0.8425925925925926,108,SRpa-WO48cQ,2026,2025+,B
SRpa-WO48cQ_018,0.9772727272727273,44,SRpa-WO48cQ,2026,2025+,B
SRpa-WO48cQ_020,0.0,11,SRpa-WO48cQ,2026,2025+,A
SRpa-WO48cQ_021,0.9090909090909091,33,SRpa-WO48cQ,2026,2025+,A
SRpa-WO48cQ_022,0.96875,32,SRpa-WO48cQ,2026,2025+,A
SRpa-WO48cQ_023,0.941747572815534,103,SRpa-WO48cQ,2026,2025+,A
SRpa-WO48cQ_025,1.0,12,SRpa-WO48cQ,2026,2025+,A
SRpa-WO48cQ_026,0.7272727272727273,11,SRpa-WO48cQ,2026,2025+,B
SRpa-WO48cQ_027,1.0,9,SRpa-WO48cQ,2026,2025+,B
Sb_8xsOD9ps_000,0.24242424242424243,99,Sb_8xsOD9ps,2024,pre-2025,B
Sb_8xsOD9ps_001,1.0,9,Sb_8xsOD9ps,2024,pre-2025,A
SheQHIKfZrA_000,0.875,8,SheQHIKfZrA,2022,pre-2025,B
SheQHIKfZrA_001,0.9701492537313433,67,SheQHIKfZrA,2022,pre-2025,A
SkOPCvsnxsg_000,1.0,23,SkOPCvsnxsg,2022,pre-2025,A
SkOPCvsnxsg_001,1.0,7,SkOPCvsnxsg,2022,pre-2025,B
SkOPCvsnxsg_002,0.9565217391304348,69,SkOPCvsnxsg,2022,pre-2025,A
SkOPCvsnxsg_003,0.8947368421052632,19,SkOPCvsnxsg,2022,pre-2025,A
SkOPCvsnxsg_004,1.0,15,SkOPCvsnxsg,2022,pre-2025,A
SkOPCvsnxsg_005,0.9722222222222222,36,SkOPCvsnxsg,2022,pre-2025,A
SkOPCvsnxsg_006,1.0,11,SkOPCvsnxsg,2022,pre-2025,A
SkOPCvsnxsg_007,0.8831168831168831,77,SkOPCvsnxsg,2022,pre-2025,A
SkOPCvsnxsg_008,1.0,11,SkOPCvsnxsg,2022,pre-2025,A
SkOPCvsnxsg_009,1.0,8,SkOPCvsnxsg,2022,pre-2025,A
SkOPCvsnxsg_010,1.0,9,SkOPCvsnxsg,2022,pre-2025,A
SkOPCvsnxsg_011,0.9615384615384616,26,SkOPCvsnxsg,2022,pre-2025,A
SkOPCvsnxsg_012,0.8888888888888888,9,SkOPCvsnxsg,2022,pre-2025,A
SkOPCvsnxsg_013,0.9051724137931034,116,SkOPCvsnxsg,2022,pre-2025,B
SkOPCvsnxsg_014,1.0,15,SkOPCvsnxsg,2022,pre-2025,B
SkOPCvsnxsg_015,1.0,8,SkOPCvsnxsg,2022,pre-2025,A
SkOPCvsnxsg_016,1.0,22,SkOPCvsnxsg,2022,pre-2025,A
SkOPCvsnxsg_017,0.9333333333333333,15,SkOPCvsnxsg,2022,pre-2025,A
SkOPCvsnxsg_018,0.8571428571428571,7,SkOPCvsnxsg,2022,pre-2025,A
SkOPCvsnxsg_019,0.8888888888888888,9,SkOPCvsnxsg,2022,pre-2025,A
SkOPCvsnxsg_020,1.0,23,SkOPCvsnxsg,2022,pre-2025,A
SkOPCvsnxsg_021,0.9041095890410958,73,SkOPCvsnxsg,2022,pre-2025,A
SkOPCvsnxsg_023,0.8571428571428571,7,SkOPCvsnxsg,2022,pre-2025,A
SkOPCvsnxsg_024,1.0,2,SkOPCvsnxsg,2022,pre-2025,B
SkOPCvsnxsg_025,1.0,4,SkOPCvsnxsg,2022,pre-2025,A
SkOPCvsnxsg_026,1.0,19,SkOPCvsnxsg,2022,pre-2025,A
SkOPCvsnxsg_027,1.0,31,SkOPCvsnxsg,2022,pre-2025,A
SkOPCvsnxsg_028,1.0,9,SkOPCvsnxsg,2022,pre-2025,A
SkOPCvsnxsg_029,1.0,28,SkOPCvsnxsg,2022,pre-2025,B
SkOPCvsnxsg_030,0.9285714285714286,112,SkOPCvsnxsg,2022,pre-2025,B
SkOPCvsnxsg_031,0.9156626506024096,83,SkOPCvsnxsg,2022,pre-2025,B
SkOPCvsnxsg_032,0.8947368421052632,38,SkOPCvsnxsg,2022,pre-2025,A
SkOPCvsnxsg_033,0.9375,16,SkOPCvsnxsg,2022,pre-2025,A
SkOPCvsnxsg_034,0.9,20,SkOPCvsnxsg,2022,pre-2025,A
SkOPCvsnxsg_036,1.0,10,SkOPCvsnxsg,2022,pre-2025,A
SkOPCvsnxsg_037,1.0,11,SkOPCvsnxsg,2022,pre-2025,B
SkOPCvsnxsg_038,1.0,9,SkOPCvsnxsg,2022,pre-2025,A
T0Cup5Bdkf4_000,0.9090909090909091,33,T0Cup5Bdkf4,2022,pre-2025,A
T0Cup5Bdkf4_001,1.0,20,T0Cup5Bdkf4,2022,pre-2025,A
T0Cup5Bdkf4_002,0.7272727272727273,11,T0Cup5Bdkf4,2022,pre-2025,A
T0Cup5Bdkf4_003,0.9375,16,T0Cup5Bdkf4,2022,pre-2025,A
T0Cup5Bdkf4_004,0.84,50,T0Cup5Bdkf4,2022,pre-2025,A
T0Cup5Bdkf4_005,0.2727272727272727,66,T0Cup5Bdkf4,2022,pre-2025,A
T0Cup5Bdkf4_006,0.8783783783783784,74,T0Cup5Bdkf4,2022,pre-2025,A
T0Cup5Bdkf4_007,0.8421052631578947,19,T0Cup5Bdkf4,2022,pre-2025,A
T0Cup5Bdkf4_008,0.8260869565217391,23,T0Cup5Bdkf4,2022,pre-2025,A
T0Cup5Bdkf4_009,0.8925619834710744,121,T0Cup5Bdkf4,2022,pre-2025,B
T0Cup5Bdkf4_010,0.8181818181818182,11,T0Cup5Bdkf4,2022,pre-2025,B
T0Cup5Bdkf4_011,0.7777777777777778,9,T0Cup5Bdkf4,2022,pre-2025,A
T9Yi2rohQUQ_000,0.7948717948717948,39,T9Yi2rohQUQ,2022,pre-2025,A
T9Yi2rohQUQ_001,1.0,13,T9Yi2rohQUQ,2022,pre-2025,A
T9Yi2rohQUQ_002,0.9278350515463918,97,T9Yi2rohQUQ,2022,pre-2025,B
T9Yi2rohQUQ_003,0.9333333333333333,45,T9Yi2rohQUQ,2022,pre-2025,B
T9Yi2rohQUQ_004,0.9375,16,T9Yi2rohQUQ,2022,pre-2025,A
T9Yi2rohQUQ_005,0.8307692307692308,65,T9Yi2rohQUQ,2022,pre-2025,A
T9Yi2rohQUQ_006,1.0,9,T9Yi2rohQUQ,2022,pre-2025,A
T9Yi2rohQUQ_007,0.96,125,T9Yi2rohQUQ,2022,pre-2025,A
T9Yi2rohQUQ_008,1.0,8,T9Yi2rohQUQ,2022,pre-2025,A
T9Yi2rohQUQ_009,0.9090909090909091,11,T9Yi2rohQUQ,2022,pre-2025,A
T9Yi2rohQUQ_010,0.8225806451612904,62,T9Yi2rohQUQ,2022,pre-2025,A
T9Yi2rohQUQ_011,1.0,11,T9Yi2rohQUQ,2022,pre-2025,B
TA0W22-E_0M_000,0.95,40,TA0W22-E_0M,2024,pre-2025,A
TA0W22-E_0M_002,0.9444444444444444,18,TA0W22-E_0M,2024,pre-2025,A
TA0W22-E_0M_004,0.5555555555555556,9,TA0W22-E_0M,2024,pre-2025,A
TA0W22-E_0M_005,0.21428571428571427,14,TA0W22-E_0M,2024,pre-2025,A
TA0W22-E_0M_006,0.0,5,TA0W22-E_0M,2024,pre-2025,A
TA0W22-E_0M_007,0.3333333333333333,6,TA0W22-E_0M,2024,pre-2025,A
TA0W22-E_0M_008,0.8,25,TA0W22-E_0M,2024,pre-2025,B
TA0W22-E_0M_009,0.8888888888888888,9,TA0W22-E_0M,2024,pre-2025,B
TGfr8DXepFM_000,0.08333333333333333,12,TGfr8DXepFM,2025,2025+,A
TGfr8DXepFM_001,0.8333333333333334,18,TGfr8DXepFM,2025,2025+,A
TGfr8DXepFM_002,0.7272727272727273,11,TGfr8DXepFM,2025,2025+,B
TGfr8DXepFM_003,1.0,9,TGfr8DXepFM,2025,2025+,A
TRnR3FYiJps_000,0.9285714285714286,14,TRnR3FYiJps,2025,2025+,A
TRnR3FYiJps_001,0.7857142857142857,14,TRnR3FYiJps,2025,2025+,A
TRnR3FYiJps_002,1.0,14,TRnR3FYiJps,2025,2025+,A
TRnR3FYiJps_003,0.9285714285714286,14,TRnR3FYiJps,2025,2025+,A
TRnR3FYiJps_004,0.7272727272727273,11,TRnR3FYiJps,2025,2025+,B
TRnR3FYiJps_005,1.0,9,TRnR3FYiJps,2025,2025+,A
TWoH_ijjAUk_000,1.0,28,TWoH_ijjAUk,2022,pre-2025,A
TWoH_ijjAUk_001,0.926829268292683,41,TWoH_ijjAUk,2022,pre-2025,A
TWoH_ijjAUk_002,0.8666666666666667,15,TWoH_ijjAUk,2022,pre-2025,A
TWoH_ijjAUk_003,0.9047619047619048,21,TWoH_ijjAUk,2022,pre-2025,A
TWoH_ijjAUk_004,1.0,6,TWoH_ijjAUk,2022,pre-2025,A
TWoH_ijjAUk_005,0.2727272727272727,11,TWoH_ijjAUk,2022,pre-2025,A
TWoH_ijjAUk_006,0.9,10,TWoH_ijjAUk,2022,pre-2025,B
TWoH_ijjAUk_007,1.0,8,TWoH_ijjAUk,2022,pre-2025,A
TWoH_ijjAUk_008,0.9,10,TWoH_ijjAUk,2022,pre-2025,A
TWoH_ijjAUk_009,0.7333333333333333,15,TWoH_ijjAUk,2022,pre-2025,A
TWoH_ijjAUk_010,0.9807692307692307,52,TWoH_ijjAUk,2022,pre-2025,A
TWoH_ijjAUk_011,1.0,5,TWoH_ijjAUk,2022,pre-2025,A
TWoH_ijjAUk_012,1.0,11,TWoH_ijjAUk,2022,pre-2025,A
TWoH_ijjAUk_013,1.0,6,TWoH_ijjAUk,2022,pre-2025,A
TWoH_ijjAUk_014,0.9523809523809523,21,TWoH_ijjAUk,2022,pre-2025,A
TWoH_ijjAUk_015,0.7272727272727273,11,TWoH_ijjAUk,2022,pre-2025,A
TWoH_ijjAUk_016,1.0,12,TWoH_ijjAUk,2022,pre-2025,B
TWoH_ijjAUk_017,1.0,3,TWoH_ijjAUk,2022,pre-2025,A
TWoH_ijjAUk_018,0.9655172413793104,29,TWoH_ijjAUk,2022,pre-2025,A
TWoH_ijjAUk_019,1.0,15,TWoH_ijjAUk,2022,pre-2025,A
TWoH_ijjAUk_020,1.0,11,TWoH_ijjAUk,2022,pre-2025,A
TWoH_ijjAUk_021,1.0,5,TWoH_ijjAUk,2022,pre-2025,A
TWoH_ijjAUk_022,0.8,5,TWoH_ijjAUk,2022,pre-2025,A
TWoH_ijjAUk_023,1.0,12,TWoH_ijjAUk,2022,pre-2025,A
TWoH_ijjAUk_024,0.7142857142857143,7,TWoH_ijjAUk,2022,pre-2025,A
TWoH_ijjAUk_025,0.7142857142857143,7,TWoH_ijjAUk,2022,pre-2025,A
TWoH_ijjAUk_026,0.75,8,TWoH_ijjAUk,2022,pre-2025,A
TWoH_ijjAUk_027,1.0,19,TWoH_ijjAUk,2022,pre-2025,A
TWoH_ijjAUk_028,0.7857142857142857,14,TWoH_ijjAUk,2022,pre-2025,A
TWoH_ijjAUk_029,0.6153846153846154,13,TWoH_ijjAUk,2022,pre-2025,A
TWoH_ijjAUk_030,0.9090909090909091,22,TWoH_ijjAUk,2022,pre-2025,A
TWoH_ijjAUk_031,1.0,22,TWoH_ijjAUk,2022,pre-2025,A
TWoH_ijjAUk_032,0.881578947368421,76,TWoH_ijjAUk,2022,pre-2025,A
TWoH_ijjAUk_033,1.0,33,TWoH_ijjAUk,2022,pre-2025,A
TWoH_ijjAUk_034,0.9583333333333334,24,TWoH_ijjAUk,2022,pre-2025,A
TWoH_ijjAUk_035,0.8,40,TWoH_ijjAUk,2022,pre-2025,A
TWoH_ijjAUk_036,1.0,4,TWoH_ijjAUk,2022,pre-2025,A
TWoH_ijjAUk_037,0.75,4,TWoH_ijjAUk,2022,pre-2025,A
TWoH_ijjAUk_038,1.0,42,TWoH_ijjAUk,2022,pre-2025,A
TWoH_ijjAUk_039,1.0,9,TWoH_ijjAUk,2022,pre-2025,A
TWoH_ijjAUk_040,1.0,11,TWoH_ijjAUk,2022,pre-2025,A
TWoH_ijjAUk_041,0.8888888888888888,9,TWoH_ijjAUk,2022,pre-2025,A
TWoH_ijjAUk_042,1.0,11,TWoH_ijjAUk,2022,pre-2025,B
TWoH_ijjAUk_043,1.0,9,TWoH_ijjAUk,2022,pre-2025,A
TpKyBapvTbE_000,0.9642857142857143,28,TpKyBapvTbE,2025,2025+,A
TpKyBapvTbE_001,0.9285714285714286,28,TpKyBapvTbE,2025,2025+,A
TpKyBapvTbE_002,0.8928571428571429,28,TpKyBapvTbE,2025,2025+,A
TpKyBapvTbE_003,0.8928571428571429,28,TpKyBapvTbE,2025,2025+,A
TpKyBapvTbE_004,0.9285714285714286,28,TpKyBapvTbE,2025,2025+,A
TpKyBapvTbE_005,0.7272727272727273,11,TpKyBapvTbE,2025,2025+,B
TpKyBapvTbE_006,1.0,9,TpKyBapvTbE,2025,2025+,A
TrLtHAYYW2c_000,1.0,15,TrLtHAYYW2c,2022,pre-2025,A
TrLtHAYYW2c_001,0.9333333333333333,15,TrLtHAYYW2c,2022,pre-2025,A
TrLtHAYYW2c_002,0.75,4,TrLtHAYYW2c,2022,pre-2025,A
TrLtHAYYW2c_003,0.8888888888888888,18,TrLtHAYYW2c,2022,pre-2025,B
TrLtHAYYW2c_004,1.0,9,TrLtHAYYW2c,2022,pre-2025,A
U36zHkmhn-c_000,0.8928571428571429,28,U36zHkmhn-c,2025,2025+,A
U36zHkmhn-c_002,0.7142857142857143,21,U36zHkmhn-c,2025,2025+,A
U36zHkmhn-c_003,0.5555555555555556,9,U36zHkmhn-c,2025,2025+,A
U36zHkmhn-c_004,0.6875,16,U36zHkmhn-c,2025,2025+,A
U36zHkmhn-c_005,0.35714285714285715,14,U36zHkmhn-c,2025,2025+,A
U36zHkmhn-c_006,0.7804878048780488,41,U36zHkmhn-c,2025,2025+,A
U36zHkmhn-c_007,0.38095238095238093,42,U36zHkmhn-c,2025,2025+,A
U36zHkmhn-c_008,0.6956521739130435,23,U36zHkmhn-c,2025,2025+,A
U36zHkmhn-c_009,0.4807692307692308,104,U36zHkmhn-c,2025,2025+,A
U36zHkmhn-c_010,0.43243243243243246,37,U36zHkmhn-c,2025,2025+,A
U36zHkmhn-c_011,0.7,10,U36zHkmhn-c,2025,2025+,A
U36zHkmhn-c_012,0.6666666666666666,6,U36zHkmhn-c,2025,2025+,A
U36zHkmhn-c_013,0.6666666666666666,6,U36zHkmhn-c,2025,2025+,A
U36zHkmhn-c_014,0.9,10,U36zHkmhn-c,2025,2025+,A
U36zHkmhn-c_015,0.18181818181818182,22,U36zHkmhn-c,2025,2025+,A
U36zHkmhn-c_016,0.6666666666666666,3,U36zHkmhn-c,2025,2025+,A
U36zHkmhn-c_018,0.9411764705882353,17,U36zHkmhn-c,2025,2025+,A
U36zHkmhn-c_019,0.8888888888888888,9,U36zHkmhn-c,2025,2025+,B
U36zHkmhn-c_020,1.0,9,U36zHkmhn-c,2025,2025+,A
U36zHkmhn-c_021,0.6666666666666666,6,U36zHkmhn-c,2025,2025+,A
U36zHkmhn-c_022,0.3333333333333333,12,U36zHkmhn-c,2025,2025+,A
U36zHkmhn-c_023,0.375,8,U36zHkmhn-c,2025,2025+,A
U36zHkmhn-c_024,0.5,6,U36zHkmhn-c,2025,2025+,A
U36zHkmhn-c_025,0.8,5,U36zHkmhn-c,2025,2025+,A
U36zHkmhn-c_026,0.7857142857142857,28,U36zHkmhn-c,2025,2025+,B
U36zHkmhn-c_027,1.0,9,U36zHkmhn-c,2025,2025+,A
U6kEU5fVy8M_000,1.0,15,U6kEU5fVy8M,2022,pre-2025,A
U6kEU5fVy8M_001,1.0,11,U6kEU5fVy8M,2022,pre-2025,A
U6kEU5fVy8M_002,0.8,10,U6kEU5fVy8M,2022,pre-2025,A
U6kEU5fVy8M_003,0.8709677419354839,31,U6kEU5fVy8M,2022,pre-2025,A
U6kEU5fVy8M_004,0.95,60,U6kEU5fVy8M,2022,pre-2025,A
U6kEU5fVy8M_005,1.0,4,U6kEU5fVy8M,2022,pre-2025,A
U6kEU5fVy8M_006,0.9787234042553191,47,U6kEU5fVy8M,2022,pre-2025,A
U6kEU5fVy8M_007,0.9736842105263158,38,U6kEU5fVy8M,2022,pre-2025,A
U6kEU5fVy8M_008,1.0,21,U6kEU5fVy8M,2022,pre-2025,A
U6kEU5fVy8M_009,0.9423076923076923,52,U6kEU5fVy8M,2022,pre-2025,A
U6kEU5fVy8M_010,0.9302325581395349,43,U6kEU5fVy8M,2022,pre-2025,A
U6kEU5fVy8M_011,0.9230769230769231,52,U6kEU5fVy8M,2022,pre-2025,A
U6kEU5fVy8M_012,1.0,8,U6kEU5fVy8M,2022,pre-2025,B
U6kEU5fVy8M_013,1.0,9,U6kEU5fVy8M,2022,pre-2025,A
UAsnU0Vn_go_000,0.9375,16,UAsnU0Vn_go,2022,pre-2025,A
UAsnU0Vn_go_001,1.0,32,UAsnU0Vn_go,2022,pre-2025,B
UAsnU0Vn_go_002,0.9393939393939394,33,UAsnU0Vn_go,2022,pre-2025,A
UAsnU0Vn_go_003,1.0,11,UAsnU0Vn_go,2022,pre-2025,A
UAsnU0Vn_go_004,0.9491525423728814,59,UAsnU0Vn_go,2022,pre-2025,A
UAsnU0Vn_go_005,0.8695652173913043,23,UAsnU0Vn_go,2022,pre-2025,A
UAsnU0Vn_go_006,0.9245283018867925,53,UAsnU0Vn_go,2022,pre-2025,A
UAsnU0Vn_go_007,0.9459459459459459,74,UAsnU0Vn_go,2022,pre-2025,A
UAsnU0Vn_go_008,0.8974358974358975,39,UAsnU0Vn_go,2022,pre-2025,A
UAsnU0Vn_go_009,0.9826086956521739,115,UAsnU0Vn_go,2022,pre-2025,B
UAsnU0Vn_go_010,0.9523809523809523,126,UAsnU0Vn_go,2022,pre-2025,A
UAsnU0Vn_go_011,0.9696969696969697,99,UAsnU0Vn_go,2022,pre-2025,A
UAsnU0Vn_go_012,0.9789473684210527,95,UAsnU0Vn_go,2022,pre-2025,A
UAsnU0Vn_go_013,1.0,9,UAsnU0Vn_go,2022,pre-2025,A
UAsnU0Vn_go_014,0.875,8,UAsnU0Vn_go,2022,pre-2025,B
UAsnU0Vn_go_015,1.0,9,UAsnU0Vn_go,2022,pre-2025,A
UE2Yh076-V0_000,0.75,8,UE2Yh076-V0,2024,pre-2025,A
UE2Yh076-V0_001,0.7037037037037037,54,UE2Yh076-V0,2024,pre-2025,B
UE2Yh076-V0_002,1.0,9,UE2Yh076-V0,2024,pre-2025,B
ULm0hQPi1FA_000,0.875,8,ULm0hQPi1FA,2022,pre-2025,B
ULm0hQPi1FA_001,0.46875,32,ULm0hQPi1FA,2022,pre-2025,A
ULm0hQPi1FA_002,0.9818181818181818,55,ULm0hQPi1FA,2022,pre-2025,A
ULm0hQPi1FA_003,1.0,11,ULm0hQPi1FA,2022,pre-2025,A
ULm0hQPi1FA_005,0.4,20,ULm0hQPi1FA,2022,pre-2025,A
ULm0hQPi1FA_006,1.0,9,ULm0hQPi1FA,2022,pre-2025,A
UYQD1u6EOj4_000,0.6875,16,UYQD1u6EOj4,2022,pre-2025,A
UYQD1u6EOj4_001,1.0,11,UYQD1u6EOj4,2022,pre-2025,A
UYQD1u6EOj4_002,0.9714285714285714,70,UYQD1u6EOj4,2022,pre-2025,A
UYQD1u6EOj4_003,0.9354838709677419,124,UYQD1u6EOj4,2022,pre-2025,B
UYQD1u6EOj4_004,0.9333333333333333,15,UYQD1u6EOj4,2022,pre-2025,B
UYQD1u6EOj4_005,0.9555555555555556,90,UYQD1u6EOj4,2022,pre-2025,A
UYQD1u6EOj4_006,0.9814814814814815,54,UYQD1u6EOj4,2022,pre-2025,A
UYQD1u6EOj4_007,0.9375,80,UYQD1u6EOj4,2022,pre-2025,A
UYQD1u6EOj4_008,0.8125,16,UYQD1u6EOj4,2022,pre-2025,A
UYQD1u6EOj4_009,0.9534883720930233,43,UYQD1u6EOj4,2022,pre-2025,A
UYQD1u6EOj4_010,0.9375,16,UYQD1u6EOj4,2022,pre-2025,A
UYQD1u6EOj4_011,0.9642857142857143,28,UYQD1u6EOj4,2022,pre-2025,A
UYQD1u6EOj4_012,1.0,11,UYQD1u6EOj4,2022,pre-2025,B
UYQD1u6EOj4_013,1.0,9,UYQD1u6EOj4,2022,pre-2025,A
Ue3PasbN4c4_002,0.8923076923076924,65,Ue3PasbN4c4,2021,pre-2025,A
Ue3PasbN4c4_003,0.890625,64,Ue3PasbN4c4,2021,pre-2025,B
Ue3PasbN4c4_004,1.0,3,Ue3PasbN4c4,2021,pre-2025,A
Ue3PasbN4c4_005,0.39285714285714285,56,Ue3PasbN4c4,2021,pre-2025,B
Ue3PasbN4c4_006,1.0,12,Ue3PasbN4c4,2021,pre-2025,A
Ue3PasbN4c4_007,0.9743589743589743,39,Ue3PasbN4c4,2021,pre-2025,A
Ue3PasbN4c4_008,1.0,9,Ue3PasbN4c4,2021,pre-2025,B
Uw_m6F9DL8Q_000,0.9107142857142857,56,Uw_m6F9DL8Q,2025,2025+,A
Uw_m6F9DL8Q_001,0.8214285714285714,28,Uw_m6F9DL8Q,2025,2025+,A
Uw_m6F9DL8Q_002,1.0,28,Uw_m6F9DL8Q,2025,2025+,A
Uw_m6F9DL8Q_003,0.875,8,Uw_m6F9DL8Q,2025,2025+,A
Uw_m6F9DL8Q_004,1.0,8,Uw_m6F9DL8Q,2025,2025+,A
Uw_m6F9DL8Q_005,0.8571428571428571,7,Uw_m6F9DL8Q,2025,2025+,A
Uw_m6F9DL8Q_006,0.7142857142857143,7,Uw_m6F9DL8Q,2025,2025+,A
Uw_m6F9DL8Q_007,0.7272727272727273,11,Uw_m6F9DL8Q,2025,2025+,B
Uw_m6F9DL8Q_008,1.0,9,Uw_m6F9DL8Q,2025,2025+,A
V5rV2K_PbJI_000,0.9591836734693877,49,V5rV2K_PbJI,2022,pre-2025,A
V5rV2K_PbJI_001,0.9852941176470589,68,V5rV2K_PbJI,2022,pre-2025,A
V5rV2K_PbJI_002,0.8857142857142857,35,V5rV2K_PbJI,2022,pre-2025,A
V5rV2K_PbJI_003,1.0,39,V5rV2K_PbJI,2022,pre-2025,A
V5rV2K_PbJI_004,0.8214285714285714,28,V5rV2K_PbJI,2022,pre-2025,A
V5rV2K_PbJI_005,1.0,29,V5rV2K_PbJI,2022,pre-2025,A
V5rV2K_PbJI_006,1.0,33,V5rV2K_PbJI,2022,pre-2025,A
V5rV2K_PbJI_007,1.0,18,V5rV2K_PbJI,2022,pre-2025,A
V5rV2K_PbJI_008,1.0,36,V5rV2K_PbJI,2022,pre-2025,A
V5rV2K_PbJI_009,0.8085106382978723,47,V5rV2K_PbJI,2022,pre-2025,A
V5rV2K_PbJI_010,0.975609756097561,41,V5rV2K_PbJI,2022,pre-2025,A
V5rV2K_PbJI_011,0.9655172413793104,87,V5rV2K_PbJI,2022,pre-2025,A
V5rV2K_PbJI_012,0.8953488372093024,86,V5rV2K_PbJI,2022,pre-2025,B
V5rV2K_PbJI_013,0.9591836734693877,49,V5rV2K_PbJI,2022,pre-2025,A
V5rV2K_PbJI_014,0.9166666666666666,36,V5rV2K_PbJI,2022,pre-2025,A
V5rV2K_PbJI_015,1.0,11,V5rV2K_PbJI,2022,pre-2025,B
V5rV2K_PbJI_016,1.0,9,V5rV2K_PbJI,2022,pre-2025,A
V65IV4tY3S0_000,0.875,8,V65IV4tY3S0,2022,pre-2025,B
V65IV4tY3S0_001,0.46875,32,V65IV4tY3S0,2022,pre-2025,A
V65IV4tY3S0_002,0.9818181818181818,55,V65IV4tY3S0,2022,pre-2025,A
V65IV4tY3S0_003,1.0,11,V65IV4tY3S0,2022,pre-2025,A
V65IV4tY3S0_005,0.4,20,V65IV4tY3S0,2022,pre-2025,A
V65IV4tY3S0_006,1.0,9,V65IV4tY3S0,2022,pre-2025,A
VIXesMqwTbk_000,0.0,2,VIXesMqwTbk,2026,2025+,A
VIXesMqwTbk_001,0.0,16,VIXesMqwTbk,2026,2025+,A
VIXesMqwTbk_002,0.8,20,VIXesMqwTbk,2026,2025+,A
VIXesMqwTbk_003,0.625,16,VIXesMqwTbk,2026,2025+,B
VIXesMqwTbk_004,0.42424242424242425,99,VIXesMqwTbk,2026,2025+,B
VIXesMqwTbk_005,0.42857142857142855,42,VIXesMqwTbk,2026,2025+,B
VIXesMqwTbk_006,0.0,4,VIXesMqwTbk,2026,2025+,A
VIXesMqwTbk_007,0.7272727272727273,11,VIXesMqwTbk,2026,2025+,B
VIXesMqwTbk_008,1.0,9,VIXesMqwTbk,2026,2025+,B
VOlUzFvL6OY_000,0.9811320754716981,53,VOlUzFvL6OY,2022,pre-2025,A
VOlUzFvL6OY_001,0.8431372549019608,51,VOlUzFvL6OY,2022,pre-2025,A
VOlUzFvL6OY_002,0.9347826086956522,46,VOlUzFvL6OY,2022,pre-2025,A
VOlUzFvL6OY_003,0.8620689655172413,29,VOlUzFvL6OY,2022,pre-2025,A
VOlUzFvL6OY_004,0.96875,32,VOlUzFvL6OY,2022,pre-2025,A
VOlUzFvL6OY_005,1.0,11,VOlUzFvL6OY,2022,pre-2025,B
VOlUzFvL6OY_006,1.0,9,VOlUzFvL6OY,2022,pre-2025,A
VSRNkjL-Rs8_002,1.0,6,VSRNkjL-Rs8,2022,pre-2025,A
VSRNkjL-Rs8_004,1.0,11,VSRNkjL-Rs8,2022,pre-2025,A
VSRNkjL-Rs8_005,0.9090909090909091,11,VSRNkjL-Rs8,2022,pre-2025,A
VSRNkjL-Rs8_007,1.0,9,VSRNkjL-Rs8,2022,pre-2025,A
VV08vrYsfEc_000,0.8888888888888888,9,VV08vrYsfEc,2024,pre-2025,A
VV08vrYsfEc_001,1.0,6,VV08vrYsfEc,2024,pre-2025,A
VV08vrYsfEc_002,1.0,8,VV08vrYsfEc,2024,pre-2025,A
VV08vrYsfEc_003,0.7647058823529411,34,VV08vrYsfEc,2024,pre-2025,B
VV08vrYsfEc_004,1.0,9,VV08vrYsfEc,2024,pre-2025,B
V_HbhFRv6l4_000,0.8888888888888888,36,V_HbhFRv6l4,2022,pre-2025,A
V_HbhFRv6l4_001,0.7903225806451613,62,V_HbhFRv6l4,2022,pre-2025,A
V_HbhFRv6l4_002,0.8028169014084507,71,V_HbhFRv6l4,2022,pre-2025,A
V_HbhFRv6l4_003,0.9433962264150944,53,V_HbhFRv6l4,2022,pre-2025,A
V_HbhFRv6l4_004,0.9710144927536232,69,V_HbhFRv6l4,2022,pre-2025,A
V_HbhFRv6l4_005,0.9272727272727272,55,V_HbhFRv6l4,2022,pre-2025,A
V_HbhFRv6l4_006,0.8846153846153846,26,V_HbhFRv6l4,2022,pre-2025,A
V_HbhFRv6l4_007,0.9375,64,V_HbhFRv6l4,2022,pre-2025,A
V_HbhFRv6l4_008,0.9354838709677419,62,V_HbhFRv6l4,2022,pre-2025,A
V_HbhFRv6l4_009,0.9811320754716981,53,V_HbhFRv6l4,2022,pre-2025,A
V_HbhFRv6l4_010,0.95,120,V_HbhFRv6l4,2022,pre-2025,B
V_HbhFRv6l4_011,1.0,11,V_HbhFRv6l4,2022,pre-2025,B
V_HbhFRv6l4_012,1.0,11,V_HbhFRv6l4,2022,pre-2025,B
V_HbhFRv6l4_013,1.0,9,V_HbhFRv6l4,2022,pre-2025,A
Vw6jr6ClWSo_000,1.0,9,Vw6jr6ClWSo,2025,2025+,A
Vw6jr6ClWSo_001,0.8571428571428571,28,Vw6jr6ClWSo,2025,2025+,A
Vw6jr6ClWSo_002,0.7,10,Vw6jr6ClWSo,2025,2025+,B
Vw6jr6ClWSo_003,0.8888888888888888,9,Vw6jr6ClWSo,2025,2025+,A
W3L1YQiN-vs_000,0.875,8,W3L1YQiN-vs,2022,pre-2025,B
W3L1YQiN-vs_002,1.0,9,W3L1YQiN-vs,2022,pre-2025,A
W3t3MS0YG8Q_000,0.8524590163934426,122,W3t3MS0YG8Q,2024,pre-2025,A
W3t3MS0YG8Q_001,0.8571428571428571,14,W3t3MS0YG8Q,2024,pre-2025,A
W3t3MS0YG8Q_002,0.7777777777777778,9,W3t3MS0YG8Q,2024,pre-2025,A
W3t3MS0YG8Q_003,0.7777777777777778,9,W3t3MS0YG8Q,2024,pre-2025,A
W3t3MS0YG8Q_004,0.9090909090909091,33,W3t3MS0YG8Q,2024,pre-2025,A
W3t3MS0YG8Q_005,0.3025210084033613,119,W3t3MS0YG8Q,2024,pre-2025,B
W3t3MS0YG8Q_006,0.7941176470588235,34,W3t3MS0YG8Q,2024,pre-2025,B
W3t3MS0YG8Q_007,0.9195402298850575,87,W3t3MS0YG8Q,2024,pre-2025,B
W3t3MS0YG8Q_008,1.0,9,W3t3MS0YG8Q,2024,pre-2025,A
W6q_eMvdJ1Y_000,1.0,34,W6q_eMvdJ1Y,2022,pre-2025,A
W6q_eMvdJ1Y_001,1.0,12,W6q_eMvdJ1Y,2022,pre-2025,A
W6q_eMvdJ1Y_002,0.9183673469387755,49,W6q_eMvdJ1Y,2022,pre-2025,A
W6q_eMvdJ1Y_003,0.96,100,W6q_eMvdJ1Y,2022,pre-2025,A
W6q_eMvdJ1Y_005,0.2,25,W6q_eMvdJ1Y,2022,pre-2025,A
W6q_eMvdJ1Y_006,0.2857142857142857,42,W6q_eMvdJ1Y,2022,pre-2025,A
W6q_eMvdJ1Y_007,0.5263157894736842,19,W6q_eMvdJ1Y,2022,pre-2025,A
W6q_eMvdJ1Y_008,1.0,11,W6q_eMvdJ1Y,2022,pre-2025,B
W6q_eMvdJ1Y_009,1.0,9,W6q_eMvdJ1Y,2022,pre-2025,A
WCpDbhSyK7k_000,0.3333333333333333,9,WCpDbhSyK7k,2024,pre-2025,A
WCpDbhSyK7k_001,0.937007874015748,127,WCpDbhSyK7k,2024,pre-2025,A
WCpDbhSyK7k_003,0.16666666666666666,66,WCpDbhSyK7k,2024,pre-2025,B
WCpDbhSyK7k_004,0.9315068493150684,73,WCpDbhSyK7k,2024,pre-2025,B
WCpDbhSyK7k_005,0.7647058823529411,17,WCpDbhSyK7k,2024,pre-2025,A
WCpDbhSyK7k_006,0.6363636363636364,11,WCpDbhSyK7k,2024,pre-2025,A
WCpDbhSyK7k_007,0.5,6,WCpDbhSyK7k,2024,pre-2025,A
WCpDbhSyK7k_008,0.8888888888888888,9,WCpDbhSyK7k,2024,pre-2025,A
WCpDbhSyK7k_009,0.8,5,WCpDbhSyK7k,2024,pre-2025,A
WCpDbhSyK7k_010,0.2857142857142857,7,WCpDbhSyK7k,2024,pre-2025,A
WCpDbhSyK7k_011,0.4666666666666667,15,WCpDbhSyK7k,2024,pre-2025,A
WCpDbhSyK7k_012,0.16666666666666666,6,WCpDbhSyK7k,2024,pre-2025,A
WCpDbhSyK7k_013,0.5555555555555556,9,WCpDbhSyK7k,2024,pre-2025,A
WCpDbhSyK7k_014,0.7272727272727273,11,WCpDbhSyK7k,2024,pre-2025,B
WCpDbhSyK7k_015,1.0,9,WCpDbhSyK7k,2024,pre-2025,B
WFtzJD_UhfU_000,0.8695652173913043,23,WFtzJD_UhfU,2026,2025+,A
WFtzJD_UhfU_001,0.3333333333333333,3,WFtzJD_UhfU,2026,2025+,A
WFtzJD_UhfU_002,0.7777777777777778,9,WFtzJD_UhfU,2026,2025+,A
WFtzJD_UhfU_003,0.8181818181818182,11,WFtzJD_UhfU,2026,2025+,B
WFtzJD_UhfU_004,1.0,9,WFtzJD_UhfU,2026,2025+,A
WceS1ddqRLI_001,0.3333333333333333,3,WceS1ddqRLI,2025,2025+,A
WceS1ddqRLI_002,0.0,3,WceS1ddqRLI,2025,2025+,A
WceS1ddqRLI_003,0.9285714285714286,28,WceS1ddqRLI,2025,2025+,A
WceS1ddqRLI_004,0.8928571428571429,28,WceS1ddqRLI,2025,2025+,A
WceS1ddqRLI_005,0.2857142857142857,28,WceS1ddqRLI,2025,2025+,B
WceS1ddqRLI_006,0.7272727272727273,11,WceS1ddqRLI,2025,2025+,B
WceS1ddqRLI_007,1.0,9,WceS1ddqRLI,2025,2025+,B
Whvy26QDqpk_000,0.7777777777777778,99,Whvy26QDqpk,2024,pre-2025,B
Whvy26QDqpk_001,0.32727272727272727,110,Whvy26QDqpk,2024,pre-2025,B
Whvy26QDqpk_002,0.64,25,Whvy26QDqpk,2024,pre-2025,B
Whvy26QDqpk_003,1.0,9,Whvy26QDqpk,2024,pre-2025,A
Ws-kE2loi9E_000,0.9642857142857143,56,Ws-kE2loi9E,2024,pre-2025,A
Ws-kE2loi9E_001,0.8295454545454546,88,Ws-kE2loi9E,2024,pre-2025,B
Ws-kE2loi9E_002,0.5714285714285714,7,Ws-kE2loi9E,2024,pre-2025,B
Ws-kE2loi9E_003,1.0,9,Ws-kE2loi9E,2024,pre-2025,B
WzFTOmosXpg_000,0.7943262411347518,141,WzFTOmosXpg,2024,pre-2025,B
WzFTOmosXpg_001,0.5,16,WzFTOmosXpg,2024,pre-2025,B
WzFTOmosXpg_002,0.8828125,128,WzFTOmosXpg,2024,pre-2025,B
WzFTOmosXpg_003,0.8333333333333334,120,WzFTOmosXpg,2024,pre-2025,B
WzFTOmosXpg_004,1.0,9,WzFTOmosXpg,2024,pre-2025,A
X0KbsvCMKPY_000,0.8571428571428571,14,X0KbsvCMKPY,2025,2025+,A
X0KbsvCMKPY_001,0.9642857142857143,28,X0KbsvCMKPY,2025,2025+,A
X0KbsvCMKPY_002,0.9285714285714286,42,X0KbsvCMKPY,2025,2025+,A
X0KbsvCMKPY_003,0.7272727272727273,11,X0KbsvCMKPY,2025,2025+,B
X0KbsvCMKPY_004,0.8888888888888888,9,X0KbsvCMKPY,2025,2025+,A
X0OHN5iUdWk_000,0.8833333333333333,120,X0OHN5iUdWk,2024,pre-2025,B
X0OHN5iUdWk_001,0.9185185185185185,135,X0OHN5iUdWk,2024,pre-2025,B
X0OHN5iUdWk_002,0.9347826086956522,46,X0OHN5iUdWk,2024,pre-2025,A
X0OHN5iUdWk_003,0.8796296296296297,108,X0OHN5iUdWk,2024,pre-2025,A
X0OHN5iUdWk_004,0.8333333333333334,30,X0OHN5iUdWk,2024,pre-2025,B
X0OHN5iUdWk_005,1.0,9,X0OHN5iUdWk,2024,pre-2025,B
X0gS6HRSeVw_000,0.5524475524475524,143,X0gS6HRSeVw,2025,2025+,B
X0gS6HRSeVw_001,0.8533333333333334,75,X0gS6HRSeVw,2025,2025+,B
X0gS6HRSeVw_002,0.8928571428571429,56,X0gS6HRSeVw,2025,2025+,A
X0gS6HRSeVw_003,0.8461538461538461,39,X0gS6HRSeVw,2025,2025+,B
X0gS6HRSeVw_004,1.0,9,X0gS6HRSeVw,2025,2025+,A
X1jILspAmNs_000,0.9436619718309859,71,X1jILspAmNs,2025,2025+,A
X1jILspAmNs_001,0.6,5,X1jILspAmNs,2025,2025+,B
X1jILspAmNs_002,0.375,8,X1jILspAmNs,2025,2025+,B
X1jILspAmNs_003,0.1111111111111111,18,X1jILspAmNs,2025,2025+,A
X1jILspAmNs_004,0.15789473684210525,19,X1jILspAmNs,2025,2025+,A
X1jILspAmNs_005,0.16666666666666666,18,X1jILspAmNs,2025,2025+,A
X1jILspAmNs_006,0.16216216216216217,111,X1jILspAmNs,2025,2025+,A
X1jILspAmNs_007,0.8985507246376812,69,X1jILspAmNs,2025,2025+,A
X1jILspAmNs_008,0.8048780487804879,41,X1jILspAmNs,2025,2025+,A
X1jILspAmNs_009,0.8181818181818182,11,X1jILspAmNs,2025,2025+,B
X1jILspAmNs_010,1.0,9,X1jILspAmNs,2025,2025+,B
X7Q_g9P-Pa4_000,1.0,8,X7Q_g9P-Pa4,2025,2025+,A
X7Q_g9P-Pa4_001,1.0,4,X7Q_g9P-Pa4,2025,2025+,A
X7Q_g9P-Pa4_002,1.0,7,X7Q_g9P-Pa4,2025,2025+,A
X7Q_g9P-Pa4_003,1.0,54,X7Q_g9P-Pa4,2025,2025+,B
X7Q_g9P-Pa4_004,1.0,12,X7Q_g9P-Pa4,2025,2025+,A
X7Q_g9P-Pa4_005,0.9333333333333333,30,X7Q_g9P-Pa4,2025,2025+,A
X7Q_g9P-Pa4_006,0.9583333333333334,24,X7Q_g9P-Pa4,2025,2025+,A
X7Q_g9P-Pa4_007,0.5,12,X7Q_g9P-Pa4,2025,2025+,A
X7Q_g9P-Pa4_008,0.9285714285714286,14,X7Q_g9P-Pa4,2025,2025+,A
X7Q_g9P-Pa4_009,0.8448275862068966,116,X7Q_g9P-Pa4,2025,2025+,B
X7Q_g9P-Pa4_010,0.9148936170212766,94,X7Q_g9P-Pa4,2025,2025+,B
X7Q_g9P-Pa4_011,1.0,4,X7Q_g9P-Pa4,2025,2025+,B
X7Q_g9P-Pa4_012,1.0,9,X7Q_g9P-Pa4,2025,2025+,A
XBgO4iQ6JwY_000,1.0,11,XBgO4iQ6JwY,2023,pre-2025,A
XBgO4iQ6JwY_001,0.9285714285714286,28,XBgO4iQ6JwY,2023,pre-2025,A
XBgO4iQ6JwY_002,0.8214285714285714,28,XBgO4iQ6JwY,2023,pre-2025,A
XBgO4iQ6JwY_003,0.8928571428571429,28,XBgO4iQ6JwY,2023,pre-2025,A
XBgO4iQ6JwY_004,0.8928571428571429,28,XBgO4iQ6JwY,2023,pre-2025,A
XBgO4iQ6JwY_005,0.9642857142857143,28,XBgO4iQ6JwY,2023,pre-2025,A
XBgO4iQ6JwY_006,0.9464285714285714,56,XBgO4iQ6JwY,2023,pre-2025,B
XBgO4iQ6JwY_007,0.9333333333333333,30,XBgO4iQ6JwY,2023,pre-2025,A
XBgO4iQ6JwY_008,1.0,11,XBgO4iQ6JwY,2023,pre-2025,B
XBgO4iQ6JwY_009,1.0,9,XBgO4iQ6JwY,2023,pre-2025,A
XHHm38uL7Rs_000,0.9607843137254902,51,XHHm38uL7Rs,2024,pre-2025,B
XHHm38uL7Rs_001,0.5258620689655172,116,XHHm38uL7Rs,2024,pre-2025,B
XHHm38uL7Rs_002,0.3333333333333333,117,XHHm38uL7Rs,2024,pre-2025,B
XHHm38uL7Rs_003,0.9222222222222223,90,XHHm38uL7Rs,2024,pre-2025,B
XNW1Cjr6bLg_000,0.9078947368421053,76,XNW1Cjr6bLg,2024,pre-2025,B
XNW1Cjr6bLg_001,0.6666666666666666,120,XNW1Cjr6bLg,2024,pre-2025,B
XNW1Cjr6bLg_002,0.45454545454545453,11,XNW1Cjr6bLg,2024,pre-2025,A
XNW1Cjr6bLg_003,0.5348837209302325,43,XNW1Cjr6bLg,2024,pre-2025,A
XNW1Cjr6bLg_005,0.24,25,XNW1Cjr6bLg,2024,pre-2025,A
XNW1Cjr6bLg_007,0.3157894736842105,19,XNW1Cjr6bLg,2024,pre-2025,A
XNW1Cjr6bLg_008,0.7758620689655172,58,XNW1Cjr6bLg,2024,pre-2025,A
XNW1Cjr6bLg_009,0.7,10,XNW1Cjr6bLg,2024,pre-2025,B
XNW1Cjr6bLg_010,1.0,9,XNW1Cjr6bLg,2024,pre-2025,A
XQx_179B1l8_000,0.9389312977099237,131,XQx_179B1l8,2025,2025+,A
XQx_179B1l8_001,0.8876404494382022,89,XQx_179B1l8,2025,2025+,A
XQx_179B1l8_002,0.926829268292683,41,XQx_179B1l8,2025,2025+,A
XQx_179B1l8_003,0.8865979381443299,97,XQx_179B1l8,2025,2025+,B
XQx_179B1l8_004,0.8666666666666667,60,XQx_179B1l8,2025,2025+,B
XQx_179B1l8_005,0.24,75,XQx_179B1l8,2025,2025+,A
XQx_179B1l8_006,0.6666666666666666,6,XQx_179B1l8,2025,2025+,B
XQx_179B1l8_007,0.9130434782608695,92,XQx_179B1l8,2025,2025+,B
XQx_179B1l8_008,1.0,9,XQx_179B1l8,2025,2025+,A
XfuquiAUeSY_000,0.9487179487179487,39,XfuquiAUeSY,2022,pre-2025,A
XfuquiAUeSY_001,0.8571428571428571,28,XfuquiAUeSY,2022,pre-2025,A
XfuquiAUeSY_002,0.8928571428571429,28,XfuquiAUeSY,2022,pre-2025,A
XfuquiAUeSY_003,0.8461538461538461,39,XfuquiAUeSY,2022,pre-2025,B
XfuquiAUeSY_004,1.0,9,XfuquiAUeSY,2022,pre-2025,A
XhjXPvA0FhU_000,0.8928571428571429,28,XhjXPvA0FhU,2022,pre-2025,A
XhjXPvA0FhU_001,1.0,11,XhjXPvA0FhU,2022,pre-2025,B
XhjXPvA0FhU_002,1.0,9,XhjXPvA0FhU,2022,pre-2025,A
XhtThcouRjo_000,0.9047619047619048,63,XhtThcouRjo,2025,2025+,A
XhtThcouRjo_001,1.0,16,XhtThcouRjo,2025,2025+,A
XhtThcouRjo_002,0.21428571428571427,28,XhtThcouRjo,2025,2025+,A
XhtThcouRjo_003,0.7272727272727273,11,XhtThcouRjo,2025,2025+,B
XhtThcouRjo_004,1.0,9,XhtThcouRjo,2025,2025+,A
XoSr_UFugbc_000,1.0,24,XoSr_UFugbc,2022,pre-2025,A
XoSr_UFugbc_001,1.0,9,XoSr_UFugbc,2022,pre-2025,A
XoSr_UFugbc_002,1.0,8,XoSr_UFugbc,2022,pre-2025,A
XoSr_UFugbc_003,0.9166666666666666,12,XoSr_UFugbc,2022,pre-2025,A
XoSr_UFugbc_004,0.8,5,XoSr_UFugbc,2022,pre-2025,A
XoSr_UFugbc_005,0.75,8,XoSr_UFugbc,2022,pre-2025,A
XoSr_UFugbc_006,0.9047619047619048,63,XoSr_UFugbc,2022,pre-2025,A
XoSr_UFugbc_007,0.8928571428571429,28,XoSr_UFugbc,2022,pre-2025,A
XoSr_UFugbc_008,0.5148514851485149,101,XoSr_UFugbc,2022,pre-2025,A
XoSr_UFugbc_009,0.6,5,XoSr_UFugbc,2022,pre-2025,A
XoSr_UFugbc_010,0.9166666666666666,12,XoSr_UFugbc,2022,pre-2025,A
XoSr_UFugbc_011,0.9019607843137255,51,XoSr_UFugbc,2022,pre-2025,A
XoSr_UFugbc_012,0.8873239436619719,71,XoSr_UFugbc,2022,pre-2025,A
XoSr_UFugbc_013,0.8611111111111112,36,XoSr_UFugbc,2022,pre-2025,A
XoSr_UFugbc_014,0.9,10,XoSr_UFugbc,2022,pre-2025,A
XoSr_UFugbc_015,0.75,8,XoSr_UFugbc,2022,pre-2025,A
XoSr_UFugbc_016,1.0,7,XoSr_UFugbc,2022,pre-2025,A
XoSr_UFugbc_017,1.0,6,XoSr_UFugbc,2022,pre-2025,A
XoSr_UFugbc_018,0.8701298701298701,77,XoSr_UFugbc,2022,pre-2025,A
XoSr_UFugbc_019,0.8208955223880597,67,XoSr_UFugbc,2022,pre-2025,B
XoSr_UFugbc_020,0.9285714285714286,14,XoSr_UFugbc,2022,pre-2025,A
XoSr_UFugbc_021,0.868421052631579,38,XoSr_UFugbc,2022,pre-2025,A
XoSr_UFugbc_022,1.0,11,XoSr_UFugbc,2022,pre-2025,B
XoSr_UFugbc_023,1.0,9,XoSr_UFugbc,2022,pre-2025,A
XrKoDnOcgmk_000,0.891566265060241,83,XrKoDnOcgmk,2024,pre-2025,A
XrKoDnOcgmk_001,0.9285714285714286,28,XrKoDnOcgmk,2024,pre-2025,A
XrKoDnOcgmk_003,0.7272727272727273,11,XrKoDnOcgmk,2024,pre-2025,B
XrKoDnOcgmk_004,1.0,9,XrKoDnOcgmk,2024,pre-2025,A
Y0Ldjrv-EK0_000,0.875,8,Y0Ldjrv-EK0,2022,pre-2025,B
Y0Ldjrv-EK0_001,1.0,25,Y0Ldjrv-EK0,2022,pre-2025,A
Y0Ldjrv-EK0_002,1.0,11,Y0Ldjrv-EK0,2022,pre-2025,B
YBk5juEYqLk_000,0.5714285714285714,7,YBk5juEYqLk,2025,2025+,A
YBk5juEYqLk_001,1.0,11,YBk5juEYqLk,2025,2025+,A
YBk5juEYqLk_002,0.9090909090909091,11,YBk5juEYqLk,2025,2025+,A
YBk5juEYqLk_003,0.7272727272727273,11,YBk5juEYqLk,2025,2025+,B
YBk5juEYqLk_004,1.0,9,YBk5juEYqLk,2025,2025+,A
YE84Iy5vwHc_000,0.8181818181818182,77,YE84Iy5vwHc,2026,2025+,A
YE84Iy5vwHc_001,0.7272727272727273,11,YE84Iy5vwHc,2026,2025+,A
YE84Iy5vwHc_002,0.15789473684210525,19,YE84Iy5vwHc,2026,2025+,B
YE84Iy5vwHc_003,1.0,9,YE84Iy5vwHc,2026,2025+,A
YNw8-7yDYqQ_000,0.9142857142857143,35,YNw8-7yDYqQ,2026,2025+,B
YNw8-7yDYqQ_002,1.0,8,YNw8-7yDYqQ,2026,2025+,A
YNw8-7yDYqQ_013,0.875,16,YNw8-7yDYqQ,2026,2025+,A
YNw8-7yDYqQ_014,0.8333333333333334,6,YNw8-7yDYqQ,2026,2025+,A
YNw8-7yDYqQ_015,1.0,10,YNw8-7yDYqQ,2026,2025+,B
YNw8-7yDYqQ_016,0.28,25,YNw8-7yDYqQ,2026,2025+,A
YNw8-7yDYqQ_017,0.9166666666666666,12,YNw8-7yDYqQ,2026,2025+,A
YNw8-7yDYqQ_021,0.7647058823529411,17,YNw8-7yDYqQ,2026,2025+,A
YNw8-7yDYqQ_022,0.8048780487804879,41,YNw8-7yDYqQ,2026,2025+,A
YNw8-7yDYqQ_023,0.835820895522388,67,YNw8-7yDYqQ,2026,2025+,A
YNw8-7yDYqQ_024,0.6666666666666666,12,YNw8-7yDYqQ,2026,2025+,B
YNw8-7yDYqQ_025,1.0,9,YNw8-7yDYqQ,2026,2025+,A
YV9XuD-BsfY_000,1.0,40,YV9XuD-BsfY,2022,pre-2025,A
YV9XuD-BsfY_001,1.0,54,YV9XuD-BsfY,2022,pre-2025,A
YV9XuD-BsfY_002,0.9090909090909091,44,YV9XuD-BsfY,2022,pre-2025,A
YV9XuD-BsfY_003,1.0,45,YV9XuD-BsfY,2022,pre-2025,B
YV9XuD-BsfY_004,0.9444444444444444,54,YV9XuD-BsfY,2022,pre-2025,A
YV9XuD-BsfY_005,0.8888888888888888,18,YV9XuD-BsfY,2022,pre-2025,A
YV9XuD-BsfY_006,0.85,20,YV9XuD-BsfY,2022,pre-2025,B
YV9XuD-BsfY_007,1.0,16,YV9XuD-BsfY,2022,pre-2025,A
YV9XuD-BsfY_008,0.9393939393939394,33,YV9XuD-BsfY,2022,pre-2025,A
YV9XuD-BsfY_009,0.9411764705882353,68,YV9XuD-BsfY,2022,pre-2025,A
YV9XuD-BsfY_010,0.9634146341463414,82,YV9XuD-BsfY,2022,pre-2025,A
YV9XuD-BsfY_012,1.0,9,YV9XuD-BsfY,2022,pre-2025,A
YZwJFoSGjX8_000,0.9642857142857143,28,YZwJFoSGjX8,2025,2025+,A
YZwJFoSGjX8_001,0.8928571428571429,28,YZwJFoSGjX8,2025,2025+,A
YZwJFoSGjX8_002,0.8928571428571429,28,YZwJFoSGjX8,2025,2025+,A
YZwJFoSGjX8_003,0.7272727272727273,11,YZwJFoSGjX8,2025,2025+,B
YZwJFoSGjX8_004,1.0,9,YZwJFoSGjX8,2025,2025+,A
YcdvhG8bY2M_000,0.8863636363636364,88,YcdvhG8bY2M,2024,pre-2025,B
YcdvhG8bY2M_001,0.8292682926829268,82,YcdvhG8bY2M,2024,pre-2025,B
YcdvhG8bY2M_002,0.8888888888888888,27,YcdvhG8bY2M,2024,pre-2025,B
YcdvhG8bY2M_003,1.0,9,YcdvhG8bY2M,2024,pre-2025,A
YjCvF8VfjV4_000,0.9,10,YjCvF8VfjV4,2022,pre-2025,A
YjCvF8VfjV4_001,1.0,22,YjCvF8VfjV4,2022,pre-2025,A
YjCvF8VfjV4_002,0.9473684210526315,38,YjCvF8VfjV4,2022,pre-2025,A
YjCvF8VfjV4_003,0.9454545454545454,55,YjCvF8VfjV4,2022,pre-2025,A
YjCvF8VfjV4_004,0.8636363636363636,44,YjCvF8VfjV4,2022,pre-2025,A
YjCvF8VfjV4_005,0.9375,64,YjCvF8VfjV4,2022,pre-2025,A
YjCvF8VfjV4_006,0.8857142857142857,105,YjCvF8VfjV4,2022,pre-2025,A
YjCvF8VfjV4_007,0.9375,48,YjCvF8VfjV4,2022,pre-2025,A
YjCvF8VfjV4_008,0.8636363636363636,88,YjCvF8VfjV4,2022,pre-2025,A
YjCvF8VfjV4_009,0.9523809523809523,21,YjCvF8VfjV4,2022,pre-2025,A
YjCvF8VfjV4_010,0.9058823529411765,85,YjCvF8VfjV4,2022,pre-2025,A
YjCvF8VfjV4_011,0.9466666666666667,75,YjCvF8VfjV4,2022,pre-2025,B
YjCvF8VfjV4_012,0.9444444444444444,54,YjCvF8VfjV4,2022,pre-2025,A
YjCvF8VfjV4_013,0.95,20,YjCvF8VfjV4,2022,pre-2025,B
YjCvF8VfjV4_014,0.9473684210526315,38,YjCvF8VfjV4,2022,pre-2025,A
YjCvF8VfjV4_015,1.0,11,YjCvF8VfjV4,2022,pre-2025,B
YjCvF8VfjV4_016,1.0,9,YjCvF8VfjV4,2022,pre-2025,A
ZLG2nJtty3c_000,0.7777777777777778,9,ZLG2nJtty3c,2025,2025+,A
ZLG2nJtty3c_001,0.8850574712643678,87,ZLG2nJtty3c,2025,2025+,B
ZLG2nJtty3c_002,0.8671875,128,ZLG2nJtty3c,2025,2025+,B
ZLG2nJtty3c_003,0.8476190476190476,105,ZLG2nJtty3c,2025,2025+,B
ZLG2nJtty3c_004,0.8955223880597015,67,ZLG2nJtty3c,2025,2025+,B
ZLG2nJtty3c_005,0.8421052631578947,76,ZLG2nJtty3c,2025,2025+,B
ZLG2nJtty3c_006,0.8,115,ZLG2nJtty3c,2025,2025+,B
ZLG2nJtty3c_007,0.7959183673469388,49,ZLG2nJtty3c,2025,2025+,B
ZLG2nJtty3c_008,1.0,9,ZLG2nJtty3c,2025,2025+,B
ZMunEzpO-TY_001,0.35714285714285715,14,ZMunEzpO-TY,2025,2025+,A
ZMunEzpO-TY_002,0.75,4,ZMunEzpO-TY,2025,2025+,A
ZMunEzpO-TY_003,1.0,3,ZMunEzpO-TY,2025,2025+,A
ZMunEzpO-TY_004,0.25,4,ZMunEzpO-TY,2025,2025+,A
ZMunEzpO-TY_005,0.8571428571428571,28,ZMunEzpO-TY,2025,2025+,A
ZMunEzpO-TY_006,0.7857142857142857,28,ZMunEzpO-TY,2025,2025+,A
ZMunEzpO-TY_007,0.85,20,ZMunEzpO-TY,2025,2025+,A
ZMunEzpO-TY_008,0.7272727272727273,11,ZMunEzpO-TY,2025,2025+,B
ZMunEzpO-TY_009,1.0,9,ZMunEzpO-TY,2025,2025+,A
ZXl6sv6TAU4_000,1.0,4,ZXl6sv6TAU4,2022,pre-2025,A
ZXl6sv6TAU4_001,0.9285714285714286,42,ZXl6sv6TAU4,2022,pre-2025,A
ZXl6sv6TAU4_002,1.0,34,ZXl6sv6TAU4,2022,pre-2025,A
ZXl6sv6TAU4_003,0.9523809523809523,84,ZXl6sv6TAU4,2022,pre-2025,A
ZXl6sv6TAU4_004,0.9351851851851852,108,ZXl6sv6TAU4,2022,pre-2025,A
ZXl6sv6TAU4_005,0.3076923076923077,13,ZXl6sv6TAU4,2022,pre-2025,A
ZXl6sv6TAU4_006,0.6428571428571429,42,ZXl6sv6TAU4,2022,pre-2025,A
ZXl6sv6TAU4_007,0.896,125,ZXl6sv6TAU4,2022,pre-2025,B
ZXl6sv6TAU4_008,0.375,8,ZXl6sv6TAU4,2022,pre-2025,B
ZXl6sv6TAU4_009,0.4444444444444444,9,ZXl6sv6TAU4,2022,pre-2025,A
ZXl6sv6TAU4_010,0.6086956521739131,23,ZXl6sv6TAU4,2022,pre-2025,A
ZXl6sv6TAU4_011,0.6,10,ZXl6sv6TAU4,2022,pre-2025,A
ZXl6sv6TAU4_012,1.0,11,ZXl6sv6TAU4,2022,pre-2025,B
ZXl6sv6TAU4_013,1.0,9,ZXl6sv6TAU4,2022,pre-2025,A
Zcd4ihNEu0U_000,0.875,8,Zcd4ihNEu0U,2022,pre-2025,B
Zcd4ihNEu0U_001,0.8955223880597015,67,Zcd4ihNEu0U,2022,pre-2025,A
Zcd4ihNEu0U_002,1.0,9,Zcd4ihNEu0U,2022,pre-2025,A
ZmSQd7naNi0_000,0.8928571428571429,56,ZmSQd7naNi0,2024,pre-2025,B
ZmSQd7naNi0_001,0.8717948717948718,39,ZmSQd7naNi0,2024,pre-2025,B
ZmSQd7naNi0_002,1.0,9,ZmSQd7naNi0,2024,pre-2025,A
Zv4HCXYAayY_000,0.9464285714285714,56,Zv4HCXYAayY,2025,2025+,A
Zv4HCXYAayY_001,0.7272727272727273,11,Zv4HCXYAayY,2025,2025+,B
Zv4HCXYAayY_002,0.8888888888888888,9,Zv4HCXYAayY,2025,2025+,A
ZxkifjASQvo_000,0.9736842105263158,76,ZxkifjASQvo,2023,pre-2025,A
ZxkifjASQvo_002,1.0,11,ZxkifjASQvo,2023,pre-2025,B
ZxkifjASQvo_003,1.0,9,ZxkifjASQvo,2023,pre-2025,A
ZyoJBRKfpT4_000,0.7142857142857143,14,ZyoJBRKfpT4,2024,pre-2025,A
ZyoJBRKfpT4_001,0.9285714285714286,14,ZyoJBRKfpT4,2024,pre-2025,A
ZyoJBRKfpT4_002,0.8571428571428571,14,ZyoJBRKfpT4,2024,pre-2025,B
ZyoJBRKfpT4_003,0.5714285714285714,14,ZyoJBRKfpT4,2024,pre-2025,A
ZyoJBRKfpT4_004,0.7272727272727273,11,ZyoJBRKfpT4,2024,pre-2025,B
ZyoJBRKfpT4_005,1.0,9,ZyoJBRKfpT4,2024,pre-2025,A
_1tbZHzRh6w_000,0.9054054054054054,148,_1tbZHzRh6w,2025,2025+,A
_1tbZHzRh6w_001,1.0,13,_1tbZHzRh6w,2025,2025+,A
_1tbZHzRh6w_002,0.9,10,_1tbZHzRh6w,2025,2025+,A
_1tbZHzRh6w_003,0.8367346938775511,49,_1tbZHzRh6w,2025,2025+,A
_1tbZHzRh6w_004,0.7272727272727273,11,_1tbZHzRh6w,2025,2025+,B
_1tbZHzRh6w_005,0.8888888888888888,9,_1tbZHzRh6w,2025,2025+,A
_CW_GxIMvZ8_000,1.0,28,_CW_GxIMvZ8,2022,pre-2025,A
_CW_GxIMvZ8_001,1.0,11,_CW_GxIMvZ8,2022,pre-2025,B
_CW_GxIMvZ8_002,1.0,9,_CW_GxIMvZ8,2022,pre-2025,A
_MKywUp3-0E_000,0.8,5,_MKywUp3-0E,2026,2025+,A
_MKywUp3-0E_001,0.875,16,_MKywUp3-0E,2026,2025+,A
_MKywUp3-0E_002,0.7272727272727273,11,_MKywUp3-0E,2026,2025+,B
_MKywUp3-0E_003,1.0,9,_MKywUp3-0E,2026,2025+,A
_ZKOMeSl9F0_000,0.8938053097345132,113,_ZKOMeSl9F0,2024,pre-2025,B
_ZKOMeSl9F0_001,0.8193548387096774,155,_ZKOMeSl9F0,2024,pre-2025,B
_ZKOMeSl9F0_002,0.2781456953642384,151,_ZKOMeSl9F0,2024,pre-2025,B
_ZKOMeSl9F0_003,1.0,9,_ZKOMeSl9F0,2024,pre-2025,B
_dwdlOSiQKY_000,0.9523809523809523,42,_dwdlOSiQKY,2025,2025+,A
_dwdlOSiQKY_001,0.7272727272727273,11,_dwdlOSiQKY,2025,2025+,B
_dwdlOSiQKY_002,1.0,9,_dwdlOSiQKY,2025,2025+,A
_eL6hS9KBGs_000,0.8888888888888888,135,_eL6hS9KBGs,2025,2025+,B
_eL6hS9KBGs_001,0.8899082568807339,109,_eL6hS9KBGs,2025,2025+,B
_eL6hS9KBGs_002,0.7916666666666666,48,_eL6hS9KBGs,2025,2025+,B
_eL6hS9KBGs_003,0.9029126213592233,103,_eL6hS9KBGs,2025,2025+,B
_eL6hS9KBGs_004,0.5,8,_eL6hS9KBGs,2025,2025+,A
_eL6hS9KBGs_005,0.8316831683168316,101,_eL6hS9KBGs,2025,2025+,A
_eL6hS9KBGs_006,0.898989898989899,99,_eL6hS9KBGs,2025,2025+,B
_eL6hS9KBGs_007,0.7272727272727273,11,_eL6hS9KBGs,2025,2025+,B
_eL6hS9KBGs_008,1.0,9,_eL6hS9KBGs,2025,2025+,A
_nXeSpzB4BE_000,0.9166666666666666,72,_nXeSpzB4BE,2025,2025+,A
_nXeSpzB4BE_001,0.8373983739837398,123,_nXeSpzB4BE,2025,2025+,B
_nXeSpzB4BE_002,0.7272727272727273,11,_nXeSpzB4BE,2025,2025+,B
_nXeSpzB4BE_003,1.0,9,_nXeSpzB4BE,2025,2025+,A
a5L4ABWx3cA_000,0.945054945054945,91,a5L4ABWx3cA,2022,pre-2025,A
a5L4ABWx3cA_003,1.0,20,a5L4ABWx3cA,2022,pre-2025,A
a9BeX-xILGo_000,0.8765432098765432,81,a9BeX-xILGo,2025,2025+,B
a9BeX-xILGo_001,0.7272727272727273,11,a9BeX-xILGo,2025,2025+,B
a9BeX-xILGo_002,1.0,9,a9BeX-xILGo,2025,2025+,A
aKAdn_mUAKA_004,1.0,3,aKAdn_mUAKA,2021,pre-2025,A
aKAdn_mUAKA_007,0.95,20,aKAdn_mUAKA,2021,pre-2025,A
aKAdn_mUAKA_008,0.8125,16,aKAdn_mUAKA,2021,pre-2025,A
aKAdn_mUAKA_009,1.0,13,aKAdn_mUAKA,2021,pre-2025,A
aKAdn_mUAKA_010,0.5714285714285714,7,aKAdn_mUAKA,2021,pre-2025,A
aKAdn_mUAKA_011,1.0,25,aKAdn_mUAKA,2021,pre-2025,A
aKAdn_mUAKA_013,0.7142857142857143,14,aKAdn_mUAKA,2021,pre-2025,A
aKAdn_mUAKA_014,1.0,39,aKAdn_mUAKA,2021,pre-2025,A
aKAdn_mUAKA_015,0.8,10,aKAdn_mUAKA,2021,pre-2025,A
aKAdn_mUAKA_016,0.7692307692307693,39,aKAdn_mUAKA,2021,pre-2025,A
aKAdn_mUAKA_017,0.7719298245614035,57,aKAdn_mUAKA,2021,pre-2025,A
aKAdn_mUAKA_019,0.8,25,aKAdn_mUAKA,2021,pre-2025,A
aKAdn_mUAKA_020,0.8125,32,aKAdn_mUAKA,2021,pre-2025,A
aKAdn_mUAKA_023,0.9324324324324325,74,aKAdn_mUAKA,2021,pre-2025,A
aKAdn_mUAKA_024,0.9714285714285714,35,aKAdn_mUAKA,2021,pre-2025,A
aKAdn_mUAKA_026,1.0,9,aKAdn_mUAKA,2021,pre-2025,A
aKAdn_mUAKA_027,1.0,9,aKAdn_mUAKA,2021,pre-2025,A
aKAdn_mUAKA_028,0.6,5,aKAdn_mUAKA,2021,pre-2025,B
aKAdn_mUAKA_029,1.0,18,aKAdn_mUAKA,2021,pre-2025,A
aKAdn_mUAKA_030,0.9361702127659575,47,aKAdn_mUAKA,2021,pre-2025,A
aKAdn_mUAKA_031,0.8888888888888888,36,aKAdn_mUAKA,2021,pre-2025,B
aKAdn_mUAKA_032,0.9375,16,aKAdn_mUAKA,2021,pre-2025,A
aKAdn_mUAKA_033,1.0,9,aKAdn_mUAKA,2021,pre-2025,B
aMDLcjgAuOs_000,0.9285714285714286,14,aMDLcjgAuOs,2024,pre-2025,A
aMDLcjgAuOs_001,0.375,8,aMDLcjgAuOs,2024,pre-2025,A
aMDLcjgAuOs_002,0.8604651162790697,43,aMDLcjgAuOs,2024,pre-2025,A
aMDLcjgAuOs_003,0.9259259259259259,27,aMDLcjgAuOs,2024,pre-2025,A
aMDLcjgAuOs_004,0.7142857142857143,7,aMDLcjgAuOs,2024,pre-2025,A
aMDLcjgAuOs_005,0.9142857142857143,35,aMDLcjgAuOs,2024,pre-2025,A
aMDLcjgAuOs_006,1.0,24,aMDLcjgAuOs,2024,pre-2025,A
aMDLcjgAuOs_007,1.0,46,aMDLcjgAuOs,2024,pre-2025,B
aMDLcjgAuOs_008,0.898989898989899,99,aMDLcjgAuOs,2024,pre-2025,A
aMDLcjgAuOs_009,0.926829268292683,41,aMDLcjgAuOs,2024,pre-2025,A
aMDLcjgAuOs_010,0.92,25,aMDLcjgAuOs,2024,pre-2025,A
aMDLcjgAuOs_011,0.9242424242424242,66,aMDLcjgAuOs,2024,pre-2025,A
aMDLcjgAuOs_012,0.8837209302325582,86,aMDLcjgAuOs,2024,pre-2025,B
aMDLcjgAuOs_013,1.0,9,aMDLcjgAuOs,2024,pre-2025,B
aTEVklcre_U_000,0.8787878787878788,33,aTEVklcre_U,2024,pre-2025,A
aTEVklcre_U_001,0.9090909090909091,11,aTEVklcre_U,2024,pre-2025,B
aTEVklcre_U_002,1.0,9,aTEVklcre_U,2024,pre-2025,B
aVO__VrMWVE_000,0.8421052631578947,19,aVO__VrMWVE,2022,pre-2025,A
aVO__VrMWVE_001,1.0,25,aVO__VrMWVE,2022,pre-2025,A
aVO__VrMWVE_002,0.8142857142857143,70,aVO__VrMWVE,2022,pre-2025,A
aVO__VrMWVE_003,0.9382716049382716,81,aVO__VrMWVE,2022,pre-2025,B
aVO__VrMWVE_004,0.9069767441860465,43,aVO__VrMWVE,2022,pre-2025,B
aVO__VrMWVE_005,1.0,11,aVO__VrMWVE,2022,pre-2025,B
aVO__VrMWVE_006,1.0,9,aVO__VrMWVE,2022,pre-2025,A
abLpB3cQe0c_000,1.0,12,abLpB3cQe0c,2022,pre-2025,A
abLpB3cQe0c_001,1.0,8,abLpB3cQe0c,2022,pre-2025,A
abLpB3cQe0c_002,1.0,6,abLpB3cQe0c,2022,pre-2025,A
abLpB3cQe0c_003,0.8888888888888888,9,abLpB3cQe0c,2022,pre-2025,A
abLpB3cQe0c_004,0.7857142857142857,14,abLpB3cQe0c,2022,pre-2025,A
abLpB3cQe0c_005,0.6666666666666666,15,abLpB3cQe0c,2022,pre-2025,A
abLpB3cQe0c_006,0.7142857142857143,14,abLpB3cQe0c,2022,pre-2025,A
abLpB3cQe0c_007,0.84,50,abLpB3cQe0c,2022,pre-2025,A
abLpB3cQe0c_008,0.9130434782608695,23,abLpB3cQe0c,2022,pre-2025,A
abLpB3cQe0c_009,0.8333333333333334,18,abLpB3cQe0c,2022,pre-2025,A
abLpB3cQe0c_010,0.896551724137931,29,abLpB3cQe0c,2022,pre-2025,B
abLpB3cQe0c_011,0.8666666666666667,15,abLpB3cQe0c,2022,pre-2025,A
abLpB3cQe0c_012,0.8666666666666667,15,abLpB3cQe0c,2022,pre-2025,A
abLpB3cQe0c_013,1.0,14,abLpB3cQe0c,2022,pre-2025,A
abLpB3cQe0c_014,1.0,11,abLpB3cQe0c,2022,pre-2025,B
abLpB3cQe0c_015,1.0,9,abLpB3cQe0c,2022,pre-2025,A
adnjR-MPkAI_000,0.9,10,adnjR-MPkAI,2024,pre-2025,A
adnjR-MPkAI_001,1.0,10,adnjR-MPkAI,2024,pre-2025,A
adnjR-MPkAI_002,0.8333333333333334,6,adnjR-MPkAI,2024,pre-2025,A
adnjR-MPkAI_004,1.0,7,adnjR-MPkAI,2024,pre-2025,A
adnjR-MPkAI_005,1.0,8,adnjR-MPkAI,2024,pre-2025,A
adnjR-MPkAI_006,1.0,36,adnjR-MPkAI,2024,pre-2025,A
adnjR-MPkAI_007,1.0,7,adnjR-MPkAI,2024,pre-2025,A
adnjR-MPkAI_008,1.0,22,adnjR-MPkAI,2024,pre-2025,A
adnjR-MPkAI_009,0.8518518518518519,27,adnjR-MPkAI,2024,pre-2025,B
adnjR-MPkAI_010,1.0,9,adnjR-MPkAI,2024,pre-2025,B
ahl9j91UU30_000,0.75,4,ahl9j91UU30,2022,pre-2025,A
ahl9j91UU30_001,0.6,10,ahl9j91UU30,2022,pre-2025,A
ahl9j91UU30_002,0.8461538461538461,13,ahl9j91UU30,2022,pre-2025,A
ahl9j91UU30_003,0.9565217391304348,46,ahl9j91UU30,2022,pre-2025,A
ahl9j91UU30_004,0.3333333333333333,6,ahl9j91UU30,2022,pre-2025,A
ahl9j91UU30_005,0.8888888888888888,27,ahl9j91UU30,2022,pre-2025,A
ahl9j91UU30_006,0.8589743589743589,78,ahl9j91UU30,2022,pre-2025,A
ahl9j91UU30_007,0.8,65,ahl9j91UU30,2022,pre-2025,B
ahl9j91UU30_008,0.36,100,ahl9j91UU30,2022,pre-2025,A
ahl9j91UU30_009,1.0,11,ahl9j91UU30,2022,pre-2025,B
ahl9j91UU30_010,1.0,9,ahl9j91UU30,2022,pre-2025,A
am5t5f9S3Z8_000,0.9509803921568627,102,am5t5f9S3Z8,2024,pre-2025,B
am5t5f9S3Z8_001,0.8829787234042553,94,am5t5f9S3Z8,2024,pre-2025,B
am5t5f9S3Z8_007,0.8974358974358975,39,am5t5f9S3Z8,2024,pre-2025,B
am5t5f9S3Z8_008,1.0,9,am5t5f9S3Z8,2024,pre-2025,A
apbsLp3NA1M_000,0.25,4,apbsLp3NA1M,2022,pre-2025,A
apbsLp3NA1M_001,1.0,3,apbsLp3NA1M,2022,pre-2025,A
apbsLp3NA1M_002,0.9428571428571428,35,apbsLp3NA1M,2022,pre-2025,A
apbsLp3NA1M_003,0.9,60,apbsLp3NA1M,2022,pre-2025,A
apbsLp3NA1M_004,0.8571428571428571,77,apbsLp3NA1M,2022,pre-2025,A
apbsLp3NA1M_005,0.7849462365591398,93,apbsLp3NA1M,2022,pre-2025,A
apbsLp3NA1M_006,0.92,50,apbsLp3NA1M,2022,pre-2025,A
apbsLp3NA1M_007,0.8947368421052632,76,apbsLp3NA1M,2022,pre-2025,A
apbsLp3NA1M_008,0.8928571428571429,28,apbsLp3NA1M,2022,pre-2025,A
apbsLp3NA1M_009,0.8378378378378378,37,apbsLp3NA1M,2022,pre-2025,A
apbsLp3NA1M_010,1.0,11,apbsLp3NA1M,2022,pre-2025,B
apbsLp3NA1M_011,1.0,9,apbsLp3NA1M,2022,pre-2025,A
aucZvpth7pA_000,1.0,19,aucZvpth7pA,2022,pre-2025,B
aucZvpth7pA_001,0.8333333333333334,36,aucZvpth7pA,2022,pre-2025,B
aucZvpth7pA_002,0.9259259259259259,27,aucZvpth7pA,2022,pre-2025,B
aucZvpth7pA_003,0.9,10,aucZvpth7pA,2022,pre-2025,A
aucZvpth7pA_004,1.0,28,aucZvpth7pA,2022,pre-2025,A
aucZvpth7pA_005,0.9428571428571428,105,aucZvpth7pA,2022,pre-2025,B
aucZvpth7pA_006,1.0,7,aucZvpth7pA,2022,pre-2025,B
aucZvpth7pA_007,1.0,9,aucZvpth7pA,2022,pre-2025,A
b1u2bztBNdw_000,0.9583333333333334,24,b1u2bztBNdw,2024,pre-2025,A
b1u2bztBNdw_001,0.8690476190476191,84,b1u2bztBNdw,2024,pre-2025,B
b1u2bztBNdw_002,0.8648648648648649,37,b1u2bztBNdw,2024,pre-2025,B
b1u2bztBNdw_003,1.0,7,b1u2bztBNdw,2024,pre-2025,A
b1u2bztBNdw_004,1.0,11,b1u2bztBNdw,2024,pre-2025,B
b1u2bztBNdw_005,1.0,9,b1u2bztBNdw,2024,pre-2025,A
b7my089a90U_000,0.8823529411764706,34,b7my089a90U,2023,pre-2025,A
b7my089a90U_001,1.0,28,b7my089a90U,2023,pre-2025,A
b7my089a90U_002,0.8571428571428571,28,b7my089a90U,2023,pre-2025,A
b7my089a90U_003,0.8571428571428571,28,b7my089a90U,2023,pre-2025,A
b7my089a90U_004,0.9642857142857143,28,b7my089a90U,2023,pre-2025,A
b7my089a90U_005,0.8214285714285714,28,b7my089a90U,2023,pre-2025,A
b7my089a90U_006,0.8717948717948718,39,b7my089a90U,2023,pre-2025,B
b7my089a90U_007,1.0,9,b7my089a90U,2023,pre-2025,A
b9A0OA0DWNY_000,0.75,8,b9A0OA0DWNY,2022,pre-2025,A
b9A0OA0DWNY_001,0.25,8,b9A0OA0DWNY,2022,pre-2025,A
b9A0OA0DWNY_002,1.0,8,b9A0OA0DWNY,2022,pre-2025,A
b9A0OA0DWNY_003,0.5384615384615384,13,b9A0OA0DWNY,2022,pre-2025,A
b9A0OA0DWNY_004,0.9375,16,b9A0OA0DWNY,2022,pre-2025,A
b9A0OA0DWNY_005,0.7142857142857143,14,b9A0OA0DWNY,2022,pre-2025,A
b9A0OA0DWNY_006,0.7857142857142857,14,b9A0OA0DWNY,2022,pre-2025,A
b9A0OA0DWNY_007,0.8,10,b9A0OA0DWNY,2022,pre-2025,A
b9A0OA0DWNY_008,0.7142857142857143,14,b9A0OA0DWNY,2022,pre-2025,A
b9A0OA0DWNY_009,0.7619047619047619,21,b9A0OA0DWNY,2022,pre-2025,A
b9A0OA0DWNY_010,1.0,12,b9A0OA0DWNY,2022,pre-2025,A
b9A0OA0DWNY_011,0.8,10,b9A0OA0DWNY,2022,pre-2025,A
b9A0OA0DWNY_012,0.7857142857142857,14,b9A0OA0DWNY,2022,pre-2025,A
b9A0OA0DWNY_013,0.9230769230769231,26,b9A0OA0DWNY,2022,pre-2025,B
b9A0OA0DWNY_014,1.0,9,b9A0OA0DWNY,2022,pre-2025,A
bLPcb0JEuQU_000,0.8888888888888888,18,bLPcb0JEuQU,2022,pre-2025,A
bLPcb0JEuQU_001,0.9512195121951219,41,bLPcb0JEuQU,2022,pre-2025,A
bLPcb0JEuQU_002,0.9122807017543859,57,bLPcb0JEuQU,2022,pre-2025,A
bLPcb0JEuQU_003,1.0,20,bLPcb0JEuQU,2022,pre-2025,A
bLPcb0JEuQU_004,1.0,9,bLPcb0JEuQU,2022,pre-2025,A
bLPcb0JEuQU_005,0.9591836734693877,49,bLPcb0JEuQU,2022,pre-2025,A
bLPcb0JEuQU_006,1.0,14,bLPcb0JEuQU,2022,pre-2025,A
bLPcb0JEuQU_007,1.0,28,bLPcb0JEuQU,2022,pre-2025,A
bLPcb0JEuQU_008,1.0,17,bLPcb0JEuQU,2022,pre-2025,A
bLPcb0JEuQU_009,0.9574468085106383,47,bLPcb0JEuQU,2022,pre-2025,A
bLPcb0JEuQU_010,0.9230769230769231,26,bLPcb0JEuQU,2022,pre-2025,A
bLPcb0JEuQU_011,0.782608695652174,23,bLPcb0JEuQU,2022,pre-2025,A
bLPcb0JEuQU_012,0.9411764705882353,34,bLPcb0JEuQU,2022,pre-2025,A
bLPcb0JEuQU_013,0.9666666666666667,30,bLPcb0JEuQU,2022,pre-2025,A
bLPcb0JEuQU_014,0.8571428571428571,28,bLPcb0JEuQU,2022,pre-2025,A
bLPcb0JEuQU_015,0.9090909090909091,11,bLPcb0JEuQU,2022,pre-2025,A
bLPcb0JEuQU_016,1.0,14,bLPcb0JEuQU,2022,pre-2025,A
bLPcb0JEuQU_017,0.9523809523809523,21,bLPcb0JEuQU,2022,pre-2025,A
bLPcb0JEuQU_018,0.9782608695652174,46,bLPcb0JEuQU,2022,pre-2025,A
bLPcb0JEuQU_019,1.0,11,bLPcb0JEuQU,2022,pre-2025,B
bLPcb0JEuQU_020,1.0,9,bLPcb0JEuQU,2022,pre-2025,A
bOPZAme1kGA_000,0.9583333333333334,72,bOPZAme1kGA,2024,pre-2025,B
bOPZAme1kGA_001,0.9007633587786259,131,bOPZAme1kGA,2024,pre-2025,B
bOPZAme1kGA_002,0.8292682926829268,123,bOPZAme1kGA,2024,pre-2025,B
bOPZAme1kGA_003,0.8939393939393939,66,bOPZAme1kGA,2024,pre-2025,B
bOPZAme1kGA_004,0.8333333333333334,66,bOPZAme1kGA,2024,pre-2025,B
bOPZAme1kGA_005,1.0,9,bOPZAme1kGA,2024,pre-2025,A
bV9ttkn0vCo_000,0.9285714285714286,28,bV9ttkn0vCo,2025,2025+,A
bV9ttkn0vCo_001,0.8181818181818182,11,bV9ttkn0vCo,2025,2025+,B
bV9ttkn0vCo_002,1.0,9,bV9ttkn0vCo,2025,2025+,A
bWLJ15GJdxs_000,0.9534883720930233,43,bWLJ15GJdxs,2026,2025+,A
bWLJ15GJdxs_001,0.6271186440677966,59,bWLJ15GJdxs,2026,2025+,A
bWLJ15GJdxs_002,0.6585365853658537,41,bWLJ15GJdxs,2026,2025+,A
bWLJ15GJdxs_015,0.9605263157894737,76,bWLJ15GJdxs,2026,2025+,A
bWLJ15GJdxs_016,0.7272727272727273,11,bWLJ15GJdxs,2026,2025+,B
bWLJ15GJdxs_017,1.0,9,bWLJ15GJdxs,2026,2025+,B
bWOtkWFeuxA_000,0.9285714285714286,14,bWOtkWFeuxA,2025,2025+,A
bWOtkWFeuxA_002,0.75,12,bWOtkWFeuxA,2025,2025+,B
bWOtkWFeuxA_003,1.0,9,bWOtkWFeuxA,2025,2025+,A
bcl_x1qdZv0_000,0.37777777777777777,135,bcl_x1qdZv0,2024,pre-2025,B
bcl_x1qdZv0_001,0.68,25,bcl_x1qdZv0,2024,pre-2025,B
bcl_x1qdZv0_002,1.0,9,bcl_x1qdZv0,2024,pre-2025,B
bf4_37oPUw0_000,0.944,125,bf4_37oPUw0,2023,pre-2025,B
bf4_37oPUw0_001,0.7034883720930233,172,bf4_37oPUw0,2023,pre-2025,B
bf4_37oPUw0_002,0.5543478260869565,92,bf4_37oPUw0,2023,pre-2025,B
bf4_37oPUw0_003,0.18181818181818182,165,bf4_37oPUw0,2023,pre-2025,B
bf4_37oPUw0_004,0.7966101694915254,59,bf4_37oPUw0,2023,pre-2025,B
bf4_37oPUw0_005,0.2727272727272727,187,bf4_37oPUw0,2023,pre-2025,B
bf4_37oPUw0_006,0.9263157894736842,95,bf4_37oPUw0,2023,pre-2025,B
bf4_37oPUw0_007,0.9342105263157895,76,bf4_37oPUw0,2023,pre-2025,B
bf4_37oPUw0_008,0.32323232323232326,99,bf4_37oPUw0,2023,pre-2025,B
bf4_37oPUw0_009,0.98,50,bf4_37oPUw0,2023,pre-2025,B
bf4_37oPUw0_010,1.0,11,bf4_37oPUw0,2023,pre-2025,B
bf4_37oPUw0_011,1.0,9,bf4_37oPUw0,2023,pre-2025,A
bjqcBrcSL9Q_000,0.8571428571428571,7,bjqcBrcSL9Q,2024,pre-2025,A
bjqcBrcSL9Q_001,0.8987341772151899,79,bjqcBrcSL9Q,2024,pre-2025,B
bjqcBrcSL9Q_002,0.7428571428571429,35,bjqcBrcSL9Q,2024,pre-2025,B
bjqcBrcSL9Q_003,0.8,35,bjqcBrcSL9Q,2024,pre-2025,B
bjqcBrcSL9Q_004,1.0,9,bjqcBrcSL9Q,2024,pre-2025,A
buwWhzfDTb4_000,1.0,6,buwWhzfDTb4,2022,pre-2025,A
buwWhzfDTb4_001,1.0,7,buwWhzfDTb4,2022,pre-2025,A
buwWhzfDTb4_002,0.7142857142857143,14,buwWhzfDTb4,2022,pre-2025,A
buwWhzfDTb4_003,0.8913043478260869,46,buwWhzfDTb4,2022,pre-2025,A
buwWhzfDTb4_004,0.9736842105263158,38,buwWhzfDTb4,2022,pre-2025,A
buwWhzfDTb4_005,1.0,20,buwWhzfDTb4,2022,pre-2025,A
buwWhzfDTb4_006,1.0,11,buwWhzfDTb4,2022,pre-2025,B
buwWhzfDTb4_007,1.0,9,buwWhzfDTb4,2022,pre-2025,A
bx9LH22ymwg_000,0.8809523809523809,84,bx9LH22ymwg,2024,pre-2025,B
bx9LH22ymwg_001,0.9230769230769231,39,bx9LH22ymwg,2024,pre-2025,B
bx9LH22ymwg_002,1.0,9,bx9LH22ymwg,2024,pre-2025,B
bxZQeJ-hKE8_000,1.0,15,bxZQeJ-hKE8,2026,2025+,A
bxZQeJ-hKE8_001,0.7333333333333333,15,bxZQeJ-hKE8,2026,2025+,A
bxZQeJ-hKE8_002,0.7272727272727273,11,bxZQeJ-hKE8,2026,2025+,B
bxZQeJ-hKE8_003,1.0,9,bxZQeJ-hKE8,2026,2025+,A
bxc4FmaqjRI_000,0.9090909090909091,11,bxc4FmaqjRI,2023,pre-2025,A
bxc4FmaqjRI_001,0.8571428571428571,28,bxc4FmaqjRI,2023,pre-2025,A
bxc4FmaqjRI_002,0.9642857142857143,28,bxc4FmaqjRI,2023,pre-2025,A
bxc4FmaqjRI_003,1.0,28,bxc4FmaqjRI,2023,pre-2025,A
bxc4FmaqjRI_004,1.0,28,bxc4FmaqjRI,2023,pre-2025,A
bxc4FmaqjRI_005,0.9285714285714286,28,bxc4FmaqjRI,2023,pre-2025,A
bxc4FmaqjRI_006,1.0,14,bxc4FmaqjRI,2023,pre-2025,A
bxc4FmaqjRI_007,0.9230769230769231,13,bxc4FmaqjRI,2023,pre-2025,A
bxc4FmaqjRI_008,0.9285714285714286,28,bxc4FmaqjRI,2023,pre-2025,A
bxc4FmaqjRI_009,0.9487179487179487,39,bxc4FmaqjRI,2023,pre-2025,B
bxc4FmaqjRI_010,1.0,9,bxc4FmaqjRI,2023,pre-2025,B
c0DEMuw4n1A_000,0.9230769230769231,26,c0DEMuw4n1A,2025,2025+,A
c0DEMuw4n1A_001,0.5555555555555556,18,c0DEMuw4n1A,2025,2025+,A
c0DEMuw4n1A_002,0.7753623188405797,138,c0DEMuw4n1A,2025,2025+,B
c0DEMuw4n1A_003,0.8476190476190476,105,c0DEMuw4n1A,2025,2025+,B
c0DEMuw4n1A_004,0.810126582278481,79,c0DEMuw4n1A,2025,2025+,B
c0DEMuw4n1A_005,0.625,128,c0DEMuw4n1A,2025,2025+,B
c0DEMuw4n1A_006,0.7010309278350515,97,c0DEMuw4n1A,2025,2025+,B
c0DEMuw4n1A_007,0.8888888888888888,9,c0DEMuw4n1A,2025,2025+,A
c8dFl2bw9JM_000,1.0,7,c8dFl2bw9JM,2025,2025+,A
c8dFl2bw9JM_001,0.8928571428571429,28,c8dFl2bw9JM,2025,2025+,A
c8dFl2bw9JM_002,0.9285714285714286,112,c8dFl2bw9JM,2025,2025+,A
c8dFl2bw9JM_003,0.9692307692307692,65,c8dFl2bw9JM,2025,2025+,A
c8dFl2bw9JM_004,0.7142857142857143,7,c8dFl2bw9JM,2025,2025+,A
c8dFl2bw9JM_005,0.8571428571428571,7,c8dFl2bw9JM,2025,2025+,A
c8dFl2bw9JM_006,0.7272727272727273,11,c8dFl2bw9JM,2025,2025+,A
c8dFl2bw9JM_007,1.0,11,c8dFl2bw9JM,2025,2025+,A
c8dFl2bw9JM_008,1.0,26,c8dFl2bw9JM,2025,2025+,B
c8dFl2bw9JM_009,1.0,9,c8dFl2bw9JM,2025,2025+,A
cJy5pDkgDpw_000,0.9655172413793104,29,cJy5pDkgDpw,2022,pre-2025,A
cJy5pDkgDpw_002,1.0,7,cJy5pDkgDpw,2022,pre-2025,A
cJy5pDkgDpw_003,0.9117647058823529,34,cJy5pDkgDpw,2022,pre-2025,A
cJy5pDkgDpw_004,1.0,6,cJy5pDkgDpw,2022,pre-2025,A
cJy5pDkgDpw_007,0.9509803921568627,102,cJy5pDkgDpw,2022,pre-2025,B
cJy5pDkgDpw_008,0.9333333333333333,45,cJy5pDkgDpw,2022,pre-2025,B
cJy5pDkgDpw_009,0.9393939393939394,33,cJy5pDkgDpw,2022,pre-2025,A
cJy5pDkgDpw_010,0.9166666666666666,24,cJy5pDkgDpw,2022,pre-2025,A
cJy5pDkgDpw_011,1.0,33,cJy5pDkgDpw,2022,pre-2025,A
cJy5pDkgDpw_013,1.0,11,cJy5pDkgDpw,2022,pre-2025,B
cJy5pDkgDpw_014,1.0,9,cJy5pDkgDpw,2022,pre-2025,A
cNQ43QUtn_4_000,0.8235294117647058,17,cNQ43QUtn_4,2022,pre-2025,A
cNQ43QUtn_4_001,1.0,9,cNQ43QUtn_4,2022,pre-2025,A
cQc9X41V8xQ_000,1.0,25,cQc9X41V8xQ,2022,pre-2025,A
cQc9X41V8xQ_001,0.8857142857142857,70,cQc9X41V8xQ,2022,pre-2025,A
cQc9X41V8xQ_002,0.8518518518518519,27,cQc9X41V8xQ,2022,pre-2025,A
cQc9X41V8xQ_003,0.9,30,cQc9X41V8xQ,2022,pre-2025,A
cQc9X41V8xQ_004,0.9152542372881356,59,cQc9X41V8xQ,2022,pre-2025,A
cQc9X41V8xQ_005,0.9506172839506173,81,cQc9X41V8xQ,2022,pre-2025,A
cQc9X41V8xQ_006,0.9263157894736842,95,cQc9X41V8xQ,2022,pre-2025,A
cQc9X41V8xQ_007,0.9090909090909091,11,cQc9X41V8xQ,2022,pre-2025,A
cQc9X41V8xQ_008,1.0,7,cQc9X41V8xQ,2022,pre-2025,A
cQc9X41V8xQ_009,1.0,7,cQc9X41V8xQ,2022,pre-2025,A
cQc9X41V8xQ_010,0.8,15,cQc9X41V8xQ,2022,pre-2025,A
cQc9X41V8xQ_011,1.0,11,cQc9X41V8xQ,2022,pre-2025,B
cQc9X41V8xQ_012,1.0,9,cQc9X41V8xQ,2022,pre-2025,A
cXiZxKCrbyQ_000,0.9107142857142857,112,cXiZxKCrbyQ,2024,pre-2025,A
cXiZxKCrbyQ_001,0.9263157894736842,95,cXiZxKCrbyQ,2024,pre-2025,A
cXiZxKCrbyQ_002,0.7272727272727273,11,cXiZxKCrbyQ,2024,pre-2025,B
cXiZxKCrbyQ_003,1.0,9,cXiZxKCrbyQ,2024,pre-2025,A
crC6p5qzKvI_000,0.5225225225225225,111,crC6p5qzKvI,2024,pre-2025,B
crC6p5qzKvI_001,0.8804347826086957,92,crC6p5qzKvI,2024,pre-2025,B
crC6p5qzKvI_002,1.0,9,crC6p5qzKvI,2024,pre-2025,A
d5zTJ6WtNaA_000,1.0,56,d5zTJ6WtNaA,2023,pre-2025,A
d5zTJ6WtNaA_001,0.9444444444444444,18,d5zTJ6WtNaA,2023,pre-2025,A
d5zTJ6WtNaA_002,0.8432835820895522,134,d5zTJ6WtNaA,2023,pre-2025,B
d5zTJ6WtNaA_003,0.6363636363636364,11,d5zTJ6WtNaA,2023,pre-2025,B
d5zTJ6WtNaA_004,0.8888888888888888,9,d5zTJ6WtNaA,2023,pre-2025,A
d6Pn3NXtw7U_000,0.8571428571428571,28,d6Pn3NXtw7U,2025,2025+,A
d6Pn3NXtw7U_001,0.5909090909090909,22,d6Pn3NXtw7U,2025,2025+,A
d6Pn3NXtw7U_002,0.4782608695652174,23,d6Pn3NXtw7U,2025,2025+,A
d6Pn3NXtw7U_003,0.2911392405063291,79,d6Pn3NXtw7U,2025,2025+,A
d6Pn3NXtw7U_004,0.375,8,d6Pn3NXtw7U,2025,2025+,A
d6Pn3NXtw7U_005,0.3333333333333333,9,d6Pn3NXtw7U,2025,2025+,A
d6Pn3NXtw7U_006,0.3076923076923077,39,d6Pn3NXtw7U,2025,2025+,A
d6Pn3NXtw7U_007,0.6666666666666666,12,d6Pn3NXtw7U,2025,2025+,A
d6Pn3NXtw7U_008,0.7727272727272727,22,d6Pn3NXtw7U,2025,2025+,B
d6Pn3NXtw7U_009,1.0,9,d6Pn3NXtw7U,2025,2025+,A
d77p7E17EtY_000,0.9772727272727273,44,d77p7E17EtY,2024,pre-2025,A
d77p7E17EtY_001,0.9272727272727272,55,d77p7E17EtY,2024,pre-2025,A
d77p7E17EtY_002,0.5945945945945946,74,d77p7E17EtY,2024,pre-2025,B
d77p7E17EtY_003,1.0,9,d77p7E17EtY,2024,pre-2025,A
d9DN-AWVK9U_000,0.8928571428571429,140,d9DN-AWVK9U,2024,pre-2025,B
d9DN-AWVK9U_001,0.8591549295774648,142,d9DN-AWVK9U,2024,pre-2025,B
d9DN-AWVK9U_002,0.9259259259259259,54,d9DN-AWVK9U,2024,pre-2025,A
d9DN-AWVK9U_003,0.9294117647058824,85,d9DN-AWVK9U,2024,pre-2025,A
d9DN-AWVK9U_004,0.8682170542635659,129,d9DN-AWVK9U,2024,pre-2025,A
d9DN-AWVK9U_008,0.9043478260869565,115,d9DN-AWVK9U,2024,pre-2025,B
d9DN-AWVK9U_009,0.8203125,128,d9DN-AWVK9U,2024,pre-2025,B
d9DN-AWVK9U_010,0.8252427184466019,103,d9DN-AWVK9U,2024,pre-2025,B
d9DN-AWVK9U_011,0.84375,32,d9DN-AWVK9U,2024,pre-2025,B
d9DN-AWVK9U_012,1.0,9,d9DN-AWVK9U,2024,pre-2025,A
dF-JxO9T-i8_000,0.8703703703703703,108,dF-JxO9T-i8,2025,2025+,B
dF-JxO9T-i8_001,0.9041095890410958,146,dF-JxO9T-i8,2025,2025+,B
dF-JxO9T-i8_002,0.8478260869565217,92,dF-JxO9T-i8,2025,2025+,B
dF-JxO9T-i8_003,0.0,7,dF-JxO9T-i8,2025,2025+,A
dF-JxO9T-i8_004,0.625,8,dF-JxO9T-i8,2025,2025+,A
dF-JxO9T-i8_005,0.0,4,dF-JxO9T-i8,2025,2025+,A
dF-JxO9T-i8_006,0.5,4,dF-JxO9T-i8,2025,2025+,A
dF-JxO9T-i8_007,0.5,4,dF-JxO9T-i8,2025,2025+,A
dF-JxO9T-i8_008,0.4117647058823529,51,dF-JxO9T-i8,2025,2025+,A
dF-JxO9T-i8_009,0.37037037037037035,27,dF-JxO9T-i8,2025,2025+,A
dF-JxO9T-i8_010,0.8656716417910447,67,dF-JxO9T-i8,2025,2025+,B
dF-JxO9T-i8_011,0.8888888888888888,9,dF-JxO9T-i8,2025,2025+,B
dNDCR59vuR0_000,1.0,11,dNDCR59vuR0,2022,pre-2025,B
dNDCR59vuR0_001,1.0,7,dNDCR59vuR0,2022,pre-2025,A
dNDCR59vuR0_002,0.9469026548672567,113,dNDCR59vuR0,2022,pre-2025,A
dNDCR59vuR0_003,1.0,9,dNDCR59vuR0,2022,pre-2025,B
ddrPXAcwXJQ_002,0.782608695652174,23,ddrPXAcwXJQ,2025,2025+,A
ddrPXAcwXJQ_003,0.7272727272727273,11,ddrPXAcwXJQ,2025,2025+,A
ddrPXAcwXJQ_004,0.8260869565217391,23,ddrPXAcwXJQ,2025,2025+,A
ddrPXAcwXJQ_005,0.8571428571428571,14,ddrPXAcwXJQ,2025,2025+,A
ddrPXAcwXJQ_006,0.8695652173913043,23,ddrPXAcwXJQ,2025,2025+,A
ddrPXAcwXJQ_007,0.9523809523809523,21,ddrPXAcwXJQ,2025,2025+,A
ddrPXAcwXJQ_008,0.6923076923076923,26,ddrPXAcwXJQ,2025,2025+,A
ddrPXAcwXJQ_009,0.9085365853658537,164,ddrPXAcwXJQ,2025,2025+,A
ddrPXAcwXJQ_011,0.7272727272727273,11,ddrPXAcwXJQ,2025,2025+,B
ddrPXAcwXJQ_012,1.0,9,ddrPXAcwXJQ,2025,2025+,A
dfe2AOEcCcg_000,0.6428571428571429,98,dfe2AOEcCcg,2025,2025+,A
dfe2AOEcCcg_001,0.7848101265822784,79,dfe2AOEcCcg,2025,2025+,B
dfe2AOEcCcg_002,0.7045454545454546,132,dfe2AOEcCcg,2025,2025+,A
dfe2AOEcCcg_003,0.8636363636363636,22,dfe2AOEcCcg,2025,2025+,A
dfe2AOEcCcg_004,0.5882352941176471,17,dfe2AOEcCcg,2025,2025+,A
dfe2AOEcCcg_005,0.9210526315789473,38,dfe2AOEcCcg,2025,2025+,A
dfe2AOEcCcg_006,0.9137931034482759,58,dfe2AOEcCcg,2025,2025+,A
dfe2AOEcCcg_010,0.9305555555555556,72,dfe2AOEcCcg,2025,2025+,B
dfe2AOEcCcg_011,0.0,3,dfe2AOEcCcg,2025,2025+,B
dop-VxchVZo_000,0.30612244897959184,98,dop-VxchVZo,2024,pre-2025,B
dop-VxchVZo_001,0.768595041322314,121,dop-VxchVZo,2024,pre-2025,B
dop-VxchVZo_002,0.8888888888888888,18,dop-VxchVZo,2024,pre-2025,B
dop-VxchVZo_003,0.8888888888888888,9,dop-VxchVZo,2024,pre-2025,A
eBBmjbSfzKA_000,0.9629629629629629,27,eBBmjbSfzKA,2024,pre-2025,A
eBBmjbSfzKA_001,0.9230769230769231,26,eBBmjbSfzKA,2024,pre-2025,A
eBBmjbSfzKA_002,0.9166666666666666,36,eBBmjbSfzKA,2024,pre-2025,A
eBBmjbSfzKA_003,0.8125,16,eBBmjbSfzKA,2024,pre-2025,A
eBBmjbSfzKA_004,0.8958333333333334,96,eBBmjbSfzKA,2024,pre-2025,A
eBBmjbSfzKA_005,0.42857142857142855,56,eBBmjbSfzKA,2024,pre-2025,A
eBBmjbSfzKA_006,0.864406779661017,118,eBBmjbSfzKA,2024,pre-2025,B
eBBmjbSfzKA_007,0.9042553191489362,94,eBBmjbSfzKA,2024,pre-2025,B
eBBmjbSfzKA_008,0.8888888888888888,9,eBBmjbSfzKA,2024,pre-2025,B
eC7uNp3FMvA_000,0.38596491228070173,57,eC7uNp3FMvA,2025,2025+,A
eC7uNp3FMvA_001,0.9518072289156626,83,eC7uNp3FMvA,2025,2025+,B
eC7uNp3FMvA_002,0.3888888888888889,162,eC7uNp3FMvA,2025,2025+,B
eC7uNp3FMvA_003,0.7272727272727273,11,eC7uNp3FMvA,2025,2025+,B
eC7uNp3FMvA_004,1.0,9,eC7uNp3FMvA,2025,2025+,A
eRvrg_rPpdw_000,0.6666666666666666,33,eRvrg_rPpdw,2025,2025+,A
eRvrg_rPpdw_001,0.49230769230769234,65,eRvrg_rPpdw,2025,2025+,A
eRvrg_rPpdw_002,0.37755102040816324,98,eRvrg_rPpdw,2025,2025+,A
eRvrg_rPpdw_003,0.7567567567567568,37,eRvrg_rPpdw,2025,2025+,A
eRvrg_rPpdw_004,0.9107142857142857,56,eRvrg_rPpdw,2025,2025+,A
eRvrg_rPpdw_005,0.8717948717948718,39,eRvrg_rPpdw,2025,2025+,B
eRvrg_rPpdw_006,1.0,9,eRvrg_rPpdw,2025,2025+,B
eXXV3LUohig_002,0.918918918918919,37,eXXV3LUohig,2023,pre-2025,A
eXXV3LUohig_003,1.0,7,eXXV3LUohig,2023,pre-2025,A
eXXV3LUohig_004,1.0,10,eXXV3LUohig,2023,pre-2025,A
eXXV3LUohig_005,1.0,11,eXXV3LUohig,2023,pre-2025,B
eXXV3LUohig_006,1.0,9,eXXV3LUohig,2023,pre-2025,A
ebFxWLJbxMY_000,0.9642857142857143,28,ebFxWLJbxMY,2025,2025+,A
ebFxWLJbxMY_001,0.8333333333333334,6,ebFxWLJbxMY,2025,2025+,A
ebFxWLJbxMY_002,0.6666666666666666,6,ebFxWLJbxMY,2025,2025+,A
ebFxWLJbxMY_003,0.0,5,ebFxWLJbxMY,2025,2025+,A
ebFxWLJbxMY_004,0.06666666666666667,15,ebFxWLJbxMY,2025,2025+,A
ebFxWLJbxMY_005,0.17777777777777778,45,ebFxWLJbxMY,2025,2025+,A
ebFxWLJbxMY_006,0.7272727272727273,11,ebFxWLJbxMY,2025,2025+,B
ebFxWLJbxMY_007,1.0,9,ebFxWLJbxMY,2025,2025+,A
ebmOk6AafNI_000,1.0,11,ebmOk6AafNI,2022,pre-2025,B
ebmOk6AafNI_002,0.7857142857142857,14,ebmOk6AafNI,2022,pre-2025,A
ebmOk6AafNI_003,0.9571428571428572,70,ebmOk6AafNI,2022,pre-2025,A
ebmOk6AafNI_004,0.9642857142857143,28,ebmOk6AafNI,2022,pre-2025,A
ebmOk6AafNI_005,1.0,9,ebmOk6AafNI,2022,pre-2025,B
emQWsE0DfhY_000,1.0,12,emQWsE0DfhY,2022,pre-2025,A
emQWsE0DfhY_001,1.0,6,emQWsE0DfhY,2022,pre-2025,A
emQWsE0DfhY_002,0.875,8,emQWsE0DfhY,2022,pre-2025,A
emQWsE0DfhY_004,0.8947368421052632,76,emQWsE0DfhY,2022,pre-2025,A
emQWsE0DfhY_005,0.9222222222222223,90,emQWsE0DfhY,2022,pre-2025,A
emQWsE0DfhY_006,0.9134615384615384,104,emQWsE0DfhY,2022,pre-2025,A
emQWsE0DfhY_007,0.875,72,emQWsE0DfhY,2022,pre-2025,A
emQWsE0DfhY_008,0.75,8,emQWsE0DfhY,2022,pre-2025,A
emQWsE0DfhY_009,0.875,8,emQWsE0DfhY,2022,pre-2025,A
emQWsE0DfhY_011,1.0,9,emQWsE0DfhY,2022,pre-2025,A
f0Lzp4tSKOI_000,0.7142857142857143,7,f0Lzp4tSKOI,2022,pre-2025,A
f0Lzp4tSKOI_001,0.6923076923076923,13,f0Lzp4tSKOI,2022,pre-2025,A
f0Lzp4tSKOI_002,0.7142857142857143,7,f0Lzp4tSKOI,2022,pre-2025,A
f0Lzp4tSKOI_003,0.8842105263157894,95,f0Lzp4tSKOI,2022,pre-2025,B
f0Lzp4tSKOI_004,0.8571428571428571,14,f0Lzp4tSKOI,2022,pre-2025,B
f0Lzp4tSKOI_005,1.0,11,f0Lzp4tSKOI,2022,pre-2025,B
f0Lzp4tSKOI_006,1.0,9,f0Lzp4tSKOI,2022,pre-2025,A
fEC439V-FM8_000,0.868421052631579,38,fEC439V-FM8,2022,pre-2025,A
fEC439V-FM8_001,1.0,18,fEC439V-FM8,2022,pre-2025,A
fEC439V-FM8_002,1.0,19,fEC439V-FM8,2022,pre-2025,A
fEC439V-FM8_003,0.9259259259259259,27,fEC439V-FM8,2022,pre-2025,A
fEC439V-FM8_004,0.9333333333333333,15,fEC439V-FM8,2022,pre-2025,A
fEC439V-FM8_005,0.9285714285714286,14,fEC439V-FM8,2022,pre-2025,A
fEC439V-FM8_006,0.9444444444444444,18,fEC439V-FM8,2022,pre-2025,A
fEC439V-FM8_007,0.9230769230769231,13,fEC439V-FM8,2022,pre-2025,A
fEC439V-FM8_008,0.75,8,fEC439V-FM8,2022,pre-2025,A
fEC439V-FM8_009,0.9285714285714286,14,fEC439V-FM8,2022,pre-2025,A
fEC439V-FM8_010,0.9090909090909091,22,fEC439V-FM8,2022,pre-2025,A
fEC439V-FM8_011,0.8666666666666667,15,fEC439V-FM8,2022,pre-2025,A
fEC439V-FM8_012,1.0,10,fEC439V-FM8,2022,pre-2025,A
fEC439V-FM8_013,0.5384615384615384,26,fEC439V-FM8,2022,pre-2025,A
fEC439V-FM8_014,1.0,16,fEC439V-FM8,2022,pre-2025,A
fEC439V-FM8_015,1.0,6,fEC439V-FM8,2022,pre-2025,A
fEC439V-FM8_016,1.0,11,fEC439V-FM8,2022,pre-2025,A
fEC439V-FM8_017,0.9230769230769231,13,fEC439V-FM8,2022,pre-2025,A
fEC439V-FM8_018,0.9444444444444444,18,fEC439V-FM8,2022,pre-2025,A
fEC439V-FM8_019,0.9333333333333333,15,fEC439V-FM8,2022,pre-2025,B
fEC439V-FM8_020,1.0,7,fEC439V-FM8,2022,pre-2025,A
fEC439V-FM8_021,0.875,16,fEC439V-FM8,2022,pre-2025,A
fEC439V-FM8_022,1.0,6,fEC439V-FM8,2022,pre-2025,A
fEC439V-FM8_023,1.0,9,fEC439V-FM8,2022,pre-2025,A
fEC439V-FM8_024,0.8125,16,fEC439V-FM8,2022,pre-2025,A
fEC439V-FM8_025,1.0,11,fEC439V-FM8,2022,pre-2025,B
fEC439V-FM8_026,1.0,9,fEC439V-FM8,2022,pre-2025,A
fERSC9-tvZw_000,0.7894736842105263,19,fERSC9-tvZw,2025,2025+,A
fERSC9-tvZw_001,0.5,6,fERSC9-tvZw,2025,2025+,A
fERSC9-tvZw_002,0.9310344827586207,87,fERSC9-tvZw,2025,2025+,B
fERSC9-tvZw_003,0.5714285714285714,7,fERSC9-tvZw,2025,2025+,B
fERSC9-tvZw_004,1.0,9,fERSC9-tvZw,2025,2025+,A
fEmmmt_FFtQ_000,0.9583333333333334,24,fEmmmt_FFtQ,2022,pre-2025,A
fEmmmt_FFtQ_001,0.0,7,fEmmmt_FFtQ,2022,pre-2025,A
fEmmmt_FFtQ_002,1.0,17,fEmmmt_FFtQ,2022,pre-2025,A
fEmmmt_FFtQ_003,0.8194444444444444,72,fEmmmt_FFtQ,2022,pre-2025,A
fEmmmt_FFtQ_004,1.0,11,fEmmmt_FFtQ,2022,pre-2025,B
fEmmmt_FFtQ_005,1.0,11,fEmmmt_FFtQ,2022,pre-2025,A
fEmmmt_FFtQ_006,1.0,6,fEmmmt_FFtQ,2022,pre-2025,B
fEmmmt_FFtQ_007,1.0,11,fEmmmt_FFtQ,2022,pre-2025,B
fJJiM5XAPjE_000,0.9565217391304348,23,fJJiM5XAPjE,2024,pre-2025,A
fJJiM5XAPjE_002,1.0,12,fJJiM5XAPjE,2024,pre-2025,A
fJJiM5XAPjE_003,0.7272727272727273,11,fJJiM5XAPjE,2024,pre-2025,B
fJJiM5XAPjE_004,1.0,9,fJJiM5XAPjE,2024,pre-2025,A
fLFCU4gQJm0_000,0.926829268292683,82,fLFCU4gQJm0,2022,pre-2025,B
fLFCU4gQJm0_001,1.0,14,fLFCU4gQJm0,2022,pre-2025,B
fLFCU4gQJm0_002,0.8214285714285714,28,fLFCU4gQJm0,2022,pre-2025,A
fLFCU4gQJm0_003,0.9285714285714286,28,fLFCU4gQJm0,2022,pre-2025,B
fLFCU4gQJm0_004,0.9642857142857143,28,fLFCU4gQJm0,2022,pre-2025,A
fLFCU4gQJm0_005,0.8571428571428571,28,fLFCU4gQJm0,2022,pre-2025,A
fLFCU4gQJm0_006,0.75,28,fLFCU4gQJm0,2022,pre-2025,A
fLFCU4gQJm0_007,0.8461538461538461,26,fLFCU4gQJm0,2022,pre-2025,A
fLFCU4gQJm0_008,0.9285714285714286,28,fLFCU4gQJm0,2022,pre-2025,A
fLFCU4gQJm0_009,0.6363636363636364,11,fLFCU4gQJm0,2022,pre-2025,B
fLFCU4gQJm0_010,1.0,9,fLFCU4gQJm0,2022,pre-2025,A
fMIikT9DuQ8_000,0.8650793650793651,126,fMIikT9DuQ8,2024,pre-2025,B
fMIikT9DuQ8_001,0.8095238095238095,63,fMIikT9DuQ8,2024,pre-2025,B
fMIikT9DuQ8_002,0.7272727272727273,11,fMIikT9DuQ8,2024,pre-2025,B
fMIikT9DuQ8_003,1.0,9,fMIikT9DuQ8,2024,pre-2025,A
fXwE9_IWH-c_000,0.9827586206896551,58,fXwE9_IWH-c,2022,pre-2025,A
fXwE9_IWH-c_001,0.9761904761904762,84,fXwE9_IWH-c,2022,pre-2025,A
fXwE9_IWH-c_002,0.925,40,fXwE9_IWH-c,2022,pre-2025,A
fXwE9_IWH-c_003,0.9148936170212766,47,fXwE9_IWH-c,2022,pre-2025,A
fXwE9_IWH-c_004,0.8796992481203008,133,fXwE9_IWH-c,2022,pre-2025,B
fXwE9_IWH-c_005,1.0,5,fXwE9_IWH-c,2022,pre-2025,B
fXwE9_IWH-c_006,1.0,24,fXwE9_IWH-c,2022,pre-2025,A
fXwE9_IWH-c_007,0.9090909090909091,22,fXwE9_IWH-c,2022,pre-2025,A
fXwE9_IWH-c_008,0.8,5,fXwE9_IWH-c,2022,pre-2025,A
fXwE9_IWH-c_009,0.875,8,fXwE9_IWH-c,2022,pre-2025,B
fXwE9_IWH-c_010,1.0,9,fXwE9_IWH-c,2022,pre-2025,A
f_-Qv6gOOnQ_000,1.0,10,f_-Qv6gOOnQ,2024,pre-2025,A
f_-Qv6gOOnQ_001,1.0,10,f_-Qv6gOOnQ,2024,pre-2025,A
f_-Qv6gOOnQ_002,1.0,8,f_-Qv6gOOnQ,2024,pre-2025,A
f_-Qv6gOOnQ_003,1.0,10,f_-Qv6gOOnQ,2024,pre-2025,A
f_-Qv6gOOnQ_004,1.0,4,f_-Qv6gOOnQ,2024,pre-2025,A
f_-Qv6gOOnQ_005,1.0,3,f_-Qv6gOOnQ,2024,pre-2025,A
f_-Qv6gOOnQ_006,0.5,2,f_-Qv6gOOnQ,2024,pre-2025,A
f_-Qv6gOOnQ_007,1.0,3,f_-Qv6gOOnQ,2024,pre-2025,A
f_-Qv6gOOnQ_008,1.0,7,f_-Qv6gOOnQ,2024,pre-2025,A
f_-Qv6gOOnQ_009,1.0,7,f_-Qv6gOOnQ,2024,pre-2025,A
f_-Qv6gOOnQ_010,1.0,10,f_-Qv6gOOnQ,2024,pre-2025,A
f_-Qv6gOOnQ_011,0.8823529411764706,17,f_-Qv6gOOnQ,2024,pre-2025,B
f_-Qv6gOOnQ_012,1.0,9,f_-Qv6gOOnQ,2024,pre-2025,A
fenMDk7Ms8o_000,1.0,2,fenMDk7Ms8o,2022,pre-2025,A
fenMDk7Ms8o_001,0.75,4,fenMDk7Ms8o,2022,pre-2025,A
fenMDk7Ms8o_002,0.8695652173913043,23,fenMDk7Ms8o,2022,pre-2025,A
fenMDk7Ms8o_003,0.8846153846153846,26,fenMDk7Ms8o,2022,pre-2025,A
fenMDk7Ms8o_004,0.875,56,fenMDk7Ms8o,2022,pre-2025,A
fenMDk7Ms8o_005,0.8571428571428571,14,fenMDk7Ms8o,2022,pre-2025,A
fenMDk7Ms8o_006,0.92,25,fenMDk7Ms8o,2022,pre-2025,A
fenMDk7Ms8o_007,0.9436619718309859,71,fenMDk7Ms8o,2022,pre-2025,A
fenMDk7Ms8o_008,0.9024390243902439,41,fenMDk7Ms8o,2022,pre-2025,A
fenMDk7Ms8o_009,0.890625,64,fenMDk7Ms8o,2022,pre-2025,A
fenMDk7Ms8o_010,1.0,11,fenMDk7Ms8o,2022,pre-2025,B
fenMDk7Ms8o_011,1.0,9,fenMDk7Ms8o,2022,pre-2025,A
fndyN2fitf0_000,0.5057471264367817,87,fndyN2fitf0,2022,pre-2025,A
fndyN2fitf0_001,0.5555555555555556,9,fndyN2fitf0,2022,pre-2025,A
fndyN2fitf0_002,0.0,7,fndyN2fitf0,2022,pre-2025,A
fndyN2fitf0_003,1.0,15,fndyN2fitf0,2022,pre-2025,B
fndyN2fitf0_004,1.0,9,fndyN2fitf0,2022,pre-2025,A
fs9REzDRlp0_000,1.0,15,fs9REzDRlp0,2022,pre-2025,A
fs9REzDRlp0_001,0.9333333333333333,15,fs9REzDRlp0,2022,pre-2025,A
fs9REzDRlp0_002,1.0,11,fs9REzDRlp0,2022,pre-2025,B
fs9REzDRlp0_003,1.0,9,fs9REzDRlp0,2022,pre-2025,A
fsICD5cvIl8_000,1.0,26,fsICD5cvIl8,2026,2025+,A
fsICD5cvIl8_001,0.9230769230769231,26,fsICD5cvIl8,2026,2025+,A
fsICD5cvIl8_002,1.0,18,fsICD5cvIl8,2026,2025+,A
fsICD5cvIl8_003,0.7894736842105263,38,fsICD5cvIl8,2026,2025+,A
fsICD5cvIl8_004,0.8529411764705882,34,fsICD5cvIl8,2026,2025+,B
fsICD5cvIl8_005,1.0,9,fsICD5cvIl8,2026,2025+,B
ftKWA_gAzTo_000,0.2857142857142857,14,ftKWA_gAzTo,2022,pre-2025,A
ftKWA_gAzTo_001,0.6,40,ftKWA_gAzTo,2022,pre-2025,A
ftKWA_gAzTo_002,0.8085106382978723,94,ftKWA_gAzTo,2022,pre-2025,A
ftKWA_gAzTo_003,0.8378378378378378,37,ftKWA_gAzTo,2022,pre-2025,A
ftKWA_gAzTo_004,0.7777777777777778,72,ftKWA_gAzTo,2022,pre-2025,B
ftKWA_gAzTo_005,1.0,9,ftKWA_gAzTo,2022,pre-2025,A
fuf6qp-uaHA_000,0.45390070921985815,141,fuf6qp-uaHA,2025,2025+,A
fuf6qp-uaHA_001,0.4230769230769231,52,fuf6qp-uaHA,2025,2025+,A
fuf6qp-uaHA_002,0.16666666666666666,6,fuf6qp-uaHA,2025,2025+,A
fuf6qp-uaHA_003,0.2727272727272727,11,fuf6qp-uaHA,2025,2025+,A
fuf6qp-uaHA_004,0.6190476190476191,21,fuf6qp-uaHA,2025,2025+,A
fuf6qp-uaHA_005,0.8181818181818182,11,fuf6qp-uaHA,2025,2025+,B
fuf6qp-uaHA_006,0.6666666666666666,15,fuf6qp-uaHA,2025,2025+,A
fuf6qp-uaHA_007,0.4,15,fuf6qp-uaHA,2025,2025+,A
fuf6qp-uaHA_008,0.2857142857142857,14,fuf6qp-uaHA,2025,2025+,A
fuf6qp-uaHA_009,0.6790123456790124,81,fuf6qp-uaHA,2025,2025+,A
fuf6qp-uaHA_010,0.6341463414634146,41,fuf6qp-uaHA,2025,2025+,B
fuf6qp-uaHA_011,1.0,9,fuf6qp-uaHA,2025,2025+,A
g3qdsdztDqQ_000,0.9411764705882353,17,g3qdsdztDqQ,2025,2025+,A
g3qdsdztDqQ_001,0.8617021276595744,94,g3qdsdztDqQ,2025,2025+,B
g3qdsdztDqQ_002,0.9098360655737705,122,g3qdsdztDqQ,2025,2025+,B
g3qdsdztDqQ_003,0.9146341463414634,82,g3qdsdztDqQ,2025,2025+,B
g3qdsdztDqQ_004,1.0,28,g3qdsdztDqQ,2025,2025+,A
g3qdsdztDqQ_005,0.7272727272727273,11,g3qdsdztDqQ,2025,2025+,B
g3qdsdztDqQ_006,1.0,9,g3qdsdztDqQ,2025,2025+,B
g4tMvJTPtnc_001,0.5,6,g4tMvJTPtnc,2025,2025+,A
g4tMvJTPtnc_002,0.6363636363636364,11,g4tMvJTPtnc,2025,2025+,A
g4tMvJTPtnc_003,0.8888888888888888,18,g4tMvJTPtnc,2025,2025+,A
g4tMvJTPtnc_004,0.9107142857142857,56,g4tMvJTPtnc,2025,2025+,A
g4tMvJTPtnc_005,0.8648648648648649,111,g4tMvJTPtnc,2025,2025+,B
g4tMvJTPtnc_006,0.9006622516556292,151,g4tMvJTPtnc,2025,2025+,B
g4tMvJTPtnc_007,0.9545454545454546,22,g4tMvJTPtnc,2025,2025+,A
g4tMvJTPtnc_008,1.0,10,g4tMvJTPtnc,2025,2025+,A
g4tMvJTPtnc_009,0.9565217391304348,46,g4tMvJTPtnc,2025,2025+,A
g4tMvJTPtnc_010,0.92,25,g4tMvJTPtnc,2025,2025+,A
g4tMvJTPtnc_011,0.883495145631068,103,g4tMvJTPtnc,2025,2025+,B
g4tMvJTPtnc_012,0.8695652173913043,46,g4tMvJTPtnc,2025,2025+,B
g4tMvJTPtnc_013,0.9,30,g4tMvJTPtnc,2025,2025+,A
g4tMvJTPtnc_014,0.7272727272727273,11,g4tMvJTPtnc,2025,2025+,B
g4tMvJTPtnc_015,0.8888888888888888,9,g4tMvJTPtnc,2025,2025+,B
gOTeY1Br7Ns_000,0.5172413793103449,29,gOTeY1Br7Ns,2022,pre-2025,A
gOTeY1Br7Ns_001,0.9117647058823529,34,gOTeY1Br7Ns,2022,pre-2025,A
gOTeY1Br7Ns_002,0.9545454545454546,66,gOTeY1Br7Ns,2022,pre-2025,B
gOTeY1Br7Ns_003,0.8888888888888888,9,gOTeY1Br7Ns,2022,pre-2025,A
gOTeY1Br7Ns_004,1.0,41,gOTeY1Br7Ns,2022,pre-2025,A
gOTeY1Br7Ns_005,0.925,40,gOTeY1Br7Ns,2022,pre-2025,A
gOTeY1Br7Ns_006,0.9056603773584906,53,gOTeY1Br7Ns,2022,pre-2025,A
gOTeY1Br7Ns_007,0.9782608695652174,46,gOTeY1Br7Ns,2022,pre-2025,B
gOTeY1Br7Ns_008,0.9696969696969697,33,gOTeY1Br7Ns,2022,pre-2025,A
gOTeY1Br7Ns_009,0.9473684210526315,95,gOTeY1Br7Ns,2022,pre-2025,A
gOTeY1Br7Ns_010,0.9428571428571428,105,gOTeY1Br7Ns,2022,pre-2025,A
gOTeY1Br7Ns_011,1.0,9,gOTeY1Br7Ns,2022,pre-2025,A
gOTeY1Br7Ns_012,0.9285714285714286,28,gOTeY1Br7Ns,2022,pre-2025,A
gOTeY1Br7Ns_013,0.9473684210526315,19,gOTeY1Br7Ns,2022,pre-2025,A
gOTeY1Br7Ns_014,0.9518072289156626,83,gOTeY1Br7Ns,2022,pre-2025,A
gOTeY1Br7Ns_015,0.9278350515463918,97,gOTeY1Br7Ns,2022,pre-2025,A
gOTeY1Br7Ns_016,0.6341463414634146,41,gOTeY1Br7Ns,2022,pre-2025,B
gOTeY1Br7Ns_017,1.0,33,gOTeY1Br7Ns,2022,pre-2025,B
gOTeY1Br7Ns_018,0.7777777777777778,9,gOTeY1Br7Ns,2022,pre-2025,A
gOTeY1Br7Ns_019,0.8,15,gOTeY1Br7Ns,2022,pre-2025,B
gOTeY1Br7Ns_020,0.2781456953642384,151,gOTeY1Br7Ns,2022,pre-2025,B
gOTeY1Br7Ns_021,0.9090909090909091,33,gOTeY1Br7Ns,2022,pre-2025,A
gOTeY1Br7Ns_022,0.8333333333333334,18,gOTeY1Br7Ns,2022,pre-2025,A
gOTeY1Br7Ns_023,0.8636363636363636,154,gOTeY1Br7Ns,2022,pre-2025,A
gOTeY1Br7Ns_024,0.3333333333333333,6,gOTeY1Br7Ns,2022,pre-2025,A
gOTeY1Br7Ns_025,0.9855072463768116,69,gOTeY1Br7Ns,2022,pre-2025,A
gOTeY1Br7Ns_026,0.875,8,gOTeY1Br7Ns,2022,pre-2025,B
gOTeY1Br7Ns_027,1.0,9,gOTeY1Br7Ns,2022,pre-2025,A
gT1H1O2UpUQ_000,0.9652173913043478,115,gT1H1O2UpUQ,2022,pre-2025,B
gT1H1O2UpUQ_001,0.8571428571428571,21,gT1H1O2UpUQ,2022,pre-2025,B
gT1H1O2UpUQ_002,0.927536231884058,69,gT1H1O2UpUQ,2022,pre-2025,A
gT1H1O2UpUQ_003,0.9058823529411765,85,gT1H1O2UpUQ,2022,pre-2025,A
gT1H1O2UpUQ_004,0.7142857142857143,7,gT1H1O2UpUQ,2022,pre-2025,A
gT1H1O2UpUQ_005,1.0,7,gT1H1O2UpUQ,2022,pre-2025,A
gT1H1O2UpUQ_006,0.9772727272727273,44,gT1H1O2UpUQ,2022,pre-2025,A
gT1H1O2UpUQ_007,0.875,56,gT1H1O2UpUQ,2022,pre-2025,A
gT1H1O2UpUQ_008,1.0,16,gT1H1O2UpUQ,2022,pre-2025,A
gT1H1O2UpUQ_009,0.7777777777777778,18,gT1H1O2UpUQ,2022,pre-2025,A
gT1H1O2UpUQ_010,1.0,14,gT1H1O2UpUQ,2022,pre-2025,A
gT1H1O2UpUQ_011,0.75,8,gT1H1O2UpUQ,2022,pre-2025,B
gT1H1O2UpUQ_012,0.8695652173913043,46,gT1H1O2UpUQ,2022,pre-2025,A
gT1H1O2UpUQ_013,0.8431372549019608,51,gT1H1O2UpUQ,2022,pre-2025,A
gT1H1O2UpUQ_014,1.0,52,gT1H1O2UpUQ,2022,pre-2025,A
gT1H1O2UpUQ_015,0.9027777777777778,72,gT1H1O2UpUQ,2022,pre-2025,B
gT1H1O2UpUQ_016,0.9444444444444444,18,gT1H1O2UpUQ,2022,pre-2025,A
gT1H1O2UpUQ_017,1.0,11,gT1H1O2UpUQ,2022,pre-2025,B
gT1H1O2UpUQ_018,1.0,9,gT1H1O2UpUQ,2022,pre-2025,A
gX9MTnDCHKM_000,0.9047619047619048,63,gX9MTnDCHKM,2025,2025+,A
gX9MTnDCHKM_001,0.5,14,gX9MTnDCHKM,2025,2025+,A
gX9MTnDCHKM_002,1.0,7,gX9MTnDCHKM,2025,2025+,A
gX9MTnDCHKM_003,0.7272727272727273,11,gX9MTnDCHKM,2025,2025+,B
gX9MTnDCHKM_004,1.0,9,gX9MTnDCHKM,2025,2025+,A
gZUV6ni1EPA_000,1.0,11,gZUV6ni1EPA,2021,pre-2025,B
gZUV6ni1EPA_001,1.0,4,gZUV6ni1EPA,2021,pre-2025,A
gZUV6ni1EPA_003,0.9054054054054054,74,gZUV6ni1EPA,2021,pre-2025,A
gZUV6ni1EPA_004,0.9583333333333334,72,gZUV6ni1EPA,2021,pre-2025,A
gZUV6ni1EPA_005,0.6565656565656566,99,gZUV6ni1EPA,2021,pre-2025,A
gZUV6ni1EPA_006,0.8869565217391304,115,gZUV6ni1EPA,2021,pre-2025,B
gZUV6ni1EPA_007,0.8536585365853658,41,gZUV6ni1EPA,2021,pre-2025,B
gZUV6ni1EPA_008,0.9411764705882353,17,gZUV6ni1EPA,2021,pre-2025,A
gZUV6ni1EPA_009,0.9333333333333333,45,gZUV6ni1EPA,2021,pre-2025,A
gZUV6ni1EPA_010,0.6666666666666666,3,gZUV6ni1EPA,2021,pre-2025,A
gZUV6ni1EPA_011,0.9647058823529412,85,gZUV6ni1EPA,2021,pre-2025,A
gZUV6ni1EPA_012,0.25,104,gZUV6ni1EPA,2021,pre-2025,B
gZUV6ni1EPA_013,0.9294117647058824,85,gZUV6ni1EPA,2021,pre-2025,B
gZUV6ni1EPA_014,0.29896907216494845,97,gZUV6ni1EPA,2021,pre-2025,B
gZUV6ni1EPA_015,1.0,9,gZUV6ni1EPA,2021,pre-2025,B
gbN1E89g7yc_000,0.8928571428571429,28,gbN1E89g7yc,2025,2025+,A
gbN1E89g7yc_001,1.0,28,gbN1E89g7yc,2025,2025+,A
gbN1E89g7yc_002,0.8461538461538461,39,gbN1E89g7yc,2025,2025+,B
gbN1E89g7yc_003,1.0,9,gbN1E89g7yc,2025,2025+,A
gbrLzyVC-t0_000,0.9058823529411765,85,gbrLzyVC-t0,2024,pre-2025,B
gbrLzyVC-t0_001,0.7534246575342466,73,gbrLzyVC-t0,2024,pre-2025,B
gbrLzyVC-t0_002,1.0,9,gbrLzyVC-t0,2024,pre-2025,B
ghJ7QzFKpXU_000,0.7916666666666666,48,ghJ7QzFKpXU,2022,pre-2025,A
ghJ7QzFKpXU_001,0.8363636363636363,110,ghJ7QzFKpXU,2022,pre-2025,A
ghJ7QzFKpXU_002,0.9591836734693877,49,ghJ7QzFKpXU,2022,pre-2025,A
ghJ7QzFKpXU_003,0.8421052631578947,95,ghJ7QzFKpXU,2022,pre-2025,A
ghJ7QzFKpXU_004,1.0,21,ghJ7QzFKpXU,2022,pre-2025,A
ghJ7QzFKpXU_005,0.8333333333333334,12,ghJ7QzFKpXU,2022,pre-2025,A
ghJ7QzFKpXU_006,1.0,11,ghJ7QzFKpXU,2022,pre-2025,B
ghJ7QzFKpXU_007,1.0,9,ghJ7QzFKpXU,2022,pre-2025,A
gkrMlAAbfXY_000,0.828125,64,gkrMlAAbfXY,2024,pre-2025,A
gkrMlAAbfXY_001,0.8315789473684211,95,gkrMlAAbfXY,2024,pre-2025,B
gkrMlAAbfXY_002,0.8833333333333333,120,gkrMlAAbfXY,2024,pre-2025,B
gkrMlAAbfXY_003,0.8809523809523809,84,gkrMlAAbfXY,2024,pre-2025,B
gkrMlAAbfXY_004,0.6086956521739131,138,gkrMlAAbfXY,2024,pre-2025,A
gkrMlAAbfXY_005,0.7692307692307693,13,gkrMlAAbfXY,2024,pre-2025,B
gkrMlAAbfXY_006,1.0,9,gkrMlAAbfXY,2024,pre-2025,A
gmggwZTArDs_001,0.8333333333333334,6,gmggwZTArDs,2022,pre-2025,A
gmggwZTArDs_002,0.9285714285714286,14,gmggwZTArDs,2022,pre-2025,A
gmggwZTArDs_003,0.875,8,gmggwZTArDs,2022,pre-2025,A
gmggwZTArDs_004,0.9722222222222222,36,gmggwZTArDs,2022,pre-2025,A
gmggwZTArDs_005,0.8611111111111112,36,gmggwZTArDs,2022,pre-2025,A
gmggwZTArDs_006,0.9264705882352942,68,gmggwZTArDs,2022,pre-2025,A
gmggwZTArDs_007,0.9315068493150684,73,gmggwZTArDs,2022,pre-2025,A
gmggwZTArDs_008,0.9491525423728814,59,gmggwZTArDs,2022,pre-2025,A
gmggwZTArDs_009,0.9484536082474226,97,gmggwZTArDs,2022,pre-2025,A
gmggwZTArDs_010,0.8817204301075269,93,gmggwZTArDs,2022,pre-2025,B
gmggwZTArDs_011,1.0,9,gmggwZTArDs,2022,pre-2025,A
h0ZHAVQQ9O8_000,0.9629629629629629,27,h0ZHAVQQ9O8,2026,2025+,A
h0ZHAVQQ9O8_001,1.0,5,h0ZHAVQQ9O8,2026,2025+,A
h0ZHAVQQ9O8_002,1.0,5,h0ZHAVQQ9O8,2026,2025+,A
h0ZHAVQQ9O8_003,1.0,5,h0ZHAVQQ9O8,2026,2025+,A
h0ZHAVQQ9O8_004,0.8,5,h0ZHAVQQ9O8,2026,2025+,A
h0ZHAVQQ9O8_005,0.8,5,h0ZHAVQQ9O8,2026,2025+,A
hAQyH9W-0o4_000,0.9411764705882353,119,hAQyH9W-0o4,2022,pre-2025,A
hCUGY3-RIB4_000,0.9090909090909091,22,hCUGY3-RIB4,2022,pre-2025,A
hCUGY3-RIB4_001,0.9358974358974359,78,hCUGY3-RIB4,2022,pre-2025,A
hCUGY3-RIB4_002,1.0,23,hCUGY3-RIB4,2022,pre-2025,A
hCUGY3-RIB4_004,0.8333333333333334,6,hCUGY3-RIB4,2022,pre-2025,A
hCUGY3-RIB4_005,0.8,10,hCUGY3-RIB4,2022,pre-2025,A
hCUGY3-RIB4_006,0.875,32,hCUGY3-RIB4,2022,pre-2025,A
hCUGY3-RIB4_007,1.0,11,hCUGY3-RIB4,2022,pre-2025,B
hCUGY3-RIB4_008,1.0,3,hCUGY3-RIB4,2022,pre-2025,A
hIDlXK7K7jk_000,0.8888888888888888,9,hIDlXK7K7jk,2022,pre-2025,A
hIDlXK7K7jk_001,0.875,8,hIDlXK7K7jk,2022,pre-2025,A
hIDlXK7K7jk_002,0.8,5,hIDlXK7K7jk,2022,pre-2025,A
hIDlXK7K7jk_003,0.9772727272727273,44,hIDlXK7K7jk,2022,pre-2025,A
hIDlXK7K7jk_004,0.7222222222222222,18,hIDlXK7K7jk,2022,pre-2025,A
hIDlXK7K7jk_005,0.875,16,hIDlXK7K7jk,2022,pre-2025,A
hIDlXK7K7jk_006,0.8727272727272727,55,hIDlXK7K7jk,2022,pre-2025,A
hIDlXK7K7jk_007,0.9142857142857143,35,hIDlXK7K7jk,2022,pre-2025,B
hIDlXK7K7jk_008,0.9318181818181818,44,hIDlXK7K7jk,2022,pre-2025,A
hIDlXK7K7jk_009,0.8314606741573034,89,hIDlXK7K7jk,2022,pre-2025,A
hIDlXK7K7jk_010,0.875,40,hIDlXK7K7jk,2022,pre-2025,A
hIDlXK7K7jk_011,0.9629629629629629,54,hIDlXK7K7jk,2022,pre-2025,B
hIDlXK7K7jk_012,1.0,9,hIDlXK7K7jk,2022,pre-2025,A
hYXJOBBpFHg_000,0.875,16,hYXJOBBpFHg,2025,2025+,A
hYXJOBBpFHg_001,0.6,5,hYXJOBBpFHg,2025,2025+,A
hYXJOBBpFHg_002,1.0,9,hYXJOBBpFHg,2025,2025+,A
hguzTBqAszY_000,0.75,8,hguzTBqAszY,2022,pre-2025,A
hguzTBqAszY_001,0.9692307692307692,130,hguzTBqAszY,2022,pre-2025,B
hguzTBqAszY_002,0.7608695652173914,46,hguzTBqAszY,2022,pre-2025,B
hguzTBqAszY_003,0.75,8,hguzTBqAszY,2022,pre-2025,B
hguzTBqAszY_004,1.0,9,hguzTBqAszY,2022,pre-2025,A
hjBzl1XMgfo_000,0.9285714285714286,28,hjBzl1XMgfo,2023,pre-2025,A
hjBzl1XMgfo_001,0.9285714285714286,28,hjBzl1XMgfo,2023,pre-2025,A
hjBzl1XMgfo_002,1.0,28,hjBzl1XMgfo,2023,pre-2025,A
hjBzl1XMgfo_003,0.9642857142857143,28,hjBzl1XMgfo,2023,pre-2025,A
hjBzl1XMgfo_004,1.0,41,hjBzl1XMgfo,2023,pre-2025,B
hjBzl1XMgfo_005,1.0,11,hjBzl1XMgfo,2023,pre-2025,B
hjBzl1XMgfo_006,1.0,9,hjBzl1XMgfo,2023,pre-2025,A
hm2Hm93gCjU_000,0.9777777777777777,45,hm2Hm93gCjU,2024,pre-2025,B
hm2Hm93gCjU_001,0.9316239316239316,117,hm2Hm93gCjU,2024,pre-2025,B
hm2Hm93gCjU_002,0.927710843373494,83,hm2Hm93gCjU,2024,pre-2025,B
hm2Hm93gCjU_003,1.0,9,hm2Hm93gCjU,2024,pre-2025,A
huOpj7AJpas_000,0.9047619047619048,84,huOpj7AJpas,2025,2025+,B
huOpj7AJpas_001,0.9230769230769231,39,huOpj7AJpas,2025,2025+,B
huOpj7AJpas_002,0.8888888888888888,9,huOpj7AJpas,2025,2025+,A
hxmM5bL2g0k_000,0.9642857142857143,28,hxmM5bL2g0k,2022,pre-2025,A
hxmM5bL2g0k_001,0.4,5,hxmM5bL2g0k,2022,pre-2025,A
hxmM5bL2g0k_002,1.0,25,hxmM5bL2g0k,2022,pre-2025,A
hxmM5bL2g0k_003,0.6,10,hxmM5bL2g0k,2022,pre-2025,A
hxmM5bL2g0k_004,0.8780487804878049,41,hxmM5bL2g0k,2022,pre-2025,A
hxmM5bL2g0k_005,0.8387096774193549,31,hxmM5bL2g0k,2022,pre-2025,A
hxmM5bL2g0k_006,0.7818181818181819,110,hxmM5bL2g0k,2022,pre-2025,B
hxmM5bL2g0k_007,1.0,10,hxmM5bL2g0k,2022,pre-2025,B
hxmM5bL2g0k_008,0.8761061946902655,113,hxmM5bL2g0k,2022,pre-2025,B
hxmM5bL2g0k_009,0.8181818181818182,11,hxmM5bL2g0k,2022,pre-2025,B
hxmM5bL2g0k_010,0.5089285714285714,112,hxmM5bL2g0k,2022,pre-2025,A
hxmM5bL2g0k_011,0.8503937007874016,127,hxmM5bL2g0k,2022,pre-2025,A
hxmM5bL2g0k_012,0.8703703703703703,54,hxmM5bL2g0k,2022,pre-2025,A
hxmM5bL2g0k_013,0.9591836734693877,49,hxmM5bL2g0k,2022,pre-2025,A
hxmM5bL2g0k_014,1.0,11,hxmM5bL2g0k,2022,pre-2025,B
hxmM5bL2g0k_015,1.0,9,hxmM5bL2g0k,2022,pre-2025,A
i-8A7MoeZrg_000,0.94,50,i-8A7MoeZrg,2022,pre-2025,B
i-8A7MoeZrg_001,1.0,9,i-8A7MoeZrg,2022,pre-2025,A
i-8A7MoeZrg_002,1.0,15,i-8A7MoeZrg,2022,pre-2025,A
i-8A7MoeZrg_003,0.5,2,i-8A7MoeZrg,2022,pre-2025,B
i-8A7MoeZrg_004,1.0,76,i-8A7MoeZrg,2022,pre-2025,A
i-8A7MoeZrg_005,1.0,12,i-8A7MoeZrg,2022,pre-2025,A
i-8A7MoeZrg_006,0.9090909090909091,11,i-8A7MoeZrg,2022,pre-2025,A
i-8A7MoeZrg_007,0.9,10,i-8A7MoeZrg,2022,pre-2025,A
i-8A7MoeZrg_008,0.9333333333333333,15,i-8A7MoeZrg,2022,pre-2025,A
i-8A7MoeZrg_009,0.9705882352941176,68,i-8A7MoeZrg,2022,pre-2025,A
i-8A7MoeZrg_010,1.0,11,i-8A7MoeZrg,2022,pre-2025,B
i0edA9BkOjc_000,0.9,20,i0edA9BkOjc,2026,2025+,A
i0edA9BkOjc_001,0.8,10,i0edA9BkOjc,2026,2025+,A
i0edA9BkOjc_002,0.7272727272727273,11,i0edA9BkOjc,2026,2025+,B
i0edA9BkOjc_003,1.0,9,i0edA9BkOjc,2026,2025+,A
i1As-EBabRc_000,1.0,5,i1As-EBabRc,2022,pre-2025,A
i1As-EBabRc_001,1.0,7,i1As-EBabRc,2022,pre-2025,A
i1As-EBabRc_003,1.0,5,i1As-EBabRc,2022,pre-2025,A
i1As-EBabRc_004,0.9122807017543859,57,i1As-EBabRc,2022,pre-2025,A
i1As-EBabRc_005,0.7217391304347827,115,i1As-EBabRc,2022,pre-2025,B
i1As-EBabRc_006,0.9195402298850575,87,i1As-EBabRc,2022,pre-2025,B
i1As-EBabRc_007,0.8378378378378378,74,i1As-EBabRc,2022,pre-2025,A
i1As-EBabRc_008,0.972972972972973,37,i1As-EBabRc,2022,pre-2025,A
i1As-EBabRc_009,0.8387096774193549,31,i1As-EBabRc,2022,pre-2025,A
i1As-EBabRc_010,0.8674698795180723,83,i1As-EBabRc,2022,pre-2025,B
i1As-EBabRc_011,0.8863636363636364,44,i1As-EBabRc,2022,pre-2025,B
i1As-EBabRc_012,1.0,31,i1As-EBabRc,2022,pre-2025,A
i1As-EBabRc_013,0.831858407079646,113,i1As-EBabRc,2022,pre-2025,B
i1As-EBabRc_014,0.9666666666666667,30,i1As-EBabRc,2022,pre-2025,B
i1As-EBabRc_015,0.9130434782608695,46,i1As-EBabRc,2022,pre-2025,A
i1As-EBabRc_016,0.7169811320754716,53,i1As-EBabRc,2022,pre-2025,A
i1As-EBabRc_017,0.6666666666666666,6,i1As-EBabRc,2022,pre-2025,A
i1As-EBabRc_018,0.8571428571428571,21,i1As-EBabRc,2022,pre-2025,A
i1As-EBabRc_019,1.0,11,i1As-EBabRc,2022,pre-2025,B
i1As-EBabRc_020,1.0,9,i1As-EBabRc,2022,pre-2025,A
iFub1JSiYC4_000,0.8333333333333334,12,iFub1JSiYC4,2025,2025+,A
iFub1JSiYC4_001,0.4444444444444444,9,iFub1JSiYC4,2025,2025+,A
iFub1JSiYC4_002,0.7272727272727273,11,iFub1JSiYC4,2025,2025+,B
iFub1JSiYC4_003,1.0,9,iFub1JSiYC4,2025,2025+,A
iG1olu8M82U_000,0.9722222222222222,36,iG1olu8M82U,2026,2025+,A
iG1olu8M82U_006,1.0,9,iG1olu8M82U,2026,2025+,A
iIA9xASDxSE_000,0.6404494382022472,89,iIA9xASDxSE,2026,2025+,B
iIA9xASDxSE_001,0.9375,48,iIA9xASDxSE,2026,2025+,B
iIA9xASDxSE_002,0.875,16,iIA9xASDxSE,2026,2025+,A
iIA9xASDxSE_003,0.8,15,iIA9xASDxSE,2026,2025+,B
iIA9xASDxSE_004,1.0,9,iIA9xASDxSE,2026,2025+,A
iL4TJUbaAFM_000,0.8333333333333334,6,iL4TJUbaAFM,2022,pre-2025,B
iL4TJUbaAFM_001,0.8373983739837398,123,iL4TJUbaAFM,2022,pre-2025,B
iL4TJUbaAFM_002,0.8787878787878788,33,iL4TJUbaAFM,2022,pre-2025,B
iL4TJUbaAFM_003,0.8,25,iL4TJUbaAFM,2022,pre-2025,A
iL4TJUbaAFM_004,0.7575757575757576,33,iL4TJUbaAFM,2022,pre-2025,A
iL4TJUbaAFM_005,0.8155339805825242,103,iL4TJUbaAFM,2022,pre-2025,A
iL4TJUbaAFM_006,0.8596491228070176,57,iL4TJUbaAFM,2022,pre-2025,A
iL4TJUbaAFM_007,1.0,11,iL4TJUbaAFM,2022,pre-2025,B
iL4TJUbaAFM_008,1.0,9,iL4TJUbaAFM,2022,pre-2025,A
iNmjK7_7Dto_000,0.85,20,iNmjK7_7Dto,2025,2025+,A
iNmjK7_7Dto_001,0.9473684210526315,19,iNmjK7_7Dto,2025,2025+,A
iNmjK7_7Dto_002,0.36,50,iNmjK7_7Dto,2025,2025+,A
iNmjK7_7Dto_003,0.0,22,iNmjK7_7Dto,2025,2025+,A
iNmjK7_7Dto_004,0.7450980392156863,51,iNmjK7_7Dto,2025,2025+,A
iNmjK7_7Dto_005,0.8955223880597015,67,iNmjK7_7Dto,2025,2025+,B
iNmjK7_7Dto_006,1.0,9,iNmjK7_7Dto,2025,2025+,A
iQA9WwEzrgE_000,0.9069767441860465,43,iQA9WwEzrgE,2025,2025+,A
iQA9WwEzrgE_001,0.6891891891891891,74,iQA9WwEzrgE,2025,2025+,A
iQA9WwEzrgE_002,0.7272727272727273,11,iQA9WwEzrgE,2025,2025+,B
iQA9WwEzrgE_003,1.0,9,iQA9WwEzrgE,2025,2025+,A
ilsOhyrLOAY_000,1.0,26,ilsOhyrLOAY,2022,pre-2025,A
ilsOhyrLOAY_001,0.86,100,ilsOhyrLOAY,2022,pre-2025,A
ilsOhyrLOAY_002,1.0,10,ilsOhyrLOAY,2022,pre-2025,A
ilsOhyrLOAY_003,0.9,10,ilsOhyrLOAY,2022,pre-2025,A
ilsOhyrLOAY_004,0.9,10,ilsOhyrLOAY,2022,pre-2025,A
ilsOhyrLOAY_005,1.0,11,ilsOhyrLOAY,2022,pre-2025,B
ilsOhyrLOAY_006,1.0,9,ilsOhyrLOAY,2022,pre-2025,A
iuZrOt4-KdU_000,0.34408602150537637,93,iuZrOt4-KdU,2024,pre-2025,A
iuZrOt4-KdU_001,0.7272727272727273,11,iuZrOt4-KdU,2024,pre-2025,B
iuZrOt4-KdU_002,1.0,9,iuZrOt4-KdU,2024,pre-2025,A
ivS-TeGCbNc_000,1.0,8,ivS-TeGCbNc,2025,2025+,A
ivS-TeGCbNc_001,0.8170731707317073,82,ivS-TeGCbNc,2025,2025+,A
ivS-TeGCbNc_002,0.9259259259259259,81,ivS-TeGCbNc,2025,2025+,A
ivS-TeGCbNc_003,0.7857142857142857,84,ivS-TeGCbNc,2025,2025+,B
ivS-TeGCbNc_004,1.0,9,ivS-TeGCbNc,2025,2025+,B
ivVpXH_ZU8A_000,1.0,11,ivVpXH_ZU8A,2022,pre-2025,B
ivVpXH_ZU8A_001,0.8,5,ivVpXH_ZU8A,2022,pre-2025,A
ivVpXH_ZU8A_002,0.9285714285714286,28,ivVpXH_ZU8A,2022,pre-2025,A
ivVpXH_ZU8A_003,0.8690476190476191,84,ivVpXH_ZU8A,2022,pre-2025,A
ivVpXH_ZU8A_004,1.0,9,ivVpXH_ZU8A,2022,pre-2025,B
iz2lF-IiOZw_000,0.75,16,iz2lF-IiOZw,2022,pre-2025,A
iz2lF-IiOZw_001,1.0,11,iz2lF-IiOZw,2022,pre-2025,A
iz2lF-IiOZw_002,0.935064935064935,77,iz2lF-IiOZw,2022,pre-2025,A
iz2lF-IiOZw_003,0.9629629629629629,81,iz2lF-IiOZw,2022,pre-2025,A
iz2lF-IiOZw_004,0.9444444444444444,18,iz2lF-IiOZw,2022,pre-2025,A
iz2lF-IiOZw_005,0.9146341463414634,82,iz2lF-IiOZw,2022,pre-2025,A
iz2lF-IiOZw_006,0.9381443298969072,97,iz2lF-IiOZw,2022,pre-2025,A
iz2lF-IiOZw_007,0.6991150442477876,113,iz2lF-IiOZw,2022,pre-2025,A
iz2lF-IiOZw_008,1.0,11,iz2lF-IiOZw,2022,pre-2025,B
iz2lF-IiOZw_009,1.0,9,iz2lF-IiOZw,2022,pre-2025,A
jGHOoOwKQdI_006,0.8048780487804879,41,jGHOoOwKQdI,2026,2025+,B
jGHOoOwKQdI_007,1.0,9,jGHOoOwKQdI,2026,2025+,A
jNM5arBwwvY_000,0.8928571428571429,28,jNM5arBwwvY,2024,pre-2025,A
jNM5arBwwvY_001,0.8928571428571429,28,jNM5arBwwvY,2024,pre-2025,A
jNM5arBwwvY_002,0.8518518518518519,27,jNM5arBwwvY,2024,pre-2025,A
jNM5arBwwvY_003,0.8205128205128205,39,jNM5arBwwvY,2024,pre-2025,B
jNM5arBwwvY_004,1.0,9,jNM5arBwwvY,2024,pre-2025,A
jSQXgyb1vKY_000,0.8739495798319328,119,jSQXgyb1vKY,2025,2025+,A
jSQXgyb1vKY_002,0.41935483870967744,31,jSQXgyb1vKY,2025,2025+,A
jSQXgyb1vKY_003,0.2564102564102564,156,jSQXgyb1vKY,2025,2025+,B
jSQXgyb1vKY_004,0.24242424242424243,66,jSQXgyb1vKY,2025,2025+,B
jSQXgyb1vKY_005,0.417910447761194,67,jSQXgyb1vKY,2025,2025+,A
jSQXgyb1vKY_006,0.5230769230769231,65,jSQXgyb1vKY,2025,2025+,B
jSQXgyb1vKY_007,0.7515923566878981,157,jSQXgyb1vKY,2025,2025+,B
jSQXgyb1vKY_008,0.74,50,jSQXgyb1vKY,2025,2025+,B
jSQXgyb1vKY_009,1.0,9,jSQXgyb1vKY,2025,2025+,B
jlAsU6rCaFU_000,1.0,7,jlAsU6rCaFU,2022,pre-2025,A
jlAsU6rCaFU_001,0.7142857142857143,21,jlAsU6rCaFU,2022,pre-2025,A
jlAsU6rCaFU_002,0.5,10,jlAsU6rCaFU,2022,pre-2025,A
jlAsU6rCaFU_003,0.868421052631579,114,jlAsU6rCaFU,2022,pre-2025,A
jlAsU6rCaFU_004,0.8833333333333333,120,jlAsU6rCaFU,2022,pre-2025,B
jlAsU6rCaFU_005,0.9411764705882353,51,jlAsU6rCaFU,2022,pre-2025,B
jlAsU6rCaFU_006,0.8222222222222222,45,jlAsU6rCaFU,2022,pre-2025,A
jlAsU6rCaFU_007,0.75,20,jlAsU6rCaFU,2022,pre-2025,A
jlAsU6rCaFU_008,1.0,11,jlAsU6rCaFU,2022,pre-2025,B
jlAsU6rCaFU_009,1.0,9,jlAsU6rCaFU,2022,pre-2025,A
jlBAcCH1jEI_000,0.9230769230769231,26,jlBAcCH1jEI,2022,pre-2025,A
jlBAcCH1jEI_001,0.6704545454545454,88,jlBAcCH1jEI,2022,pre-2025,A
jlBAcCH1jEI_002,1.0,6,jlBAcCH1jEI,2022,pre-2025,A
jlBAcCH1jEI_003,1.0,3,jlBAcCH1jEI,2022,pre-2025,A
jlBAcCH1jEI_004,1.0,12,jlBAcCH1jEI,2022,pre-2025,A
jlBAcCH1jEI_005,1.0,6,jlBAcCH1jEI,2022,pre-2025,A
jlBAcCH1jEI_006,0.9230769230769231,26,jlBAcCH1jEI,2022,pre-2025,A
jlBAcCH1jEI_007,1.0,6,jlBAcCH1jEI,2022,pre-2025,A
jlBAcCH1jEI_008,0.9791666666666666,48,jlBAcCH1jEI,2022,pre-2025,A
jlBAcCH1jEI_009,1.0,6,jlBAcCH1jEI,2022,pre-2025,A
jlBAcCH1jEI_010,0.8840579710144928,69,jlBAcCH1jEI,2022,pre-2025,B
jlBAcCH1jEI_011,0.8333333333333334,24,jlBAcCH1jEI,2022,pre-2025,A
jlBAcCH1jEI_012,0.875,8,jlBAcCH1jEI,2022,pre-2025,B
jlBAcCH1jEI_013,1.0,9,jlBAcCH1jEI,2022,pre-2025,A
jsbMIaUjAOo_000,0.92,75,jsbMIaUjAOo,2024,pre-2025,A
jsbMIaUjAOo_001,0.865546218487395,119,jsbMIaUjAOo,2024,pre-2025,B
jsbMIaUjAOo_002,0.875,16,jsbMIaUjAOo,2024,pre-2025,B
jsbMIaUjAOo_003,0.7272727272727273,11,jsbMIaUjAOo,2024,pre-2025,B
jsbMIaUjAOo_004,1.0,9,jsbMIaUjAOo,2024,pre-2025,A
jvknMvR2iVs_000,0.437125748502994,167,jvknMvR2iVs,2025,2025+,A
jvknMvR2iVs_001,0.6326530612244898,49,jvknMvR2iVs,2025,2025+,A
jvknMvR2iVs_002,0.6,5,jvknMvR2iVs,2025,2025+,A
jvknMvR2iVs_003,0.96875,32,jvknMvR2iVs,2025,2025+,A
jvknMvR2iVs_004,0.22142857142857142,140,jvknMvR2iVs,2025,2025+,B
jvknMvR2iVs_005,0.265625,64,jvknMvR2iVs,2025,2025+,B
jvknMvR2iVs_006,0.8506493506493507,154,jvknMvR2iVs,2025,2025+,B
jvknMvR2iVs_007,0.632183908045977,87,jvknMvR2iVs,2025,2025+,B
jvknMvR2iVs_008,0.8888888888888888,9,jvknMvR2iVs,2025,2025+,A
k9vrs-N106Q_001,0.9292035398230089,113,k9vrs-N106Q,2023,pre-2025,B
k9vrs-N106Q_002,1.0,46,k9vrs-N106Q,2023,pre-2025,B
k9vrs-N106Q_003,1.0,11,k9vrs-N106Q,2023,pre-2025,B
k9vrs-N106Q_004,1.0,9,k9vrs-N106Q,2023,pre-2025,B
kEYlLb7TH9o_000,0.9285714285714286,28,kEYlLb7TH9o,2025,2025+,A
kEYlLb7TH9o_001,0.7272727272727273,11,kEYlLb7TH9o,2025,2025+,B
kEYlLb7TH9o_002,1.0,9,kEYlLb7TH9o,2025,2025+,A
kEjwIjbrwv8_000,0.8125,112,kEjwIjbrwv8,2022,pre-2025,A
kEjwIjbrwv8_001,0.9431818181818182,88,kEjwIjbrwv8,2022,pre-2025,A
kEjwIjbrwv8_002,0.8461538461538461,13,kEjwIjbrwv8,2022,pre-2025,A
kEjwIjbrwv8_003,0.9166666666666666,96,kEjwIjbrwv8,2022,pre-2025,A
kEjwIjbrwv8_004,1.0,8,kEjwIjbrwv8,2022,pre-2025,A
kEjwIjbrwv8_005,0.9223300970873787,103,kEjwIjbrwv8,2022,pre-2025,A
kEjwIjbrwv8_006,1.0,11,kEjwIjbrwv8,2022,pre-2025,B
kEjwIjbrwv8_007,1.0,9,kEjwIjbrwv8,2022,pre-2025,A
kEnambyROA4_000,1.0,11,kEnambyROA4,2022,pre-2025,A
kEnambyROA4_001,1.0,11,kEnambyROA4,2022,pre-2025,A
kEnambyROA4_002,1.0,10,kEnambyROA4,2022,pre-2025,A
kEnambyROA4_003,1.0,11,kEnambyROA4,2022,pre-2025,A
kEnambyROA4_004,0.9615384615384616,26,kEnambyROA4,2022,pre-2025,A
kEnambyROA4_005,0.9565217391304348,92,kEnambyROA4,2022,pre-2025,A
kEnambyROA4_006,0.937984496124031,129,kEnambyROA4,2022,pre-2025,A
kEnambyROA4_007,0.8991596638655462,119,kEnambyROA4,2022,pre-2025,A
kEnambyROA4_008,0.9444444444444444,54,kEnambyROA4,2022,pre-2025,A
kEnambyROA4_009,0.9152542372881356,59,kEnambyROA4,2022,pre-2025,A
kEnambyROA4_010,0.9090909090909091,22,kEnambyROA4,2022,pre-2025,A
kEnambyROA4_011,0.9761904761904762,42,kEnambyROA4,2022,pre-2025,A
kEnambyROA4_012,0.95,40,kEnambyROA4,2022,pre-2025,A
kEnambyROA4_013,0.8125,32,kEnambyROA4,2022,pre-2025,A
kEnambyROA4_014,0.9375,32,kEnambyROA4,2022,pre-2025,A
kEnambyROA4_015,0.9615384615384616,26,kEnambyROA4,2022,pre-2025,A
kEnambyROA4_016,1.0,29,kEnambyROA4,2022,pre-2025,A
kEnambyROA4_017,1.0,11,kEnambyROA4,2022,pre-2025,A
kEnambyROA4_018,0.9259259259259259,27,kEnambyROA4,2022,pre-2025,A
kEnambyROA4_019,1.0,11,kEnambyROA4,2022,pre-2025,B
kEnambyROA4_020,1.0,9,kEnambyROA4,2022,pre-2025,A
kUqvem6B2VY_000,1.0,11,kUqvem6B2VY,2021,pre-2025,B
kUqvem6B2VY_002,0.9076923076923077,65,kUqvem6B2VY,2021,pre-2025,A
kUqvem6B2VY_003,0.890625,64,kUqvem6B2VY,2021,pre-2025,A
kUqvem6B2VY_004,1.0,3,kUqvem6B2VY,2021,pre-2025,A
kUqvem6B2VY_005,0.375,56,kUqvem6B2VY,2021,pre-2025,B
kUqvem6B2VY_006,1.0,12,kUqvem6B2VY,2021,pre-2025,A
kUqvem6B2VY_007,0.9743589743589743,39,kUqvem6B2VY,2021,pre-2025,A
kUqvem6B2VY_008,1.0,9,kUqvem6B2VY,2021,pre-2025,B
kdoFevWmZms_000,1.0,11,kdoFevWmZms,2022,pre-2025,B
kdoFevWmZms_001,0.8,5,kdoFevWmZms,2022,pre-2025,A
kdoFevWmZms_002,0.8125,80,kdoFevWmZms,2022,pre-2025,A
kdoFevWmZms_003,1.0,9,kdoFevWmZms,2022,pre-2025,B
kipF8C4tuLA_000,0.9285714285714286,14,kipF8C4tuLA,2025,2025+,A
kipF8C4tuLA_001,0.8636363636363636,22,kipF8C4tuLA,2025,2025+,A
kipF8C4tuLA_002,0.7272727272727273,11,kipF8C4tuLA,2025,2025+,B
kipF8C4tuLA_003,1.0,9,kipF8C4tuLA,2025,2025+,B
kpDQ-6ifdHQ_000,1.0,12,kpDQ-6ifdHQ,2025,2025+,B
kpDQ-6ifdHQ_001,0.6666666666666666,3,kpDQ-6ifdHQ,2025,2025+,B
kpDQ-6ifdHQ_002,1.0,8,kpDQ-6ifdHQ,2025,2025+,A
kpDQ-6ifdHQ_003,0.7446808510638298,47,kpDQ-6ifdHQ,2025,2025+,A
kpDQ-6ifdHQ_004,0.7272727272727273,11,kpDQ-6ifdHQ,2025,2025+,B
kpDQ-6ifdHQ_005,1.0,9,kpDQ-6ifdHQ,2025,2025+,A
kwcy-9CHGdk_000,0.48484848484848486,66,kwcy-9CHGdk,2022,pre-2025,A
kwcy-9CHGdk_001,0.4166666666666667,12,kwcy-9CHGdk,2022,pre-2025,A
kwcy-9CHGdk_002,0.5,4,kwcy-9CHGdk,2022,pre-2025,A
kwcy-9CHGdk_003,0.7575757575757576,66,kwcy-9CHGdk,2022,pre-2025,A
kwcy-9CHGdk_004,0.8181818181818182,11,kwcy-9CHGdk,2022,pre-2025,A
kwcy-9CHGdk_005,0.9583333333333334,72,kwcy-9CHGdk,2022,pre-2025,B
kwcy-9CHGdk_006,1.0,9,kwcy-9CHGdk,2022,pre-2025,A
l0h9wUTrNbI_001,1.0,9,l0h9wUTrNbI,2022,pre-2025,A
l3maA9F6wt0_000,0.8333333333333334,24,l3maA9F6wt0,2022,pre-2025,A
l3maA9F6wt0_001,0.9,10,l3maA9F6wt0,2022,pre-2025,A
l3maA9F6wt0_002,0.8571428571428571,7,l3maA9F6wt0,2022,pre-2025,A
l3maA9F6wt0_003,0.8985507246376812,69,l3maA9F6wt0,2022,pre-2025,A
l3maA9F6wt0_004,0.8333333333333334,6,l3maA9F6wt0,2022,pre-2025,A
l3maA9F6wt0_005,0.9180327868852459,61,l3maA9F6wt0,2022,pre-2025,A
l3maA9F6wt0_006,1.0,10,l3maA9F6wt0,2022,pre-2025,A
l3maA9F6wt0_007,0.9565217391304348,46,l3maA9F6wt0,2022,pre-2025,A
l3maA9F6wt0_008,1.0,11,l3maA9F6wt0,2022,pre-2025,A
l3maA9F6wt0_009,0.9583333333333334,48,l3maA9F6wt0,2022,pre-2025,A
l3maA9F6wt0_010,0.9444444444444444,18,l3maA9F6wt0,2022,pre-2025,A
l3maA9F6wt0_011,0.9333333333333333,60,l3maA9F6wt0,2022,pre-2025,A
l3maA9F6wt0_012,0.9795918367346939,49,l3maA9F6wt0,2022,pre-2025,A
l3maA9F6wt0_013,1.0,11,l3maA9F6wt0,2022,pre-2025,B
l5I1tLaBdDA_000,0.9512195121951219,123,l5I1tLaBdDA,2025,2025+,A
l5I1tLaBdDA_001,0.8666666666666667,30,l5I1tLaBdDA,2025,2025+,A
l5I1tLaBdDA_002,0.556390977443609,133,l5I1tLaBdDA,2025,2025+,A
l5I1tLaBdDA_003,0.8,20,l5I1tLaBdDA,2025,2025+,A
l5I1tLaBdDA_004,0.8666666666666667,15,l5I1tLaBdDA,2025,2025+,A
l5I1tLaBdDA_005,0.7272727272727273,11,l5I1tLaBdDA,2025,2025+,B
l5I1tLaBdDA_006,1.0,9,l5I1tLaBdDA,2025,2025+,A
lLRQzWscCQ8_001,0.32954545454545453,88,lLRQzWscCQ8,2022,pre-2025,B
lLRQzWscCQ8_002,1.0,9,lLRQzWscCQ8,2022,pre-2025,B
lO5UnkHDgE0_000,0.9285714285714286,28,lO5UnkHDgE0,2022,pre-2025,A
lO5UnkHDgE0_003,0.2647058823529412,68,lO5UnkHDgE0,2022,pre-2025,A
lO5UnkHDgE0_004,0.9090909090909091,11,lO5UnkHDgE0,2022,pre-2025,A
lO5UnkHDgE0_005,0.6818181818181818,88,lO5UnkHDgE0,2022,pre-2025,B
lO5UnkHDgE0_006,0.22,100,lO5UnkHDgE0,2022,pre-2025,B
lO5UnkHDgE0_007,1.0,9,lO5UnkHDgE0,2022,pre-2025,A
lQ9Ptj6nQCE_000,0.8333333333333334,24,lQ9Ptj6nQCE,2025,2025+,A
lQ9Ptj6nQCE_001,0.8333333333333334,30,lQ9Ptj6nQCE,2025,2025+,B
lQ9Ptj6nQCE_002,1.0,9,lQ9Ptj6nQCE,2025,2025+,A
lSPNfjuh5ho_000,0.9285714285714286,28,lSPNfjuh5ho,2022,pre-2025,B
lSPNfjuh5ho_001,0.9285714285714286,28,lSPNfjuh5ho,2022,pre-2025,A
lSPNfjuh5ho_002,0.8928571428571429,28,lSPNfjuh5ho,2022,pre-2025,A
lSPNfjuh5ho_003,1.0,28,lSPNfjuh5ho,2022,pre-2025,A
lSPNfjuh5ho_004,1.0,11,lSPNfjuh5ho,2022,pre-2025,B
lSPNfjuh5ho_005,1.0,9,lSPNfjuh5ho,2022,pre-2025,A
lZZoMgE8On4_001,0.9722222222222222,36,lZZoMgE8On4,2022,pre-2025,A
lZZoMgE8On4_002,0.9285714285714286,28,lZZoMgE8On4,2022,pre-2025,A
lZZoMgE8On4_003,0.9310344827586207,29,lZZoMgE8On4,2022,pre-2025,A
lZZoMgE8On4_004,1.0,27,lZZoMgE8On4,2022,pre-2025,A
lZZoMgE8On4_005,1.0,41,lZZoMgE8On4,2022,pre-2025,A
lZZoMgE8On4_006,0.9393939393939394,33,lZZoMgE8On4,2022,pre-2025,A
lZZoMgE8On4_007,1.0,30,lZZoMgE8On4,2022,pre-2025,A
lZZoMgE8On4_008,1.0,15,lZZoMgE8On4,2022,pre-2025,A
lZZoMgE8On4_009,0.9696969696969697,33,lZZoMgE8On4,2022,pre-2025,A
lZZoMgE8On4_010,1.0,26,lZZoMgE8On4,2022,pre-2025,A
lZZoMgE8On4_011,1.0,18,lZZoMgE8On4,2022,pre-2025,A
lZZoMgE8On4_012,0.7272727272727273,11,lZZoMgE8On4,2022,pre-2025,A
lZZoMgE8On4_013,0.9,30,lZZoMgE8On4,2022,pre-2025,A
lZZoMgE8On4_014,0.8863636363636364,44,lZZoMgE8On4,2022,pre-2025,A
lZZoMgE8On4_015,1.0,51,lZZoMgE8On4,2022,pre-2025,A
lZZoMgE8On4_017,1.0,9,lZZoMgE8On4,2022,pre-2025,A
m6OSbnAy7zw_000,0.9102564102564102,78,m6OSbnAy7zw,2025,2025+,B
m6OSbnAy7zw_001,0.9302325581395349,86,m6OSbnAy7zw,2025,2025+,B
m6OSbnAy7zw_002,0.8333333333333334,18,m6OSbnAy7zw,2025,2025+,B
m6OSbnAy7zw_003,0.8888888888888888,9,m6OSbnAy7zw,2025,2025+,A
mAY9rHmQCFE_000,0.9285714285714286,14,mAY9rHmQCFE,2025,2025+,A
mAY9rHmQCFE_001,0.8736842105263158,95,mAY9rHmQCFE,2025,2025+,B
mAY9rHmQCFE_002,1.0,9,mAY9rHmQCFE,2025,2025+,A
mh2gkX1tceE_000,1.0,11,mh2gkX1tceE,2022,pre-2025,B
mh2gkX1tceE_001,0.8571428571428571,7,mh2gkX1tceE,2022,pre-2025,A
mh2gkX1tceE_002,0.8918918918918919,111,mh2gkX1tceE,2022,pre-2025,A
mh2gkX1tceE_003,1.0,9,mh2gkX1tceE,2022,pre-2025,B
mlNSL9Bt5dw_000,0.5333333333333333,30,mlNSL9Bt5dw,2025,2025+,A
mlNSL9Bt5dw_002,0.8803418803418803,117,mlNSL9Bt5dw,2025,2025+,B
mlNSL9Bt5dw_003,0.9264705882352942,68,mlNSL9Bt5dw,2025,2025+,B
mlNSL9Bt5dw_004,0.9230769230769231,39,mlNSL9Bt5dw,2025,2025+,B
mlNSL9Bt5dw_005,0.9615384615384616,26,mlNSL9Bt5dw,2025,2025+,A
mlNSL9Bt5dw_006,0.49019607843137253,51,mlNSL9Bt5dw,2025,2025+,A
mlNSL9Bt5dw_007,0.2222222222222222,81,mlNSL9Bt5dw,2025,2025+,B
mlNSL9Bt5dw_008,1.0,9,mlNSL9Bt5dw,2025,2025+,A
myyXZNJtXoM_000,0.8505747126436781,87,myyXZNJtXoM,2024,pre-2025,A
myyXZNJtXoM_001,0.18181818181818182,11,myyXZNJtXoM,2024,pre-2025,B
myyXZNJtXoM_002,1.0,9,myyXZNJtXoM,2024,pre-2025,A
n3ZQI3jtmuE_001,0.7764705882352941,85,n3ZQI3jtmuE,2023,pre-2025,B
n3ZQI3jtmuE_002,1.0,9,n3ZQI3jtmuE,2023,pre-2025,A
n584e3exz7Y_000,1.0,4,n584e3exz7Y,2022,pre-2025,A
n584e3exz7Y_001,0.9259259259259259,54,n584e3exz7Y,2022,pre-2025,A
n584e3exz7Y_002,0.9607843137254902,51,n584e3exz7Y,2022,pre-2025,A
n584e3exz7Y_003,1.0,6,n584e3exz7Y,2022,pre-2025,A
n584e3exz7Y_004,0.9782608695652174,46,n584e3exz7Y,2022,pre-2025,A
n584e3exz7Y_005,1.0,5,n584e3exz7Y,2022,pre-2025,A
n584e3exz7Y_006,0.9629629629629629,27,n584e3exz7Y,2022,pre-2025,A
n584e3exz7Y_007,1.0,19,n584e3exz7Y,2022,pre-2025,A
n584e3exz7Y_008,1.0,8,n584e3exz7Y,2022,pre-2025,A
n584e3exz7Y_009,0.5,2,n584e3exz7Y,2022,pre-2025,A
n584e3exz7Y_010,0.9259259259259259,81,n584e3exz7Y,2022,pre-2025,B
n584e3exz7Y_011,1.0,4,n584e3exz7Y,2022,pre-2025,A
n584e3exz7Y_012,0.9595959595959596,99,n584e3exz7Y,2022,pre-2025,B
n584e3exz7Y_013,0.75,4,n584e3exz7Y,2022,pre-2025,A
n584e3exz7Y_014,1.0,7,n584e3exz7Y,2022,pre-2025,A
n584e3exz7Y_015,0.9411764705882353,17,n584e3exz7Y,2022,pre-2025,A
n584e3exz7Y_016,1.0,4,n584e3exz7Y,2022,pre-2025,A
n584e3exz7Y_017,1.0,8,n584e3exz7Y,2022,pre-2025,A
n584e3exz7Y_018,1.0,4,n584e3exz7Y,2022,pre-2025,A
n584e3exz7Y_019,1.0,14,n584e3exz7Y,2022,pre-2025,A
n584e3exz7Y_020,1.0,4,n584e3exz7Y,2022,pre-2025,A
n584e3exz7Y_021,0.9444444444444444,36,n584e3exz7Y,2022,pre-2025,A
n584e3exz7Y_022,0.8333333333333334,6,n584e3exz7Y,2022,pre-2025,A
n584e3exz7Y_023,1.0,11,n584e3exz7Y,2022,pre-2025,A
n584e3exz7Y_024,1.0,7,n584e3exz7Y,2022,pre-2025,A
n584e3exz7Y_025,0.8461538461538461,13,n584e3exz7Y,2022,pre-2025,A
n584e3exz7Y_026,1.0,6,n584e3exz7Y,2022,pre-2025,A
n584e3exz7Y_027,0.8333333333333334,6,n584e3exz7Y,2022,pre-2025,A
n584e3exz7Y_028,0.5,2,n584e3exz7Y,2022,pre-2025,A
n584e3exz7Y_029,0.875,8,n584e3exz7Y,2022,pre-2025,A
n584e3exz7Y_030,0.75,8,n584e3exz7Y,2022,pre-2025,A
n584e3exz7Y_031,1.0,11,n584e3exz7Y,2022,pre-2025,A
n584e3exz7Y_032,1.0,10,n584e3exz7Y,2022,pre-2025,A
n584e3exz7Y_033,0.9166666666666666,12,n584e3exz7Y,2022,pre-2025,A
n584e3exz7Y_034,1.0,8,n584e3exz7Y,2022,pre-2025,A
n584e3exz7Y_035,0.9402985074626866,67,n584e3exz7Y,2022,pre-2025,A
n584e3exz7Y_036,1.0,8,n584e3exz7Y,2022,pre-2025,B
n584e3exz7Y_037,1.0,9,n584e3exz7Y,2022,pre-2025,A
nCgFcwX9xMw_000,0.8494623655913979,93,nCgFcwX9xMw,2024,pre-2025,B
nCgFcwX9xMw_001,0.8571428571428571,28,nCgFcwX9xMw,2024,pre-2025,B
nCgFcwX9xMw_002,1.0,3,nCgFcwX9xMw,2024,pre-2025,A
nCgFcwX9xMw_003,1.0,11,nCgFcwX9xMw,2024,pre-2025,B
nCgFcwX9xMw_004,1.0,9,nCgFcwX9xMw,2024,pre-2025,A
nKEgFhap4q0_000,1.0,7,nKEgFhap4q0,2022,pre-2025,A
nKEgFhap4q0_001,0.92,25,nKEgFhap4q0,2022,pre-2025,A
nKEgFhap4q0_002,0.9393939393939394,33,nKEgFhap4q0,2022,pre-2025,A
nKEgFhap4q0_003,1.0,25,nKEgFhap4q0,2022,pre-2025,A
nKEgFhap4q0_004,0.93,100,nKEgFhap4q0,2022,pre-2025,B
nKEgFhap4q0_005,0.907563025210084,119,nKEgFhap4q0,2022,pre-2025,B
nKEgFhap4q0_006,0.9387755102040817,98,nKEgFhap4q0,2022,pre-2025,B
nKEgFhap4q0_007,1.0,44,nKEgFhap4q0,2022,pre-2025,B
nKEgFhap4q0_008,0.92,25,nKEgFhap4q0,2022,pre-2025,A
nKEgFhap4q0_009,0.9262295081967213,122,nKEgFhap4q0,2022,pre-2025,B
nKEgFhap4q0_010,0.9183673469387755,49,nKEgFhap4q0,2022,pre-2025,B
nKEgFhap4q0_011,1.0,10,nKEgFhap4q0,2022,pre-2025,B
nKEgFhap4q0_012,1.0,9,nKEgFhap4q0,2022,pre-2025,A
naqbrcuqhYc_000,1.0,15,naqbrcuqhYc,2022,pre-2025,A
naqbrcuqhYc_001,0.86,50,naqbrcuqhYc,2022,pre-2025,A
naqbrcuqhYc_002,0.9333333333333333,15,naqbrcuqhYc,2022,pre-2025,A
naqbrcuqhYc_003,0.975,80,naqbrcuqhYc,2022,pre-2025,A
naqbrcuqhYc_004,0.9112903225806451,124,naqbrcuqhYc,2022,pre-2025,B
naqbrcuqhYc_005,0.9411764705882353,51,naqbrcuqhYc,2022,pre-2025,B
naqbrcuqhYc_006,0.625,48,naqbrcuqhYc,2022,pre-2025,A
naqbrcuqhYc_007,0.82,50,naqbrcuqhYc,2022,pre-2025,A
naqbrcuqhYc_008,0.918918918918919,111,naqbrcuqhYc,2022,pre-2025,A
naqbrcuqhYc_009,0.94,50,naqbrcuqhYc,2022,pre-2025,A
naqbrcuqhYc_010,0.9090909090909091,22,naqbrcuqhYc,2022,pre-2025,A
naqbrcuqhYc_011,1.0,8,naqbrcuqhYc,2022,pre-2025,A
naqbrcuqhYc_012,0.95,40,naqbrcuqhYc,2022,pre-2025,A
naqbrcuqhYc_013,0.9565217391304348,23,naqbrcuqhYc,2022,pre-2025,A
naqbrcuqhYc_015,1.0,9,naqbrcuqhYc,2022,pre-2025,A
ncIeYYcpTHQ_000,0.734375,64,ncIeYYcpTHQ,2024,pre-2025,A
ncIeYYcpTHQ_001,0.8796992481203008,133,ncIeYYcpTHQ,2024,pre-2025,B
ncIeYYcpTHQ_002,0.8134328358208955,134,ncIeYYcpTHQ,2024,pre-2025,B
ncIeYYcpTHQ_003,0.8026315789473685,76,ncIeYYcpTHQ,2024,pre-2025,B
ncIeYYcpTHQ_004,1.0,9,ncIeYYcpTHQ,2024,pre-2025,A
nfRHPZcp-0Y_000,0.8363636363636363,55,nfRHPZcp-0Y,2025,2025+,A
nfRHPZcp-0Y_001,0.8571428571428571,56,nfRHPZcp-0Y,2025,2025+,A
nfRHPZcp-0Y_002,0.7272727272727273,11,nfRHPZcp-0Y,2025,2025+,B
nfRHPZcp-0Y_003,1.0,9,nfRHPZcp-0Y,2025,2025+,A
ngkZnFdgUGo_000,0.8761904761904762,105,ngkZnFdgUGo,2022,pre-2025,B
ngkZnFdgUGo_001,0.8613861386138614,101,ngkZnFdgUGo,2022,pre-2025,A
ngkZnFdgUGo_002,0.9439252336448598,107,ngkZnFdgUGo,2022,pre-2025,A
ngkZnFdgUGo_003,0.8415841584158416,101,ngkZnFdgUGo,2022,pre-2025,B
ngkZnFdgUGo_004,0.831858407079646,113,ngkZnFdgUGo,2022,pre-2025,B
ngkZnFdgUGo_005,1.0,14,ngkZnFdgUGo,2022,pre-2025,B
ngkZnFdgUGo_006,1.0,21,ngkZnFdgUGo,2022,pre-2025,A
ngkZnFdgUGo_007,0.7961165048543689,103,ngkZnFdgUGo,2022,pre-2025,A
ngkZnFdgUGo_008,0.8586956521739131,92,ngkZnFdgUGo,2022,pre-2025,A
ngkZnFdgUGo_009,0.8571428571428571,14,ngkZnFdgUGo,2022,pre-2025,A
ngkZnFdgUGo_010,1.0,11,ngkZnFdgUGo,2022,pre-2025,B
ngkZnFdgUGo_011,1.0,9,ngkZnFdgUGo,2022,pre-2025,A
nvTbhTrDJI0_000,0.9,10,nvTbhTrDJI0,2024,pre-2025,A
nvTbhTrDJI0_001,1.0,10,nvTbhTrDJI0,2024,pre-2025,A
nvTbhTrDJI0_002,1.0,2,nvTbhTrDJI0,2024,pre-2025,A
nvTbhTrDJI0_003,1.0,2,nvTbhTrDJI0,2024,pre-2025,A
nvTbhTrDJI0_005,0.5,6,nvTbhTrDJI0,2024,pre-2025,A
nvTbhTrDJI0_006,0.9230769230769231,26,nvTbhTrDJI0,2024,pre-2025,A
nvTbhTrDJI0_007,1.0,9,nvTbhTrDJI0,2024,pre-2025,A
nvTbhTrDJI0_008,0.5555555555555556,9,nvTbhTrDJI0,2024,pre-2025,A
nvTbhTrDJI0_009,0.9545454545454546,22,nvTbhTrDJI0,2024,pre-2025,A
nvTbhTrDJI0_010,0.7272727272727273,11,nvTbhTrDJI0,2024,pre-2025,B
nvTbhTrDJI0_011,1.0,9,nvTbhTrDJI0,2024,pre-2025,A
nx01uWRkqlQ_000,0.9137931034482759,58,nx01uWRkqlQ,2022,pre-2025,A
nx01uWRkqlQ_001,0.9565217391304348,92,nx01uWRkqlQ,2022,pre-2025,A
nx01uWRkqlQ_002,0.9540229885057471,87,nx01uWRkqlQ,2022,pre-2025,A
nx01uWRkqlQ_003,0.9130434782608695,69,nx01uWRkqlQ,2022,pre-2025,A
nx01uWRkqlQ_004,0.9367088607594937,79,nx01uWRkqlQ,2022,pre-2025,A
nx01uWRkqlQ_005,0.9340659340659341,91,nx01uWRkqlQ,2022,pre-2025,A
nx01uWRkqlQ_006,0.9710144927536232,69,nx01uWRkqlQ,2022,pre-2025,A
nx01uWRkqlQ_007,1.0,30,nx01uWRkqlQ,2022,pre-2025,A
nx01uWRkqlQ_008,0.9108910891089109,101,nx01uWRkqlQ,2022,pre-2025,A
nx01uWRkqlQ_009,1.0,40,nx01uWRkqlQ,2022,pre-2025,A
nx01uWRkqlQ_010,1.0,25,nx01uWRkqlQ,2022,pre-2025,A
nx01uWRkqlQ_011,0.9523809523809523,42,nx01uWRkqlQ,2022,pre-2025,A
nx01uWRkqlQ_012,1.0,8,nx01uWRkqlQ,2022,pre-2025,A
nx01uWRkqlQ_013,1.0,11,nx01uWRkqlQ,2022,pre-2025,B
nx01uWRkqlQ_014,1.0,9,nx01uWRkqlQ,2022,pre-2025,A
o0tTotoFe5M_000,1.0,8,o0tTotoFe5M,2022,pre-2025,A
o0tTotoFe5M_001,1.0,14,o0tTotoFe5M,2022,pre-2025,A
o0tTotoFe5M_002,1.0,7,o0tTotoFe5M,2022,pre-2025,B
o0tTotoFe5M_003,0.9,50,o0tTotoFe5M,2022,pre-2025,A
o0tTotoFe5M_004,1.0,20,o0tTotoFe5M,2022,pre-2025,A
o0tTotoFe5M_005,0.8918918918918919,111,o0tTotoFe5M,2022,pre-2025,B
o0tTotoFe5M_006,0.8666666666666667,30,o0tTotoFe5M,2022,pre-2025,B
o0tTotoFe5M_007,0.8909090909090909,55,o0tTotoFe5M,2022,pre-2025,A
o0tTotoFe5M_008,0.8688524590163934,122,o0tTotoFe5M,2022,pre-2025,A
o0tTotoFe5M_009,0.8787878787878788,66,o0tTotoFe5M,2022,pre-2025,A
o0tTotoFe5M_010,0.9272727272727272,55,o0tTotoFe5M,2022,pre-2025,A
o0tTotoFe5M_011,0.9583333333333334,24,o0tTotoFe5M,2022,pre-2025,A
o0tTotoFe5M_012,1.0,6,o0tTotoFe5M,2022,pre-2025,A
o0tTotoFe5M_013,1.0,6,o0tTotoFe5M,2022,pre-2025,A
o0tTotoFe5M_014,1.0,6,o0tTotoFe5M,2022,pre-2025,A
o0tTotoFe5M_015,0.8571428571428571,7,o0tTotoFe5M,2022,pre-2025,A
o0tTotoFe5M_016,0.875,16,o0tTotoFe5M,2022,pre-2025,A
o0tTotoFe5M_017,0.9523809523809523,21,o0tTotoFe5M,2022,pre-2025,A
o0tTotoFe5M_018,0.95,20,o0tTotoFe5M,2022,pre-2025,A
o0tTotoFe5M_019,0.7894736842105263,19,o0tTotoFe5M,2022,pre-2025,A
o0tTotoFe5M_020,1.0,18,o0tTotoFe5M,2022,pre-2025,A
o0tTotoFe5M_021,0.8717948717948718,39,o0tTotoFe5M,2022,pre-2025,A
o0tTotoFe5M_022,0.9285714285714286,28,o0tTotoFe5M,2022,pre-2025,A
o0tTotoFe5M_023,1.0,8,o0tTotoFe5M,2022,pre-2025,A
o0tTotoFe5M_024,0.8214285714285714,56,o0tTotoFe5M,2022,pre-2025,B
o0tTotoFe5M_025,0.9642857142857143,56,o0tTotoFe5M,2022,pre-2025,A
o0tTotoFe5M_026,0.9642857142857143,56,o0tTotoFe5M,2022,pre-2025,A
o0tTotoFe5M_027,0.9074074074074074,54,o0tTotoFe5M,2022,pre-2025,A
o0tTotoFe5M_028,0.9464285714285714,56,o0tTotoFe5M,2022,pre-2025,B
o0tTotoFe5M_029,1.0,11,o0tTotoFe5M,2022,pre-2025,B
o0tTotoFe5M_030,1.0,9,o0tTotoFe5M,2022,pre-2025,A
oHqPUYmq_Ug_000,1.0,10,oHqPUYmq_Ug,2024,pre-2025,A
oHqPUYmq_Ug_001,0.9487179487179487,39,oHqPUYmq_Ug,2024,pre-2025,A
oHqPUYmq_Ug_002,1.0,4,oHqPUYmq_Ug,2024,pre-2025,A
oHqPUYmq_Ug_003,1.0,3,oHqPUYmq_Ug,2024,pre-2025,A
oHqPUYmq_Ug_004,0.7272727272727273,11,oHqPUYmq_Ug,2024,pre-2025,B
oHqPUYmq_Ug_005,1.0,9,oHqPUYmq_Ug,2024,pre-2025,A
oRhMEzUTOYU_000,0.9166666666666666,84,oRhMEzUTOYU,2024,pre-2025,B
oRhMEzUTOYU_001,0.8064516129032258,31,oRhMEzUTOYU,2024,pre-2025,B
oRhMEzUTOYU_002,1.0,9,oRhMEzUTOYU,2024,pre-2025,A
o__z0xfi-DY_000,0.9642857142857143,28,o__z0xfi-DY,2022,pre-2025,A
o__z0xfi-DY_001,1.0,11,o__z0xfi-DY,2022,pre-2025,B
o__z0xfi-DY_002,1.0,9,o__z0xfi-DY,2022,pre-2025,A
ofwQOtQzB_M_000,1.0,8,ofwQOtQzB_M,2022,pre-2025,A
ofwQOtQzB_M_001,0.9719626168224299,107,ofwQOtQzB_M,2022,pre-2025,B
ofwQOtQzB_M_002,0.8863636363636364,44,ofwQOtQzB_M,2022,pre-2025,A
ofwQOtQzB_M_005,1.0,9,ofwQOtQzB_M,2022,pre-2025,A
ofwQOtQzB_M_006,0.875,8,ofwQOtQzB_M,2022,pre-2025,B
ofwQOtQzB_M_007,1.0,9,ofwQOtQzB_M,2022,pre-2025,A
p-QSXN8bce4_000,0.7857142857142857,14,p-QSXN8bce4,2022,pre-2025,A
p-QSXN8bce4_001,0.873015873015873,63,p-QSXN8bce4,2022,pre-2025,A
p-QSXN8bce4_002,0.8785046728971962,107,p-QSXN8bce4,2022,pre-2025,A
p-QSXN8bce4_003,0.9038461538461539,104,p-QSXN8bce4,2022,pre-2025,A
p-QSXN8bce4_004,0.8333333333333334,12,p-QSXN8bce4,2022,pre-2025,A
p-QSXN8bce4_006,1.0,9,p-QSXN8bce4,2022,pre-2025,A
p0JmhpXQ2rw_000,0.8541666666666666,96,p0JmhpXQ2rw,2024,pre-2025,A
p0JmhpXQ2rw_002,0.7272727272727273,11,p0JmhpXQ2rw,2024,pre-2025,B
p0JmhpXQ2rw_003,1.0,9,p0JmhpXQ2rw,2024,pre-2025,A
p4Lb0PUk7U4_000,1.0,10,p4Lb0PUk7U4,2026,2025+,A
p4Lb0PUk7U4_001,0.6666666666666666,6,p4Lb0PUk7U4,2026,2025+,A
p4Lb0PUk7U4_002,0.7857142857142857,14,p4Lb0PUk7U4,2026,2025+,A
p4Lb0PUk7U4_003,0.8181818181818182,11,p4Lb0PUk7U4,2026,2025+,B
p4Lb0PUk7U4_004,1.0,9,p4Lb0PUk7U4,2026,2025+,A
pHbtsTczrrc_000,0.875,56,pHbtsTczrrc,2025,2025+,B
pHbtsTczrrc_001,0.8928571428571429,56,pHbtsTczrrc,2025,2025+,A
pHbtsTczrrc_002,0.7272727272727273,11,pHbtsTczrrc,2025,2025+,B
pHbtsTczrrc_003,1.0,9,pHbtsTczrrc,2025,2025+,A
pObiqaGBlZk_001,0.7959183673469388,49,pObiqaGBlZk,2025,2025+,B
pObiqaGBlZk_002,1.0,14,pObiqaGBlZk,2025,2025+,B
pObiqaGBlZk_003,0.7272727272727273,11,pObiqaGBlZk,2025,2025+,B
pObiqaGBlZk_004,1.0,9,pObiqaGBlZk,2025,2025+,A
pR4PVYPBNGI_000,1.0,45,pR4PVYPBNGI,2024,pre-2025,A
pR4PVYPBNGI_001,0.9090909090909091,33,pR4PVYPBNGI,2024,pre-2025,A
pR4PVYPBNGI_002,0.8888888888888888,18,pR4PVYPBNGI,2024,pre-2025,A
pR4PVYPBNGI_003,1.0,14,pR4PVYPBNGI,2024,pre-2025,A
pR4PVYPBNGI_004,1.0,14,pR4PVYPBNGI,2024,pre-2025,A
pR4PVYPBNGI_005,0.9166666666666666,84,pR4PVYPBNGI,2024,pre-2025,B
pR4PVYPBNGI_006,0.9642857142857143,28,pR4PVYPBNGI,2024,pre-2025,B
pR4PVYPBNGI_007,1.0,14,pR4PVYPBNGI,2024,pre-2025,A
pR4PVYPBNGI_008,1.0,6,pR4PVYPBNGI,2024,pre-2025,A
pR4PVYPBNGI_009,0.7777777777777778,18,pR4PVYPBNGI,2024,pre-2025,B
pR4PVYPBNGI_010,1.0,9,pR4PVYPBNGI,2024,pre-2025,B
pSywdH596jI_000,1.0,16,pSywdH596jI,2025,2025+,A
pSywdH596jI_001,0.7857142857142857,14,pSywdH596jI,2025,2025+,A
pSywdH596jI_002,0.9285714285714286,14,pSywdH596jI,2025,2025+,A
pSywdH596jI_003,0.875,16,pSywdH596jI,2025,2025+,A
pSywdH596jI_004,0.8181818181818182,11,pSywdH596jI,2025,2025+,B
pSywdH596jI_005,1.0,9,pSywdH596jI,2025,2025+,A
pVn529r5yWc_000,0.8017241379310345,116,pVn529r5yWc,2024,pre-2025,A
pVn529r5yWc_002,0.8636363636363636,132,pVn529r5yWc,2024,pre-2025,B
pVn529r5yWc_003,0.7272727272727273,11,pVn529r5yWc,2024,pre-2025,B
pVn529r5yWc_004,1.0,9,pVn529r5yWc,2024,pre-2025,B
papSH97_ASI_000,0.875,24,papSH97_ASI,2022,pre-2025,A
papSH97_ASI_001,0.8372093023255814,43,papSH97_ASI,2022,pre-2025,A
papSH97_ASI_002,1.0,19,papSH97_ASI,2022,pre-2025,A
papSH97_ASI_003,0.9473684210526315,114,papSH97_ASI,2022,pre-2025,A
papSH97_ASI_004,0.9591836734693877,49,papSH97_ASI,2022,pre-2025,B
papSH97_ASI_005,1.0,10,papSH97_ASI,2022,pre-2025,B
papSH97_ASI_006,1.0,9,papSH97_ASI,2022,pre-2025,A
ph0ZsgRG4w0_000,0.9090909090909091,11,ph0ZsgRG4w0,2026,2025+,A
ph0ZsgRG4w0_001,0.896551724137931,29,ph0ZsgRG4w0,2026,2025+,A
ph0ZsgRG4w0_002,0.19148936170212766,47,ph0ZsgRG4w0,2026,2025+,A
ph0ZsgRG4w0_003,0.9285714285714286,84,ph0ZsgRG4w0,2026,2025+,B
ph0ZsgRG4w0_004,1.0,9,ph0ZsgRG4w0,2026,2025+,B
pkdxwDYU9Bo_000,0.8846153846153846,104,pkdxwDYU9Bo,2022,pre-2025,A
pkdxwDYU9Bo_001,0.9104477611940298,134,pkdxwDYU9Bo,2022,pre-2025,A
pkdxwDYU9Bo_002,0.5,20,pkdxwDYU9Bo,2022,pre-2025,A
pkdxwDYU9Bo_003,0.9833333333333333,60,pkdxwDYU9Bo,2022,pre-2025,A
pkdxwDYU9Bo_004,0.9333333333333333,30,pkdxwDYU9Bo,2022,pre-2025,A
pkdxwDYU9Bo_005,0.8928571428571429,56,pkdxwDYU9Bo,2022,pre-2025,A
pkdxwDYU9Bo_006,1.0,16,pkdxwDYU9Bo,2022,pre-2025,A
pkdxwDYU9Bo_007,1.0,11,pkdxwDYU9Bo,2022,pre-2025,B
pkdxwDYU9Bo_008,1.0,9,pkdxwDYU9Bo,2022,pre-2025,A
pu2RV-9xVtk_000,0.6176470588235294,34,pu2RV-9xVtk,2025,2025+,A
pu2RV-9xVtk_001,0.16666666666666666,6,pu2RV-9xVtk,2025,2025+,A
pu2RV-9xVtk_002,0.8571428571428571,84,pu2RV-9xVtk,2025,2025+,B
pu2RV-9xVtk_003,0.9642857142857143,28,pu2RV-9xVtk,2025,2025+,B
pu2RV-9xVtk_004,0.9696969696969697,33,pu2RV-9xVtk,2025,2025+,B
pu2RV-9xVtk_005,0.9302325581395349,129,pu2RV-9xVtk,2025,2025+,B
pu2RV-9xVtk_006,0.7272727272727273,11,pu2RV-9xVtk,2025,2025+,B
pu2RV-9xVtk_007,0.8888888888888888,9,pu2RV-9xVtk,2025,2025+,B
q6CTRjrHToY_000,0.9007633587786259,131,q6CTRjrHToY,2024,pre-2025,B
q6CTRjrHToY_001,0.8571428571428571,133,q6CTRjrHToY,2024,pre-2025,B
q6CTRjrHToY_002,0.9651162790697675,86,q6CTRjrHToY,2024,pre-2025,B
q6CTRjrHToY_003,0.8888888888888888,45,q6CTRjrHToY,2024,pre-2025,B
q6CTRjrHToY_004,1.0,9,q6CTRjrHToY,2024,pre-2025,B
q8Uuu6cSgDg_000,0.875,136,q8Uuu6cSgDg,2024,pre-2025,B
q8Uuu6cSgDg_007,0.7272727272727273,11,q8Uuu6cSgDg,2024,pre-2025,B
q8Uuu6cSgDg_008,1.0,9,q8Uuu6cSgDg,2024,pre-2025,A
qFwfiOIRZbg_000,0.8214285714285714,28,qFwfiOIRZbg,2025,2025+,A
qFwfiOIRZbg_001,0.9090909090909091,11,qFwfiOIRZbg,2025,2025+,B
qFwfiOIRZbg_002,1.0,9,qFwfiOIRZbg,2025,2025+,A
qT1RaTk0Puw_002,0.875,8,qT1RaTk0Puw,2022,pre-2025,A
qT1RaTk0Puw_003,0.9210526315789473,38,qT1RaTk0Puw,2022,pre-2025,A
qT1RaTk0Puw_004,0.9315068493150684,73,qT1RaTk0Puw,2022,pre-2025,A
qT1RaTk0Puw_006,1.0,18,qT1RaTk0Puw,2022,pre-2025,A
qT1RaTk0Puw_007,0.375,8,qT1RaTk0Puw,2022,pre-2025,A
qT1RaTk0Puw_009,0.9166666666666666,24,qT1RaTk0Puw,2022,pre-2025,A
qT1RaTk0Puw_010,0.8461538461538461,13,qT1RaTk0Puw,2022,pre-2025,A
qT1RaTk0Puw_011,0.75,4,qT1RaTk0Puw,2022,pre-2025,A
qT1RaTk0Puw_012,0.7777777777777778,18,qT1RaTk0Puw,2022,pre-2025,A
qT1RaTk0Puw_013,1.0,9,qT1RaTk0Puw,2022,pre-2025,A
qT1RaTk0Puw_014,0.8928571428571429,28,qT1RaTk0Puw,2022,pre-2025,A
qT1RaTk0Puw_016,0.9375,16,qT1RaTk0Puw,2022,pre-2025,A
qT1RaTk0Puw_017,0.9545454545454546,22,qT1RaTk0Puw,2022,pre-2025,A
qT1RaTk0Puw_018,1.0,11,qT1RaTk0Puw,2022,pre-2025,B
qT1RaTk0Puw_019,1.0,9,qT1RaTk0Puw,2022,pre-2025,A
qbSDBzawSIw_003,0.7647058823529411,17,qbSDBzawSIw,2022,pre-2025,A
qbSDBzawSIw_006,0.927710843373494,83,qbSDBzawSIw,2022,pre-2025,A
qbSDBzawSIw_007,0.9358974358974359,78,qbSDBzawSIw,2022,pre-2025,A
qbSDBzawSIw_008,0.95,20,qbSDBzawSIw,2022,pre-2025,A
qbSDBzawSIw_009,0.9482758620689655,58,qbSDBzawSIw,2022,pre-2025,A
qbSDBzawSIw_010,0.9245283018867925,53,qbSDBzawSIw,2022,pre-2025,A
qbSDBzawSIw_011,1.0,11,qbSDBzawSIw,2022,pre-2025,B
qbSDBzawSIw_012,1.0,9,qbSDBzawSIw,2022,pre-2025,A
qsF93-MjAXQ_000,0.927710843373494,83,qsF93-MjAXQ,2022,pre-2025,A
qsF93-MjAXQ_001,0.9146341463414634,82,qsF93-MjAXQ,2022,pre-2025,A
qsF93-MjAXQ_002,0.9423076923076923,52,qsF93-MjAXQ,2022,pre-2025,A
qsF93-MjAXQ_003,0.9047619047619048,63,qsF93-MjAXQ,2022,pre-2025,A
qsF93-MjAXQ_004,0.9642857142857143,28,qsF93-MjAXQ,2022,pre-2025,A
qsF93-MjAXQ_005,1.0,9,qsF93-MjAXQ,2022,pre-2025,A
qsF93-MjAXQ_006,0.8888888888888888,9,qsF93-MjAXQ,2022,pre-2025,A
qsF93-MjAXQ_007,0.5,10,qsF93-MjAXQ,2022,pre-2025,A
qsF93-MjAXQ_008,1.0,8,qsF93-MjAXQ,2022,pre-2025,A
qsF93-MjAXQ_009,1.0,13,qsF93-MjAXQ,2022,pre-2025,A
qsF93-MjAXQ_010,0.9166666666666666,60,qsF93-MjAXQ,2022,pre-2025,A
qsF93-MjAXQ_011,0.8571428571428571,14,qsF93-MjAXQ,2022,pre-2025,A
qsF93-MjAXQ_012,1.0,11,qsF93-MjAXQ,2022,pre-2025,B
qsF93-MjAXQ_013,1.0,9,qsF93-MjAXQ,2022,pre-2025,A
qxx187UEnMQ_000,0.9310344827586207,58,qxx187UEnMQ,2022,pre-2025,A
qxx187UEnMQ_001,0.9565217391304348,92,qxx187UEnMQ,2022,pre-2025,A
qxx187UEnMQ_002,0.9425287356321839,87,qxx187UEnMQ,2022,pre-2025,A
qxx187UEnMQ_003,0.8985507246376812,69,qxx187UEnMQ,2022,pre-2025,A
qxx187UEnMQ_004,0.9367088607594937,79,qxx187UEnMQ,2022,pre-2025,A
qxx187UEnMQ_005,0.9230769230769231,91,qxx187UEnMQ,2022,pre-2025,A
qxx187UEnMQ_006,0.9565217391304348,69,qxx187UEnMQ,2022,pre-2025,A
qxx187UEnMQ_007,1.0,30,qxx187UEnMQ,2022,pre-2025,A
qxx187UEnMQ_008,0.900990099009901,101,qxx187UEnMQ,2022,pre-2025,A
qxx187UEnMQ_009,1.0,65,qxx187UEnMQ,2022,pre-2025,A
qxx187UEnMQ_010,0.9523809523809523,42,qxx187UEnMQ,2022,pre-2025,A
qxx187UEnMQ_011,1.0,8,qxx187UEnMQ,2022,pre-2025,A
qxx187UEnMQ_012,1.0,11,qxx187UEnMQ,2022,pre-2025,B
qxx187UEnMQ_013,1.0,9,qxx187UEnMQ,2022,pre-2025,A
qyI11NALuMs_000,0.5,8,qyI11NALuMs,2025,2025+,A
qyI11NALuMs_001,0.875,8,qyI11NALuMs,2025,2025+,A
qyI11NALuMs_002,0.6666666666666666,12,qyI11NALuMs,2025,2025+,B
qyI11NALuMs_003,1.0,9,qyI11NALuMs,2025,2025+,A
qzm-lyaKGkg_000,0.0,8,qzm-lyaKGkg,2025,2025+,A
qzm-lyaKGkg_001,0.7857142857142857,14,qzm-lyaKGkg,2025,2025+,A
qzm-lyaKGkg_002,0.9285714285714286,14,qzm-lyaKGkg,2025,2025+,A
qzm-lyaKGkg_003,0.9285714285714286,14,qzm-lyaKGkg,2025,2025+,A
qzm-lyaKGkg_004,0.5,14,qzm-lyaKGkg,2025,2025+,A
qzm-lyaKGkg_005,1.0,14,qzm-lyaKGkg,2025,2025+,A
qzm-lyaKGkg_006,1.0,14,qzm-lyaKGkg,2025,2025+,A
qzm-lyaKGkg_007,0.7272727272727273,11,qzm-lyaKGkg,2025,2025+,B
qzm-lyaKGkg_008,1.0,9,qzm-lyaKGkg,2025,2025+,A
r30aV9fQcr0_000,0.9491525423728814,59,r30aV9fQcr0,2026,2025+,A
r30aV9fQcr0_001,0.8,15,r30aV9fQcr0,2026,2025+,A
r30aV9fQcr0_002,0.8888888888888888,9,r30aV9fQcr0,2026,2025+,A
r30aV9fQcr0_003,1.0,8,r30aV9fQcr0,2026,2025+,A
r30aV9fQcr0_004,1.0,11,r30aV9fQcr0,2026,2025+,A
r30aV9fQcr0_005,0.7391304347826086,23,r30aV9fQcr0,2026,2025+,A
r30aV9fQcr0_006,1.0,11,r30aV9fQcr0,2026,2025+,A
r30aV9fQcr0_007,0.9444444444444444,18,r30aV9fQcr0,2026,2025+,A
r30aV9fQcr0_008,0.9263157894736842,95,r30aV9fQcr0,2026,2025+,A
r30aV9fQcr0_009,0.9142857142857143,35,r30aV9fQcr0,2026,2025+,A
r30aV9fQcr0_010,1.0,14,r30aV9fQcr0,2026,2025+,A
r30aV9fQcr0_011,0.7272727272727273,11,r30aV9fQcr0,2026,2025+,B
r30aV9fQcr0_012,0.8888888888888888,9,r30aV9fQcr0,2026,2025+,B
r37jvdvehRQ_000,0.9859154929577465,71,r37jvdvehRQ,2025,2025+,B
r37jvdvehRQ_001,0.5365853658536586,123,r37jvdvehRQ,2025,2025+,B
r37jvdvehRQ_002,0.8452380952380952,84,r37jvdvehRQ,2025,2025+,B
r37jvdvehRQ_003,0.8888888888888888,9,r37jvdvehRQ,2025,2025+,A
r68V8aBfZD8_000,0.9459459459459459,74,r68V8aBfZD8,2025,2025+,B
r68V8aBfZD8_001,0.8846153846153846,26,r68V8aBfZD8,2025,2025+,B
r68V8aBfZD8_002,0.0,5,r68V8aBfZD8,2025,2025+,A
r68V8aBfZD8_003,0.0,5,r68V8aBfZD8,2025,2025+,A
r68V8aBfZD8_005,0.43670886075949367,158,r68V8aBfZD8,2025,2025+,B
r68V8aBfZD8_006,0.86,150,r68V8aBfZD8,2025,2025+,B
r68V8aBfZD8_007,0.8392857142857143,112,r68V8aBfZD8,2025,2025+,B
r68V8aBfZD8_008,0.738255033557047,149,r68V8aBfZD8,2025,2025+,B
r68V8aBfZD8_009,0.8958333333333334,144,r68V8aBfZD8,2025,2025+,B
r68V8aBfZD8_010,0.7272727272727273,11,r68V8aBfZD8,2025,2025+,B
r68V8aBfZD8_011,1.0,9,r68V8aBfZD8,2025,2025+,B
r7ZgEKq-UVQ_000,0.8333333333333334,24,r7ZgEKq-UVQ,2026,2025+,A
r7ZgEKq-UVQ_001,0.7272727272727273,11,r7ZgEKq-UVQ,2026,2025+,B
r7ZgEKq-UVQ_002,1.0,9,r7ZgEKq-UVQ,2026,2025+,B
rSk0-BdtAok_000,0.875,8,rSk0-BdtAok,2022,pre-2025,B
rSk0-BdtAok_001,1.0,29,rSk0-BdtAok,2022,pre-2025,A
rSk0-BdtAok_002,1.0,11,rSk0-BdtAok,2022,pre-2025,B
rWbXz8eei7Q_000,0.8888888888888888,36,rWbXz8eei7Q,2022,pre-2025,A
rWbXz8eei7Q_001,0.95,40,rWbXz8eei7Q,2022,pre-2025,A
rWbXz8eei7Q_002,0.8666666666666667,15,rWbXz8eei7Q,2022,pre-2025,A
rWbXz8eei7Q_003,0.8695652173913043,92,rWbXz8eei7Q,2022,pre-2025,B
rWbXz8eei7Q_004,1.0,28,rWbXz8eei7Q,2022,pre-2025,B
rWbXz8eei7Q_005,0.8666666666666667,15,rWbXz8eei7Q,2022,pre-2025,A
rWbXz8eei7Q_006,0.975,40,rWbXz8eei7Q,2022,pre-2025,B
rWbXz8eei7Q_007,0.925,40,rWbXz8eei7Q,2022,pre-2025,A
rWbXz8eei7Q_008,0.8555555555555555,90,rWbXz8eei7Q,2022,pre-2025,A
rWbXz8eei7Q_009,0.8676470588235294,68,rWbXz8eei7Q,2022,pre-2025,A
rWbXz8eei7Q_010,1.0,21,rWbXz8eei7Q,2022,pre-2025,A
rWbXz8eei7Q_011,0.9344262295081968,61,rWbXz8eei7Q,2022,pre-2025,A
rWbXz8eei7Q_012,0.96,25,rWbXz8eei7Q,2022,pre-2025,A
rWbXz8eei7Q_013,0.5,8,rWbXz8eei7Q,2022,pre-2025,A
rWbXz8eei7Q_014,0.9,50,rWbXz8eei7Q,2022,pre-2025,A
rWbXz8eei7Q_015,1.0,11,rWbXz8eei7Q,2022,pre-2025,B
rWbXz8eei7Q_016,1.0,9,rWbXz8eei7Q,2022,pre-2025,A
rgJOFwBIlsI_000,0.8765432098765432,81,rgJOFwBIlsI,2022,pre-2025,A
rgJOFwBIlsI_001,0.6875,16,rgJOFwBIlsI,2022,pre-2025,A
rgJOFwBIlsI_002,0.8333333333333334,6,rgJOFwBIlsI,2022,pre-2025,A
rgJOFwBIlsI_003,0.8260869565217391,69,rgJOFwBIlsI,2022,pre-2025,A
rgJOFwBIlsI_004,0.75,8,rgJOFwBIlsI,2022,pre-2025,A
rgJOFwBIlsI_005,0.9746835443037974,79,rgJOFwBIlsI,2022,pre-2025,B
rgJOFwBIlsI_006,0.8983050847457628,59,rgJOFwBIlsI,2022,pre-2025,B
rgJOFwBIlsI_007,0.7567567567567568,74,rgJOFwBIlsI,2022,pre-2025,A
rgJOFwBIlsI_008,0.4954128440366973,109,rgJOFwBIlsI,2022,pre-2025,A
rgJOFwBIlsI_009,0.9107142857142857,56,rgJOFwBIlsI,2022,pre-2025,A
rgJOFwBIlsI_010,0.9272727272727272,55,rgJOFwBIlsI,2022,pre-2025,A
rgJOFwBIlsI_011,1.0,11,rgJOFwBIlsI,2022,pre-2025,B
rgJOFwBIlsI_012,1.0,9,rgJOFwBIlsI,2022,pre-2025,A
rhugJ6AP5Yk_000,0.9795918367346939,49,rhugJ6AP5Yk,2022,pre-2025,A
rhugJ6AP5Yk_001,0.8901098901098901,91,rhugJ6AP5Yk,2022,pre-2025,B
rhugJ6AP5Yk_003,0.926829268292683,41,rhugJ6AP5Yk,2022,pre-2025,A
rhugJ6AP5Yk_005,0.8125,80,rhugJ6AP5Yk,2022,pre-2025,B
rhugJ6AP5Yk_007,1.0,11,rhugJ6AP5Yk,2022,pre-2025,B
rhugJ6AP5Yk_008,1.0,9,rhugJ6AP5Yk,2022,pre-2025,A
rqqxzCLau5g_000,1.0,32,rqqxzCLau5g,2022,pre-2025,A
rqqxzCLau5g_001,0.1827956989247312,93,rqqxzCLau5g,2022,pre-2025,A
rqqxzCLau5g_002,0.9245283018867925,53,rqqxzCLau5g,2022,pre-2025,A
rqqxzCLau5g_003,0.927536231884058,69,rqqxzCLau5g,2022,pre-2025,A
rqqxzCLau5g_004,0.7634408602150538,93,rqqxzCLau5g,2022,pre-2025,A
rqqxzCLau5g_005,0.9495798319327731,119,rqqxzCLau5g,2022,pre-2025,B
rqqxzCLau5g_006,0.9473684210526315,19,rqqxzCLau5g,2022,pre-2025,B
rqqxzCLau5g_007,1.0,10,rqqxzCLau5g,2022,pre-2025,A
rqqxzCLau5g_008,0.9,10,rqqxzCLau5g,2022,pre-2025,A
rqqxzCLau5g_009,0.8,10,rqqxzCLau5g,2022,pre-2025,A
rqqxzCLau5g_010,1.0,11,rqqxzCLau5g,2022,pre-2025,B
rqqxzCLau5g_011,1.0,9,rqqxzCLau5g,2022,pre-2025,A
s1Hxy1SKwNg_000,1.0,13,s1Hxy1SKwNg,2025,2025+,A
s1Hxy1SKwNg_001,1.0,13,s1Hxy1SKwNg,2025,2025+,A
s1Hxy1SKwNg_002,0.9230769230769231,13,s1Hxy1SKwNg,2025,2025+,A
s1Hxy1SKwNg_003,0.9230769230769231,13,s1Hxy1SKwNg,2025,2025+,A
s1Hxy1SKwNg_004,0.8620689655172413,29,s1Hxy1SKwNg,2025,2025+,A
s1Hxy1SKwNg_005,0.896551724137931,29,s1Hxy1SKwNg,2025,2025+,A
s1Hxy1SKwNg_006,0.8275862068965517,58,s1Hxy1SKwNg,2025,2025+,A
s1Hxy1SKwNg_007,1.0,26,s1Hxy1SKwNg,2025,2025+,A
s1Hxy1SKwNg_008,0.9090909090909091,11,s1Hxy1SKwNg,2025,2025+,B
s1Hxy1SKwNg_009,0.8888888888888888,9,s1Hxy1SKwNg,2025,2025+,B
s4lX4_WNRic_000,0.8333333333333334,6,s4lX4_WNRic,2024,pre-2025,A
s4lX4_WNRic_001,0.6,5,s4lX4_WNRic,2024,pre-2025,A
s4lX4_WNRic_002,0.8,5,s4lX4_WNRic,2024,pre-2025,A
s4lX4_WNRic_003,0.9130434782608695,23,s4lX4_WNRic,2024,pre-2025,A
s4lX4_WNRic_004,0.8,10,s4lX4_WNRic,2024,pre-2025,A
s4lX4_WNRic_005,0.8823529411764706,17,s4lX4_WNRic,2024,pre-2025,B
s4lX4_WNRic_006,1.0,9,s4lX4_WNRic,2024,pre-2025,A
sOQ01mpqfs0_000,0.8,10,sOQ01mpqfs0,2026,2025+,A
sOQ01mpqfs0_001,0.9,10,sOQ01mpqfs0,2026,2025+,A
sOQ01mpqfs0_002,1.0,10,sOQ01mpqfs0,2026,2025+,A
sOQ01mpqfs0_003,0.8,10,sOQ01mpqfs0,2026,2025+,A
sOQ01mpqfs0_004,0.7272727272727273,11,sOQ01mpqfs0,2026,2025+,B
sOQ01mpqfs0_005,1.0,9,sOQ01mpqfs0,2026,2025+,A
swwK7bQDriw_000,0.2830188679245283,53,swwK7bQDriw,2025,2025+,A
swwK7bQDriw_001,0.6666666666666666,6,swwK7bQDriw,2025,2025+,A
swwK7bQDriw_002,0.8333333333333334,6,swwK7bQDriw,2025,2025+,A
swwK7bQDriw_003,0.3333333333333333,6,swwK7bQDriw,2025,2025+,A
swwK7bQDriw_004,0.6507936507936508,126,swwK7bQDriw,2025,2025+,B
swwK7bQDriw_005,0.5238095238095238,21,swwK7bQDriw,2025,2025+,B
swwK7bQDriw_006,0.8828125,128,swwK7bQDriw,2025,2025+,B
swwK7bQDriw_007,0.8571428571428571,21,swwK7bQDriw,2025,2025+,B
swwK7bQDriw_008,0.7272727272727273,11,swwK7bQDriw,2025,2025+,B
swwK7bQDriw_009,1.0,9,swwK7bQDriw,2025,2025+,A
t4BuTm6iF-I_000,0.875,8,t4BuTm6iF-I,2022,pre-2025,B
t4BuTm6iF-I_001,1.0,10,t4BuTm6iF-I,2022,pre-2025,A
t4BuTm6iF-I_003,0.875,72,t4BuTm6iF-I,2022,pre-2025,A
t4BuTm6iF-I_004,1.0,9,t4BuTm6iF-I,2022,pre-2025,A
t6scQL95LAM_000,0.9615384615384616,26,t6scQL95LAM,2024,pre-2025,B
t6scQL95LAM_001,0.8290598290598291,117,t6scQL95LAM,2024,pre-2025,B
t6scQL95LAM_002,0.8450704225352113,142,t6scQL95LAM,2024,pre-2025,B
t6scQL95LAM_003,0.8157894736842105,38,t6scQL95LAM,2024,pre-2025,B
t6scQL95LAM_004,0.47297297297297297,74,t6scQL95LAM,2024,pre-2025,A
t6scQL95LAM_005,0.42857142857142855,42,t6scQL95LAM,2024,pre-2025,A
t6scQL95LAM_006,0.4827586206896552,29,t6scQL95LAM,2024,pre-2025,A
t6scQL95LAM_007,0.7272727272727273,11,t6scQL95LAM,2024,pre-2025,B
t6scQL95LAM_008,1.0,9,t6scQL95LAM,2024,pre-2025,A
tKdmT0JtFhY_000,0.9285714285714286,84,tKdmT0JtFhY,2023,pre-2025,B
tKdmT0JtFhY_001,0.9642857142857143,56,tKdmT0JtFhY,2023,pre-2025,B
tKdmT0JtFhY_002,1.0,11,tKdmT0JtFhY,2023,pre-2025,B
tKdmT0JtFhY_003,1.0,9,tKdmT0JtFhY,2023,pre-2025,A
tMvCw-t6-Uc_000,0.9166666666666666,96,tMvCw-t6-Uc,2023,pre-2025,A
tMvCw-t6-Uc_002,0.42857142857142855,14,tMvCw-t6-Uc,2023,pre-2025,A
tMvCw-t6-Uc_003,0.8461538461538461,52,tMvCw-t6-Uc,2023,pre-2025,A
tMvCw-t6-Uc_005,0.5,6,tMvCw-t6-Uc,2023,pre-2025,B
tMvCw-t6-Uc_006,0.8938053097345132,113,tMvCw-t6-Uc,2023,pre-2025,A
tMvCw-t6-Uc_009,0.898876404494382,89,tMvCw-t6-Uc,2023,pre-2025,A
tMvCw-t6-Uc_015,0.9133858267716536,127,tMvCw-t6-Uc,2023,pre-2025,B
tMvCw-t6-Uc_016,1.0,7,tMvCw-t6-Uc,2023,pre-2025,B
tMvCw-t6-Uc_017,1.0,9,tMvCw-t6-Uc,2023,pre-2025,A
t_Yba4h9w4c_000,0.5037593984962406,133,t_Yba4h9w4c,2025,2025+,B
t_Yba4h9w4c_001,0.9285714285714286,14,t_Yba4h9w4c,2025,2025+,B
t_Yba4h9w4c_002,0.9818181818181818,55,t_Yba4h9w4c,2025,2025+,A
t_Yba4h9w4c_003,0.9285714285714286,14,t_Yba4h9w4c,2025,2025+,A
t_Yba4h9w4c_004,1.0,14,t_Yba4h9w4c,2025,2025+,A
t_Yba4h9w4c_005,0.8032786885245902,61,t_Yba4h9w4c,2025,2025+,B
t_Yba4h9w4c_006,1.0,9,t_Yba4h9w4c,2025,2025+,B
tcPb6iRCaJA_000,0.8852459016393442,122,tcPb6iRCaJA,2024,pre-2025,B
tcPb6iRCaJA_001,0.7608695652173914,46,tcPb6iRCaJA,2024,pre-2025,B
tcPb6iRCaJA_002,0.6597938144329897,97,tcPb6iRCaJA,2024,pre-2025,B
tcPb6iRCaJA_003,0.7222222222222222,18,tcPb6iRCaJA,2024,pre-2025,B
tcPb6iRCaJA_004,0.8857142857142857,35,tcPb6iRCaJA,2024,pre-2025,A
tcPb6iRCaJA_005,0.2833333333333333,60,tcPb6iRCaJA,2024,pre-2025,A
tcPb6iRCaJA_006,0.8125,16,tcPb6iRCaJA,2024,pre-2025,B
tcPb6iRCaJA_007,1.0,9,tcPb6iRCaJA,2024,pre-2025,A
tghzGEXcWME_000,1.0,6,tghzGEXcWME,2022,pre-2025,A
tghzGEXcWME_001,0.8333333333333334,6,tghzGEXcWME,2022,pre-2025,A
tghzGEXcWME_002,0.9285714285714286,14,tghzGEXcWME,2022,pre-2025,A
tghzGEXcWME_003,0.875,8,tghzGEXcWME,2022,pre-2025,A
tghzGEXcWME_004,0.9425287356321839,87,tghzGEXcWME,2022,pre-2025,A
tghzGEXcWME_005,0.9365079365079365,63,tghzGEXcWME,2022,pre-2025,A
tghzGEXcWME_006,0.9393939393939394,33,tghzGEXcWME,2022,pre-2025,A
tghzGEXcWME_007,0.9186046511627907,86,tghzGEXcWME,2022,pre-2025,A
tghzGEXcWME_008,0.9538461538461539,65,tghzGEXcWME,2022,pre-2025,A
tghzGEXcWME_009,1.0,32,tghzGEXcWME,2022,pre-2025,A
tghzGEXcWME_010,0.9024390243902439,82,tghzGEXcWME,2022,pre-2025,A
tghzGEXcWME_011,0.8235294117647058,17,tghzGEXcWME,2022,pre-2025,A
tghzGEXcWME_012,1.0,11,tghzGEXcWME,2022,pre-2025,B
tghzGEXcWME_013,1.0,9,tghzGEXcWME,2022,pre-2025,A
tiAZXns5K2o_000,0.9230769230769231,52,tiAZXns5K2o,2024,pre-2025,A
tiAZXns5K2o_001,1.0,22,tiAZXns5K2o,2024,pre-2025,A
tiAZXns5K2o_002,0.941747572815534,103,tiAZXns5K2o,2024,pre-2025,B
tiAZXns5K2o_003,0.2222222222222222,9,tiAZXns5K2o,2024,pre-2025,A
tiAZXns5K2o_004,0.8888888888888888,63,tiAZXns5K2o,2024,pre-2025,B
tiAZXns5K2o_005,0.9629629629629629,54,tiAZXns5K2o,2024,pre-2025,B
tiAZXns5K2o_007,0.9196428571428571,112,tiAZXns5K2o,2024,pre-2025,B
tiAZXns5K2o_008,1.0,9,tiAZXns5K2o,2024,pre-2025,A
tpE-yiRudx4_000,1.0,19,tpE-yiRudx4,2022,pre-2025,A
tpE-yiRudx4_001,1.0,20,tpE-yiRudx4,2022,pre-2025,A
tpE-yiRudx4_002,1.0,17,tpE-yiRudx4,2022,pre-2025,A
tpE-yiRudx4_003,0.9166666666666666,24,tpE-yiRudx4,2022,pre-2025,A
tpE-yiRudx4_004,0.8461538461538461,91,tpE-yiRudx4,2022,pre-2025,A
tpE-yiRudx4_005,0.9285714285714286,70,tpE-yiRudx4,2022,pre-2025,A
tpE-yiRudx4_006,0.8793103448275862,116,tpE-yiRudx4,2022,pre-2025,A
tpE-yiRudx4_007,0.8888888888888888,81,tpE-yiRudx4,2022,pre-2025,A
tpE-yiRudx4_008,0.8294573643410853,129,tpE-yiRudx4,2022,pre-2025,A
tpE-yiRudx4_009,0.39568345323741005,139,tpE-yiRudx4,2022,pre-2025,B
tpE-yiRudx4_010,1.0,13,tpE-yiRudx4,2022,pre-2025,B
tpE-yiRudx4_011,1.0,11,tpE-yiRudx4,2022,pre-2025,B
tpE-yiRudx4_012,1.0,9,tpE-yiRudx4,2022,pre-2025,A
txj-nvyhNeQ_000,0.8947368421052632,114,txj-nvyhNeQ,2022,pre-2025,A
txj-nvyhNeQ_001,1.0,22,txj-nvyhNeQ,2022,pre-2025,A
txj-nvyhNeQ_002,1.0,41,txj-nvyhNeQ,2022,pre-2025,A
txj-nvyhNeQ_003,0.9230769230769231,65,txj-nvyhNeQ,2022,pre-2025,A
txj-nvyhNeQ_004,0.864406779661017,59,txj-nvyhNeQ,2022,pre-2025,B
txj-nvyhNeQ_005,1.0,14,txj-nvyhNeQ,2022,pre-2025,A
txj-nvyhNeQ_007,1.0,9,txj-nvyhNeQ,2022,pre-2025,A
uMm5I9C7MDQ_000,0.9393939393939394,33,uMm5I9C7MDQ,2025,2025+,A
uMm5I9C7MDQ_001,0.38,50,uMm5I9C7MDQ,2025,2025+,A
uMm5I9C7MDQ_002,0.9666666666666667,30,uMm5I9C7MDQ,2025,2025+,A
uMm5I9C7MDQ_003,0.98,50,uMm5I9C7MDQ,2025,2025+,A
uMm5I9C7MDQ_004,0.29411764705882354,17,uMm5I9C7MDQ,2025,2025+,A
uMm5I9C7MDQ_006,0.39473684210526316,76,uMm5I9C7MDQ,2025,2025+,A
uMm5I9C7MDQ_007,0.5892857142857143,56,uMm5I9C7MDQ,2025,2025+,A
uMm5I9C7MDQ_008,0.6136363636363636,176,uMm5I9C7MDQ,2025,2025+,B
uMm5I9C7MDQ_009,0.40350877192982454,57,uMm5I9C7MDQ,2025,2025+,B
uMm5I9C7MDQ_010,0.264,125,uMm5I9C7MDQ,2025,2025+,A
uMm5I9C7MDQ_011,0.4294478527607362,163,uMm5I9C7MDQ,2025,2025+,B
uMm5I9C7MDQ_012,0.4423076923076923,52,uMm5I9C7MDQ,2025,2025+,B
uMm5I9C7MDQ_013,0.4406779661016949,118,uMm5I9C7MDQ,2025,2025+,B
uMm5I9C7MDQ_014,0.941747572815534,103,uMm5I9C7MDQ,2025,2025+,B
uMm5I9C7MDQ_015,1.0,9,uMm5I9C7MDQ,2025,2025+,A
uQ-mD4O0Lpw_000,0.8666666666666667,15,uQ-mD4O0Lpw,2025,2025+,A
uQ-mD4O0Lpw_001,0.9523809523809523,21,uQ-mD4O0Lpw,2025,2025+,A
uQ-mD4O0Lpw_002,0.851063829787234,47,uQ-mD4O0Lpw,2025,2025+,A
uQ-mD4O0Lpw_003,0.9111111111111111,45,uQ-mD4O0Lpw,2025,2025+,A
uQ-mD4O0Lpw_004,0.7272727272727273,11,uQ-mD4O0Lpw,2025,2025+,B
uQ-mD4O0Lpw_005,1.0,9,uQ-mD4O0Lpw,2025,2025+,A
uQUaBEoMIHg_000,0.9375,80,uQUaBEoMIHg,2022,pre-2025,A
uQUaBEoMIHg_001,0.9342105263157895,76,uQUaBEoMIHg,2022,pre-2025,A
uQUaBEoMIHg_002,0.8870967741935484,124,uQUaBEoMIHg,2022,pre-2025,A
uQUaBEoMIHg_003,0.8833333333333333,120,uQUaBEoMIHg,2022,pre-2025,A
uQUaBEoMIHg_005,1.0,9,uQUaBEoMIHg,2022,pre-2025,A
uYN_9pBHKG0_002,0.9236111111111112,144,uYN_9pBHKG0,2025,2025+,B
uYN_9pBHKG0_003,0.8,20,uYN_9pBHKG0,2025,2025+,B
uYN_9pBHKG0_004,0.8740157480314961,127,uYN_9pBHKG0,2025,2025+,B
uYN_9pBHKG0_005,0.9361702127659575,47,uYN_9pBHKG0,2025,2025+,B
uYN_9pBHKG0_008,0.5,2,uYN_9pBHKG0,2025,2025+,A
uYN_9pBHKG0_010,0.6507936507936508,63,uYN_9pBHKG0,2025,2025+,A
uYN_9pBHKG0_011,0.9166666666666666,24,uYN_9pBHKG0,2025,2025+,A
uYN_9pBHKG0_012,0.8181818181818182,11,uYN_9pBHKG0,2025,2025+,B
uYN_9pBHKG0_013,1.0,9,uYN_9pBHKG0,2025,2025+,B
ue8-iO-aX5I_000,0.8333333333333334,6,ue8-iO-aX5I,2022,pre-2025,A
ue8-iO-aX5I_001,1.0,5,ue8-iO-aX5I,2022,pre-2025,A
ue8-iO-aX5I_002,0.7857142857142857,28,ue8-iO-aX5I,2022,pre-2025,A
ue8-iO-aX5I_003,0.8571428571428571,28,ue8-iO-aX5I,2022,pre-2025,A
ue8-iO-aX5I_004,0.9642857142857143,28,ue8-iO-aX5I,2022,pre-2025,A
ue8-iO-aX5I_005,0.9487179487179487,39,ue8-iO-aX5I,2022,pre-2025,B
ue8-iO-aX5I_006,1.0,9,ue8-iO-aX5I,2022,pre-2025,A
un9ybvOfMdM_000,0.9404761904761905,84,un9ybvOfMdM,2024,pre-2025,A
un9ybvOfMdM_001,0.9743589743589743,39,un9ybvOfMdM,2024,pre-2025,B
un9ybvOfMdM_002,1.0,9,un9ybvOfMdM,2024,pre-2025,A
upCziR9Dj5Y_000,1.0,37,upCziR9Dj5Y,2022,pre-2025,A
upCziR9Dj5Y_001,0.9375,32,upCziR9Dj5Y,2022,pre-2025,A
upCziR9Dj5Y_002,0.9420289855072463,69,upCziR9Dj5Y,2022,pre-2025,A
upCziR9Dj5Y_003,0.9107142857142857,56,upCziR9Dj5Y,2022,pre-2025,A
upCziR9Dj5Y_004,0.9473684210526315,19,upCziR9Dj5Y,2022,pre-2025,A
upCziR9Dj5Y_005,0.972972972972973,37,upCziR9Dj5Y,2022,pre-2025,A
upCziR9Dj5Y_006,0.95,20,upCziR9Dj5Y,2022,pre-2025,A
upCziR9Dj5Y_007,0.7857142857142857,14,upCziR9Dj5Y,2022,pre-2025,A
upCziR9Dj5Y_008,0.9615384615384616,26,upCziR9Dj5Y,2022,pre-2025,A
upCziR9Dj5Y_009,0.8787878787878788,66,upCziR9Dj5Y,2022,pre-2025,A
upCziR9Dj5Y_010,0.75,8,upCziR9Dj5Y,2022,pre-2025,A
upCziR9Dj5Y_011,0.9714285714285714,35,upCziR9Dj5Y,2022,pre-2025,A
upCziR9Dj5Y_012,1.0,11,upCziR9Dj5Y,2022,pre-2025,B
upCziR9Dj5Y_013,1.0,9,upCziR9Dj5Y,2022,pre-2025,A
v0NnwIvVtjI_000,0.8571428571428571,84,v0NnwIvVtjI,2023,pre-2025,A
v0NnwIvVtjI_001,0.8974358974358975,39,v0NnwIvVtjI,2023,pre-2025,B
v0NnwIvVtjI_002,1.0,9,v0NnwIvVtjI,2023,pre-2025,B
v5Wx3MKlBuM_000,0.9,10,v5Wx3MKlBuM,2024,pre-2025,A
v5Wx3MKlBuM_001,0.782608695652174,23,v5Wx3MKlBuM,2024,pre-2025,A
v5Wx3MKlBuM_002,0.8529411764705882,34,v5Wx3MKlBuM,2024,pre-2025,B
v5Wx3MKlBuM_003,1.0,13,v5Wx3MKlBuM,2024,pre-2025,A
v5Wx3MKlBuM_004,1.0,8,v5Wx3MKlBuM,2024,pre-2025,A
v5Wx3MKlBuM_005,0.75,8,v5Wx3MKlBuM,2024,pre-2025,A
v5Wx3MKlBuM_006,0.8,10,v5Wx3MKlBuM,2024,pre-2025,A
v5Wx3MKlBuM_007,1.0,9,v5Wx3MKlBuM,2024,pre-2025,A
v5Wx3MKlBuM_008,0.76,25,v5Wx3MKlBuM,2024,pre-2025,A
v5Wx3MKlBuM_009,0.7307692307692307,26,v5Wx3MKlBuM,2024,pre-2025,A
v5Wx3MKlBuM_010,0.8787878787878788,33,v5Wx3MKlBuM,2024,pre-2025,A
v5Wx3MKlBuM_011,0.9012345679012346,81,v5Wx3MKlBuM,2024,pre-2025,A
v5Wx3MKlBuM_012,0.7272727272727273,11,v5Wx3MKlBuM,2024,pre-2025,B
v5Wx3MKlBuM_013,1.0,9,v5Wx3MKlBuM,2024,pre-2025,A
vFrMK-oxuV4_000,0.8981481481481481,108,vFrMK-oxuV4,2025,2025+,A
vFrMK-oxuV4_001,0.8863636363636364,44,vFrMK-oxuV4,2025,2025+,A
vFrMK-oxuV4_002,0.35344827586206895,116,vFrMK-oxuV4,2025,2025+,A
vFrMK-oxuV4_003,0.8928571428571429,56,vFrMK-oxuV4,2025,2025+,B
vFrMK-oxuV4_004,0.8266666666666667,75,vFrMK-oxuV4,2025,2025+,B
vFrMK-oxuV4_005,0.8888888888888888,9,vFrMK-oxuV4,2025,2025+,B
vJimNzAr-lo_000,1.0,22,vJimNzAr-lo,2023,pre-2025,A
vJimNzAr-lo_001,0.9285714285714286,28,vJimNzAr-lo,2023,pre-2025,A
vJimNzAr-lo_002,0.9285714285714286,28,vJimNzAr-lo,2023,pre-2025,A
vJimNzAr-lo_003,0.9285714285714286,14,vJimNzAr-lo,2023,pre-2025,A
vJimNzAr-lo_004,1.0,14,vJimNzAr-lo,2023,pre-2025,A
vJimNzAr-lo_005,0.9285714285714286,28,vJimNzAr-lo,2023,pre-2025,A
vJimNzAr-lo_006,0.8571428571428571,28,vJimNzAr-lo,2023,pre-2025,A
vJimNzAr-lo_007,0.7857142857142857,28,vJimNzAr-lo,2023,pre-2025,A
vJimNzAr-lo_008,0.9285714285714286,28,vJimNzAr-lo,2023,pre-2025,A
vJimNzAr-lo_009,0.8205128205128205,39,vJimNzAr-lo,2023,pre-2025,B
vJimNzAr-lo_010,1.0,9,vJimNzAr-lo,2023,pre-2025,B
vhvzzWnTK_Y_000,0.9166666666666666,12,vhvzzWnTK_Y,2024,pre-2025,A
vhvzzWnTK_Y_001,1.0,2,vhvzzWnTK_Y,2024,pre-2025,A
vhvzzWnTK_Y_002,1.0,2,vhvzzWnTK_Y,2024,pre-2025,B
vhvzzWnTK_Y_003,0.4,10,vhvzzWnTK_Y,2024,pre-2025,A
vhvzzWnTK_Y_004,0.5,2,vhvzzWnTK_Y,2024,pre-2025,A
vhvzzWnTK_Y_005,0.5,2,vhvzzWnTK_Y,2024,pre-2025,A
vhvzzWnTK_Y_008,0.3684210526315789,19,vhvzzWnTK_Y,2024,pre-2025,A
vhvzzWnTK_Y_009,0.7272727272727273,11,vhvzzWnTK_Y,2024,pre-2025,B
vhvzzWnTK_Y_010,1.0,9,vhvzzWnTK_Y,2024,pre-2025,A
vwzpuyvZSdI_000,0.9069767441860465,43,vwzpuyvZSdI,2022,pre-2025,A
vwzpuyvZSdI_001,0.927710843373494,83,vwzpuyvZSdI,2022,pre-2025,A
vwzpuyvZSdI_002,1.0,7,vwzpuyvZSdI,2022,pre-2025,A
vwzpuyvZSdI_003,0.95,40,vwzpuyvZSdI,2022,pre-2025,A
vwzpuyvZSdI_004,0.9387755102040817,49,vwzpuyvZSdI,2022,pre-2025,B
vwzpuyvZSdI_005,0.9166666666666666,24,vwzpuyvZSdI,2022,pre-2025,A
vwzpuyvZSdI_006,0.9090909090909091,66,vwzpuyvZSdI,2022,pre-2025,A
vwzpuyvZSdI_007,0.4,5,vwzpuyvZSdI,2022,pre-2025,A
vwzpuyvZSdI_009,1.0,5,vwzpuyvZSdI,2022,pre-2025,A
vwzpuyvZSdI_011,0.5,4,vwzpuyvZSdI,2022,pre-2025,B
vwzpuyvZSdI_012,0.8,5,vwzpuyvZSdI,2022,pre-2025,B
vwzpuyvZSdI_013,1.0,9,vwzpuyvZSdI,2022,pre-2025,A
vwzpuyvZSdI_015,0.9782608695652174,92,vwzpuyvZSdI,2022,pre-2025,A
vwzpuyvZSdI_016,0.6551724137931034,29,vwzpuyvZSdI,2022,pre-2025,A
vwzpuyvZSdI_017,0.903448275862069,145,vwzpuyvZSdI,2022,pre-2025,B
vwzpuyvZSdI_018,0.9016393442622951,122,vwzpuyvZSdI,2022,pre-2025,B
vwzpuyvZSdI_019,0.8695652173913043,23,vwzpuyvZSdI,2022,pre-2025,B
vwzpuyvZSdI_020,1.0,56,vwzpuyvZSdI,2022,pre-2025,A
vwzpuyvZSdI_021,0.7538461538461538,130,vwzpuyvZSdI,2022,pre-2025,B
vwzpuyvZSdI_022,0.9615384615384616,52,vwzpuyvZSdI,2022,pre-2025,B
vwzpuyvZSdI_023,0.95,40,vwzpuyvZSdI,2022,pre-2025,A
vwzpuyvZSdI_024,1.0,11,vwzpuyvZSdI,2022,pre-2025,B
vwzpuyvZSdI_025,1.0,9,vwzpuyvZSdI,2022,pre-2025,A
w4hCyh2PlaI_000,0.8076923076923077,52,w4hCyh2PlaI,2024,pre-2025,B
w4hCyh2PlaI_001,1.0,9,w4hCyh2PlaI,2024,pre-2025,B
wEaQoL1empQ_000,0.9117647058823529,34,wEaQoL1empQ,2026,2025+,A
wEaQoL1empQ_001,0.5111111111111111,45,wEaQoL1empQ,2026,2025+,B
wEaQoL1empQ_002,0.34615384615384615,26,wEaQoL1empQ,2026,2025+,B
wEaQoL1empQ_003,0.6111111111111112,36,wEaQoL1empQ,2026,2025+,B
wEaQoL1empQ_004,0.3684210526315789,19,wEaQoL1empQ,2026,2025+,B
wEaQoL1empQ_005,0.7272727272727273,11,wEaQoL1empQ,2026,2025+,B
wEaQoL1empQ_006,0.8888888888888888,9,wEaQoL1empQ,2026,2025+,B
wIdnUCjEssQ_000,1.0,14,wIdnUCjEssQ,2025,2025+,A
wIdnUCjEssQ_001,1.0,6,wIdnUCjEssQ,2025,2025+,A
wIdnUCjEssQ_002,1.0,7,wIdnUCjEssQ,2025,2025+,A
wIdnUCjEssQ_003,0.8181818181818182,11,wIdnUCjEssQ,2025,2025+,A
wIdnUCjEssQ_004,0.875,8,wIdnUCjEssQ,2025,2025+,A
wIdnUCjEssQ_005,1.0,2,wIdnUCjEssQ,2025,2025+,A
wIdnUCjEssQ_006,0.75,4,wIdnUCjEssQ,2025,2025+,A
wIdnUCjEssQ_007,0.7272727272727273,11,wIdnUCjEssQ,2025,2025+,B
wIdnUCjEssQ_008,1.0,9,wIdnUCjEssQ,2025,2025+,A
wKnZonmRm_0_000,0.975609756097561,82,wKnZonmRm_0,2022,pre-2025,A
wKnZonmRm_0_001,0.8,60,wKnZonmRm_0,2022,pre-2025,A
wKnZonmRm_0_002,0.8,35,wKnZonmRm_0,2022,pre-2025,A
wKnZonmRm_0_003,0.8936170212765957,47,wKnZonmRm_0,2022,pre-2025,A
wKnZonmRm_0_004,0.8083333333333333,120,wKnZonmRm_0,2022,pre-2025,A
wKnZonmRm_0_005,0.9186046511627907,86,wKnZonmRm_0,2022,pre-2025,A
wKnZonmRm_0_006,0.8709677419354839,93,wKnZonmRm_0,2022,pre-2025,A
wKnZonmRm_0_007,0.8421052631578947,19,wKnZonmRm_0,2022,pre-2025,A
wKnZonmRm_0_008,0.8658536585365854,82,wKnZonmRm_0,2022,pre-2025,A
wKnZonmRm_0_009,0.8571428571428571,14,wKnZonmRm_0,2022,pre-2025,A
wKnZonmRm_0_010,1.0,11,wKnZonmRm_0,2022,pre-2025,B
wKnZonmRm_0_011,1.0,9,wKnZonmRm_0,2022,pre-2025,A
wToq891_0Ew_000,0.875,8,wToq891_0Ew,2022,pre-2025,B
wToq891_0Ew_001,0.8688524590163934,61,wToq891_0Ew,2022,pre-2025,A
wToq891_0Ew_002,1.0,9,wToq891_0Ew,2022,pre-2025,A
wme62WSv6_Q_000,1.0,66,wme62WSv6_Q,2023,pre-2025,A
wme62WSv6_Q_001,0.4573643410852713,129,wme62WSv6_Q,2023,pre-2025,B
wme62WSv6_Q_003,0.25,20,wme62WSv6_Q,2023,pre-2025,B
wme62WSv6_Q_004,1.0,11,wme62WSv6_Q,2023,pre-2025,B
wme62WSv6_Q_005,1.0,9,wme62WSv6_Q,2023,pre-2025,A
wmsBUAfxcpc_000,1.0,8,wmsBUAfxcpc,2025,2025+,A
wmsBUAfxcpc_001,0.8571428571428571,7,wmsBUAfxcpc,2025,2025+,A
wmsBUAfxcpc_002,0.7272727272727273,11,wmsBUAfxcpc,2025,2025+,B
wmsBUAfxcpc_003,0.8888888888888888,9,wmsBUAfxcpc,2025,2025+,A
wrZW3zFKKG8_000,1.0,11,wrZW3zFKKG8,2022,pre-2025,B
wrZW3zFKKG8_001,0.8,5,wrZW3zFKKG8,2022,pre-2025,A
wrZW3zFKKG8_002,0.9285714285714286,28,wrZW3zFKKG8,2022,pre-2025,A
wrZW3zFKKG8_003,0.8690476190476191,84,wrZW3zFKKG8,2022,pre-2025,A
wrZW3zFKKG8_004,1.0,9,wrZW3zFKKG8,2022,pre-2025,B
x07083qMjr4_000,0.9411764705882353,17,x07083qMjr4,2023,pre-2025,A
x07083qMjr4_001,0.9555555555555556,90,x07083qMjr4,2023,pre-2025,A
x07083qMjr4_002,0.9047619047619048,84,x07083qMjr4,2023,pre-2025,B
x07083qMjr4_003,1.0,7,x07083qMjr4,2023,pre-2025,B
x07083qMjr4_004,1.0,9,x07083qMjr4,2023,pre-2025,B
x3lXIRulmQk_000,0.8918918918918919,37,x3lXIRulmQk,2024,pre-2025,A
x3lXIRulmQk_001,0.9538461538461539,65,x3lXIRulmQk,2024,pre-2025,A
x3lXIRulmQk_002,0.8981481481481481,108,x3lXIRulmQk,2024,pre-2025,B
x3lXIRulmQk_003,0.84375,64,x3lXIRulmQk,2024,pre-2025,B
x3lXIRulmQk_004,0.7946428571428571,112,x3lXIRulmQk,2024,pre-2025,A
x3lXIRulmQk_006,0.32941176470588235,85,x3lXIRulmQk,2024,pre-2025,A
x3lXIRulmQk_008,0.8181818181818182,11,x3lXIRulmQk,2024,pre-2025,B
x3lXIRulmQk_009,1.0,9,x3lXIRulmQk,2024,pre-2025,A
x6fHdDGHnpg_000,0.9047619047619048,42,x6fHdDGHnpg,2022,pre-2025,A
x6fHdDGHnpg_001,0.6666666666666666,3,x6fHdDGHnpg,2022,pre-2025,A
x6fHdDGHnpg_002,0.7777777777777778,9,x6fHdDGHnpg,2022,pre-2025,A
x6fHdDGHnpg_003,0.9859154929577465,71,x6fHdDGHnpg,2022,pre-2025,B
x6fHdDGHnpg_004,0.875,8,x6fHdDGHnpg,2022,pre-2025,A
x6fHdDGHnpg_005,0.9787234042553191,94,x6fHdDGHnpg,2022,pre-2025,A
x6fHdDGHnpg_006,1.0,11,x6fHdDGHnpg,2022,pre-2025,B
xGhoDgFe8GQ_000,0.96,25,xGhoDgFe8GQ,2026,2025+,A
xGhoDgFe8GQ_001,0.75,4,xGhoDgFe8GQ,2026,2025+,A
xGhoDgFe8GQ_002,1.0,15,xGhoDgFe8GQ,2026,2025+,A
xGhoDgFe8GQ_003,0.8888888888888888,9,xGhoDgFe8GQ,2026,2025+,A
xGhoDgFe8GQ_004,0.8,5,xGhoDgFe8GQ,2026,2025+,A
xGhoDgFe8GQ_005,0.8,5,xGhoDgFe8GQ,2026,2025+,A
xGhoDgFe8GQ_006,1.0,4,xGhoDgFe8GQ,2026,2025+,A
xGhoDgFe8GQ_007,0.9230769230769231,65,xGhoDgFe8GQ,2026,2025+,A
xGhoDgFe8GQ_008,1.0,4,xGhoDgFe8GQ,2026,2025+,B
xGhoDgFe8GQ_009,1.0,3,xGhoDgFe8GQ,2026,2025+,B
xaGu8VdP9nU_000,0.9133858267716536,127,xaGu8VdP9nU,2022,pre-2025,B
xaGu8VdP9nU_001,1.0,48,xaGu8VdP9nU,2022,pre-2025,B
xaGu8VdP9nU_002,1.0,24,xaGu8VdP9nU,2022,pre-2025,A
xaGu8VdP9nU_003,0.9285714285714286,14,xaGu8VdP9nU,2022,pre-2025,A
xaGu8VdP9nU_004,0.7857142857142857,14,xaGu8VdP9nU,2022,pre-2025,A
xaGu8VdP9nU_005,1.0,14,xaGu8VdP9nU,2022,pre-2025,A
xaGu8VdP9nU_006,0.8571428571428571,14,xaGu8VdP9nU,2022,pre-2025,A
xaGu8VdP9nU_007,1.0,14,xaGu8VdP9nU,2022,pre-2025,A
xaGu8VdP9nU_008,0.8571428571428571,14,xaGu8VdP9nU,2022,pre-2025,A
xaGu8VdP9nU_009,0.8571428571428571,14,xaGu8VdP9nU,2022,pre-2025,A
xaGu8VdP9nU_010,0.4444444444444444,18,xaGu8VdP9nU,2022,pre-2025,B
xaGu8VdP9nU_012,1.0,9,xaGu8VdP9nU,2022,pre-2025,A
xmEDLJqNCK0_000,1.0,11,xmEDLJqNCK0,2022,pre-2025,B
xmEDLJqNCK0_001,0.8,5,xmEDLJqNCK0,2022,pre-2025,A
xmEDLJqNCK0_002,0.8375,80,xmEDLJqNCK0,2022,pre-2025,A
xmEDLJqNCK0_003,1.0,9,xmEDLJqNCK0,2022,pre-2025,B
yMiOxRdFGjg_000,0.8375,80,yMiOxRdFGjg,2023,pre-2025,B
yMiOxRdFGjg_001,0.9642857142857143,28,yMiOxRdFGjg,2023,pre-2025,B
yMiOxRdFGjg_002,0.0,4,yMiOxRdFGjg,2023,pre-2025,A
yMiOxRdFGjg_004,0.21621621621621623,37,yMiOxRdFGjg,2023,pre-2025,A
yMiOxRdFGjg_005,0.3333333333333333,12,yMiOxRdFGjg,2023,pre-2025,A
yMiOxRdFGjg_006,0.55,20,yMiOxRdFGjg,2023,pre-2025,A
yMiOxRdFGjg_007,1.0,11,yMiOxRdFGjg,2023,pre-2025,B
yMiOxRdFGjg_008,1.0,9,yMiOxRdFGjg,2023,pre-2025,A
yOaVkjAxMAs_000,0.9342105263157895,76,yOaVkjAxMAs,2023,pre-2025,B
yOaVkjAxMAs_001,0.9142857142857143,70,yOaVkjAxMAs,2023,pre-2025,B
yOaVkjAxMAs_002,0.9212598425196851,127,yOaVkjAxMAs,2023,pre-2025,B
yOaVkjAxMAs_003,0.6,60,yOaVkjAxMAs,2023,pre-2025,B
yOaVkjAxMAs_004,1.0,9,yOaVkjAxMAs,2023,pre-2025,A
yQX1MseKbh0_000,0.8125,64,yQX1MseKbh0,2026,2025+,A
yQX1MseKbh0_001,1.0,14,yQX1MseKbh0,2026,2025+,A
yQX1MseKbh0_002,1.0,28,yQX1MseKbh0,2026,2025+,A
yQX1MseKbh0_003,0.9107142857142857,56,yQX1MseKbh0,2026,2025+,B
yQX1MseKbh0_004,0.4304635761589404,151,yQX1MseKbh0,2026,2025+,B
yQX1MseKbh0_005,0.8636363636363636,22,yQX1MseKbh0,2026,2025+,B
yQX1MseKbh0_006,0.4,40,yQX1MseKbh0,2026,2025+,A
yQX1MseKbh0_007,0.3,10,yQX1MseKbh0,2026,2025+,A
yQX1MseKbh0_008,0.7446808510638298,47,yQX1MseKbh0,2026,2025+,A
yQX1MseKbh0_009,0.358974358974359,39,yQX1MseKbh0,2026,2025+,A
yQX1MseKbh0_010,0.4,25,yQX1MseKbh0,2026,2025+,A
yQX1MseKbh0_011,0.2261904761904762,84,yQX1MseKbh0,2026,2025+,A
yQX1MseKbh0_012,0.16666666666666666,12,yQX1MseKbh0,2026,2025+,A
yQX1MseKbh0_013,0.7142857142857143,7,yQX1MseKbh0,2026,2025+,A
yQX1MseKbh0_014,0.7272727272727273,11,yQX1MseKbh0,2026,2025+,A
yQX1MseKbh0_015,0.2,5,yQX1MseKbh0,2026,2025+,A
yQX1MseKbh0_016,0.40186915887850466,107,yQX1MseKbh0,2026,2025+,A
yQX1MseKbh0_017,0.5555555555555556,9,yQX1MseKbh0,2026,2025+,A
yQX1MseKbh0_018,0.45774647887323944,142,yQX1MseKbh0,2026,2025+,A
yQX1MseKbh0_019,0.2222222222222222,9,yQX1MseKbh0,2026,2025+,A
yQX1MseKbh0_020,0.631578947368421,19,yQX1MseKbh0,2026,2025+,A
yQX1MseKbh0_021,0.2894736842105263,76,yQX1MseKbh0,2026,2025+,B
yQX1MseKbh0_022,1.0,9,yQX1MseKbh0,2026,2025+,A
yUsY5ZWOUMs_000,0.8214285714285714,28,yUsY5ZWOUMs,2025,2025+,A
yUsY5ZWOUMs_001,0.8571428571428571,28,yUsY5ZWOUMs,2025,2025+,A
yUsY5ZWOUMs_002,1.0,28,yUsY5ZWOUMs,2025,2025+,A
yUsY5ZWOUMs_003,0.9285714285714286,28,yUsY5ZWOUMs,2025,2025+,A
yUsY5ZWOUMs_004,0.7272727272727273,11,yUsY5ZWOUMs,2025,2025+,B
yUsY5ZWOUMs_005,1.0,9,yUsY5ZWOUMs,2025,2025+,B
yazBjEzVozc_000,1.0,7,yazBjEzVozc,2024,pre-2025,B
yazBjEzVozc_003,0.9565217391304348,23,yazBjEzVozc,2024,pre-2025,A
yazBjEzVozc_004,0.8888888888888888,27,yazBjEzVozc,2024,pre-2025,A
yazBjEzVozc_005,1.0,11,yazBjEzVozc,2024,pre-2025,B
yazBjEzVozc_006,1.0,9,yazBjEzVozc,2024,pre-2025,A
yeRdDP5GqMA_000,0.8461538461538461,13,yeRdDP5GqMA,2026,2025+,A
yeRdDP5GqMA_001,0.9375,80,yeRdDP5GqMA,2026,2025+,B
yeRdDP5GqMA_004,0.9137931034482759,116,yeRdDP5GqMA,2026,2025+,B
yeRdDP5GqMA_006,0.7272727272727273,11,yeRdDP5GqMA,2026,2025+,B
yeRdDP5GqMA_007,1.0,9,yeRdDP5GqMA,2026,2025+,B
yfl_B98gb7o_000,0.875,8,yfl_B98gb7o,2022,pre-2025,B
yfl_B98gb7o_001,0.9672131147540983,61,yfl_B98gb7o,2022,pre-2025,A
yfl_B98gb7o_002,1.0,11,yfl_B98gb7o,2022,pre-2025,B
ynuA9DgE3oM_000,0.8452380952380952,84,ynuA9DgE3oM,2026,2025+,A
ynuA9DgE3oM_001,0.9642857142857143,28,ynuA9DgE3oM,2026,2025+,A
ynuA9DgE3oM_002,0.8181818181818182,11,ynuA9DgE3oM,2026,2025+,A
ynuA9DgE3oM_003,0.6666666666666666,3,ynuA9DgE3oM,2026,2025+,A
ynuA9DgE3oM_004,0.9090909090909091,22,ynuA9DgE3oM,2026,2025+,A
ynuA9DgE3oM_005,0.7272727272727273,11,ynuA9DgE3oM,2026,2025+,B
ynuA9DgE3oM_006,1.0,9,ynuA9DgE3oM,2026,2025+,A
z-FTJewy3vA_000,0.5714285714285714,14,z-FTJewy3vA,2022,pre-2025,A
z-FTJewy3vA_001,0.75,12,z-FTJewy3vA,2022,pre-2025,A
z-FTJewy3vA_002,0.7857142857142857,14,z-FTJewy3vA,2022,pre-2025,A
z-FTJewy3vA_003,0.8571428571428571,14,z-FTJewy3vA,2022,pre-2025,A
z-FTJewy3vA_004,0.7857142857142857,14,z-FTJewy3vA,2022,pre-2025,A
z-FTJewy3vA_005,0.7142857142857143,14,z-FTJewy3vA,2022,pre-2025,A
z-FTJewy3vA_006,0.9285714285714286,14,z-FTJewy3vA,2022,pre-2025,A
z-FTJewy3vA_007,0.7857142857142857,14,z-FTJewy3vA,2022,pre-2025,A
z-FTJewy3vA_008,0.8571428571428571,14,z-FTJewy3vA,2022,pre-2025,A
z-FTJewy3vA_009,1.0,14,z-FTJewy3vA,2022,pre-2025,A
z-FTJewy3vA_011,1.0,9,z-FTJewy3vA,2022,pre-2025,A
z0d7n9QxYiE_000,0.9642857142857143,28,z0d7n9QxYiE,2026,2025+,A
z0d7n9QxYiE_012,1.0,9,z0d7n9QxYiE,2026,2025+,A
zDY3f_JU2Mw_000,0.9016393442622951,61,zDY3f_JU2Mw,2025,2025+,A
zDY3f_JU2Mw_001,0.7272727272727273,143,zDY3f_JU2Mw,2025,2025+,A
zDY3f_JU2Mw_002,0.7833333333333333,60,zDY3f_JU2Mw,2025,2025+,B
zDY3f_JU2Mw_003,0.6153846153846154,91,zDY3f_JU2Mw,2025,2025+,B
zDY3f_JU2Mw_004,0.8695652173913043,23,zDY3f_JU2Mw,2025,2025+,A
zDY3f_JU2Mw_005,0.5714285714285714,28,zDY3f_JU2Mw,2025,2025+,A
zDY3f_JU2Mw_006,0.8181818181818182,22,zDY3f_JU2Mw,2025,2025+,A
zDY3f_JU2Mw_007,0.7142857142857143,21,zDY3f_JU2Mw,2025,2025+,A
zDY3f_JU2Mw_008,0.7777777777777778,18,zDY3f_JU2Mw,2025,2025+,A
zDY3f_JU2Mw_009,0.30952380952380953,168,zDY3f_JU2Mw,2025,2025+,B
zDY3f_JU2Mw_010,0.7647058823529411,68,zDY3f_JU2Mw,2025,2025+,B
zDY3f_JU2Mw_011,0.8888888888888888,9,zDY3f_JU2Mw,2025,2025+,B
zLH6UBjv7iM_000,0.8857142857142857,35,zLH6UBjv7iM,2022,pre-2025,A
zLH6UBjv7iM_001,0.9444444444444444,18,zLH6UBjv7iM,2022,pre-2025,A
zLH6UBjv7iM_002,0.8380952380952381,105,zLH6UBjv7iM,2022,pre-2025,B
zLH6UBjv7iM_003,0.7843137254901961,51,zLH6UBjv7iM,2022,pre-2025,B
zLH6UBjv7iM_005,1.0,9,zLH6UBjv7iM,2022,pre-2025,A
zQ74tQFIXZU_000,1.0,3,zQ74tQFIXZU,2026,2025+,B
zQvwsDGr9JU_000,0.9642857142857143,28,zQvwsDGr9JU,2022,pre-2025,A
zQvwsDGr9JU_001,1.0,11,zQvwsDGr9JU,2022,pre-2025,B
zQvwsDGr9JU_002,1.0,9,zQvwsDGr9JU,2022,pre-2025,A
zUPrQBxS2NM_001,0.95,60,zUPrQBxS2NM,2023,pre-2025,B
zUPrQBxS2NM_003,1.0,9,zUPrQBxS2NM,2023,pre-2025,A
za1OqKsqiCc_000,0.8571428571428571,28,za1OqKsqiCc,2025,2025+,A
za1OqKsqiCc_001,1.0,14,za1OqKsqiCc,2025,2025+,A
za1OqKsqiCc_002,0.9285714285714286,14,za1OqKsqiCc,2025,2025+,A
za1OqKsqiCc_003,1.0,14,za1OqKsqiCc,2025,2025+,A
za1OqKsqiCc_004,0.9285714285714286,14,za1OqKsqiCc,2025,2025+,A
za1OqKsqiCc_005,0.7857142857142857,42,za1OqKsqiCc,2025,2025+,A
za1OqKsqiCc_006,0.9285714285714286,14,za1OqKsqiCc,2025,2025+,A
za1OqKsqiCc_007,0.7272727272727273,11,za1OqKsqiCc,2025,2025+,B
za1OqKsqiCc_008,1.0,9,za1OqKsqiCc,2025,2025+,B
zh0-UdbZ2UE_000,0.8571428571428571,84,zh0-UdbZ2UE,2025,2025+,A
zh0-UdbZ2UE_001,0.7272727272727273,11,zh0-UdbZ2UE,2025,2025+,B
zh0-UdbZ2UE_002,1.0,9,zh0-UdbZ2UE,2025,2025+,A
zhkldou_CKY_000,0.9803921568627451,51,zhkldou_CKY,2025,2025+,A
zhkldou_CKY_001,0.9107142857142857,56,zhkldou_CKY,2025,2025+,B
zhkldou_CKY_002,0.7982456140350878,114,zhkldou_CKY,2025,2025+,B
zhkldou_CKY_003,0.9473684210526315,19,zhkldou_CKY,2025,2025+,A
zhkldou_CKY_004,0.9,140,zhkldou_CKY,2025,2025+,A
zhkldou_CKY_008,0.7272727272727273,11,zhkldou_CKY,2025,2025+,B
zhkldou_CKY_009,1.0,9,zhkldou_CKY,2025,2025+,B
zjYZCFQI84s_000,1.0,14,zjYZCFQI84s,2023,pre-2025,A
zjYZCFQI84s_001,0.9642857142857143,28,zjYZCFQI84s,2023,pre-2025,A
zjYZCFQI84s_002,0.8928571428571429,28,zjYZCFQI84s,2023,pre-2025,A
zjYZCFQI84s_003,0.9615384615384616,26,zjYZCFQI84s,2023,pre-2025,A
zjYZCFQI84s_004,0.8571428571428571,28,zjYZCFQI84s,2023,pre-2025,A
zjYZCFQI84s_005,0.9487179487179487,39,zjYZCFQI84s,2023,pre-2025,B
zjYZCFQI84s_006,1.0,9,zjYZCFQI84s,2023,pre-2025,B
zp3LxJr8aJA_000,0.8695652173913043,23,zp3LxJr8aJA,2025,2025+,A
zp3LxJr8aJA_001,0.918918918918919,74,zp3LxJr8aJA,2025,2025+,B
zp3LxJr8aJA_002,0.8846153846153846,78,zp3LxJr8aJA,2025,2025+,B
zp3LxJr8aJA_003,0.8421052631578947,38,zp3LxJr8aJA,2025,2025+,B
zp3LxJr8aJA_004,0.7272727272727273,11,zp3LxJr8aJA,2025,2025+,B
zp3LxJr8aJA_005,1.0,9,zp3LxJr8aJA,2025,2025+,A
ztXD5GSX13o_000,0.7142857142857143,14,ztXD5GSX13o,2024,pre-2025,A
ztXD5GSX13o_001,0.9285714285714286,28,ztXD5GSX13o,2024,pre-2025,A
ztXD5GSX13o_002,1.0,14,ztXD5GSX13o,2024,pre-2025,A
ztXD5GSX13o_003,1.0,28,ztXD5GSX13o,2024,pre-2025,A
ztXD5GSX13o_004,0.9285714285714286,14,ztXD5GSX13o,2024,pre-2025,A
ztXD5GSX13o_005,1.0,14,ztXD5GSX13o,2024,pre-2025,A
ztXD5GSX13o_006,0.7272727272727273,11,ztXD5GSX13o,2024,pre-2025,B
ztXD5GSX13o_007,1.0,9,ztXD5GSX13o,2024,pre-2025,A
zu5ZVRnnRVQ_000,0.8461538461538461,39,zu5ZVRnnRVQ,2023,pre-2025,A
zu5ZVRnnRVQ_001,0.9642857142857143,28,zu5ZVRnnRVQ,2023,pre-2025,A
zu5ZVRnnRVQ_002,0.9285714285714286,28,zu5ZVRnnRVQ,2023,pre-2025,A
zu5ZVRnnRVQ_003,0.9285714285714286,28,zu5ZVRnnRVQ,2023,pre-2025,A
zu5ZVRnnRVQ_004,1.0,39,zu5ZVRnnRVQ,2023,pre-2025,B
zu5ZVRnnRVQ_005,1.0,9,zu5ZVRnnRVQ,2023,pre-2025,A
