window_id,video_id,tier,idx,start,end,dur,parody_flag,song_flag,recitation_flag,film_flag,film_related_core,contemporary_only,matched_keywords,singing_prob,dialogue_film
-3BTKFtZldo_000,-3BTKFtZldo,B,0,0.0,37.15,37.15,0,0,0,1,0,0,film_clip:李龍基|王青霞,0.0111464681103825,1
-3BTKFtZldo_001,-3BTKFtZldo,B,1,37.634,61.566,23.932,0,0,0,1,0,0,film_clip:李龍基|王青霞,,
-3BTKFtZldo_002,-3BTKFtZldo,B,2,68.066,72.062,3.996,0,0,0,1,0,0,film_clip:李龍基|王青霞,,
-9oY4_qcCfg_000,-9oY4_qcCfg,A,0,0.0,16.382,16.382,0,0,0,0,0,1,,,
-9oY4_qcCfg_001,-9oY4_qcCfg,A,1,16.898,25.118,8.22,0,0,0,0,0,1,,,
-9oY4_qcCfg_002,-9oY4_qcCfg,A,2,27.618,31.582,3.964,0,0,0,0,0,1,,,
-9oY4_qcCfg_003,-9oY4_qcCfg,A,3,34.082,64.19,30.108,0,0,0,0,0,1,,,
-9oY4_qcCfg_004,-9oY4_qcCfg,A,4,64.834,77.822,12.988,0,0,0,0,0,1,,,
-9oY4_qcCfg_005,-9oY4_qcCfg,A,5,81.09,86.302,5.212,0,0,0,0,0,1,,,
-9oY4_qcCfg_006,-9oY4_qcCfg,A,6,88.77,92.382,3.612,0,0,0,0,0,1,,,
-9oY4_qcCfg_007,-9oY4_qcCfg,A,7,92.962,98.43,5.468,0,0,0,0,0,1,,,
-9oY4_qcCfg_008,-9oY4_qcCfg,A,8,99.106,112.446,13.34,0,0,0,0,0,1,,,
-9oY4_qcCfg_009,-9oY4_qcCfg,A,9,113.122,119.23,6.108,0,0,0,0,0,1,,,
-9oY4_qcCfg_010,-9oY4_qcCfg,A,10,119.906,124.638,4.732,0,0,0,0,0,1,,,
-9oY4_qcCfg_011,-9oY4_qcCfg,A,11,125.314,136.51,11.196,0,0,0,0,0,1,,,
-9oY4_qcCfg_012,-9oY4_qcCfg,A,12,137.218,151.774,14.556,0,0,0,0,0,1,,,
-9oY4_qcCfg_013,-9oY4_qcCfg,A,13,152.418,156.606,4.188,0,0,0,0,0,1,,,
-9oY4_qcCfg_014,-9oY4_qcCfg,B,14,157.666,164.382,6.716,0,0,0,0,0,1,,,
-9oY4_qcCfg_015,-9oY4_qcCfg,A,15,169.826,173.822,3.996,0,0,0,0,0,1,,,
-RGj8xb9R8A_000,-RGj8xb9R8A,B,0,0.0,37.95,37.95,0,0,0,0,0,1,,,
-RGj8xb9R8A_001,-RGj8xb9R8A,B,1,37.762,49.886,12.124,0,0,0,0,0,1,,,
-RGj8xb9R8A_002,-RGj8xb9R8A,B,2,52.482,59.006,6.524,0,0,0,0,0,1,,,
-RGj8xb9R8A_003,-RGj8xb9R8A,A,3,65.538,69.438,3.9,0,0,0,0,0,1,,,
-ZzrfGa0S0w_000,-ZzrfGa0S0w,B,0,0.802,14.174,13.372,0,0,0,0,0,1,,,
-ZzrfGa0S0w_001,-ZzrfGa0S0w,B,1,14.786,24.702,9.916,0,0,0,0,0,1,,,
-ZzrfGa0S0w_002,-ZzrfGa0S0w,A,2,26.498,36.254,9.756,0,0,0,0,0,1,,,
-ZzrfGa0S0w_003,-ZzrfGa0S0w,A,3,37.858,62.334,24.476,0,0,0,0,0,1,,,
-ZzrfGa0S0w_004,-ZzrfGa0S0w,B,4,63.874,69.598,5.724,0,0,0,0,0,1,,,
-ZzrfGa0S0w_005,-ZzrfGa0S0w,A,5,71.266,89.214,17.948,0,0,0,0,0,1,,,
-ZzrfGa0S0w_006,-ZzrfGa0S0w,B,6,90.754,126.046,35.292,0,0,0,0,0,1,,,
-ZzrfGa0S0w_007,-ZzrfGa0S0w,C,7,126.21,159.998,33.788,0,0,0,0,0,1,,,
-ZzrfGa0S0w_008,-ZzrfGa0S0w,B,8,166.178,206.27,40.092,0,0,0,0,0,1,,,
-ZzrfGa0S0w_009,-ZzrfGa0S0w,C,9,206.466,239.55,33.084,0,0,0,0,0,1,,,
-ZzrfGa0S0w_010,-ZzrfGa0S0w,B,10,239.426,250.654,11.228,0,0,0,0,0,1,,,
-ZzrfGa0S0w_011,-ZzrfGa0S0w,B,11,252.29,258.462,6.172,0,0,0,0,0,1,,,
-ZzrfGa0S0w_012,-ZzrfGa0S0w,A,12,265.474,269.47,3.996,0,0,0,0,0,1,,,
-agnQ40mEM8_000,-agnQ40mEM8,B,0,0.0,21.534,21.534,0,0,0,0,0,1,,,
-agnQ40mEM8_001,-agnQ40mEM8,B,1,21.314,49.214,27.9,0,0,0,0,0,1,,,
-agnQ40mEM8_002,-agnQ40mEM8,B,2,55.714,59.646,3.932,0,0,0,0,0,1,,,
-duPp9s1JzQ_000,-duPp9s1JzQ,A,0,0.0,4.862,4.862,0,0,0,0,0,1,,,
-duPp9s1JzQ_001,-duPp9s1JzQ,A,1,7.938,26.174,18.236,0,0,0,0,0,1,,,
-duPp9s1JzQ_002,-duPp9s1JzQ,B,2,28.866,30.558,1.692,0,0,0,0,0,1,,,
-duPp9s1JzQ_003,-duPp9s1JzQ,A,3,33.154,35.166,2.012,0,0,0,0,0,1,,,
-duPp9s1JzQ_004,-duPp9s1JzQ,A,4,36.386,38.686,2.3,0,0,0,0,0,1,,,
-duPp9s1JzQ_005,-duPp9s1JzQ,A,5,41.442,43.07,1.628,0,0,0,0,0,1,,,
-duPp9s1JzQ_006,-duPp9s1JzQ,A,6,43.81,45.822,2.012,0,0,0,0,0,1,,,
-duPp9s1JzQ_007,-duPp9s1JzQ,A,7,48.674,50.206,1.532,0,0,0,0,0,1,,,
-duPp9s1JzQ_008,-duPp9s1JzQ,A,8,50.85,52.894,2.044,0,0,0,0,0,1,,,
-duPp9s1JzQ_009,-duPp9s1JzQ,A,9,55.746,57.406,1.66,0,0,0,0,0,1,,,
-duPp9s1JzQ_010,-duPp9s1JzQ,A,10,58.306,60.414,2.108,0,0,0,0,0,1,,,
-duPp9s1JzQ_011,-duPp9s1JzQ,B,11,62.05,68.19,6.14,0,0,0,0,0,1,,,
-duPp9s1JzQ_012,-duPp9s1JzQ,A,12,75.202,79.198,3.996,0,0,0,0,0,1,,,
-uB4Z9Vdv3E_000,-uB4Z9Vdv3E,B,0,0.0,38.494,38.494,0,0,0,1,0,0,film_clip:嘉玲,,
-uB4Z9Vdv3E_001,-uB4Z9Vdv3E,B,1,38.498,75.23,36.732,0,0,0,1,0,0,film_clip:嘉玲,,
-uB4Z9Vdv3E_002,-uB4Z9Vdv3E,B,2,75.042,105.694,30.652,0,0,0,1,0,0,film_clip:嘉玲,,
-uB4Z9Vdv3E_003,-uB4Z9Vdv3E,A,3,170.178,174.174,3.996,0,0,0,1,0,0,film_clip:嘉玲,,
01cBqZ4P68A_000,01cBqZ4P68A,B,0,0.0,35.774,35.774,0,0,0,0,0,1,,,
01cBqZ4P68A_001,01cBqZ4P68A,B,1,35.682,54.014,18.332,0,0,0,0,0,1,,,
01cBqZ4P68A_002,01cBqZ4P68A,A,2,60.546,64.446,3.9,0,0,0,0,0,1,,,
0Hqy8SIu8QM_000,0Hqy8SIu8QM,A,0,64.29,69.566,5.276,1,0,0,0,0,0,parody:惡搞,,
0Hqy8SIu8QM_001,0Hqy8SIu8QM,C,1,71.618,73.406,1.788,1,0,0,0,0,0,parody:惡搞,,
0Hqy8SIu8QM_002,0Hqy8SIu8QM,C,2,78.21,84.67,6.46,1,0,0,0,0,0,parody:惡搞,,
0Hqy8SIu8QM_003,0Hqy8SIu8QM,A,3,90.114,94.11,3.996,1,0,0,0,0,0,parody:惡搞,,
0QZPlWu3n7Q_000,0QZPlWu3n7Q,A,0,0.674,10.398,9.724,0,0,0,0,0,1,,,
0QZPlWu3n7Q_001,0QZPlWu3n7Q,A,1,30.21,41.374,11.164,0,0,0,0,0,1,,,
0QZPlWu3n7Q_002,0QZPlWu3n7Q,A,2,43.778,82.398,38.62,0,0,0,0,0,1,,,
0QZPlWu3n7Q_003,0QZPlWu3n7Q,B,3,85.026,91.55,6.524,0,0,0,0,0,1,,,
0QZPlWu3n7Q_004,0QZPlWu3n7Q,A,4,97.954,101.95,3.996,0,0,0,0,0,1,,,
0bxiKSqEZlU_000,0bxiKSqEZlU,A,0,0.706,9.342,8.636,0,0,0,0,0,1,,,
0bxiKSqEZlU_001,0bxiKSqEZlU,C,1,56.674,63.39,6.716,0,0,0,0,0,1,,,
0bxiKSqEZlU_002,0bxiKSqEZlU,B,2,112.482,117.118,4.636,0,0,0,0,0,1,,,
0bxiKSqEZlU_003,0bxiKSqEZlU,A,3,122.562,126.558,3.996,0,0,0,0,0,1,,,
0oa0RJE4db8_000,0oa0RJE4db8,A,0,0.002,18.398,18.396,0,0,0,0,0,1,,,
0oa0RJE4db8_001,0oa0RJE4db8,A,1,19.042,32.542,13.5,0,0,0,0,0,1,,,
0oa0RJE4db8_002,0oa0RJE4db8,A,2,58.818,61.342,2.524,0,0,0,0,0,1,,,
0oa0RJE4db8_003,0oa0RJE4db8,A,3,73.538,77.886,4.348,0,0,0,0,0,1,,,
0oa0RJE4db8_004,0oa0RJE4db8,B,4,111.01,126.27,15.26,0,0,0,0,0,1,,,
0oa0RJE4db8_005,0oa0RJE4db8,A,5,132.802,136.67,3.868,0,0,0,0,0,1,,,
0tOUk3VfuGg_000,0tOUk3VfuGg,A,0,0.834,6.142,5.308,0,0,0,0,0,1,,,
0tOUk3VfuGg_001,0tOUk3VfuGg,A,1,8.898,31.774,22.876,0,0,0,0,0,1,,,
0tOUk3VfuGg_002,0tOUk3VfuGg,A,2,35.298,45.438,10.14,0,0,0,0,0,1,,,
0tOUk3VfuGg_003,0tOUk3VfuGg,A,3,48.194,68.67,20.476,0,0,0,0,0,1,,,
0tOUk3VfuGg_004,0tOUk3VfuGg,A,4,71.97,106.814,34.844,0,0,0,0,0,1,,,
0tOUk3VfuGg_005,0tOUk3VfuGg,A,5,109.954,142.334,32.38,0,0,0,0,0,1,,,
0tOUk3VfuGg_006,0tOUk3VfuGg,A,6,143.714,164.894,21.18,0,0,0,0,0,1,,,
0tOUk3VfuGg_007,0tOUk3VfuGg,A,7,168.066,182.75,14.684,0,0,0,0,0,1,,,
0tOUk3VfuGg_008,0tOUk3VfuGg,A,8,184.898,193.63,8.732,0,0,0,0,0,1,,,
0tOUk3VfuGg_009,0tOUk3VfuGg,A,9,195.874,200.574,4.7,0,0,0,0,0,1,,,
0tOUk3VfuGg_010,0tOUk3VfuGg,A,10,203.138,225.086,21.948,0,0,0,0,0,1,,,
0tOUk3VfuGg_011,0tOUk3VfuGg,A,11,228.002,240.574,12.572,0,0,0,0,0,1,,,
0tOUk3VfuGg_012,0tOUk3VfuGg,A,12,242.85,260.83,17.98,0,0,0,0,0,1,,,
0tOUk3VfuGg_013,0tOUk3VfuGg,A,13,263.618,270.334,6.716,0,0,0,0,0,1,,,
0tOUk3VfuGg_014,0tOUk3VfuGg,C,14,272.322,275.454,3.132,0,0,0,0,0,1,,,
0tOUk3VfuGg_015,0tOUk3VfuGg,C,15,276.29,286.654,10.364,0,0,0,0,0,1,,,
0tOUk3VfuGg_016,0tOUk3VfuGg,A,16,292.098,296.094,3.996,0,0,0,0,0,1,,,
0xkI0AW6xfQ_000,0xkI0AW6xfQ,B,0,0.0,39.774,39.774,0,0,0,1,0,0,film_clip:林黛,,
0xkI0AW6xfQ_001,0xkI0AW6xfQ,C,1,39.618,42.238,2.62,0,0,0,1,0,0,film_clip:林黛,,
0xkI0AW6xfQ_002,0xkI0AW6xfQ,C,2,43.906,49.214,5.308,0,0,0,1,0,0,film_clip:林黛,,
0xkI0AW6xfQ_003,0xkI0AW6xfQ,C,3,50.05,54.11,4.06,0,0,0,1,0,0,film_clip:林黛,,
0xkI0AW6xfQ_004,0xkI0AW6xfQ,C,4,56.322,61.694,5.372,0,0,0,1,0,0,film_clip:林黛,,
0xkI0AW6xfQ_005,0xkI0AW6xfQ,C,5,63.074,70.654,7.58,0,0,0,1,0,0,film_clip:林黛,,
0xkI0AW6xfQ_006,0xkI0AW6xfQ,B,6,71.714,100.51,28.796,0,0,0,1,0,0,film_clip:林黛,,
0xkI0AW6xfQ_007,0xkI0AW6xfQ,B,7,100.61,124.99,24.38,0,0,0,1,0,0,film_clip:林黛,,
0xkI0AW6xfQ_008,0xkI0AW6xfQ,B,8,124.834,146.494,21.66,0,0,0,1,0,0,film_clip:林黛,,
0xkI0AW6xfQ_009,0xkI0AW6xfQ,B,9,147.042,185.406,38.364,0,0,0,1,0,0,film_clip:林黛,,
0xkI0AW6xfQ_010,0xkI0AW6xfQ,B,10,185.41,219.358,33.948,0,0,0,1,0,0,film_clip:林黛,,
0xkI0AW6xfQ_011,0xkI0AW6xfQ,B,11,219.234,254.654,35.42,0,0,0,1,0,0,film_clip:林黛,,
0xkI0AW6xfQ_012,0xkI0AW6xfQ,B,12,254.946,291.806,36.86,0,0,0,1,0,0,film_clip:林黛,,
0xkI0AW6xfQ_013,0xkI0AW6xfQ,B,13,294.37,331.966,37.596,0,0,0,1,0,0,film_clip:林黛,,
0xkI0AW6xfQ_014,0xkI0AW6xfQ,B,14,332.066,370.59,38.524,0,0,0,1,0,0,film_clip:林黛,,
0xkI0AW6xfQ_015,0xkI0AW6xfQ,B,15,370.69,409.598,38.908,0,0,0,1,0,0,film_clip:林黛,,
0xkI0AW6xfQ_016,0xkI0AW6xfQ,B,16,409.538,449.086,39.548,0,0,0,1,0,0,film_clip:林黛,,
0xkI0AW6xfQ_017,0xkI0AW6xfQ,B,17,449.25,486.494,37.244,0,0,0,1,0,0,film_clip:林黛,,
0xkI0AW6xfQ_018,0xkI0AW6xfQ,B,18,486.658,499.646,12.988,0,0,0,1,0,0,film_clip:林黛,,
0xkI0AW6xfQ_019,0xkI0AW6xfQ,B,19,506.178,510.11,3.932,0,0,0,1,0,0,film_clip:林黛,,
10G-1WZq5jc_000,10G-1WZq5jc,A,0,0.29,28.574,28.284,0,0,0,1,0,0,film_clip:林黛,,
10G-1WZq5jc_001,10G-1WZq5jc,A,1,29.154,34.91,5.756,0,0,0,1,0,0,film_clip:林黛,,
10G-1WZq5jc_002,10G-1WZq5jc,B,2,35.618,66.75,31.132,0,0,0,1,0,0,film_clip:林黛,,
10G-1WZq5jc_003,10G-1WZq5jc,B,3,67.042,106.398,39.356,0,0,0,1,0,0,film_clip:林黛,,
10G-1WZq5jc_004,10G-1WZq5jc,B,4,107.298,129.63,22.332,0,0,0,1,0,0,film_clip:林黛,,
10G-1WZq5jc_005,10G-1WZq5jc,B,5,129.698,147.742,18.044,0,0,0,1,0,0,film_clip:林黛,,
10G-1WZq5jc_006,10G-1WZq5jc,B,6,147.458,178.974,31.516,0,0,0,1,0,0,film_clip:林黛,,
10G-1WZq5jc_007,10G-1WZq5jc,B,7,179.074,218.91,39.836,0,0,0,1,0,0,film_clip:林黛,,
10G-1WZq5jc_008,10G-1WZq5jc,B,8,218.786,258.494,39.708,0,0,0,1,0,0,film_clip:林黛,,
10G-1WZq5jc_009,10G-1WZq5jc,B,9,258.306,298.27,39.964,0,0,0,1,0,0,film_clip:林黛,,
10G-1WZq5jc_010,10G-1WZq5jc,B,10,298.402,335.486,37.084,0,0,0,1,0,0,film_clip:林黛,,
10G-1WZq5jc_011,10G-1WZq5jc,B,11,335.586,375.87,40.284,0,0,0,1,0,0,film_clip:林黛,,
10G-1WZq5jc_012,10G-1WZq5jc,B,12,375.682,413.406,37.724,0,0,0,1,0,0,film_clip:林黛,,
10G-1WZq5jc_013,10G-1WZq5jc,B,13,413.346,422.846,9.5,0,0,0,1,0,0,film_clip:林黛,,
10G-1WZq5jc_014,10G-1WZq5jc,A,14,423.586,442.302,18.716,0,0,0,1,0,0,film_clip:林黛,,
10G-1WZq5jc_015,10G-1WZq5jc,C,15,444.002,455.198,11.196,0,0,0,1,0,0,film_clip:林黛,,
10G-1WZq5jc_016,10G-1WZq5jc,C,16,457.218,472.798,15.58,0,0,0,1,0,0,film_clip:林黛,,
10G-1WZq5jc_017,10G-1WZq5jc,B,17,473.954,480.734,6.78,0,0,0,1,0,0,film_clip:林黛,,
10G-1WZq5jc_018,10G-1WZq5jc,A,18,487.234,491.134,3.9,0,0,0,1,0,0,film_clip:林黛,,
1Hj6ncrJr0c_000,1Hj6ncrJr0c,A,0,1.346,3.966,2.62,0,0,0,0,0,1,,,
1Hj6ncrJr0c_001,1Hj6ncrJr0c,A,1,14.658,17.438,2.78,0,0,0,0,0,1,,,
1Hj6ncrJr0c_002,1Hj6ncrJr0c,A,2,24.546,26.814,2.268,0,0,0,0,0,1,,,
1Hj6ncrJr0c_003,1Hj6ncrJr0c,A,3,27.778,30.814,3.036,0,0,0,0,0,1,,,
1Hj6ncrJr0c_004,1Hj6ncrJr0c,B,4,38.658,43.518,4.86,0,0,0,0,0,1,,,
1Hj6ncrJr0c_005,1Hj6ncrJr0c,A,5,50.05,53.918,3.868,0,0,0,0,0,1,,,
1Mz-sKyoEy8_000,1Mz-sKyoEy8,A,0,2.562,16.382,13.82,0,1,0,0,0,0,song:獻唱,,
1Mz-sKyoEy8_001,1Mz-sKyoEy8,A,1,141.89,143.518,1.628,0,1,0,0,0,0,song:獻唱,,
1Mz-sKyoEy8_002,1Mz-sKyoEy8,A,2,144.546,146.718,2.172,0,1,0,0,0,0,song:獻唱,,
1Mz-sKyoEy8_003,1Mz-sKyoEy8,C,3,153.922,160.382,6.46,0,1,0,0,0,0,song:獻唱,,
1Mz-sKyoEy8_004,1Mz-sKyoEy8,A,4,166.818,170.782,3.964,0,1,0,0,0,0,song:獻唱,,
1VbNiBxwg9M_000,1VbNiBxwg9M,B,0,0.802,3.23,2.428,0,0,0,0,0,1,,,
1VbNiBxwg9M_001,1VbNiBxwg9M,A,1,4.13,6.782,2.652,0,0,0,0,0,1,,,
1VbNiBxwg9M_002,1VbNiBxwg9M,A,2,7.97,10.206,2.236,0,0,0,0,0,1,,,
1VbNiBxwg9M_003,1VbNiBxwg9M,A,3,13.218,15.806,2.588,0,0,0,0,0,1,,,
1VbNiBxwg9M_004,1VbNiBxwg9M,A,4,16.93,19.39,2.46,0,0,0,0,0,1,,,
1VbNiBxwg9M_005,1VbNiBxwg9M,A,5,20.418,22.558,2.14,0,0,0,0,0,1,,,
1VbNiBxwg9M_006,1VbNiBxwg9M,A,6,25.506,27.518,2.012,0,0,0,0,0,1,,,
1VbNiBxwg9M_007,1VbNiBxwg9M,A,7,28.738,30.91,2.172,0,0,0,0,0,1,,,
1VbNiBxwg9M_008,1VbNiBxwg9M,A,8,32.258,34.398,2.14,0,0,0,0,0,1,,,
1VbNiBxwg9M_009,1VbNiBxwg9M,A,9,37.442,44.83,7.388,0,0,0,0,0,1,,,
1VbNiBxwg9M_010,1VbNiBxwg9M,A,10,45.666,49.726,4.06,0,0,0,0,0,1,,,
1VbNiBxwg9M_011,1VbNiBxwg9M,A,11,52.514,67.422,14.908,0,0,0,0,0,1,,,
1VbNiBxwg9M_012,1VbNiBxwg9M,A,12,69.474,87.934,18.46,0,0,0,0,0,1,,,
1VbNiBxwg9M_013,1VbNiBxwg9M,A,13,90.178,105.406,15.228,0,0,0,0,0,1,,,
1VbNiBxwg9M_014,1VbNiBxwg9M,A,14,108.354,126.654,18.3,0,0,0,0,0,1,,,
1VbNiBxwg9M_015,1VbNiBxwg9M,A,15,129.474,160.478,31.004,0,0,0,0,0,1,,,
1VbNiBxwg9M_016,1VbNiBxwg9M,A,16,163.17,170.43,7.26,0,0,0,0,0,1,,,
1VbNiBxwg9M_017,1VbNiBxwg9M,A,17,173.314,211.678,38.364,0,0,0,0,0,1,,,
1VbNiBxwg9M_018,1VbNiBxwg9M,A,18,212.482,216.51,4.028,0,0,0,0,0,1,,,
1VbNiBxwg9M_019,1VbNiBxwg9M,B,19,218.786,224.926,6.14,0,0,0,0,0,1,,,
1VbNiBxwg9M_020,1VbNiBxwg9M,A,20,231.938,235.934,3.996,0,0,0,0,0,1,,,
1W1EWr_0bg8_000,1W1EWr_0bg8,A,0,1.858,21.982,20.124,0,0,0,0,0,1,,,
1W1EWr_0bg8_001,1W1EWr_0bg8,A,1,23.65,36.734,13.084,0,0,0,0,0,1,,,
1W1EWr_0bg8_002,1W1EWr_0bg8,A,2,39.81,52.958,13.148,0,0,0,0,0,1,,,
1W1EWr_0bg8_003,1W1EWr_0bg8,A,3,55.682,68.126,12.444,0,0,0,0,0,1,,,
1W1EWr_0bg8_004,1W1EWr_0bg8,A,4,71.49,84.638,13.148,0,0,0,0,0,1,,,
1W1EWr_0bg8_005,1W1EWr_0bg8,B,5,87.938,108.67,20.732,0,0,0,0,0,1,,,
1W1EWr_0bg8_006,1W1EWr_0bg8,A,6,115.106,119.102,3.996,0,0,0,0,0,1,,,
1WefYlPx6ok_000,1WefYlPx6ok,A,0,0.642,6.91,6.268,0,0,0,0,0,1,,,
1WefYlPx6ok_001,1WefYlPx6ok,A,1,9.794,13.662,3.868,0,0,0,0,0,1,,,
1WefYlPx6ok_002,1WefYlPx6ok,B,2,14.178,16.766,2.588,0,0,0,0,0,1,,,
1WefYlPx6ok_003,1WefYlPx6ok,A,3,17.314,19.326,2.012,0,0,0,0,0,1,,,
1WefYlPx6ok_004,1WefYlPx6ok,A,4,21.762,25.95,4.188,0,0,0,0,0,1,,,
1WefYlPx6ok_005,1WefYlPx6ok,A,5,26.722,31.71,4.988,0,0,0,0,0,1,,,
1WefYlPx6ok_006,1WefYlPx6ok,A,6,33.858,52.734,18.876,0,0,0,0,0,1,,,
1WefYlPx6ok_007,1WefYlPx6ok,A,7,55.714,76.318,20.604,0,0,0,0,0,1,,,
1WefYlPx6ok_008,1WefYlPx6ok,A,8,78.722,98.782,20.06,0,0,0,0,0,1,,,
1WefYlPx6ok_009,1WefYlPx6ok,A,9,101.762,125.662,23.9,0,0,0,0,0,1,,,
1WefYlPx6ok_010,1WefYlPx6ok,A,10,128.866,137.886,9.02,0,0,0,0,0,1,,,
1WefYlPx6ok_011,1WefYlPx6ok,A,11,140.738,155.966,15.228,0,0,0,0,0,1,,,
1WefYlPx6ok_012,1WefYlPx6ok,A,12,158.626,167.006,8.38,0,0,0,0,0,1,,,
1WefYlPx6ok_013,1WefYlPx6ok,B,13,169.058,175.806,6.748,0,0,0,0,0,1,,,
1WefYlPx6ok_014,1WefYlPx6ok,A,14,181.25,185.246,3.996,0,0,0,0,0,1,,,
1qtodTd6UME_000,1qtodTd6UME,B,0,0.0,36.638,36.638,0,0,0,0,0,1,,,
1qtodTd6UME_001,1qtodTd6UME,B,1,36.93,67.742,30.812,0,0,0,0,0,1,,,
1qtodTd6UME_002,1qtodTd6UME,B,2,74.242,78.174,3.932,0,0,0,0,0,1,,,
1uc4tqpk9o0_000,1uc4tqpk9o0,A,0,0.0,26.302,26.302,0,0,0,1,1,0,film_clip:林鳳,,
1uc4tqpk9o0_001,1uc4tqpk9o0,A,1,27.01,44.83,17.82,0,0,0,1,1,0,film_clip:林鳳,,
1uc4tqpk9o0_002,1uc4tqpk9o0,B,2,45.378,58.974,13.596,0,0,0,1,1,0,film_clip:林鳳,,
1uc4tqpk9o0_003,1uc4tqpk9o0,B,3,58.914,98.494,39.58,0,0,0,1,1,0,film_clip:林鳳,,
1uc4tqpk9o0_004,1uc4tqpk9o0,B,4,98.69,112.862,14.172,0,0,0,1,1,0,film_clip:林鳳,,
1uc4tqpk9o0_005,1uc4tqpk9o0,A,5,116.194,118.43,2.236,0,0,0,1,1,0,film_clip:林鳳,,
1uc4tqpk9o0_006,1uc4tqpk9o0,A,6,119.33,121.726,2.396,0,0,0,1,1,0,film_clip:林鳳,,
1uc4tqpk9o0_007,1uc4tqpk9o0,B,7,122.306,129.054,6.748,0,0,0,1,1,0,film_clip:林鳳,,
1uc4tqpk9o0_008,1uc4tqpk9o0,A,8,135.586,139.486,3.9,0,0,0,1,1,0,film_clip:林鳳,,
238-IIxY3Pw_000,238-IIxY3Pw,A,0,4.77,7.646,2.876,0,0,0,0,0,1,,,
238-IIxY3Pw_001,238-IIxY3Pw,B,1,8.29,40.382,32.092,0,0,0,0,0,1,,,
238-IIxY3Pw_002,238-IIxY3Pw,B,2,40.226,71.166,30.94,0,0,0,0,0,1,,,
238-IIxY3Pw_003,238-IIxY3Pw,B,3,71.266,85.214,13.948,0,0,0,0,0,1,,,
238-IIxY3Pw_004,238-IIxY3Pw,A,4,97.314,111.102,13.788,0,0,0,0,0,1,,,
238-IIxY3Pw_005,238-IIxY3Pw,A,5,113.346,131.326,17.98,0,0,0,0,0,1,,,
238-IIxY3Pw_006,238-IIxY3Pw,A,6,141.698,175.614,33.916,0,0,0,0,0,1,,,
238-IIxY3Pw_007,238-IIxY3Pw,A,7,176.802,183.902,7.1,0,0,0,0,0,1,,,
238-IIxY3Pw_008,238-IIxY3Pw,A,8,189.218,197.342,8.124,0,0,0,0,0,1,,,
238-IIxY3Pw_009,238-IIxY3Pw,A,9,200.546,215.742,15.196,0,0,0,0,0,1,,,
238-IIxY3Pw_010,238-IIxY3Pw,B,10,219.426,253.726,34.3,0,0,0,0,0,1,,,
238-IIxY3Pw_011,238-IIxY3Pw,B,11,253.698,262.366,8.668,0,0,0,0,0,1,,,
238-IIxY3Pw_012,238-IIxY3Pw,B,12,267.586,274.302,6.716,0,0,0,0,0,1,,,
238-IIxY3Pw_013,238-IIxY3Pw,A,13,279.746,283.742,3.996,0,0,0,0,0,1,,,
2VLM3MhnyEE_000,2VLM3MhnyEE,A,0,5.474,7.902,2.428,0,0,0,0,0,1,,,
2VLM3MhnyEE_001,2VLM3MhnyEE,A,1,9.122,19.134,10.012,0,0,0,0,0,1,,,
2VLM3MhnyEE_002,2VLM3MhnyEE,A,2,23.554,55.742,32.188,0,0,0,0,0,1,,,
2VLM3MhnyEE_003,2VLM3MhnyEE,A,3,56.706,60.798,4.092,0,0,0,0,0,1,,,
2VLM3MhnyEE_004,2VLM3MhnyEE,A,4,61.73,102.014,40.284,0,0,0,0,0,1,,,
2VLM3MhnyEE_005,2VLM3MhnyEE,A,5,104.034,106.622,2.588,0,0,0,0,0,1,,,
2VLM3MhnyEE_006,2VLM3MhnyEE,A,6,108.578,118.494,9.916,0,0,0,0,0,1,,,
2VLM3MhnyEE_007,2VLM3MhnyEE,A,7,120.962,139.102,18.14,0,0,0,0,0,1,,,
2VLM3MhnyEE_008,2VLM3MhnyEE,A,8,141.346,175.038,33.692,0,0,0,0,0,1,,,
2VLM3MhnyEE_009,2VLM3MhnyEE,A,9,176.162,195.902,19.74,0,0,0,0,0,1,,,
2VLM3MhnyEE_010,2VLM3MhnyEE,B,10,196.962,203.71,6.748,0,0,0,0,0,1,,,
2VmuNpNnUEU_000,2VmuNpNnUEU,A,0,0.162,38.046,37.884,0,0,0,0,0,1,,,
2VmuNpNnUEU_001,2VmuNpNnUEU,A,1,38.818,44.99,6.172,0,0,0,0,0,1,,,
2VmuNpNnUEU_002,2VmuNpNnUEU,B,2,50.786,57.502,6.716,0,0,0,0,0,1,,,
2VmuNpNnUEU_003,2VmuNpNnUEU,A,3,64.034,67.934,3.9,0,0,0,0,0,1,,,
2Y6itphxVyc_000,2Y6itphxVyc,A,0,2.914,13.31,10.396,0,0,0,1,1,0,film_clip:林鳳,,
2Y6itphxVyc_001,2Y6itphxVyc,C,1,27.426,31.678,4.252,0,0,0,1,1,0,film_clip:林鳳,,
2Y6itphxVyc_002,2Y6itphxVyc,C,2,34.242,37.278,3.036,0,0,0,1,1,0,film_clip:林鳳,,
2Y6itphxVyc_003,2Y6itphxVyc,C,3,42.05,43.774,1.724,0,0,0,1,1,0,film_clip:林鳳,,
2Y6itphxVyc_004,2Y6itphxVyc,C,4,44.738,50.142,5.404,0,0,0,1,1,0,film_clip:林鳳,,
2Y6itphxVyc_005,2Y6itphxVyc,C,5,56.418,61.694,5.276,0,0,0,1,1,0,film_clip:林鳳,,
2Y6itphxVyc_006,2Y6itphxVyc,C,6,98.402,103.422,5.02,0,0,0,1,1,0,film_clip:林鳳,,
2Y6itphxVyc_007,2Y6itphxVyc,B,7,142.754,147.55,4.796,0,0,0,1,1,0,film_clip:林鳳,,
2Y6itphxVyc_008,2Y6itphxVyc,A,8,154.178,158.046,3.868,0,0,0,1,1,0,film_clip:林鳳,,
2a1fdlEvm-s_000,2a1fdlEvm-s,C,0,0.29,37.502,37.212,0,0,0,1,1,0,film_clip:李小龍,,
2a1fdlEvm-s_001,2a1fdlEvm-s,B,1,37.506,47.902,10.396,0,0,0,1,1,0,film_clip:李小龍,,
2a1fdlEvm-s_002,2a1fdlEvm-s,B,2,48.578,55.326,6.748,0,0,0,1,1,0,film_clip:李小龍,,
2a1fdlEvm-s_003,2a1fdlEvm-s,B,3,61.858,65.79,3.932,0,0,0,1,1,0,film_clip:李小龍,,
2anuRVG0ZBc_000,2anuRVG0ZBc,A,0,1.122,34.462,33.34,0,0,0,0,0,1,,,
2anuRVG0ZBc_001,2anuRVG0ZBc,A,1,36.834,58.078,21.244,0,0,0,0,0,1,,,
2anuRVG0ZBc_002,2anuRVG0ZBc,A,2,60.482,92.734,32.252,0,0,0,0,0,1,,,
2anuRVG0ZBc_003,2anuRVG0ZBc,A,3,95.586,102.622,7.036,0,0,0,0,0,1,,,
2anuRVG0ZBc_004,2anuRVG0ZBc,B,4,107.938,114.686,6.748,0,0,0,0,0,1,,,
2anuRVG0ZBc_005,2anuRVG0ZBc,A,5,120.098,124.094,3.996,0,0,0,0,0,1,,,
2oJ2qkdgZTw_000,2oJ2qkdgZTw,B,0,0.0,36.926,36.926,0,0,0,0,0,1,,,
2oJ2qkdgZTw_001,2oJ2qkdgZTw,B,1,37.186,61.022,23.836,0,0,0,0,0,1,,,
2oJ2qkdgZTw_002,2oJ2qkdgZTw,A,2,67.458,71.454,3.996,0,0,0,0,0,1,,,
2wdfJrsnKME_000,2wdfJrsnKME,A,0,0.034,20.158,20.124,0,0,0,0,0,1,,,
2wdfJrsnKME_001,2wdfJrsnKME,A,1,29.602,41.822,12.22,0,0,0,0,0,1,,,
2wdfJrsnKME_002,2wdfJrsnKME,A,2,44.802,64.766,19.964,0,0,0,0,0,1,,,
2wdfJrsnKME_003,2wdfJrsnKME,A,3,67.65,77.598,9.948,0,0,0,0,0,1,,,
2wdfJrsnKME_004,2wdfJrsnKME,B,4,82.626,122.142,39.516,0,0,0,0,0,1,,,
2wdfJrsnKME_005,2wdfJrsnKME,B,5,122.018,125.086,3.068,0,0,0,0,0,1,,,
2wdfJrsnKME_006,2wdfJrsnKME,A,6,131.522,135.518,3.996,0,0,0,0,0,1,,,
389l_ackzDg_000,389l_ackzDg,B,0,0.0,20.062,20.062,0,0,0,1,1,0,film_clip:謝賢,,
389l_ackzDg_001,389l_ackzDg,B,1,19.906,49.95,30.044,0,0,0,1,1,0,film_clip:謝賢,,
389l_ackzDg_002,389l_ackzDg,B,2,49.762,74.366,24.604,0,0,0,1,1,0,film_clip:謝賢,,
389l_ackzDg_003,389l_ackzDg,B,3,135.106,170.846,35.74,0,0,0,1,1,0,film_clip:謝賢,,
389l_ackzDg_004,389l_ackzDg,B,4,177.378,181.31,3.932,0,0,0,1,1,0,film_clip:謝賢,,
3KG2fqfQMG4_000,3KG2fqfQMG4,A,0,0.322,9.054,8.732,0,0,0,0,0,1,,,
3KG2fqfQMG4_001,3KG2fqfQMG4,A,1,19.074,28.094,9.02,0,0,0,0,0,1,,,
3KG2fqfQMG4_002,3KG2fqfQMG4,A,2,37.858,41.47,3.612,0,0,0,0,0,1,,,
3KG2fqfQMG4_003,3KG2fqfQMG4,A,3,43.682,50.494,6.812,0,0,0,0,0,1,,,
3KG2fqfQMG4_004,3KG2fqfQMG4,B,4,51.138,58.398,7.26,0,0,0,0,0,1,,,
3KG2fqfQMG4_005,3KG2fqfQMG4,A,5,64.418,68.318,3.9,0,0,0,0,0,1,,,
3TNcMupTFTQ_000,3TNcMupTFTQ,B,0,0.0,32.926,32.926,0,0,0,1,1,0,film_clip:李小龍,,
3TNcMupTFTQ_001,3TNcMupTFTQ,B,1,33.026,56.798,23.772,0,0,0,1,1,0,film_clip:李小龍,,
3TNcMupTFTQ_002,3TNcMupTFTQ,A,2,241.25,254.782,13.532,0,0,0,1,1,0,film_clip:李小龍,,
3TNcMupTFTQ_003,3TNcMupTFTQ,A,3,256.13,266.206,10.076,0,0,0,1,1,0,film_clip:李小龍,,
3TNcMupTFTQ_004,3TNcMupTFTQ,B,4,295.202,301.726,6.524,0,0,0,1,1,0,film_clip:李小龍,,
3TNcMupTFTQ_005,3TNcMupTFTQ,A,5,308.29,312.158,3.868,0,0,0,1,1,0,film_clip:李小龍,,
3aBRmQ-C51o_000,3aBRmQ-C51o,B,0,0.0,6.686,6.686,0,0,0,0,0,1,,,
3aBRmQ-C51o_001,3aBRmQ-C51o,A,1,16.898,20.158,3.26,0,0,0,0,0,1,,,
3aBRmQ-C51o_002,3aBRmQ-C51o,A,2,20.674,54.302,33.628,0,0,0,0,0,1,,,
3aBRmQ-C51o_003,3aBRmQ-C51o,B,3,58.402,66.398,7.996,0,0,0,0,0,1,,,
3g0OEhAgPHw_000,3g0OEhAgPHw,A,0,0.0,10.782,10.782,0,0,0,0,0,1,,,
3g0OEhAgPHw_001,3g0OEhAgPHw,A,1,24.482,38.142,13.66,0,0,0,0,0,1,,,
3g0OEhAgPHw_002,3g0OEhAgPHw,A,2,47.522,83.198,35.676,0,0,0,0,0,1,,,
3g0OEhAgPHw_003,3g0OEhAgPHw,B,3,87.682,113.214,25.532,0,0,0,0,0,1,,,
3g0OEhAgPHw_004,3g0OEhAgPHw,A,4,119.746,123.646,3.9,0,0,0,0,0,1,,,
3gtSu-CaA6o_000,3gtSu-CaA6o,A,0,0.0,4.286,4.286,0,0,0,0,0,1,,,
3gtSu-CaA6o_001,3gtSu-CaA6o,A,1,19.298,21.854,2.556,0,0,0,0,0,1,,,
3gtSu-CaA6o_002,3gtSu-CaA6o,A,2,22.402,25.63,3.228,0,0,0,0,0,1,,,
3gtSu-CaA6o_003,3gtSu-CaA6o,A,3,26.146,31.134,4.988,0,0,0,0,0,1,,,
3gtSu-CaA6o_004,3gtSu-CaA6o,A,4,31.714,33.662,1.948,0,0,0,0,0,1,,,
3gtSu-CaA6o_005,3gtSu-CaA6o,A,5,34.466,37.502,3.036,0,0,0,0,0,1,,,
3gtSu-CaA6o_006,3gtSu-CaA6o,B,6,38.114,39.806,1.692,0,0,0,0,0,1,,,
3gtSu-CaA6o_007,3gtSu-CaA6o,A,7,40.418,44.894,4.476,0,0,0,0,0,1,,,
3gtSu-CaA6o_008,3gtSu-CaA6o,A,8,45.538,47.358,1.82,0,0,0,0,0,1,,,
3gtSu-CaA6o_009,3gtSu-CaA6o,B,9,47.97,58.462,10.492,0,0,0,0,0,1,,,
3gtSu-CaA6o_010,3gtSu-CaA6o,A,10,65.026,68.894,3.868,0,0,0,0,0,1,,,
3kTKtsSunlg_000,3kTKtsSunlg,C,0,0.0,6.686,6.686,0,0,0,0,0,1,,,
3kTKtsSunlg_001,3kTKtsSunlg,C,1,15.49,17.822,2.332,0,0,0,0,0,1,,,
3kTKtsSunlg_002,3kTKtsSunlg,C,2,23.298,24.958,1.66,0,0,0,0,0,1,,,
3kTKtsSunlg_003,3kTKtsSunlg,A,3,25.858,27.742,1.884,0,0,0,0,0,1,,,
3kTKtsSunlg_004,3kTKtsSunlg,A,4,29.986,31.678,1.692,0,0,0,0,0,1,,,
3kTKtsSunlg_005,3kTKtsSunlg,C,5,33.154,36.03,2.876,0,0,0,0,0,1,,,
3kTKtsSunlg_006,3kTKtsSunlg,A,6,38.37,40.83,2.46,0,0,0,0,0,1,,,
3kTKtsSunlg_007,3kTKtsSunlg,A,7,43.842,53.79,9.948,0,0,0,0,0,1,,,
3kTKtsSunlg_008,3kTKtsSunlg,A,8,54.434,62.334,7.9,0,0,0,0,0,1,,,
3kTKtsSunlg_009,3kTKtsSunlg,A,9,63.01,69.054,6.044,0,0,0,0,0,1,,,
3kTKtsSunlg_010,3kTKtsSunlg,A,10,69.858,72.894,3.036,0,0,0,0,0,1,,,
3kTKtsSunlg_011,3kTKtsSunlg,A,11,73.442,82.494,9.052,0,0,0,0,0,1,,,
3kTKtsSunlg_012,3kTKtsSunlg,C,12,83.202,86.238,3.036,0,0,0,0,0,1,,,
3kTKtsSunlg_013,3kTKtsSunlg,A,13,86.786,92.222,5.436,0,0,0,0,0,1,,,
3kTKtsSunlg_014,3kTKtsSunlg,A,14,94.402,112.094,17.692,0,0,0,0,0,1,,,
3kTKtsSunlg_015,3kTKtsSunlg,C,15,115.97,120.574,4.604,0,0,0,0,0,1,,,
3kTKtsSunlg_016,3kTKtsSunlg,A,16,123.426,144.766,21.34,0,0,0,0,0,1,,,
3kTKtsSunlg_017,3kTKtsSunlg,A,17,148.674,169.31,20.636,0,0,0,0,0,1,,0.0129040386527776,0
3kTKtsSunlg_018,3kTKtsSunlg,C,18,171.394,193.182,21.788,0,0,0,0,0,1,,,
3kTKtsSunlg_019,3kTKtsSunlg,A,19,196.162,205.534,9.372,0,0,0,0,0,1,,,
3kTKtsSunlg_020,3kTKtsSunlg,A,20,206.146,218.75,12.604,0,0,0,0,0,1,,,
3kTKtsSunlg_021,3kTKtsSunlg,C,21,221.026,229.502,8.476,0,0,0,0,0,1,,,
3kTKtsSunlg_022,3kTKtsSunlg,C,22,230.018,243.198,13.18,0,0,0,0,0,1,,,
3kTKtsSunlg_023,3kTKtsSunlg,A,23,246.498,277.278,30.78,0,0,0,0,0,1,,,
3kTKtsSunlg_024,3kTKtsSunlg,A,24,280.514,296.734,16.22,0,0,0,0,0,1,,,
3kTKtsSunlg_025,3kTKtsSunlg,C,25,299.938,301.598,1.66,0,0,0,0,0,1,,,
3kTKtsSunlg_026,3kTKtsSunlg,A,26,310.914,314.174,3.26,0,0,0,0,0,1,,,
3kTKtsSunlg_027,3kTKtsSunlg,A,27,315.842,318.942,3.1,0,0,0,0,0,1,,,
3kTKtsSunlg_028,3kTKtsSunlg,B,28,319.618,322.366,2.748,0,0,0,0,0,1,,,
3kTKtsSunlg_029,3kTKtsSunlg,A,29,329.89,335.454,5.564,0,0,0,0,0,1,,,
3kTKtsSunlg_030,3kTKtsSunlg,A,30,335.97,353.854,17.884,0,0,0,0,0,1,,,
3kTKtsSunlg_031,3kTKtsSunlg,A,31,357.154,374.142,16.988,0,0,0,0,0,1,,,
3kTKtsSunlg_032,3kTKtsSunlg,A,32,376.866,381.758,4.892,0,0,0,0,0,1,,,
3kTKtsSunlg_033,3kTKtsSunlg,B,33,391.81,399.806,7.996,0,0,0,0,0,1,,,
3zxz0AndPt0_000,3zxz0AndPt0,B,0,45.346,68.382,23.036,0,0,0,0,0,1,,,
3zxz0AndPt0_001,3zxz0AndPt0,A,1,74.946,78.846,3.9,0,0,0,0,0,1,,,
47F3lTVpOxc_000,47F3lTVpOxc,B,0,0.0,19.198,19.198,0,0,0,0,0,1,,,
47F3lTVpOxc_001,47F3lTVpOxc,B,1,19.01,56.67,37.66,0,0,0,0,0,1,,,
47F3lTVpOxc_002,47F3lTVpOxc,B,2,56.546,84.062,27.516,0,0,0,0,0,1,,,
47F3lTVpOxc_003,47F3lTVpOxc,B,3,84.162,116.638,32.476,0,0,0,0,0,1,,,
47F3lTVpOxc_004,47F3lTVpOxc,B,4,116.994,152.606,35.612,0,0,0,0,0,1,,,
47F3lTVpOxc_005,47F3lTVpOxc,B,5,152.514,164.094,11.58,0,0,0,0,0,1,,,
47F3lTVpOxc_006,47F3lTVpOxc,A,6,170.594,174.494,3.9,0,0,0,0,0,1,,,
4BE3O130ubk_000,4BE3O130ubk,A,0,0.0,29.694,29.694,0,0,0,0,0,1,,,
4BE3O130ubk_001,4BE3O130ubk,A,1,31.746,36.446,4.7,0,0,0,0,0,1,,,
4BE3O130ubk_002,4BE3O130ubk,C,2,39.97,41.534,1.564,0,0,0,0,0,1,,,
4BE3O130ubk_003,4BE3O130ubk,A,3,43.042,53.438,10.396,0,0,0,0,0,1,,,
4BE3O130ubk_004,4BE3O130ubk,B,4,73.282,87.358,14.076,0,0,0,0,0,1,,,
4BE3O130ubk_005,4BE3O130ubk,A,5,93.89,97.79,3.9,0,0,0,0,0,1,,,
4Eyz895ZCwE_000,4Eyz895ZCwE,B,0,0.226,32.254,32.028,0,0,0,1,0,0,film_clip:李龍基,,
4Eyz895ZCwE_001,4Eyz895ZCwE,B,1,32.226,62.558,30.332,0,0,0,1,0,0,film_clip:李龍基,,
4Eyz895ZCwE_002,4Eyz895ZCwE,B,2,63.074,79.422,16.348,0,0,0,1,0,0,film_clip:李龍基,,
4Eyz895ZCwE_003,4Eyz895ZCwE,A,3,85.89,89.822,3.932,0,0,0,1,0,0,film_clip:李龍基,,
4FiG0IQi__Y_000,4FiG0IQi__Y,B,0,0.578,39.006,38.428,0,0,0,0,0,1,,,
4FiG0IQi__Y_001,4FiG0IQi__Y,B,1,39.138,65.758,26.62,0,0,0,0,0,1,,,
4FiG0IQi__Y_002,4FiG0IQi__Y,A,2,68.738,75.966,7.228,0,0,0,0,0,1,,,
4FiG0IQi__Y_003,4FiG0IQi__Y,B,3,77.858,84.606,6.748,0,0,0,0,0,1,,,
4FiG0IQi__Y_004,4FiG0IQi__Y,A,4,90.05,94.046,3.996,0,0,0,0,0,1,,,
4YsyGfojh30_000,4YsyGfojh30,B,0,0.0,36.67,36.67,1,0,0,0,0,0,parody:惡搞,,
4YsyGfojh30_001,4YsyGfojh30,B,1,37.154,55.582,18.428,1,0,0,0,0,0,parody:惡搞,,
4YsyGfojh30_002,4YsyGfojh30,A,2,62.114,66.014,3.9,1,0,0,0,0,0,parody:惡搞,,
4bPrey4Dpqo_000,4bPrey4Dpqo,B,0,0.0,34.366,34.366,0,0,0,1,1,0,film_clip:李小龍,,
4bPrey4Dpqo_001,4bPrey4Dpqo,B,1,34.402,52.062,17.66,0,0,0,1,1,0,film_clip:李小龍,,
4bPrey4Dpqo_002,4bPrey4Dpqo,B,2,71.97,106.334,34.364,0,0,0,1,1,0,film_clip:李小龍,,
4bPrey4Dpqo_003,4bPrey4Dpqo,B,3,106.242,145.214,38.972,0,0,0,1,1,0,film_clip:李小龍,,
4bPrey4Dpqo_004,4bPrey4Dpqo,B,4,145.122,181.918,36.796,0,0,0,1,1,0,film_clip:李小龍,,
4bPrey4Dpqo_005,4bPrey4Dpqo,B,5,181.826,211.742,29.916,0,0,0,1,1,0,film_clip:李小龍,,
4bPrey4Dpqo_006,4bPrey4Dpqo,B,6,292.098,317.374,25.276,0,0,0,1,1,0,film_clip:李小龍,,
4bPrey4Dpqo_007,4bPrey4Dpqo,A,7,323.906,327.806,3.9,0,0,0,1,1,0,film_clip:李小龍,,
4fkaKsVNx9I_000,4fkaKsVNx9I,C,0,0.322,1.982,1.66,0,0,0,0,0,1,,,
4fkaKsVNx9I_001,4fkaKsVNx9I,C,1,13.346,23.134,9.788,0,0,0,0,0,1,,,
4fkaKsVNx9I_002,4fkaKsVNx9I,C,2,33.346,35.006,1.66,0,0,0,0,0,1,,,
4fkaKsVNx9I_003,4fkaKsVNx9I,C,3,35.714,39.742,4.028,0,0,0,0,0,1,,,
4fkaKsVNx9I_004,4fkaKsVNx9I,B,4,58.722,70.654,11.932,0,0,0,0,0,1,,,
4fkaKsVNx9I_005,4fkaKsVNx9I,A,5,71.522,84.03,12.508,0,0,0,0,0,1,,,
4fkaKsVNx9I_006,4fkaKsVNx9I,A,6,84.962,97.374,12.412,0,0,0,0,0,1,,,
4fkaKsVNx9I_007,4fkaKsVNx9I,A,7,98.466,110.91,12.444,0,0,0,0,0,1,,,
4fkaKsVNx9I_008,4fkaKsVNx9I,A,8,112.13,124.478,12.348,0,0,0,0,0,1,,,
4fkaKsVNx9I_009,4fkaKsVNx9I,B,9,126.338,133.086,6.748,0,0,0,0,0,1,,,
4fkaKsVNx9I_010,4fkaKsVNx9I,B,10,139.618,143.582,3.964,0,0,0,0,0,1,,,
4iTUm1J-v0Q_000,4iTUm1J-v0Q,A,0,0.0,6.142,6.142,0,0,0,0,0,1,,,
4iTUm1J-v0Q_001,4iTUm1J-v0Q,A,1,8.482,34.398,25.916,0,0,0,0,0,1,,,
4iTUm1J-v0Q_002,4iTUm1J-v0Q,C,2,36.546,38.974,2.428,0,0,0,0,0,1,,,
4iTUm1J-v0Q_003,4iTUm1J-v0Q,A,3,43.906,48.478,4.572,0,0,0,0,0,1,,,
4iTUm1J-v0Q_004,4iTUm1J-v0Q,A,4,75.042,93.694,18.652,0,0,0,0,0,1,,,
4iTUm1J-v0Q_005,4iTUm1J-v0Q,B,5,123.17,149.758,26.588,0,0,0,0,0,1,,,
4iTUm1J-v0Q_006,4iTUm1J-v0Q,A,6,152.418,162.366,9.948,0,0,0,0,0,1,,,
4iTUm1J-v0Q_007,4iTUm1J-v0Q,A,7,165.09,195.262,30.172,0,0,0,0,0,1,,,
4iTUm1J-v0Q_008,4iTUm1J-v0Q,B,8,198.658,212.958,14.3,0,0,0,0,0,1,,,
4iTUm1J-v0Q_009,4iTUm1J-v0Q,B,9,212.674,241.414,28.74,0,0,0,0,0,1,,,
4iTUm1J-v0Q_010,4iTUm1J-v0Q,B,10,241.114,264.798,23.684,0,0,0,0,0,1,,,
4iTUm1J-v0Q_011,4iTUm1J-v0Q,A,11,271.33,275.198,3.868,0,0,0,0,0,1,,,
4kMF-rVbqAc_000,4kMF-rVbqAc,C,0,14.754,28.574,13.82,0,0,0,0,0,1,,,
4kMF-rVbqAc_001,4kMF-rVbqAc,A,1,60.514,62.974,2.46,0,0,0,0,0,1,,,
4kMF-rVbqAc_002,4kMF-rVbqAc,A,2,99.842,108.83,8.988,0,0,0,0,0,1,,,
4kMF-rVbqAc_003,4kMF-rVbqAc,A,3,111.906,120.958,9.052,0,0,0,0,0,1,,,
4kMF-rVbqAc_004,4kMF-rVbqAc,A,4,124.194,140.062,15.868,0,0,0,0,0,1,,,
4kMF-rVbqAc_005,4kMF-rVbqAc,A,5,143.042,175.71,32.668,0,0,0,0,0,1,,,
4kMF-rVbqAc_006,4kMF-rVbqAc,A,6,179.298,187.902,8.604,0,0,0,0,0,1,,,
4kMF-rVbqAc_007,4kMF-rVbqAc,B,7,193.41,220.574,27.164,0,0,0,0,0,1,,,
4kMF-rVbqAc_008,4kMF-rVbqAc,A,8,223.426,228.478,5.052,0,0,0,0,0,1,,,
4kMF-rVbqAc_009,4kMF-rVbqAc,A,9,231.522,239.198,7.676,0,0,0,0,0,1,,,
4kMF-rVbqAc_010,4kMF-rVbqAc,A,10,241.89,269.598,27.708,0,0,0,0,0,1,,,
4kMF-rVbqAc_011,4kMF-rVbqAc,A,11,272.866,292.094,19.228,0,0,0,0,0,1,,,
4kMF-rVbqAc_012,4kMF-rVbqAc,B,12,298.53,321.598,23.068,0,0,0,0,0,1,,,
4kMF-rVbqAc_013,4kMF-rVbqAc,A,13,334.402,343.55,9.148,0,0,0,0,0,1,,,
4kMF-rVbqAc_014,4kMF-rVbqAc,A,14,344.066,362.462,18.396,0,0,0,0,0,1,,,
4kMF-rVbqAc_015,4kMF-rVbqAc,A,15,364.098,369.95,5.852,0,0,0,0,0,1,,,
4kMF-rVbqAc_016,4kMF-rVbqAc,A,16,371.874,398.942,27.068,0,0,0,0,0,1,,,
4kMF-rVbqAc_017,4kMF-rVbqAc,A,17,406.242,433.118,26.876,0,0,0,0,0,1,,,
4kMF-rVbqAc_018,4kMF-rVbqAc,A,18,434.146,438.878,4.732,0,0,0,0,0,1,,,
4kMF-rVbqAc_019,4kMF-rVbqAc,A,19,445.25,473.726,28.476,0,0,0,0,0,1,,,
4kMF-rVbqAc_020,4kMF-rVbqAc,C,20,476.13,480.926,4.796,0,0,0,0,0,1,,,
4kMF-rVbqAc_021,4kMF-rVbqAc,A,21,481.538,496.126,14.588,0,0,0,0,0,1,,,
4kMF-rVbqAc_022,4kMF-rVbqAc,B,22,498.37,504.926,6.556,0,0,0,0,0,1,,,
4kMF-rVbqAc_023,4kMF-rVbqAc,A,23,510.37,514.366,3.996,0,0,0,0,0,1,,,
4mGjUrWl1mg_000,4mGjUrWl1mg,A,0,1.282,5.342,4.06,0,0,0,0,0,1,,,
4mGjUrWl1mg_001,4mGjUrWl1mg,A,1,7.458,36.478,29.02,0,0,0,0,0,1,,,
4mGjUrWl1mg_002,4mGjUrWl1mg,A,2,221.122,245.534,24.412,0,0,0,0,0,1,,,
4mGjUrWl1mg_003,4mGjUrWl1mg,B,3,246.178,254.974,8.796,0,0,0,0,0,1,,,
4mGjUrWl1mg_004,4mGjUrWl1mg,A,4,261.602,265.502,3.9,0,0,0,0,0,1,,,
4n7T0KeQohU_000,4n7T0KeQohU,A,0,2.658,30.622,27.964,0,0,0,0,0,1,,,
4n7T0KeQohU_001,4n7T0KeQohU,A,1,32.866,42.75,9.884,0,0,0,0,0,1,,,
4n7T0KeQohU_002,4n7T0KeQohU,A,2,45.57,63.134,17.564,0,0,0,0,0,1,,0.007634041365236,0
4n7T0KeQohU_003,4n7T0KeQohU,A,3,65.954,86.142,20.188,0,0,0,0,0,1,,,
4n7T0KeQohU_004,4n7T0KeQohU,A,4,89.346,111.678,22.332,0,0,0,0,0,1,,,
4n7T0KeQohU_005,4n7T0KeQohU,A,5,114.274,142.014,27.74,0,0,0,0,0,1,,,
4n7T0KeQohU_006,4n7T0KeQohU,A,6,144.834,166.526,21.692,0,0,0,0,0,1,,,
4n7T0KeQohU_007,4n7T0KeQohU,A,7,169.314,181.79,12.476,0,0,0,0,0,1,,,
4n7T0KeQohU_008,4n7T0KeQohU,A,8,184.258,192.446,8.188,0,0,0,0,0,1,,,
4n7T0KeQohU_009,4n7T0KeQohU,A,9,194.85,200.926,6.076,0,0,0,0,0,1,,,
4n7T0KeQohU_010,4n7T0KeQohU,B,10,204.738,211.454,6.716,0,0,0,0,0,1,,,
4n7T0KeQohU_011,4n7T0KeQohU,A,11,216.898,220.894,3.996,0,0,0,0,0,1,,,
4wZ7DlNlsc0_000,4wZ7DlNlsc0,A,0,0.098,34.366,34.268,0,0,0,0,0,1,,,
4wZ7DlNlsc0_001,4wZ7DlNlsc0,A,1,132.29,157.726,25.436,0,0,0,0,0,1,,,
4wZ7DlNlsc0_002,4wZ7DlNlsc0,A,2,198.114,237.79,39.676,0,0,0,0,0,1,,,
4wZ7DlNlsc0_003,4wZ7DlNlsc0,B,3,238.37,277.662,39.292,0,0,0,0,0,1,,,
4wZ7DlNlsc0_004,4wZ7DlNlsc0,B,4,277.506,281.886,4.38,0,0,0,0,0,1,,,
4wZ7DlNlsc0_005,4wZ7DlNlsc0,B,5,282.882,303.902,21.02,0,0,0,0,0,1,,0.0168041195720434,0
4wZ7DlNlsc0_006,4wZ7DlNlsc0,A,6,310.434,314.334,3.9,0,0,0,0,0,1,,,
506blxP58ts_000,506blxP58ts,A,0,0.866,16.894,16.028,0,0,0,0,0,1,,,
506blxP58ts_001,506blxP58ts,A,1,19.746,23.806,4.06,0,0,0,0,0,1,,,
506blxP58ts_002,506blxP58ts,A,2,24.77,33.598,8.828,0,0,0,0,0,1,,,
506blxP58ts_003,506blxP58ts,A,3,37.538,42.59,5.052,0,0,0,0,0,1,,,
506blxP58ts_004,506blxP58ts,B,4,45.73,83.134,37.404,0,0,0,0,0,1,,,
506blxP58ts_005,506blxP58ts,B,5,83.234,87.582,4.348,0,0,0,0,0,1,,,
506blxP58ts_006,506blxP58ts,A,6,89.954,100.702,10.748,0,0,0,0,0,1,,,
506blxP58ts_007,506blxP58ts,B,7,103.01,109.694,6.684,0,0,0,0,0,1,,,
506blxP58ts_008,506blxP58ts,A,8,115.138,119.134,3.996,0,0,0,0,0,1,,,
5AOk21eO0qQ_000,5AOk21eO0qQ,A,0,3.842,10.43,6.588,0,0,0,0,0,1,,,
5AOk21eO0qQ_001,5AOk21eO0qQ,A,1,11.266,18.142,6.876,0,0,0,0,0,1,,,
5AOk21eO0qQ_002,5AOk21eO0qQ,A,2,18.818,25.438,6.62,0,0,0,0,0,1,,,
5AOk21eO0qQ_003,5AOk21eO0qQ,A,3,27.138,39.87,12.732,0,0,0,0,0,1,,,
5AOk21eO0qQ_004,5AOk21eO0qQ,A,4,41.474,54.75,13.276,0,0,0,0,0,1,,,
5AOk21eO0qQ_005,5AOk21eO0qQ,A,5,56.642,63.006,6.364,0,0,0,0,0,1,,,
5AOk21eO0qQ_006,5AOk21eO0qQ,A,6,63.554,69.95,6.396,0,0,0,0,0,1,,0.0224128067493438,0
5AOk21eO0qQ_007,5AOk21eO0qQ,A,7,71.906,85.694,13.788,0,0,0,0,0,1,,,
5AOk21eO0qQ_008,5AOk21eO0qQ,B,8,87.778,107.39,19.612,0,0,0,0,0,1,,,
5AOk21eO0qQ_009,5AOk21eO0qQ,A,9,113.954,117.726,3.772,0,0,0,0,0,1,,,
5AZhNz5cx2U_000,5AZhNz5cx2U,A,0,0.0,30.878,30.878,0,0,0,0,0,1,,,
5AZhNz5cx2U_001,5AZhNz5cx2U,A,1,31.522,39.678,8.156,0,0,0,0,0,1,,,
5AZhNz5cx2U_002,5AZhNz5cx2U,B,2,123.842,128.094,4.252,0,0,0,0,0,1,,,
5AZhNz5cx2U_003,5AZhNz5cx2U,A,3,134.69,138.558,3.868,0,0,0,0,0,1,,,
5LoulL1GewE_000,5LoulL1GewE,B,0,46.53,58.974,12.444,0,0,0,0,0,1,,0.0141584631055593,0
5LoulL1GewE_001,5LoulL1GewE,A,1,133.698,146.174,12.476,0,0,0,0,0,1,,,
5LoulL1GewE_002,5LoulL1GewE,B,2,152.034,158.462,6.428,0,0,0,0,0,1,,,
5LoulL1GewE_003,5LoulL1GewE,A,3,165.026,168.926,3.9,0,0,0,0,0,1,,,
5RR0aZa2rYA_000,5RR0aZa2rYA,B,0,0.0,6.686,6.686,0,0,0,0,0,1,,,
5RR0aZa2rYA_001,5RR0aZa2rYA,A,1,11.81,13.982,2.172,0,0,0,0,0,1,,,
5RR0aZa2rYA_002,5RR0aZa2rYA,C,2,15.97,18.462,2.492,0,0,0,0,0,1,,,
5RR0aZa2rYA_003,5RR0aZa2rYA,A,3,19.33,52.126,32.796,0,0,0,0,0,1,,,
5RR0aZa2rYA_004,5RR0aZa2rYA,A,4,52.738,77.214,24.476,0,0,0,0,0,1,,,
5RR0aZa2rYA_005,5RR0aZa2rYA,A,5,79.458,112.766,33.308,0,0,0,0,0,1,,,
5RR0aZa2rYA_006,5RR0aZa2rYA,B,6,115.01,154.142,39.132,0,0,0,0,0,1,,,
5RR0aZa2rYA_007,5RR0aZa2rYA,B,7,154.338,171.006,16.668,0,0,0,0,0,1,,,
5RR0aZa2rYA_008,5RR0aZa2rYA,A,8,172.962,180.574,7.612,0,0,0,0,0,1,,,
5RR0aZa2rYA_009,5RR0aZa2rYA,A,9,181.122,195.806,14.684,0,0,0,0,0,1,,,
5RR0aZa2rYA_010,5RR0aZa2rYA,A,10,197.826,200.062,2.236,0,0,0,0,0,1,,,
5RR0aZa2rYA_011,5RR0aZa2rYA,A,11,200.866,230.206,29.34,0,0,0,0,0,1,,,
5RR0aZa2rYA_012,5RR0aZa2rYA,B,12,231.746,267.198,35.452,0,0,0,0,0,1,,,
5RR0aZa2rYA_013,5RR0aZa2rYA,B,13,267.17,294.494,27.324,0,0,0,0,0,1,,,
5RR0aZa2rYA_014,5RR0aZa2rYA,B,14,294.85,326.686,31.836,0,0,0,0,0,1,,,
5RR0aZa2rYA_015,5RR0aZa2rYA,B,15,332.322,340.286,7.964,0,0,0,0,0,1,,,
5T2Qgn2fXJQ_000,5T2Qgn2fXJQ,A,0,1.41,8.254,6.844,0,0,0,0,0,1,,,
5T2Qgn2fXJQ_001,5T2Qgn2fXJQ,A,1,9.826,15.838,6.012,0,0,0,0,0,1,,,
5T2Qgn2fXJQ_002,5T2Qgn2fXJQ,A,2,17.73,41.822,24.092,0,0,0,0,0,1,,,
5T2Qgn2fXJQ_003,5T2Qgn2fXJQ,A,3,46.882,55.006,8.124,0,0,0,0,0,1,,,
5T2Qgn2fXJQ_004,5T2Qgn2fXJQ,A,4,57.026,64.926,7.9,0,0,0,0,0,1,,,
5T2Qgn2fXJQ_005,5T2Qgn2fXJQ,A,5,66.53,76.478,9.948,0,0,0,0,0,1,,,
5T2Qgn2fXJQ_006,5T2Qgn2fXJQ,A,6,78.53,88.254,9.724,0,0,0,0,0,1,,,
5T2Qgn2fXJQ_007,5T2Qgn2fXJQ,A,7,93.858,120.414,26.556,0,0,0,0,0,1,,,
5T2Qgn2fXJQ_008,5T2Qgn2fXJQ,A,8,125.89,139.454,13.564,0,0,0,0,0,1,,,
5T2Qgn2fXJQ_009,5T2Qgn2fXJQ,A,9,140.194,153.31,13.116,0,0,0,0,0,1,,,
5T2Qgn2fXJQ_010,5T2Qgn2fXJQ,A,10,157.058,170.014,12.956,0,0,0,0,0,1,,,
5T2Qgn2fXJQ_011,5T2Qgn2fXJQ,B,11,172.258,179.006,6.748,0,0,0,0,0,1,,,
5T2Qgn2fXJQ_012,5T2Qgn2fXJQ,A,12,184.45,188.446,3.996,0,0,0,0,0,1,,,
5V8WhI7pCx8_000,5V8WhI7pCx8,C,0,3.042,4.606,1.564,0,0,0,0,0,1,,,
5V8WhI7pCx8_001,5V8WhI7pCx8,B,1,45.058,75.102,30.044,0,0,0,0,0,1,,,
5V8WhI7pCx8_002,5V8WhI7pCx8,B,2,75.298,102.238,26.94,0,0,0,0,0,1,,,
5V8WhI7pCx8_003,5V8WhI7pCx8,A,3,103.01,133.854,30.844,0,0,0,0,0,1,,,
5V8WhI7pCx8_004,5V8WhI7pCx8,C,4,136.098,151.102,15.004,0,0,0,0,0,1,,,
5V8WhI7pCx8_005,5V8WhI7pCx8,A,5,152.162,159.39,7.228,0,0,0,0,0,1,,,
5V8WhI7pCx8_006,5V8WhI7pCx8,C,6,159.938,161.726,1.788,0,0,0,0,0,1,,,
5V8WhI7pCx8_007,5V8WhI7pCx8,C,7,165.154,167.934,2.78,0,0,0,0,0,1,,,
5V8WhI7pCx8_008,5V8WhI7pCx8,A,8,176.77,182.014,5.244,0,0,0,0,0,1,,,
5V8WhI7pCx8_009,5V8WhI7pCx8,A,9,183.906,191.134,7.228,0,0,0,0,0,1,,,
5V8WhI7pCx8_010,5V8WhI7pCx8,A,10,202.722,216.03,13.308,0,0,0,0,0,1,,,
5V8WhI7pCx8_011,5V8WhI7pCx8,C,11,216.77,218.43,1.66,0,0,0,0,0,1,,,
5V8WhI7pCx8_012,5V8WhI7pCx8,C,12,219.138,222.782,3.644,0,0,0,0,0,1,,,
5V8WhI7pCx8_013,5V8WhI7pCx8,A,13,225.282,227.998,2.716,0,0,0,0,0,1,,,
5V8WhI7pCx8_014,5V8WhI7pCx8,A,14,229.762,244.318,14.556,0,0,0,0,0,1,,,
5V8WhI7pCx8_015,5V8WhI7pCx8,A,15,244.93,249.726,4.796,0,0,0,0,0,1,,,
5V8WhI7pCx8_016,5V8WhI7pCx8,A,16,250.946,258.526,7.58,0,0,0,0,0,1,,,
5V8WhI7pCx8_017,5V8WhI7pCx8,B,17,261.666,268.446,6.78,0,0,0,0,0,1,,,
5V8WhI7pCx8_018,5V8WhI7pCx8,B,18,274.946,278.878,3.932,0,0,0,0,0,1,,,
5X3tKt091aE_000,5X3tKt091aE,A,0,0.034,16.254,16.22,0,0,0,0,0,1,,,
5X3tKt091aE_001,5X3tKt091aE,C,1,16.834,21.502,4.668,0,0,0,0,0,1,,,
5X3tKt091aE_002,5X3tKt091aE,B,2,22.082,58.878,36.796,0,0,0,0,0,1,,,
5X3tKt091aE_003,5X3tKt091aE,C,3,58.722,63.166,4.444,0,0,0,0,0,1,,,
5X3tKt091aE_004,5X3tKt091aE,A,4,63.97,80.542,16.572,0,0,0,0,0,1,,,
5X3tKt091aE_005,5X3tKt091aE,A,5,90.338,103.838,13.5,0,0,0,0,0,1,,,
5X3tKt091aE_006,5X3tKt091aE,A,6,104.738,116.99,12.252,0,0,0,0,0,1,,,
5X3tKt091aE_007,5X3tKt091aE,A,7,118.178,131.326,13.148,0,0,0,0,0,1,,,
5X3tKt091aE_008,5X3tKt091aE,A,8,132.674,145.534,12.86,0,0,0,0,0,1,,,
5X3tKt091aE_009,5X3tKt091aE,B,9,146.05,152.798,6.748,0,0,0,0,0,1,,,
5X3tKt091aE_010,5X3tKt091aE,B,10,159.362,163.294,3.932,0,0,0,0,0,1,,,
5_K4QNe6E6o_000,5_K4QNe6E6o,A,0,2.434,5.918,3.484,0,0,0,0,0,1,,,
5_K4QNe6E6o_001,5_K4QNe6E6o,A,1,7.426,11.998,4.572,0,0,0,0,0,1,,,
5_K4QNe6E6o_002,5_K4QNe6E6o,A,2,12.514,27.198,14.684,0,0,0,0,0,1,,,
5_K4QNe6E6o_003,5_K4QNe6E6o,A,3,32.418,38.462,6.044,0,0,0,0,0,1,,,
5_K4QNe6E6o_004,5_K4QNe6E6o,A,4,39.042,44.798,5.756,0,0,0,0,0,1,,,
5_K4QNe6E6o_005,5_K4QNe6E6o,A,5,53.154,61.406,8.252,0,0,0,0,0,1,,,
5_K4QNe6E6o_006,5_K4QNe6E6o,A,6,62.178,67.934,5.756,0,0,0,0,0,1,,,
5_K4QNe6E6o_007,5_K4QNe6E6o,A,7,78.242,82.846,4.604,0,0,0,0,0,1,,,
5_K4QNe6E6o_008,5_K4QNe6E6o,A,8,83.458,89.47,6.012,0,0,0,0,0,1,,,
5_K4QNe6E6o_009,5_K4QNe6E6o,A,9,97.954,100.286,2.332,0,0,0,0,0,1,,,
5_K4QNe6E6o_010,5_K4QNe6E6o,A,10,101.09,110.43,9.34,0,0,0,0,0,1,,,
5_K4QNe6E6o_011,5_K4QNe6E6o,A,11,111.01,113.534,2.524,0,0,0,0,0,1,,,
5_K4QNe6E6o_012,5_K4QNe6E6o,B,12,143.938,150.27,6.332,0,0,0,0,0,1,,,
5_K4QNe6E6o_013,5_K4QNe6E6o,A,13,155.714,159.71,3.996,0,0,0,0,0,1,,,
5cfJTCXcEw0_000,5cfJTCXcEw0,A,0,0.0,21.982,21.982,0,0,0,0,0,1,,,
5cfJTCXcEw0_001,5cfJTCXcEw0,B,1,41.922,76.702,34.78,0,0,0,0,0,1,,,
5cfJTCXcEw0_002,5cfJTCXcEw0,B,2,77.122,115.198,38.076,0,0,0,0,0,1,,,
5cfJTCXcEw0_003,5cfJTCXcEw0,B,3,121.218,125.182,3.964,0,0,0,0,0,1,,,
5hG8TnYMs60_000,5hG8TnYMs60,A,0,0.0,10.366,10.366,0,0,0,0,0,1,,,
5hG8TnYMs60_001,5hG8TnYMs60,A,1,12.994,22.206,9.212,0,0,0,0,0,1,,,
5hG8TnYMs60_002,5hG8TnYMs60,A,2,24.77,32.542,7.772,0,0,0,0,0,1,,,
5hG8TnYMs60_003,5hG8TnYMs60,A,3,33.282,39.486,6.204,0,0,0,0,0,1,,,
5hG8TnYMs60_004,5hG8TnYMs60,A,4,40.386,47.422,7.036,0,0,0,0,0,1,,,
5hG8TnYMs60_005,5hG8TnYMs60,A,5,47.938,51.07,3.132,0,0,0,0,0,1,,,
5hG8TnYMs60_006,5hG8TnYMs60,A,6,51.586,63.326,11.74,0,0,0,0,0,1,,,
5hG8TnYMs60_007,5hG8TnYMs60,A,7,65.922,96.734,30.812,0,0,0,0,0,1,,,
5hG8TnYMs60_008,5hG8TnYMs60,A,8,97.346,103.166,5.82,0,0,0,0,0,1,,,
5hG8TnYMs60_009,5hG8TnYMs60,A,9,103.714,109.246,5.532,0,0,0,0,0,1,,,
5hG8TnYMs60_010,5hG8TnYMs60,A,10,112.002,121.214,9.212,0,0,0,0,0,1,,,
5hG8TnYMs60_011,5hG8TnYMs60,A,11,122.018,130.91,8.892,0,0,0,0,0,1,,,
5hG8TnYMs60_012,5hG8TnYMs60,A,12,131.458,154.078,22.62,0,0,0,0,0,1,,,
5hG8TnYMs60_013,5hG8TnYMs60,A,13,156.482,163.166,6.684,0,0,0,0,0,1,,,
5hG8TnYMs60_014,5hG8TnYMs60,A,14,163.874,167.198,3.324,0,0,0,0,0,1,,,
5hG8TnYMs60_015,5hG8TnYMs60,A,15,167.97,172.894,4.924,0,0,0,0,0,1,,,
5hG8TnYMs60_016,5hG8TnYMs60,A,16,173.602,177.758,4.156,0,0,0,0,0,1,,,
5hG8TnYMs60_017,5hG8TnYMs60,A,17,178.402,181.214,2.812,0,0,0,0,0,1,,,
5hG8TnYMs60_018,5hG8TnYMs60,A,18,181.73,185.822,4.092,0,0,0,0,0,1,,,
5hG8TnYMs60_019,5hG8TnYMs60,A,19,186.722,195.294,8.572,0,0,0,0,0,1,,,
5hG8TnYMs60_020,5hG8TnYMs60,A,20,196.002,218.302,22.3,0,0,0,0,0,1,,,
5hG8TnYMs60_021,5hG8TnYMs60,A,21,219.01,224.67,5.66,0,0,0,0,0,1,,,
5hG8TnYMs60_022,5hG8TnYMs60,B,22,227.682,234.366,6.684,0,0,0,0,0,1,,,
5hG8TnYMs60_023,5hG8TnYMs60,A,23,239.81,243.806,3.996,0,0,0,0,0,1,,,
5ihVDACK8xo_000,5ihVDACK8xo,A,0,4.866,28.862,23.996,0,0,0,0,0,1,,,
5ihVDACK8xo_001,5ihVDACK8xo,B,1,30.498,70.782,40.284,0,0,0,0,0,1,,,
5ihVDACK8xo_002,5ihVDACK8xo,B,2,70.786,100.638,29.852,0,0,0,0,0,1,,,
5ihVDACK8xo_003,5ihVDACK8xo,C,3,102.69,108.478,5.788,0,0,0,0,0,1,,,
5ihVDACK8xo_004,5ihVDACK8xo,A,4,115.842,119.838,3.996,0,0,0,0,0,1,,,
5j651zUx6q4_000,5j651zUx6q4,C,0,2.722,7.166,4.444,0,0,0,0,0,1,,,
5j651zUx6q4_001,5j651zUx6q4,C,1,11.074,14.782,3.708,0,0,0,0,0,1,,,
5j651zUx6q4_002,5j651zUx6q4,B,2,27.138,30.238,3.1,0,0,0,0,0,1,,,
5j651zUx6q4_003,5j651zUx6q4,A,3,32.45,35.71,3.26,0,0,0,0,0,1,,,
5j651zUx6q4_004,5j651zUx6q4,C,4,51.234,58.462,7.228,0,0,0,0,0,1,,,
5j651zUx6q4_005,5j651zUx6q4,C,5,61.762,66.334,4.572,0,0,0,0,0,1,,,
5j651zUx6q4_006,5j651zUx6q4,C,6,70.53,73.342,2.812,0,0,0,0,0,1,,,
5j651zUx6q4_007,5j651zUx6q4,C,7,74.882,77.95,3.068,0,0,0,0,0,1,,,
5j651zUx6q4_008,5j651zUx6q4,C,8,78.914,91.614,12.7,0,0,0,0,0,1,,0.000668350898195,0
5j651zUx6q4_009,5j651zUx6q4,A,9,95.906,100.926,5.02,0,0,0,0,0,1,,,
5j651zUx6q4_010,5j651zUx6q4,C,10,122.69,128.83,6.14,0,0,0,0,0,1,,,
5j651zUx6q4_011,5j651zUx6q4,C,11,130.562,132.318,1.756,0,0,0,0,0,1,,,
5j651zUx6q4_012,5j651zUx6q4,A,12,171.586,174.622,3.036,0,0,0,0,0,1,,,
5j651zUx6q4_013,5j651zUx6q4,A,13,188.098,190.974,2.876,0,0,0,0,0,1,,,
5j651zUx6q4_014,5j651zUx6q4,B,14,194.082,223.55,29.468,0,0,0,0,0,1,,,
5j651zUx6q4_015,5j651zUx6q4,B,15,223.618,251.006,27.388,0,0,0,0,0,1,,,
5j651zUx6q4_016,5j651zUx6q4,A,16,257.538,261.438,3.9,0,0,0,0,0,1,,,
5o1doRRWOUA_000,5o1doRRWOUA,A,0,0.834,16.958,16.124,0,0,0,0,0,1,,,
5o1doRRWOUA_001,5o1doRRWOUA,A,1,18.37,24.446,6.076,0,0,0,0,0,1,,,
5o1doRRWOUA_002,5o1doRRWOUA,A,2,27.906,42.942,15.036,0,0,0,0,0,1,,,
5o1doRRWOUA_003,5o1doRRWOUA,A,3,45.762,59.742,13.98,0,0,0,0,0,1,,,
5o1doRRWOUA_004,5o1doRRWOUA,B,4,62.114,68.67,6.556,0,0,0,0,0,1,,,
5o1doRRWOUA_005,5o1doRRWOUA,A,5,74.082,78.11,4.028,0,0,0,0,0,1,,,
5p4bNH4gnH0_000,5p4bNH4gnH0,B,0,0.0,36.19,36.19,0,0,0,0,0,1,,,
5p4bNH4gnH0_001,5p4bNH4gnH0,B,1,35.938,69.406,33.468,0,0,0,0,0,1,,,
5p4bNH4gnH0_002,5p4bNH4gnH0,B,2,69.218,100.766,31.548,0,0,0,0,0,1,,,
5p4bNH4gnH0_003,5p4bNH4gnH0,B,3,164.354,182.366,18.012,0,0,0,0,0,1,,,
5p4bNH4gnH0_004,5p4bNH4gnH0,A,4,188.93,192.798,3.868,0,0,0,0,0,1,,,
5wSWQYFvHwk_000,5wSWQYFvHwk,B,0,12.226,34.334,22.108,0,0,0,0,0,1,,,
5wSWQYFvHwk_001,5wSWQYFvHwk,A,1,35.074,50.526,15.452,0,0,0,0,0,1,,,
5wSWQYFvHwk_002,5wSWQYFvHwk,B,2,53.058,65.598,12.54,0,0,0,0,0,1,,,
5wSWQYFvHwk_003,5wSWQYFvHwk,B,3,72.162,76.094,3.932,0,0,0,0,0,1,,,
5y6wjeJR5Cg_000,5y6wjeJR5Cg,B,0,6.146,30.782,24.636,0,0,0,0,0,1,,,
5y6wjeJR5Cg_001,5y6wjeJR5Cg,B,1,30.658,51.422,20.764,0,0,0,0,0,1,,,
5y6wjeJR5Cg_002,5y6wjeJR5Cg,A,2,57.954,61.854,3.9,0,0,0,0,0,1,,,
6-mh40eytMI_000,6-mh40eytMI,A,0,0.0,27.806,27.806,0,0,0,1,1,0,film_clip:李小龍,,
6-mh40eytMI_001,6-mh40eytMI,A,1,138.562,149.918,11.356,0,0,0,1,1,0,film_clip:李小龍,,
6-mh40eytMI_002,6-mh40eytMI,B,2,151.906,158.686,6.78,0,0,0,1,1,0,film_clip:李小龍,,
6-mh40eytMI_003,6-mh40eytMI,A,3,165.186,169.086,3.9,0,0,0,1,1,0,film_clip:李小龍,,
67euLhPd3ro_000,67euLhPd3ro,B,0,0.0,28.446,28.446,0,0,0,1,1,0,film_clip:林鳳,,
67euLhPd3ro_001,67euLhPd3ro,B,1,194.978,199.294,4.316,0,0,0,1,1,0,film_clip:林鳳,,
67euLhPd3ro_002,67euLhPd3ro,A,2,206.21,210.014,3.804,0,0,0,1,1,0,film_clip:林鳳,,
6DmMwkK_tSo_000,6DmMwkK_tSo,A,0,0.226,12.478,12.252,0,0,0,0,0,1,,,
6DmMwkK_tSo_001,6DmMwkK_tSo,B,1,13.154,22.142,8.988,0,0,0,0,0,1,,,
6DmMwkK_tSo_002,6DmMwkK_tSo,B,2,21.858,61.958,40.1,0,0,0,0,0,1,,,
6DmMwkK_tSo_003,6DmMwkK_tSo,B,3,61.658,85.022,23.364,0,0,0,0,0,1,,,
6DmMwkK_tSo_004,6DmMwkK_tSo,A,4,91.458,95.454,3.996,0,0,0,0,0,1,,,
6E6uYzwHRcg_000,6E6uYzwHRcg,A,0,0.0,4.414,4.414,0,0,0,0,0,1,,,
6E6uYzwHRcg_001,6E6uYzwHRcg,A,1,4.93,18.238,13.308,0,0,0,0,0,1,,,
6E6uYzwHRcg_002,6E6uYzwHRcg,A,2,21.186,23.006,1.82,0,0,0,0,0,1,,,
6E6uYzwHRcg_003,6E6uYzwHRcg,A,3,26.786,28.958,2.172,0,0,0,0,0,1,,,
6E6uYzwHRcg_004,6E6uYzwHRcg,A,4,31.49,40.19,8.7,0,0,0,0,0,1,,,
6E6uYzwHRcg_005,6E6uYzwHRcg,A,5,42.21,46.238,4.028,0,0,0,0,0,1,,,
6E6uYzwHRcg_006,6E6uYzwHRcg,A,6,48.29,52.094,3.804,0,0,0,0,0,1,,,
6E6uYzwHRcg_007,6E6uYzwHRcg,A,7,54.338,57.63,3.292,0,0,0,0,0,1,,,
6E6uYzwHRcg_008,6E6uYzwHRcg,A,8,59.746,63.326,3.58,0,0,0,0,0,1,,,
6E6uYzwHRcg_009,6E6uYzwHRcg,A,9,65.474,69.246,3.772,0,0,0,0,0,1,,,
6E6uYzwHRcg_010,6E6uYzwHRcg,A,10,71.522,76.606,5.084,0,0,0,0,0,1,,,
6E6uYzwHRcg_011,6E6uYzwHRcg,A,11,77.186,94.878,17.692,0,0,0,0,0,1,,0.0084824794903397,0
6E6uYzwHRcg_012,6E6uYzwHRcg,A,12,97.314,110.078,12.764,0,0,0,0,0,1,,,
6E6uYzwHRcg_013,6E6uYzwHRcg,A,13,112.162,115.422,3.26,0,0,0,0,0,1,,,
6E6uYzwHRcg_014,6E6uYzwHRcg,A,14,117.602,128.382,10.78,0,0,0,0,0,1,,,
6E6uYzwHRcg_015,6E6uYzwHRcg,A,15,130.306,144.222,13.916,0,0,0,0,0,1,,,
6E6uYzwHRcg_016,6E6uYzwHRcg,A,16,146.306,156.094,9.788,0,0,0,0,0,1,,,
6E6uYzwHRcg_017,6E6uYzwHRcg,A,17,158.018,166.462,8.444,0,0,0,0,0,1,,,
6E6uYzwHRcg_018,6E6uYzwHRcg,A,18,168.674,178.302,9.628,0,0,0,0,0,1,,,
6E6uYzwHRcg_019,6E6uYzwHRcg,A,19,180.482,187.646,7.164,0,0,0,0,0,1,,,
6E6uYzwHRcg_020,6E6uYzwHRcg,A,20,189.826,195.646,5.82,0,0,0,0,0,1,,,
6E6uYzwHRcg_021,6E6uYzwHRcg,A,21,196.162,206.174,10.012,0,0,0,0,0,1,,,
6E6uYzwHRcg_022,6E6uYzwHRcg,A,22,206.85,220.094,13.244,0,0,0,0,0,1,,,
6E6uYzwHRcg_023,6E6uYzwHRcg,A,23,220.61,226.43,5.82,0,0,0,0,0,1,,,
6E6uYzwHRcg_024,6E6uYzwHRcg,A,24,227.234,236.574,9.34,0,0,0,0,0,1,,,
6E6uYzwHRcg_025,6E6uYzwHRcg,A,25,237.442,251.166,13.724,0,0,0,0,0,1,,,
6E6uYzwHRcg_026,6E6uYzwHRcg,C,26,255.906,262.622,6.716,0,0,0,0,0,1,,,
6E6uYzwHRcg_027,6E6uYzwHRcg,A,27,268.034,272.03,3.996,0,0,0,0,0,1,,,
6IsyZ4tTrp8_000,6IsyZ4tTrp8,A,0,15.106,21.31,6.204,0,0,0,0,0,1,,,
6IsyZ4tTrp8_001,6IsyZ4tTrp8,A,1,50.146,55.742,5.596,0,0,0,0,0,1,,,
6IsyZ4tTrp8_002,6IsyZ4tTrp8,B,2,57.314,74.206,16.892,0,0,0,0,0,1,,,
6IsyZ4tTrp8_003,6IsyZ4tTrp8,A,3,80.77,84.67,3.9,0,0,0,0,0,1,,,
6SwkF4lY6gI_000,6SwkF4lY6gI,A,0,4.162,16.766,12.604,0,0,0,1,1,0,film_clip:李小龍,,
6SwkF4lY6gI_001,6SwkF4lY6gI,A,1,20.354,46.142,25.788,0,0,0,1,1,0,film_clip:李小龍,,
6SwkF4lY6gI_002,6SwkF4lY6gI,A,2,52.866,65.15,12.284,0,0,0,1,1,0,film_clip:李小龍,,
6SwkF4lY6gI_003,6SwkF4lY6gI,A,3,67.522,70.174,2.652,0,0,0,1,1,0,film_clip:李小龍,,
6SwkF4lY6gI_004,6SwkF4lY6gI,A,4,82.402,99.806,17.404,0,0,0,1,1,0,film_clip:李小龍,,
6SwkF4lY6gI_005,6SwkF4lY6gI,A,5,109.698,120.574,10.876,0,0,0,1,1,0,film_clip:李小龍,,
6SwkF4lY6gI_006,6SwkF4lY6gI,A,6,122.018,125.278,3.26,0,0,0,1,1,0,film_clip:李小龍,,
6SwkF4lY6gI_007,6SwkF4lY6gI,A,7,134.114,142.11,7.996,0,0,0,1,1,0,film_clip:李小龍,,
6SwkF4lY6gI_008,6SwkF4lY6gI,A,8,147.842,155.166,7.324,0,0,0,1,1,0,film_clip:李小龍,,
6SwkF4lY6gI_009,6SwkF4lY6gI,A,9,162.082,170.494,8.412,0,0,0,1,1,0,film_clip:李小龍,,
6SwkF4lY6gI_010,6SwkF4lY6gI,A,10,186.402,201.854,15.452,0,0,0,1,1,0,film_clip:李小龍,,
6SwkF4lY6gI_011,6SwkF4lY6gI,A,11,209.698,235.55,25.852,0,0,0,1,1,0,film_clip:李小龍,,
6SwkF4lY6gI_012,6SwkF4lY6gI,B,12,236.162,275.262,39.1,0,0,0,1,1,0,film_clip:李小龍,,
6SwkF4lY6gI_013,6SwkF4lY6gI,A,13,281.794,285.694,3.9,0,0,0,1,1,0,film_clip:李小龍,,
6b_trwoU-Bs_000,6b_trwoU-Bs,B,0,0.13,35.358,35.228,0,0,0,1,1,0,film_clip:李小龍,,
6b_trwoU-Bs_001,6b_trwoU-Bs,C,1,35.234,60.958,25.724,0,0,0,1,1,0,film_clip:李小龍,,
6b_trwoU-Bs_002,6b_trwoU-Bs,C,2,61.762,63.678,1.916,0,0,0,1,1,0,film_clip:李小龍,,
6b_trwoU-Bs_003,6b_trwoU-Bs,B,3,64.994,71.774,6.78,0,0,0,1,1,0,film_clip:李小龍,,
6b_trwoU-Bs_004,6b_trwoU-Bs,A,4,78.306,82.206,3.9,0,0,0,1,1,0,film_clip:李小龍,,
6klshR-YtEw_000,6klshR-YtEw,B,0,0.0,34.27,34.27,0,0,0,0,0,1,,,
6klshR-YtEw_001,6klshR-YtEw,B,1,34.114,42.782,8.668,0,0,0,0,0,1,,,
6klshR-YtEw_002,6klshR-YtEw,A,2,43.746,50.142,6.396,0,0,0,0,0,1,,,
6klshR-YtEw_003,6klshR-YtEw,A,3,51.17,60.126,8.956,0,0,0,0,0,1,,,
6klshR-YtEw_004,6klshR-YtEw,A,4,60.738,63.134,2.396,0,0,0,0,0,1,,,
6klshR-YtEw_005,6klshR-YtEw,A,5,64.258,68.414,4.156,0,0,0,0,0,1,,,
6klshR-YtEw_006,6klshR-YtEw,A,6,68.994,76.766,7.772,0,0,0,0,0,1,,,
6klshR-YtEw_007,6klshR-YtEw,A,7,79.874,88.702,8.828,0,0,0,0,0,1,,,
6klshR-YtEw_008,6klshR-YtEw,A,8,89.826,95.518,5.692,0,0,0,0,0,1,,,
6klshR-YtEw_009,6klshR-YtEw,A,9,96.61,101.534,4.924,0,0,0,0,0,1,,,
6klshR-YtEw_010,6klshR-YtEw,A,10,103.298,115.966,12.668,0,0,0,0,0,1,,,
6klshR-YtEw_011,6klshR-YtEw,A,11,116.834,122.174,5.34,0,0,0,0,0,1,,,
6klshR-YtEw_012,6klshR-YtEw,C,12,123.33,127.998,4.668,0,0,0,0,0,1,,,
6klshR-YtEw_013,6klshR-YtEw,A,13,129.826,167.262,37.436,0,0,0,0,0,1,,,
6klshR-YtEw_014,6klshR-YtEw,A,14,167.81,173.342,5.532,0,0,0,0,0,1,,,
6klshR-YtEw_015,6klshR-YtEw,A,15,174.146,177.982,3.836,0,0,0,0,0,1,,,
6klshR-YtEw_016,6klshR-YtEw,A,16,180.482,203.454,22.972,0,0,0,0,0,1,,,
6klshR-YtEw_017,6klshR-YtEw,B,17,209.826,216.414,6.588,0,0,0,0,0,1,,,
6klshR-YtEw_018,6klshR-YtEw,A,18,222.946,226.814,3.868,0,0,0,0,0,1,,,
6kxnMsvfArE_000,6kxnMsvfArE,A,0,2.594,15.134,12.54,0,0,0,0,0,1,,,
6kxnMsvfArE_001,6kxnMsvfArE,B,1,15.746,37.502,21.756,0,0,0,0,0,1,,,
6kxnMsvfArE_002,6kxnMsvfArE,B,2,37.474,60.062,22.588,0,0,0,0,0,1,,,
6kxnMsvfArE_003,6kxnMsvfArE,A,3,656.034,669.15,13.116,0,0,0,0,0,1,,,
6kxnMsvfArE_004,6kxnMsvfArE,B,4,908.898,915.454,6.556,0,0,0,0,0,1,,,
6kxnMsvfArE_005,6kxnMsvfArE,A,5,921.89,925.886,3.996,0,0,0,0,0,1,,,
6qI6TJvLEFI_000,6qI6TJvLEFI,A,0,2.306,5.95,3.644,0,0,0,0,0,1,,,
6qI6TJvLEFI_001,6qI6TJvLEFI,A,1,7.778,11.07,3.292,0,0,0,0,0,1,,,
6qI6TJvLEFI_002,6qI6TJvLEFI,A,2,12.866,17.214,4.348,0,0,0,0,0,1,,,
6qI6TJvLEFI_003,6qI6TJvLEFI,A,3,18.882,28.158,9.276,0,0,0,0,0,1,,,
6qI6TJvLEFI_004,6qI6TJvLEFI,A,4,28.898,43.23,14.332,0,0,0,0,0,1,,,
6qI6TJvLEFI_005,6qI6TJvLEFI,A,5,45.474,49.374,3.9,0,0,0,0,0,1,,,
6qI6TJvLEFI_006,6qI6TJvLEFI,A,6,50.21,66.814,16.604,0,0,0,0,0,1,,,
6qI6TJvLEFI_007,6qI6TJvLEFI,B,7,69.154,75.902,6.748,0,0,0,0,0,1,,,
6qI6TJvLEFI_008,6qI6TJvLEFI,A,8,82.338,86.334,3.996,0,0,0,0,0,1,,,
6qbasnLUeLs_000,6qbasnLUeLs,A,0,0.0,9.47,9.47,0,0,0,1,1,0,film_clip:李小龍,,
6qbasnLUeLs_001,6qbasnLUeLs,A,1,10.114,13.022,2.908,0,0,0,1,1,0,film_clip:李小龍,,
6qbasnLUeLs_002,6qbasnLUeLs,B,2,14.722,21.054,6.332,0,0,0,1,1,0,film_clip:李小龍,,
6qbasnLUeLs_003,6qbasnLUeLs,C,3,23.746,28.574,4.828,0,0,0,1,1,0,film_clip:李小龍,,
6qbasnLUeLs_004,6qbasnLUeLs,C,4,29.666,46.142,16.476,0,0,0,1,1,0,film_clip:李小龍,,
6qbasnLUeLs_005,6qbasnLUeLs,C,5,46.754,56.99,10.236,0,0,0,1,1,0,film_clip:李小龍,,
6qbasnLUeLs_006,6qbasnLUeLs,C,6,57.57,93.278,35.708,0,0,0,1,1,0,film_clip:李小龍,,
6qbasnLUeLs_007,6qbasnLUeLs,A,7,94.018,110.878,16.86,0,0,0,1,1,0,film_clip:李小龍,,
6qbasnLUeLs_008,6qbasnLUeLs,B,8,114.818,121.374,6.556,0,0,0,1,1,0,film_clip:李小龍,,
6qbasnLUeLs_009,6qbasnLUeLs,A,9,127.906,131.806,3.9,0,0,0,1,1,0,film_clip:李小龍,,
6rmTqvCtEuM_000,6rmTqvCtEuM,B,0,0.066,5.406,5.34,0,0,1,0,0,0,recitation:朗讀,,
6rmTqvCtEuM_001,6rmTqvCtEuM,A,1,6.114,27.806,21.692,0,0,1,0,0,0,recitation:朗讀,,
6rmTqvCtEuM_002,6rmTqvCtEuM,A,2,33.762,37.79,4.028,0,0,1,0,0,0,recitation:朗讀,,
6zVyUvw0JfU_000,6zVyUvw0JfU,B,0,0.0,36.678,36.678,0,0,0,0,0,1,,,
6zVyUvw0JfU_001,6zVyUvw0JfU,B,1,36.378,66.278,29.9,0,0,0,0,0,1,,,
6zVyUvw0JfU_002,6zVyUvw0JfU,B,2,65.978,102.142,36.164,0,0,0,0,0,1,,,
6zVyUvw0JfU_003,6zVyUvw0JfU,B,3,101.858,137.47,35.612,0,0,0,0,0,1,,,
6zVyUvw0JfU_004,6zVyUvw0JfU,B,4,137.346,176.35,39.004,0,0,0,0,0,1,,,
6zVyUvw0JfU_005,6zVyUvw0JfU,B,5,182.85,186.782,3.932,0,0,0,0,0,1,,,
7CGgQCUOJbw_000,7CGgQCUOJbw,A,0,24.866,46.494,21.628,0,0,0,0,0,1,,,
7CGgQCUOJbw_001,7CGgQCUOJbw,B,1,51.522,79.582,28.06,0,0,0,0,0,1,,,
7CGgQCUOJbw_002,7CGgQCUOJbw,A,2,86.082,89.982,3.9,0,0,0,0,0,1,,,
7LuAjOjXab4_000,7LuAjOjXab4,A,0,0.0,36.638,36.638,0,0,0,0,0,1,,,
7LuAjOjXab4_001,7LuAjOjXab4,A,1,37.346,49.374,12.028,0,0,0,0,0,1,,,
7LuAjOjXab4_002,7LuAjOjXab4,A,2,49.986,73.79,23.804,0,0,0,0,0,1,,,
7LuAjOjXab4_003,7LuAjOjXab4,B,3,75.49,82.206,6.716,0,0,0,0,0,1,,,
7LuAjOjXab4_004,7LuAjOjXab4,A,4,88.738,92.638,3.9,0,0,0,0,0,1,,,
7MLzvAy3CuM_000,7MLzvAy3CuM,A,0,6.242,11.358,5.116,0,0,0,0,0,1,,,
7MLzvAy3CuM_001,7MLzvAy3CuM,A,1,17.282,18.974,1.692,0,0,0,0,0,1,,,
7MLzvAy3CuM_002,7MLzvAy3CuM,A,2,25.538,27.294,1.756,0,0,0,0,0,1,,,
7MLzvAy3CuM_003,7MLzvAy3CuM,A,3,32.834,34.558,1.724,0,0,0,0,0,1,,,
7MLzvAy3CuM_004,7MLzvAy3CuM,A,4,44.29,45.95,1.66,0,0,0,0,0,1,,,
7MLzvAy3CuM_005,7MLzvAy3CuM,A,5,61.026,67.454,6.428,0,0,0,0,0,1,,,
7MLzvAy3CuM_006,7MLzvAy3CuM,A,6,73.698,75.23,1.532,0,0,0,0,0,1,,,
7MLzvAy3CuM_007,7MLzvAy3CuM,A,7,81.25,82.782,1.532,0,0,0,0,0,1,,,
7MLzvAy3CuM_008,7MLzvAy3CuM,A,8,90.69,92.222,1.532,0,0,0,0,0,1,,,
7MLzvAy3CuM_009,7MLzvAy3CuM,B,9,101.314,107.742,6.428,0,0,0,0,0,1,,,
7MLzvAy3CuM_010,7MLzvAy3CuM,A,10,114.306,118.174,3.868,0,0,0,0,0,1,,,
7N9pz7fZQ4E_000,7N9pz7fZQ4E,A,0,0.0,11.23,11.23,0,0,0,0,0,1,,,
7N9pz7fZQ4E_001,7N9pz7fZQ4E,A,1,12.098,35.262,23.164,0,0,0,0,0,1,,,
7N9pz7fZQ4E_002,7N9pz7fZQ4E,A,2,36.002,47.774,11.772,0,0,0,0,0,1,,,
7N9pz7fZQ4E_003,7N9pz7fZQ4E,B,3,48.29,66.302,18.012,0,0,0,0,0,1,,,
7N9pz7fZQ4E_004,7N9pz7fZQ4E,B,4,72.77,76.766,3.996,0,0,0,0,0,1,,,
7U3LKpXaBds_000,7U3LKpXaBds,B,0,0.13,36.478,36.348,0,0,0,1,1,0,film_clip:李小龍,,
7U3LKpXaBds_001,7U3LKpXaBds,B,1,36.354,63.966,27.612,0,0,0,1,1,0,film_clip:李小龍,,
7U3LKpXaBds_002,7U3LKpXaBds,B,2,64.098,91.87,27.772,0,0,0,1,1,0,film_clip:李小龍,,
7U3LKpXaBds_003,7U3LKpXaBds,B,3,92.578,99.326,6.748,0,0,0,1,1,0,film_clip:李小龍,,
7U3LKpXaBds_004,7U3LKpXaBds,A,4,105.858,109.758,3.9,0,0,0,1,1,0,film_clip:李小龍,,
7ZDZVThmWfA_000,7ZDZVThmWfA,B,0,0.0,28.67,28.67,0,0,0,0,0,1,,,
7ZDZVThmWfA_001,7ZDZVThmWfA,B,1,28.418,58.878,30.46,0,0,0,0,0,1,,,
7ZDZVThmWfA_002,7ZDZVThmWfA,A,2,757.762,759.614,1.852,0,0,0,0,0,1,,,
7ZDZVThmWfA_003,7ZDZVThmWfA,A,3,792.386,794.11,1.724,0,0,0,0,0,1,,,
7ZDZVThmWfA_004,7ZDZVThmWfA,A,4,794.946,798.206,3.26,0,0,0,0,0,1,,,
7ZDZVThmWfA_005,7ZDZVThmWfA,A,5,840.898,842.462,1.564,0,0,0,0,0,1,,,
7ZDZVThmWfA_006,7ZDZVThmWfA,B,6,869.25,875.742,6.492,0,0,0,0,0,1,,,
7ZDZVThmWfA_007,7ZDZVThmWfA,B,7,882.21,886.142,3.932,0,0,0,0,0,1,,,
7kWXOgdcn4c_000,7kWXOgdcn4c,A,0,0.066,24.67,24.604,0,0,0,0,0,1,,,
7kWXOgdcn4c_001,7kWXOgdcn4c,A,1,25.314,37.918,12.604,0,0,0,0,0,1,,,
7kWXOgdcn4c_002,7kWXOgdcn4c,A,2,38.498,67.934,29.436,0,0,0,0,0,1,,,
7kWXOgdcn4c_003,7kWXOgdcn4c,B,3,69.698,76.478,6.78,0,0,0,0,0,1,,,
7kWXOgdcn4c_004,7kWXOgdcn4c,B,4,82.978,86.91,3.932,0,0,0,0,0,1,,,
7qisH4fL9qY_000,7qisH4fL9qY,B,0,185.506,191.998,6.492,0,0,0,0,0,1,,,
7qisH4fL9qY_001,7qisH4fL9qY,A,1,197.57,201.438,3.868,0,0,0,0,0,1,,,
7uMXWgvf_IU_000,7uMXWgvf_IU,B,0,0.0,30.11,30.11,0,0,0,0,0,1,,,
7uMXWgvf_IU_001,7uMXWgvf_IU,B,1,30.37,46.462,16.092,0,0,0,0,0,1,,,
7uMXWgvf_IU_002,7uMXWgvf_IU,C,2,46.338,77.086,30.748,0,0,0,0,0,1,,0.1258309781551361,0
7uMXWgvf_IU_003,7uMXWgvf_IU,B,3,77.218,112.03,34.812,0,0,0,0,0,1,,,
7uMXWgvf_IU_004,7uMXWgvf_IU,C,4,112.066,119.614,7.548,0,0,0,0,0,1,,0.1159785613417625,0
7uMXWgvf_IU_005,7uMXWgvf_IU,A,5,121.09,134.91,13.82,0,0,0,0,0,1,,,
7uMXWgvf_IU_006,7uMXWgvf_IU,C,6,135.426,164.862,29.436,0,0,0,0,0,1,,0.0969354435801506,0
7uMXWgvf_IU_007,7uMXWgvf_IU,B,7,164.77,193.598,28.828,0,0,0,0,0,1,,,
7uMXWgvf_IU_008,7uMXWgvf_IU,B,8,193.346,221.246,27.9,0,0,0,0,0,1,,,
7uMXWgvf_IU_009,7uMXWgvf_IU,B,9,227.778,231.71,3.932,0,0,0,0,0,1,,,
83ipAZp4hr8_000,83ipAZp4hr8,A,0,0.0,20.446,20.446,0,0,0,1,1,0,film_clip:李小龍|林鳳,,
83ipAZp4hr8_001,83ipAZp4hr8,B,1,81.794,88.126,6.332,0,0,0,1,1,0,film_clip:李小龍|林鳳,,
83ipAZp4hr8_002,83ipAZp4hr8,A,2,94.69,98.558,3.868,0,0,0,1,1,0,film_clip:李小龍|林鳳,,
88h7OzVLzeI_000,88h7OzVLzeI,A,0,0.0,18.142,18.142,0,0,0,0,0,1,,,
88h7OzVLzeI_001,88h7OzVLzeI,A,1,43.426,47.774,4.348,0,0,0,0,0,1,,,
88h7OzVLzeI_002,88h7OzVLzeI,A,2,51.49,56.606,5.116,0,0,0,0,0,1,,,
88h7OzVLzeI_003,88h7OzVLzeI,C,3,57.25,58.91,1.66,0,0,0,0,0,1,,,
88h7OzVLzeI_004,88h7OzVLzeI,A,4,59.426,70.366,10.94,0,0,0,0,0,1,,,
88h7OzVLzeI_005,88h7OzVLzeI,A,5,71.138,73.886,2.748,0,0,0,0,0,1,,,
88h7OzVLzeI_006,88h7OzVLzeI,A,6,77.218,89.502,12.284,0,0,0,0,0,1,,,
88h7OzVLzeI_007,88h7OzVLzeI,A,7,93.506,118.526,25.02,0,0,0,0,0,1,,,
88h7OzVLzeI_008,88h7OzVLzeI,A,8,121.826,134.11,12.284,0,0,0,0,0,1,,,
88h7OzVLzeI_009,88h7OzVLzeI,B,9,145.154,151.582,6.428,0,0,0,0,0,1,,,
88h7OzVLzeI_010,88h7OzVLzeI,A,10,158.146,161.95,3.804,0,0,0,0,0,1,,,
8G6DH4n9U9Y_000,8G6DH4n9U9Y,C,0,0.0,33.95,33.95,0,0,0,0,0,1,,,
8G6DH4n9U9Y_001,8G6DH4n9U9Y,C,1,33.762,73.31,39.548,0,0,0,0,0,1,,,
8G6DH4n9U9Y_002,8G6DH4n9U9Y,B,2,73.154,78.078,4.924,0,0,0,0,0,1,,,
8G6DH4n9U9Y_003,8G6DH4n9U9Y,A,3,84.642,88.542,3.9,0,0,0,0,0,1,,,
8fXeD7pKbWI_000,8fXeD7pKbWI,A,0,27.586,49.79,22.204,0,0,0,0,0,1,,,
8fXeD7pKbWI_001,8fXeD7pKbWI,B,1,67.394,72.03,4.636,0,0,0,0,0,1,,,
8fXeD7pKbWI_002,8fXeD7pKbWI,A,2,78.626,82.494,3.868,0,0,0,0,0,1,,,
8jJY637fQik_000,8jJY637fQik,B,0,0.0,26.398,26.398,0,0,0,1,1,0,film_clip:李小龍,,
8jJY637fQik_001,8jJY637fQik,B,1,26.242,61.438,35.196,0,0,0,1,1,0,film_clip:李小龍,,
8jJY637fQik_002,8jJY637fQik,B,2,61.282,90.718,29.436,0,0,0,1,1,0,film_clip:李小龍,,
8jJY637fQik_003,8jJY637fQik,B,3,90.53,125.566,35.036,0,0,0,1,1,0,film_clip:李小龍,,
8jJY637fQik_004,8jJY637fQik,B,4,126.53,133.278,6.748,0,0,0,1,1,0,film_clip:李小龍,,
8jJY637fQik_005,8jJY637fQik,B,5,139.81,143.742,3.932,0,0,0,1,1,0,film_clip:李小龍,,
8sDvUH7x4iw_000,8sDvUH7x4iw,A,0,0.93,7.454,6.524,0,0,0,0,0,1,,,
8sDvUH7x4iw_001,8sDvUH7x4iw,A,1,8.194,16.702,8.508,0,0,0,0,0,1,,,
8sDvUH7x4iw_002,8sDvUH7x4iw,A,2,18.082,23.934,5.852,0,0,0,0,0,1,,,
8sDvUH7x4iw_003,8sDvUH7x4iw,A,3,25.442,49.822,24.38,0,0,0,0,0,1,,,
8sDvUH7x4iw_004,8sDvUH7x4iw,A,4,51.042,58.142,7.1,0,0,0,0,0,1,,,
8sDvUH7x4iw_005,8sDvUH7x4iw,A,5,58.786,61.534,2.748,0,0,0,0,0,1,,,
8sDvUH7x4iw_006,8sDvUH7x4iw,A,6,64.546,104.734,40.188,0,0,0,0,0,1,,,
8sDvUH7x4iw_007,8sDvUH7x4iw,B,7,107.01,113.694,6.684,0,0,0,0,0,1,,,
8sDvUH7x4iw_008,8sDvUH7x4iw,A,8,119.138,123.134,3.996,0,0,0,0,0,1,,,
8wflrDLxY84_000,8wflrDLxY84,A,0,3.138,10.27,7.132,0,0,0,0,0,1,,,
8wflrDLxY84_001,8wflrDLxY84,B,1,11.01,43.934,32.924,0,0,0,0,0,1,,,
8wflrDLxY84_002,8wflrDLxY84,A,2,50.498,54.366,3.868,0,0,0,0,0,1,,,
8x5JiKy8RFY_000,8x5JiKy8RFY,C,0,0.0,6.686,6.686,0,0,0,0,0,1,,,
8x5JiKy8RFY_001,8x5JiKy8RFY,C,1,15.49,17.822,2.332,0,0,0,0,0,1,,,
8x5JiKy8RFY_002,8x5JiKy8RFY,A,2,20.994,39.262,18.268,0,0,0,0,0,1,,,
8x5JiKy8RFY_003,8x5JiKy8RFY,A,3,39.97,42.878,2.908,0,0,0,0,0,1,,,
8x5JiKy8RFY_004,8x5JiKy8RFY,A,4,45.954,59.262,13.308,0,0,0,0,0,1,,,
8x5JiKy8RFY_005,8x5JiKy8RFY,B,5,62.146,67.934,5.788,0,0,0,0,0,1,,,
8x5JiKy8RFY_006,8x5JiKy8RFY,B,6,70.786,76.478,5.692,0,0,0,0,0,1,,,
8x5JiKy8RFY_007,8x5JiKy8RFY,A,7,78.69,84.318,5.628,0,0,0,0,0,1,,,
8x5JiKy8RFY_008,8x5JiKy8RFY,A,8,86.85,100.478,13.628,0,0,0,0,0,1,,,
8x5JiKy8RFY_009,8x5JiKy8RFY,A,9,102.53,111.646,9.116,0,0,0,0,0,1,,,
8x5JiKy8RFY_010,8x5JiKy8RFY,A,10,113.986,120.51,6.524,0,0,0,0,0,1,,,
8x5JiKy8RFY_011,8x5JiKy8RFY,B,11,122.562,127.358,4.796,0,0,0,0,0,1,,,
8x5JiKy8RFY_012,8x5JiKy8RFY,B,12,130.114,154.91,24.796,0,0,0,0,0,1,,,
8x5JiKy8RFY_013,8x5JiKy8RFY,A,13,157.09,165.598,8.508,0,0,0,0,0,1,,,
8x5JiKy8RFY_014,8x5JiKy8RFY,B,14,168.226,189.79,21.564,0,0,0,0,0,1,,,
8x5JiKy8RFY_015,8x5JiKy8RFY,A,15,193.058,197.95,4.892,0,0,0,0,0,1,,,
8x5JiKy8RFY_016,8x5JiKy8RFY,B,16,208.354,216.35,7.996,0,0,0,0,0,1,,,
8xIvuJoS5Pg_000,8xIvuJoS5Pg,A,0,0.0,29.118,29.118,0,0,0,0,0,1,,,
8xIvuJoS5Pg_001,8xIvuJoS5Pg,A,1,31.394,56.638,25.244,0,0,0,0,0,1,,,
8xIvuJoS5Pg_002,8xIvuJoS5Pg,A,2,59.298,64.894,5.596,0,0,0,0,0,1,,,
8xIvuJoS5Pg_003,8xIvuJoS5Pg,B,3,67.682,74.462,6.78,0,0,0,0,0,1,,,
8xIvuJoS5Pg_004,8xIvuJoS5Pg,A,4,80.962,84.862,3.9,0,0,0,0,0,1,,,
9GKnaIpqSRA_000,9GKnaIpqSRA,B,0,7.65,44.03,36.38,0,0,0,1,1,0,film_clip:李小龍|芳艷芬|石堅,,
9GKnaIpqSRA_001,9GKnaIpqSRA,B,1,44.354,72.254,27.9,0,0,0,1,1,0,film_clip:李小龍|芳艷芬|石堅,,
9GKnaIpqSRA_002,9GKnaIpqSRA,A,2,89.474,91.038,1.564,0,0,0,1,1,0,film_clip:李小龍|芳艷芬|石堅,,
9GKnaIpqSRA_003,9GKnaIpqSRA,A,3,92.61,94.494,1.884,0,0,0,1,1,0,film_clip:李小龍|芳艷芬|石堅,,
9GKnaIpqSRA_004,9GKnaIpqSRA,A,4,95.618,98.366,2.748,0,0,0,1,1,0,film_clip:李小龍|芳艷芬|石堅,,
9GKnaIpqSRA_005,9GKnaIpqSRA,A,5,103.074,105.79,2.716,0,0,0,1,1,0,film_clip:李小龍|芳艷芬|石堅,,
9GKnaIpqSRA_006,9GKnaIpqSRA,A,6,106.498,113.886,7.388,0,0,0,1,1,0,film_clip:李小龍|芳艷芬|石堅,,
9GKnaIpqSRA_007,9GKnaIpqSRA,A,7,114.53,120.126,5.596,0,0,0,1,1,0,film_clip:李小龍|芳艷芬|石堅,,
9GKnaIpqSRA_008,9GKnaIpqSRA,A,8,122.242,125.566,3.324,0,0,0,1,1,0,film_clip:李小龍|芳艷芬|石堅,,
9GKnaIpqSRA_009,9GKnaIpqSRA,A,9,126.178,128.062,1.884,0,0,0,1,1,0,film_clip:李小龍|芳艷芬|石堅,,
9GKnaIpqSRA_010,9GKnaIpqSRA,A,10,130.722,134.398,3.676,0,0,0,1,1,0,film_clip:李小龍|芳艷芬|石堅,,
9GKnaIpqSRA_011,9GKnaIpqSRA,B,11,189.89,227.198,37.308,0,0,0,1,1,0,film_clip:李小龍|芳艷芬|石堅,,
9GKnaIpqSRA_012,9GKnaIpqSRA,B,12,227.074,236.734,9.66,0,0,0,1,1,0,film_clip:李小龍|芳艷芬|石堅,,
9GKnaIpqSRA_013,9GKnaIpqSRA,A,13,243.266,247.166,3.9,0,0,0,1,1,0,film_clip:李小龍|芳艷芬|石堅,,
9T8KWGl2ZZQ_000,9T8KWGl2ZZQ,A,0,2.786,6.078,3.292,0,0,0,0,0,1,,,
9T8KWGl2ZZQ_001,9T8KWGl2ZZQ,A,1,10.05,12.99,2.94,0,0,0,0,0,1,,,
9oz0BewUmo4_000,9oz0BewUmo4,A,0,0.77,12.222,11.452,0,0,0,0,0,1,,,
9oz0BewUmo4_001,9oz0BewUmo4,A,1,14.338,30.91,16.572,0,0,0,0,0,1,,,
9oz0BewUmo4_002,9oz0BewUmo4,A,2,33.282,59.71,26.428,0,0,0,0,0,1,,,
9oz0BewUmo4_003,9oz0BewUmo4,A,3,62.37,95.486,33.116,0,0,0,0,0,1,,,
9oz0BewUmo4_004,9oz0BewUmo4,A,4,98.242,112.062,13.82,0,0,0,0,0,1,,,
9oz0BewUmo4_005,9oz0BewUmo4,A,5,113.154,125.63,12.476,0,0,0,0,0,1,,,
9oz0BewUmo4_006,9oz0BewUmo4,A,6,128.674,144.894,16.22,0,0,0,0,0,1,,,
9oz0BewUmo4_007,9oz0BewUmo4,A,7,145.858,153.342,7.484,0,0,0,0,0,1,,,
9oz0BewUmo4_008,9oz0BewUmo4,A,8,155.81,171.71,15.9,0,0,0,0,0,1,,,
9oz0BewUmo4_009,9oz0BewUmo4,A,9,172.386,177.822,5.436,0,0,0,0,0,1,,,
9oz0BewUmo4_010,9oz0BewUmo4,A,10,180.482,199.134,18.652,0,0,0,0,0,1,,,
9oz0BewUmo4_011,9oz0BewUmo4,B,11,201.89,221.438,19.548,0,0,0,0,0,1,,,
9oz0BewUmo4_012,9oz0BewUmo4,B,12,221.986,245.758,23.772,0,0,0,0,0,1,,,
9oz0BewUmo4_013,9oz0BewUmo4,B,13,249.154,260.862,11.708,0,0,0,0,0,1,,,
9oz0BewUmo4_014,9oz0BewUmo4,A,14,264.29,289.566,25.276,0,0,0,0,0,1,,,
9oz0BewUmo4_015,9oz0BewUmo4,A,15,292.002,304.638,12.636,0,0,0,0,0,1,,,
9oz0BewUmo4_016,9oz0BewUmo4,A,16,307.65,335.806,28.156,0,0,0,0,0,1,,,
9oz0BewUmo4_017,9oz0BewUmo4,A,17,338.37,344.094,5.724,0,0,0,0,0,1,,,
9oz0BewUmo4_018,9oz0BewUmo4,A,18,346.818,350.046,3.228,0,0,0,0,0,1,,,
9oz0BewUmo4_019,9oz0BewUmo4,A,19,350.914,356.894,5.98,0,0,0,0,0,1,,,
9oz0BewUmo4_020,9oz0BewUmo4,A,20,360.098,377.246,17.148,0,0,0,0,0,1,,,
9oz0BewUmo4_021,9oz0BewUmo4,A,21,380.61,400.606,19.996,0,0,0,0,0,1,,,
9oz0BewUmo4_022,9oz0BewUmo4,A,22,403.042,433.534,30.492,0,0,0,0,0,1,,,
9oz0BewUmo4_023,9oz0BewUmo4,B,23,434.402,441.054,6.652,0,0,0,0,0,1,,,
9oz0BewUmo4_024,9oz0BewUmo4,A,24,446.498,450.494,3.996,0,0,0,0,0,1,,,
9saz0VPG-To_000,9saz0VPG-To,A,0,0.642,13.982,13.34,0,0,0,0,0,1,,,
9saz0VPG-To_001,9saz0VPG-To,A,1,15.106,17.502,2.396,0,0,0,0,0,1,,,
9saz0VPG-To_002,9saz0VPG-To,A,2,19.394,40.542,21.148,0,0,0,0,0,1,,,
9saz0VPG-To_003,9saz0VPG-To,A,3,42.434,52.254,9.82,0,0,0,0,0,1,,,
9saz0VPG-To_004,9saz0VPG-To,B,4,53.314,60.094,6.78,0,0,0,0,0,1,,,
AOgZUuWbLoE_000,AOgZUuWbLoE,B,0,0.0,39.422,39.422,0,0,0,0,0,1,,,
AOgZUuWbLoE_001,AOgZUuWbLoE,B,1,39.138,79.238,40.1,0,0,0,0,0,1,,,
AOgZUuWbLoE_002,AOgZUuWbLoE,B,2,78.938,82.302,3.364,0,0,0,0,0,1,,,
AOgZUuWbLoE_003,AOgZUuWbLoE,C,3,110.85,115.678,4.828,0,0,0,0,0,1,,,
AOgZUuWbLoE_004,AOgZUuWbLoE,B,4,121.762,136.19,14.428,0,0,0,0,0,1,,,
AOgZUuWbLoE_005,AOgZUuWbLoE,B,5,142.69,146.654,3.964,0,0,0,0,0,1,,,
AP22Vghq_58_000,AP22Vghq_58,A,0,6.498,9.982,3.484,0,0,0,0,0,1,,,
AP22Vghq_58_001,AP22Vghq_58,A,1,12.354,27.454,15.1,0,0,0,0,0,1,,,
AP22Vghq_58_002,AP22Vghq_58,A,2,38.146,40.606,2.46,0,0,0,0,0,1,,,
AP22Vghq_58_003,AP22Vghq_58,A,3,51.618,53.182,1.564,0,0,0,0,0,1,,,
AP22Vghq_58_004,AP22Vghq_58,A,4,64.29,65.79,1.5,0,0,0,0,0,1,,,
AP22Vghq_58_005,AP22Vghq_58,B,5,70.722,77.31,6.588,0,0,0,0,0,1,,,
AP22Vghq_58_006,AP22Vghq_58,B,6,83.874,87.806,3.932,0,0,0,0,0,1,,,
AYmhFCZIO0w_000,AYmhFCZIO0w,B,0,0.0,4.35,4.35,0,0,0,0,0,1,,,
AYmhFCZIO0w_001,AYmhFCZIO0w,B,1,4.098,44.198,40.1,0,0,0,0,0,1,,,
AYmhFCZIO0w_002,AYmhFCZIO0w,B,2,43.898,67.166,23.268,0,0,0,0,0,1,,0.035388171672821,0
AYmhFCZIO0w_003,AYmhFCZIO0w,B,3,66.978,89.182,22.204,0,0,0,0,0,1,,,
AYmhFCZIO0w_004,AYmhFCZIO0w,B,4,88.962,120.766,31.804,0,0,0,0,0,1,,,
AYmhFCZIO0w_005,AYmhFCZIO0w,A,5,127.298,131.166,3.868,0,0,0,0,0,1,,,
A_iOhZBEuPQ_000,A_iOhZBEuPQ,A,0,27.01,37.566,10.556,0,0,0,0,0,1,,,
A_iOhZBEuPQ_001,A_iOhZBEuPQ,A,1,39.106,55.358,16.252,0,0,0,0,0,1,,,
A_iOhZBEuPQ_002,A_iOhZBEuPQ,C,2,58.338,62.59,4.252,0,0,0,0,0,1,,,
A_iOhZBEuPQ_003,A_iOhZBEuPQ,B,3,68.162,74.43,6.268,0,0,0,0,0,1,,,
A_iOhZBEuPQ_004,A_iOhZBEuPQ,A,4,80.962,84.83,3.868,0,0,0,0,0,1,,,
Ac1e1ibIHpk_000,Ac1e1ibIHpk,B,0,0.098,40.318,40.22,0,0,0,0,0,1,,,
Ac1e1ibIHpk_001,Ac1e1ibIHpk,B,1,40.45,61.15,20.7,0,0,0,0,0,1,,,
Ac1e1ibIHpk_002,Ac1e1ibIHpk,B,2,195.362,201.79,6.428,0,0,0,0,0,1,,,
Ac1e1ibIHpk_003,Ac1e1ibIHpk,A,3,208.226,212.222,3.996,0,0,0,0,0,1,,,
AiKOYN8H1EU_000,AiKOYN8H1EU,A,0,0.674,12.926,12.252,0,0,0,0,0,1,,,
AiKOYN8H1EU_001,AiKOYN8H1EU,A,1,35.65,67.71,32.06,0,0,0,0,0,1,,,
AiKOYN8H1EU_002,AiKOYN8H1EU,B,2,68.674,83.902,15.228,0,0,0,0,0,1,,,
AiKOYN8H1EU_003,AiKOYN8H1EU,A,3,86.69,97.662,10.972,0,0,0,0,0,1,,,
AiKOYN8H1EU_004,AiKOYN8H1EU,A,4,98.562,129.214,30.652,0,0,0,0,0,1,,,
AiKOYN8H1EU_005,AiKOYN8H1EU,A,5,129.762,132.702,2.94,0,0,0,0,0,1,,,
AiKOYN8H1EU_006,AiKOYN8H1EU,A,6,135.81,140.446,4.636,0,0,0,0,0,1,,,
AiKOYN8H1EU_007,AiKOYN8H1EU,A,7,142.722,144.862,2.14,0,0,0,0,0,1,,,
AiKOYN8H1EU_008,AiKOYN8H1EU,A,8,145.762,148.798,3.036,0,0,0,0,0,1,,,
AiKOYN8H1EU_009,AiKOYN8H1EU,A,9,151.682,176.062,24.38,0,0,0,0,0,1,,,
AiKOYN8H1EU_010,AiKOYN8H1EU,A,10,176.642,211.934,35.292,0,0,0,0,0,1,,,
AiKOYN8H1EU_011,AiKOYN8H1EU,A,11,214.69,241.566,26.876,0,0,0,0,0,1,,,
AiKOYN8H1EU_012,AiKOYN8H1EU,B,12,243.938,250.622,6.684,0,0,0,0,0,1,,,
AiKOYN8H1EU_013,AiKOYN8H1EU,A,13,256.066,260.062,3.996,0,0,0,0,0,1,,,
AmHA9dbYFy0_000,AmHA9dbYFy0,A,0,6.978,9.054,2.076,0,0,0,0,0,1,,,
AmHA9dbYFy0_001,AmHA9dbYFy0,A,1,10.146,12.83,2.684,0,0,0,0,0,1,,,
AmHA9dbYFy0_002,AmHA9dbYFy0,A,2,73.41,79.486,6.076,0,0,0,0,0,1,,,
AmHA9dbYFy0_003,AmHA9dbYFy0,B,3,83.01,89.534,6.524,0,0,0,0,0,1,,,
AmHA9dbYFy0_004,AmHA9dbYFy0,A,4,96.098,99.966,3.868,0,0,0,0,0,1,,,
BHn7eeA0BVo_000,BHn7eeA0BVo,A,0,0.226,6.718,6.492,0,0,0,0,0,1,,,
BHn7eeA0BVo_001,BHn7eeA0BVo,A,1,7.298,30.654,23.356,0,0,0,0,0,1,,,
BHn7eeA0BVo_002,BHn7eeA0BVo,A,2,31.202,42.334,11.132,0,0,0,0,0,1,,,
BHn7eeA0BVo_003,BHn7eeA0BVo,B,3,43.042,81.886,38.844,0,0,0,0,0,1,,,
BHn7eeA0BVo_004,BHn7eeA0BVo,B,4,82.018,104.926,22.908,0,0,0,0,0,1,,,
BHn7eeA0BVo_005,BHn7eeA0BVo,A,5,111.458,115.326,3.868,0,0,0,0,0,1,,,
BKWMXVpYcP4_000,BKWMXVpYcP4,B,0,0.0,27.614,27.614,0,0,0,0,0,1,,,
BKWMXVpYcP4_001,BKWMXVpYcP4,B,1,27.49,45.374,17.884,0,0,0,0,0,1,,,
BKWMXVpYcP4_002,BKWMXVpYcP4,B,2,135.17,146.366,11.196,0,0,0,0,0,1,,,
BKWMXVpYcP4_003,BKWMXVpYcP4,A,3,152.93,156.83,3.9,0,0,0,0,0,1,,,
BQysXN0mc0g_000,BQysXN0mc0g,A,0,4.866,28.862,23.996,0,0,1,0,0,0,recitation:朗讀,,
BQysXN0mc0g_001,BQysXN0mc0g,B,1,30.498,70.782,40.284,0,0,1,0,0,0,recitation:朗讀,,
BQysXN0mc0g_002,BQysXN0mc0g,B,2,70.786,100.638,29.852,0,0,1,0,0,0,recitation:朗讀,,
BQysXN0mc0g_003,BQysXN0mc0g,C,3,102.69,108.478,5.788,0,0,1,0,0,0,recitation:朗讀,,
BQysXN0mc0g_004,BQysXN0mc0g,A,4,115.842,119.838,3.996,0,0,1,0,0,0,recitation:朗讀,,
BUL3p_uvehs_000,BUL3p_uvehs,C,0,0.0,34.654,34.654,0,0,0,0,0,1,,,
BUL3p_uvehs_001,BUL3p_uvehs,B,1,41.154,45.086,3.932,0,0,0,0,0,1,,,
BWbT_CqORko_000,BWbT_CqORko,B,0,0.706,35.518,34.812,0,0,0,0,0,1,,,
BWbT_CqORko_001,BWbT_CqORko,B,1,35.586,71.998,36.412,0,0,0,0,0,1,,,
BWbT_CqORko_002,BWbT_CqORko,B,2,72.098,84.382,12.284,0,0,0,0,0,1,,,
BWbT_CqORko_003,BWbT_CqORko,B,3,84.898,97.534,12.636,0,0,0,0,0,1,,,
BWbT_CqORko_004,BWbT_CqORko,B,4,104.066,107.998,3.932,0,0,0,0,0,1,,,
BZ4zd3idtVY_000,BZ4zd3idtVY,A,0,0.0,17.214,17.214,0,0,0,1,1,0,film_clip:李小龍,,
BZ4zd3idtVY_001,BZ4zd3idtVY,A,1,46.21,53.31,7.1,0,0,0,1,1,0,film_clip:李小龍,,
BZ4zd3idtVY_002,BZ4zd3idtVY,B,2,81.378,119.838,38.46,0,0,0,1,1,0,film_clip:李小龍,,
BZ4zd3idtVY_003,BZ4zd3idtVY,B,3,119.714,122.11,2.396,0,0,0,1,1,0,film_clip:李小龍,,
BZ4zd3idtVY_004,BZ4zd3idtVY,B,4,128.45,141.982,13.532,0,0,0,1,1,0,film_clip:李小龍,,
BZ4zd3idtVY_005,BZ4zd3idtVY,A,5,148.578,152.446,3.868,0,0,0,1,1,0,film_clip:李小龍,,
BgtPMo7NmOs_000,BgtPMo7NmOs,A,0,51.746,64.318,12.572,0,0,0,0,0,1,,,
BgtPMo7NmOs_001,BgtPMo7NmOs,A,1,108.29,120.894,12.604,0,0,0,0,0,1,,,
BgtPMo7NmOs_002,BgtPMo7NmOs,B,2,124.962,131.646,6.684,0,0,0,0,0,1,,,
BgtPMo7NmOs_003,BgtPMo7NmOs,A,3,138.178,142.078,3.9,0,0,0,0,0,1,,,
Bwm3SWdYJnQ_000,Bwm3SWdYJnQ,A,0,0.0,38.91,38.91,0,0,0,1,1,0,film_clip:林鳳|粵語片,,
Bwm3SWdYJnQ_001,Bwm3SWdYJnQ,B,1,213.122,214.622,1.5,0,0,0,1,1,0,film_clip:林鳳|粵語片,,
Bwm3SWdYJnQ_002,Bwm3SWdYJnQ,B,2,215.362,217.694,2.332,0,0,0,1,1,0,film_clip:林鳳|粵語片,,
Bwm3SWdYJnQ_003,Bwm3SWdYJnQ,A,3,224.514,228.222,3.708,0,0,0,1,1,0,film_clip:林鳳|粵語片,,
CHlnwI3VY6E_000,CHlnwI3VY6E,B,0,0.0,18.334,18.334,0,0,0,1,1,0,film_clip:林鳳,,
CHlnwI3VY6E_001,CHlnwI3VY6E,B,1,18.082,54.558,36.476,0,0,0,1,1,0,film_clip:林鳳,,
CHlnwI3VY6E_002,CHlnwI3VY6E,A,2,60.322,66.558,6.236,0,0,0,1,1,0,film_clip:林鳳,,
CHlnwI3VY6E_003,CHlnwI3VY6E,A,3,68.418,71.422,3.004,0,0,0,1,1,0,film_clip:林鳳,,
CHlnwI3VY6E_004,CHlnwI3VY6E,A,4,72.482,90.91,18.428,0,0,0,1,1,0,film_clip:林鳳,,
CHlnwI3VY6E_005,CHlnwI3VY6E,A,5,96.674,106.494,9.82,0,0,0,1,1,0,film_clip:林鳳,,
CHlnwI3VY6E_006,CHlnwI3VY6E,A,6,107.458,111.006,3.548,0,0,0,1,1,0,film_clip:林鳳,,
CHlnwI3VY6E_007,CHlnwI3VY6E,A,7,112.066,116.03,3.964,0,0,0,1,1,0,film_clip:林鳳,,
CHlnwI3VY6E_008,CHlnwI3VY6E,B,8,245.218,271.198,25.98,0,0,0,1,1,0,film_clip:林鳳,,
CHlnwI3VY6E_009,CHlnwI3VY6E,B,9,277.762,281.694,3.932,0,0,0,1,1,0,film_clip:林鳳,,
CMRF9UwRKpY_000,CMRF9UwRKpY,B,0,5.826,34.462,28.636,0,0,0,1,1,0,film_clip:李小龍,,
CMRF9UwRKpY_001,CMRF9UwRKpY,A,1,38.082,42.238,4.156,0,0,0,1,1,0,film_clip:李小龍,,
CMRF9UwRKpY_002,CMRF9UwRKpY,A,2,53.474,57.662,4.188,0,0,0,1,1,0,film_clip:李小龍,,
CMRF9UwRKpY_003,CMRF9UwRKpY,A,3,68.802,70.75,1.948,0,0,0,1,1,0,film_clip:李小龍,,
CMRF9UwRKpY_004,CMRF9UwRKpY,A,4,73.154,79.038,5.884,0,0,0,1,1,0,film_clip:李小龍,,
CMRF9UwRKpY_005,CMRF9UwRKpY,B,5,79.81,86.59,6.78,0,0,0,1,1,0,film_clip:李小龍,,
CMRF9UwRKpY_006,CMRF9UwRKpY,B,6,93.09,97.054,3.964,0,0,0,1,1,0,film_clip:李小龍,,
CdhQt9XM4G0_000,CdhQt9XM4G0,C,0,0.226,35.07,34.844,0,0,0,1,1,0,film_clip:李小龍,,
CdhQt9XM4G0_001,CdhQt9XM4G0,C,1,35.65,74.11,38.46,0,0,0,1,1,0,film_clip:李小龍,,
CdhQt9XM4G0_002,CdhQt9XM4G0,C,2,74.082,92.062,17.98,0,0,0,1,1,0,film_clip:李小龍,,
CdhQt9XM4G0_003,CdhQt9XM4G0,B,3,93.122,99.902,6.78,0,0,0,1,1,0,film_clip:李小龍,,
CdhQt9XM4G0_004,CdhQt9XM4G0,A,4,106.402,110.302,3.9,0,0,0,1,1,0,film_clip:李小龍,,
CfZWjk-lBJs_000,CfZWjk-lBJs,A,0,6.69,19.934,13.244,0,1,0,0,0,0,song:主題曲|主唱,0.0245210919529199,0
CfZWjk-lBJs_001,CfZWjk-lBJs,B,1,28.994,34.654,5.66,0,1,0,0,0,0,song:主題曲|主唱,,
CfZWjk-lBJs_002,CfZWjk-lBJs,B,2,34.402,73.502,39.1,0,1,0,0,0,0,song:主題曲|主唱,,
CfZWjk-lBJs_003,CfZWjk-lBJs,B,3,73.73,81.054,7.324,0,1,0,0,0,0,song:主題曲|主唱,,
CfZWjk-lBJs_004,CfZWjk-lBJs,A,4,84.738,120.51,35.772,0,1,0,0,0,0,song:主題曲|主唱,,
CfZWjk-lBJs_005,CfZWjk-lBJs,B,5,127.394,133.158,5.764,0,1,0,0,0,0,song:主題曲|主唱,,
CfZWjk-lBJs_006,CfZWjk-lBJs,B,6,132.858,171.934,39.076,0,1,0,0,0,0,song:主題曲|主唱,,
CfZWjk-lBJs_007,CfZWjk-lBJs,B,7,172.162,179.518,7.356,0,1,0,0,0,0,song:主題曲|主唱,,
CfZWjk-lBJs_008,CfZWjk-lBJs,A,8,183.17,219.006,35.836,0,1,0,0,0,0,song:主題曲|主唱,,
CfZWjk-lBJs_009,CfZWjk-lBJs,A,9,226.21,230.974,4.764,0,1,0,0,0,0,song:主題曲|主唱,,
CfZWjk-lBJs_010,CfZWjk-lBJs,A,10,235.618,238.302,2.684,0,1,0,0,0,0,song:主題曲|主唱,,
CfZWjk-lBJs_011,CfZWjk-lBJs,B,11,247.618,254.142,6.524,0,1,0,0,0,0,song:主題曲|主唱,,
CfZWjk-lBJs_012,CfZWjk-lBJs,A,12,260.674,264.574,3.9,0,1,0,0,0,0,song:主題曲|主唱,,
ChuWKGky328_000,ChuWKGky328,A,0,0.706,12.222,11.516,0,0,0,0,0,1,,,
ChuWKGky328_001,ChuWKGky328,A,1,15.298,18.814,3.516,0,0,0,0,0,1,,,
ChuWKGky328_002,ChuWKGky328,A,2,30.306,34.11,3.804,0,0,0,0,0,1,,,
ChuWKGky328_003,ChuWKGky328,A,3,43.042,44.894,1.852,0,0,0,0,0,1,,,
ChuWKGky328_004,ChuWKGky328,A,4,50.466,57.246,6.78,0,0,0,0,0,1,,,
ChuWKGky328_005,ChuWKGky328,A,5,59.17,63.07,3.9,0,0,0,0,0,1,,,
ChuWKGky328_006,ChuWKGky328,B,6,68.77,103.166,34.396,0,0,0,0,0,1,,,
ChuWKGky328_007,ChuWKGky328,B,7,102.978,109.534,6.556,0,0,0,0,0,1,,,
ChuWKGky328_008,ChuWKGky328,A,8,113.602,119.198,5.596,0,0,0,0,0,1,,,
ChuWKGky328_009,ChuWKGky328,A,9,120.898,126.654,5.756,0,0,0,0,0,1,,,
ChuWKGky328_010,ChuWKGky328,B,10,130.818,137.534,6.716,0,0,0,0,0,1,,,
ChuWKGky328_011,ChuWKGky328,A,11,142.978,146.974,3.996,0,0,0,0,0,1,,,
Clf5BfnM9Jw_000,Clf5BfnM9Jw,A,0,0.578,11.71,11.132,0,0,0,0,0,1,,,
Clf5BfnM9Jw_001,Clf5BfnM9Jw,A,1,13.602,24.254,10.652,0,0,0,0,0,1,,,
Clf5BfnM9Jw_002,Clf5BfnM9Jw,A,2,24.994,45.854,20.86,0,0,0,0,0,1,,,
Clf5BfnM9Jw_003,Clf5BfnM9Jw,B,3,46.754,62.718,15.964,0,0,0,0,0,1,,,
Clf5BfnM9Jw_004,Clf5BfnM9Jw,A,4,63.842,82.11,18.268,0,0,0,0,0,1,,,
Clf5BfnM9Jw_005,Clf5BfnM9Jw,A,5,83.266,98.59,15.324,0,0,0,0,0,1,,,
Clf5BfnM9Jw_006,Clf5BfnM9Jw,A,6,99.65,120.35,20.7,0,0,0,0,0,1,,,
Clf5BfnM9Jw_007,Clf5BfnM9Jw,B,7,121.73,128.222,6.492,0,0,0,0,0,1,,,
Clf5BfnM9Jw_008,Clf5BfnM9Jw,A,8,134.882,138.91,4.028,0,0,0,0,0,1,,,
D4tcSVKiT5s_000,D4tcSVKiT5s,B,0,0.0,29.438,29.438,0,0,0,0,0,1,,,
D4tcSVKiT5s_001,D4tcSVKiT5s,A,1,36.002,39.902,3.9,0,0,0,0,0,1,,,
DJBEpeA9Vrw_000,DJBEpeA9Vrw,A,0,0.898,12.35,11.452,0,0,0,0,0,1,,,
DJBEpeA9Vrw_001,DJBEpeA9Vrw,A,1,14.914,30.238,15.324,0,0,0,0,0,1,,,
DJBEpeA9Vrw_002,DJBEpeA9Vrw,A,2,32.898,37.054,4.156,0,0,0,0,0,1,,,
DJBEpeA9Vrw_003,DJBEpeA9Vrw,A,3,39.874,49.982,10.108,0,0,0,0,0,1,,,
DJBEpeA9Vrw_004,DJBEpeA9Vrw,A,4,52.834,67.582,14.748,0,0,0,0,0,1,,,
DJBEpeA9Vrw_005,DJBEpeA9Vrw,A,5,69.89,78.334,8.444,0,0,0,0,0,1,,,
DJBEpeA9Vrw_006,DJBEpeA9Vrw,A,6,81.89,90.526,8.636,0,0,0,0,0,1,,,
DJBEpeA9Vrw_007,DJBEpeA9Vrw,A,7,91.842,96.67,4.828,0,0,0,0,0,1,,,
DJBEpeA9Vrw_008,DJBEpeA9Vrw,A,8,97.218,103.39,6.172,0,0,0,0,0,1,,,
DJBEpeA9Vrw_009,DJBEpeA9Vrw,A,9,108.674,143.742,35.068,0,0,0,0,0,1,,,
DJBEpeA9Vrw_010,DJBEpeA9Vrw,A,10,145.794,175.39,29.596,0,0,0,0,0,1,,,
DJBEpeA9Vrw_011,DJBEpeA9Vrw,A,11,178.562,187.774,9.212,0,0,0,0,0,1,,,
DJBEpeA9Vrw_012,DJBEpeA9Vrw,A,12,188.77,195.87,7.1,0,0,0,0,0,1,,,
DJBEpeA9Vrw_013,DJBEpeA9Vrw,A,13,196.61,200.766,4.156,0,0,0,0,0,1,,,
DJBEpeA9Vrw_014,DJBEpeA9Vrw,A,14,203.586,226.59,23.004,0,0,0,0,0,1,,,
DJBEpeA9Vrw_015,DJBEpeA9Vrw,A,15,229.634,260.446,30.812,0,0,0,0,0,1,,,
DJBEpeA9Vrw_016,DJBEpeA9Vrw,A,16,262.594,290.27,27.676,0,0,0,0,0,1,,,
DJBEpeA9Vrw_017,DJBEpeA9Vrw,A,17,293.314,308.638,15.324,0,0,0,0,0,1,,,
DJBEpeA9Vrw_018,DJBEpeA9Vrw,A,18,311.234,332.734,21.5,0,0,0,0,0,1,,,
DJBEpeA9Vrw_019,DJBEpeA9Vrw,A,19,335.746,351.358,15.612,0,0,0,0,0,1,,,
DJBEpeA9Vrw_020,DJBEpeA9Vrw,A,20,351.906,360.286,8.38,0,0,0,0,0,1,,,
DJBEpeA9Vrw_021,DJBEpeA9Vrw,B,21,426.85,431.518,4.668,0,0,0,0,0,1,,,
DJBEpeA9Vrw_022,DJBEpeA9Vrw,A,22,436.93,440.958,4.028,0,0,0,0,0,1,,,
DKWM_Jesc2E_000,DKWM_Jesc2E,A,0,0.0,23.038,23.038,0,0,0,0,0,1,,,
DKWM_Jesc2E_001,DKWM_Jesc2E,B,1,23.81,30.59,6.78,0,0,0,0,0,1,,,
DKWM_Jesc2E_002,DKWM_Jesc2E,B,2,37.09,41.054,3.964,0,0,0,0,0,1,,,
DS1XikAPAvI_000,DS1XikAPAvI,A,0,0.834,14.814,13.98,0,0,0,0,0,1,,,
DS1XikAPAvI_001,DS1XikAPAvI,A,1,18.05,23.422,5.372,0,0,0,0,0,1,,,
DS1XikAPAvI_002,DS1XikAPAvI,A,2,25.794,30.974,5.18,0,0,0,0,0,1,,,
DS1XikAPAvI_003,DS1XikAPAvI,A,3,33.826,46.494,12.668,0,0,0,0,0,1,,,
DS1XikAPAvI_004,DS1XikAPAvI,A,4,48.93,54.622,5.692,0,0,0,0,0,1,,,
DS1XikAPAvI_005,DS1XikAPAvI,A,5,57.858,65.15,7.292,0,0,0,0,0,1,,,
DS1XikAPAvI_006,DS1XikAPAvI,C,6,66.338,70.494,4.156,0,0,0,0,0,1,,,
DS1XikAPAvI_007,DS1XikAPAvI,A,7,72.002,76.254,4.252,0,0,0,0,0,1,,,
DS1XikAPAvI_008,DS1XikAPAvI,A,8,78.05,92.254,14.204,0,0,0,0,0,1,,,
DS1XikAPAvI_009,DS1XikAPAvI,A,9,93.858,99.07,5.212,0,0,0,0,0,1,,,
DS1XikAPAvI_010,DS1XikAPAvI,A,10,100.418,107.102,6.684,0,0,0,0,0,1,,,
DS1XikAPAvI_011,DS1XikAPAvI,A,11,109.89,114.558,4.668,0,0,0,0,0,1,,,
DS1XikAPAvI_012,DS1XikAPAvI,A,12,115.49,120.606,5.116,0,0,0,0,0,1,,,
DS1XikAPAvI_013,DS1XikAPAvI,A,13,121.314,126.814,5.5,0,0,0,0,0,1,,,
DS1XikAPAvI_014,DS1XikAPAvI,B,14,129.25,135.774,6.524,0,0,0,0,0,1,,,
DS1XikAPAvI_015,DS1XikAPAvI,A,15,141.218,145.182,3.964,0,0,0,0,0,1,,,
DUsvDjI7DQY_000,DUsvDjI7DQY,C,0,509.218,511.678,2.46,0,0,0,0,0,1,,,
DUsvDjI7DQY_001,DUsvDjI7DQY,A,1,514.274,516.254,1.98,0,0,0,0,0,1,,,
DUsvDjI7DQY_002,DUsvDjI7DQY,B,2,634.594,641.022,6.428,0,0,0,0,0,1,,,
DUsvDjI7DQY_003,DUsvDjI7DQY,A,3,647.746,651.486,3.74,0,0,0,0,0,1,,,
DXevfNOda1Y_000,DXevfNOda1Y,A,0,0.0,22.846,22.846,0,0,0,1,1,0,film_clip:李小龍,,
DXevfNOda1Y_001,DXevfNOda1Y,A,1,34.818,48.35,13.532,0,0,0,1,1,0,film_clip:李小龍,,
DXevfNOda1Y_002,DXevfNOda1Y,A,2,55.97,67.454,11.484,0,0,0,1,1,0,film_clip:李小龍,,
DXevfNOda1Y_003,DXevfNOda1Y,A,3,82.114,85.086,2.972,0,0,0,1,1,0,film_clip:李小龍,,
DXevfNOda1Y_004,DXevfNOda1Y,A,4,85.602,96.19,10.588,0,0,0,1,1,0,film_clip:李小龍,,
DXevfNOda1Y_005,DXevfNOda1Y,A,5,106.914,109.95,3.036,0,0,0,1,1,0,film_clip:李小龍,,
DXevfNOda1Y_006,DXevfNOda1Y,A,6,114.178,116.766,2.588,0,0,0,1,1,0,film_clip:李小龍,,
DXevfNOda1Y_007,DXevfNOda1Y,B,7,129.058,135.806,6.748,0,0,0,1,1,0,film_clip:李小龍,,
DXevfNOda1Y_008,DXevfNOda1Y,A,8,142.338,146.238,3.9,0,0,0,1,1,0,film_clip:李小龍,,
DcQSQOjoUvs_000,DcQSQOjoUvs,B,0,6.914,31.518,24.604,0,0,0,1,1,0,film_clip:李小龍,,
DcQSQOjoUvs_001,DcQSQOjoUvs,B,1,31.586,55.742,24.156,0,0,0,1,1,0,film_clip:李小龍,,
DcQSQOjoUvs_002,DcQSQOjoUvs,A,2,56.258,71.774,15.516,0,0,0,1,1,0,film_clip:李小龍,,
DcQSQOjoUvs_003,DcQSQOjoUvs,A,3,76.898,85.342,8.444,0,0,0,1,1,0,film_clip:李小龍,,
DcQSQOjoUvs_004,DcQSQOjoUvs,A,4,87.074,93.918,6.844,0,0,0,1,1,0,film_clip:李小龍,,
DcQSQOjoUvs_005,DcQSQOjoUvs,A,5,102.146,105.47,3.324,0,0,0,1,1,0,film_clip:李小龍,,
DcQSQOjoUvs_006,DcQSQOjoUvs,A,6,109.154,113.63,4.476,0,0,0,1,1,0,film_clip:李小龍,,
DcQSQOjoUvs_007,DcQSQOjoUvs,B,7,137.73,176.734,39.004,0,0,0,1,1,0,film_clip:李小龍,,
DcQSQOjoUvs_008,DcQSQOjoUvs,B,8,176.866,214.366,37.5,0,0,0,1,1,0,film_clip:李小龍,,
DcQSQOjoUvs_009,DcQSQOjoUvs,B,9,214.242,217.246,3.004,0,0,0,1,1,0,film_clip:李小龍,,
DcQSQOjoUvs_010,DcQSQOjoUvs,B,10,223.778,227.71,3.932,0,0,0,1,1,0,film_clip:李小龍,,
DlTr0cIV3pI_000,DlTr0cIV3pI,A,0,0.578,10.494,9.916,0,0,0,0,0,1,,,
DlTr0cIV3pI_001,DlTr0cIV3pI,A,1,12.45,20.446,7.996,0,0,0,0,0,1,,,
DlTr0cIV3pI_002,DlTr0cIV3pI,B,2,22.018,46.558,24.54,0,0,0,0,0,1,,,
DlTr0cIV3pI_003,DlTr0cIV3pI,B,3,46.53,62.974,16.444,0,0,0,0,0,1,,,
DlTr0cIV3pI_004,DlTr0cIV3pI,A,4,64.898,70.558,5.66,0,0,0,0,0,1,,,
DlTr0cIV3pI_005,DlTr0cIV3pI,A,5,71.33,73.086,1.756,0,0,0,0,0,1,,,
DlTr0cIV3pI_006,DlTr0cIV3pI,A,6,75.106,77.406,2.3,0,0,0,0,0,1,,,
DlTr0cIV3pI_007,DlTr0cIV3pI,C,7,78.114,84.702,6.588,0,0,0,0,0,1,,,
DlTr0cIV3pI_008,DlTr0cIV3pI,C,8,93.058,95.038,1.98,0,0,0,0,0,1,,,
DlTr0cIV3pI_009,DlTr0cIV3pI,B,9,96.674,102.846,6.172,0,0,0,0,0,1,,,
DlTr0cIV3pI_010,DlTr0cIV3pI,A,10,109.826,113.822,3.996,0,0,0,0,0,1,,,
Dx2wTJvIagk_000,Dx2wTJvIagk,A,0,0.962,4.638,3.676,0,0,0,0,0,1,,,
Dx2wTJvIagk_001,Dx2wTJvIagk,A,1,8.93,21.15,12.22,0,0,0,0,0,1,,,
Dx2wTJvIagk_002,Dx2wTJvIagk,A,2,25.442,37.79,12.348,0,0,0,0,0,1,,,
Dx2wTJvIagk_003,Dx2wTJvIagk,A,3,42.21,54.078,11.868,0,0,0,0,0,1,,,
Dx2wTJvIagk_004,Dx2wTJvIagk,A,4,58.69,84.542,25.852,0,0,0,0,0,1,,,
Dx2wTJvIagk_005,Dx2wTJvIagk,B,5,244.994,251.486,6.492,0,0,0,0,0,1,,,
Dx2wTJvIagk_006,Dx2wTJvIagk,A,6,257.954,261.918,3.964,0,0,0,0,0,1,,,
DxIZchf4AhY_000,DxIZchf4AhY,A,0,0.0,12.446,12.446,0,0,0,0,0,1,,,
DxIZchf4AhY_001,DxIZchf4AhY,A,1,37.794,41.47,3.676,0,0,0,0,0,1,,,
DxIZchf4AhY_002,DxIZchf4AhY,A,2,48.29,62.846,14.556,0,0,0,0,0,1,,,
DxIZchf4AhY_003,DxIZchf4AhY,C,3,63.362,74.686,11.324,0,0,0,0,0,1,,,
DxIZchf4AhY_004,DxIZchf4AhY,A,4,84.706,90.27,5.564,0,0,0,0,0,1,,,
DxIZchf4AhY_005,DxIZchf4AhY,A,5,98.658,123.774,25.116,0,0,0,0,0,1,,,
DxIZchf4AhY_006,DxIZchf4AhY,A,6,152.322,164.19,11.868,0,0,0,0,0,1,,,
DxIZchf4AhY_007,DxIZchf4AhY,B,7,179.234,195.774,16.54,0,0,0,0,0,1,,,
DxIZchf4AhY_008,DxIZchf4AhY,C,8,196.034,228.03,31.996,0,0,0,0,0,1,,,
DxIZchf4AhY_009,DxIZchf4AhY,C,9,227.874,245.886,18.012,0,0,0,0,0,1,,,
DxIZchf4AhY_010,DxIZchf4AhY,B,10,247.074,253.822,6.748,0,0,0,0,0,1,,0.0118888951838016,0
DxIZchf4AhY_011,DxIZchf4AhY,A,11,260.354,264.254,3.9,0,0,0,0,0,1,,,
E38mAVkj75o_000,E38mAVkj75o,B,0,0.0,37.086,37.086,0,0,0,0,0,1,,,
E38mAVkj75o_001,E38mAVkj75o,B,1,37.474,63.55,26.076,0,0,0,0,0,1,,,
E38mAVkj75o_002,E38mAVkj75o,A,2,64.898,66.526,1.628,0,0,0,0,0,1,,,
E38mAVkj75o_003,E38mAVkj75o,A,3,67.33,69.438,2.108,0,0,0,0,0,1,,,
E38mAVkj75o_004,E38mAVkj75o,A,4,76.098,86.334,10.236,0,0,0,0,0,1,,,
E38mAVkj75o_005,E38mAVkj75o,A,5,86.85,97.694,10.844,0,0,0,0,0,1,,,
E38mAVkj75o_006,E38mAVkj75o,A,6,99.97,105.502,5.532,0,0,0,0,0,1,,,
E38mAVkj75o_007,E38mAVkj75o,A,7,106.082,110.59,4.508,0,0,0,0,0,1,,,
E38mAVkj75o_008,E38mAVkj75o,B,8,141.09,147.646,6.556,0,0,0,0,0,1,,,
E38mAVkj75o_009,E38mAVkj75o,A,9,154.21,158.078,3.868,0,0,0,0,0,1,,,
E9t_dwH76xA_000,E9t_dwH76xA,A,0,0.0,18.174,18.174,0,0,0,0,0,1,,,
E9t_dwH76xA_001,E9t_dwH76xA,A,1,18.786,42.59,23.804,0,0,0,0,0,1,,,
E9t_dwH76xA_002,E9t_dwH76xA,A,2,43.138,54.814,11.676,0,0,0,0,0,1,,,
E9t_dwH76xA_003,E9t_dwH76xA,A,3,55.746,66.654,10.908,0,0,0,0,0,1,,,
E9t_dwH76xA_004,E9t_dwH76xA,B,4,67.65,85.854,18.204,0,0,0,0,0,1,,,
E9t_dwH76xA_005,E9t_dwH76xA,B,5,92.386,96.318,3.932,0,0,0,0,0,1,,,
E_-8NpZvgX8_000,E_-8NpZvgX8,A,0,0.0,11.934,11.934,0,0,0,0,0,1,,,
E_-8NpZvgX8_001,E_-8NpZvgX8,B,1,72.514,76.702,4.188,0,0,0,0,0,1,,,
E_-8NpZvgX8_002,E_-8NpZvgX8,A,2,83.522,87.23,3.708,0,0,0,0,0,1,,,
EeylsOcnkV0_000,EeylsOcnkV0,B,0,46.818,72.542,25.724,0,0,0,0,0,1,,,
EeylsOcnkV0_001,EeylsOcnkV0,A,1,79.106,83.006,3.9,0,0,0,0,0,1,,,
EjuEqBFmEec_000,EjuEqBFmEec,A,0,4.802,15.134,10.332,0,0,0,1,1,0,film_clip:李小龍,,
EjuEqBFmEec_001,EjuEqBFmEec,A,1,29.474,37.694,8.22,0,0,0,1,1,0,film_clip:李小龍,,
EjuEqBFmEec_002,EjuEqBFmEec,A,2,70.658,80.67,10.012,0,0,0,1,1,0,film_clip:李小龍,,
EjuEqBFmEec_003,EjuEqBFmEec,B,3,94.306,126.494,32.188,0,0,0,1,1,0,film_clip:李小龍,,
EjuEqBFmEec_004,EjuEqBFmEec,B,4,127.362,142.91,15.548,0,0,0,1,1,0,film_clip:李小龍,,
EjuEqBFmEec_005,EjuEqBFmEec,B,5,200.706,216.062,15.356,0,0,0,1,1,0,film_clip:李小龍,,
EjuEqBFmEec_006,EjuEqBFmEec,A,6,222.562,226.462,3.9,0,0,0,1,1,0,film_clip:李小龍,,
EmrhZY6LBz8_000,EmrhZY6LBz8,A,0,33.314,42.046,8.732,0,0,0,0,0,1,,,
EmrhZY6LBz8_001,EmrhZY6LBz8,A,1,73.538,78.11,4.572,0,0,0,0,0,1,,,
EmrhZY6LBz8_002,EmrhZY6LBz8,B,2,85.442,104.414,18.972,0,0,0,0,0,1,,,
EmrhZY6LBz8_003,EmrhZY6LBz8,A,3,109.826,113.822,3.996,0,0,0,0,0,1,,,
EsZChyzmWBk_000,EsZChyzmWBk,A,0,1.25,6.366,5.116,0,0,0,0,0,1,,,
EsZChyzmWBk_001,EsZChyzmWBk,A,1,7.746,11.134,3.388,0,0,0,0,0,1,,,
EsZChyzmWBk_002,EsZChyzmWBk,A,2,13.986,16.702,2.716,0,0,0,0,0,1,,,
EsZChyzmWBk_003,EsZChyzmWBk,A,3,19.202,21.982,2.78,0,0,0,0,0,1,,,
EsZChyzmWBk_004,EsZChyzmWBk,A,4,24.642,36.638,11.996,0,0,0,0,0,1,,,
EsZChyzmWBk_005,EsZChyzmWBk,A,5,39.65,46.718,7.068,0,0,0,0,0,1,,,
EsZChyzmWBk_006,EsZChyzmWBk,A,6,49.314,70.974,21.66,0,0,0,0,0,1,,,
EsZChyzmWBk_007,EsZChyzmWBk,A,7,73.538,107.422,33.884,0,0,0,0,0,1,,,
EsZChyzmWBk_008,EsZChyzmWBk,A,8,109.858,121.726,11.868,0,0,0,0,0,1,,,
EsZChyzmWBk_009,EsZChyzmWBk,B,9,123.522,130.078,6.556,0,0,0,0,0,1,,,
EsZChyzmWBk_010,EsZChyzmWBk,A,10,135.49,139.486,3.996,0,0,0,0,0,1,,,
F38e7ixY4a4_000,F38e7ixY4a4,B,0,0.0,35.582,35.582,0,0,0,1,0,0,film_clip:林黛,,
F38e7ixY4a4_001,F38e7ixY4a4,B,1,35.458,48.126,12.668,0,0,0,1,0,0,film_clip:林黛,,
F38e7ixY4a4_002,F38e7ixY4a4,B,2,91.65,110.622,18.972,0,0,0,1,0,0,film_clip:林黛,,
F38e7ixY4a4_003,F38e7ixY4a4,B,3,110.434,139.518,29.084,0,0,0,1,0,0,film_clip:林黛,,
F38e7ixY4a4_004,F38e7ixY4a4,A,4,169.762,182.398,12.636,0,0,0,1,0,0,film_clip:林黛,,
F38e7ixY4a4_005,F38e7ixY4a4,B,5,184.866,191.614,6.748,0,0,0,1,0,0,film_clip:林黛,,
F38e7ixY4a4_006,F38e7ixY4a4,B,6,198.146,202.078,3.932,0,0,0,1,0,0,film_clip:林黛,,
F8HqdV6ZH6M_000,F8HqdV6ZH6M,A,0,30.914,39.55,8.636,0,0,0,1,1,0,film_clip:李小龍,,
F8HqdV6ZH6M_001,F8HqdV6ZH6M,B,1,136.738,173.854,37.116,0,0,0,1,1,0,film_clip:李小龍,,
F8HqdV6ZH6M_002,F8HqdV6ZH6M,B,2,173.762,208.67,34.908,0,0,0,1,1,0,film_clip:李小龍,,
F8HqdV6ZH6M_003,F8HqdV6ZH6M,C,3,208.514,215.134,6.62,0,0,0,1,1,0,film_clip:李小龍,,
F8HqdV6ZH6M_004,F8HqdV6ZH6M,C,4,215.01,253.374,38.364,0,0,0,1,1,0,film_clip:李小龍,,
F8HqdV6ZH6M_005,F8HqdV6ZH6M,C,5,253.25,264.67,11.42,0,0,0,1,1,0,film_clip:李小龍,,
F8HqdV6ZH6M_006,F8HqdV6ZH6M,A,6,265.506,274.174,8.668,0,0,0,1,1,0,film_clip:李小龍,,
FQbcVgnA-Iw_000,FQbcVgnA-Iw,A,0,0.482,2.302,1.82,0,0,0,0,0,1,,,
FQbcVgnA-Iw_001,FQbcVgnA-Iw,B,1,2.978,42.494,39.516,0,0,0,0,0,1,,,
FQbcVgnA-Iw_002,FQbcVgnA-Iw,B,2,42.306,45.374,3.068,0,0,0,0,0,1,,,
FQbcVgnA-Iw_003,FQbcVgnA-Iw,B,3,51.874,55.806,3.932,0,0,0,0,0,1,,,
G1CmViCBoyE_000,G1CmViCBoyE,B,0,0.0,6.686,6.686,0,0,0,0,0,1,,,
G1CmViCBoyE_001,G1CmViCBoyE,C,1,16.898,19.198,2.3,0,0,0,0,0,1,,,
G1CmViCBoyE_002,G1CmViCBoyE,A,2,19.714,56.158,36.444,0,0,0,0,0,1,,,
G1CmViCBoyE_003,G1CmViCBoyE,B,3,59.938,67.934,7.996,0,0,0,0,0,1,,,
G4HXoD0Za0U_000,G4HXoD0Za0U,A,0,0.706,10.59,9.884,0,0,0,0,0,1,,,
G4HXoD0Za0U_001,G4HXoD0Za0U,A,1,12.866,24.542,11.676,0,0,0,0,0,1,,,
G4HXoD0Za0U_002,G4HXoD0Za0U,A,2,26.85,35.934,9.084,0,0,0,0,0,1,,,
G4HXoD0Za0U_003,G4HXoD0Za0U,B,3,38.274,45.758,7.484,0,0,0,0,0,1,,,
G4HXoD0Za0U_004,G4HXoD0Za0U,B,4,48.066,70.43,22.364,0,0,0,0,0,1,,,
G4HXoD0Za0U_005,G4HXoD0Za0U,B,5,72.706,86.27,13.564,0,0,0,0,0,1,,,
G4HXoD0Za0U_006,G4HXoD0Za0U,B,6,88.578,109.438,20.86,0,0,0,0,0,1,,,
G4HXoD0Za0U_007,G4HXoD0Za0U,B,7,111.746,116.67,4.924,0,0,0,0,0,1,,,
G4HXoD0Za0U_008,G4HXoD0Za0U,A,8,118.85,124.382,5.532,0,0,0,0,0,1,,,
G4HXoD0Za0U_009,G4HXoD0Za0U,A,9,126.85,144.958,18.108,0,0,0,0,0,1,,,
G4HXoD0Za0U_010,G4HXoD0Za0U,A,10,147.234,160.126,12.892,0,0,0,0,0,1,,,
G4HXoD0Za0U_011,G4HXoD0Za0U,A,11,162.498,182.174,19.676,0,0,0,0,0,1,,,
G4HXoD0Za0U_012,G4HXoD0Za0U,A,12,184.45,198.59,14.14,0,0,0,0,0,1,,,
G4HXoD0Za0U_013,G4HXoD0Za0U,A,13,200.898,213.758,12.86,0,0,0,0,0,1,,,
G4HXoD0Za0U_014,G4HXoD0Za0U,A,14,216.194,229.086,12.892,0,0,0,0,0,1,,,
G4HXoD0Za0U_015,G4HXoD0Za0U,A,15,231.394,245.534,14.14,0,0,0,0,0,1,,,
G4HXoD0Za0U_016,G4HXoD0Za0U,B,16,248.066,267.486,19.42,0,0,0,0,0,1,,,
G4HXoD0Za0U_017,G4HXoD0Za0U,B,17,269.954,286.75,16.796,0,0,0,0,0,1,,,
G4HXoD0Za0U_018,G4HXoD0Za0U,A,18,288.898,308.958,20.06,0,0,0,0,0,1,,,
G4HXoD0Za0U_019,G4HXoD0Za0U,A,19,311.298,323.262,11.964,0,0,0,0,0,1,,,
G4HXoD0Za0U_020,G4HXoD0Za0U,B,20,323.842,330.558,6.716,0,0,0,0,0,1,,,
G4HXoD0Za0U_021,G4HXoD0Za0U,A,21,336.994,340.99,3.996,0,0,0,0,0,1,,,
GEIQJZJwm1k_000,GEIQJZJwm1k,A,0,40.866,57.566,16.7,0,0,0,0,0,1,,,
GEIQJZJwm1k_001,GEIQJZJwm1k,A,1,58.338,66.11,7.772,0,0,0,0,0,1,,,
GEIQJZJwm1k_002,GEIQJZJwm1k,B,2,67.426,106.91,39.484,0,0,0,0,0,1,,,
GEIQJZJwm1k_003,GEIQJZJwm1k,B,3,107.106,114.078,6.972,0,0,0,0,0,1,,,
GEIQJZJwm1k_004,GEIQJZJwm1k,A,4,116.002,125.054,9.052,0,0,0,0,0,1,,,
GEIQJZJwm1k_005,GEIQJZJwm1k,A,5,125.57,161.47,35.9,0,0,0,0,0,1,,,
GEIQJZJwm1k_006,GEIQJZJwm1k,B,6,162.05,201.118,39.068,0,0,0,0,0,1,,,
GEIQJZJwm1k_007,GEIQJZJwm1k,B,7,201.186,213.406,12.22,0,0,0,0,0,1,,,
GEIQJZJwm1k_008,GEIQJZJwm1k,A,8,214.114,231.678,17.564,0,0,0,0,0,1,,,
GEIQJZJwm1k_009,GEIQJZJwm1k,B,9,232.29,244.734,12.444,0,0,0,0,0,1,,,
GEIQJZJwm1k_010,GEIQJZJwm1k,A,10,251.266,255.166,3.9,0,0,0,0,0,1,,,
GFVh0R4C_Bw_000,GFVh0R4C_Bw,B,0,0.0,24.702,24.702,0,0,0,0,0,1,,,
GFVh0R4C_Bw_001,GFVh0R4C_Bw,B,1,24.61,43.326,18.716,0,0,0,0,0,1,,,
GFVh0R4C_Bw_002,GFVh0R4C_Bw,A,2,103.522,114.046,10.524,0,0,0,0,0,1,,,
GFVh0R4C_Bw_003,GFVh0R4C_Bw,A,3,224.674,228.126,3.452,0,0,0,0,0,1,,,
GFVh0R4C_Bw_004,GFVh0R4C_Bw,B,4,230.242,236.798,6.556,0,0,0,0,0,1,,,
GFVh0R4C_Bw_005,GFVh0R4C_Bw,B,5,243.33,247.262,3.932,0,0,0,0,0,1,,,
GMkEvBXdQvQ_000,GMkEvBXdQvQ,B,0,0.0,6.686,6.686,0,0,1,0,0,0,recitation:誦讀,,
GMkEvBXdQvQ_001,GMkEvBXdQvQ,A,1,18.754,36.286,17.532,0,0,1,0,0,0,recitation:誦讀,,
GMkEvBXdQvQ_002,GMkEvBXdQvQ,A,2,44.002,65.342,21.34,0,0,1,0,0,0,recitation:誦讀,,
GMkEvBXdQvQ_003,GMkEvBXdQvQ,C,3,73.09,94.846,21.756,0,0,1,0,0,0,recitation:誦讀,,
GMkEvBXdQvQ_004,GMkEvBXdQvQ,C,4,102.306,110.846,8.54,0,0,1,0,0,0,recitation:誦讀,,
GMkEvBXdQvQ_005,GMkEvBXdQvQ,C,5,111.394,124.574,13.18,0,0,1,0,0,0,recitation:誦讀,,
GMkEvBXdQvQ_006,GMkEvBXdQvQ,B,6,129.954,137.918,7.964,0,0,1,0,0,0,recitation:誦讀,,
GQvPGbh4Wcs_000,GQvPGbh4Wcs,B,0,0.0,6.686,6.686,0,0,0,0,0,1,,,
GQvPGbh4Wcs_001,GQvPGbh4Wcs,C,1,14.914,17.63,2.716,0,0,0,0,0,1,,,
GQvPGbh4Wcs_002,GQvPGbh4Wcs,C,2,18.818,25.406,6.588,0,0,0,0,0,1,,,
GQvPGbh4Wcs_003,GQvPGbh4Wcs,A,3,25.922,60.062,34.14,0,0,0,0,0,1,,,
GQvPGbh4Wcs_004,GQvPGbh4Wcs,A,4,60.578,73.566,12.988,0,0,0,0,0,1,,,
GQvPGbh4Wcs_005,GQvPGbh4Wcs,B,5,77.314,85.31,7.996,0,0,0,0,0,1,,,
GVMVx2z4_2w_000,GVMVx2z4_2w,A,0,0.0,26.174,26.174,0,0,0,1,1,0,film_clip:林鳳|銀幕,,
GVMVx2z4_2w_001,GVMVx2z4_2w,B,1,142.85,147.518,4.668,0,0,0,1,1,0,film_clip:林鳳|銀幕,,
GVMVx2z4_2w_002,GVMVx2z4_2w,A,2,154.082,157.886,3.804,0,0,0,1,1,0,film_clip:林鳳|銀幕,,
GjammNDiAvI_000,GjammNDiAvI,A,0,0.0,35.518,35.518,0,0,0,0,0,1,,,
GjammNDiAvI_001,GjammNDiAvI,A,1,36.834,50.27,13.436,0,0,0,0,0,1,,,
GjammNDiAvI_002,GjammNDiAvI,A,2,51.426,64.03,12.604,0,0,0,0,0,1,,,
GjammNDiAvI_003,GjammNDiAvI,B,3,65.602,86.974,21.372,0,0,0,0,0,1,,,
GjammNDiAvI_004,GjammNDiAvI,A,4,93.506,97.406,3.9,0,0,0,0,0,1,,,
Gv-5FWKl3Is_000,Gv-5FWKl3Is,B,0,0.0,36.286,36.286,0,0,0,0,0,1,,,
Gv-5FWKl3Is_001,Gv-5FWKl3Is,B,1,36.706,76.67,39.964,0,0,0,0,0,1,,,
Gv-5FWKl3Is_002,Gv-5FWKl3Is,B,2,76.802,79.422,2.62,0,0,0,0,0,1,,,
Gv-5FWKl3Is_003,Gv-5FWKl3Is,B,3,85.282,90.206,4.924,0,0,0,0,0,1,,,
Gv-5FWKl3Is_004,Gv-5FWKl3Is,A,4,96.738,100.638,3.9,0,0,0,0,0,1,,,
GyF3MkvI5_Q_000,GyF3MkvI5_Q,A,0,1.73,8.542,6.812,0,0,0,0,0,1,,,
GyF3MkvI5_Q_001,GyF3MkvI5_Q,A,1,9.858,13.47,3.612,0,0,0,0,0,1,,,
GyF3MkvI5_Q_002,GyF3MkvI5_Q,A,2,14.946,21.406,6.46,0,0,0,0,0,1,,,
GyF3MkvI5_Q_003,GyF3MkvI5_Q,A,3,23.746,27.55,3.804,0,0,0,0,0,1,,,
GyF3MkvI5_Q_004,GyF3MkvI5_Q,A,4,28.866,32.67,3.804,0,0,0,0,0,1,,,
GyF3MkvI5_Q_005,GyF3MkvI5_Q,A,5,34.178,37.438,3.26,0,0,0,0,0,1,,,
GyF3MkvI5_Q_006,GyF3MkvI5_Q,A,6,39.01,41.694,2.684,0,0,0,0,0,1,,,
GyF3MkvI5_Q_007,GyF3MkvI5_Q,A,7,46.466,50.014,3.548,0,0,0,0,0,1,,,
GyF3MkvI5_Q_008,GyF3MkvI5_Q,A,8,53.346,61.63,8.284,0,0,0,0,0,1,,,
GyF3MkvI5_Q_009,GyF3MkvI5_Q,A,9,63.746,72.03,8.284,0,0,0,0,0,1,,,
GyF3MkvI5_Q_010,GyF3MkvI5_Q,A,10,74.242,80.798,6.556,0,0,0,0,0,1,,,
GyF3MkvI5_Q_011,GyF3MkvI5_Q,A,11,83.778,89.726,5.948,0,0,0,0,0,1,,,
GyF3MkvI5_Q_012,GyF3MkvI5_Q,A,12,91.81,99.838,8.028,0,0,0,0,0,1,,,
GyF3MkvI5_Q_013,GyF3MkvI5_Q,A,13,103.426,110.718,7.292,0,0,0,0,0,1,,,
GyF3MkvI5_Q_014,GyF3MkvI5_Q,A,14,112.962,120.382,7.42,0,0,0,0,0,1,,,
GyF3MkvI5_Q_015,GyF3MkvI5_Q,A,15,122.69,131.038,8.348,0,0,0,0,0,1,,,
GyF3MkvI5_Q_016,GyF3MkvI5_Q,B,16,135.65,142.174,6.524,0,0,0,0,0,1,,,
GyF3MkvI5_Q_017,GyF3MkvI5_Q,A,17,147.618,151.614,3.996,0,0,0,0,0,1,,,
H76OGYLhQ3k_000,H76OGYLhQ3k,A,0,0.098,14.686,14.588,0,0,0,1,0,0,film_clip:李龍基|王青霞,,
H76OGYLhQ3k_001,H76OGYLhQ3k,A,1,15.458,40.158,24.7,0,0,0,1,0,0,film_clip:李龍基|王青霞,,
H76OGYLhQ3k_002,H76OGYLhQ3k,A,2,40.898,52.286,11.388,0,0,0,1,0,0,film_clip:李龍基|王青霞,,
H76OGYLhQ3k_003,H76OGYLhQ3k,A,3,58.562,73.15,14.588,0,0,0,1,0,0,film_clip:李龍基|王青霞,,
H76OGYLhQ3k_004,H76OGYLhQ3k,B,4,74.722,81.47,6.748,0,0,0,1,0,0,film_clip:李龍基|王青霞,,
H76OGYLhQ3k_005,H76OGYLhQ3k,A,5,87.938,91.87,3.932,0,0,0,1,0,0,film_clip:李龍基|王青霞,,
H8P8xQmhwNc_000,H8P8xQmhwNc,A,0,0.0,36.702,36.702,0,0,0,1,1,0,film_clip:李小龍,,
H8P8xQmhwNc_001,H8P8xQmhwNc,B,1,168.258,174.718,6.46,0,0,0,1,1,0,film_clip:李小龍,,
H8P8xQmhwNc_002,H8P8xQmhwNc,B,2,181.218,185.15,3.932,0,0,0,1,1,0,film_clip:李小龍,,
HWBsd3FAzc0_000,HWBsd3FAzc0,A,0,0.802,22.814,22.012,0,0,0,0,0,1,,,
HWBsd3FAzc0_001,HWBsd3FAzc0,B,1,24.162,49.406,25.244,0,0,0,0,0,1,,,
HWBsd3FAzc0_002,HWBsd3FAzc0,B,2,49.506,89.47,39.964,0,0,0,0,0,1,,,
HWBsd3FAzc0_003,HWBsd3FAzc0,B,3,89.442,110.526,21.084,0,0,0,0,0,1,,,
HWBsd3FAzc0_004,HWBsd3FAzc0,B,4,111.01,146.654,35.644,0,0,0,0,0,1,,,
HWBsd3FAzc0_005,HWBsd3FAzc0,B,5,147.042,157.982,10.94,0,0,0,0,0,1,,,
HWBsd3FAzc0_006,HWBsd3FAzc0,A,6,158.658,194.014,35.356,0,0,0,0,0,1,,,
HWBsd3FAzc0_007,HWBsd3FAzc0,B,7,194.658,201.406,6.748,0,0,0,0,0,1,,,
HWBsd3FAzc0_008,HWBsd3FAzc0,A,8,207.938,211.838,3.9,0,0,0,0,0,1,,,
HaFoIJ9r5BA_000,HaFoIJ9r5BA,A,0,0.0,31.87,31.87,0,0,0,0,0,1,,,
HaFoIJ9r5BA_001,HaFoIJ9r5BA,A,1,32.674,44.318,11.644,0,0,0,0,0,1,,,
HaFoIJ9r5BA_002,HaFoIJ9r5BA,A,2,44.898,55.294,10.396,0,0,0,0,0,1,,,
HaFoIJ9r5BA_003,HaFoIJ9r5BA,A,3,56.258,67.102,10.844,0,0,0,0,0,1,,,
HaFoIJ9r5BA_004,HaFoIJ9r5BA,A,4,67.618,78.974,11.356,0,0,0,0,0,1,,,
HaFoIJ9r5BA_005,HaFoIJ9r5BA,B,5,79.746,97.982,18.236,0,0,0,0,0,1,,,
HaFoIJ9r5BA_006,HaFoIJ9r5BA,A,6,104.418,108.318,3.9,0,0,0,0,0,1,,,
HudUFSsgtdY_000,HudUFSsgtdY,B,0,15.202,54.622,39.42,0,0,0,1,1,0,film_clip:李小龍,,
HudUFSsgtdY_001,HudUFSsgtdY,B,1,54.562,72.99,18.428,0,0,0,1,1,0,film_clip:李小龍,,
HudUFSsgtdY_002,HudUFSsgtdY,A,2,76.866,78.494,1.628,0,0,0,1,1,0,film_clip:李小龍,,
HudUFSsgtdY_003,HudUFSsgtdY,A,3,86.37,94.014,7.644,0,0,0,1,1,0,film_clip:李小龍,,
HudUFSsgtdY_004,HudUFSsgtdY,B,4,100.898,107.422,6.524,0,0,0,1,1,0,film_clip:李小龍,,
HudUFSsgtdY_005,HudUFSsgtdY,B,5,113.922,117.886,3.964,0,0,0,1,1,0,film_clip:李小龍,,
HvzKA_f6270_000,HvzKA_f6270,A,0,4.93,22.718,17.788,0,0,0,0,0,1,,,
HvzKA_f6270_001,HvzKA_f6270,A,1,24.994,36.158,11.164,0,0,0,0,0,1,,,
HvzKA_f6270_002,HvzKA_f6270,A,2,38.53,48.958,10.428,0,0,0,0,0,1,,,
HvzKA_f6270_003,HvzKA_f6270,A,3,51.426,61.662,10.236,0,0,0,0,0,1,,,
HvzKA_f6270_004,HvzKA_f6270,A,4,64.098,73.822,9.724,0,0,0,0,0,1,,,
HvzKA_f6270_005,HvzKA_f6270,B,5,76.418,87.262,10.844,0,0,0,0,0,1,,,
HvzKA_f6270_006,HvzKA_f6270,A,6,89.698,100.766,11.068,0,0,0,0,0,1,,,
HvzKA_f6270_007,HvzKA_f6270,A,7,103.362,114.366,11.004,0,0,0,0,0,1,,,
HvzKA_f6270_008,HvzKA_f6270,A,8,117.154,127.678,10.524,0,0,0,0,0,1,,,
HvzKA_f6270_009,HvzKA_f6270,A,9,130.274,141.31,11.036,0,0,0,0,0,1,,,
HvzKA_f6270_010,HvzKA_f6270,B,10,143.778,161.726,17.948,0,0,0,0,0,1,,,
HvzKA_f6270_011,HvzKA_f6270,A,11,167.17,171.166,3.996,0,0,0,0,0,1,,,
I25mx9obTao_000,I25mx9obTao,A,0,0.0,10.814,10.814,0,0,0,0,0,1,,,
I25mx9obTao_001,I25mx9obTao,A,1,11.33,21.982,10.652,0,0,0,0,0,1,,,
I25mx9obTao_002,I25mx9obTao,A,2,22.498,33.406,10.908,0,0,0,0,0,1,,,
I25mx9obTao_003,I25mx9obTao,B,3,33.922,51.55,17.628,0,0,0,0,0,1,,,
I25mx9obTao_004,I25mx9obTao,A,4,58.082,62.014,3.932,0,0,0,0,0,1,,,
I4PruxwTvMI_000,I4PruxwTvMI,A,0,0.0,38.526,38.526,0,0,0,0,0,1,,,
I4PruxwTvMI_001,I4PruxwTvMI,B,1,41.442,76.574,35.132,0,0,0,0,0,1,,,
I4PruxwTvMI_002,I4PruxwTvMI,B,2,76.802,111.87,35.068,0,0,0,0,0,1,,,
I4PruxwTvMI_003,I4PruxwTvMI,B,3,112.034,148.638,36.604,0,0,0,0,0,1,,,
I4PruxwTvMI_004,I4PruxwTvMI,B,4,148.482,164.83,16.348,0,0,0,0,0,1,,,
I4PruxwTvMI_005,I4PruxwTvMI,B,5,193.41,232.318,38.908,0,0,0,0,0,1,,,
I4PruxwTvMI_006,I4PruxwTvMI,B,6,232.29,270.43,38.14,0,0,0,0,0,1,,,
I4PruxwTvMI_007,I4PruxwTvMI,B,7,270.402,299.806,29.404,0,0,0,0,0,1,,,
I4PruxwTvMI_008,I4PruxwTvMI,A,8,306.242,310.238,3.996,0,0,0,0,0,1,,,
IDxcTUrnsv4_000,IDxcTUrnsv4,A,0,4.77,16.35,11.58,0,0,0,0,0,1,,,
IDxcTUrnsv4_001,IDxcTUrnsv4,A,1,18.722,24.766,6.044,0,0,0,0,0,1,,,
IDxcTUrnsv4_002,IDxcTUrnsv4,A,2,27.138,34.206,7.068,0,0,0,0,0,1,,,
IDxcTUrnsv4_003,IDxcTUrnsv4,A,3,36.706,44.542,7.836,0,0,0,0,0,1,,,
IDxcTUrnsv4_004,IDxcTUrnsv4,C,4,46.914,86.526,39.612,0,0,0,0,0,1,,,
IDxcTUrnsv4_005,IDxcTUrnsv4,B,5,86.37,92.542,6.172,0,0,0,0,0,1,,,
IDxcTUrnsv4_006,IDxcTUrnsv4,A,6,95.074,122.846,27.772,0,0,0,0,0,1,,,
IDxcTUrnsv4_007,IDxcTUrnsv4,A,7,125.506,143.23,17.724,0,0,0,0,0,1,,,
IDxcTUrnsv4_008,IDxcTUrnsv4,A,8,145.346,157.214,11.868,0,0,0,0,0,1,,,
IDxcTUrnsv4_009,IDxcTUrnsv4,A,9,159.618,173.438,13.82,0,0,0,0,0,1,,,
IDxcTUrnsv4_010,IDxcTUrnsv4,A,10,175.938,184.51,8.572,0,0,0,0,0,1,,,
IDxcTUrnsv4_011,IDxcTUrnsv4,A,11,186.978,205.054,18.076,0,0,0,0,0,1,,,
IDxcTUrnsv4_012,IDxcTUrnsv4,A,12,207.554,215.486,7.932,0,0,0,0,0,1,,,
IDxcTUrnsv4_013,IDxcTUrnsv4,B,13,218.05,255.806,37.756,0,0,0,0,0,1,,,
IDxcTUrnsv4_014,IDxcTUrnsv4,B,14,255.746,258.43,2.684,0,0,0,0,0,1,,,
IDxcTUrnsv4_015,IDxcTUrnsv4,A,15,260.77,286.334,25.564,0,0,0,0,0,1,,,
IDxcTUrnsv4_016,IDxcTUrnsv4,A,16,288.866,304.926,16.06,0,0,0,0,0,1,,,
IDxcTUrnsv4_017,IDxcTUrnsv4,B,17,307.362,338.878,31.516,0,0,0,0,0,1,,,
IDxcTUrnsv4_018,IDxcTUrnsv4,B,18,338.722,347.998,9.276,0,0,0,0,0,1,,,
IDxcTUrnsv4_019,IDxcTUrnsv4,B,19,349.794,356.542,6.748,0,0,0,0,0,1,,,
IDxcTUrnsv4_020,IDxcTUrnsv4,A,20,361.986,365.95,3.964,0,0,0,0,0,1,,,
IKvAudm2wXs_000,IKvAudm2wXs,A,0,0.0,22.782,22.782,0,0,0,0,0,1,,,
IKvAudm2wXs_001,IKvAudm2wXs,B,1,29.922,36.382,6.46,0,0,0,0,0,1,,,
IKvAudm2wXs_002,IKvAudm2wXs,A,2,42.946,46.814,3.868,0,0,0,0,0,1,,,
INvijfl8Wyk_000,INvijfl8Wyk,A,0,0.0,4.702,4.702,0,0,0,0,0,1,,,
INvijfl8Wyk_001,INvijfl8Wyk,A,1,5.378,15.134,9.756,0,0,0,0,0,1,,,
INvijfl8Wyk_002,INvijfl8Wyk,A,2,16.322,19.806,3.484,0,0,0,0,0,1,,,
INvijfl8Wyk_003,INvijfl8Wyk,A,3,21.122,24.638,3.516,0,0,0,0,0,1,,,
INvijfl8Wyk_004,INvijfl8Wyk,C,4,25.954,29.214,3.26,0,0,0,0,0,1,,,
INvijfl8Wyk_005,INvijfl8Wyk,A,5,30.21,33.854,3.644,0,0,0,0,0,1,,,
INvijfl8Wyk_006,INvijfl8Wyk,A,6,35.266,40.734,5.468,0,0,0,0,0,1,,,
INvijfl8Wyk_007,INvijfl8Wyk,A,7,41.89,66.142,24.252,0,0,0,0,0,1,,,
INvijfl8Wyk_008,INvijfl8Wyk,A,8,67.33,76.574,9.244,0,0,0,0,0,1,,,
INvijfl8Wyk_009,INvijfl8Wyk,A,9,77.25,83.646,6.396,0,0,0,0,0,1,,,
INvijfl8Wyk_010,INvijfl8Wyk,A,10,84.162,88.83,4.668,0,0,0,0,0,1,,,
INvijfl8Wyk_011,INvijfl8Wyk,A,11,89.538,104.35,14.812,0,0,0,0,0,1,,,
INvijfl8Wyk_012,INvijfl8Wyk,A,12,105.73,123.934,18.204,0,0,0,0,0,1,,,
INvijfl8Wyk_013,INvijfl8Wyk,A,13,124.674,134.75,10.076,0,0,0,0,0,1,,,
INvijfl8Wyk_014,INvijfl8Wyk,B,14,137.41,144.126,6.716,0,0,0,0,0,1,,,
INvijfl8Wyk_015,INvijfl8Wyk,A,15,149.57,153.566,3.996,0,0,0,0,0,1,,,
I_jBx-DrsvA_000,I_jBx-DrsvA,A,0,9.89,33.054,23.164,0,0,0,0,0,1,,,
I_jBx-DrsvA_001,I_jBx-DrsvA,A,1,103.202,123.262,20.06,0,0,0,0,0,1,,,
I_jBx-DrsvA_002,I_jBx-DrsvA,B,2,149.09,153.758,4.668,0,0,0,0,0,1,,,
I_jBx-DrsvA_003,I_jBx-DrsvA,B,3,160.354,164.286,3.932,0,0,0,0,0,1,,,
IcBQQKO3XYs_000,IcBQQKO3XYs,A,0,2.882,6.046,3.164,0,0,1,0,0,0,recitation:朗讀,,
IcBQQKO3XYs_001,IcBQQKO3XYs,A,1,6.786,15.966,9.18,0,0,1,0,0,0,recitation:朗讀,,
IcBQQKO3XYs_002,IcBQQKO3XYs,C,2,17.282,19.966,2.684,0,0,1,0,0,0,recitation:朗讀,,
IcBQQKO3XYs_003,IcBQQKO3XYs,C,3,21.698,27.966,6.268,0,0,1,0,0,0,recitation:朗讀,,
IcBQQKO3XYs_004,IcBQQKO3XYs,C,4,29.666,34.654,4.988,0,0,1,0,0,0,recitation:朗讀,,
IcBQQKO3XYs_005,IcBQQKO3XYs,A,5,37.314,40.478,3.164,0,0,1,0,0,0,recitation:朗讀,,
IcBQQKO3XYs_006,IcBQQKO3XYs,A,6,41.09,48.766,7.676,0,0,1,0,0,0,recitation:朗讀,,
IcBQQKO3XYs_007,IcBQQKO3XYs,A,7,49.73,66.142,16.412,0,0,1,0,0,0,recitation:朗讀,,
IcBQQKO3XYs_008,IcBQQKO3XYs,A,8,67.426,79.614,12.188,0,0,1,0,0,0,recitation:朗讀,,
IcBQQKO3XYs_009,IcBQQKO3XYs,A,9,81.026,96.222,15.196,0,0,1,0,0,0,recitation:朗讀,,
IcBQQKO3XYs_010,IcBQQKO3XYs,C,10,98.562,101.278,2.716,0,0,1,0,0,0,recitation:朗讀,,
IcBQQKO3XYs_011,IcBQQKO3XYs,C,11,103.106,109.47,6.364,0,0,1,0,0,0,recitation:朗讀,,
IcBQQKO3XYs_012,IcBQQKO3XYs,C,12,111.682,122.238,10.556,0,0,1,0,0,0,recitation:朗讀,,
IcBQQKO3XYs_013,IcBQQKO3XYs,C,13,124.29,137.118,12.828,0,0,1,0,0,0,recitation:朗讀,,
IcBQQKO3XYs_014,IcBQQKO3XYs,C,14,139.298,152.542,13.244,0,0,1,0,0,0,recitation:朗讀,,
IcBQQKO3XYs_015,IcBQQKO3XYs,A,15,155.65,159.294,3.644,0,0,1,0,0,0,recitation:朗讀,,
IcBQQKO3XYs_016,IcBQQKO3XYs,B,16,161.922,167.71,5.788,0,0,1,0,0,0,recitation:朗讀,,
IcBQQKO3XYs_017,IcBQQKO3XYs,A,17,175.074,179.07,3.996,0,0,1,0,0,0,recitation:朗讀,,
IhZRs2KfY38_000,IhZRs2KfY38,A,0,0.194,38.142,37.948,0,0,0,0,0,1,,,
IhZRs2KfY38_001,IhZRs2KfY38,B,1,162.466,168.862,6.396,0,0,0,0,0,1,,,
IhZRs2KfY38_002,IhZRs2KfY38,A,2,175.522,179.326,3.804,0,0,0,0,0,1,,,
IjWra_3iNgc_000,IjWra_3iNgc,A,0,0.002,16.19,16.188,0,0,0,0,0,1,,,
IjWra_3iNgc_001,IjWra_3iNgc,B,1,19.234,41.79,22.556,0,0,0,0,0,1,,,
IjWra_3iNgc_002,IjWra_3iNgc,B,2,48.29,52.254,3.964,0,0,0,0,0,1,,,
IrQWplUZbAo_000,IrQWplUZbAo,B,0,0.738,37.182,36.444,0,0,0,0,0,1,,,
IrQWplUZbAo_001,IrQWplUZbAo,B,1,37.122,57.47,20.348,0,0,0,0,0,1,,,
IrQWplUZbAo_002,IrQWplUZbAo,B,2,58.402,68.606,10.204,0,0,0,0,0,1,,,
IzqSRRMta9w_000,IzqSRRMta9w,A,0,0.354,5.054,4.7,0,0,0,0,0,1,,,
IzqSRRMta9w_001,IzqSRRMta9w,C,1,5.57,7.454,1.884,0,0,0,0,0,1,,,
IzqSRRMta9w_002,IzqSRRMta9w,C,2,9.314,11.55,2.236,0,0,0,0,0,1,,,
IzqSRRMta9w_003,IzqSRRMta9w,A,3,12.13,13.918,1.788,0,0,0,0,0,1,,,
IzqSRRMta9w_004,IzqSRRMta9w,A,4,15.906,18.238,2.332,0,0,0,0,0,1,,,
IzqSRRMta9w_005,IzqSRRMta9w,C,5,19.234,24.382,5.148,0,0,0,0,0,1,,,
IzqSRRMta9w_006,IzqSRRMta9w,A,6,24.93,27.07,2.14,0,0,0,0,0,1,,,
IzqSRRMta9w_007,IzqSRRMta9w,B,7,33.954,37.15,3.196,0,0,0,0,0,1,,,
IzqSRRMta9w_008,IzqSRRMta9w,B,8,38.338,44.51,6.172,0,0,0,0,0,1,,,
IzqSRRMta9w_009,IzqSRRMta9w,A,9,51.49,55.486,3.996,0,0,0,0,0,1,,,
JIGLmiix5EU_000,JIGLmiix5EU,A,0,0.0,28.286,28.286,0,0,0,0,0,1,,,
JIGLmiix5EU_001,JIGLmiix5EU,A,1,41.314,47.934,6.62,0,0,0,0,0,1,,,
JIGLmiix5EU_002,JIGLmiix5EU,A,2,55.682,73.95,18.268,0,0,0,0,0,1,,,
JIGLmiix5EU_003,JIGLmiix5EU,A,3,74.466,77.406,2.94,0,0,0,0,0,1,,,
JIGLmiix5EU_004,JIGLmiix5EU,A,4,85.858,88.51,2.652,0,0,0,0,0,1,,,
JIGLmiix5EU_005,JIGLmiix5EU,A,5,98.274,102.91,4.636,0,0,0,0,0,1,,,
JIGLmiix5EU_006,JIGLmiix5EU,B,6,105.922,112.67,6.748,0,0,0,0,0,1,,,
JIGLmiix5EU_007,JIGLmiix5EU,A,7,119.202,123.102,3.9,0,0,0,0,0,1,,,
JOwokgIDeyw_000,JOwokgIDeyw,A,0,0.0,15.966,15.966,0,0,0,0,0,1,,,
JOwokgIDeyw_001,JOwokgIDeyw,A,1,26.434,43.422,16.988,0,0,0,0,0,1,,,
JOwokgIDeyw_002,JOwokgIDeyw,A,2,51.138,81.726,30.588,0,0,0,0,0,1,,,
JOwokgIDeyw_003,JOwokgIDeyw,B,3,85.474,92.254,6.78,0,0,0,0,0,1,,,
JOwokgIDeyw_004,JOwokgIDeyw,A,4,98.754,102.654,3.9,0,0,0,0,0,1,,,
JV2q-Wiq6k4_000,JV2q-Wiq6k4,B,0,0.098,34.846,34.748,0,0,0,1,1,0,film_clip:李小龍,,
JV2q-Wiq6k4_001,JV2q-Wiq6k4,B,1,34.754,55.614,20.86,0,0,0,1,1,0,film_clip:李小龍,,
JV2q-Wiq6k4_002,JV2q-Wiq6k4,B,2,56.61,63.39,6.78,0,0,0,1,1,0,film_clip:李小龍,,
JV2q-Wiq6k4_003,JV2q-Wiq6k4,B,3,69.89,73.854,3.964,0,0,0,1,1,0,film_clip:李小龍,,
JZUiihE418Q_000,JZUiihE418Q,B,0,0.0,7.526,7.526,0,0,0,0,0,1,,,
JZUiihE418Q_001,JZUiihE418Q,B,1,7.226,43.894,36.668,0,0,0,0,0,1,,,
JZUiihE418Q_002,JZUiihE418Q,B,2,43.594,49.278,5.684,0,0,0,0,0,1,,,
JZUiihE418Q_003,JZUiihE418Q,C,3,60.834,78.686,17.852,0,0,0,0,0,1,,,
JZUiihE418Q_004,JZUiihE418Q,C,4,79.522,85.246,5.724,0,0,0,0,0,1,,,
JZUiihE418Q_005,JZUiihE418Q,C,5,87.074,109.566,22.492,0,0,0,0,0,1,,,
JZUiihE418Q_006,JZUiihE418Q,C,6,110.402,113.054,2.652,0,0,0,0,0,1,,,
JZUiihE418Q_007,JZUiihE418Q,C,7,116.066,155.198,39.132,0,0,0,0,0,1,,,
JZUiihE418Q_008,JZUiihE418Q,C,8,156.834,182.622,25.788,0,0,0,0,0,1,,,
JZUiihE418Q_009,JZUiihE418Q,B,9,187.65,194.43,6.78,0,0,0,0,0,1,,,
JZUiihE418Q_010,JZUiihE418Q,A,10,200.93,204.83,3.9,0,0,0,0,0,1,,,
J_wNNblannQ_000,J_wNNblannQ,A,0,1.826,21.982,20.156,0,0,0,0,0,1,,,
J_wNNblannQ_001,J_wNNblannQ,A,1,22.594,56.062,33.468,0,0,0,0,0,1,,,
J_wNNblannQ_002,J_wNNblannQ,B,2,61.826,68.606,6.78,0,0,0,0,0,1,,,
J_wNNblannQ_003,J_wNNblannQ,B,3,75.074,79.486,4.412,0,0,0,0,0,1,,,
Jdz6NtNhg_s_000,Jdz6NtNhg_s,A,0,0.546,11.454,10.908,0,0,0,0,0,1,,,
Jdz6NtNhg_s_001,Jdz6NtNhg_s,A,1,12.802,23.614,10.812,0,0,0,0,0,1,,,
Jdz6NtNhg_s_002,Jdz6NtNhg_s,B,2,24.994,35.934,10.94,0,0,0,0,0,1,,,
Jdz6NtNhg_s_003,Jdz6NtNhg_s,A,3,36.834,48.478,11.644,0,0,0,0,0,1,,,
Jdz6NtNhg_s_004,Jdz6NtNhg_s,A,4,49.474,60.51,11.036,0,0,0,0,0,1,,,
Jdz6NtNhg_s_005,Jdz6NtNhg_s,A,5,61.154,72.158,11.004,0,0,0,0,0,1,,,
Jdz6NtNhg_s_006,Jdz6NtNhg_s,A,6,73.57,84.478,10.908,0,0,0,0,0,1,,,
Jdz6NtNhg_s_007,Jdz6NtNhg_s,A,7,85.058,95.998,10.94,0,0,0,0,0,1,,,
Jdz6NtNhg_s_008,Jdz6NtNhg_s,B,8,96.642,103.422,6.78,0,0,0,0,0,1,,,
Jdz6NtNhg_s_009,Jdz6NtNhg_s,A,9,109.89,113.854,3.964,0,0,0,0,0,1,,,
Jr-hyQLu1_A_000,Jr-hyQLu1_A,B,0,0.0,27.71,27.71,0,0,0,0,0,1,,,
Jr-hyQLu1_A_001,Jr-hyQLu1_A,B,1,27.842,60.638,32.796,0,0,0,0,0,1,,,
Jr-hyQLu1_A_002,Jr-hyQLu1_A,B,2,162.626,174.462,11.836,0,0,0,0,0,1,,,
Jr-hyQLu1_A_003,Jr-hyQLu1_A,A,3,180.994,184.894,3.9,0,0,0,0,0,1,,,
K-X5GQcBnTw_000,K-X5GQcBnTw,B,0,0.0,6.686,6.686,0,0,0,0,0,1,,,
K-X5GQcBnTw_001,K-X5GQcBnTw,C,1,16.898,19.198,2.3,0,0,0,0,0,1,,,
K-X5GQcBnTw_002,K-X5GQcBnTw,A,2,19.714,56.158,36.444,0,0,0,0,0,1,,,
K-X5GQcBnTw_003,K-X5GQcBnTw,B,3,59.938,67.934,7.996,0,0,0,0,0,1,,,
KCYPmc59G24_000,KCYPmc59G24,B,0,0.0,35.966,35.966,0,0,0,0,0,1,,,
KCYPmc59G24_001,KCYPmc59G24,B,1,36.162,54.846,18.684,0,0,0,0,0,1,,,
KCYPmc59G24_002,KCYPmc59G24,A,2,61.41,65.31,3.9,0,0,0,0,0,1,,,
KENXYyppSeI_000,KENXYyppSeI,A,0,149.346,153.886,4.54,0,0,0,0,0,1,,,
KENXYyppSeI_001,KENXYyppSeI,A,1,156.258,166.75,10.492,0,0,0,0,0,1,,,
KENXYyppSeI_002,KENXYyppSeI,A,2,167.298,179.614,12.316,0,0,0,0,0,1,,,
KENXYyppSeI_003,KENXYyppSeI,A,3,180.418,193.502,13.084,0,0,0,0,0,1,,,
KENXYyppSeI_004,KENXYyppSeI,B,4,194.274,214.014,19.74,0,0,0,0,0,1,,,
KENXYyppSeI_005,KENXYyppSeI,A,5,220.45,224.446,3.996,0,0,0,0,0,1,,,
KYZMOHEXvdk_000,KYZMOHEXvdk,A,0,0.29,6.334,6.044,0,0,0,0,0,1,,,
KYZMOHEXvdk_001,KYZMOHEXvdk,A,1,24.674,29.214,4.54,0,0,0,0,0,1,,,
KYZMOHEXvdk_002,KYZMOHEXvdk,A,2,30.37,36.542,6.172,0,0,0,0,0,1,,,
KYZMOHEXvdk_003,KYZMOHEXvdk,A,3,38.114,43.55,5.436,0,0,0,0,0,1,,,
KYZMOHEXvdk_004,KYZMOHEXvdk,B,4,44.514,56.958,12.444,0,0,0,0,0,1,,,
KYZMOHEXvdk_005,KYZMOHEXvdk,B,5,63.49,67.422,3.932,0,0,0,0,0,1,,,
KZMmfNaj9RY_000,KZMmfNaj9RY,A,0,0.994,6.494,5.5,0,0,0,0,0,1,,,
KZMmfNaj9RY_001,KZMmfNaj9RY,A,1,8.866,15.102,6.236,0,0,0,0,0,1,,,
KZMmfNaj9RY_002,KZMmfNaj9RY,A,2,17.986,40.734,22.748,0,0,0,0,0,1,,,
KZMmfNaj9RY_003,KZMmfNaj9RY,A,3,44.194,49.118,4.924,0,0,0,0,0,1,,,
KZMmfNaj9RY_004,KZMmfNaj9RY,A,4,50.37,54.014,3.644,0,0,0,0,0,1,,,
KZMmfNaj9RY_005,KZMmfNaj9RY,A,5,57.026,63.198,6.172,0,0,0,0,0,1,,,
KZMmfNaj9RY_006,KZMmfNaj9RY,A,6,65.858,89.982,24.124,0,0,0,0,0,1,,,
KZMmfNaj9RY_007,KZMmfNaj9RY,B,7,92.002,98.686,6.684,0,0,0,0,0,1,,,
KZMmfNaj9RY_008,KZMmfNaj9RY,A,8,104.13,108.126,3.996,0,0,0,0,0,1,,,
KmXNJMVQ5Og_000,KmXNJMVQ5Og,A,0,0.0,32.574,32.574,0,0,0,1,1,0,film_clip:林鳳,,
KmXNJMVQ5Og_001,KmXNJMVQ5Og,A,1,74.786,83.518,8.732,0,0,0,1,1,0,film_clip:林鳳,,
KmXNJMVQ5Og_002,KmXNJMVQ5Og,B,2,155.97,158.91,2.94,0,0,0,1,1,0,film_clip:林鳳,,
KwklVl7E6Ec_000,KwklVl7E6Ec,A,0,0.0,12.062,12.062,0,0,0,0,0,1,,,
KwklVl7E6Ec_001,KwklVl7E6Ec,C,1,12.706,20.478,7.772,0,0,0,0,0,1,,0.1404750645160675,0
KwklVl7E6Ec_002,KwklVl7E6Ec,C,2,28.418,35.71,7.292,0,0,0,0,0,1,,,
KwklVl7E6Ec_003,KwklVl7E6Ec,C,3,42.466,44.254,1.788,0,0,0,0,0,1,,,
KwklVl7E6Ec_004,KwklVl7E6Ec,B,4,79.682,95.326,15.644,0,0,0,0,0,1,,,
KwklVl7E6Ec_005,KwklVl7E6Ec,B,5,137.986,150.43,12.444,0,0,0,0,0,1,,,
KwklVl7E6Ec_006,KwklVl7E6Ec,A,6,156.93,160.83,3.9,0,0,0,0,0,1,,,
Kx_gGVMiiKk_000,Kx_gGVMiiKk,A,0,0.0,19.582,19.582,0,0,0,0,0,1,,,
Kx_gGVMiiKk_001,Kx_gGVMiiKk,A,1,24.802,34.654,9.852,0,0,0,0,0,1,,,
Kx_gGVMiiKk_002,Kx_gGVMiiKk,A,2,37.602,52.414,14.812,0,0,0,0,0,1,,,
Kx_gGVMiiKk_003,Kx_gGVMiiKk,A,3,53.858,79.678,25.82,0,0,0,0,0,1,,,
Kx_gGVMiiKk_004,Kx_gGVMiiKk,A,4,80.994,99.614,18.62,0,0,0,0,0,1,,,
Kx_gGVMiiKk_005,Kx_gGVMiiKk,B,5,100.418,118.142,17.724,0,0,0,0,0,1,,,
Kx_gGVMiiKk_006,Kx_gGVMiiKk,A,6,124.578,128.574,3.996,0,0,0,0,0,1,,,
KxhJLL93qwM_000,KxhJLL93qwM,A,0,0.0,3.294,3.294,0,0,0,0,0,1,,,
KxhJLL93qwM_001,KxhJLL93qwM,A,1,4.066,28.702,24.636,0,0,0,0,0,1,,,
KxhJLL93qwM_002,KxhJLL93qwM,A,2,39.01,68.83,29.82,0,0,0,0,0,1,,,
KxhJLL93qwM_003,KxhJLL93qwM,C,3,70.978,75.166,4.188,0,0,0,0,0,1,,,
KxhJLL93qwM_004,KxhJLL93qwM,C,4,77.538,82.174,4.636,0,0,0,0,0,1,,,
KxhJLL93qwM_005,KxhJLL93qwM,C,5,82.754,85.086,2.332,0,0,0,0,0,1,,,
KxhJLL93qwM_006,KxhJLL93qwM,C,6,85.634,88.67,3.036,0,0,0,0,0,1,,,
KxhJLL93qwM_007,KxhJLL93qwM,C,7,89.762,102.462,12.7,0,0,0,0,0,1,,,
KxhJLL93qwM_008,KxhJLL93qwM,C,8,104.258,106.654,2.396,0,0,0,0,0,1,,,
KxhJLL93qwM_009,KxhJLL93qwM,C,9,112.002,114.43,2.428,0,0,0,0,0,1,,,
KxhJLL93qwM_010,KxhJLL93qwM,C,10,115.362,118.622,3.26,0,0,0,0,0,1,,,
KxhJLL93qwM_011,KxhJLL93qwM,A,11,120.962,137.022,16.06,0,0,0,0,0,1,,,
KxhJLL93qwM_012,KxhJLL93qwM,B,12,253.89,287.422,33.532,0,0,0,0,0,1,,,
KxhJLL93qwM_013,KxhJLL93qwM,A,13,293.922,297.822,3.9,0,0,0,0,0,1,,,
L0lBCEIo_mM_000,L0lBCEIo_mM,A,0,0.0,11.838,11.838,0,0,0,0,0,1,,,
L0lBCEIo_mM_001,L0lBCEIo_mM,B,1,12.706,52.35,39.644,0,0,0,0,0,1,,,
L0lBCEIo_mM_002,L0lBCEIo_mM,B,2,52.194,55.23,3.036,0,0,0,0,0,1,,,
L0lBCEIo_mM_003,L0lBCEIo_mM,A,3,61.73,65.694,3.964,0,0,0,0,0,1,,,
L5BsAkSMLkI_000,L5BsAkSMLkI,B,0,58.178,97.086,38.908,0,0,0,1,1,0,film_clip:李小龍,,
L5BsAkSMLkI_001,L5BsAkSMLkI,B,1,96.994,106.078,9.084,0,0,0,1,1,0,film_clip:李小龍,,
L5BsAkSMLkI_002,L5BsAkSMLkI,A,2,116.322,118.494,2.172,0,0,0,1,1,0,film_clip:李小龍,,
L5BsAkSMLkI_003,L5BsAkSMLkI,B,3,171.106,177.022,5.916,0,0,0,1,1,0,film_clip:李小龍,,
L5BsAkSMLkI_004,L5BsAkSMLkI,A,4,183.586,187.454,3.868,0,0,0,1,1,0,film_clip:李小龍,,
LDZOYnu-vyw_000,LDZOYnu-vyw,B,0,0.0,24.542,24.542,0,1,0,0,0,0,song:經典金曲,,
LDZOYnu-vyw_001,LDZOYnu-vyw,B,1,24.322,45.846,21.524,0,1,0,0,0,0,song:經典金曲,,
LDZOYnu-vyw_002,LDZOYnu-vyw,B,2,45.546,81.502,35.956,0,1,0,0,0,0,song:經典金曲,,
LDZOYnu-vyw_003,LDZOYnu-vyw,A,3,83.394,91.102,7.708,0,1,0,0,0,0,song:經典金曲,,
LDZOYnu-vyw_004,LDZOYnu-vyw,A,4,91.874,124.606,32.732,0,1,0,0,0,0,song:經典金曲,,
LDZOYnu-vyw_005,LDZOYnu-vyw,A,5,130.338,136.542,6.204,0,1,0,0,0,0,song:經典金曲,,
LDZOYnu-vyw_006,LDZOYnu-vyw,B,6,183.042,187.71,4.668,0,1,0,0,0,0,song:經典金曲,,
LDZOYnu-vyw_007,LDZOYnu-vyw,A,7,194.37,198.238,3.868,0,1,0,0,0,0,song:經典金曲,,
LFUl2V-6ZLA_000,LFUl2V-6ZLA,B,0,4.706,42.174,37.468,0,0,0,0,0,1,,,
LFUl2V-6ZLA_001,LFUl2V-6ZLA,B,1,42.402,54.078,11.676,0,0,0,0,0,1,,,
LFUl2V-6ZLA_002,LFUl2V-6ZLA,A,2,54.978,59.006,4.028,0,0,0,0,0,1,,,
LFUl2V-6ZLA_003,LFUl2V-6ZLA,B,3,59.842,76.446,16.604,0,0,0,0,0,1,,,
LFUl2V-6ZLA_004,LFUl2V-6ZLA,B,4,82.978,87.422,4.444,0,0,0,0,0,1,,,
LSd2tyfd6KI_000,LSd2tyfd6KI,A,0,8.77,10.334,1.564,0,0,0,0,0,1,,,
LSd2tyfd6KI_001,LSd2tyfd6KI,B,1,48.066,63.134,15.068,0,0,0,0,0,1,,,
LSd2tyfd6KI_002,LSd2tyfd6KI,A,2,65.794,94.526,28.732,0,0,0,0,0,1,,,
LSd2tyfd6KI_003,LSd2tyfd6KI,A,3,95.266,118.014,22.748,0,0,0,0,0,1,,,
LSd2tyfd6KI_004,LSd2tyfd6KI,A,4,119.778,125.662,5.884,0,0,0,0,0,1,,,
LSd2tyfd6KI_005,LSd2tyfd6KI,A,5,126.466,137.054,10.588,0,0,0,0,0,1,,,
LSd2tyfd6KI_006,LSd2tyfd6KI,A,6,139.49,144.99,5.5,0,0,0,0,0,1,,,
LSd2tyfd6KI_007,LSd2tyfd6KI,A,7,148.258,163.262,15.004,0,0,0,0,0,1,,,
LSd2tyfd6KI_008,LSd2tyfd6KI,B,8,166.21,200.542,34.332,0,0,0,0,0,1,,,
LSd2tyfd6KI_009,LSd2tyfd6KI,B,9,207.042,211.006,3.964,0,0,0,0,0,1,,,
LVOqQ1EJm5k_000,LVOqQ1EJm5k,A,0,0.802,14.174,13.372,0,0,0,0,0,1,,,
LVOqQ1EJm5k_001,LVOqQ1EJm5k,A,1,14.786,24.702,9.916,0,0,0,0,0,1,,,
LVOqQ1EJm5k_002,LVOqQ1EJm5k,A,2,26.498,36.254,9.756,0,0,0,0,0,1,,,
LVOqQ1EJm5k_003,LVOqQ1EJm5k,A,3,37.858,62.334,24.476,0,0,0,0,0,1,,,
LVOqQ1EJm5k_004,LVOqQ1EJm5k,A,4,63.874,69.598,5.724,0,0,0,0,0,1,,,
LVOqQ1EJm5k_005,LVOqQ1EJm5k,A,5,71.266,89.214,17.948,0,0,0,0,0,1,,,
LVOqQ1EJm5k_006,LVOqQ1EJm5k,B,6,90.754,126.046,35.292,0,0,0,0,0,1,,,
LVOqQ1EJm5k_007,LVOqQ1EJm5k,C,7,126.21,159.998,33.788,0,0,0,0,0,1,,,
LVOqQ1EJm5k_008,LVOqQ1EJm5k,B,8,166.178,206.27,40.092,0,0,0,0,0,1,,,
LVOqQ1EJm5k_009,LVOqQ1EJm5k,B,9,206.466,239.55,33.084,0,0,0,0,0,1,,,
LVOqQ1EJm5k_010,LVOqQ1EJm5k,B,10,239.426,250.686,11.26,0,0,0,0,0,1,,,
LVOqQ1EJm5k_011,LVOqQ1EJm5k,B,11,252.29,258.462,6.172,0,0,0,0,0,1,,,
LVOqQ1EJm5k_012,LVOqQ1EJm5k,A,12,265.474,269.47,3.996,0,0,0,0,0,1,,,
Lbms7nr19f0_000,Lbms7nr19f0,A,0,11.554,18.366,6.812,0,0,0,0,0,1,,,
Lbms7nr19f0_001,Lbms7nr19f0,A,1,35.65,45.822,10.172,0,0,0,0,0,1,,,
Lbms7nr19f0_002,Lbms7nr19f0,A,2,70.082,96.03,25.948,0,0,0,0,0,1,,,
Lbms7nr19f0_003,Lbms7nr19f0,A,3,96.706,103.07,6.364,0,0,0,0,0,1,,,
Lbms7nr19f0_004,Lbms7nr19f0,A,4,103.65,114.622,10.972,0,0,0,0,0,1,,,
Lbms7nr19f0_005,Lbms7nr19f0,A,5,115.586,120.99,5.404,0,0,0,0,0,1,,,
Lbms7nr19f0_006,Lbms7nr19f0,B,6,125.858,132.606,6.748,0,0,0,0,0,1,,,
Lbms7nr19f0_007,Lbms7nr19f0,A,7,139.138,143.038,3.9,0,0,0,0,0,1,,,
LpzKTGMmCyA_000,LpzKTGMmCyA,A,0,0.578,8.03,7.452,0,0,0,0,0,1,,,
LpzKTGMmCyA_001,LpzKTGMmCyA,A,1,9.282,21.15,11.868,0,0,0,0,0,1,,,
LpzKTGMmCyA_002,LpzKTGMmCyA,A,2,22.562,34.238,11.676,0,0,0,0,0,1,,,
LpzKTGMmCyA_003,LpzKTGMmCyA,A,3,35.298,47.742,12.444,0,0,0,0,0,1,,,
LpzKTGMmCyA_004,LpzKTGMmCyA,A,4,50.018,62.814,12.796,0,0,0,0,0,1,,,
LpzKTGMmCyA_005,LpzKTGMmCyA,A,5,64.802,76.926,12.124,0,0,0,0,0,1,,,
LpzKTGMmCyA_006,LpzKTGMmCyA,A,6,78.978,91.102,12.124,0,0,0,0,0,1,,,
LpzKTGMmCyA_007,LpzKTGMmCyA,A,7,93.026,101.246,8.22,0,0,0,0,0,1,,,
LpzKTGMmCyA_008,LpzKTGMmCyA,B,8,103.042,117.118,14.076,0,0,0,0,0,1,,,
LpzKTGMmCyA_009,LpzKTGMmCyA,A,9,123.682,127.582,3.9,0,0,0,0,0,1,,,
Lv9TPbpnAYo_000,Lv9TPbpnAYo,B,0,0.0,1.598,1.598,0,0,0,1,1,0,film_clip:李小龍,,
Lv9TPbpnAYo_001,Lv9TPbpnAYo,B,1,3.714,42.238,38.524,0,0,0,1,1,0,film_clip:李小龍,,
Lv9TPbpnAYo_002,Lv9TPbpnAYo,B,2,42.434,55.518,13.084,0,0,0,1,1,0,film_clip:李小龍,,
Lv9TPbpnAYo_003,Lv9TPbpnAYo,B,3,83.202,89.63,6.428,0,0,0,1,1,0,film_clip:李小龍,,
Lv9TPbpnAYo_004,Lv9TPbpnAYo,A,4,96.13,100.094,3.964,0,0,0,1,1,0,film_clip:李小龍,,
MBHkFxvbVy0_000,MBHkFxvbVy0,C,0,2.338,6.59,4.252,0,0,0,0,0,1,,,
MBHkFxvbVy0_001,MBHkFxvbVy0,A,1,7.778,11.39,3.612,0,0,0,0,0,1,,,
MBHkFxvbVy0_002,MBHkFxvbVy0,A,2,12.77,16.702,3.932,0,0,0,0,0,1,,,
MBHkFxvbVy0_003,MBHkFxvbVy0,A,3,19.458,24.094,4.636,0,0,0,0,0,1,,,
MBHkFxvbVy0_004,MBHkFxvbVy0,C,4,26.274,46.43,20.156,0,0,0,0,0,1,,,
MBHkFxvbVy0_005,MBHkFxvbVy0,A,5,48.226,72.734,24.508,0,0,0,0,0,1,,,
MBHkFxvbVy0_006,MBHkFxvbVy0,B,6,80.962,87.71,6.748,0,0,0,0,0,1,,,
MBHkFxvbVy0_007,MBHkFxvbVy0,A,7,93.122,97.15,4.028,0,0,0,0,0,1,,,
MDNBEqwzQTA_000,MDNBEqwzQTA,C,0,0.034,2.046,2.012,0,0,0,0,0,1,,,
MDNBEqwzQTA_001,MDNBEqwzQTA,A,1,2.594,7.422,4.828,0,0,0,0,0,1,,,
MDNBEqwzQTA_002,MDNBEqwzQTA,A,2,8.194,13.118,4.924,0,0,0,0,0,1,,,
MDNBEqwzQTA_003,MDNBEqwzQTA,C,3,13.698,15.71,2.012,0,0,0,0,0,1,,,
MDNBEqwzQTA_004,MDNBEqwzQTA,C,4,16.77,19.902,3.132,0,0,0,0,0,1,,,
MDNBEqwzQTA_005,MDNBEqwzQTA,A,5,24.066,32.254,8.188,0,0,0,0,0,1,,,
MDNBEqwzQTA_006,MDNBEqwzQTA,A,6,32.93,45.342,12.412,0,0,0,0,0,1,,,
MDNBEqwzQTA_007,MDNBEqwzQTA,A,7,45.89,67.422,21.532,0,0,0,0,0,1,,,
MDNBEqwzQTA_008,MDNBEqwzQTA,A,8,70.562,73.31,2.748,0,0,0,0,0,1,,,
MDNBEqwzQTA_009,MDNBEqwzQTA,A,9,76.45,95.134,18.684,0,0,0,0,0,1,,,
MDNBEqwzQTA_010,MDNBEqwzQTA,A,10,125.986,147.678,21.692,0,0,0,0,0,1,,,
MDNBEqwzQTA_011,MDNBEqwzQTA,A,11,148.29,160.222,11.932,0,0,0,0,0,1,,,
MDNBEqwzQTA_012,MDNBEqwzQTA,A,12,160.898,172.958,12.06,0,0,0,0,0,1,,,
MDNBEqwzQTA_013,MDNBEqwzQTA,B,13,181.73,188.19,6.46,0,0,0,0,0,1,,,
MDNBEqwzQTA_014,MDNBEqwzQTA,B,14,194.69,198.654,3.964,0,0,0,0,0,1,,,
MKF8KnsyaJs_000,MKF8KnsyaJs,A,0,2.242,8.542,6.3,0,0,0,1,1,0,film_clip:李小龍,,
MKF8KnsyaJs_001,MKF8KnsyaJs,A,1,15.586,26.91,11.324,0,0,0,1,1,0,film_clip:李小龍,,
MKF8KnsyaJs_002,MKF8KnsyaJs,A,2,29.538,67.806,38.268,0,0,0,1,1,0,film_clip:李小龍,,
MKF8KnsyaJs_003,MKF8KnsyaJs,A,3,71.49,75.358,3.868,0,0,0,1,1,0,film_clip:李小龍,,
MKF8KnsyaJs_004,MKF8KnsyaJs,A,4,75.906,90.238,14.332,0,0,0,1,1,0,film_clip:李小龍,,
MKF8KnsyaJs_005,MKF8KnsyaJs,C,5,190.786,198.91,8.124,0,0,0,1,1,0,film_clip:李小龍,,
MKF8KnsyaJs_006,MKF8KnsyaJs,A,6,202.37,210.078,7.708,0,0,0,1,1,0,film_clip:李小龍,,
MKF8KnsyaJs_007,MKF8KnsyaJs,B,7,212.834,219.326,6.492,0,0,0,1,1,0,film_clip:李小龍,,
MKF8KnsyaJs_008,MKF8KnsyaJs,A,8,225.89,229.79,3.9,0,0,0,1,1,0,film_clip:李小龍,,
MR_pKvMisRk_000,MR_pKvMisRk,B,0,0.0,31.454,31.454,0,0,0,0,0,1,,,
MR_pKvMisRk_001,MR_pKvMisRk,B,1,31.362,68.798,37.436,0,0,0,0,0,1,,,
MR_pKvMisRk_002,MR_pKvMisRk,B,2,68.642,73.63,4.988,0,0,0,0,0,1,,,
MR_pKvMisRk_003,MR_pKvMisRk,A,3,80.098,84.03,3.932,0,0,0,0,0,1,,,
MSV39CPq9kg_000,MSV39CPq9kg,A,0,50.626,57.214,6.588,0,0,0,0,0,1,,,
MSV39CPq9kg_001,MSV39CPq9kg,A,1,57.922,76.158,18.236,0,0,0,0,0,1,,,
MSV39CPq9kg_002,MSV39CPq9kg,A,2,76.834,83.294,6.46,0,0,0,0,0,1,,,
MSV39CPq9kg_003,MSV39CPq9kg,B,3,83.81,92.862,9.052,0,0,0,0,0,1,,,
MSV39CPq9kg_004,MSV39CPq9kg,A,4,99.394,103.294,3.9,0,0,0,0,0,1,,,
MT-FHleifxc_000,MT-FHleifxc,B,0,291.618,311.198,19.58,0,0,0,0,0,1,,,
MT-FHleifxc_001,MT-FHleifxc,A,1,316.482,320.478,3.996,0,0,0,0,0,1,,,
MUch03ZpJQ4_000,MUch03ZpJQ4,C,0,0.0,23.454,23.454,0,0,0,1,0,0,film_clip:林黛,,
MUch03ZpJQ4_001,MUch03ZpJQ4,C,1,24.642,30.142,5.5,0,0,0,1,0,0,film_clip:林黛,,
MUch03ZpJQ4_002,MUch03ZpJQ4,C,2,32.162,37.438,5.276,0,0,0,1,0,0,film_clip:林黛,,
MUch03ZpJQ4_003,MUch03ZpJQ4,C,3,39.362,44.958,5.596,0,0,0,1,0,0,film_clip:林黛,,
MUch03ZpJQ4_004,MUch03ZpJQ4,C,4,46.53,52.222,5.692,0,0,0,1,0,0,film_clip:林黛,,
MUch03ZpJQ4_005,MUch03ZpJQ4,C,5,53.73,59.486,5.756,0,0,0,1,0,0,film_clip:林黛,,
MUch03ZpJQ4_006,MUch03ZpJQ4,C,6,61.122,66.526,5.404,0,0,0,1,0,0,film_clip:林黛,,
MUch03ZpJQ4_007,MUch03ZpJQ4,C,7,68.354,73.95,5.596,0,0,0,1,0,0,film_clip:林黛,,
MUch03ZpJQ4_008,MUch03ZpJQ4,C,8,75.746,81.214,5.468,0,0,0,1,0,0,film_clip:林黛,,
MUch03ZpJQ4_009,MUch03ZpJQ4,C,9,82.85,88.318,5.468,0,0,0,1,0,0,film_clip:林黛,,
MUch03ZpJQ4_010,MUch03ZpJQ4,C,10,90.306,95.646,5.34,0,0,0,1,0,0,film_clip:林黛,,
MUch03ZpJQ4_011,MUch03ZpJQ4,C,11,97.506,102.814,5.308,0,0,0,1,0,0,film_clip:林黛,,
MUch03ZpJQ4_012,MUch03ZpJQ4,C,12,104.578,110.27,5.692,0,0,0,1,0,0,film_clip:林黛,,
MUch03ZpJQ4_013,MUch03ZpJQ4,C,13,111.746,117.438,5.692,0,0,0,1,0,0,film_clip:林黛,,
MUch03ZpJQ4_014,MUch03ZpJQ4,C,14,119.33,124.638,5.308,0,0,0,1,0,0,film_clip:林黛,,
MUch03ZpJQ4_015,MUch03ZpJQ4,C,15,126.402,131.934,5.532,0,0,0,1,0,0,film_clip:林黛,,
MUch03ZpJQ4_016,MUch03ZpJQ4,C,16,133.73,139.134,5.404,0,0,0,1,0,0,film_clip:林黛,,
MUch03ZpJQ4_017,MUch03ZpJQ4,C,17,140.93,146.27,5.34,0,0,0,1,0,0,film_clip:林黛,,
MUch03ZpJQ4_018,MUch03ZpJQ4,C,18,148.226,153.982,5.756,0,0,0,1,0,0,film_clip:林黛,,
MUch03ZpJQ4_019,MUch03ZpJQ4,C,19,155.49,161.086,5.596,0,0,0,1,0,0,film_clip:林黛,,
MUch03ZpJQ4_020,MUch03ZpJQ4,C,20,162.69,168.35,5.66,0,0,0,1,0,0,film_clip:林黛,,
MUch03ZpJQ4_021,MUch03ZpJQ4,C,21,169.986,175.422,5.436,0,0,0,1,0,0,film_clip:林黛,,
MUch03ZpJQ4_022,MUch03ZpJQ4,C,22,177.314,183.006,5.692,0,0,0,1,0,0,film_clip:林黛,,
MUch03ZpJQ4_023,MUch03ZpJQ4,C,23,184.738,190.078,5.34,0,0,0,1,0,0,film_clip:林黛,,
MUch03ZpJQ4_024,MUch03ZpJQ4,C,24,191.81,197.31,5.5,0,0,0,1,0,0,film_clip:林黛,,
MUch03ZpJQ4_025,MUch03ZpJQ4,C,25,198.914,204.67,5.756,0,0,0,1,0,0,film_clip:林黛,,
MUch03ZpJQ4_026,MUch03ZpJQ4,C,26,206.466,211.998,5.532,0,0,0,1,0,0,film_clip:林黛,,
MUch03ZpJQ4_027,MUch03ZpJQ4,C,27,213.602,219.326,5.724,0,0,0,1,0,0,film_clip:林黛,,
MUch03ZpJQ4_028,MUch03ZpJQ4,C,28,221.026,226.43,5.404,0,0,0,1,0,0,film_clip:林黛,,
MUch03ZpJQ4_029,MUch03ZpJQ4,C,29,228.354,234.014,5.66,0,0,0,1,0,0,film_clip:林黛,,
MUch03ZpJQ4_030,MUch03ZpJQ4,C,30,235.362,241.054,5.692,0,0,0,1,0,0,film_clip:林黛,,
MUch03ZpJQ4_031,MUch03ZpJQ4,C,31,242.85,248.126,5.276,0,0,0,1,0,0,film_clip:林黛,,
MUch03ZpJQ4_032,MUch03ZpJQ4,C,32,249.858,255.55,5.692,0,0,0,1,0,0,film_clip:林黛,,
MUch03ZpJQ4_033,MUch03ZpJQ4,C,33,257.026,262.43,5.404,0,0,0,1,0,0,film_clip:林黛,,
MUch03ZpJQ4_034,MUch03ZpJQ4,C,34,264.546,270.046,5.5,0,0,0,1,0,0,film_clip:林黛,,
MUch03ZpJQ4_035,MUch03ZpJQ4,C,35,271.714,277.15,5.436,0,0,0,1,0,0,film_clip:林黛,,
MUch03ZpJQ4_036,MUch03ZpJQ4,C,36,278.914,284.446,5.532,0,0,0,1,0,0,film_clip:林黛,,
MUch03ZpJQ4_037,MUch03ZpJQ4,C,37,286.242,291.582,5.34,0,0,0,1,0,0,film_clip:林黛,,
MUch03ZpJQ4_038,MUch03ZpJQ4,C,38,293.346,299.678,6.332,0,0,0,1,0,0,film_clip:林黛,,
MUch03ZpJQ4_039,MUch03ZpJQ4,C,39,300.77,306.334,5.564,0,0,0,1,0,0,film_clip:林黛,,
MUch03ZpJQ4_040,MUch03ZpJQ4,C,40,308.226,313.95,5.724,0,0,0,1,0,0,film_clip:林黛,,
MUch03ZpJQ4_041,MUch03ZpJQ4,C,41,315.682,320.766,5.084,0,0,0,1,0,0,film_clip:林黛,,
MUch03ZpJQ4_042,MUch03ZpJQ4,C,42,322.53,328.158,5.628,0,0,0,1,0,0,film_clip:林黛,,
MUch03ZpJQ4_043,MUch03ZpJQ4,C,43,329.922,335.518,5.596,0,0,0,1,0,0,film_clip:林黛,,
MUch03ZpJQ4_044,MUch03ZpJQ4,C,44,337.186,343.038,5.852,0,0,0,1,0,0,film_clip:林黛,,
MUch03ZpJQ4_045,MUch03ZpJQ4,C,45,344.386,350.814,6.428,0,0,0,1,0,0,film_clip:林黛,,
MUch03ZpJQ4_046,MUch03ZpJQ4,C,46,351.81,357.214,5.404,0,0,0,1,0,0,film_clip:林黛,,
MUch03ZpJQ4_047,MUch03ZpJQ4,C,47,358.914,363.934,5.02,0,0,0,1,0,0,film_clip:林黛,,
MUch03ZpJQ4_048,MUch03ZpJQ4,C,48,366.306,371.55,5.244,0,0,0,1,0,0,film_clip:林黛,,
MUch03ZpJQ4_049,MUch03ZpJQ4,C,49,373.442,379.166,5.724,0,0,0,1,0,0,film_clip:林黛,,
MUch03ZpJQ4_050,MUch03ZpJQ4,C,50,380.738,386.334,5.596,0,0,0,1,0,0,film_clip:林黛,,
MUch03ZpJQ4_051,MUch03ZpJQ4,C,51,388.002,394.078,6.076,0,0,0,1,0,0,film_clip:林黛,,
MUch03ZpJQ4_052,MUch03ZpJQ4,C,52,395.266,400.734,5.468,0,0,0,1,0,0,film_clip:林黛,,
MUch03ZpJQ4_053,MUch03ZpJQ4,C,53,402.69,408.158,5.468,0,0,0,1,0,0,film_clip:林黛,,
MUch03ZpJQ4_054,MUch03ZpJQ4,C,54,410.018,415.102,5.084,0,0,0,1,0,0,film_clip:林黛,,
MUch03ZpJQ4_055,MUch03ZpJQ4,C,55,417.09,423.87,6.78,0,0,0,1,0,0,film_clip:林黛,,
MUch03ZpJQ4_056,MUch03ZpJQ4,C,56,424.418,429.982,5.564,0,0,0,1,0,0,film_clip:林黛,,
MUch03ZpJQ4_057,MUch03ZpJQ4,C,57,431.554,437.214,5.66,0,0,0,1,0,0,film_clip:林黛,,
MUch03ZpJQ4_058,MUch03ZpJQ4,C,58,438.946,444.318,5.372,0,0,0,1,0,0,film_clip:林黛,,
MUch03ZpJQ4_059,MUch03ZpJQ4,C,59,446.21,451.646,5.436,0,0,0,1,0,0,film_clip:林黛,,
MUch03ZpJQ4_060,MUch03ZpJQ4,C,60,452.962,458.782,5.82,0,0,0,1,0,0,film_clip:林黛,,
MUch03ZpJQ4_061,MUch03ZpJQ4,C,61,465.506,470.43,4.924,0,0,0,1,0,0,film_clip:林黛,,
MUch03ZpJQ4_062,MUch03ZpJQ4,C,62,472.258,477.982,5.724,0,0,0,1,0,0,film_clip:林黛,,
MUch03ZpJQ4_063,MUch03ZpJQ4,C,63,479.682,484.926,5.244,0,0,0,1,0,0,film_clip:林黛,,
MUch03ZpJQ4_064,MUch03ZpJQ4,C,64,487.074,492.51,5.436,0,0,0,1,0,0,film_clip:林黛,,
MUch03ZpJQ4_065,MUch03ZpJQ4,C,65,493.698,513.054,19.356,0,0,0,1,0,0,film_clip:林黛,,
MUch03ZpJQ4_066,MUch03ZpJQ4,C,66,514.466,524.51,10.044,0,0,0,1,0,0,film_clip:林黛,,
MUch03ZpJQ4_067,MUch03ZpJQ4,C,67,525.762,538.654,12.892,0,0,0,1,0,0,film_clip:林黛,,
MUch03ZpJQ4_068,MUch03ZpJQ4,C,68,540.29,546.782,6.492,0,0,0,1,0,0,film_clip:林黛,,
MUch03ZpJQ4_069,MUch03ZpJQ4,C,69,547.842,557.63,9.788,0,0,0,1,0,0,film_clip:林黛,,
MUch03ZpJQ4_070,MUch03ZpJQ4,C,70,559.298,572.734,13.436,0,0,0,1,0,0,film_clip:林黛,,
MX0Rr0G3OGA_000,MX0Rr0G3OGA,A,0,6.274,9.726,3.452,0,0,0,0,0,1,,,
MX0Rr0G3OGA_001,MX0Rr0G3OGA,A,1,12.29,16.382,4.092,0,0,0,0,0,1,,,
MX0Rr0G3OGA_002,MX0Rr0G3OGA,A,2,18.53,20.19,1.66,0,0,0,0,0,1,,,
MX0Rr0G3OGA_003,MX0Rr0G3OGA,A,3,22.786,24.638,1.852,0,0,0,0,0,1,,,
MX0Rr0G3OGA_004,MX0Rr0G3OGA,A,4,26.914,30.814,3.9,0,0,0,0,0,1,,,
MX0Rr0G3OGA_005,MX0Rr0G3OGA,A,5,33.602,38.494,4.892,0,0,0,0,0,1,,,
MX0Rr0G3OGA_006,MX0Rr0G3OGA,A,6,41.282,50.27,8.988,0,0,0,0,0,1,,,
MX0Rr0G3OGA_007,MX0Rr0G3OGA,A,7,53.058,57.758,4.7,0,0,0,0,0,1,,,
MX0Rr0G3OGA_008,MX0Rr0G3OGA,A,8,60.034,61.95,1.916,0,0,0,0,0,1,,,
MX0Rr0G3OGA_009,MX0Rr0G3OGA,A,9,64.194,68.798,4.604,0,0,0,0,0,1,,,
MX0Rr0G3OGA_010,MX0Rr0G3OGA,A,10,71.234,74.526,3.292,0,0,0,0,0,1,,,
MX0Rr0G3OGA_011,MX0Rr0G3OGA,B,11,76.706,87.902,11.196,0,0,0,0,0,1,,,
MX0Rr0G3OGA_012,MX0Rr0G3OGA,A,12,94.53,98.398,3.868,0,0,0,0,0,1,,,
MYWedTctdeg_000,MYWedTctdeg,A,0,0.0,19.934,19.934,0,0,0,1,1,0,film_clip:李小龍,,
MYWedTctdeg_001,MYWedTctdeg,A,1,45.986,59.518,13.532,0,0,0,1,1,0,film_clip:李小龍,,
MYWedTctdeg_002,MYWedTctdeg,A,2,176.674,191.582,14.908,0,0,0,1,1,0,film_clip:李小龍,,
MYWedTctdeg_003,MYWedTctdeg,B,3,192.226,202.046,9.82,0,0,0,1,1,0,film_clip:李小龍,,
MYWedTctdeg_004,MYWedTctdeg,A,4,208.706,212.574,3.868,0,0,0,1,1,0,film_clip:李小龍,,
N6RGCMRicA8_000,N6RGCMRicA8,C,0,0.0,6.686,6.686,0,0,0,0,0,1,,,
N6RGCMRicA8_001,N6RGCMRicA8,C,1,18.722,35.454,16.732,0,0,0,0,0,1,,,
N6RGCMRicA8_002,N6RGCMRicA8,B,2,42.658,68.158,25.5,0,0,0,0,0,1,,,
N6RGCMRicA8_003,N6RGCMRicA8,C,3,72.098,74.43,2.332,0,0,0,0,0,1,,,
N6RGCMRicA8_004,N6RGCMRicA8,C,4,79.874,81.534,1.66,0,0,0,0,0,1,,,
N6RGCMRicA8_005,N6RGCMRicA8,C,5,82.498,84.35,1.852,0,0,0,0,0,1,,,
N6RGCMRicA8_006,N6RGCMRicA8,C,6,86.594,88.318,1.724,0,0,0,0,0,1,,,
N6RGCMRicA8_007,N6RGCMRicA8,C,7,89.762,92.638,2.876,0,0,0,0,0,1,,,
N6RGCMRicA8_008,N6RGCMRicA8,C,8,94.978,97.438,2.46,0,0,0,0,0,1,,,
N6RGCMRicA8_009,N6RGCMRicA8,A,9,100.418,110.366,9.948,0,0,0,0,0,1,,,
N6RGCMRicA8_010,N6RGCMRicA8,A,10,111.042,118.91,7.868,0,0,0,0,0,1,,,
N6RGCMRicA8_011,N6RGCMRicA8,A,11,119.586,125.662,6.076,0,0,0,0,0,1,,,
N6RGCMRicA8_012,N6RGCMRicA8,A,12,126.434,129.47,3.036,0,0,0,0,0,1,,,
N6RGCMRicA8_013,N6RGCMRicA8,C,13,130.018,133.118,3.1,0,0,0,0,0,1,,,
N6RGCMRicA8_014,N6RGCMRicA8,A,14,133.73,136.446,2.716,0,0,0,0,0,1,,,
N6RGCMRicA8_015,N6RGCMRicA8,C,15,137.058,142.302,5.244,0,0,0,0,0,1,,,
N6RGCMRicA8_016,N6RGCMRicA8,A,16,145.154,182.462,37.308,0,0,0,0,0,1,,,
N6RGCMRicA8_017,N6RGCMRicA8,A,17,188.194,193.502,5.308,0,0,0,0,0,1,,,
N6RGCMRicA8_018,N6RGCMRicA8,A,18,195.586,213.278,17.692,0,0,0,0,0,1,,,
N6RGCMRicA8_019,N6RGCMRicA8,A,19,217.09,221.758,4.668,0,0,0,0,0,1,,,
N6RGCMRicA8_020,N6RGCMRicA8,A,20,224.162,226.366,2.204,0,0,0,0,0,1,,,
N6RGCMRicA8_021,N6RGCMRicA8,A,21,227.33,252.222,24.892,0,0,0,0,0,1,,,
N6RGCMRicA8_022,N6RGCMRicA8,A,22,255.874,258.59,2.716,0,0,0,0,0,1,,,
N6RGCMRicA8_023,N6RGCMRicA8,A,23,261.09,282.462,21.372,0,0,0,0,0,1,,,
N6RGCMRicA8_024,N6RGCMRicA8,A,24,286.434,307.07,20.636,0,0,0,0,0,1,,,
N6RGCMRicA8_025,N6RGCMRicA8,C,25,309.154,330.942,21.788,0,0,0,0,0,1,,,
N6RGCMRicA8_026,N6RGCMRicA8,A,26,333.954,343.326,9.372,0,0,0,0,0,1,,,
N6RGCMRicA8_027,N6RGCMRicA8,A,27,343.938,356.83,12.892,0,0,0,0,0,1,,,
N6RGCMRicA8_028,N6RGCMRicA8,C,28,358.786,367.326,8.54,0,0,0,0,0,1,,,
N6RGCMRicA8_029,N6RGCMRicA8,C,29,367.842,381.022,13.18,0,0,0,0,0,1,,,
N6RGCMRicA8_030,N6RGCMRicA8,A,30,384.258,415.07,30.812,0,0,0,0,0,1,,,
N6RGCMRicA8_031,N6RGCMRicA8,A,31,418.274,434.494,16.22,0,0,0,0,0,1,,,
N6RGCMRicA8_032,N6RGCMRicA8,A,32,448.674,451.966,3.292,0,0,0,0,0,1,,,
N6RGCMRicA8_033,N6RGCMRicA8,A,33,453.602,459.838,6.236,0,0,0,0,0,1,,,
N6RGCMRicA8_034,N6RGCMRicA8,A,34,469.986,475.582,5.596,0,0,0,0,0,1,,,
N6RGCMRicA8_035,N6RGCMRicA8,A,35,494.786,500.254,5.468,0,0,0,0,0,1,,,
N6RGCMRicA8_036,N6RGCMRicA8,A,36,500.802,511.902,11.1,0,0,0,0,0,1,,,
N6RGCMRicA8_037,N6RGCMRicA8,A,37,514.754,539.582,24.828,0,0,0,0,0,1,,,
N6RGCMRicA8_038,N6RGCMRicA8,A,38,542.722,562.782,20.06,0,0,0,0,0,1,,,
N6RGCMRicA8_039,N6RGCMRicA8,A,39,566.85,578.014,11.164,0,0,0,0,0,1,,,
N6RGCMRicA8_040,N6RGCMRicA8,A,40,580.674,582.75,2.076,0,0,0,0,0,1,,,
N6RGCMRicA8_041,N6RGCMRicA8,B,41,583.426,604.446,21.02,0,0,0,0,0,1,,,
N6RGCMRicA8_042,N6RGCMRicA8,A,42,607.81,624.798,16.988,0,0,0,0,0,1,,,
N6RGCMRicA8_043,N6RGCMRicA8,A,43,626.786,631.454,4.668,0,0,0,0,0,1,,,
N6RGCMRicA8_044,N6RGCMRicA8,A,44,632.994,645.246,12.252,0,0,0,0,0,1,,,
N6RGCMRicA8_045,N6RGCMRicA8,B,45,656.194,664.158,7.964,0,0,0,0,0,1,,,
N6RGCMRicA8_046,N6RGCMRicA8,B,46,667.266,676.862,9.596,0,0,0,0,0,1,,,
N9MmykOnPAs_000,N9MmykOnPAs,B,0,0.0,35.198,35.198,0,0,0,0,0,1,,,
N9MmykOnPAs_001,N9MmykOnPAs,B,1,35.01,46.366,11.356,0,0,0,0,0,1,,,
N9MmykOnPAs_002,N9MmykOnPAs,A,2,83.33,102.046,18.716,0,0,0,0,0,1,,,
N9MmykOnPAs_003,N9MmykOnPAs,B,3,103.746,111.006,7.26,0,0,0,0,0,1,,,
N9MmykOnPAs_004,N9MmykOnPAs,A,4,116.994,120.926,3.932,0,0,0,0,0,1,,,
NJjx5iKFXhI_000,NJjx5iKFXhI,B,0,0.0,28.414,28.414,0,0,0,0,0,1,,,
NJjx5iKFXhI_001,NJjx5iKFXhI,B,1,28.45,56.19,27.74,0,0,0,0,0,1,,,
NJjx5iKFXhI_002,NJjx5iKFXhI,B,2,62.722,66.654,3.932,0,0,0,0,0,1,,,
NQ3iktgJ-bM_000,NQ3iktgJ-bM,A,0,0.0,5.854,5.854,0,0,0,0,0,1,,,
NQ3iktgJ-bM_001,NQ3iktgJ-bM,A,1,7.842,12.382,4.54,0,0,0,0,0,1,,,
NQ3iktgJ-bM_002,NQ3iktgJ-bM,A,2,14.914,17.758,2.844,0,0,0,0,0,1,,,
NQ3iktgJ-bM_003,NQ3iktgJ-bM,A,3,18.626,21.598,2.972,0,0,0,0,0,1,,,
NQ3iktgJ-bM_004,NQ3iktgJ-bM,A,4,49.858,59.454,9.596,0,0,0,0,0,1,,,
NQ3iktgJ-bM_005,NQ3iktgJ-bM,B,5,175.49,178.238,2.748,0,0,0,0,0,1,,,
NXhl-Lkoq6I_000,NXhl-Lkoq6I,A,0,0.0,26.366,26.366,0,0,0,1,1,0,film_clip:林鳳,,
NXhl-Lkoq6I_001,NXhl-Lkoq6I,A,1,28.258,36.67,8.412,0,0,0,1,1,0,film_clip:林鳳,,
NXhl-Lkoq6I_002,NXhl-Lkoq6I,A,2,37.186,76.158,38.972,0,0,0,1,1,0,film_clip:林鳳,,
NXhl-Lkoq6I_003,NXhl-Lkoq6I,B,3,76.77,83.55,6.78,0,0,0,1,1,0,film_clip:林鳳,,
NXhl-Lkoq6I_004,NXhl-Lkoq6I,A,4,90.05,93.95,3.9,0,0,0,1,1,0,film_clip:林鳳,,
NYcSRGEKqX4_000,NYcSRGEKqX4,B,0,0.0,29.022,29.022,0,0,0,1,1,0,film_clip:李小龍,,
NYcSRGEKqX4_001,NYcSRGEKqX4,B,1,28.834,40.67,11.836,0,0,0,1,1,0,film_clip:李小龍,,
NYcSRGEKqX4_002,NYcSRGEKqX4,B,2,40.386,74.526,34.14,0,0,0,1,1,0,film_clip:李小龍,,
NYcSRGEKqX4_003,NYcSRGEKqX4,B,3,74.242,102.526,28.284,0,0,0,1,1,0,film_clip:李小龍,,
NYcSRGEKqX4_004,NYcSRGEKqX4,A,4,108.45,116.574,8.124,0,0,0,1,1,0,film_clip:李小龍,,
NYcSRGEKqX4_005,NYcSRGEKqX4,A,5,146.626,151.742,5.116,0,0,0,1,1,0,film_clip:李小龍,,
NYcSRGEKqX4_006,NYcSRGEKqX4,A,6,161.346,199.998,38.652,0,0,0,1,1,0,film_clip:李小龍,,
NYcSRGEKqX4_007,NYcSRGEKqX4,A,7,215.202,224.222,9.02,0,0,0,1,1,0,film_clip:李小龍,,
NYcSRGEKqX4_008,NYcSRGEKqX4,B,8,229.378,258.902,29.524,0,0,0,1,1,0,film_clip:李小龍,,
NYcSRGEKqX4_009,NYcSRGEKqX4,B,9,258.602,293.078,34.476,0,0,0,1,1,0,film_clip:李小龍,,
NYcSRGEKqX4_010,NYcSRGEKqX4,B,10,292.778,327.102,34.324,0,0,0,1,1,0,film_clip:李小龍,,
NYcSRGEKqX4_011,NYcSRGEKqX4,A,11,530.85,533.374,2.524,0,0,0,1,1,0,film_clip:李小龍,,
NYcSRGEKqX4_012,NYcSRGEKqX4,B,12,607.17,616.446,9.276,0,0,0,1,1,0,film_clip:李小龍,,
NYcSRGEKqX4_013,NYcSRGEKqX4,A,13,623.266,626.846,3.58,0,0,0,1,1,0,film_clip:李小龍,,
N_1jL8HEydM_000,N_1jL8HEydM,A,0,0.002,12.958,12.956,0,0,0,0,0,1,,,
N_1jL8HEydM_001,N_1jL8HEydM,A,1,13.954,26.43,12.476,0,0,0,0,0,1,,,
N_1jL8HEydM_002,N_1jL8HEydM,A,2,27.97,40.51,12.54,0,0,0,0,0,1,,,
N_1jL8HEydM_003,N_1jL8HEydM,A,3,41.474,45.278,3.804,0,0,0,0,0,1,,,
N_1jL8HEydM_004,N_1jL8HEydM,B,4,46.05,53.118,7.068,0,0,0,0,0,1,,,
N_1jL8HEydM_005,N_1jL8HEydM,B,5,59.65,64.126,4.476,0,0,0,0,0,1,,,
NdYmoZh-0ek_000,NdYmoZh-0ek,B,0,0.0,12.486,12.486,0,0,0,1,1,0,film_clip:李小龍,,
NdYmoZh-0ek_001,NdYmoZh-0ek,B,1,12.186,49.214,37.028,0,0,0,1,1,0,film_clip:李小龍,,
NdYmoZh-0ek_002,NdYmoZh-0ek,B,2,49.026,85.542,36.516,0,0,0,1,1,0,film_clip:李小龍,,
NdYmoZh-0ek_003,NdYmoZh-0ek,B,3,85.242,110.974,25.732,0,0,0,1,1,0,film_clip:李小龍,,
NdYmoZh-0ek_004,NdYmoZh-0ek,B,4,113.858,120.414,6.556,0,0,0,1,1,0,film_clip:李小龍,,
NdYmoZh-0ek_005,NdYmoZh-0ek,B,5,126.946,130.878,3.932,0,0,0,1,1,0,film_clip:李小龍,,
Ne7y4GDJl9Q_000,Ne7y4GDJl9Q,A,0,7.81,39.934,32.124,0,0,0,0,0,1,,,
Ne7y4GDJl9Q_001,Ne7y4GDJl9Q,B,1,42.722,74.174,31.452,0,0,0,0,0,1,,,
Ne7y4GDJl9Q_002,Ne7y4GDJl9Q,B,2,74.05,112.99,38.94,0,0,0,0,0,1,,,
Ne7y4GDJl9Q_003,Ne7y4GDJl9Q,B,3,113.282,152.51,39.228,0,0,0,0,0,1,,,
Ne7y4GDJl9Q_004,Ne7y4GDJl9Q,B,4,152.77,187.934,35.164,0,0,0,0,0,1,,,
Ne7y4GDJl9Q_005,Ne7y4GDJl9Q,B,5,188.13,220.798,32.668,0,0,0,0,0,1,,,
Ne7y4GDJl9Q_006,Ne7y4GDJl9Q,B,6,220.706,233.438,12.732,0,0,0,0,0,1,,,
Ne7y4GDJl9Q_007,Ne7y4GDJl9Q,B,7,240.994,247.582,6.588,0,0,0,0,0,1,,,
Ne7y4GDJl9Q_008,Ne7y4GDJl9Q,A,8,254.082,257.982,3.9,0,0,0,0,0,1,,,
NgsJc52HpwM_000,NgsJc52HpwM,A,0,1.314,4.35,3.036,0,0,0,0,0,1,,,
NgsJc52HpwM_001,NgsJc52HpwM,A,1,5.09,6.846,1.756,0,0,0,0,0,1,,,
NgsJc52HpwM_002,NgsJc52HpwM,A,2,8.898,14.43,5.532,0,0,0,0,0,1,,,
NgsJc52HpwM_003,NgsJc52HpwM,A,3,16.194,22.398,6.204,0,0,0,0,0,1,,,
NgsJc52HpwM_004,NgsJc52HpwM,A,4,23.522,53.15,29.628,0,0,0,0,0,1,,,
NgsJc52HpwM_005,NgsJc52HpwM,A,5,54.978,59.998,5.02,0,0,0,0,0,1,,,
NgsJc52HpwM_006,NgsJc52HpwM,B,6,61.09,99.102,38.012,0,0,0,0,0,1,,0.0009772251360118,0
NgsJc52HpwM_007,NgsJc52HpwM,B,7,98.946,127.166,28.22,0,0,0,0,0,1,,,
NgsJc52HpwM_008,NgsJc52HpwM,B,8,128.642,135.39,6.748,0,0,0,0,0,1,,,
NlYiS7zp5Wc_000,NlYiS7zp5Wc,A,0,2.946,32.414,29.468,0,0,0,1,1,0,film_clip:李小龍,,
NlYiS7zp5Wc_001,NlYiS7zp5Wc,A,1,34.658,48.318,13.66,0,0,0,1,1,0,film_clip:李小龍,,
NlYiS7zp5Wc_002,NlYiS7zp5Wc,B,2,49.25,70.27,21.02,0,0,0,1,1,0,film_clip:李小龍,,
NlYiS7zp5Wc_003,NlYiS7zp5Wc,A,3,76.706,80.702,3.996,0,0,0,1,1,0,film_clip:李小龍,,
Ns8OcnMPugY_000,Ns8OcnMPugY,A,0,15.01,24.766,9.756,0,0,0,0,0,1,,,
Ns8OcnMPugY_001,Ns8OcnMPugY,A,1,27.17,36.254,9.084,0,0,0,0,0,1,,,
Ns8OcnMPugY_002,Ns8OcnMPugY,A,2,38.114,44.638,6.524,0,0,0,0,0,1,,,
Ns8OcnMPugY_003,Ns8OcnMPugY,B,3,48.226,54.91,6.684,0,0,0,0,0,1,,,
Ns8OcnMPugY_004,Ns8OcnMPugY,A,4,61.474,65.374,3.9,0,0,0,0,0,1,,,
O4NqkSzNSjE_000,O4NqkSzNSjE,A,0,7.906,35.838,27.932,0,0,0,1,1,0,film_clip:李小龍|林鳳,,
O4NqkSzNSjE_001,O4NqkSzNSjE,B,1,51.042,77.726,26.684,0,0,0,1,1,0,film_clip:李小龍|林鳳,,
O4NqkSzNSjE_002,O4NqkSzNSjE,B,2,94.178,106.846,12.668,0,0,0,1,1,0,film_clip:李小龍|林鳳,,
O4NqkSzNSjE_003,O4NqkSzNSjE,B,3,113.378,117.31,3.932,0,0,0,1,1,0,film_clip:李小龍|林鳳,,
OBARtsU9QnA_000,OBARtsU9QnA,A,0,0.0,12.062,12.062,0,0,0,0,0,1,,,
OBARtsU9QnA_001,OBARtsU9QnA,A,1,12.642,24.67,12.028,0,0,0,0,0,1,,,
OBARtsU9QnA_002,OBARtsU9QnA,A,2,25.282,63.71,38.428,0,0,0,0,0,1,,,
OBARtsU9QnA_003,OBARtsU9QnA,A,3,64.258,76.766,12.508,0,0,0,0,0,1,,,
OBARtsU9QnA_004,OBARtsU9QnA,B,4,77.634,84.382,6.748,0,0,0,0,0,1,,,
OBARtsU9QnA_005,OBARtsU9QnA,B,5,90.914,94.846,3.932,0,0,0,0,0,1,,,
OCWhWWZ0AwY_000,OCWhWWZ0AwY,A,0,0.0,11.038,11.038,0,0,0,0,0,1,,,
OCWhWWZ0AwY_001,OCWhWWZ0AwY,A,1,24.418,36.222,11.804,0,0,0,0,0,1,,,
OCWhWWZ0AwY_002,OCWhWWZ0AwY,A,2,44.93,57.086,12.156,0,0,0,0,0,1,,,
OCWhWWZ0AwY_003,OCWhWWZ0AwY,A,3,65.762,78.27,12.508,0,0,0,0,0,1,,,
OCWhWWZ0AwY_004,OCWhWWZ0AwY,A,4,86.434,98.27,11.836,0,0,0,0,0,1,,,
OCWhWWZ0AwY_005,OCWhWWZ0AwY,B,5,101.378,107.934,6.556,0,0,0,0,0,1,,,
OCWhWWZ0AwY_006,OCWhWWZ0AwY,A,6,114.498,118.366,3.868,0,0,0,0,0,1,,,
OFPi0ecSoI8_000,OFPi0ecSoI8,A,0,0.514,10.942,10.428,0,1,0,1,1,0,song:主唱;film_clip:李小龍,,
OFPi0ecSoI8_001,OFPi0ecSoI8,A,1,213.634,223.774,10.14,0,1,0,1,1,0,song:主唱;film_clip:李小龍,,
OFPi0ecSoI8_002,OFPi0ecSoI8,B,2,226.818,233.214,6.396,0,1,0,1,1,0,song:主唱;film_clip:李小龍,,
OFPi0ecSoI8_003,OFPi0ecSoI8,A,3,239.97,243.774,3.804,0,1,0,1,1,0,song:主唱;film_clip:李小龍,,
OfDo1fLztjs_000,OfDo1fLztjs,A,0,0.994,12.862,11.868,0,0,0,0,0,1,,,
OfDo1fLztjs_001,OfDo1fLztjs,A,1,14.85,22.718,7.868,0,0,0,0,0,1,,,
OfDo1fLztjs_002,OfDo1fLztjs,A,2,27.106,47.55,20.444,0,0,0,0,0,1,,,
OfDo1fLztjs_003,OfDo1fLztjs,A,3,52.034,58.494,6.46,0,0,0,0,0,1,,,
OfDo1fLztjs_004,OfDo1fLztjs,A,4,62.69,77.726,15.036,0,0,0,0,0,1,,,
OfDo1fLztjs_005,OfDo1fLztjs,A,5,82.21,109.374,27.164,0,0,0,0,0,1,,,
OfDo1fLztjs_006,OfDo1fLztjs,A,6,113.73,123.038,9.308,0,0,0,0,0,1,,,
OfDo1fLztjs_007,OfDo1fLztjs,A,7,128.098,151.39,23.292,0,0,0,0,0,1,,,
OfDo1fLztjs_008,OfDo1fLztjs,A,8,155.682,183.294,27.612,0,0,0,0,0,1,,,
OfDo1fLztjs_009,OfDo1fLztjs,A,9,185.058,222.366,37.308,0,0,0,0,0,1,,,
OfDo1fLztjs_010,OfDo1fLztjs,B,10,224.226,230.974,6.748,0,0,0,0,0,1,,,
OfDo1fLztjs_011,OfDo1fLztjs,A,11,236.418,240.382,3.964,0,0,0,0,0,1,,,
OlQ0UvbZqxs_000,OlQ0UvbZqxs,A,0,2.946,34.59,31.644,0,0,0,0,0,1,,,
OlQ0UvbZqxs_001,OlQ0UvbZqxs,A,1,36.034,48.67,12.636,0,0,0,0,0,1,,,
OlQ0UvbZqxs_002,OlQ0UvbZqxs,A,2,49.442,61.79,12.348,0,0,0,0,0,1,,,
OlQ0UvbZqxs_003,OlQ0UvbZqxs,B,3,62.658,76.734,14.076,0,0,0,0,0,1,,,
OlQ0UvbZqxs_004,OlQ0UvbZqxs,B,4,390.818,397.566,6.748,0,0,0,0,0,1,,,
OlQ0UvbZqxs_005,OlQ0UvbZqxs,A,5,404.034,407.966,3.932,0,0,0,0,0,1,,,
OnK2taEbraM_000,OnK2taEbraM,A,0,0.834,8.062,7.228,0,0,0,0,0,1,,,
OnK2taEbraM_001,OnK2taEbraM,A,1,8.77,40.766,31.996,0,0,0,0,0,1,,,
OnK2taEbraM_002,OnK2taEbraM,A,2,43.778,54.462,10.684,0,0,0,0,0,1,,,
OnK2taEbraM_003,OnK2taEbraM,A,3,56.642,82.814,26.172,0,0,0,0,0,1,,,
OnK2taEbraM_004,OnK2taEbraM,A,4,85.666,92.574,6.908,0,0,0,0,0,1,,,
OnK2taEbraM_005,OnK2taEbraM,A,5,94.69,98.494,3.804,0,0,0,0,0,1,,,
OnK2taEbraM_006,OnK2taEbraM,A,6,99.65,111.582,11.932,0,0,0,0,0,1,,,
OnK2taEbraM_007,OnK2taEbraM,A,7,113.794,124.894,11.1,0,0,0,0,0,1,,,
OnK2taEbraM_008,OnK2taEbraM,A,8,128.802,132.702,3.9,0,0,0,0,0,1,,,
OnK2taEbraM_009,OnK2taEbraM,B,9,135.682,165.022,29.34,0,0,0,0,0,1,,,
OnK2taEbraM_010,OnK2taEbraM,B,10,167.554,195.166,27.612,0,0,0,0,0,1,,,
OnK2taEbraM_011,OnK2taEbraM,A,11,201.602,205.598,3.996,0,0,0,0,0,1,,,
OqABmo1wQaE_000,OqABmo1wQaE,A,0,5.57,7.71,2.14,0,0,0,0,0,1,,,
OqABmo1wQaE_001,OqABmo1wQaE,A,1,9.986,12.542,2.556,0,0,0,0,0,1,,,
OqABmo1wQaE_002,OqABmo1wQaE,A,2,15.426,19.294,3.868,0,0,0,0,0,1,,,
OqABmo1wQaE_003,OqABmo1wQaE,A,3,22.53,24.766,2.236,0,0,0,0,0,1,,,
OqABmo1wQaE_004,OqABmo1wQaE,A,4,25.282,32.702,7.42,0,0,0,0,0,1,,,
OqABmo1wQaE_005,OqABmo1wQaE,B,5,33.666,71.71,38.044,0,0,0,0,0,1,,,
OqABmo1wQaE_006,OqABmo1wQaE,A,6,75.074,88.67,13.596,0,0,0,0,0,1,,,
OqABmo1wQaE_007,OqABmo1wQaE,A,7,89.442,100.478,11.036,0,0,0,0,0,1,,,
OqABmo1wQaE_008,OqABmo1wQaE,A,8,103.458,120.062,16.604,0,0,0,0,0,1,,,
OqABmo1wQaE_009,OqABmo1wQaE,A,9,121.474,125.054,3.58,0,0,0,0,0,1,,,
OqABmo1wQaE_010,OqABmo1wQaE,A,10,128.674,130.43,1.756,0,0,0,0,0,1,,,
OqABmo1wQaE_011,OqABmo1wQaE,A,11,132.002,135.774,3.772,0,0,0,0,0,1,,,
OqABmo1wQaE_012,OqABmo1wQaE,A,12,138.498,151.102,12.604,0,0,0,0,0,1,,,
OqABmo1wQaE_013,OqABmo1wQaE,C,13,151.81,153.534,1.724,0,0,0,0,0,1,,,
OqABmo1wQaE_014,OqABmo1wQaE,B,14,154.914,161.662,6.748,0,0,0,0,0,1,,,
OqFfzz8sww4_000,OqFfzz8sww4,A,0,0.706,7.39,6.684,0,0,0,0,0,1,,,
OqFfzz8sww4_001,OqFfzz8sww4,A,1,9.538,15.806,6.268,0,0,0,0,0,1,,,
OqFfzz8sww4_002,OqFfzz8sww4,A,2,16.546,23.486,6.94,0,0,0,0,0,1,,,
OqFfzz8sww4_003,OqFfzz8sww4,A,3,25.41,36.19,10.78,0,0,0,0,0,1,,,
OqFfzz8sww4_004,OqFfzz8sww4,B,4,37.026,42.238,5.212,0,0,0,0,0,1,,,
OqFfzz8sww4_005,OqFfzz8sww4,B,5,43.138,53.374,10.236,0,0,0,0,0,1,,,
OqFfzz8sww4_006,OqFfzz8sww4,B,6,54.338,57.63,3.292,0,0,0,0,0,1,,,
OqFfzz8sww4_007,OqFfzz8sww4,B,7,58.498,68.094,9.596,0,0,0,0,0,1,,,
OqFfzz8sww4_008,OqFfzz8sww4,A,8,69.026,81.022,11.996,0,0,0,0,0,1,,,
OqFfzz8sww4_009,OqFfzz8sww4,A,9,82.242,91.198,8.956,0,0,0,0,0,1,,,
OqFfzz8sww4_010,OqFfzz8sww4,B,10,92.578,98.75,6.172,0,0,0,0,0,1,,,
OqFfzz8sww4_011,OqFfzz8sww4,A,11,105.73,109.726,3.996,0,0,0,0,0,1,,,
OzrNqubstag_000,OzrNqubstag,B,0,0.0,6.686,6.686,0,0,0,0,0,1,,,
OzrNqubstag_001,OzrNqubstag,B,1,18.05,42.814,24.764,0,0,0,0,0,1,,,
OzrNqubstag_002,OzrNqubstag,B,2,46.626,54.59,7.964,0,0,0,0,0,1,,,
P-jbyxAzsW8_000,P-jbyxAzsW8,C,0,0.0,6.686,6.686,0,0,0,0,0,1,,,
P-jbyxAzsW8_001,P-jbyxAzsW8,B,1,18.754,36.286,17.532,0,0,0,0,0,1,,,
P-jbyxAzsW8_002,P-jbyxAzsW8,A,2,44.002,65.342,21.34,0,0,0,0,0,1,,,
P-jbyxAzsW8_003,P-jbyxAzsW8,C,3,73.09,94.846,21.756,0,0,0,0,0,1,,,
P-jbyxAzsW8_004,P-jbyxAzsW8,C,4,102.306,110.846,8.54,0,0,0,0,0,1,,,
P-jbyxAzsW8_005,P-jbyxAzsW8,C,5,111.394,124.574,13.18,0,0,0,0,0,1,,,
P-jbyxAzsW8_006,P-jbyxAzsW8,B,6,129.954,137.918,7.964,0,0,0,0,0,1,,,
PBuicCInFfk_000,PBuicCInFfk,A,0,0.0,11.806,11.806,0,1,0,1,1,0,song:主唱;film_clip:林鳳,,
PBuicCInFfk_001,PBuicCInFfk,B,1,138.146,141.054,2.908,0,1,0,1,1,0,song:主唱;film_clip:林鳳,,
PEFDCay69M8_000,PEFDCay69M8,A,0,0.13,22.942,22.812,0,0,0,0,0,1,,,
PEFDCay69M8_001,PEFDCay69M8,A,1,24.642,60.062,35.42,0,0,0,0,0,1,,,
PEFDCay69M8_002,PEFDCay69M8,B,2,62.498,102.366,39.868,0,0,0,0,0,1,,,
PEFDCay69M8_003,PEFDCay69M8,B,3,102.178,117.662,15.484,0,0,0,0,0,1,,,
PEFDCay69M8_004,PEFDCay69M8,B,4,118.178,156.158,37.98,0,0,0,0,0,1,,,
PEFDCay69M8_005,PEFDCay69M8,B,5,156.066,174.398,18.332,0,0,0,0,0,1,,,
PEFDCay69M8_006,PEFDCay69M8,B,6,176.354,183.07,6.716,0,0,0,0,0,1,,,
PSz4Xf47C98_000,PSz4Xf47C98,A,0,2.722,5.438,2.716,0,0,0,0,0,1,,,
PSz4Xf47C98_001,PSz4Xf47C98,A,1,7.042,13.086,6.044,0,0,0,0,0,1,,,
PSz4Xf47C98_002,PSz4Xf47C98,A,2,15.234,18.11,2.876,0,0,0,0,0,1,,,
PSz4Xf47C98_003,PSz4Xf47C98,A,3,20.45,25.694,5.244,0,0,0,0,0,1,,,
PSz4Xf47C98_004,PSz4Xf47C98,A,4,28.578,38.27,9.692,0,0,0,0,0,1,,,
PSz4Xf47C98_005,PSz4Xf47C98,A,5,39.042,62.846,23.804,0,0,0,0,0,1,,,
PSz4Xf47C98_006,PSz4Xf47C98,A,6,73.25,109.374,36.124,0,0,0,0,0,1,,,
PSz4Xf47C98_007,PSz4Xf47C98,A,7,127.33,130.142,2.812,0,0,0,0,0,1,,,
PSz4Xf47C98_008,PSz4Xf47C98,A,8,130.786,151.614,20.828,0,0,0,0,0,1,,,
PSz4Xf47C98_009,PSz4Xf47C98,A,9,152.258,162.526,10.268,0,0,0,0,0,1,,,
PSz4Xf47C98_010,PSz4Xf47C98,A,10,173.41,191.166,17.756,0,0,0,0,0,1,,,
PSz4Xf47C98_011,PSz4Xf47C98,A,11,198.21,200.606,2.396,0,0,0,0,0,1,,,
PSz4Xf47C98_012,PSz4Xf47C98,A,12,202.37,241.342,38.972,0,0,0,0,0,1,,,
PSz4Xf47C98_013,PSz4Xf47C98,B,13,245.314,251.998,6.684,0,0,0,0,0,1,,,
PSz4Xf47C98_014,PSz4Xf47C98,A,14,257.378,261.406,4.028,0,0,0,0,0,1,,,
PlLXRExhFhk_000,PlLXRExhFhk,A,0,0.0,22.142,22.142,0,0,0,0,0,1,,,
PlLXRExhFhk_001,PlLXRExhFhk,B,1,47.874,53.79,5.916,0,0,0,0,0,1,,,
PlLXRExhFhk_002,PlLXRExhFhk,B,2,60.354,64.286,3.932,0,0,0,0,0,1,,,
Prlv_TA2KSM_000,Prlv_TA2KSM,A,0,33.218,42.206,8.988,0,0,0,0,0,1,,,
Prlv_TA2KSM_001,Prlv_TA2KSM,A,1,54.306,55.87,1.564,0,0,0,0,0,1,,,
Prlv_TA2KSM_002,Prlv_TA2KSM,A,2,60.866,63.71,2.844,0,0,0,0,0,1,,,
Prlv_TA2KSM_003,Prlv_TA2KSM,A,3,66.882,71.806,4.924,0,0,0,0,0,1,,,
Prlv_TA2KSM_004,Prlv_TA2KSM,A,4,77.762,86.782,9.02,0,0,0,0,0,1,,,
Prlv_TA2KSM_005,Prlv_TA2KSM,A,5,89.762,94.718,4.956,0,0,0,0,0,1,,,
Prlv_TA2KSM_006,Prlv_TA2KSM,A,6,97.154,99.422,2.268,0,0,0,0,0,1,,,
Prlv_TA2KSM_007,Prlv_TA2KSM,B,7,101.698,112.318,10.62,0,0,0,0,0,1,,,
Prlv_TA2KSM_008,Prlv_TA2KSM,A,8,117.762,121.758,3.996,0,0,0,0,0,1,,,
Q1DIEG8m_os_000,Q1DIEG8m_os,A,0,0.098,11.646,11.548,0,0,0,0,0,1,,,
Q1DIEG8m_os_001,Q1DIEG8m_os,A,1,24.802,28.126,3.324,0,0,0,0,0,1,,,
Q1DIEG8m_os_002,Q1DIEG8m_os,A,2,29.698,32.958,3.26,0,0,0,0,0,1,,,
Q1DIEG8m_os_003,Q1DIEG8m_os,A,3,34.338,47.134,12.796,0,0,0,0,0,1,,,
Q1DIEG8m_os_004,Q1DIEG8m_os,B,4,48.514,55.262,6.748,0,0,0,0,0,1,,,
Q1DIEG8m_os_005,Q1DIEG8m_os,A,5,61.794,65.694,3.9,0,0,0,0,0,1,,,
QE6ZYem6rZc_000,QE6ZYem6rZc,A,0,0.642,3.87,3.228,0,0,0,1,1,0,film_clip:李小龍,,
QE6ZYem6rZc_001,QE6ZYem6rZc,A,1,31.17,34.462,3.292,0,0,0,1,1,0,film_clip:李小龍,,
QE6ZYem6rZc_002,QE6ZYem6rZc,B,2,75.714,81.822,6.108,0,0,0,1,1,0,film_clip:李小龍,,
QE6ZYem6rZc_003,QE6ZYem6rZc,A,3,88.386,92.286,3.9,0,0,0,1,1,0,film_clip:李小龍,,
QFh7ktSHtsU_000,QFh7ktSHtsU,B,0,0.002,31.414,31.412,0,0,0,1,1,0,film_clip:李小龍,,
QFh7ktSHtsU_001,QFh7ktSHtsU,B,1,31.114,57.822,26.708,0,0,0,1,1,0,film_clip:李小龍,,
QFh7ktSHtsU_002,QFh7ktSHtsU,B,2,57.762,96.926,39.164,0,0,0,1,1,0,film_clip:李小龍,,
QFh7ktSHtsU_003,QFh7ktSHtsU,B,3,96.706,136.806,40.1,0,0,0,1,1,0,film_clip:李小龍,,
QFh7ktSHtsU_004,QFh7ktSHtsU,B,4,136.506,160.446,23.94,0,0,0,1,1,0,film_clip:李小龍,,
QFh7ktSHtsU_005,QFh7ktSHtsU,B,5,160.226,177.118,16.892,0,0,0,1,1,0,film_clip:李小龍,,
QFh7ktSHtsU_006,QFh7ktSHtsU,B,6,178.754,185.534,6.78,0,0,0,1,1,0,film_clip:李小龍,,
QFh7ktSHtsU_007,QFh7ktSHtsU,A,7,191.906,195.934,4.028,0,0,0,1,1,0,film_clip:李小龍,,
QMcQX7Yz53w_000,QMcQX7Yz53w,A,0,0.13,28.67,28.54,0,0,0,1,0,0,film_clip:李龍基|王青霞,,
QMcQX7Yz53w_001,QMcQX7Yz53w,A,1,29.378,54.398,25.02,0,0,0,1,0,0,film_clip:李龍基|王青霞,,
QMcQX7Yz53w_002,QMcQX7Yz53w,A,2,55.01,58.366,3.356,0,0,0,1,0,0,film_clip:李龍基|王青霞,,
QMcQX7Yz53w_003,QMcQX7Yz53w,B,3,60.002,66.654,6.652,0,0,0,1,0,0,film_clip:李龍基|王青霞,0.0052182590588927,1
QMcQX7Yz53w_004,QMcQX7Yz53w,A,4,73.218,77.15,3.932,0,0,0,1,0,0,film_clip:李龍基|王青霞,,
QgXuMcp2qJs_000,QgXuMcp2qJs,B,0,0.0,15.838,15.838,0,0,0,1,1,0,film_clip:林鳳,,
QgXuMcp2qJs_001,QgXuMcp2qJs,B,1,15.682,46.846,31.164,0,0,0,1,1,0,film_clip:林鳳,,
QgXuMcp2qJs_002,QgXuMcp2qJs,B,2,46.722,56.574,9.852,0,0,0,1,1,0,film_clip:林鳳,,
QgXuMcp2qJs_003,QgXuMcp2qJs,B,3,56.354,88.094,31.74,0,0,0,1,1,0,film_clip:林鳳,,
QgXuMcp2qJs_004,QgXuMcp2qJs,B,4,310.882,313.822,2.94,0,0,0,1,1,0,film_clip:林鳳,,
QjWjr1eyqDA_000,QjWjr1eyqDA,A,0,0.002,4.67,4.668,0,1,0,0,0,0,song:主唱,,
QjWjr1eyqDA_001,QjWjr1eyqDA,C,1,24.802,27.198,2.396,0,1,0,0,0,0,song:主唱,,
QjWjr1eyqDA_002,QjWjr1eyqDA,C,2,28.834,32.094,3.26,0,1,0,0,0,0,song:主唱,,
QjWjr1eyqDA_003,QjWjr1eyqDA,C,3,33.826,36.574,2.748,0,1,0,0,0,0,song:主唱,,
QjWjr1eyqDA_004,QjWjr1eyqDA,C,4,40.962,42.878,1.916,0,1,0,0,0,0,song:主唱,,
QjWjr1eyqDA_005,QjWjr1eyqDA,C,5,43.49,46.91,3.42,0,1,0,0,0,0,song:主唱,,
QjWjr1eyqDA_006,QjWjr1eyqDA,C,6,50.306,57.822,7.516,0,1,0,0,0,0,song:主唱,,
QjWjr1eyqDA_007,QjWjr1eyqDA,C,7,58.338,69.086,10.748,0,1,0,0,0,0,song:主唱,,
QjWjr1eyqDA_008,QjWjr1eyqDA,C,8,72.354,81.47,9.116,0,1,0,0,0,0,song:主唱,,
QjWjr1eyqDA_009,QjWjr1eyqDA,C,9,112.194,115.55,3.356,0,1,0,0,0,0,song:主唱,,
QjWjr1eyqDA_010,QjWjr1eyqDA,C,10,117.474,120.638,3.164,0,1,0,0,0,0,song:主唱,,
QjWjr1eyqDA_011,QjWjr1eyqDA,C,11,124.29,126.494,2.204,0,1,0,0,0,0,song:主唱,,
QjWjr1eyqDA_012,QjWjr1eyqDA,C,12,127.746,130.59,2.844,0,1,0,0,0,0,song:主唱,,
QjWjr1eyqDA_013,QjWjr1eyqDA,C,13,133.25,141.758,8.508,0,1,0,0,0,0,song:主唱,,
QjWjr1eyqDA_014,QjWjr1eyqDA,C,14,142.818,153.118,10.3,0,1,0,0,0,0,song:主唱,,
QjWjr1eyqDA_015,QjWjr1eyqDA,B,15,167.042,173.822,6.78,0,1,0,0,0,0,song:主唱,,
QjWjr1eyqDA_016,QjWjr1eyqDA,B,16,180.322,184.286,3.964,0,1,0,0,0,0,song:主唱,,
QjmVsoAbkB4_000,QjmVsoAbkB4,B,0,0.0,37.502,37.502,0,0,0,1,1,0,film_clip:林鳳,,
QjmVsoAbkB4_001,QjmVsoAbkB4,B,1,37.634,42.398,4.764,0,0,0,1,1,0,film_clip:林鳳,,
QjmVsoAbkB4_002,QjmVsoAbkB4,A,2,43.106,55.55,12.444,0,0,0,1,1,0,film_clip:林鳳,,
QjmVsoAbkB4_003,QjmVsoAbkB4,B,3,237.346,241.406,4.06,0,0,0,1,1,0,film_clip:林鳳,,
QjmVsoAbkB4_004,QjmVsoAbkB4,A,4,248.226,251.934,3.708,0,0,0,1,1,0,film_clip:林鳳,,
QqZnVpKZlaM_000,QqZnVpKZlaM,A,0,0.0,18.462,18.462,0,0,0,1,1,0,film_clip:林鳳|粵語片|嘉玲,,
QqZnVpKZlaM_001,QqZnVpKZlaM,A,1,62.658,80.318,17.66,0,0,0,1,1,0,film_clip:林鳳|粵語片|嘉玲,,
QqZnVpKZlaM_002,QqZnVpKZlaM,A,2,182.658,199.582,16.924,0,0,0,1,1,0,film_clip:林鳳|粵語片|嘉玲,,
QqZnVpKZlaM_003,QqZnVpKZlaM,B,3,200.514,216.414,15.9,0,0,0,1,1,0,film_clip:林鳳|粵語片|嘉玲,,
QqZnVpKZlaM_004,QqZnVpKZlaM,A,4,222.914,226.814,3.9,0,0,0,1,1,0,film_clip:林鳳|粵語片|嘉玲,,
R1-E5NeMTq0_000,R1-E5NeMTq0,B,0,17.026,47.166,30.14,0,0,0,0,0,1,,,
R1-E5NeMTq0_001,R1-E5NeMTq0,B,1,47.362,86.078,38.716,0,0,0,0,0,1,,,
R1-E5NeMTq0_002,R1-E5NeMTq0,B,2,85.954,108.158,22.204,0,0,0,0,0,1,,,
R1-E5NeMTq0_003,R1-E5NeMTq0,B,3,107.874,142.43,34.556,0,0,0,0,0,1,,,
R1-E5NeMTq0_004,R1-E5NeMTq0,B,4,142.434,180.766,38.332,0,0,0,0,0,1,,,
R1-E5NeMTq0_005,R1-E5NeMTq0,A,5,187.266,191.39,4.124,0,0,0,0,0,1,,,
R1-E5NeMTq0_006,R1-E5NeMTq0,A,6,192.162,209.342,17.18,0,0,0,0,0,1,,,
R1-E5NeMTq0_007,R1-E5NeMTq0,B,7,211.682,249.31,37.628,0,0,0,0,0,1,,,
R1-E5NeMTq0_008,R1-E5NeMTq0,B,8,249.314,264.19,14.876,0,0,0,0,0,1,,,
R1-E5NeMTq0_009,R1-E5NeMTq0,B,9,274.914,313.406,38.492,0,0,0,0,0,1,,,
R1-E5NeMTq0_010,R1-E5NeMTq0,B,10,313.378,320.894,7.516,0,0,0,0,0,1,,,
R1-E5NeMTq0_011,R1-E5NeMTq0,A,11,324.066,361.822,37.756,0,0,0,0,0,1,,,
R1-E5NeMTq0_012,R1-E5NeMTq0,B,12,363.298,396.318,33.02,0,0,0,0,0,1,,,
R1-E5NeMTq0_013,R1-E5NeMTq0,B,13,396.418,433.598,37.18,0,0,0,0,0,1,,,
R1-E5NeMTq0_014,R1-E5NeMTq0,B,14,433.922,466.366,32.444,0,0,0,0,0,1,,,
R1-E5NeMTq0_015,R1-E5NeMTq0,A,15,468.13,506.206,38.076,0,0,0,0,0,1,,,
R1-E5NeMTq0_016,R1-E5NeMTq0,A,16,506.882,524.254,17.372,0,0,0,0,0,1,,,
R1-E5NeMTq0_017,R1-E5NeMTq0,C,17,528.194,564.126,35.932,0,0,0,0,0,1,,,
R1-E5NeMTq0_018,R1-E5NeMTq0,C,18,564.034,594.878,30.844,0,0,0,0,0,1,,,
R1-E5NeMTq0_019,R1-E5NeMTq0,B,19,600.514,607.262,6.748,0,0,0,0,0,1,,,
R1-E5NeMTq0_020,R1-E5NeMTq0,A,20,613.794,617.694,3.9,0,0,0,0,0,1,,,
R43WTWwgYGY_000,R43WTWwgYGY,A,0,0.0,35.038,35.038,0,0,0,1,1,0,film_clip:吳楚帆,,
R43WTWwgYGY_001,R43WTWwgYGY,B,1,40.578,59.614,19.036,0,0,0,1,1,0,film_clip:吳楚帆,,
R43WTWwgYGY_002,R43WTWwgYGY,B,2,59.682,94.966,35.284,0,0,0,1,1,0,film_clip:吳楚帆,,
R43WTWwgYGY_003,R43WTWwgYGY,B,3,94.666,131.23,36.564,0,0,0,1,1,0,film_clip:吳楚帆,,
R43WTWwgYGY_004,R43WTWwgYGY,B,4,131.01,164.67,33.66,0,0,0,1,1,0,film_clip:吳楚帆,,
R43WTWwgYGY_005,R43WTWwgYGY,B,5,164.962,200.35,35.388,0,0,0,1,1,0,film_clip:吳楚帆,,
R43WTWwgYGY_006,R43WTWwgYGY,B,6,200.322,216.262,15.94,0,0,0,1,1,0,film_clip:吳楚帆,,
R43WTWwgYGY_007,R43WTWwgYGY,B,7,215.962,245.438,29.476,0,0,0,1,1,0,film_clip:吳楚帆,,
R43WTWwgYGY_008,R43WTWwgYGY,B,8,245.186,279.326,34.14,0,0,0,1,1,0,film_clip:吳楚帆,,
R43WTWwgYGY_009,R43WTWwgYGY,C,9,285.442,287.486,2.044,0,0,0,1,1,0,film_clip:吳楚帆,,
R43WTWwgYGY_010,R43WTWwgYGY,C,10,288.706,292.446,3.74,0,0,0,1,1,0,film_clip:吳楚帆,,
R43WTWwgYGY_011,R43WTWwgYGY,B,11,293.506,303.646,10.14,0,0,0,1,1,0,film_clip:吳楚帆,,
R43WTWwgYGY_012,R43WTWwgYGY,B,12,310.146,314.078,3.932,0,0,0,1,1,0,film_clip:吳楚帆,,
RMOyCOQSNIQ_000,RMOyCOQSNIQ,C,0,0.0,6.686,6.686,0,0,0,0,0,1,,,
RMOyCOQSNIQ_001,RMOyCOQSNIQ,A,1,15.49,17.822,2.332,0,0,0,0,0,1,,,
RMOyCOQSNIQ_002,RMOyCOQSNIQ,A,2,20.994,39.262,18.268,0,0,0,0,0,1,,,
RMOyCOQSNIQ_003,RMOyCOQSNIQ,A,3,39.97,42.878,2.908,0,0,0,0,0,1,,,
RMOyCOQSNIQ_004,RMOyCOQSNIQ,A,4,45.954,59.262,13.308,0,0,0,0,0,1,,,
RMOyCOQSNIQ_005,RMOyCOQSNIQ,B,5,62.146,67.934,5.788,0,0,0,0,0,1,,,
RMOyCOQSNIQ_006,RMOyCOQSNIQ,B,6,70.786,76.478,5.692,0,0,0,0,0,1,,,
RMOyCOQSNIQ_007,RMOyCOQSNIQ,A,7,78.69,84.318,5.628,0,0,0,0,0,1,,,
RMOyCOQSNIQ_008,RMOyCOQSNIQ,A,8,86.85,100.478,13.628,0,0,0,0,0,1,,,
RMOyCOQSNIQ_009,RMOyCOQSNIQ,A,9,102.53,111.646,9.116,0,0,0,0,0,1,,,
RMOyCOQSNIQ_010,RMOyCOQSNIQ,A,10,113.986,120.51,6.524,0,0,0,0,0,1,,,
RMOyCOQSNIQ_011,RMOyCOQSNIQ,B,11,122.562,127.358,4.796,0,0,0,0,0,1,,,
RMOyCOQSNIQ_012,RMOyCOQSNIQ,B,12,130.114,154.91,24.796,0,0,0,0,0,1,,,
RMOyCOQSNIQ_013,RMOyCOQSNIQ,A,13,157.09,165.598,8.508,0,0,0,0,0,1,,,
RMOyCOQSNIQ_014,RMOyCOQSNIQ,B,14,168.226,189.79,21.564,0,0,0,0,0,1,,,
RMOyCOQSNIQ_015,RMOyCOQSNIQ,A,15,193.058,197.95,4.892,0,0,0,0,0,1,,,
RMOyCOQSNIQ_016,RMOyCOQSNIQ,B,16,208.354,216.35,7.996,0,0,0,0,0,1,,,
RTYjh4qhcEk_000,RTYjh4qhcEk,A,0,16.866,42.334,25.468,0,0,0,0,0,1,,,
RTYjh4qhcEk_001,RTYjh4qhcEk,A,1,117.698,121.694,3.996,0,0,0,0,0,1,,,
RTYjh4qhcEk_002,RTYjh4qhcEk,B,2,168.226,197.886,29.66,0,0,0,0,0,1,,,
RTYjh4qhcEk_003,RTYjh4qhcEk,B,3,197.698,235.902,38.204,0,0,0,0,0,1,,,
RTYjh4qhcEk_004,RTYjh4qhcEk,B,4,272.066,276.862,4.796,0,0,0,0,0,1,,,
RTYjh4qhcEk_005,RTYjh4qhcEk,A,5,283.522,287.39,3.868,0,0,0,0,0,1,,,
RYFm405HgV4_000,RYFm405HgV4,B,0,5.602,23.742,18.14,1,0,0,0,0,0,parody:惡搞,,
RYFm405HgV4_001,RYFm405HgV4,A,1,30.306,34.174,3.868,1,0,0,0,0,0,parody:惡搞,,
RZSN8vn4_1o_000,RZSN8vn4_1o,A,0,0.674,20.19,19.516,0,0,0,0,0,1,,,
RZSN8vn4_1o_001,RZSN8vn4_1o,A,1,22.562,33.47,10.908,0,0,0,0,0,1,,,
RZSN8vn4_1o_002,RZSN8vn4_1o,A,2,34.018,55.646,21.628,0,0,0,0,0,1,,,
RZSN8vn4_1o_003,RZSN8vn4_1o,A,3,57.954,78.718,20.764,0,0,0,0,0,1,,,
RZSN8vn4_1o_004,RZSN8vn4_1o,A,4,80.93,101.886,20.956,0,0,0,0,0,1,,,
RZSN8vn4_1o_005,RZSN8vn4_1o,A,5,104.098,134.686,30.588,0,0,0,0,0,1,,,
RZSN8vn4_1o_006,RZSN8vn4_1o,A,6,135.81,157.246,21.436,0,0,0,0,0,1,,,
RZSN8vn4_1o_007,RZSN8vn4_1o,B,7,158.786,194.558,35.772,0,0,0,0,0,1,,,
RZSN8vn4_1o_008,RZSN8vn4_1o,B,8,194.402,199.614,5.212,0,0,0,0,0,1,,,
RZSN8vn4_1o_009,RZSN8vn4_1o,A,9,201.826,233.15,31.324,0,0,0,0,0,1,,,
RZSN8vn4_1o_010,RZSN8vn4_1o,A,10,235.426,268.19,32.764,0,0,0,0,0,1,,,
RZSN8vn4_1o_011,RZSN8vn4_1o,B,11,270.466,306.622,36.156,0,0,0,0,0,1,,,
RZSN8vn4_1o_012,RZSN8vn4_1o,B,12,306.498,311.998,5.5,0,0,0,0,0,1,,,
RZSN8vn4_1o_013,RZSN8vn4_1o,A,13,314.338,336.254,21.916,0,0,0,0,0,1,,,
RZSN8vn4_1o_014,RZSN8vn4_1o,B,14,338.722,345.47,6.748,0,0,0,0,0,1,,,
RZSN8vn4_1o_015,RZSN8vn4_1o,A,15,350.914,354.878,3.964,0,0,0,0,0,1,,,
Rke75Kw5GU8_000,Rke75Kw5GU8,A,0,0.0,15.07,15.07,0,0,0,0,0,1,,,
Rke75Kw5GU8_001,Rke75Kw5GU8,A,1,15.618,27.006,11.388,0,0,0,0,0,1,,,
Rke75Kw5GU8_002,Rke75Kw5GU8,A,2,28.258,36.638,8.38,0,0,0,0,0,1,,,
Rke75Kw5GU8_003,Rke75Kw5GU8,B,3,37.986,68.574,30.588,0,0,0,0,0,1,,,
Rke75Kw5GU8_004,Rke75Kw5GU8,B,4,68.61,102.334,33.724,0,0,0,0,0,1,,,
Rke75Kw5GU8_005,Rke75Kw5GU8,B,5,103.586,142.75,39.164,0,0,0,0,0,1,,,
Rke75Kw5GU8_006,Rke75Kw5GU8,B,6,142.786,156.254,13.468,0,0,0,0,0,1,,,
Rke75Kw5GU8_007,Rke75Kw5GU8,A,7,157.666,195.134,37.468,0,0,0,0,0,1,,,
Rke75Kw5GU8_008,Rke75Kw5GU8,A,8,196.258,204.926,8.668,0,0,0,0,0,1,,,
Rke75Kw5GU8_009,Rke75Kw5GU8,A,9,206.274,210.462,4.188,0,0,0,0,0,1,,,
Rke75Kw5GU8_010,Rke75Kw5GU8,A,10,211.65,220.99,9.34,0,0,0,0,0,1,,,
Rke75Kw5GU8_011,Rke75Kw5GU8,A,11,222.306,233.726,11.42,0,0,0,0,0,1,,,
Rke75Kw5GU8_012,Rke75Kw5GU8,B,12,234.978,275.07,40.092,0,0,0,0,0,1,,,
Rke75Kw5GU8_013,Rke75Kw5GU8,B,13,275.01,286.878,11.868,0,0,0,0,0,1,,,
Rke75Kw5GU8_014,Rke75Kw5GU8,A,14,288.098,296.702,8.604,0,0,0,0,0,1,,,
Rke75Kw5GU8_015,Rke75Kw5GU8,A,15,297.858,300.894,3.036,0,0,0,0,0,1,,,
Rke75Kw5GU8_016,Rke75Kw5GU8,A,16,301.858,305.118,3.26,0,0,0,0,0,1,,,
Rke75Kw5GU8_017,Rke75Kw5GU8,A,17,306.274,309.534,3.26,0,0,0,0,0,1,,,
Rke75Kw5GU8_018,Rke75Kw5GU8,A,18,310.626,313.054,2.428,0,0,0,0,0,1,,,
Rke75Kw5GU8_019,Rke75Kw5GU8,A,19,314.338,322.11,7.772,0,0,0,0,0,1,,,
Rke75Kw5GU8_020,Rke75Kw5GU8,A,20,323.49,333.726,10.236,0,0,0,0,0,1,,,
Rke75Kw5GU8_021,Rke75Kw5GU8,A,21,335.074,341.662,6.588,0,0,0,0,0,1,,,
Rke75Kw5GU8_022,Rke75Kw5GU8,A,22,342.626,369.662,27.036,0,0,0,0,0,1,,,
Rke75Kw5GU8_023,Rke75Kw5GU8,B,23,370.498,377.214,6.716,0,0,0,0,0,1,,,
Rke75Kw5GU8_024,Rke75Kw5GU8,A,24,382.658,386.654,3.996,0,0,0,0,0,1,,,
RnH3K-ddpjs_000,RnH3K-ddpjs,B,0,0.0,24.99,24.99,0,0,0,1,1,0,film_clip:謝賢,,
RnH3K-ddpjs_001,RnH3K-ddpjs,B,1,24.802,62.366,37.564,0,0,0,1,1,0,film_clip:謝賢,,
RnH3K-ddpjs_002,RnH3K-ddpjs,C,2,75.234,92.542,17.308,0,0,0,1,1,0,film_clip:謝賢,,
RnH3K-ddpjs_003,RnH3K-ddpjs,C,3,94.498,98.814,4.316,0,0,0,1,1,0,film_clip:謝賢,,
RnH3K-ddpjs_004,RnH3K-ddpjs,A,4,99.938,112.478,12.54,0,0,0,1,1,0,film_clip:謝賢,,
RnH3K-ddpjs_005,RnH3K-ddpjs,C,5,114.242,127.454,13.212,0,0,0,1,1,0,film_clip:謝賢,,
RnH3K-ddpjs_006,RnH3K-ddpjs,C,6,128.834,131.486,2.652,0,0,0,1,1,0,film_clip:謝賢,0.6615265607833862,0
RnH3K-ddpjs_007,RnH3K-ddpjs,C,7,135.97,138.174,2.204,0,0,0,1,1,0,film_clip:謝賢,,
RnH3K-ddpjs_008,RnH3K-ddpjs,C,8,146.818,149.15,2.332,0,0,0,1,1,0,film_clip:謝賢,,
RnH3K-ddpjs_009,RnH3K-ddpjs,C,9,152.066,153.758,1.692,0,0,0,1,1,0,film_clip:謝賢,,
RnH3K-ddpjs_010,RnH3K-ddpjs,B,10,165.538,172.126,6.588,0,0,0,1,1,0,film_clip:謝賢,,
RnH3K-ddpjs_011,RnH3K-ddpjs,A,11,178.626,182.526,3.9,0,0,0,1,1,0,film_clip:謝賢,,
Rwq2tZR69No_000,Rwq2tZR69No,A,0,6.37,9.918,3.548,0,0,0,0,0,1,,,
Rwq2tZR69No_001,Rwq2tZR69No,A,1,12.29,16.382,4.092,0,0,0,0,0,1,,,
Rwq2tZR69No_002,Rwq2tZR69No,A,2,17.122,33.95,16.828,0,0,0,0,0,1,,,
Rwq2tZR69No_003,Rwq2tZR69No,A,3,36.578,38.942,2.364,0,0,0,0,0,1,,,
Rwq2tZR69No_004,Rwq2tZR69No,A,4,40.802,42.558,1.756,0,0,0,0,0,1,,,
Rwq2tZR69No_005,Rwq2tZR69No,A,5,45.826,47.678,1.852,0,0,0,0,0,1,,,
Rwq2tZR69No_006,Rwq2tZR69No,A,6,50.914,55.422,4.508,0,0,0,0,0,1,,,
Rwq2tZR69No_007,Rwq2tZR69No,B,7,57.57,59.198,1.628,0,0,0,0,0,1,,,
Rwq2tZR69No_008,Rwq2tZR69No,A,8,61.762,63.326,1.564,0,0,0,0,0,1,,,
Rwq2tZR69No_009,Rwq2tZR69No,A,9,65.954,67.582,1.628,0,0,0,0,0,1,,,
Rwq2tZR69No_010,Rwq2tZR69No,B,10,70.178,71.87,1.692,0,0,0,0,0,1,,,
Rwq2tZR69No_011,Rwq2tZR69No,A,11,74.434,78.238,3.804,0,0,0,0,0,1,,,
Rwq2tZR69No_012,Rwq2tZR69No,B,12,80.354,90.302,9.948,0,0,0,0,0,1,,,
Rwq2tZR69No_013,Rwq2tZR69No,A,13,96.866,100.766,3.9,0,0,0,0,0,1,,,
Rx2pH_xbJwE_000,Rx2pH_xbJwE,A,0,5.858,16.542,10.684,0,0,0,0,0,1,,,
Rx2pH_xbJwE_001,Rx2pH_xbJwE,A,1,17.25,28.734,11.484,0,0,0,0,0,1,,,
Rx2pH_xbJwE_002,Rx2pH_xbJwE,A,2,30.402,42.302,11.9,0,0,0,0,0,1,,,
Rx2pH_xbJwE_003,Rx2pH_xbJwE,A,3,43.906,56.126,12.22,0,0,0,0,0,1,,,
Rx2pH_xbJwE_004,Rx2pH_xbJwE,A,4,57.57,69.31,11.74,0,0,0,0,0,1,,,
Rx2pH_xbJwE_005,Rx2pH_xbJwE,A,5,69.89,95.166,25.276,0,0,0,0,0,1,,,
Rx2pH_xbJwE_006,Rx2pH_xbJwE,A,6,96.194,108.19,11.996,0,0,0,0,0,1,,,
Rx2pH_xbJwE_007,Rx2pH_xbJwE,A,7,110.306,124.158,13.852,0,0,0,0,0,1,,,
Rx2pH_xbJwE_008,Rx2pH_xbJwE,A,8,125.122,135.614,10.492,0,0,0,0,0,1,,0.0110460380092263,0
Rx2pH_xbJwE_009,Rx2pH_xbJwE,C,9,138.754,168.67,29.916,0,0,0,0,0,1,,,
Rx2pH_xbJwE_010,Rx2pH_xbJwE,A,10,174.882,178.75,3.868,0,0,0,0,0,1,,,
S41cxlpNcAc_000,S41cxlpNcAc,A,0,5.794,11.422,5.628,1,0,0,0,0,0,parody:惡搞,,
S41cxlpNcAc_001,S41cxlpNcAc,B,1,12.674,51.71,39.036,1,0,0,0,0,0,parody:惡搞,,
S41cxlpNcAc_002,S41cxlpNcAc,B,2,51.746,58.526,6.78,1,0,0,0,0,0,parody:惡搞,,
S41cxlpNcAc_003,S41cxlpNcAc,A,3,65.058,68.958,3.9,1,0,0,0,0,0,parody:惡搞,,
S7tdhuGEHLk_000,S7tdhuGEHLk,B,0,0.0,35.038,35.038,0,0,0,0,0,1,,,
S7tdhuGEHLk_001,S7tdhuGEHLk,B,1,35.138,71.774,36.636,0,0,0,0,0,1,,,
S7tdhuGEHLk_002,S7tdhuGEHLk,B,2,71.65,111.902,40.252,0,0,0,0,0,1,,,
S7tdhuGEHLk_003,S7tdhuGEHLk,B,3,111.97,130.75,18.78,0,0,0,0,0,1,,,
S7tdhuGEHLk_004,S7tdhuGEHLk,B,4,137.282,141.214,3.932,0,0,0,0,0,1,,,
SFBrInCe1SM_000,SFBrInCe1SM,B,0,130.754,135.486,4.732,0,0,0,0,0,1,,,
SFBrInCe1SM_001,SFBrInCe1SM,A,1,140.898,144.894,3.996,0,0,0,0,0,1,,,
SO3bKXmHRRY_000,SO3bKXmHRRY,A,0,0.994,8.222,7.228,0,0,0,0,0,1,,,
SO3bKXmHRRY_001,SO3bKXmHRRY,B,1,19.234,33.15,13.916,0,0,0,0,0,1,,,
SO3bKXmHRRY_002,SO3bKXmHRRY,B,2,39.65,43.582,3.932,0,0,0,0,0,1,,,
SOtBjHRIAMU_000,SOtBjHRIAMU,A,0,14.53,44.542,30.012,0,0,0,0,0,1,,,
SOtBjHRIAMU_001,SOtBjHRIAMU,A,1,60.866,64.318,3.452,0,0,0,0,0,1,,,
SOtBjHRIAMU_002,SOtBjHRIAMU,A,2,64.93,95.966,31.036,0,0,0,0,0,1,,,
SOtBjHRIAMU_003,SOtBjHRIAMU,B,3,101.154,107.646,6.492,0,0,0,0,0,1,,,
SOtBjHRIAMU_004,SOtBjHRIAMU,A,4,114.21,118.078,3.868,0,0,0,0,0,1,,,
SRpa-WO48cQ_000,SRpa-WO48cQ,A,0,77.506,81.406,3.9,0,0,0,1,1,0,film_clip:李小龍,,
SRpa-WO48cQ_001,SRpa-WO48cQ,B,1,92.77,121.182,28.412,0,0,0,1,1,0,film_clip:李小龍,,
SRpa-WO48cQ_002,SRpa-WO48cQ,B,2,121.058,158.398,37.34,0,0,0,1,1,0,film_clip:李小龍,,
SRpa-WO48cQ_003,SRpa-WO48cQ,B,3,158.434,196.958,38.524,0,0,0,1,1,0,film_clip:李小龍,,
SRpa-WO48cQ_004,SRpa-WO48cQ,B,4,197.122,216.062,18.94,0,0,0,1,1,0,film_clip:李小龍,,
SRpa-WO48cQ_005,SRpa-WO48cQ,B,5,216.002,240.286,24.284,0,0,0,1,1,0,film_clip:李小龍,,
SRpa-WO48cQ_006,SRpa-WO48cQ,B,6,240.29,276.254,35.964,0,0,0,1,1,0,film_clip:李小龍,,
SRpa-WO48cQ_007,SRpa-WO48cQ,B,7,276.258,303.678,27.42,0,0,0,1,1,0,film_clip:李小龍,,
SRpa-WO48cQ_008,SRpa-WO48cQ,B,8,303.778,325.982,22.204,0,0,0,1,1,0,film_clip:李小龍,,
SRpa-WO48cQ_009,SRpa-WO48cQ,B,9,325.794,365.886,40.092,0,0,0,1,1,0,film_clip:李小龍,,
SRpa-WO48cQ_010,SRpa-WO48cQ,B,10,366.402,406.046,39.644,0,0,0,1,1,0,film_clip:李小龍,,
SRpa-WO48cQ_011,SRpa-WO48cQ,B,11,406.434,424.478,18.044,0,0,0,1,1,0,film_clip:李小龍,0.0080942967906594,1
SRpa-WO48cQ_012,SRpa-WO48cQ,A,12,438.05,468.222,30.172,0,0,0,1,1,0,film_clip:李小龍,,
SRpa-WO48cQ_013,SRpa-WO48cQ,C,13,498.498,507.166,8.668,0,0,0,1,1,0,film_clip:李小龍,,
SRpa-WO48cQ_014,SRpa-WO48cQ,A,14,514.626,516.126,1.5,0,0,0,1,1,0,film_clip:李小龍,,
SRpa-WO48cQ_015,SRpa-WO48cQ,B,15,520.066,534.654,14.588,0,0,0,1,1,0,film_clip:李小龍,,
SRpa-WO48cQ_016,SRpa-WO48cQ,B,16,596.13,620.542,24.412,0,0,0,1,1,0,film_clip:李小龍,,
SRpa-WO48cQ_017,SRpa-WO48cQ,B,17,620.834,653.566,32.732,0,0,0,1,1,0,film_clip:李小龍,,
SRpa-WO48cQ_018,SRpa-WO48cQ,B,18,653.538,666.206,12.668,0,0,0,1,1,0,film_clip:李小龍,,
SRpa-WO48cQ_019,SRpa-WO48cQ,C,19,716.13,718.206,2.076,0,0,0,1,1,0,film_clip:李小龍,,
SRpa-WO48cQ_020,SRpa-WO48cQ,A,20,719.074,722.814,3.74,0,0,0,1,1,0,film_clip:李小龍,,
SRpa-WO48cQ_021,SRpa-WO48cQ,A,21,726.114,735.646,9.532,0,0,0,1,1,0,film_clip:李小龍,,
SRpa-WO48cQ_022,SRpa-WO48cQ,A,22,791.778,799.23,7.452,0,0,0,1,1,0,film_clip:李小龍,,
SRpa-WO48cQ_023,SRpa-WO48cQ,A,23,848.61,876.094,27.484,0,0,0,1,1,0,film_clip:李小龍,,
SRpa-WO48cQ_024,SRpa-WO48cQ,C,24,877.314,879.646,2.332,0,0,0,1,1,0,film_clip:李小龍,,
SRpa-WO48cQ_025,SRpa-WO48cQ,A,25,889.89,895.262,5.372,0,0,0,1,1,0,film_clip:李小龍,,
SRpa-WO48cQ_026,SRpa-WO48cQ,B,26,905.794,912.286,6.492,0,0,0,1,1,0,film_clip:李小龍,,
SRpa-WO48cQ_027,SRpa-WO48cQ,B,27,918.754,922.718,3.964,0,0,0,1,1,0,film_clip:李小龍,,
Sb_8xsOD9ps_000,Sb_8xsOD9ps,B,0,0.0,36.67,36.67,0,0,0,0,0,1,,,
Sb_8xsOD9ps_001,Sb_8xsOD9ps,A,1,43.202,47.102,3.9,0,0,0,0,0,1,,,
SheQHIKfZrA_000,SheQHIKfZrA,B,0,0.066,5.406,5.34,0,0,1,0,0,0,recitation:朗讀,,
SheQHIKfZrA_001,SheQHIKfZrA,A,1,6.05,36.766,30.716,0,0,1,0,0,0,recitation:朗讀,,
SheQHIKfZrA_002,SheQHIKfZrA,C,2,38.594,45.374,6.78,0,0,1,0,0,0,recitation:朗讀,,
SkOPCvsnxsg_000,SkOPCvsnxsg,A,0,0.706,9.63,8.924,0,0,0,0,0,1,,,
SkOPCvsnxsg_001,SkOPCvsnxsg,B,1,12.77,17.534,4.764,0,0,0,0,0,1,,,
SkOPCvsnxsg_002,SkOPCvsnxsg,A,2,20.834,40.126,19.292,0,0,0,0,0,1,,,
SkOPCvsnxsg_003,SkOPCvsnxsg,A,3,45.762,53.47,7.708,0,0,0,0,0,1,,,
SkOPCvsnxsg_004,SkOPCvsnxsg,A,4,54.114,64.894,10.78,0,0,0,0,0,1,,,
SkOPCvsnxsg_005,SkOPCvsnxsg,A,5,68.354,79.838,11.484,0,0,0,0,0,1,,,
SkOPCvsnxsg_006,SkOPCvsnxsg,A,6,88.866,93.022,4.156,0,0,0,0,0,1,,,
SkOPCvsnxsg_007,SkOPCvsnxsg,A,7,99.65,121.278,21.628,0,0,0,0,0,1,,,
SkOPCvsnxsg_008,SkOPCvsnxsg,A,8,122.306,126.206,3.9,0,0,0,0,0,1,,0.0046683186665177,0
SkOPCvsnxsg_009,SkOPCvsnxsg,A,9,140.866,143.678,2.812,0,0,0,0,0,1,,,
SkOPCvsnxsg_010,SkOPCvsnxsg,A,10,157.826,160.67,2.844,0,0,0,0,0,1,,,
SkOPCvsnxsg_011,SkOPCvsnxsg,A,11,175.682,184.51,8.828,0,0,0,0,0,1,,,
SkOPCvsnxsg_012,SkOPCvsnxsg,A,12,187.426,190.398,2.972,0,0,0,0,0,1,,,
SkOPCvsnxsg_013,SkOPCvsnxsg,B,13,199.33,234.846,35.516,0,0,0,0,0,1,,0.0008233261178247,0
SkOPCvsnxsg_014,SkOPCvsnxsg,B,14,235.01,239.966,4.956,0,0,0,0,0,1,,,
SkOPCvsnxsg_015,SkOPCvsnxsg,A,15,249.346,251.902,2.556,0,0,0,0,0,1,,,
SkOPCvsnxsg_016,SkOPCvsnxsg,A,16,252.514,259.358,6.844,0,0,0,0,0,1,,,
SkOPCvsnxsg_017,SkOPCvsnxsg,A,17,268.45,272.67,4.22,0,0,0,0,0,1,,,
SkOPCvsnxsg_018,SkOPCvsnxsg,A,18,273.826,276.19,2.364,0,0,0,0,0,1,,,
SkOPCvsnxsg_019,SkOPCvsnxsg,A,19,276.898,279.934,3.036,0,0,0,0,0,1,,,
SkOPCvsnxsg_020,SkOPCvsnxsg,A,20,292.034,299.966,7.932,0,0,0,0,0,1,,,
SkOPCvsnxsg_021,SkOPCvsnxsg,A,21,301.41,328.798,27.388,0,0,0,0,0,1,,,
SkOPCvsnxsg_022,SkOPCvsnxsg,C,22,329.794,336.638,6.844,0,0,0,0,0,1,,,
SkOPCvsnxsg_023,SkOPCvsnxsg,A,23,337.25,344.062,6.812,0,0,0,0,0,1,,,
SkOPCvsnxsg_024,SkOPCvsnxsg,B,24,344.674,348.126,3.452,0,0,0,0,0,1,,,
SkOPCvsnxsg_025,SkOPCvsnxsg,A,25,348.738,351.006,2.268,0,0,0,0,0,1,,,
SkOPCvsnxsg_026,SkOPCvsnxsg,A,26,353.474,360.894,7.42,0,0,0,0,0,1,,,
SkOPCvsnxsg_027,SkOPCvsnxsg,A,27,364.834,375.262,10.428,0,0,0,0,0,1,,,
SkOPCvsnxsg_028,SkOPCvsnxsg,A,28,377.89,382.366,4.476,0,0,0,0,0,1,,,
SkOPCvsnxsg_029,SkOPCvsnxsg,B,29,383.874,393.15,9.276,0,0,0,0,0,1,,,
SkOPCvsnxsg_030,SkOPCvsnxsg,B,30,392.93,427.902,34.972,0,0,0,0,0,1,,,
SkOPCvsnxsg_031,SkOPCvsnxsg,B,31,427.81,453.534,25.724,0,0,0,0,0,1,,,
SkOPCvsnxsg_032,SkOPCvsnxsg,A,32,498.402,513.566,15.164,0,0,0,0,0,1,,,
SkOPCvsnxsg_033,SkOPCvsnxsg,A,33,516.866,522.782,5.916,0,0,0,0,0,1,,,
SkOPCvsnxsg_034,SkOPCvsnxsg,A,34,525.698,534.782,9.084,0,0,0,0,0,1,,,
SkOPCvsnxsg_035,SkOPCvsnxsg,C,35,536.738,539.262,2.524,0,0,0,0,0,1,,,
SkOPCvsnxsg_036,SkOPCvsnxsg,A,36,539.906,543.934,4.028,0,0,0,0,0,1,,,
SkOPCvsnxsg_037,SkOPCvsnxsg,B,37,547.234,553.662,6.428,0,0,0,0,0,1,,,
SkOPCvsnxsg_038,SkOPCvsnxsg,A,38,560.098,564.094,3.996,0,0,0,0,0,1,,,
T0Cup5Bdkf4_000,T0Cup5Bdkf4,A,0,5.698,15.582,9.884,0,0,0,0,0,1,,,
T0Cup5Bdkf4_001,T0Cup5Bdkf4,A,1,16.834,22.174,5.34,0,0,0,0,0,1,,,
T0Cup5Bdkf4_002,T0Cup5Bdkf4,A,2,24.77,29.63,4.86,0,0,0,0,0,1,,,
T0Cup5Bdkf4_003,T0Cup5Bdkf4,A,3,32.45,36.958,4.508,0,0,0,0,0,1,,,
T0Cup5Bdkf4_004,T0Cup5Bdkf4,A,4,39.778,54.334,14.556,0,0,0,0,0,1,,,
T0Cup5Bdkf4_005,T0Cup5Bdkf4,A,5,56.93,80.67,23.74,0,0,0,0,0,1,,,
T0Cup5Bdkf4_006,T0Cup5Bdkf4,A,6,83.426,103.23,19.804,0,0,0,0,0,1,,,
T0Cup5Bdkf4_007,T0Cup5Bdkf4,A,7,105.954,113.15,7.196,0,0,0,0,0,1,,,
T0Cup5Bdkf4_008,T0Cup5Bdkf4,A,8,115.938,123.774,7.836,0,0,0,0,0,1,,,
T0Cup5Bdkf4_009,T0Cup5Bdkf4,B,9,126.754,166.174,39.42,0,0,0,0,0,1,,,
T0Cup5Bdkf4_010,T0Cup5Bdkf4,B,10,166.402,173.15,6.748,0,0,0,0,0,1,,,
T0Cup5Bdkf4_011,T0Cup5Bdkf4,A,11,178.818,182.59,3.772,0,0,0,0,0,1,,,
T9Yi2rohQUQ_000,T9Yi2rohQUQ,A,0,0.0,16.286,16.286,0,0,0,0,0,1,,,
T9Yi2rohQUQ_001,T9Yi2rohQUQ,A,1,18.114,22.654,4.54,0,0,0,0,0,1,,,
T9Yi2rohQUQ_002,T9Yi2rohQUQ,B,2,23.97,61.086,37.116,0,0,0,0,0,1,,,
T9Yi2rohQUQ_003,T9Yi2rohQUQ,B,3,61.026,74.878,13.852,0,0,0,0,0,1,,,
T9Yi2rohQUQ_004,T9Yi2rohQUQ,A,4,76.61,81.502,4.892,0,0,0,0,0,1,,,
T9Yi2rohQUQ_005,T9Yi2rohQUQ,A,5,82.658,105.31,22.652,0,0,0,0,0,1,,,
T9Yi2rohQUQ_006,T9Yi2rohQUQ,A,6,106.85,110.014,3.164,0,0,0,0,0,1,,,
T9Yi2rohQUQ_007,T9Yi2rohQUQ,A,7,110.978,145.662,34.684,0,0,0,0,0,1,,,
T9Yi2rohQUQ_008,T9Yi2rohQUQ,A,8,147.138,149.854,2.716,0,0,0,0,0,1,,,
T9Yi2rohQUQ_009,T9Yi2rohQUQ,A,9,151.554,155.518,3.964,0,0,0,0,0,1,,,
T9Yi2rohQUQ_010,T9Yi2rohQUQ,A,10,156.834,173.246,16.412,0,0,0,0,0,1,,,
T9Yi2rohQUQ_011,T9Yi2rohQUQ,B,11,174.69,181.406,6.716,0,0,0,0,0,1,,,
TA0W22-E_0M_000,TA0W22-E_0M,A,0,0.29,16.414,16.124,0,0,0,0,0,1,,,
TA0W22-E_0M_001,TA0W22-E_0M,C,1,17.314,20.126,2.812,0,0,0,0,0,1,,0.0021685161627829,0
TA0W22-E_0M_002,TA0W22-E_0M,A,2,87.33,93.886,6.556,0,0,0,0,0,1,,,
TA0W22-E_0M_003,TA0W22-E_0M,C,3,129.186,131.198,2.012,0,0,0,0,0,1,,,
TA0W22-E_0M_004,TA0W22-E_0M,A,4,134.498,138.91,4.412,0,0,0,0,0,1,,,
TA0W22-E_0M_005,TA0W22-E_0M,A,5,141.602,145.406,3.804,0,0,0,0,0,1,,,
TA0W22-E_0M_006,TA0W22-E_0M,A,6,146.946,148.67,1.724,0,0,0,0,0,1,,,
TA0W22-E_0M_007,TA0W22-E_0M,A,7,155.17,156.702,1.532,0,0,0,0,0,1,,,
TA0W22-E_0M_008,TA0W22-E_0M,B,8,158.178,170.814,12.636,0,0,0,0,0,1,,,
TA0W22-E_0M_009,TA0W22-E_0M,B,9,177.346,181.278,3.932,0,0,0,0,0,1,,,
TGfr8DXepFM_000,TGfr8DXepFM,A,0,0.738,8.158,7.42,0,0,0,1,1,0,film_clip:李小龍|白燕,,
TGfr8DXepFM_001,TGfr8DXepFM,A,1,12.674,20.51,7.836,0,0,0,1,1,0,film_clip:李小龍|白燕,,
TGfr8DXepFM_002,TGfr8DXepFM,B,2,107.394,111.966,4.572,0,0,0,1,1,0,film_clip:李小龍|白燕,,
TGfr8DXepFM_003,TGfr8DXepFM,A,3,118.626,122.462,3.836,0,0,0,1,1,0,film_clip:李小龍|白燕,,
TRnR3FYiJps_000,TRnR3FYiJps,A,0,33.378,39.134,5.756,0,0,0,0,0,1,,,
TRnR3FYiJps_001,TRnR3FYiJps,A,1,44.45,50.494,6.044,0,0,0,0,0,1,,,
TRnR3FYiJps_002,TRnR3FYiJps,A,2,73.922,79.614,5.692,0,0,0,0,0,1,,,
TRnR3FYiJps_003,TRnR3FYiJps,A,3,83.554,89.95,6.396,0,0,0,0,0,1,,,
TRnR3FYiJps_004,TRnR3FYiJps,B,4,93.89,100.51,6.62,0,0,0,0,0,1,,,
TRnR3FYiJps_005,TRnR3FYiJps,A,5,107.138,111.006,3.868,0,0,0,0,0,1,,,
TWoH_ijjAUk_000,TWoH_ijjAUk,A,0,0.0,12.67,12.67,0,0,0,0,0,1,,,
TWoH_ijjAUk_001,TWoH_ijjAUk,A,1,15.49,27.326,11.836,0,0,0,0,0,1,,,
TWoH_ijjAUk_002,TWoH_ijjAUk,A,2,30.018,34.558,4.54,0,0,0,0,0,1,,,
TWoH_ijjAUk_003,TWoH_ijjAUk,A,3,36.802,41.854,5.052,0,0,0,0,0,1,,,
TWoH_ijjAUk_004,TWoH_ijjAUk,A,4,44.066,46.398,2.332,0,0,0,0,0,1,,,
TWoH_ijjAUk_005,TWoH_ijjAUk,A,5,48.258,52.862,4.604,0,0,0,0,0,1,,,
TWoH_ijjAUk_006,TWoH_ijjAUk,B,6,54.466,63.102,8.636,0,0,0,0,0,1,,,
TWoH_ijjAUk_007,TWoH_ijjAUk,A,7,65.378,68.862,3.484,0,0,0,0,0,1,,,
TWoH_ijjAUk_008,TWoH_ijjAUk,A,8,70.946,75.582,4.636,0,0,0,0,0,1,,,
TWoH_ijjAUk_009,TWoH_ijjAUk,A,9,78.082,84.318,6.236,0,0,0,0,0,1,,,
TWoH_ijjAUk_010,TWoH_ijjAUk,A,10,87.074,102.782,15.708,0,0,0,0,0,1,,,
TWoH_ijjAUk_011,TWoH_ijjAUk,A,11,107.426,110.142,2.716,0,0,0,0,0,1,,,
TWoH_ijjAUk_012,TWoH_ijjAUk,A,12,110.85,117.278,6.428,0,0,0,0,0,1,,,
TWoH_ijjAUk_013,TWoH_ijjAUk,A,13,118.21,120.702,2.492,0,0,0,0,0,1,,,
TWoH_ijjAUk_014,TWoH_ijjAUk,A,14,123.458,130.462,7.004,0,0,0,0,0,1,,,
TWoH_ijjAUk_015,TWoH_ijjAUk,A,15,133.378,137.182,3.804,0,0,0,0,0,1,,,
TWoH_ijjAUk_016,TWoH_ijjAUk,B,16,139.65,150.622,10.972,0,0,0,0,0,1,,,
TWoH_ijjAUk_017,TWoH_ijjAUk,A,17,153.058,154.558,1.5,0,0,0,0,0,1,,,
TWoH_ijjAUk_018,TWoH_ijjAUk,A,18,155.266,163.646,8.38,0,0,0,0,0,1,,,
TWoH_ijjAUk_019,TWoH_ijjAUk,A,19,166.274,172.478,6.204,0,0,0,0,0,1,,,
TWoH_ijjAUk_020,TWoH_ijjAUk,A,20,173.09,177.886,4.796,0,0,0,0,0,1,,,
TWoH_ijjAUk_021,TWoH_ijjAUk,A,21,179.49,181.694,2.204,0,0,0,0,0,1,,,
TWoH_ijjAUk_022,TWoH_ijjAUk,A,22,183.362,185.534,2.172,0,0,0,0,0,1,,,
TWoH_ijjAUk_023,TWoH_ijjAUk,A,23,187.426,192.638,5.212,0,0,0,0,0,1,,,
TWoH_ijjAUk_024,TWoH_ijjAUk,A,24,195.17,198.206,3.036,0,0,0,0,0,1,,,
TWoH_ijjAUk_025,TWoH_ijjAUk,A,25,200.13,203.07,2.94,0,0,0,0,0,1,,,
TWoH_ijjAUk_026,TWoH_ijjAUk,A,26,205.25,209.63,4.38,0,0,0,0,0,1,,,
TWoH_ijjAUk_027,TWoH_ijjAUk,A,27,211.426,220.606,9.18,0,0,0,0,0,1,,,
TWoH_ijjAUk_028,TWoH_ijjAUk,A,28,221.794,227.166,5.372,0,0,0,0,0,1,,,
TWoH_ijjAUk_029,TWoH_ijjAUk,A,29,229.25,234.974,5.724,0,0,0,0,0,1,,,
TWoH_ijjAUk_030,TWoH_ijjAUk,A,30,236.802,244.798,7.996,0,0,0,0,0,1,,,
TWoH_ijjAUk_031,TWoH_ijjAUk,A,31,246.722,255.486,8.764,0,0,0,0,0,1,,,
TWoH_ijjAUk_032,TWoH_ijjAUk,A,32,257.314,282.366,25.052,0,0,0,0,0,1,,,
TWoH_ijjAUk_033,TWoH_ijjAUk,A,33,285.346,295.358,10.012,0,0,0,0,0,1,,,
TWoH_ijjAUk_034,TWoH_ijjAUk,A,34,296.77,305.918,9.148,0,0,0,0,0,1,,,
TWoH_ijjAUk_035,TWoH_ijjAUk,A,35,306.914,319.07,12.156,0,0,0,0,0,1,,,
TWoH_ijjAUk_036,TWoH_ijjAUk,A,36,321.698,323.902,2.204,0,0,0,0,0,1,,,
TWoH_ijjAUk_037,TWoH_ijjAUk,A,37,324.514,327.326,2.812,0,0,0,0,0,1,,,
TWoH_ijjAUk_038,TWoH_ijjAUk,A,38,330.146,343.582,13.436,0,0,0,0,0,1,,,
TWoH_ijjAUk_039,TWoH_ijjAUk,A,39,346.754,349.438,2.684,0,0,0,0,0,1,,,
TWoH_ijjAUk_040,TWoH_ijjAUk,A,40,350.018,353.694,3.676,0,0,0,0,0,1,,,
TWoH_ijjAUk_041,TWoH_ijjAUk,A,41,356.45,360.062,3.612,0,0,0,0,0,1,,,
TWoH_ijjAUk_042,TWoH_ijjAUk,B,42,362.146,368.862,6.716,0,0,0,0,0,1,,,
TWoH_ijjAUk_043,TWoH_ijjAUk,A,43,374.306,378.302,3.996,0,0,0,0,0,1,,,
TpKyBapvTbE_000,TpKyBapvTbE,A,0,133.378,145.118,11.74,0,0,0,0,0,1,,,
TpKyBapvTbE_001,TpKyBapvTbE,A,1,146.114,158.11,11.996,0,0,0,0,0,1,,,
TpKyBapvTbE_002,TpKyBapvTbE,A,2,159.394,171.294,11.9,0,0,0,0,0,1,,,
TpKyBapvTbE_003,TpKyBapvTbE,A,3,172.674,184.254,11.58,0,0,0,0,0,1,,,
TpKyBapvTbE_004,TpKyBapvTbE,A,4,190.754,204.222,13.468,0,0,0,0,0,1,,,
TpKyBapvTbE_005,TpKyBapvTbE,B,5,326.402,332.702,6.3,0,0,0,0,0,1,,,
TpKyBapvTbE_006,TpKyBapvTbE,A,6,339.298,343.134,3.836,0,0,0,0,0,1,,,
TrLtHAYYW2c_000,TrLtHAYYW2c,A,0,1.89,11.166,9.276,0,0,0,0,0,1,,,
TrLtHAYYW2c_001,TrLtHAYYW2c,A,1,12.866,22.014,9.148,0,0,0,0,0,1,,,
TrLtHAYYW2c_002,TrLtHAYYW2c,A,2,285.09,286.718,1.628,0,0,0,0,0,1,,,
TrLtHAYYW2c_003,TrLtHAYYW2c,B,3,287.394,296.766,9.372,0,0,0,0,0,1,,,
TrLtHAYYW2c_004,TrLtHAYYW2c,A,4,297.634,301.662,4.028,0,0,0,0,0,1,,,
U36zHkmhn-c_000,U36zHkmhn-c,A,0,0.0,10.75,10.75,0,0,0,1,1,0,film_clip:李小龍|吳楚帆,,
U36zHkmhn-c_001,U36zHkmhn-c,C,1,11.458,16.382,4.924,0,0,0,1,1,0,film_clip:李小龍|吳楚帆,,
U36zHkmhn-c_002,U36zHkmhn-c,A,2,17.794,25.086,7.292,0,0,0,1,1,0,film_clip:李小龍|吳楚帆,,
U36zHkmhn-c_003,U36zHkmhn-c,A,3,25.666,27.454,1.788,0,0,0,1,1,0,film_clip:李小龍|吳楚帆,,
U36zHkmhn-c_004,U36zHkmhn-c,A,4,28.258,32.606,4.348,0,0,0,1,1,0,film_clip:李小龍|吳楚帆,,
U36zHkmhn-c_005,U36zHkmhn-c,A,5,37.41,40.19,2.78,0,0,0,1,1,0,film_clip:李小龍|吳楚帆,,
U36zHkmhn-c_006,U36zHkmhn-c,A,6,77.122,87.39,10.268,0,0,0,1,1,0,film_clip:李小龍|吳楚帆,,
U36zHkmhn-c_007,U36zHkmhn-c,A,7,89.57,99.55,9.98,0,0,0,1,1,0,film_clip:李小龍|吳楚帆,,
U36zHkmhn-c_008,U36zHkmhn-c,A,8,108.994,118.43,9.436,0,0,0,1,1,0,film_clip:李小龍|吳楚帆,,
U36zHkmhn-c_009,U36zHkmhn-c,A,9,122.594,147.87,25.276,0,0,0,1,1,0,film_clip:李小龍|吳楚帆,,
U36zHkmhn-c_010,U36zHkmhn-c,A,10,153.186,161.246,8.06,0,0,0,1,1,0,film_clip:李小龍|吳楚帆,,
U36zHkmhn-c_011,U36zHkmhn-c,A,11,164.29,167.326,3.036,0,0,0,1,1,0,film_clip:李小龍|吳楚帆,,
U36zHkmhn-c_012,U36zHkmhn-c,A,12,171.01,172.958,1.948,0,0,0,1,1,0,film_clip:李小龍|吳楚帆,,
U36zHkmhn-c_013,U36zHkmhn-c,A,13,174.53,176.35,1.82,0,0,0,1,1,0,film_clip:李小龍|吳楚帆,,
U36zHkmhn-c_014,U36zHkmhn-c,A,14,177.058,180.414,3.356,0,0,0,1,1,0,film_clip:李小龍|吳楚帆,,
U36zHkmhn-c_015,U36zHkmhn-c,A,15,196.034,200.446,4.412,0,0,0,1,1,0,film_clip:李小龍|吳楚帆,,
U36zHkmhn-c_016,U36zHkmhn-c,A,16,201.186,202.782,1.596,0,0,0,1,1,0,film_clip:李小龍|吳楚帆,,
U36zHkmhn-c_017,U36zHkmhn-c,C,17,208.386,209.982,1.596,0,0,0,1,1,0,film_clip:李小龍|吳楚帆,,
U36zHkmhn-c_018,U36zHkmhn-c,A,18,216.066,223.966,7.9,0,0,0,1,1,0,film_clip:李小龍|吳楚帆,,
U36zHkmhn-c_019,U36zHkmhn-c,B,19,233.186,236.51,3.324,0,0,0,1,1,0,film_clip:李小龍|吳楚帆,,
U36zHkmhn-c_020,U36zHkmhn-c,A,20,237.666,239.774,2.108,0,0,0,1,1,0,film_clip:李小龍|吳楚帆,,
U36zHkmhn-c_021,U36zHkmhn-c,A,21,240.642,242.75,2.108,0,0,0,1,1,0,film_clip:李小龍|吳楚帆,,
U36zHkmhn-c_022,U36zHkmhn-c,A,22,243.298,247.39,4.092,0,0,0,1,1,0,film_clip:李小龍|吳楚帆,,
U36zHkmhn-c_023,U36zHkmhn-c,A,23,248.162,250.686,2.524,0,0,0,1,1,0,film_clip:李小龍|吳楚帆,,
U36zHkmhn-c_024,U36zHkmhn-c,A,24,251.458,253.054,1.596,0,0,0,1,1,0,film_clip:李小龍|吳楚帆,,
U36zHkmhn-c_025,U36zHkmhn-c,A,25,253.602,255.422,1.82,0,0,0,1,1,0,film_clip:李小龍|吳楚帆,,
U36zHkmhn-c_026,U36zHkmhn-c,B,26,268.45,280.574,12.124,0,0,0,1,1,0,film_clip:李小龍|吳楚帆,,
U36zHkmhn-c_027,U36zHkmhn-c,A,27,287.138,291.038,3.9,0,0,0,1,1,0,film_clip:李小龍|吳楚帆,,
U6kEU5fVy8M_000,U6kEU5fVy8M,A,0,4.578,9.054,4.476,0,0,0,0,0,1,,,
U6kEU5fVy8M_001,U6kEU5fVy8M,A,1,11.266,15.038,3.772,0,0,0,0,0,1,,,
U6kEU5fVy8M_002,U6kEU5fVy8M,A,2,17.218,20.03,2.812,0,0,0,0,0,1,,,
U6kEU5fVy8M_003,U6kEU5fVy8M,A,3,22.274,34.046,11.772,0,0,0,0,0,1,,,
U6kEU5fVy8M_004,U6kEU5fVy8M,A,4,36.226,53.95,17.724,0,0,0,0,0,1,,,
U6kEU5fVy8M_005,U6kEU5fVy8M,A,5,56.194,58.494,2.3,0,0,0,0,0,1,,,
U6kEU5fVy8M_006,U6kEU5fVy8M,A,6,59.01,73.278,14.268,0,0,0,0,0,1,,,
U6kEU5fVy8M_007,U6kEU5fVy8M,A,7,74.434,84.894,10.46,0,0,0,0,0,1,,,
U6kEU5fVy8M_008,U6kEU5fVy8M,A,8,86.306,91.326,5.02,0,0,0,0,0,1,,,
U6kEU5fVy8M_009,U6kEU5fVy8M,A,9,97.25,115.134,17.884,0,0,0,0,0,1,,,
U6kEU5fVy8M_010,U6kEU5fVy8M,A,10,116.546,130.43,13.884,0,0,0,0,0,1,,,
U6kEU5fVy8M_011,U6kEU5fVy8M,A,11,131.81,146.43,14.62,0,0,0,0,0,1,,,
U6kEU5fVy8M_012,U6kEU5fVy8M,B,12,148.034,153.982,5.948,0,0,0,0,0,1,,,
U6kEU5fVy8M_013,U6kEU5fVy8M,A,13,161.186,165.214,4.028,0,0,0,0,0,1,,,
UAsnU0Vn_go_000,UAsnU0Vn_go,A,0,0.258,6.846,6.588,0,0,0,1,0,0,film_clip:粵語片|銀幕,,
UAsnU0Vn_go_001,UAsnU0Vn_go,B,1,7.426,20.254,12.828,0,0,0,1,0,0,film_clip:粵語片|銀幕,,
UAsnU0Vn_go_002,UAsnU0Vn_go,A,2,22.242,31.518,9.276,0,0,0,1,0,0,film_clip:粵語片|銀幕,,
UAsnU0Vn_go_003,UAsnU0Vn_go,A,3,32.578,36.03,3.452,0,0,0,1,0,0,film_clip:粵語片|銀幕,,
UAsnU0Vn_go_004,UAsnU0Vn_go,A,4,37.922,55.006,17.084,0,0,0,1,0,0,film_clip:粵語片|銀幕,,
UAsnU0Vn_go_005,UAsnU0Vn_go,A,5,56.642,65.854,9.212,0,0,0,1,0,0,film_clip:粵語片|銀幕,,
UAsnU0Vn_go_006,UAsnU0Vn_go,A,6,67.842,83.166,15.324,0,0,0,1,0,0,film_clip:粵語片|銀幕,,
UAsnU0Vn_go_007,UAsnU0Vn_go,A,7,83.874,107.23,23.356,0,0,0,1,0,0,film_clip:粵語片|銀幕,,
UAsnU0Vn_go_008,UAsnU0Vn_go,A,8,108.066,120.03,11.964,0,0,0,1,0,0,film_clip:粵語片|銀幕,,
UAsnU0Vn_go_009,UAsnU0Vn_go,B,9,121.826,155.55,33.724,0,0,0,1,0,0,film_clip:粵語片|銀幕,,
UAsnU0Vn_go_010,UAsnU0Vn_go,A,10,157.474,194.11,36.636,0,0,0,1,0,0,film_clip:粵語片|銀幕,,
UAsnU0Vn_go_011,UAsnU0Vn_go,A,11,196.002,224.638,28.636,0,0,0,1,0,0,film_clip:粵語片|銀幕,,
UAsnU0Vn_go_012,UAsnU0Vn_go,A,12,226.498,253.726,27.228,0,0,0,1,0,0,film_clip:粵語片|銀幕,,
UAsnU0Vn_go_013,UAsnU0Vn_go,A,13,256.578,260.222,3.644,0,0,0,1,0,0,film_clip:粵語片|銀幕,,
UAsnU0Vn_go_014,UAsnU0Vn_go,B,14,263.234,269.406,6.172,0,0,0,1,0,0,film_clip:粵語片|銀幕,,
UAsnU0Vn_go_015,UAsnU0Vn_go,A,15,276.386,280.414,4.028,0,0,0,1,0,0,film_clip:粵語片|銀幕,,
UE2Yh076-V0_000,UE2Yh076-V0,A,0,5.41,10.046,4.636,0,0,0,1,1,0,film_clip:石堅,,
UE2Yh076-V0_001,UE2Yh076-V0,B,1,29.634,57.822,28.188,0,0,0,1,1,0,film_clip:石堅,,
UE2Yh076-V0_002,UE2Yh076-V0,B,2,64.322,68.286,3.964,0,0,0,1,1,0,film_clip:石堅,,
ULm0hQPi1FA_000,ULm0hQPi1FA,B,0,0.0,6.11,6.11,0,0,0,0,0,1,,,
ULm0hQPi1FA_001,ULm0hQPi1FA,A,1,8.866,22.814,13.948,0,0,0,0,0,1,,,
ULm0hQPi1FA_002,ULm0hQPi1FA,A,2,23.554,54.75,31.196,0,0,0,0,0,1,,,
ULm0hQPi1FA_003,ULm0hQPi1FA,A,3,55.65,65.982,10.332,0,0,0,0,0,1,,,
ULm0hQPi1FA_004,ULm0hQPi1FA,C,4,67.138,74.814,7.676,0,0,0,0,0,1,,,
ULm0hQPi1FA_005,ULm0hQPi1FA,A,5,75.49,90.814,15.324,0,0,0,0,0,1,,,
ULm0hQPi1FA_006,ULm0hQPi1FA,A,6,96.61,100.638,4.028,0,0,0,0,0,1,,,
UYQD1u6EOj4_000,UYQD1u6EOj4,A,0,1.762,8.606,6.844,0,0,0,0,0,1,,,
UYQD1u6EOj4_001,UYQD1u6EOj4,A,1,10.05,14.942,4.892,0,0,0,0,0,1,,,
UYQD1u6EOj4_002,UYQD1u6EOj4,A,2,17.442,41.918,24.476,0,0,0,0,0,1,,,
UYQD1u6EOj4_003,UYQD1u6EOj4,B,3,46.306,83.486,37.18,0,0,0,0,0,1,,,
UYQD1u6EOj4_004,UYQD1u6EOj4,B,4,83.33,87.678,4.348,0,0,0,0,0,1,,,
UYQD1u6EOj4_005,UYQD1u6EOj4,A,5,92.322,122.334,30.012,0,0,0,0,0,1,,,
UYQD1u6EOj4_006,UYQD1u6EOj4,A,6,124.034,143.198,19.164,0,0,0,0,0,1,,,
UYQD1u6EOj4_007,UYQD1u6EOj4,A,7,147.97,172.926,24.956,0,0,0,0,0,1,,,
UYQD1u6EOj4_008,UYQD1u6EOj4,A,8,177.474,184.702,7.228,0,0,0,0,0,1,,,
UYQD1u6EOj4_009,UYQD1u6EOj4,A,9,189.09,203.326,14.236,0,0,0,0,0,1,,,
UYQD1u6EOj4_010,UYQD1u6EOj4,A,10,204.802,212.99,8.188,0,0,0,0,0,1,,,
UYQD1u6EOj4_011,UYQD1u6EOj4,A,11,214.658,225.63,10.972,0,0,0,0,0,1,,,
UYQD1u6EOj4_012,UYQD1u6EOj4,B,12,227.81,234.526,6.716,0,0,0,0,0,1,,,
UYQD1u6EOj4_013,UYQD1u6EOj4,A,13,239.97,243.966,3.996,0,0,0,0,0,1,,,
Ue3PasbN4c4_000,Ue3PasbN4c4,C,0,0.0,6.686,6.686,0,0,0,0,0,1,,,
Ue3PasbN4c4_001,Ue3PasbN4c4,C,1,11.906,14.078,2.172,0,0,0,0,0,1,,,
Ue3PasbN4c4_002,Ue3PasbN4c4,A,2,16.098,40.926,24.828,0,0,0,0,0,1,,,
Ue3PasbN4c4_003,Ue3PasbN4c4,B,3,44.034,64.062,20.028,0,0,0,0,0,1,,,
Ue3PasbN4c4_004,Ue3PasbN4c4,A,4,66.946,68.958,2.012,0,0,0,0,0,1,,,
Ue3PasbN4c4_005,Ue3PasbN4c4,B,5,69.73,90.686,20.956,0,0,0,0,0,1,,,
Ue3PasbN4c4_006,Ue3PasbN4c4,A,6,93.314,97.918,4.604,0,0,0,0,0,1,,,
Ue3PasbN4c4_007,Ue3PasbN4c4,A,7,99.042,111.262,12.22,0,0,0,0,0,1,,,
Ue3PasbN4c4_008,Ue3PasbN4c4,B,8,115.906,123.902,7.996,0,0,0,0,0,1,,,
Uw_m6F9DL8Q_000,Uw_m6F9DL8Q,A,0,61.314,83.262,21.948,0,0,0,0,0,1,,,
Uw_m6F9DL8Q_001,Uw_m6F9DL8Q,A,1,83.874,95.262,11.388,0,0,0,0,0,1,,,
Uw_m6F9DL8Q_002,Uw_m6F9DL8Q,A,2,96.034,107.934,11.9,0,0,0,0,0,1,,,
Uw_m6F9DL8Q_003,Uw_m6F9DL8Q,A,3,117.314,121.022,3.708,0,0,0,0,0,1,,,
Uw_m6F9DL8Q_004,Uw_m6F9DL8Q,A,4,121.954,125.918,3.964,0,0,0,0,0,1,,,
Uw_m6F9DL8Q_005,Uw_m6F9DL8Q,A,5,133.666,136.03,2.364,0,0,0,0,0,1,,,
Uw_m6F9DL8Q_006,Uw_m6F9DL8Q,A,6,137.122,139.774,2.652,0,0,0,0,0,1,,,
Uw_m6F9DL8Q_007,Uw_m6F9DL8Q,B,7,141.666,148.094,6.428,0,0,0,0,0,1,,,
Uw_m6F9DL8Q_008,Uw_m6F9DL8Q,A,8,154.658,158.526,3.868,0,0,0,0,0,1,,,
V5rV2K_PbJI_000,V5rV2K_PbJI,A,0,0.194,15.806,15.612,0,0,0,0,0,1,,,
V5rV2K_PbJI_001,V5rV2K_PbJI,A,1,18.082,42.11,24.028,0,0,0,0,0,1,,,
V5rV2K_PbJI_002,V5rV2K_PbJI,A,2,44.514,55.838,11.324,0,0,0,0,0,1,,,
V5rV2K_PbJI_003,V5rV2K_PbJI,A,3,58.498,70.302,11.804,0,0,0,0,0,1,,,
V5rV2K_PbJI_004,V5rV2K_PbJI,A,4,72.994,84.03,11.036,0,0,0,0,0,1,,,
V5rV2K_PbJI_005,V5rV2K_PbJI,A,5,84.866,93.758,8.892,0,0,0,0,0,1,,,
V5rV2K_PbJI_006,V5rV2K_PbJI,A,6,96.226,105.918,9.692,0,0,0,0,0,1,,,
V5rV2K_PbJI_007,V5rV2K_PbJI,A,7,106.69,112.542,5.852,0,0,0,0,0,1,,,
V5rV2K_PbJI_008,V5rV2K_PbJI,A,8,115.01,125.15,10.14,0,0,0,0,0,1,,,
V5rV2K_PbJI_009,V5rV2K_PbJI,A,9,127.554,144.03,16.476,0,0,0,0,0,1,,,
V5rV2K_PbJI_010,V5rV2K_PbJI,A,10,146.434,159.742,13.308,0,0,0,0,0,1,,,
V5rV2K_PbJI_011,V5rV2K_PbJI,A,11,162.146,190.398,28.252,0,0,0,0,0,1,,,
V5rV2K_PbJI_012,V5rV2K_PbJI,B,12,192.674,217.054,24.38,0,0,0,0,0,1,,,
V5rV2K_PbJI_013,V5rV2K_PbJI,A,13,219.362,234.43,15.068,0,0,0,0,0,1,,,
V5rV2K_PbJI_014,V5rV2K_PbJI,A,14,234.946,247.166,12.22,0,0,0,0,0,1,,0.002978618722409,0
V5rV2K_PbJI_015,V5rV2K_PbJI,B,15,247.714,254.462,6.748,0,0,0,0,0,1,,,
V5rV2K_PbJI_016,V5rV2K_PbJI,A,16,260.898,264.894,3.996,0,0,0,0,0,1,,,
V65IV4tY3S0_000,V65IV4tY3S0,B,0,0.0,6.11,6.11,0,0,0,0,0,1,,,
V65IV4tY3S0_001,V65IV4tY3S0,A,1,8.866,22.814,13.948,0,0,0,0,0,1,,,
V65IV4tY3S0_002,V65IV4tY3S0,A,2,23.554,54.75,31.196,0,0,0,0,0,1,,,
V65IV4tY3S0_003,V65IV4tY3S0,A,3,55.65,65.982,10.332,0,0,0,0,0,1,,,
V65IV4tY3S0_004,V65IV4tY3S0,C,4,67.138,74.814,7.676,0,0,0,0,0,1,,,
V65IV4tY3S0_005,V65IV4tY3S0,A,5,75.49,90.814,15.324,0,0,0,0,0,1,,,
V65IV4tY3S0_006,V65IV4tY3S0,A,6,96.61,100.638,4.028,0,0,0,0,0,1,,,
VIXesMqwTbk_000,VIXesMqwTbk,A,0,1.25,3.102,1.852,0,0,0,1,1,0,film_clip:李小龍,,
VIXesMqwTbk_001,VIXesMqwTbk,A,1,9.282,16.254,6.972,0,0,0,1,1,0,film_clip:李小龍,,
VIXesMqwTbk_002,VIXesMqwTbk,A,2,16.898,25.566,8.668,0,0,0,1,1,0,film_clip:李小龍,,
VIXesMqwTbk_003,VIXesMqwTbk,B,3,34.626,42.486,7.86,0,0,0,1,1,0,film_clip:李小龍,,
VIXesMqwTbk_004,VIXesMqwTbk,B,4,42.186,82.246,40.06,0,0,0,1,1,0,film_clip:李小龍,,
VIXesMqwTbk_005,VIXesMqwTbk,B,5,81.946,95.774,13.828,0,0,0,1,1,0,film_clip:李小龍,,
VIXesMqwTbk_006,VIXesMqwTbk,A,6,96.514,100.254,3.74,0,0,0,1,1,0,film_clip:李小龍,,
VIXesMqwTbk_007,VIXesMqwTbk,B,7,105.73,112.51,6.78,0,0,0,1,1,0,film_clip:李小龍,,
VIXesMqwTbk_008,VIXesMqwTbk,B,8,119.01,122.942,3.932,0,0,0,1,1,0,film_clip:李小龍,,
VOlUzFvL6OY_000,VOlUzFvL6OY,A,0,0.61,15.614,15.004,0,0,0,0,0,1,,,
VOlUzFvL6OY_001,VOlUzFvL6OY,A,1,77.314,90.942,13.628,0,0,0,0,0,1,,,
VOlUzFvL6OY_002,VOlUzFvL6OY,A,2,94.594,107.806,13.212,0,0,0,0,0,1,,,
VOlUzFvL6OY_003,VOlUzFvL6OY,A,3,108.386,115.87,7.484,0,0,0,0,0,1,,,
VOlUzFvL6OY_004,VOlUzFvL6OY,A,4,117.474,128.158,10.684,0,0,0,0,0,1,,,
VOlUzFvL6OY_005,VOlUzFvL6OY,B,5,131.458,137.982,6.524,0,0,0,0,0,1,,,
VOlUzFvL6OY_006,VOlUzFvL6OY,A,6,143.394,147.39,3.996,0,0,0,0,0,1,,,
VSRNkjL-Rs8_000,VSRNkjL-Rs8,C,0,0.93,3.006,2.076,0,0,0,0,0,1,,,
VSRNkjL-Rs8_001,VSRNkjL-Rs8,C,1,4.45,6.686,2.236,0,0,0,0,0,1,,,
VSRNkjL-Rs8_002,VSRNkjL-Rs8,A,2,8.93,12.094,3.164,0,0,0,0,0,1,,,
VSRNkjL-Rs8_003,VSRNkjL-Rs8,C,3,13.922,16.638,2.716,0,0,0,0,0,1,,,
VSRNkjL-Rs8_004,VSRNkjL-Rs8,A,4,19.01,24.51,5.5,0,0,0,0,0,1,,,
VSRNkjL-Rs8_005,VSRNkjL-Rs8,A,5,25.986,31.166,5.18,0,0,0,0,0,1,,,
VSRNkjL-Rs8_006,VSRNkjL-Rs8,C,6,260.674,267.102,6.428,0,0,0,0,0,1,,,
VSRNkjL-Rs8_007,VSRNkjL-Rs8,A,7,272.546,276.542,3.996,0,0,0,0,0,1,,,
VV08vrYsfEc_000,VV08vrYsfEc,A,0,3.682,7.23,3.548,0,0,0,0,0,1,,,
VV08vrYsfEc_001,VV08vrYsfEc,A,1,8.13,10.59,2.46,0,0,0,0,0,1,,,
VV08vrYsfEc_002,VV08vrYsfEc,A,2,12.482,15.55,3.068,0,0,0,0,0,1,,,
VV08vrYsfEc_003,VV08vrYsfEc,B,3,19.106,35.134,16.028,0,0,0,0,0,1,,,
VV08vrYsfEc_004,VV08vrYsfEc,B,4,41.634,45.566,3.932,0,0,0,0,0,1,,,
V_HbhFRv6l4_000,V_HbhFRv6l4,A,0,0.098,16.926,16.828,0,0,0,0,0,1,,,
V_HbhFRv6l4_001,V_HbhFRv6l4,A,1,17.666,46.878,29.212,0,0,0,0,0,1,,,
V_HbhFRv6l4_002,V_HbhFRv6l4,A,2,49.09,69.15,20.06,0,0,0,0,0,1,,,
V_HbhFRv6l4_003,V_HbhFRv6l4,A,3,71.714,86.142,14.428,0,0,0,0,0,1,,,
V_HbhFRv6l4_004,V_HbhFRv6l4,A,4,88.61,112.862,24.252,0,0,0,0,0,1,,,
V_HbhFRv6l4_005,V_HbhFRv6l4,A,5,115.17,133.15,17.98,0,0,0,0,0,1,,,
V_HbhFRv6l4_006,V_HbhFRv6l4,A,6,135.554,143.518,7.964,0,0,0,0,0,1,,,
V_HbhFRv6l4_007,V_HbhFRv6l4,A,7,145.954,167.966,22.012,0,0,0,0,0,1,,,
V_HbhFRv6l4_008,V_HbhFRv6l4,A,8,170.466,191.518,21.052,0,0,0,0,0,1,,,
V_HbhFRv6l4_009,V_HbhFRv6l4,A,9,194.114,211.23,17.116,0,0,0,0,0,1,,,
V_HbhFRv6l4_010,V_HbhFRv6l4,B,10,211.81,251.902,40.092,0,0,0,0,0,1,,,
V_HbhFRv6l4_011,V_HbhFRv6l4,B,11,251.906,255.07,3.164,0,0,0,0,0,1,,,
V_HbhFRv6l4_012,V_HbhFRv6l4,B,12,258.114,264.83,6.716,0,0,0,0,0,1,,,
V_HbhFRv6l4_013,V_HbhFRv6l4,A,13,270.274,274.27,3.996,0,0,0,0,0,1,,,
Vw6jr6ClWSo_000,Vw6jr6ClWSo,A,0,3.842,8.19,4.348,0,0,0,0,0,1,,,
Vw6jr6ClWSo_001,Vw6jr6ClWSo,A,1,10.018,22.846,12.828,0,0,0,0,0,1,,,
Vw6jr6ClWSo_002,Vw6jr6ClWSo,B,2,104.866,108.958,4.092,0,0,0,0,0,1,,,
Vw6jr6ClWSo_003,Vw6jr6ClWSo,A,3,115.618,119.454,3.836,0,0,0,0,0,1,,,
W3L1YQiN-vs_000,W3L1YQiN-vs,B,0,0.066,5.406,5.34,0,0,0,0,0,1,,,
W3L1YQiN-vs_001,W3L1YQiN-vs,C,1,6.05,35.934,29.884,0,0,0,0,0,1,,,
W3L1YQiN-vs_002,W3L1YQiN-vs,A,2,42.882,46.91,4.028,0,0,0,0,0,1,,,
W3t3MS0YG8Q_000,W3t3MS0YG8Q,A,0,20.962,53.758,32.796,0,0,0,0,0,1,,,
W3t3MS0YG8Q_001,W3t3MS0YG8Q,A,1,55.234,59.838,4.604,0,0,0,0,0,1,,0.0008033239282667,0
W3t3MS0YG8Q_002,W3t3MS0YG8Q,A,2,61.954,65.118,3.164,0,0,0,0,0,1,,,
W3t3MS0YG8Q_003,W3t3MS0YG8Q,A,3,68.162,71.422,3.26,0,0,0,0,0,1,,,
W3t3MS0YG8Q_004,W3t3MS0YG8Q,A,4,72.514,82.718,10.204,0,0,0,0,0,1,,,
W3t3MS0YG8Q_005,W3t3MS0YG8Q,B,5,84.77,119.038,34.268,0,0,0,0,0,1,,,
W3t3MS0YG8Q_006,W3t3MS0YG8Q,B,6,118.978,128.286,9.308,0,0,0,0,0,1,,,
W3t3MS0YG8Q_007,W3t3MS0YG8Q,B,7,129.09,157.758,28.668,0,0,0,0,0,1,,,
W3t3MS0YG8Q_008,W3t3MS0YG8Q,A,8,163.778,167.678,3.9,0,0,0,0,0,1,,,
W6q_eMvdJ1Y_000,W6q_eMvdJ1Y,A,0,0.738,15.678,14.94,0,0,0,0,0,1,,,
W6q_eMvdJ1Y_001,W6q_eMvdJ1Y,A,1,17.986,22.238,4.252,0,0,0,0,0,1,,,
W6q_eMvdJ1Y_002,W6q_eMvdJ1Y,A,2,23.234,41.822,18.588,0,0,0,0,0,1,,,
W6q_eMvdJ1Y_003,W6q_eMvdJ1Y,A,3,44.066,79.294,35.228,0,0,0,0,0,1,,,
W6q_eMvdJ1Y_004,W6q_eMvdJ1Y,C,4,81.602,111.582,29.98,0,0,0,0,0,1,,0.0007223357679322,0
W6q_eMvdJ1Y_005,W6q_eMvdJ1Y,A,5,113.986,123.102,9.116,0,0,0,0,0,1,,,
W6q_eMvdJ1Y_006,W6q_eMvdJ1Y,A,6,125.506,144.798,19.292,0,0,0,0,0,1,,,
W6q_eMvdJ1Y_007,W6q_eMvdJ1Y,A,7,147.074,155.198,8.124,0,0,0,0,0,1,,,
W6q_eMvdJ1Y_008,W6q_eMvdJ1Y,B,8,156.354,163.102,6.748,0,0,0,0,0,1,,,
W6q_eMvdJ1Y_009,W6q_eMvdJ1Y,A,9,168.546,172.542,3.996,0,0,0,0,0,1,,,
WCpDbhSyK7k_000,WCpDbhSyK7k,A,0,0.0,4.318,4.318,0,0,0,1,1,0,film_clip:林鳳,,
WCpDbhSyK7k_001,WCpDbhSyK7k,A,1,35.202,69.566,34.364,0,0,0,1,1,0,film_clip:林鳳,,
WCpDbhSyK7k_002,WCpDbhSyK7k,C,2,73.282,88.222,14.94,0,0,0,1,1,0,film_clip:林鳳,,
WCpDbhSyK7k_003,WCpDbhSyK7k,B,3,88.002,125.022,37.02,0,0,0,1,1,0,film_clip:林鳳,,
WCpDbhSyK7k_004,WCpDbhSyK7k,B,4,124.866,145.694,20.828,0,0,0,1,1,0,film_clip:林鳳,,
WCpDbhSyK7k_005,WCpDbhSyK7k,A,5,161.922,172.382,10.46,0,0,0,1,1,0,film_clip:林鳳,,
WCpDbhSyK7k_006,WCpDbhSyK7k,A,6,173.25,178.014,4.764,0,0,0,1,1,0,film_clip:林鳳,,
WCpDbhSyK7k_007,WCpDbhSyK7k,A,7,179.202,182.174,2.972,0,0,0,1,1,0,film_clip:林鳳,,
WCpDbhSyK7k_008,WCpDbhSyK7k,A,8,184.546,189.534,4.988,0,0,0,1,1,0,film_clip:林鳳,,
WCpDbhSyK7k_009,WCpDbhSyK7k,A,9,190.434,193.118,2.684,0,0,0,1,1,0,film_clip:林鳳,,
WCpDbhSyK7k_010,WCpDbhSyK7k,A,10,197.474,200.862,3.388,0,0,0,1,1,0,film_clip:林鳳,,
WCpDbhSyK7k_011,WCpDbhSyK7k,A,11,201.442,210.974,9.532,0,0,0,1,1,0,film_clip:林鳳,,
WCpDbhSyK7k_012,WCpDbhSyK7k,A,12,213.026,215.454,2.428,0,0,0,1,1,0,film_clip:林鳳,,
WCpDbhSyK7k_013,WCpDbhSyK7k,A,13,224.578,234.494,9.916,0,0,0,1,1,0,film_clip:林鳳,,
WCpDbhSyK7k_014,WCpDbhSyK7k,B,14,239.842,246.59,6.748,0,0,0,1,1,0,film_clip:林鳳,,
WCpDbhSyK7k_015,WCpDbhSyK7k,B,15,253.122,257.086,3.964,0,0,0,1,1,0,film_clip:林鳳,,
WFtzJD_UhfU_000,WFtzJD_UhfU,A,0,0.194,9.854,9.66,0,0,0,0,0,1,,,
WFtzJD_UhfU_001,WFtzJD_UhfU,A,1,15.266,17.214,1.948,0,0,0,0,0,1,,,
WFtzJD_UhfU_002,WFtzJD_UhfU,A,2,30.338,34.974,4.636,0,0,0,0,0,1,,,
WFtzJD_UhfU_003,WFtzJD_UhfU,B,3,39.202,45.694,6.492,0,0,0,0,0,1,,,
WFtzJD_UhfU_004,WFtzJD_UhfU,A,4,52.226,56.126,3.9,0,0,0,0,0,1,,,
WceS1ddqRLI_000,WceS1ddqRLI,C,0,0.0,4.126,4.126,0,0,0,0,0,1,,,
WceS1ddqRLI_001,WceS1ddqRLI,A,1,5.282,7.422,2.14,0,0,0,0,0,1,,,
WceS1ddqRLI_002,WceS1ddqRLI,A,2,8.578,10.398,1.82,0,0,0,0,0,1,,,
WceS1ddqRLI_003,WceS1ddqRLI,A,3,75.874,87.678,11.804,0,0,0,0,0,1,,,
WceS1ddqRLI_004,WceS1ddqRLI,A,4,90.946,103.038,12.092,0,0,0,0,0,1,,,
WceS1ddqRLI_005,WceS1ddqRLI,B,5,106.306,118.75,12.444,0,0,0,0,0,1,,,
WceS1ddqRLI_006,WceS1ddqRLI,B,6,129.954,136.19,6.236,0,0,0,0,0,1,,,
WceS1ddqRLI_007,WceS1ddqRLI,B,7,142.754,146.686,3.932,0,0,0,0,0,1,,,
Whvy26QDqpk_000,Whvy26QDqpk,B,0,0.0,33.566,33.566,0,0,0,1,1,0,film_clip:林鳳,,
Whvy26QDqpk_001,Whvy26QDqpk,B,1,33.41,65.982,32.572,0,0,0,1,1,0,film_clip:林鳳,,
Whvy26QDqpk_002,Whvy26QDqpk,B,2,168.706,181.534,12.828,0,0,0,1,1,0,film_clip:林鳳,,
Whvy26QDqpk_003,Whvy26QDqpk,A,3,188.13,191.966,3.836,0,0,0,1,1,0,film_clip:林鳳,,
Ws-kE2loi9E_000,Ws-kE2loi9E,A,0,0.0,23.582,23.582,0,0,0,0,0,1,,,
Ws-kE2loi9E_001,Ws-kE2loi9E,B,1,24.258,63.07,38.812,0,0,0,0,0,1,,,
Ws-kE2loi9E_002,Ws-kE2loi9E,B,2,62.882,65.95,3.068,0,0,0,0,0,1,,,
Ws-kE2loi9E_003,Ws-kE2loi9E,B,3,72.45,76.382,3.932,0,0,0,0,0,1,,,
WzFTOmosXpg_000,WzFTOmosXpg,B,0,0.0,38.846,38.846,0,0,0,1,1,0,film_clip:林鳳,,
WzFTOmosXpg_001,WzFTOmosXpg,B,1,39.202,45.726,6.524,0,0,0,1,1,0,film_clip:林鳳,,
WzFTOmosXpg_002,WzFTOmosXpg,B,2,80.098,116.094,35.996,0,0,0,1,1,0,film_clip:林鳳,,
WzFTOmosXpg_003,WzFTOmosXpg,B,3,253.922,288.574,34.652,0,0,0,1,1,0,film_clip:林鳳,,
WzFTOmosXpg_004,WzFTOmosXpg,A,4,295.074,298.974,3.9,0,0,0,1,1,0,film_clip:林鳳,,
X0KbsvCMKPY_000,X0KbsvCMKPY,A,0,0.194,6.302,6.108,0,0,0,0,0,1,,,
X0KbsvCMKPY_001,X0KbsvCMKPY,A,1,6.818,18.782,11.964,0,0,0,0,0,1,,,
X0KbsvCMKPY_002,X0KbsvCMKPY,A,2,19.33,37.95,18.62,0,0,0,0,0,1,,,
X0KbsvCMKPY_003,X0KbsvCMKPY,B,3,215.458,221.886,6.428,0,0,0,0,0,1,,0.0093528497964143,0
X0KbsvCMKPY_004,X0KbsvCMKPY,A,4,228.45,232.286,3.836,0,0,0,0,0,1,,,
X0OHN5iUdWk_000,X0OHN5iUdWk,B,0,2.594,37.278,34.684,0,0,0,0,0,1,,,
X0OHN5iUdWk_001,X0OHN5iUdWk,B,1,37.538,70.526,32.988,0,0,0,0,0,1,,,
X0OHN5iUdWk_002,X0OHN5iUdWk,A,2,71.042,84.382,13.34,0,0,0,0,0,1,,,
X0OHN5iUdWk_003,X0OHN5iUdWk,A,3,84.962,116.254,31.292,0,0,0,0,0,1,,,
X0OHN5iUdWk_004,X0OHN5iUdWk,B,4,117.122,130.27,13.148,0,0,0,0,0,1,,,
X0OHN5iUdWk_005,X0OHN5iUdWk,B,5,136.738,140.67,3.932,0,0,0,0,0,1,,,
X0gS6HRSeVw_000,X0gS6HRSeVw,B,0,0.0,38.334,38.334,0,0,0,1,1,0,film_clip:李小龍,,
X0gS6HRSeVw_001,X0gS6HRSeVw,B,1,38.274,69.47,31.196,0,0,0,1,1,0,film_clip:李小龍,,
X0gS6HRSeVw_002,X0gS6HRSeVw,A,2,70.05,94.398,24.348,0,0,0,1,1,0,film_clip:李小龍,,
X0gS6HRSeVw_003,X0gS6HRSeVw,B,3,95.234,114.046,18.812,0,0,0,1,1,0,film_clip:李小龍,,
X0gS6HRSeVw_004,X0gS6HRSeVw,A,4,120.61,124.51,3.9,0,0,0,1,1,0,film_clip:李小龍,,
X1jILspAmNs_000,X1jILspAmNs,A,0,0.0,17.342,17.342,0,0,0,0,0,1,,,
X1jILspAmNs_001,X1jILspAmNs,B,1,43.01,45.182,2.172,0,0,0,0,0,1,,,
X1jILspAmNs_002,X1jILspAmNs,B,2,45.73,51.486,5.756,0,0,0,0,0,1,,,
X1jILspAmNs_003,X1jILspAmNs,A,3,52.45,59.934,7.484,0,0,0,0,0,1,,,
X1jILspAmNs_004,X1jILspAmNs,A,4,62.466,68.99,6.524,0,0,0,0,0,1,,,
X1jILspAmNs_005,X1jILspAmNs,A,5,70.53,75.774,5.244,0,0,0,0,0,1,,,
X1jILspAmNs_006,X1jILspAmNs,A,6,88.962,112.574,23.612,0,0,0,0,0,1,,,
X1jILspAmNs_007,X1jILspAmNs,A,7,114.018,137.566,23.548,0,0,0,0,0,1,,,
X1jILspAmNs_008,X1jILspAmNs,A,8,217.346,235.358,18.012,0,0,0,0,0,1,,,
X1jILspAmNs_009,X1jILspAmNs,B,9,240.706,247.262,6.556,0,0,0,0,0,1,,,
X1jILspAmNs_010,X1jILspAmNs,B,10,253.762,257.694,3.932,0,0,0,0,0,1,,,
X7Q_g9P-Pa4_000,X7Q_g9P-Pa4,A,0,9.858,12.51,2.652,0,0,0,0,0,1,,,
X7Q_g9P-Pa4_001,X7Q_g9P-Pa4,A,1,16.802,18.686,1.884,0,0,0,0,0,1,,,
X7Q_g9P-Pa4_002,X7Q_g9P-Pa4,A,2,20.002,22.494,2.492,0,0,0,0,0,1,,,
X7Q_g9P-Pa4_003,X7Q_g9P-Pa4,B,3,24.386,40.35,15.964,0,0,0,0,0,1,,,
X7Q_g9P-Pa4_004,X7Q_g9P-Pa4,A,4,52.194,55.774,3.58,0,0,0,0,0,1,,,
X7Q_g9P-Pa4_005,X7Q_g9P-Pa4,A,5,66.082,73.534,7.452,0,0,0,0,0,1,,,
X7Q_g9P-Pa4_006,X7Q_g9P-Pa4,A,6,103.554,111.71,8.156,0,0,0,0,0,1,,,
X7Q_g9P-Pa4_007,X7Q_g9P-Pa4,A,7,112.354,116.35,3.996,0,0,0,0,0,1,,,
X7Q_g9P-Pa4_008,X7Q_g9P-Pa4,A,8,119.234,123.774,4.54,0,0,0,0,0,1,,,
X7Q_g9P-Pa4_009,X7Q_g9P-Pa4,B,9,124.93,161.342,36.412,0,0,0,0,0,1,,,
X7Q_g9P-Pa4_010,X7Q_g9P-Pa4,B,10,161.698,188.542,26.844,0,0,0,0,0,1,,,
X7Q_g9P-Pa4_011,X7Q_g9P-Pa4,B,11,259.106,260.67,1.564,0,0,0,0,0,1,,,
X7Q_g9P-Pa4_012,X7Q_g9P-Pa4,A,12,270.498,274.238,3.74,0,0,0,0,0,1,,,
XBgO4iQ6JwY_000,XBgO4iQ6JwY,A,0,0.482,6.11,5.628,0,0,0,0,0,1,,,
XBgO4iQ6JwY_001,XBgO4iQ6JwY,A,1,6.754,20.35,13.596,0,0,0,0,0,1,,,
XBgO4iQ6JwY_002,XBgO4iQ6JwY,A,2,21.25,34.174,12.924,0,0,0,0,0,1,,,
XBgO4iQ6JwY_003,XBgO4iQ6JwY,A,3,35.81,49.086,13.276,0,0,0,0,0,1,,,
XBgO4iQ6JwY_004,XBgO4iQ6JwY,A,4,50.754,64.19,13.436,0,0,0,0,0,1,,,
XBgO4iQ6JwY_005,XBgO4iQ6JwY,A,5,65.698,78.526,12.828,0,0,0,0,0,1,,,
XBgO4iQ6JwY_006,XBgO4iQ6JwY,B,6,79.938,103.454,23.516,0,0,0,0,0,1,,,
XBgO4iQ6JwY_007,XBgO4iQ6JwY,A,7,242.786,252.894,10.108,0,0,0,0,0,1,,,
XBgO4iQ6JwY_008,XBgO4iQ6JwY,B,8,264.866,271.294,6.428,0,0,0,0,0,1,,,
XBgO4iQ6JwY_009,XBgO4iQ6JwY,A,9,277.73,281.726,3.996,0,0,0,0,0,1,,,
XHHm38uL7Rs_000,XHHm38uL7Rs,B,0,0.0,14.878,14.878,0,0,0,1,1,0,film_clip:林鳳,,
XHHm38uL7Rs_001,XHHm38uL7Rs,B,1,14.69,43.678,28.988,0,0,0,1,1,0,film_clip:林鳳,,
XHHm38uL7Rs_002,XHHm38uL7Rs,B,2,43.49,73.822,30.332,0,0,0,1,1,0,film_clip:林鳳,,
XHHm38uL7Rs_003,XHHm38uL7Rs,B,3,73.73,98.974,25.244,0,0,0,1,1,0,film_clip:林鳳,,
XNW1Cjr6bLg_000,XNW1Cjr6bLg,B,0,0.066,19.422,19.356,0,1,0,1,1,0,song:翻唱;film_clip:芳艷芬,,
XNW1Cjr6bLg_001,XNW1Cjr6bLg,B,1,19.234,55.838,36.604,0,1,0,1,1,0,song:翻唱;film_clip:芳艷芬,,
XNW1Cjr6bLg_002,XNW1Cjr6bLg,A,2,57.986,62.782,4.796,0,1,0,1,1,0,song:翻唱;film_clip:芳艷芬,,
XNW1Cjr6bLg_003,XNW1Cjr6bLg,A,3,69.442,91.87,22.428,0,1,0,1,1,0,song:翻唱;film_clip:芳艷芬,,
XNW1Cjr6bLg_004,XNW1Cjr6bLg,C,4,93.986,101.95,7.964,0,1,0,1,1,0,song:翻唱;film_clip:芳艷芬,,
XNW1Cjr6bLg_005,XNW1Cjr6bLg,A,5,102.562,117.182,14.62,0,1,0,1,1,0,song:翻唱;film_clip:芳艷芬,,
XNW1Cjr6bLg_006,XNW1Cjr6bLg,C,6,118.018,122.686,4.668,0,1,0,1,1,0,song:翻唱;film_clip:芳艷芬,,
XNW1Cjr6bLg_007,XNW1Cjr6bLg,A,7,125.57,137.47,11.9,0,1,0,1,1,0,song:翻唱;film_clip:芳艷芬,,
XNW1Cjr6bLg_008,XNW1Cjr6bLg,A,8,138.69,155.198,16.508,0,1,0,1,1,0,song:翻唱;film_clip:芳艷芬,,
XNW1Cjr6bLg_009,XNW1Cjr6bLg,B,9,371.106,375.358,4.252,0,1,0,1,1,0,song:翻唱;film_clip:芳艷芬,,
XNW1Cjr6bLg_010,XNW1Cjr6bLg,A,10,382.082,385.822,3.74,0,1,0,1,1,0,song:翻唱;film_clip:芳艷芬,,
XQx_179B1l8_000,XQx_179B1l8,A,0,0.0,34.302,34.302,0,0,0,1,1,0,film_clip:李小龍,,
XQx_179B1l8_001,XQx_179B1l8,A,1,69.698,94.366,24.668,0,0,0,1,1,0,film_clip:李小龍,,
XQx_179B1l8_002,XQx_179B1l8,A,2,95.106,105.982,10.876,0,0,0,1,1,0,film_clip:李小龍,,
XQx_179B1l8_003,XQx_179B1l8,B,3,108.13,133.278,25.148,0,0,0,1,1,0,film_clip:李小龍,,
XQx_179B1l8_004,XQx_179B1l8,B,4,133.218,149.598,16.38,0,0,0,1,1,0,film_clip:李小龍,,
XQx_179B1l8_005,XQx_179B1l8,A,5,150.114,175.262,25.148,0,0,0,1,1,0,film_clip:李小龍,,
XQx_179B1l8_006,XQx_179B1l8,B,6,209.314,211.518,2.204,0,0,0,1,1,0,film_clip:李小龍,,
XQx_179B1l8_007,XQx_179B1l8,B,7,234.626,264.51,29.884,0,0,0,1,1,0,film_clip:李小龍,,
XQx_179B1l8_008,XQx_179B1l8,A,8,271.074,274.974,3.9,0,0,0,1,1,0,film_clip:李小龍,,
XfuquiAUeSY_000,XfuquiAUeSY,A,0,0.0,18.046,18.046,0,0,0,1,1,0,film_clip:謝賢|嘉玲,,
XfuquiAUeSY_001,XfuquiAUeSY,A,1,18.818,31.582,12.764,0,0,0,1,1,0,film_clip:謝賢|嘉玲,,
XfuquiAUeSY_002,XfuquiAUeSY,A,2,32.482,45.342,12.86,0,0,0,1,1,0,film_clip:謝賢|嘉玲,,
XfuquiAUeSY_003,XfuquiAUeSY,B,3,46.434,66.462,20.028,0,0,0,1,1,0,film_clip:謝賢|嘉玲,,
XfuquiAUeSY_004,XfuquiAUeSY,A,4,72.93,76.958,4.028,0,0,0,1,1,0,film_clip:謝賢|嘉玲,,
XhjXPvA0FhU_000,XhjXPvA0FhU,A,0,313.346,326.462,13.116,0,0,0,0,0,1,,,
XhjXPvA0FhU_001,XhjXPvA0FhU,B,1,328.642,335.358,6.716,0,0,0,0,0,1,,,
XhjXPvA0FhU_002,XhjXPvA0FhU,A,2,340.802,344.798,3.996,0,0,0,0,0,1,,,
XhtThcouRjo_000,XhtThcouRjo,A,0,0.0,23.006,23.006,0,0,0,0,0,1,,,
XhtThcouRjo_001,XhtThcouRjo,A,1,24.578,32.67,8.092,0,0,0,0,0,1,,,
XhtThcouRjo_002,XhtThcouRjo,A,2,205.058,213.31,8.252,0,0,0,0,0,1,,,
XhtThcouRjo_003,XhtThcouRjo,B,3,222.786,227.518,4.732,0,0,0,0,0,1,,,
XhtThcouRjo_004,XhtThcouRjo,A,4,234.082,237.95,3.868,0,0,0,0,0,1,,,
XoSr_UFugbc_000,XoSr_UFugbc,A,0,0.0,7.23,7.23,0,0,0,0,0,1,,,
XoSr_UFugbc_001,XoSr_UFugbc,A,1,9.826,13.118,3.292,0,0,0,0,0,1,,,
XoSr_UFugbc_002,XoSr_UFugbc,A,2,16.898,20.254,3.356,0,0,0,0,0,1,,,
XoSr_UFugbc_003,XoSr_UFugbc,A,3,23.842,28.318,4.476,0,0,0,0,0,1,,,
XoSr_UFugbc_004,XoSr_UFugbc,A,4,31.97,34.91,2.94,0,0,0,0,0,1,,,
XoSr_UFugbc_005,XoSr_UFugbc,A,5,38.914,42.078,3.164,0,0,0,0,0,1,,,
XoSr_UFugbc_006,XoSr_UFugbc,A,6,45.826,63.774,17.948,0,0,0,0,0,1,,,
XoSr_UFugbc_007,XoSr_UFugbc,A,7,64.898,73.31,8.412,0,0,0,0,0,1,,,
XoSr_UFugbc_008,XoSr_UFugbc,A,8,75.714,108.222,32.508,0,0,0,0,0,1,,,
XoSr_UFugbc_009,XoSr_UFugbc,A,9,108.738,110.59,1.852,0,0,0,0,0,1,,,
XoSr_UFugbc_010,XoSr_UFugbc,A,10,112.066,116.446,4.38,0,0,0,0,0,1,,,
XoSr_UFugbc_011,XoSr_UFugbc,A,11,118.882,135.07,16.188,0,0,0,0,0,1,,,
XoSr_UFugbc_012,XoSr_UFugbc,A,12,137.73,157.214,19.484,0,0,0,0,0,1,,,
XoSr_UFugbc_013,XoSr_UFugbc,A,13,157.89,170.75,12.86,0,0,0,0,0,1,,,
XoSr_UFugbc_014,XoSr_UFugbc,A,14,173.986,178.398,4.412,0,0,0,0,0,1,,,
XoSr_UFugbc_015,XoSr_UFugbc,A,15,181.858,185.278,3.42,0,0,0,0,0,1,,,
XoSr_UFugbc_016,XoSr_UFugbc,A,16,188.962,192.286,3.324,0,0,0,0,0,1,,,
XoSr_UFugbc_017,XoSr_UFugbc,A,17,195.618,198.782,3.164,0,0,0,0,0,1,,,
XoSr_UFugbc_018,XoSr_UFugbc,A,18,202.626,230.11,27.484,0,0,0,0,0,1,,0.0023118716198951,0
XoSr_UFugbc_019,XoSr_UFugbc,B,19,232.642,258.814,26.172,0,0,0,0,0,1,,,
XoSr_UFugbc_020,XoSr_UFugbc,A,20,259.426,265.662,6.236,0,0,0,0,0,1,,,
XoSr_UFugbc_021,XoSr_UFugbc,A,21,266.242,282.27,16.028,0,0,0,0,0,1,,,
XoSr_UFugbc_022,XoSr_UFugbc,B,22,284.226,290.782,6.556,0,0,0,0,0,1,,,
XoSr_UFugbc_023,XoSr_UFugbc,A,23,296.194,300.19,3.996,0,0,0,0,0,1,,,
XrKoDnOcgmk_000,XrKoDnOcgmk,A,0,29.858,64.03,34.172,0,0,0,0,0,1,,,
XrKoDnOcgmk_001,XrKoDnOcgmk,A,1,65.186,77.854,12.668,0,0,0,0,0,1,,,
XrKoDnOcgmk_002,XrKoDnOcgmk,C,2,108.482,143.806,35.324,0,0,0,0,0,1,,,
XrKoDnOcgmk_003,XrKoDnOcgmk,B,3,143.682,149.118,5.436,0,0,0,0,0,1,,,
XrKoDnOcgmk_004,XrKoDnOcgmk,A,4,155.106,159.038,3.932,0,0,0,0,0,1,,,
Y0Ldjrv-EK0_000,Y0Ldjrv-EK0,B,0,0.066,5.406,5.34,0,0,1,0,0,0,recitation:朗讀,,
Y0Ldjrv-EK0_001,Y0Ldjrv-EK0,A,1,6.05,20.03,13.98,0,0,1,0,0,0,recitation:朗讀,,
Y0Ldjrv-EK0_002,Y0Ldjrv-EK0,B,2,21.41,28.158,6.748,0,0,1,0,0,0,recitation:朗讀,,
YBk5juEYqLk_000,YBk5juEYqLk,A,0,39.074,41.214,2.14,0,0,0,1,1,0,film_clip:李小龍,,
YBk5juEYqLk_001,YBk5juEYqLk,A,1,42.914,46.814,3.9,0,0,0,1,1,0,film_clip:李小龍,,
YBk5juEYqLk_002,YBk5juEYqLk,A,2,49.73,52.926,3.196,0,0,0,1,1,0,film_clip:李小龍,,
YBk5juEYqLk_003,YBk5juEYqLk,B,3,58.178,64.734,6.556,0,0,0,1,1,0,film_clip:李小龍,,
YBk5juEYqLk_004,YBk5juEYqLk,A,4,71.298,75.166,3.868,0,0,0,1,1,0,film_clip:李小龍,,
YE84Iy5vwHc_000,YE84Iy5vwHc,A,0,0.0,27.87,27.87,0,0,0,0,0,1,,,
YE84Iy5vwHc_001,YE84Iy5vwHc,A,1,33.538,37.598,4.06,0,0,0,0,0,1,,,
YE84Iy5vwHc_002,YE84Iy5vwHc,B,2,38.242,47.87,9.628,0,0,0,0,0,1,,,
YE84Iy5vwHc_003,YE84Iy5vwHc,A,3,54.466,58.334,3.868,0,0,0,0,0,1,,,
YNw8-7yDYqQ_000,YNw8-7yDYqQ,B,0,0.002,39.486,39.484,0,0,0,0,0,1,,,
YNw8-7yDYqQ_001,YNw8-7yDYqQ,C,1,40.386,42.27,1.884,0,0,0,0,0,1,,,
YNw8-7yDYqQ_002,YNw8-7yDYqQ,A,2,78.466,80.926,2.46,0,0,0,0,0,1,,,
YNw8-7yDYqQ_003,YNw8-7yDYqQ,C,3,149.282,182.622,33.34,0,0,0,0,0,1,,,
YNw8-7yDYqQ_004,YNw8-7yDYqQ,C,4,182.722,196.19,13.468,0,0,0,0,0,1,,,
YNw8-7yDYqQ_005,YNw8-7yDYqQ,C,5,196.738,207.262,10.524,0,0,0,0,0,1,,,
YNw8-7yDYqQ_006,YNw8-7yDYqQ,C,6,208.578,231.582,23.004,0,0,0,0,0,1,,,
YNw8-7yDYqQ_007,YNw8-7yDYqQ,C,7,232.322,249.31,16.988,0,0,0,0,0,1,,,
YNw8-7yDYqQ_008,YNw8-7yDYqQ,C,8,249.922,262.046,12.124,0,0,0,0,0,1,,,
YNw8-7yDYqQ_009,YNw8-7yDYqQ,C,9,263.458,277.118,13.66,0,0,0,0,0,1,,,
YNw8-7yDYqQ_010,YNw8-7yDYqQ,C,10,277.826,284.318,6.492,0,0,0,0,0,1,,,
YNw8-7yDYqQ_011,YNw8-7yDYqQ,C,11,287.586,299.966,12.38,0,0,0,0,0,1,,,
YNw8-7yDYqQ_012,YNw8-7yDYqQ,C,12,300.13,328.83,28.7,0,0,0,0,0,1,,,
YNw8-7yDYqQ_013,YNw8-7yDYqQ,A,13,331.074,335.774,4.7,0,0,0,0,0,1,,,
YNw8-7yDYqQ_014,YNw8-7yDYqQ,A,14,420.29,422.814,2.524,0,0,0,0,0,1,,,
YNw8-7yDYqQ_015,YNw8-7yDYqQ,B,15,433.122,441.886,8.764,0,0,0,0,0,1,,,
YNw8-7yDYqQ_016,YNw8-7yDYqQ,A,16,442.594,466.846,24.252,0,0,0,0,0,1,,,
YNw8-7yDYqQ_017,YNw8-7yDYqQ,A,17,468.258,471.934,3.676,0,0,0,0,0,1,,,
YNw8-7yDYqQ_018,YNw8-7yDYqQ,C,18,500.61,505.662,5.052,0,0,0,0,0,1,,,
YNw8-7yDYqQ_019,YNw8-7yDYqQ,C,19,506.69,513.79,7.1,0,0,0,0,0,1,,,
YNw8-7yDYqQ_020,YNw8-7yDYqQ,C,20,520.898,535.39,14.492,0,0,0,0,0,1,,,
YNw8-7yDYqQ_021,YNw8-7yDYqQ,A,21,538.242,543.23,4.988,0,0,0,0,0,1,,,
YNw8-7yDYqQ_022,YNw8-7yDYqQ,A,22,545.506,558.59,13.084,0,0,0,0,0,1,,,
YNw8-7yDYqQ_023,YNw8-7yDYqQ,A,23,560.61,582.814,22.204,0,0,0,0,0,1,,,
YNw8-7yDYqQ_024,YNw8-7yDYqQ,B,24,597.026,603.294,6.268,0,0,0,0,0,1,,0.0094256829470396,0
YNw8-7yDYqQ_025,YNw8-7yDYqQ,A,25,609.794,613.694,3.9,0,0,0,0,0,1,,,
YV9XuD-BsfY_000,YV9XuD-BsfY,A,0,0.706,15.934,15.228,0,0,0,0,0,1,,,
YV9XuD-BsfY_001,YV9XuD-BsfY,A,1,18.274,41.342,23.068,0,0,0,0,0,1,,,
YV9XuD-BsfY_002,YV9XuD-BsfY,A,2,43.618,59.23,15.612,0,0,0,0,0,1,,,
YV9XuD-BsfY_003,YV9XuD-BsfY,B,3,61.666,76.766,15.1,0,0,0,0,0,1,,,
YV9XuD-BsfY_004,YV9XuD-BsfY,A,4,79.17,97.054,17.884,0,0,0,0,0,1,,,
YV9XuD-BsfY_005,YV9XuD-BsfY,A,5,99.394,107.774,8.38,0,0,0,0,0,1,,,
YV9XuD-BsfY_006,YV9XuD-BsfY,B,6,108.322,117.086,8.764,0,0,0,0,0,1,,,
YV9XuD-BsfY_007,YV9XuD-BsfY,A,7,119.65,125.342,5.692,0,0,0,0,0,1,,,
YV9XuD-BsfY_008,YV9XuD-BsfY,A,8,126.018,135.198,9.18,0,0,0,0,0,1,,,
YV9XuD-BsfY_009,YV9XuD-BsfY,A,9,137.634,160.766,23.132,0,0,0,0,0,1,,,
YV9XuD-BsfY_010,YV9XuD-BsfY,A,10,163.106,189.598,26.492,0,0,0,0,0,1,,,
YV9XuD-BsfY_011,YV9XuD-BsfY,C,11,190.146,196.862,6.716,0,0,0,0,0,1,,,
YV9XuD-BsfY_012,YV9XuD-BsfY,A,12,202.306,206.302,3.996,0,0,0,0,0,1,,,
YZwJFoSGjX8_000,YZwJFoSGjX8,A,0,0.0,11.678,11.678,0,0,0,0,0,1,,,
YZwJFoSGjX8_001,YZwJFoSGjX8,A,1,12.258,24.862,12.604,0,0,0,0,0,1,,,
YZwJFoSGjX8_002,YZwJFoSGjX8,A,2,25.442,37.246,11.804,0,0,0,0,0,1,,,
YZwJFoSGjX8_003,YZwJFoSGjX8,B,3,141.666,147.71,6.044,0,0,0,0,0,1,,,
YZwJFoSGjX8_004,YZwJFoSGjX8,A,4,154.37,158.206,3.836,0,0,0,0,0,1,,,
YcdvhG8bY2M_000,YcdvhG8bY2M,B,0,0.0,34.078,34.078,0,0,0,0,0,1,,,
YcdvhG8bY2M_001,YcdvhG8bY2M,B,1,34.146,71.39,37.244,0,0,0,0,0,1,,,
YcdvhG8bY2M_002,YcdvhG8bY2M,B,2,90.05,106.686,16.636,0,0,0,0,0,1,,,
YcdvhG8bY2M_003,YcdvhG8bY2M,A,3,113.122,117.054,3.932,0,0,0,0,0,1,,,
YjCvF8VfjV4_000,YjCvF8VfjV4,A,0,0.77,5.918,5.148,0,0,0,0,0,1,,,
YjCvF8VfjV4_001,YjCvF8VfjV4,A,1,7.714,17.566,9.852,0,0,0,0,0,1,,,
YjCvF8VfjV4_002,YjCvF8VfjV4,A,2,18.882,34.878,15.996,0,0,0,0,0,1,,,
YjCvF8VfjV4_003,YjCvF8VfjV4,A,3,37.762,59.806,22.044,0,0,0,0,0,1,,,
YjCvF8VfjV4_004,YjCvF8VfjV4,A,4,62.37,80.19,17.82,0,0,0,0,0,1,,,
YjCvF8VfjV4_005,YjCvF8VfjV4,A,5,82.754,109.886,27.132,0,0,0,0,0,1,,,
YjCvF8VfjV4_006,YjCvF8VfjV4,A,6,111.586,148.318,36.732,0,0,0,0,0,1,,,
YjCvF8VfjV4_007,YjCvF8VfjV4,A,7,149.73,167.934,18.204,0,0,0,0,0,1,,,
YjCvF8VfjV4_008,YjCvF8VfjV4,A,8,171.202,200.766,29.564,0,0,0,0,0,1,,,
YjCvF8VfjV4_009,YjCvF8VfjV4,A,9,203.138,212.222,9.084,0,0,0,0,0,1,,,
YjCvF8VfjV4_010,YjCvF8VfjV4,A,10,213.826,243.262,29.436,0,0,0,0,0,1,,,
YjCvF8VfjV4_011,YjCvF8VfjV4,B,11,247.906,276.99,29.084,0,0,0,0,0,1,,,
YjCvF8VfjV4_012,YjCvF8VfjV4,A,12,278.306,301.662,23.356,0,0,0,0,0,1,,,
YjCvF8VfjV4_013,YjCvF8VfjV4,B,13,303.746,310.846,7.1,0,0,0,0,0,1,,,
YjCvF8VfjV4_014,YjCvF8VfjV4,A,14,312.482,328.446,15.964,0,0,0,0,0,1,,,
YjCvF8VfjV4_015,YjCvF8VfjV4,B,15,331.138,337.886,6.748,0,0,0,0,0,1,,,
YjCvF8VfjV4_016,YjCvF8VfjV4,A,16,343.298,347.294,3.996,0,0,0,0,0,1,,,
ZLG2nJtty3c_000,ZLG2nJtty3c,A,0,0.0,3.646,3.646,0,0,0,1,1,0,film_clip:李小龍,,
ZLG2nJtty3c_001,ZLG2nJtty3c,B,1,5.794,34.238,28.444,0,0,0,1,1,0,film_clip:李小龍,,
ZLG2nJtty3c_002,ZLG2nJtty3c,B,2,34.274,71.006,36.732,0,0,0,1,1,0,film_clip:李小龍,,
ZLG2nJtty3c_003,ZLG2nJtty3c,B,3,71.042,99.134,28.092,0,0,0,1,1,0,film_clip:李小龍,,
ZLG2nJtty3c_004,ZLG2nJtty3c,B,4,99.362,117.438,18.076,0,0,0,1,1,0,film_clip:李小龍,,
ZLG2nJtty3c_005,ZLG2nJtty3c,B,5,117.634,140.446,22.812,0,0,0,1,1,0,film_clip:李小龍,,
ZLG2nJtty3c_006,ZLG2nJtty3c,B,6,141.378,175.07,33.692,0,0,0,1,1,0,film_clip:李小龍,,
ZLG2nJtty3c_007,ZLG2nJtty3c,B,7,175.17,192.35,17.18,0,0,0,1,1,0,film_clip:李小龍,,
ZLG2nJtty3c_008,ZLG2nJtty3c,B,8,198.85,202.814,3.964,0,0,0,1,1,0,film_clip:李小龍,,
ZMunEzpO-TY_000,ZMunEzpO-TY,C,0,0.0,1.822,1.822,0,0,0,0,0,1,,,
ZMunEzpO-TY_001,ZMunEzpO-TY,A,1,2.594,12.318,9.724,0,0,0,0,0,1,,,
ZMunEzpO-TY_002,ZMunEzpO-TY,A,2,12.93,15.262,2.332,0,0,0,0,0,1,,,
ZMunEzpO-TY_003,ZMunEzpO-TY,A,3,15.906,18.046,2.14,0,0,0,0,0,1,,,
ZMunEzpO-TY_004,ZMunEzpO-TY,A,4,18.626,20.894,2.268,0,0,0,0,0,1,,,
ZMunEzpO-TY_005,ZMunEzpO-TY,A,5,33.666,45.406,11.74,0,0,0,0,0,1,,,
ZMunEzpO-TY_006,ZMunEzpO-TY,A,6,58.658,70.622,11.964,0,0,0,0,0,1,,,
ZMunEzpO-TY_007,ZMunEzpO-TY,A,7,85.218,93.95,8.732,0,0,0,0,0,1,,,
ZMunEzpO-TY_008,ZMunEzpO-TY,B,8,101.282,107.742,6.46,0,0,0,0,0,1,,,
ZMunEzpO-TY_009,ZMunEzpO-TY,A,9,114.274,118.174,3.9,0,0,0,0,0,1,,,
ZXl6sv6TAU4_000,ZXl6sv6TAU4,A,0,4.706,7.07,2.364,0,0,0,0,0,1,,,
ZXl6sv6TAU4_001,ZXl6sv6TAU4,A,1,7.586,23.966,16.38,0,0,0,0,0,1,,,
ZXl6sv6TAU4_002,ZXl6sv6TAU4,A,2,24.642,34.974,10.332,0,0,0,0,0,1,,,
ZXl6sv6TAU4_003,ZXl6sv6TAU4,A,3,36.066,59.582,23.516,0,0,0,0,0,1,,,
ZXl6sv6TAU4_004,ZXl6sv6TAU4,A,4,67.97,102.718,34.748,0,0,0,0,0,1,,,
ZXl6sv6TAU4_005,ZXl6sv6TAU4,A,5,115.81,125.086,9.276,0,0,0,0,0,1,,,
ZXl6sv6TAU4_006,ZXl6sv6TAU4,A,6,126.114,158.142,32.028,0,0,0,0,0,1,,,
ZXl6sv6TAU4_007,ZXl6sv6TAU4,B,7,159.522,197.726,38.204,0,0,0,0,0,1,,,
ZXl6sv6TAU4_008,ZXl6sv6TAU4,B,8,197.666,203.102,5.436,0,0,0,0,0,1,,,
ZXl6sv6TAU4_009,ZXl6sv6TAU4,A,9,204.034,210.078,6.044,0,0,0,0,0,1,,,
ZXl6sv6TAU4_010,ZXl6sv6TAU4,A,10,210.722,227.678,16.956,0,0,0,0,0,1,,,
ZXl6sv6TAU4_011,ZXl6sv6TAU4,A,11,228.93,237.31,8.38,0,0,0,0,0,1,,,
ZXl6sv6TAU4_012,ZXl6sv6TAU4,B,12,241.378,248.062,6.684,0,0,0,0,0,1,,,
ZXl6sv6TAU4_013,ZXl6sv6TAU4,A,13,254.05,258.046,3.996,0,0,0,0,0,1,,,
Zcd4ihNEu0U_000,Zcd4ihNEu0U,B,0,0.066,5.406,5.34,0,0,1,0,0,0,recitation:朗讀,,
Zcd4ihNEu0U_001,Zcd4ihNEu0U,A,1,6.05,35.934,29.884,0,0,1,0,0,0,recitation:朗讀,,
Zcd4ihNEu0U_002,Zcd4ihNEu0U,A,2,42.882,46.91,4.028,0,0,1,0,0,0,recitation:朗讀,,
ZmSQd7naNi0_000,ZmSQd7naNi0,B,0,3.65,32.414,28.764,0,0,0,0,0,1,,,
ZmSQd7naNi0_001,ZmSQd7naNi0,B,1,362.594,380.926,18.332,0,0,0,0,0,1,,,
ZmSQd7naNi0_002,ZmSQd7naNi0,A,2,387.458,391.358,3.9,0,0,0,0,0,1,,,
Zv4HCXYAayY_000,Zv4HCXYAayY,A,0,0.0,24.798,24.798,0,0,0,0,0,1,,,
Zv4HCXYAayY_001,Zv4HCXYAayY,B,1,161.122,165.822,4.7,0,0,0,0,0,1,,,
Zv4HCXYAayY_002,Zv4HCXYAayY,A,2,172.386,176.254,3.868,0,0,0,0,0,1,,,
ZxkifjASQvo_000,ZxkifjASQvo,A,0,0.0,24.03,24.03,0,0,0,0,0,1,,,
ZxkifjASQvo_001,ZxkifjASQvo,C,1,24.674,43.39,18.716,0,0,0,0,0,1,,,
ZxkifjASQvo_002,ZxkifjASQvo,B,2,47.394,54.142,6.748,0,0,0,0,0,1,,,
ZxkifjASQvo_003,ZxkifjASQvo,A,3,60.61,64.606,3.996,0,0,0,0,0,1,,,
ZyoJBRKfpT4_000,ZyoJBRKfpT4,A,0,18.018,23.102,5.084,0,0,0,0,0,1,,,
ZyoJBRKfpT4_001,ZyoJBRKfpT4,A,1,25.122,30.462,5.34,0,0,0,0,0,1,,,
ZyoJBRKfpT4_002,ZyoJBRKfpT4,B,2,56.162,61.054,4.892,0,0,0,0,0,1,,,
ZyoJBRKfpT4_003,ZyoJBRKfpT4,A,3,62.114,67.518,5.404,0,0,0,0,0,1,,,
ZyoJBRKfpT4_004,ZyoJBRKfpT4,B,4,72.642,79.102,6.46,0,0,0,0,0,1,,,
ZyoJBRKfpT4_005,ZyoJBRKfpT4,A,5,85.73,89.566,3.836,0,0,0,0,0,1,,,
_1tbZHzRh6w_000,_1tbZHzRh6w,A,0,3.522,41.79,38.268,0,0,0,1,1,0,film_clip:李小龍,,
_1tbZHzRh6w_001,_1tbZHzRh6w,A,1,50.69,54.238,3.548,0,0,0,1,1,0,film_clip:李小龍,,
_1tbZHzRh6w_002,_1tbZHzRh6w,A,2,56.418,59.934,3.516,0,0,0,1,1,0,film_clip:李小龍,,
_1tbZHzRh6w_003,_1tbZHzRh6w,A,3,62.69,78.27,15.58,0,0,0,1,1,0,film_clip:李小龍,,
_1tbZHzRh6w_004,_1tbZHzRh6w,B,4,78.818,85.566,6.748,0,0,0,1,1,0,film_clip:李小龍,,
_1tbZHzRh6w_005,_1tbZHzRh6w,A,5,92.098,95.998,3.9,0,0,0,1,1,0,film_clip:李小龍,,
_CW_GxIMvZ8_000,_CW_GxIMvZ8,A,0,315.874,327.294,11.42,0,0,0,0,0,1,,,
_CW_GxIMvZ8_001,_CW_GxIMvZ8,B,1,329.058,335.806,6.748,0,0,0,0,0,1,,,
_CW_GxIMvZ8_002,_CW_GxIMvZ8,A,2,341.25,345.246,3.996,0,0,0,0,0,1,,,
_MKywUp3-0E_000,_MKywUp3-0E,A,0,2.306,4.798,2.492,0,0,0,0,0,1,,,
_MKywUp3-0E_001,_MKywUp3-0E,A,1,6.018,11.806,5.788,0,0,0,0,0,1,,,
_MKywUp3-0E_002,_MKywUp3-0E,B,2,23.874,30.334,6.46,0,0,0,0,0,1,,,
_MKywUp3-0E_003,_MKywUp3-0E,A,3,36.898,40.766,3.868,0,0,0,0,0,1,,,
_ZKOMeSl9F0_000,_ZKOMeSl9F0,B,0,0.0,29.31,29.31,1,0,0,0,0,0,parody:惡搞,,
_ZKOMeSl9F0_001,_ZKOMeSl9F0,B,1,29.41,68.766,39.356,1,0,0,0,0,0,parody:惡搞,,
_ZKOMeSl9F0_002,_ZKOMeSl9F0,B,2,69.026,104.926,35.9,1,0,0,0,0,0,parody:惡搞,,
_ZKOMeSl9F0_003,_ZKOMeSl9F0,B,3,111.394,115.326,3.932,1,0,0,0,0,0,parody:惡搞,,
_dwdlOSiQKY_000,_dwdlOSiQKY,A,0,0.0,16.254,16.254,0,0,0,0,0,1,,,
_dwdlOSiQKY_001,_dwdlOSiQKY,B,1,67.746,72.286,4.54,0,0,0,0,0,1,,,
_dwdlOSiQKY_002,_dwdlOSiQKY,A,2,78.914,82.782,3.868,0,0,0,0,0,1,,,
_eL6hS9KBGs_000,_eL6hS9KBGs,B,0,29.666,68.894,39.228,0,0,0,0,0,1,,,
_eL6hS9KBGs_001,_eL6hS9KBGs,B,1,68.738,101.886,33.148,0,0,0,0,0,1,,,
_eL6hS9KBGs_002,_eL6hS9KBGs,B,2,101.89,115.71,13.82,0,0,0,0,0,1,,,
_eL6hS9KBGs_003,_eL6hS9KBGs,B,3,115.522,144.734,29.212,0,0,0,0,0,1,,,
_eL6hS9KBGs_004,_eL6hS9KBGs,A,4,149.25,152.35,3.1,0,0,0,0,0,1,,,
_eL6hS9KBGs_005,_eL6hS9KBGs,A,5,163.842,194.078,30.236,0,0,0,0,0,1,,,
_eL6hS9KBGs_006,_eL6hS9KBGs,B,6,195.618,231.134,35.516,0,0,0,0,0,1,,,
_eL6hS9KBGs_007,_eL6hS9KBGs,B,7,231.106,236.062,4.956,0,0,0,0,0,1,,,
_eL6hS9KBGs_008,_eL6hS9KBGs,A,8,242.594,246.494,3.9,0,0,0,0,0,1,,,
_nXeSpzB4BE_000,_nXeSpzB4BE,A,0,0.322,19.774,19.452,0,0,0,0,0,1,,,
_nXeSpzB4BE_001,_nXeSpzB4BE,B,1,23.618,60.03,36.412,0,0,0,0,0,1,,,
_nXeSpzB4BE_002,_nXeSpzB4BE,B,2,59.938,64.862,4.924,0,0,0,0,0,1,,,
_nXeSpzB4BE_003,_nXeSpzB4BE,A,3,71.394,75.294,3.9,0,0,0,0,0,1,,,
a5L4ABWx3cA_000,a5L4ABWx3cA,A,0,0.802,30.398,29.596,0,0,0,0,0,1,,,
a5L4ABWx3cA_001,a5L4ABWx3cA,C,1,32.898,36.126,3.228,0,0,0,0,0,1,,,
a5L4ABWx3cA_002,a5L4ABWx3cA,C,2,36.866,38.75,1.884,0,0,0,0,0,1,,,
a5L4ABWx3cA_003,a5L4ABWx3cA,A,3,39.682,48.062,8.38,0,0,0,0,0,1,,,
a9BeX-xILGo_000,a9BeX-xILGo,B,0,100.61,133.694,33.084,0,0,0,0,0,1,,,
a9BeX-xILGo_001,a9BeX-xILGo,B,1,185.666,191.806,6.14,0,0,0,0,0,1,,,
a9BeX-xILGo_002,a9BeX-xILGo,A,2,198.498,202.302,3.804,0,0,0,0,0,1,,,
aKAdn_mUAKA_000,aKAdn_mUAKA,C,0,0.0,6.686,6.686,0,0,0,0,0,1,,,
aKAdn_mUAKA_001,aKAdn_mUAKA,C,1,15.49,17.822,2.332,0,0,0,0,0,1,,,
aKAdn_mUAKA_002,aKAdn_mUAKA,C,2,23.298,24.958,1.66,0,0,0,0,0,1,,,
aKAdn_mUAKA_003,aKAdn_mUAKA,C,3,25.858,27.742,1.884,0,0,0,0,0,1,,,
aKAdn_mUAKA_004,aKAdn_mUAKA,A,4,29.986,31.678,1.692,0,0,0,0,0,1,,,
aKAdn_mUAKA_005,aKAdn_mUAKA,C,5,33.154,36.03,2.876,0,0,0,0,0,1,,,
aKAdn_mUAKA_006,aKAdn_mUAKA,C,6,38.37,40.83,2.46,0,0,0,0,0,1,,,
aKAdn_mUAKA_007,aKAdn_mUAKA,A,7,43.842,53.79,9.948,0,0,0,0,0,1,,,
aKAdn_mUAKA_008,aKAdn_mUAKA,A,8,54.434,62.334,7.9,0,0,0,0,0,1,,,
aKAdn_mUAKA_009,aKAdn_mUAKA,A,9,63.01,69.054,6.044,0,0,0,0,0,1,,,
aKAdn_mUAKA_010,aKAdn_mUAKA,A,10,69.858,72.894,3.036,0,0,0,0,0,1,,,
aKAdn_mUAKA_011,aKAdn_mUAKA,A,11,73.442,82.494,9.052,0,0,0,0,0,1,,,
aKAdn_mUAKA_012,aKAdn_mUAKA,C,12,83.202,86.238,3.036,0,0,0,0,0,1,,,
aKAdn_mUAKA_013,aKAdn_mUAKA,A,13,86.786,92.222,5.436,0,0,0,0,0,1,,,
aKAdn_mUAKA_014,aKAdn_mUAKA,A,14,94.402,112.094,17.692,0,0,0,0,0,1,,,
aKAdn_mUAKA_015,aKAdn_mUAKA,A,15,115.97,120.574,4.604,0,0,0,0,0,1,,,
aKAdn_mUAKA_016,aKAdn_mUAKA,A,16,123.426,144.766,21.34,0,0,0,0,0,1,,,
aKAdn_mUAKA_017,aKAdn_mUAKA,A,17,148.674,169.31,20.636,0,0,0,0,0,1,,,
aKAdn_mUAKA_018,aKAdn_mUAKA,C,18,171.394,193.182,21.788,0,0,0,0,0,1,,,
aKAdn_mUAKA_019,aKAdn_mUAKA,A,19,196.162,205.534,9.372,0,0,0,0,0,1,,,
aKAdn_mUAKA_020,aKAdn_mUAKA,A,20,206.146,218.75,12.604,0,0,0,0,0,1,,,
aKAdn_mUAKA_021,aKAdn_mUAKA,C,21,221.026,229.502,8.476,0,0,0,0,0,1,,,
aKAdn_mUAKA_022,aKAdn_mUAKA,C,22,230.018,243.198,13.18,0,0,0,0,0,1,,,
aKAdn_mUAKA_023,aKAdn_mUAKA,A,23,246.498,277.278,30.78,0,0,0,0,0,1,,,
aKAdn_mUAKA_024,aKAdn_mUAKA,A,24,280.514,296.734,16.22,0,0,0,0,0,1,,,
aKAdn_mUAKA_025,aKAdn_mUAKA,C,25,299.938,301.598,1.66,0,0,0,0,0,1,,,
aKAdn_mUAKA_026,aKAdn_mUAKA,A,26,310.914,314.174,3.26,0,0,0,0,0,1,,,
aKAdn_mUAKA_027,aKAdn_mUAKA,A,27,315.842,318.942,3.1,0,0,0,0,0,1,,,
aKAdn_mUAKA_028,aKAdn_mUAKA,B,28,319.618,322.366,2.748,0,0,0,0,0,1,,,
aKAdn_mUAKA_029,aKAdn_mUAKA,A,29,329.89,335.454,5.564,0,0,0,0,0,1,,,
aKAdn_mUAKA_030,aKAdn_mUAKA,A,30,335.97,353.854,17.884,0,0,0,0,0,1,,,
aKAdn_mUAKA_031,aKAdn_mUAKA,B,31,357.154,374.142,16.988,0,0,0,0,0,1,,,
aKAdn_mUAKA_032,aKAdn_mUAKA,A,32,376.866,381.758,4.892,0,0,0,0,0,1,,,
aKAdn_mUAKA_033,aKAdn_mUAKA,B,33,391.81,399.806,7.996,0,0,0,0,0,1,,,
aMDLcjgAuOs_000,aMDLcjgAuOs,A,0,6.434,11.102,4.668,0,0,0,0,0,1,,,
aMDLcjgAuOs_001,aMDLcjgAuOs,A,1,12.642,16.83,4.188,0,0,0,0,0,1,,,
aMDLcjgAuOs_002,aMDLcjgAuOs,A,2,17.602,34.846,17.244,0,0,0,0,0,1,,,
aMDLcjgAuOs_003,aMDLcjgAuOs,A,3,38.114,47.326,9.212,0,0,0,0,0,1,,,
aMDLcjgAuOs_004,aMDLcjgAuOs,A,4,50.338,54.014,3.676,0,0,0,0,0,1,,,
aMDLcjgAuOs_005,aMDLcjgAuOs,A,5,56.322,72.638,16.316,0,0,0,0,0,1,,,
aMDLcjgAuOs_006,aMDLcjgAuOs,A,6,74.946,83.422,8.476,0,0,0,0,0,1,,,
aMDLcjgAuOs_007,aMDLcjgAuOs,B,7,85.794,99.902,14.108,0,0,0,0,0,1,,,
aMDLcjgAuOs_008,aMDLcjgAuOs,A,8,102.242,133.438,31.196,0,0,0,0,0,1,,,
aMDLcjgAuOs_009,aMDLcjgAuOs,A,9,136.13,148.222,12.092,0,0,0,0,0,1,,,
aMDLcjgAuOs_010,aMDLcjgAuOs,A,10,150.53,159.358,8.828,0,0,0,0,0,1,,,
aMDLcjgAuOs_011,aMDLcjgAuOs,A,11,162.338,182.494,20.156,0,0,0,0,0,1,,,
aMDLcjgAuOs_012,aMDLcjgAuOs,B,12,184.994,216.318,31.324,0,0,0,0,0,1,,,
aMDLcjgAuOs_013,aMDLcjgAuOs,B,13,222.85,226.782,3.932,0,0,0,0,0,1,,,
aTEVklcre_U_000,aTEVklcre_U,A,0,0.322,12.158,11.836,0,0,0,1,1,0,film_clip:李小龍|石堅,,
aTEVklcre_U_001,aTEVklcre_U,B,1,17.954,26.334,8.38,0,0,0,1,1,0,film_clip:李小龍|石堅,,
aTEVklcre_U_002,aTEVklcre_U,B,2,32.834,36.766,3.932,0,0,0,1,1,0,film_clip:李小龍|石堅,,
aVO__VrMWVE_000,aVO__VrMWVE,A,0,0.45,6.91,6.46,0,0,0,0,0,1,,,
aVO__VrMWVE_001,aVO__VrMWVE,A,1,9.762,18.622,8.86,0,0,0,0,0,1,,,
aVO__VrMWVE_002,aVO__VrMWVE,A,2,21.154,41.598,20.444,0,0,0,0,0,1,,,
aVO__VrMWVE_003,aVO__VrMWVE,B,3,44.802,74.878,30.076,0,0,0,0,0,1,,,
aVO__VrMWVE_004,aVO__VrMWVE,B,4,74.722,89.566,14.844,0,0,0,0,0,1,,,
aVO__VrMWVE_005,aVO__VrMWVE,B,5,92.002,98.75,6.748,0,0,0,0,0,1,,,
aVO__VrMWVE_006,aVO__VrMWVE,A,6,104.162,108.158,3.996,0,0,0,0,0,1,,,
abLpB3cQe0c_000,abLpB3cQe0c,A,0,0.482,7.902,7.42,0,0,0,0,0,1,,,
abLpB3cQe0c_001,abLpB3cQe0c,A,1,8.61,11.838,3.228,0,0,0,0,0,1,,,
abLpB3cQe0c_002,abLpB3cQe0c,A,2,14.402,17.054,2.652,0,0,0,0,0,1,,,
abLpB3cQe0c_003,abLpB3cQe0c,A,3,17.602,20.382,2.78,0,0,0,0,0,1,,,
abLpB3cQe0c_004,abLpB3cQe0c,A,4,21.41,27.422,6.012,0,0,0,0,0,1,,,
abLpB3cQe0c_005,abLpB3cQe0c,A,5,28.258,33.63,5.372,0,0,0,0,0,1,,,
abLpB3cQe0c_006,abLpB3cQe0c,A,6,34.37,39.454,5.084,0,0,0,0,0,1,,,
abLpB3cQe0c_007,abLpB3cQe0c,A,7,40.834,58.622,17.788,0,0,0,0,0,1,,,
abLpB3cQe0c_008,abLpB3cQe0c,A,8,59.17,68.478,9.308,0,0,0,0,0,1,,,
abLpB3cQe0c_009,abLpB3cQe0c,A,9,69.026,75.71,6.684,0,0,0,0,0,1,,,
abLpB3cQe0c_010,abLpB3cQe0c,B,10,76.354,87.262,10.908,0,0,0,0,0,1,,,
abLpB3cQe0c_011,abLpB3cQe0c,A,11,87.778,92.926,5.148,0,0,0,0,0,1,,,
abLpB3cQe0c_012,abLpB3cQe0c,A,12,94.434,100.094,5.66,0,0,0,0,0,1,,,
abLpB3cQe0c_013,abLpB3cQe0c,A,13,100.738,106.014,5.276,0,0,0,0,0,1,,,
abLpB3cQe0c_014,abLpB3cQe0c,B,14,106.85,113.598,6.748,0,0,0,0,0,1,,,
abLpB3cQe0c_015,abLpB3cQe0c,A,15,119.042,123.038,3.996,0,0,0,0,0,1,,,
adnjR-MPkAI_000,adnjR-MPkAI,A,0,6.754,10.334,3.58,0,0,0,0,0,1,,,
adnjR-MPkAI_001,adnjR-MPkAI,A,1,12.29,16.382,4.092,0,0,0,0,0,1,,,
adnjR-MPkAI_002,adnjR-MPkAI,A,2,31.17,34.302,3.132,0,0,0,0,0,1,,,
adnjR-MPkAI_003,adnjR-MPkAI,C,3,38.242,40.99,2.748,0,0,0,0,0,1,,,
adnjR-MPkAI_004,adnjR-MPkAI,A,4,43.586,46.558,2.972,0,0,0,0,0,1,,,
adnjR-MPkAI_005,adnjR-MPkAI,A,5,48.898,52.798,3.9,0,0,0,0,0,1,,,
adnjR-MPkAI_006,adnjR-MPkAI,A,6,55.426,66.686,11.26,0,0,0,0,0,1,,,
adnjR-MPkAI_007,adnjR-MPkAI,A,7,69.858,72.99,3.132,0,0,0,0,0,1,,,
adnjR-MPkAI_008,adnjR-MPkAI,A,8,75.522,83.262,7.74,0,0,0,0,0,1,,,
adnjR-MPkAI_009,adnjR-MPkAI,B,9,84.546,96.734,12.188,0,0,0,0,0,1,,,
adnjR-MPkAI_010,adnjR-MPkAI,B,10,103.234,107.166,3.932,0,0,0,0,0,1,,,
ahl9j91UU30_000,ahl9j91UU30,A,0,0.866,4.35,3.484,0,0,0,0,0,1,,,
ahl9j91UU30_001,ahl9j91UU30,A,1,10.914,14.654,3.74,0,0,0,0,0,1,,,
ahl9j91UU30_002,ahl9j91UU30,A,2,16.61,21.63,5.02,0,0,0,0,0,1,,,
ahl9j91UU30_003,ahl9j91UU30,A,3,24.994,39.998,15.004,0,0,0,0,0,1,,,
ahl9j91UU30_004,ahl9j91UU30,A,4,42.626,45.918,3.292,0,0,0,0,0,1,,,
ahl9j91UU30_005,ahl9j91UU30,A,5,50.69,59.486,8.796,0,0,0,0,0,1,,,
ahl9j91UU30_006,ahl9j91UU30,A,6,63.842,88.574,24.732,0,0,0,0,0,1,,,
ahl9j91UU30_007,ahl9j91UU30,B,7,91.778,112.958,21.18,0,0,0,0,0,1,,,
ahl9j91UU30_008,ahl9j91UU30,A,8,113.73,151.038,37.308,0,0,0,0,0,1,,,
ahl9j91UU30_009,ahl9j91UU30,B,9,155.266,162.014,6.748,0,0,0,0,0,1,,,
ahl9j91UU30_010,ahl9j91UU30,A,10,167.426,171.422,3.996,0,0,0,0,0,1,,,
am5t5f9S3Z8_000,am5t5f9S3Z8,B,0,0.0,27.838,27.838,0,1,0,0,0,0,song:插曲|清唱,,
am5t5f9S3Z8_001,am5t5f9S3Z8,B,1,27.554,66.526,38.972,0,1,0,0,0,0,song:插曲|清唱,,
am5t5f9S3Z8_002,am5t5f9S3Z8,C,2,67.074,73.854,6.78,0,1,0,0,0,0,song:插曲|清唱,,
am5t5f9S3Z8_003,am5t5f9S3Z8,C,3,74.85,101.886,27.036,0,1,0,0,0,0,song:插曲|清唱,,
am5t5f9S3Z8_004,am5t5f9S3Z8,C,4,103.554,130.27,26.716,0,1,0,0,0,0,song:插曲|清唱,,
am5t5f9S3Z8_005,am5t5f9S3Z8,C,5,130.242,156.35,26.108,0,1,0,0,0,0,song:插曲|清唱,,
am5t5f9S3Z8_006,am5t5f9S3Z8,C,6,157.666,179.678,22.012,0,1,0,0,0,0,song:插曲|清唱,0.0938640683889389,0
am5t5f9S3Z8_007,am5t5f9S3Z8,B,7,182.018,201.726,19.708,0,1,0,0,0,0,song:插曲|清唱,,
am5t5f9S3Z8_008,am5t5f9S3Z8,A,8,208.258,212.158,3.9,0,1,0,0,0,0,song:插曲|清唱,,
apbsLp3NA1M_000,apbsLp3NA1M,A,0,0.258,3.23,2.972,0,0,0,0,0,1,,,
apbsLp3NA1M_001,apbsLp3NA1M,A,1,5.794,7.742,1.948,0,0,0,0,0,1,,,
apbsLp3NA1M_002,apbsLp3NA1M,A,2,10.306,21.758,11.452,0,0,0,0,0,1,,,
apbsLp3NA1M_003,apbsLp3NA1M,A,3,24.258,41.182,16.924,0,0,0,0,0,1,,,
apbsLp3NA1M_004,apbsLp3NA1M,A,4,43.938,71.262,27.324,0,0,0,0,0,1,,,
apbsLp3NA1M_005,apbsLp3NA1M,A,5,74.018,105.374,31.356,0,0,0,0,0,1,,,
apbsLp3NA1M_006,apbsLp3NA1M,A,6,108.162,123.422,15.26,0,0,0,0,0,1,,,
apbsLp3NA1M_007,apbsLp3NA1M,A,7,126.146,150.27,24.124,0,0,0,0,0,1,,,
apbsLp3NA1M_008,apbsLp3NA1M,A,8,153.346,161.886,8.54,0,0,0,0,0,1,,,
apbsLp3NA1M_009,apbsLp3NA1M,A,9,162.562,172.862,10.3,0,0,0,0,0,1,,,
apbsLp3NA1M_010,apbsLp3NA1M,B,10,176.226,182.75,6.524,0,0,0,0,0,1,,,
apbsLp3NA1M_011,apbsLp3NA1M,A,11,188.194,192.19,3.996,0,0,0,0,0,1,,,
aucZvpth7pA_000,aucZvpth7pA,B,0,0.0,7.422,7.422,0,0,0,0,0,1,,,
aucZvpth7pA_001,aucZvpth7pA,B,1,8.962,19.166,10.204,0,0,0,0,0,1,,,
aucZvpth7pA_002,aucZvpth7pA,B,2,22.658,31.262,8.604,0,0,0,0,0,1,,,
aucZvpth7pA_003,aucZvpth7pA,A,3,32.034,37.598,5.564,0,0,0,0,0,1,,,
aucZvpth7pA_004,aucZvpth7pA,A,4,40.706,51.102,10.396,0,0,0,0,0,1,,,
aucZvpth7pA_005,aucZvpth7pA,B,5,53.698,91.678,37.98,0,0,0,0,0,1,,,
aucZvpth7pA_006,aucZvpth7pA,B,6,91.554,94.622,3.068,0,0,0,0,0,1,,,
aucZvpth7pA_007,aucZvpth7pA,A,7,100.066,104.062,3.996,0,0,0,0,0,1,,,
b1u2bztBNdw_000,b1u2bztBNdw,A,0,0.226,11.038,10.812,0,0,0,0,0,1,,,
b1u2bztBNdw_001,b1u2bztBNdw,B,1,12.61,46.142,33.532,0,0,0,0,0,1,,,
b1u2bztBNdw_002,b1u2bztBNdw,B,2,46.082,60.958,14.876,0,0,0,0,0,1,,,
b1u2bztBNdw_003,b1u2bztBNdw,A,3,63.202,65.662,2.46,0,0,0,0,0,1,,,
b1u2bztBNdw_004,b1u2bztBNdw,B,4,67.202,73.95,6.748,0,0,0,0,0,1,,,
b1u2bztBNdw_005,b1u2bztBNdw,A,5,80.418,84.382,3.964,0,0,0,0,0,1,,,
b7my089a90U_000,b7my089a90U,A,0,0.0,16.414,16.414,0,0,0,0,0,1,,,
b7my089a90U_001,b7my089a90U,A,1,18.05,30.206,12.156,0,0,0,0,0,1,,,
b7my089a90U_002,b7my089a90U,A,2,31.65,43.966,12.316,0,0,0,0,0,1,,,
b7my089a90U_003,b7my089a90U,A,3,45.73,57.886,12.156,0,0,0,0,0,1,,,
b7my089a90U_004,b7my089a90U,A,4,58.914,71.134,12.22,0,0,0,0,0,1,,,
b7my089a90U_005,b7my089a90U,A,5,72.354,84.99,12.636,0,0,0,0,0,1,,,
b7my089a90U_006,b7my089a90U,B,6,86.178,105.054,18.876,0,0,0,0,0,1,,,
b7my089a90U_007,b7my089a90U,A,7,111.618,115.454,3.836,0,0,0,0,0,1,,,
b9A0OA0DWNY_000,b9A0OA0DWNY,A,0,0.13,2.206,2.076,0,0,0,0,0,1,,,
b9A0OA0DWNY_001,b9A0OA0DWNY,A,1,2.85,4.798,1.948,0,0,0,0,0,1,,,
b9A0OA0DWNY_002,b9A0OA0DWNY,A,2,28.578,30.366,1.788,0,0,0,0,0,1,,,
b9A0OA0DWNY_003,b9A0OA0DWNY,A,3,82.05,85.598,3.548,0,0,0,0,0,1,,,
b9A0OA0DWNY_004,b9A0OA0DWNY,A,4,89.346,95.486,6.14,0,0,0,0,0,1,,,
b9A0OA0DWNY_005,b9A0OA0DWNY,A,5,98.274,104.03,5.756,0,0,0,0,0,1,,,
b9A0OA0DWNY_006,b9A0OA0DWNY,A,6,106.306,111.582,5.276,0,0,0,0,0,1,,,
b9A0OA0DWNY_007,b9A0OA0DWNY,A,7,114.37,119.454,5.084,0,0,0,0,0,1,,,
b9A0OA0DWNY_008,b9A0OA0DWNY,A,8,120.386,125.598,5.212,0,0,0,0,0,1,,,
b9A0OA0DWNY_009,b9A0OA0DWNY,A,9,128.194,135.39,7.196,0,0,0,0,0,1,,,
b9A0OA0DWNY_010,b9A0OA0DWNY,A,10,138.434,143.006,4.572,0,0,0,0,0,1,,,
b9A0OA0DWNY_011,b9A0OA0DWNY,A,11,145.41,150.494,5.084,0,0,0,0,0,1,,,
b9A0OA0DWNY_012,b9A0OA0DWNY,A,12,151.298,157.086,5.788,0,0,0,0,0,1,,,
b9A0OA0DWNY_013,b9A0OA0DWNY,B,13,158.05,169.694,11.644,0,0,0,0,0,1,,,
b9A0OA0DWNY_014,b9A0OA0DWNY,A,14,175.138,179.134,3.996,0,0,0,0,0,1,,,
bLPcb0JEuQU_000,bLPcb0JEuQU,A,0,0.0,8.542,8.542,0,0,0,0,0,1,,,
bLPcb0JEuQU_001,bLPcb0JEuQU,A,1,9.346,31.838,22.492,0,0,0,0,0,1,,,
bLPcb0JEuQU_002,bLPcb0JEuQU,A,2,34.37,57.758,23.388,0,0,0,0,0,1,,,
bLPcb0JEuQU_003,bLPcb0JEuQU,A,3,60.066,68.926,8.86,0,0,0,0,0,1,,,
bLPcb0JEuQU_004,bLPcb0JEuQU,A,4,69.442,72.446,3.004,0,0,0,0,0,1,,,
bLPcb0JEuQU_005,bLPcb0JEuQU,A,5,72.962,89.822,16.86,0,0,0,0,0,1,,,
bLPcb0JEuQU_006,bLPcb0JEuQU,A,6,90.466,95.966,5.5,0,0,0,0,0,1,,,
bLPcb0JEuQU_007,bLPcb0JEuQU,A,7,98.594,110.654,12.06,0,0,0,0,0,1,,,
bLPcb0JEuQU_008,bLPcb0JEuQU,A,8,111.33,117.502,6.172,0,0,0,0,0,1,,,
bLPcb0JEuQU_009,bLPcb0JEuQU,A,9,118.146,136.638,18.492,0,0,0,0,0,1,,,
bLPcb0JEuQU_010,bLPcb0JEuQU,A,10,139.042,149.246,10.204,0,0,0,0,0,1,,,
bLPcb0JEuQU_011,bLPcb0JEuQU,A,11,149.986,157.534,7.548,0,0,0,0,0,1,,,
bLPcb0JEuQU_012,bLPcb0JEuQU,A,12,158.114,170.238,12.124,0,0,0,0,0,1,,,
bLPcb0JEuQU_013,bLPcb0JEuQU,A,13,171.106,181.598,10.492,0,0,0,0,0,1,,,
bLPcb0JEuQU_014,bLPcb0JEuQU,A,14,182.306,196.126,13.82,0,0,0,0,0,1,,,
bLPcb0JEuQU_015,bLPcb0JEuQU,A,15,198.786,204.03,5.244,0,0,0,0,0,1,,,
bLPcb0JEuQU_016,bLPcb0JEuQU,A,16,204.61,209.022,4.412,0,0,0,0,0,1,,,
bLPcb0JEuQU_017,bLPcb0JEuQU,A,17,209.762,217.214,7.452,0,0,0,0,0,1,,,
bLPcb0JEuQU_018,bLPcb0JEuQU,A,18,218.082,234.91,16.828,0,0,0,0,0,1,,,
bLPcb0JEuQU_019,bLPcb0JEuQU,B,19,237.282,243.998,6.716,0,0,0,0,0,1,,,
bLPcb0JEuQU_020,bLPcb0JEuQU,A,20,249.442,253.438,3.996,0,0,0,0,0,1,,,
bOPZAme1kGA_000,bOPZAme1kGA,B,0,0.0,20.478,20.478,0,0,0,1,1,0,film_clip:林鳳,,
bOPZAme1kGA_001,bOPZAme1kGA,B,1,20.738,55.87,35.132,0,0,0,1,1,0,film_clip:林鳳,,
bOPZAme1kGA_002,bOPZAme1kGA,B,2,56.002,92.862,36.86,0,0,0,1,1,0,film_clip:林鳳,,
bOPZAme1kGA_003,bOPZAme1kGA,B,3,92.61,111.198,18.588,0,0,0,1,1,0,film_clip:林鳳,,
bOPZAme1kGA_004,bOPZAme1kGA,B,4,283.714,315.006,31.292,0,0,0,1,1,0,film_clip:林鳳,,
bOPZAme1kGA_005,bOPZAme1kGA,A,5,321.634,325.502,3.868,0,0,0,1,1,0,film_clip:林鳳,,
bV9ttkn0vCo_000,bV9ttkn0vCo,A,0,0.0,11.39,11.39,0,0,0,0,0,1,,,
bV9ttkn0vCo_001,bV9ttkn0vCo,B,1,128.098,134.27,6.172,0,0,0,0,0,1,,,
bV9ttkn0vCo_002,bV9ttkn0vCo,A,2,140.994,144.734,3.74,0,0,0,0,0,1,,,
bWLJ15GJdxs_000,bWLJ15GJdxs,A,0,0.0,10.142,10.142,0,0,0,1,0,0,film_clip:于素秋,,
bWLJ15GJdxs_001,bWLJ15GJdxs,A,1,35.906,54.366,18.46,0,0,0,1,0,0,film_clip:于素秋,,
bWLJ15GJdxs_002,bWLJ15GJdxs,A,2,64.226,76.094,11.868,0,0,0,1,0,0,film_clip:于素秋,,
bWLJ15GJdxs_003,bWLJ15GJdxs,C,3,79.586,81.086,1.5,0,0,0,1,0,0,film_clip:于素秋,,
bWLJ15GJdxs_004,bWLJ15GJdxs,C,4,85.122,90.654,5.532,0,0,0,1,0,0,film_clip:于素秋,,
bWLJ15GJdxs_005,bWLJ15GJdxs,C,5,91.458,96.254,4.796,0,0,0,1,0,0,film_clip:于素秋,,
bWLJ15GJdxs_006,bWLJ15GJdxs,C,6,96.994,102.238,5.244,0,0,0,1,0,0,film_clip:于素秋,,
bWLJ15GJdxs_007,bWLJ15GJdxs,C,7,105.282,114.622,9.34,0,0,0,1,0,0,film_clip:于素秋,,
bWLJ15GJdxs_008,bWLJ15GJdxs,C,8,115.298,119.838,4.54,0,0,0,1,0,0,film_clip:于素秋,,
bWLJ15GJdxs_009,bWLJ15GJdxs,C,9,120.482,128.862,8.38,0,0,0,1,0,0,film_clip:于素秋,,
bWLJ15GJdxs_010,bWLJ15GJdxs,C,10,134.114,141.022,6.908,0,0,0,1,0,0,film_clip:于素秋,,
bWLJ15GJdxs_011,bWLJ15GJdxs,C,11,146.978,156.414,9.436,0,0,0,1,0,0,film_clip:于素秋,,
bWLJ15GJdxs_012,bWLJ15GJdxs,C,12,156.994,171.262,14.268,0,0,0,1,0,0,film_clip:于素秋,,
bWLJ15GJdxs_013,bWLJ15GJdxs,C,13,175.65,183.71,8.06,0,0,0,1,0,0,film_clip:于素秋,,
bWLJ15GJdxs_014,bWLJ15GJdxs,C,14,193.538,201.822,8.284,0,0,0,1,0,0,film_clip:于素秋,,
bWLJ15GJdxs_015,bWLJ15GJdxs,A,15,204.802,224.382,19.58,0,0,0,1,0,0,film_clip:于素秋,,
bWLJ15GJdxs_016,bWLJ15GJdxs,B,16,229.826,236.286,6.46,0,0,0,1,0,0,film_clip:于素秋,,
bWLJ15GJdxs_017,bWLJ15GJdxs,B,17,242.754,246.686,3.932,0,0,0,1,0,0,film_clip:于素秋,,
bWOtkWFeuxA_000,bWOtkWFeuxA,A,0,53.442,59.71,6.268,0,0,0,0,0,1,,,
bWOtkWFeuxA_001,bWOtkWFeuxA,C,1,61.25,64.67,3.42,0,0,0,0,0,1,,,
bWOtkWFeuxA_002,bWOtkWFeuxA,B,2,67.394,73.63,6.236,0,0,0,0,0,1,,,
bWOtkWFeuxA_003,bWOtkWFeuxA,A,3,80.194,84.03,3.836,0,0,0,0,0,1,,,
bcl_x1qdZv0_000,bcl_x1qdZv0,B,0,0.802,40.862,40.06,0,0,0,1,1,0,film_clip:林鳳,,
bcl_x1qdZv0_001,bcl_x1qdZv0,B,1,41.058,54.622,13.564,0,0,0,1,1,0,film_clip:林鳳,,
bcl_x1qdZv0_002,bcl_x1qdZv0,B,2,61.154,65.118,3.964,0,0,0,1,1,0,film_clip:林鳳,,
bf4_37oPUw0_000,bf4_37oPUw0,B,0,0.0,32.51,32.51,0,0,0,1,1,0,film_clip:李小龍,,
bf4_37oPUw0_001,bf4_37oPUw0,B,1,32.386,67.102,34.716,0,0,0,1,1,0,film_clip:李小龍,,
bf4_37oPUw0_002,bf4_37oPUw0,B,2,66.914,84.998,18.084,0,0,0,1,1,0,film_clip:李小龍,,
bf4_37oPUw0_003,bf4_37oPUw0,B,3,84.698,115.678,30.98,0,0,0,1,1,0,film_clip:李小龍,,
bf4_37oPUw0_004,bf4_37oPUw0,B,4,115.49,129.534,14.044,0,0,0,1,1,0,film_clip:李小龍,,
bf4_37oPUw0_005,bf4_37oPUw0,B,5,129.378,165.118,35.74,0,0,0,1,1,0,film_clip:李小龍,,
bf4_37oPUw0_006,bf4_37oPUw0,B,6,165.858,191.006,25.148,0,0,0,1,1,0,film_clip:李小龍,,
bf4_37oPUw0_007,bf4_37oPUw0,B,7,190.882,212.926,22.044,0,0,0,1,1,0,film_clip:李小龍,,
bf4_37oPUw0_008,bf4_37oPUw0,B,8,212.834,241.662,28.828,0,0,0,1,1,0,film_clip:李小龍,,
bf4_37oPUw0_009,bf4_37oPUw0,B,9,241.474,255.454,13.98,0,0,0,1,1,0,film_clip:李小龍,,
bf4_37oPUw0_010,bf4_37oPUw0,B,10,256.514,263.262,6.748,0,0,0,1,1,0,film_clip:李小龍,,
bf4_37oPUw0_011,bf4_37oPUw0,A,11,269.634,273.662,4.028,0,0,0,1,1,0,film_clip:李小龍,,
bjqcBrcSL9Q_000,bjqcBrcSL9Q,A,0,4.706,7.326,2.62,0,0,0,0,0,1,,,
bjqcBrcSL9Q_001,bjqcBrcSL9Q,B,1,21.666,56.606,34.94,0,0,0,0,0,1,,,
bjqcBrcSL9Q_002,bjqcBrcSL9Q,B,2,56.674,73.47,16.796,0,0,0,0,0,1,,,
bjqcBrcSL9Q_003,bjqcBrcSL9Q,B,3,74.018,93.982,19.964,0,0,0,0,0,1,,,
bjqcBrcSL9Q_004,bjqcBrcSL9Q,A,4,100.482,104.382,3.9,0,0,0,0,0,1,,,
buwWhzfDTb4_000,buwWhzfDTb4,A,0,0.706,4.062,3.356,0,0,0,0,0,1,,,
buwWhzfDTb4_001,buwWhzfDTb4,A,1,4.706,8.19,3.484,0,0,0,0,0,1,,,
buwWhzfDTb4_002,buwWhzfDTb4,A,2,10.754,16.574,5.82,0,0,0,0,0,1,,,
buwWhzfDTb4_003,buwWhzfDTb4,A,3,19.618,41.406,21.788,0,0,0,0,0,1,,,
buwWhzfDTb4_004,buwWhzfDTb4,A,4,43.906,59.742,15.836,0,0,0,0,0,1,,,
buwWhzfDTb4_005,buwWhzfDTb4,A,5,62.306,70.782,8.476,0,0,0,0,0,1,,,
buwWhzfDTb4_006,buwWhzfDTb4,B,6,73.154,79.902,6.748,0,0,0,0,0,1,,,
buwWhzfDTb4_007,buwWhzfDTb4,A,7,85.346,89.342,3.996,0,0,0,0,0,1,,,
bx9LH22ymwg_000,bx9LH22ymwg,B,0,83.81,120.734,36.924,0,0,0,0,0,1,,,
bx9LH22ymwg_001,bx9LH22ymwg,B,1,120.898,140.798,19.9,0,0,0,0,0,1,,,
bx9LH22ymwg_002,bx9LH22ymwg,B,2,146.818,150.75,3.932,0,0,0,0,0,1,,,
bxZQeJ-hKE8_000,bxZQeJ-hKE8,A,0,3.17,9.854,6.684,0,1,0,1,1,0,song:插曲;film_clip:林鳳,,
bxZQeJ-hKE8_001,bxZQeJ-hKE8,A,1,11.522,18.622,7.1,0,1,0,1,1,0,song:插曲;film_clip:林鳳,,
bxZQeJ-hKE8_002,bxZQeJ-hKE8,B,2,174.018,178.718,4.7,0,1,0,1,1,0,song:插曲;film_clip:林鳳,,
bxZQeJ-hKE8_003,bxZQeJ-hKE8,A,3,185.25,189.118,3.868,0,1,0,1,1,0,song:插曲;film_clip:林鳳,,
bxc4FmaqjRI_000,bxc4FmaqjRI,A,0,4.738,11.326,6.588,0,0,0,0,0,1,,,
bxc4FmaqjRI_001,bxc4FmaqjRI,A,1,12.77,25.63,12.86,0,0,0,0,0,1,,,
bxc4FmaqjRI_002,bxc4FmaqjRI,A,2,27.266,39.966,12.7,0,0,0,0,0,1,,,
bxc4FmaqjRI_003,bxc4FmaqjRI,A,3,41.41,53.886,12.476,0,0,0,0,0,1,,,
bxc4FmaqjRI_004,bxc4FmaqjRI,A,4,55.426,69.31,13.884,0,0,0,0,0,1,,,
bxc4FmaqjRI_005,bxc4FmaqjRI,A,5,71.234,83.966,12.732,0,0,0,0,0,1,,,
bxc4FmaqjRI_006,bxc4FmaqjRI,A,6,86.37,92.606,6.236,0,0,0,0,0,1,,,
bxc4FmaqjRI_007,bxc4FmaqjRI,A,7,93.186,99.454,6.268,0,0,0,0,0,1,,,
bxc4FmaqjRI_008,bxc4FmaqjRI,A,8,101.762,114.654,12.892,0,0,0,0,0,1,,,
bxc4FmaqjRI_009,bxc4FmaqjRI,B,9,116.77,136.51,19.74,0,0,0,0,0,1,,,
bxc4FmaqjRI_010,bxc4FmaqjRI,B,10,143.074,146.942,3.868,0,0,0,0,0,1,,,
c0DEMuw4n1A_000,c0DEMuw4n1A,A,0,0.258,7.294,7.036,0,0,0,1,1,0,film_clip:吳楚帆,,
c0DEMuw4n1A_001,c0DEMuw4n1A,A,1,8.354,18.686,10.332,0,0,0,1,1,0,film_clip:吳楚帆,,
c0DEMuw4n1A_002,c0DEMuw4n1A,B,2,22.978,62.622,39.644,0,0,0,1,1,0,film_clip:吳楚帆,,
c0DEMuw4n1A_003,c0DEMuw4n1A,B,3,62.466,99.294,36.828,0,0,0,1,1,0,film_clip:吳楚帆,,
c0DEMuw4n1A_004,c0DEMuw4n1A,B,4,99.234,125.022,25.788,0,0,0,1,1,0,film_clip:吳楚帆,,
c0DEMuw4n1A_005,c0DEMuw4n1A,B,5,125.282,155.742,30.46,0,0,0,1,1,0,film_clip:吳楚帆,,
c0DEMuw4n1A_006,c0DEMuw4n1A,B,6,156.322,189.598,33.276,0,0,0,1,1,0,film_clip:吳楚帆,,
c0DEMuw4n1A_007,c0DEMuw4n1A,A,7,196.098,199.998,3.9,0,0,0,1,1,0,film_clip:吳楚帆,,
c8dFl2bw9JM_000,c8dFl2bw9JM,A,0,37.026,40.638,3.612,0,0,0,0,0,1,,,
c8dFl2bw9JM_001,c8dFl2bw9JM,A,1,41.986,54.878,12.892,0,0,0,0,0,1,,,
c8dFl2bw9JM_002,c8dFl2bw9JM,A,2,57.474,91.518,34.044,0,0,0,0,0,1,,,
c8dFl2bw9JM_003,c8dFl2bw9JM,A,3,92.066,111.614,19.548,0,0,0,0,0,1,,,
c8dFl2bw9JM_004,c8dFl2bw9JM,A,4,112.322,115.71,3.388,0,0,0,0,0,1,,,
c8dFl2bw9JM_005,c8dFl2bw9JM,A,5,116.61,120.062,3.452,0,0,0,0,0,1,,,
c8dFl2bw9JM_006,c8dFl2bw9JM,A,6,120.898,125.054,4.156,0,0,0,0,0,1,,,
c8dFl2bw9JM_007,c8dFl2bw9JM,A,7,125.954,130.462,4.508,0,0,0,0,0,1,,,
c8dFl2bw9JM_008,c8dFl2bw9JM,B,8,131.81,143.902,12.092,0,0,0,0,0,1,,,
c8dFl2bw9JM_009,c8dFl2bw9JM,A,9,150.434,154.334,3.9,0,0,0,0,0,1,,,
cJy5pDkgDpw_000,cJy5pDkgDpw,A,0,0.706,11.646,10.94,0,0,0,0,0,1,,,
cJy5pDkgDpw_001,cJy5pDkgDpw,C,1,13.41,23.166,9.756,0,0,0,0,0,1,,,
cJy5pDkgDpw_002,cJy5pDkgDpw,A,2,25.41,29.022,3.612,0,0,0,0,0,1,,,
cJy5pDkgDpw_003,cJy5pDkgDpw,A,3,31.33,42.654,11.324,0,0,0,0,0,1,,,
cJy5pDkgDpw_004,cJy5pDkgDpw,A,4,44.29,47.486,3.196,0,0,0,0,0,1,,,
cJy5pDkgDpw_005,cJy5pDkgDpw,C,5,48.866,54.27,5.404,0,0,0,0,0,1,,,
cJy5pDkgDpw_006,cJy5pDkgDpw,C,6,55.394,58.334,2.94,0,0,0,0,0,1,,,
cJy5pDkgDpw_007,cJy5pDkgDpw,B,7,61.154,94.302,33.148,0,0,0,0,0,1,,,
cJy5pDkgDpw_008,cJy5pDkgDpw,B,8,94.242,108.382,14.14,0,0,0,0,0,1,,,
cJy5pDkgDpw_009,cJy5pDkgDpw,A,9,111.074,122.302,11.228,0,0,0,0,0,1,,,
cJy5pDkgDpw_010,cJy5pDkgDpw,A,10,125.154,132.766,7.612,0,0,0,0,0,1,,,
cJy5pDkgDpw_011,cJy5pDkgDpw,A,11,134.21,144.574,10.364,0,0,0,0,0,1,,,
cJy5pDkgDpw_012,cJy5pDkgDpw,C,12,146.114,152.734,6.62,0,0,0,0,0,1,,,
cJy5pDkgDpw_013,cJy5pDkgDpw,B,13,155.618,162.302,6.684,0,0,0,0,0,1,,,
cJy5pDkgDpw_014,cJy5pDkgDpw,A,14,167.746,171.742,3.996,0,0,0,0,0,1,,,
cNQ43QUtn_4_000,cNQ43QUtn_4,A,0,1.858,11.582,9.724,0,0,0,0,0,1,,,
cNQ43QUtn_4_001,cNQ43QUtn_4,A,1,175.554,179.582,4.028,0,0,0,0,0,1,,,
cQc9X41V8xQ_000,cQc9X41V8xQ,A,0,0.706,9.566,8.86,0,0,0,0,0,1,,,
cQc9X41V8xQ_001,cQc9X41V8xQ,A,1,12.13,38.782,26.652,0,0,0,0,0,1,,,
cQc9X41V8xQ_002,cQc9X41V8xQ,A,2,41.922,53.342,11.42,0,0,0,0,0,1,,,
cQc9X41V8xQ_003,cQc9X41V8xQ,A,3,55.586,65.63,10.044,0,0,0,0,0,1,,,
cQc9X41V8xQ_004,cQc9X41V8xQ,A,4,67.842,85.694,17.852,0,0,0,0,0,1,,,
cQc9X41V8xQ_005,cQc9X41V8xQ,A,5,87.746,111.518,23.772,0,0,0,0,0,1,,,
cQc9X41V8xQ_006,cQc9X41V8xQ,A,6,114.018,141.918,27.9,0,0,0,0,0,1,,,
cQc9X41V8xQ_007,cQc9X41V8xQ,A,7,144.738,148.958,4.22,0,0,0,0,0,1,,,
cQc9X41V8xQ_008,cQc9X41V8xQ,A,8,151.682,154.846,3.164,0,0,0,0,0,1,,,
cQc9X41V8xQ_009,cQc9X41V8xQ,A,9,157.922,160.478,2.556,0,0,0,0,0,1,,,
cQc9X41V8xQ_010,cQc9X41V8xQ,A,10,161.346,165.982,4.636,0,0,0,0,0,1,,,
cQc9X41V8xQ_011,cQc9X41V8xQ,B,11,169.314,175.87,6.556,0,0,0,0,0,1,,,
cQc9X41V8xQ_012,cQc9X41V8xQ,A,12,181.282,185.31,4.028,0,0,0,0,0,1,,,
cXiZxKCrbyQ_000,cXiZxKCrbyQ,A,0,0.0,30.718,30.718,0,0,0,1,1,0,film_clip:林鳳,0.00329693662934,1
cXiZxKCrbyQ_001,cXiZxKCrbyQ,A,1,94.082,125.79,31.708,0,0,0,1,1,0,film_clip:林鳳,,
cXiZxKCrbyQ_002,cXiZxKCrbyQ,B,2,132.77,139.294,6.524,0,0,0,1,1,0,film_clip:林鳳,,
cXiZxKCrbyQ_003,cXiZxKCrbyQ,A,3,145.826,149.726,3.9,0,0,0,1,1,0,film_clip:林鳳,,
crC6p5qzKvI_000,crC6p5qzKvI,B,0,0.162,35.902,35.74,0,0,0,1,1,0,film_clip:林鳳,,
crC6p5qzKvI_001,crC6p5qzKvI,B,1,35.874,70.206,34.332,0,0,0,1,1,0,film_clip:林鳳,,
crC6p5qzKvI_002,crC6p5qzKvI,A,2,76.738,80.638,3.9,0,0,0,1,1,0,film_clip:林鳳,,
d5zTJ6WtNaA_000,d5zTJ6WtNaA,A,0,0.002,15.262,15.26,0,0,0,1,1,0,film_clip:李小龍,,
d5zTJ6WtNaA_001,d5zTJ6WtNaA,A,1,150.114,154.75,4.636,0,0,0,1,1,0,film_clip:李小龍,,
d5zTJ6WtNaA_002,d5zTJ6WtNaA,B,2,316.386,355.166,38.78,0,0,0,1,1,0,film_clip:李小龍,,
d5zTJ6WtNaA_003,d5zTJ6WtNaA,B,3,354.978,360.286,5.308,0,0,0,1,1,0,film_clip:李小龍,,
d5zTJ6WtNaA_004,d5zTJ6WtNaA,A,4,366.466,370.302,3.836,0,0,0,1,1,0,film_clip:李小龍,,
d6Pn3NXtw7U_000,d6Pn3NXtw7U,A,0,0.0,11.23,11.23,0,0,0,1,1,0,film_clip:任劍輝|芳艷芬,,
d6Pn3NXtw7U_001,d6Pn3NXtw7U,A,1,154.338,159.07,4.732,0,0,0,1,1,0,film_clip:任劍輝|芳艷芬,,
d6Pn3NXtw7U_002,d6Pn3NXtw7U,A,2,160.258,166.462,6.204,0,0,0,1,1,0,film_clip:任劍輝|芳艷芬,,
d6Pn3NXtw7U_003,d6Pn3NXtw7U,A,3,166.978,188.478,21.5,0,0,0,1,1,0,film_clip:任劍輝|芳艷芬,,
d6Pn3NXtw7U_004,d6Pn3NXtw7U,A,4,189.762,191.838,2.076,0,0,0,1,1,0,film_clip:任劍輝|芳艷芬,,
d6Pn3NXtw7U_005,d6Pn3NXtw7U,A,5,193.474,195.39,1.916,0,0,0,1,1,0,film_clip:任劍輝|芳艷芬,,
d6Pn3NXtw7U_006,d6Pn3NXtw7U,A,6,199.138,210.366,11.228,0,0,0,1,1,0,film_clip:任劍輝|芳艷芬,,
d6Pn3NXtw7U_007,d6Pn3NXtw7U,A,7,210.882,214.014,3.132,0,0,0,1,1,0,film_clip:任劍輝|芳艷芬,,
d6Pn3NXtw7U_008,d6Pn3NXtw7U,B,8,214.594,223.23,8.636,0,0,0,1,1,0,film_clip:任劍輝|芳艷芬,,
d6Pn3NXtw7U_009,d6Pn3NXtw7U,A,9,229.762,233.662,3.9,0,0,0,1,1,0,film_clip:任劍輝|芳艷芬,,
d77p7E17EtY_000,d77p7E17EtY,A,0,9.922,21.566,11.644,0,0,0,0,0,1,,,
d77p7E17EtY_001,d77p7E17EtY,A,1,26.786,44.574,17.788,0,0,0,0,0,1,,,
d77p7E17EtY_002,d77p7E17EtY,B,2,51.074,83.358,32.284,0,0,0,0,0,1,,,
d77p7E17EtY_003,d77p7E17EtY,A,3,89.378,93.278,3.9,0,0,0,0,0,1,,,
d9DN-AWVK9U_000,d9DN-AWVK9U,B,0,0.0,36.446,36.446,0,0,0,1,1,0,film_clip:李小龍,,
d9DN-AWVK9U_001,d9DN-AWVK9U,B,1,36.29,76.03,39.74,0,0,0,1,1,0,film_clip:李小龍,,
d9DN-AWVK9U_002,d9DN-AWVK9U,A,2,101.25,116.03,14.78,0,0,0,1,1,0,film_clip:李小龍,,
d9DN-AWVK9U_003,d9DN-AWVK9U,A,3,116.61,140.574,23.964,0,0,0,1,1,0,film_clip:李小龍,,
d9DN-AWVK9U_004,d9DN-AWVK9U,A,4,190.53,228.382,37.852,0,0,0,1,1,0,film_clip:李小龍,,
d9DN-AWVK9U_005,d9DN-AWVK9U,C,5,229.57,232.35,2.78,0,0,0,1,1,0,film_clip:李小龍,,
d9DN-AWVK9U_006,d9DN-AWVK9U,C,6,234.402,237.726,3.324,0,0,0,1,1,0,film_clip:李小龍,,
d9DN-AWVK9U_007,d9DN-AWVK9U,C,7,238.85,242.718,3.868,0,0,0,1,1,0,film_clip:李小龍,,
d9DN-AWVK9U_008,d9DN-AWVK9U,B,8,243.778,282.782,39.004,0,0,0,1,1,0,film_clip:李小龍,,
d9DN-AWVK9U_009,d9DN-AWVK9U,B,9,282.946,318.078,35.132,0,0,0,1,1,0,film_clip:李小龍,,
d9DN-AWVK9U_010,d9DN-AWVK9U,B,10,318.082,346.334,28.252,0,0,0,1,1,0,film_clip:李小龍,,
d9DN-AWVK9U_011,d9DN-AWVK9U,B,11,359.682,372.094,12.412,0,0,0,1,1,0,film_clip:李小龍,0.0135460123419761,1
d9DN-AWVK9U_012,d9DN-AWVK9U,A,12,378.594,382.494,3.9,0,0,0,1,1,0,film_clip:李小龍,,
dF-JxO9T-i8_000,dF-JxO9T-i8,B,0,0.0,29.222,29.222,0,1,0,1,1,0,song:插曲;film_clip:林鳳,,
dF-JxO9T-i8_001,dF-JxO9T-i8,B,1,28.922,65.854,36.932,0,1,0,1,1,0,song:插曲;film_clip:林鳳,,
dF-JxO9T-i8_002,dF-JxO9T-i8,B,2,65.794,89.15,23.356,0,1,0,1,1,0,song:插曲;film_clip:林鳳,,
dF-JxO9T-i8_003,dF-JxO9T-i8,A,3,102.85,105.662,2.812,0,1,0,1,1,0,song:插曲;film_clip:林鳳,,
dF-JxO9T-i8_004,dF-JxO9T-i8,A,4,108.322,111.55,3.228,0,1,0,1,1,0,song:插曲;film_clip:林鳳,,
dF-JxO9T-i8_005,dF-JxO9T-i8,A,5,115.746,117.374,1.628,0,1,0,1,1,0,song:插曲;film_clip:林鳳,,
dF-JxO9T-i8_006,dF-JxO9T-i8,A,6,130.242,131.902,1.66,0,1,0,1,1,0,song:插曲;film_clip:林鳳,,
dF-JxO9T-i8_007,dF-JxO9T-i8,A,7,137.506,140.766,3.26,0,1,0,1,1,0,song:插曲;film_clip:林鳳,,
dF-JxO9T-i8_008,dF-JxO9T-i8,A,8,143.394,162.558,19.164,0,1,0,1,1,0,song:插曲;film_clip:林鳳,,
dF-JxO9T-i8_009,dF-JxO9T-i8,A,9,171.618,181.47,9.852,0,1,0,1,1,0,song:插曲;film_clip:林鳳,,
dF-JxO9T-i8_010,dF-JxO9T-i8,B,10,194.626,225.214,30.588,0,1,0,1,1,0,song:插曲;film_clip:林鳳,,
dF-JxO9T-i8_011,dF-JxO9T-i8,B,11,231.746,235.678,3.932,0,1,0,1,1,0,song:插曲;film_clip:林鳳,,
dNDCR59vuR0_000,dNDCR59vuR0,B,0,0.0,6.686,6.686,0,0,0,0,0,1,,,
dNDCR59vuR0_001,dNDCR59vuR0,A,1,16.898,20.158,3.26,0,0,0,0,0,1,,,
dNDCR59vuR0_002,dNDCR59vuR0,A,2,20.674,54.302,33.628,0,0,0,0,0,1,,,
dNDCR59vuR0_003,dNDCR59vuR0,B,3,58.402,66.398,7.996,0,0,0,0,0,1,,,
ddrPXAcwXJQ_000,ddrPXAcwXJQ,C,0,1.314,3.038,1.724,0,0,0,1,1,0,film_clip:李小龍,,
ddrPXAcwXJQ_001,ddrPXAcwXJQ,C,1,13.186,18.782,5.596,0,0,0,1,1,0,film_clip:李小龍,,
ddrPXAcwXJQ_002,ddrPXAcwXJQ,A,2,21.218,27.454,6.236,0,0,0,1,1,0,film_clip:李小龍,,
ddrPXAcwXJQ_003,ddrPXAcwXJQ,A,3,29.058,31.966,2.908,0,0,0,1,1,0,film_clip:李小龍,,
ddrPXAcwXJQ_004,ddrPXAcwXJQ,A,4,37.41,44.574,7.164,0,0,0,1,1,0,film_clip:李小龍,,
ddrPXAcwXJQ_005,ddrPXAcwXJQ,A,5,47.074,50.718,3.644,0,0,0,1,1,0,film_clip:李小龍,,
ddrPXAcwXJQ_006,ddrPXAcwXJQ,A,6,59.234,65.342,6.108,0,0,0,1,1,0,film_clip:李小龍,,
ddrPXAcwXJQ_007,ddrPXAcwXJQ,A,7,68.482,73.79,5.308,0,0,0,1,1,0,film_clip:李小龍,,
ddrPXAcwXJQ_008,ddrPXAcwXJQ,A,8,397.378,403.614,6.236,0,0,0,1,1,0,film_clip:李小龍,,
ddrPXAcwXJQ_009,ddrPXAcwXJQ,A,9,454.658,492.158,37.5,0,0,0,1,1,0,film_clip:李小龍,,
ddrPXAcwXJQ_010,ddrPXAcwXJQ,C,10,616.162,620.286,4.124,0,0,0,1,1,0,film_clip:李小龍,,
ddrPXAcwXJQ_011,ddrPXAcwXJQ,B,11,624.418,629.182,4.764,0,0,0,1,1,0,film_clip:李小龍,,
ddrPXAcwXJQ_012,ddrPXAcwXJQ,A,12,635.714,639.55,3.836,0,0,0,1,1,0,film_clip:李小龍,,
dfe2AOEcCcg_000,dfe2AOEcCcg,A,0,20.386,46.526,26.14,0,0,0,1,1,0,film_clip:李小龍,,
dfe2AOEcCcg_001,dfe2AOEcCcg,B,1,49.282,73.086,23.804,0,0,0,1,1,0,film_clip:李小龍,,
dfe2AOEcCcg_002,dfe2AOEcCcg,A,2,76.546,105.758,29.212,0,0,0,1,1,0,film_clip:李小龍,,
dfe2AOEcCcg_003,dfe2AOEcCcg,A,3,110.594,116.99,6.396,0,0,0,1,1,0,film_clip:李小龍,,
dfe2AOEcCcg_004,dfe2AOEcCcg,A,4,129.698,133.822,4.124,0,0,0,1,1,0,film_clip:李小龍,,
dfe2AOEcCcg_005,dfe2AOEcCcg,A,5,135.138,144.382,9.244,0,0,0,1,1,0,film_clip:李小龍,,
dfe2AOEcCcg_006,dfe2AOEcCcg,A,6,161.698,177.15,15.452,0,0,0,1,1,0,film_clip:李小龍,,
dfe2AOEcCcg_007,dfe2AOEcCcg,C,7,189.538,193.822,4.284,0,0,0,1,1,0,film_clip:李小龍,,
dfe2AOEcCcg_008,dfe2AOEcCcg,C,8,197.794,203.006,5.212,0,0,0,1,1,0,film_clip:李小龍,,
dfe2AOEcCcg_009,dfe2AOEcCcg,C,9,207.874,228.19,20.316,0,0,0,1,1,0,film_clip:李小龍,,
dfe2AOEcCcg_010,dfe2AOEcCcg,B,10,232.354,250.366,18.012,0,0,0,1,1,0,film_clip:李小龍,,
dfe2AOEcCcg_011,dfe2AOEcCcg,B,11,320.578,323.518,2.94,0,0,0,1,1,0,film_clip:李小龍,,
dop-VxchVZo_000,dop-VxchVZo,B,0,0.0,35.614,35.614,0,0,0,0,0,1,,,
dop-VxchVZo_001,dop-VxchVZo,B,1,35.394,73.022,37.628,0,0,0,0,0,1,,,
dop-VxchVZo_002,dop-VxchVZo,B,2,72.77,82.366,9.596,0,0,0,0,0,1,,,
dop-VxchVZo_003,dop-VxchVZo,A,3,88.866,92.766,3.9,0,0,0,0,0,1,,,
eBBmjbSfzKA_000,eBBmjbSfzKA,A,0,3.906,11.614,7.708,0,0,0,1,1,0,film_clip:李小龍,,
eBBmjbSfzKA_001,eBBmjbSfzKA,A,1,50.37,58.174,7.804,0,0,0,1,1,0,film_clip:李小龍,,
eBBmjbSfzKA_002,eBBmjbSfzKA,A,2,63.554,72.958,9.404,0,0,0,1,1,0,film_clip:李小龍,,
eBBmjbSfzKA_003,eBBmjbSfzKA,A,3,73.986,79.678,5.692,0,0,0,1,1,0,film_clip:李小龍,,
eBBmjbSfzKA_004,eBBmjbSfzKA,A,4,80.354,108.99,28.636,0,0,0,1,1,0,film_clip:李小龍,,
eBBmjbSfzKA_005,eBBmjbSfzKA,A,5,114.274,128.894,14.62,0,0,0,1,1,0,film_clip:李小龍,,
eBBmjbSfzKA_006,eBBmjbSfzKA,B,6,134.018,167.774,33.756,0,0,0,1,1,0,film_clip:李小龍,,
eBBmjbSfzKA_007,eBBmjbSfzKA,B,7,168.066,198.782,30.716,0,0,0,1,1,0,film_clip:李小龍,,
eBBmjbSfzKA_008,eBBmjbSfzKA,B,8,205.314,209.246,3.932,0,0,0,1,1,0,film_clip:李小龍,,
eC7uNp3FMvA_000,eC7uNp3FMvA,A,0,0.002,11.838,11.836,0,0,0,1,1,0,film_clip:李小龍|吳楚帆,,
eC7uNp3FMvA_001,eC7uNp3FMvA,B,1,17.026,38.814,21.788,0,0,0,1,1,0,film_clip:李小龍|吳楚帆,,
eC7uNp3FMvA_002,eC7uNp3FMvA,B,2,38.818,77.502,38.684,0,0,0,1,1,0,film_clip:李小龍|吳楚帆,,
eC7uNp3FMvA_003,eC7uNp3FMvA,B,3,77.346,82.302,4.956,0,0,0,1,1,0,film_clip:李小龍|吳楚帆,,
eC7uNp3FMvA_004,eC7uNp3FMvA,A,4,88.834,92.734,3.9,0,0,0,1,1,0,film_clip:李小龍|吳楚帆,,
eRvrg_rPpdw_000,eRvrg_rPpdw,A,0,0.45,9.534,9.084,0,0,0,0,0,1,,,
eRvrg_rPpdw_001,eRvrg_rPpdw,A,1,11.17,26.302,15.132,0,0,0,0,0,1,,,
eRvrg_rPpdw_002,eRvrg_rPpdw,A,2,30.754,56.83,26.076,0,0,0,0,0,1,,,
eRvrg_rPpdw_003,eRvrg_rPpdw,A,3,57.826,71.07,13.244,0,0,0,0,0,1,,,
eRvrg_rPpdw_004,eRvrg_rPpdw,A,4,71.65,96.03,24.38,0,0,0,0,0,1,,,
eRvrg_rPpdw_005,eRvrg_rPpdw,B,5,96.77,115.39,18.62,0,0,0,0,0,1,,,
eRvrg_rPpdw_006,eRvrg_rPpdw,B,6,121.922,125.886,3.964,0,0,0,0,0,1,,,
eXXV3LUohig_000,eXXV3LUohig,C,0,3.842,11.582,7.74,0,0,0,1,1,0,film_clip:李小龍,,
eXXV3LUohig_001,eXXV3LUohig,C,1,14.242,19.742,5.5,0,0,0,1,1,0,film_clip:李小龍,,
eXXV3LUohig_002,eXXV3LUohig,A,2,20.482,37.63,17.148,0,0,0,1,1,0,film_clip:李小龍,,
eXXV3LUohig_003,eXXV3LUohig,A,3,38.69,42.75,4.06,0,0,0,1,1,0,film_clip:李小龍,,
eXXV3LUohig_004,eXXV3LUohig,A,4,45.474,50.59,5.116,0,0,0,1,1,0,film_clip:李小龍,,
eXXV3LUohig_005,eXXV3LUohig,B,5,52.578,59.294,6.716,0,0,0,1,1,0,film_clip:李小龍,,
eXXV3LUohig_006,eXXV3LUohig,A,6,65.666,69.694,4.028,0,0,0,1,1,0,film_clip:李小龍,,
ebFxWLJbxMY_000,ebFxWLJbxMY,A,0,0.194,13.406,13.212,0,0,0,0,0,1,,,
ebFxWLJbxMY_001,ebFxWLJbxMY,A,1,15.298,16.894,1.596,0,0,0,0,0,1,,,
ebFxWLJbxMY_002,ebFxWLJbxMY,A,2,19.298,21.982,2.684,0,0,0,0,0,1,,,
ebFxWLJbxMY_003,ebFxWLJbxMY,A,3,22.946,24.478,1.532,0,0,0,0,0,1,,,
ebFxWLJbxMY_004,ebFxWLJbxMY,A,4,25.25,34.43,9.18,0,0,0,0,0,1,,,
ebFxWLJbxMY_005,ebFxWLJbxMY,A,5,35.01,51.07,16.06,0,0,0,0,0,1,,,
ebFxWLJbxMY_006,ebFxWLJbxMY,B,6,52.962,62.654,9.692,0,0,0,0,0,1,,,
ebFxWLJbxMY_007,ebFxWLJbxMY,A,7,69.154,73.054,3.9,0,0,0,0,0,1,,,
ebmOk6AafNI_000,ebmOk6AafNI,B,0,0.0,6.686,6.686,0,0,0,0,0,1,,,
ebmOk6AafNI_001,ebmOk6AafNI,C,1,14.914,17.63,2.716,0,0,0,0,0,1,,,
ebmOk6AafNI_002,ebmOk6AafNI,A,2,18.818,25.406,6.588,0,0,0,0,0,1,,,
ebmOk6AafNI_003,ebmOk6AafNI,A,3,25.922,60.062,34.14,0,0,0,0,0,1,,,
ebmOk6AafNI_004,ebmOk6AafNI,A,4,60.578,73.566,12.988,0,0,0,0,0,1,,,
ebmOk6AafNI_005,ebmOk6AafNI,B,5,77.314,85.31,7.996,0,0,0,0,0,1,,,
emQWsE0DfhY_000,emQWsE0DfhY,A,0,1.858,8.414,6.556,0,0,0,0,0,1,,,
emQWsE0DfhY_001,emQWsE0DfhY,A,1,9.666,12.67,3.004,0,0,0,0,0,1,,,
emQWsE0DfhY_002,emQWsE0DfhY,A,2,14.21,18.526,4.316,0,0,0,0,0,1,,,
emQWsE0DfhY_003,emQWsE0DfhY,C,3,36.93,43.87,6.94,0,0,0,0,0,1,,,
emQWsE0DfhY_004,emQWsE0DfhY,A,4,46.466,73.694,27.228,0,0,0,0,0,1,,,
emQWsE0DfhY_005,emQWsE0DfhY,A,5,76.45,105.47,29.02,0,0,0,0,0,1,,,
emQWsE0DfhY_006,emQWsE0DfhY,A,6,107.874,141.598,33.724,0,0,0,0,0,1,,,
emQWsE0DfhY_007,emQWsE0DfhY,A,7,142.978,166.11,23.132,0,0,0,0,0,1,,,
emQWsE0DfhY_008,emQWsE0DfhY,A,8,167.458,172.03,4.572,0,0,0,0,0,1,,,
emQWsE0DfhY_009,emQWsE0DfhY,A,9,174.69,179.39,4.7,0,0,0,0,0,1,,,
emQWsE0DfhY_010,emQWsE0DfhY,C,10,182.21,188.926,6.716,0,0,0,0,0,1,,,
emQWsE0DfhY_011,emQWsE0DfhY,A,11,194.37,198.366,3.996,0,0,0,0,0,1,,,
f0Lzp4tSKOI_000,f0Lzp4tSKOI,A,0,0.866,4.062,3.196,0,0,0,0,0,1,,,
f0Lzp4tSKOI_001,f0Lzp4tSKOI,A,1,4.706,8.862,4.156,0,0,0,0,0,1,,,
f0Lzp4tSKOI_002,f0Lzp4tSKOI,A,2,13.794,16.958,3.164,0,0,0,0,0,1,,,
f0Lzp4tSKOI_003,f0Lzp4tSKOI,B,3,17.794,53.502,35.708,0,0,0,0,0,1,,,
f0Lzp4tSKOI_004,f0Lzp4tSKOI,B,4,53.506,58.59,5.084,0,0,0,0,0,1,,,
f0Lzp4tSKOI_005,f0Lzp4tSKOI,B,5,60.386,67.134,6.748,0,0,0,0,0,1,,,
f0Lzp4tSKOI_006,f0Lzp4tSKOI,A,6,71.682,75.71,4.028,0,0,0,0,0,1,,,
fEC439V-FM8_000,fEC439V-FM8,A,0,0.994,20.414,19.42,0,0,0,0,0,1,,,
fEC439V-FM8_001,fEC439V-FM8,A,1,22.818,29.502,6.684,0,0,0,0,0,1,,,
fEC439V-FM8_002,fEC439V-FM8,A,2,30.146,37.086,6.94,0,0,0,0,0,1,,,
fEC439V-FM8_003,fEC439V-FM8,A,3,37.794,47.678,9.884,0,0,0,0,0,1,,,
fEC439V-FM8_004,fEC439V-FM8,A,4,51.01,57.47,6.46,0,0,0,0,0,1,,,
fEC439V-FM8_005,fEC439V-FM8,A,5,58.146,63.902,5.756,0,0,0,0,0,1,,,
fEC439V-FM8_006,fEC439V-FM8,A,6,66.85,73.758,6.908,0,0,0,0,0,1,,,
fEC439V-FM8_007,fEC439V-FM8,A,7,74.434,79.966,5.532,0,0,0,0,0,1,,,
fEC439V-FM8_008,fEC439V-FM8,A,8,82.818,86.046,3.228,0,0,0,0,0,1,,,
fEC439V-FM8_009,fEC439V-FM8,A,9,86.594,90.878,4.284,0,0,0,0,0,1,,,
fEC439V-FM8_010,fEC439V-FM8,A,10,91.906,101.118,9.212,0,0,0,0,0,1,,,
fEC439V-FM8_011,fEC439V-FM8,A,11,103.714,110.782,7.068,0,0,0,0,0,1,,,
fEC439V-FM8_012,fEC439V-FM8,A,12,111.842,119.006,7.164,0,0,0,0,0,1,,,
fEC439V-FM8_013,fEC439V-FM8,A,13,119.97,132.798,12.828,0,0,0,0,0,1,,,
fEC439V-FM8_014,fEC439V-FM8,A,14,133.698,139.87,6.172,0,0,0,0,0,1,,,
fEC439V-FM8_015,fEC439V-FM8,A,15,142.37,145.438,3.068,0,0,0,0,0,1,,,
fEC439V-FM8_016,fEC439V-FM8,A,16,146.242,150.558,4.316,0,0,0,0,0,1,,,
fEC439V-FM8_017,fEC439V-FM8,A,17,151.49,157.47,5.98,0,0,0,0,0,1,,,
fEC439V-FM8_018,fEC439V-FM8,A,18,158.402,165.822,7.42,0,0,0,0,0,1,,,
fEC439V-FM8_019,fEC439V-FM8,B,19,166.658,173.054,6.396,0,0,0,0,0,1,,,
fEC439V-FM8_020,fEC439V-FM8,A,20,174.242,176.83,2.588,0,0,0,0,0,1,,,
fEC439V-FM8_021,fEC439V-FM8,A,21,177.41,183.87,6.46,0,0,0,0,0,1,,,
fEC439V-FM8_022,fEC439V-FM8,A,22,185.922,188.574,2.652,0,0,0,0,0,1,,,
fEC439V-FM8_023,fEC439V-FM8,A,23,189.25,192.446,3.196,0,0,0,0,0,1,,,
fEC439V-FM8_024,fEC439V-FM8,A,24,193.378,200.126,6.748,0,0,0,0,0,1,,,
fEC439V-FM8_025,fEC439V-FM8,B,25,201.282,207.998,6.716,0,0,0,0,0,1,,,
fEC439V-FM8_026,fEC439V-FM8,A,26,213.442,217.438,3.996,0,0,0,0,0,1,,,
fERSC9-tvZw_000,fERSC9-tvZw,A,0,0.13,8.286,8.156,0,0,0,0,0,1,,,
fERSC9-tvZw_001,fERSC9-tvZw,A,1,9.058,11.422,2.364,0,0,0,0,0,1,,,
fERSC9-tvZw_002,fERSC9-tvZw,B,2,32.322,69.438,37.116,0,0,0,0,0,1,,,
fERSC9-tvZw_003,fERSC9-tvZw,B,3,69.25,72.798,3.548,0,0,0,0,0,1,,,
fERSC9-tvZw_004,fERSC9-tvZw,A,4,78.818,82.718,3.9,0,0,0,0,0,1,,,
fEmmmt_FFtQ_000,fEmmmt_FFtQ,A,0,0.546,15.966,15.42,0,0,0,0,0,1,,,
fEmmmt_FFtQ_001,fEmmmt_FFtQ,A,1,16.834,27.102,10.268,0,0,0,0,0,1,,,
fEmmmt_FFtQ_002,fEmmmt_FFtQ,A,2,29.474,37.246,7.772,0,0,0,0,0,1,,,
fEmmmt_FFtQ_003,fEmmmt_FFtQ,A,3,37.986,77.182,39.196,0,0,0,0,0,1,,,
fEmmmt_FFtQ_004,fEmmmt_FFtQ,B,4,77.762,84.382,6.62,0,0,0,0,0,1,,,
fEmmmt_FFtQ_005,fEmmmt_FFtQ,A,5,85.282,90.014,4.732,0,0,0,0,0,1,,,
fEmmmt_FFtQ_006,fEmmmt_FFtQ,B,6,90.562,99.07,8.508,0,0,0,0,0,1,,,
fEmmmt_FFtQ_007,fEmmmt_FFtQ,B,7,102.626,109.406,6.78,0,0,0,0,0,1,,,
fJJiM5XAPjE_000,fJJiM5XAPjE,A,0,2.21,18.526,16.316,0,0,0,0,0,1,,,
fJJiM5XAPjE_001,fJJiM5XAPjE,C,1,21.25,25.246,3.996,0,0,0,0,0,1,,,
fJJiM5XAPjE_002,fJJiM5XAPjE,A,2,27.746,32.286,4.54,0,0,0,0,0,1,,,
fJJiM5XAPjE_003,fJJiM5XAPjE,B,3,33.026,39.774,6.748,0,0,0,0,0,1,,,
fJJiM5XAPjE_004,fJJiM5XAPjE,A,4,46.306,50.206,3.9,0,0,0,0,0,1,,,
fLFCU4gQJm0_000,fLFCU4gQJm0,B,0,0.034,38.334,38.3,0,0,0,1,1,0,film_clip:謝賢,,
fLFCU4gQJm0_001,fLFCU4gQJm0,B,1,38.338,44.574,6.236,0,0,0,1,1,0,film_clip:謝賢,,
fLFCU4gQJm0_002,fLFCU4gQJm0,A,2,45.314,58.11,12.796,0,0,0,1,1,0,film_clip:謝賢,,
fLFCU4gQJm0_003,fLFCU4gQJm0,B,3,58.882,71.87,12.988,0,0,0,1,1,0,film_clip:謝賢,,
fLFCU4gQJm0_004,fLFCU4gQJm0,A,4,73.186,85.406,12.22,0,0,0,1,1,0,film_clip:謝賢,,
fLFCU4gQJm0_005,fLFCU4gQJm0,A,5,87.074,99.902,12.828,0,0,0,1,1,0,film_clip:謝賢,,
fLFCU4gQJm0_006,fLFCU4gQJm0,A,6,101.858,114.174,12.316,0,0,0,1,1,0,film_clip:謝賢,,
fLFCU4gQJm0_007,fLFCU4gQJm0,A,7,116.29,129.406,13.116,0,0,0,1,1,0,film_clip:謝賢,,
fLFCU4gQJm0_008,fLFCU4gQJm0,A,8,130.466,144.126,13.66,0,0,0,1,1,0,film_clip:謝賢,,
fLFCU4gQJm0_009,fLFCU4gQJm0,B,9,145.378,151.902,6.524,0,0,0,1,1,0,film_clip:謝賢,,
fLFCU4gQJm0_010,fLFCU4gQJm0,A,10,158.37,162.366,3.996,0,0,0,1,1,0,film_clip:謝賢,,
fMIikT9DuQ8_000,fMIikT9DuQ8,B,0,0.0,38.526,38.526,0,0,0,0,0,1,,,
fMIikT9DuQ8_001,fMIikT9DuQ8,B,1,38.594,57.982,19.388,0,0,0,0,0,1,,,
fMIikT9DuQ8_002,fMIikT9DuQ8,B,2,130.146,136.062,5.916,0,0,0,0,0,1,,,
fMIikT9DuQ8_003,fMIikT9DuQ8,A,3,142.594,146.494,3.9,0,0,0,0,0,1,,,
fXwE9_IWH-c_000,fXwE9_IWH-c,A,0,0.61,17.63,17.02,0,0,0,0,0,1,,,
fXwE9_IWH-c_001,fXwE9_IWH-c,A,1,19.906,46.366,26.46,0,0,0,0,0,1,,,
fXwE9_IWH-c_002,fXwE9_IWH-c,A,2,46.914,57.374,10.46,0,0,0,0,0,1,,,
fXwE9_IWH-c_003,fXwE9_IWH-c,A,3,58.498,74.43,15.932,0,0,0,0,0,1,,,
fXwE9_IWH-c_004,fXwE9_IWH-c,B,4,75.746,114.814,39.068,0,0,0,0,0,1,,,
fXwE9_IWH-c_005,fXwE9_IWH-c,B,5,114.658,116.574,1.916,0,0,0,0,0,1,,,
fXwE9_IWH-c_006,fXwE9_IWH-c,A,6,118.114,126.334,8.22,0,0,0,0,0,1,,,
fXwE9_IWH-c_007,fXwE9_IWH-c,A,7,127.586,135.998,8.412,0,0,0,0,0,1,,,
fXwE9_IWH-c_008,fXwE9_IWH-c,A,8,136.866,139.966,3.1,0,0,0,0,0,1,,,
fXwE9_IWH-c_009,fXwE9_IWH-c,B,9,141.538,147.71,6.172,0,0,0,0,0,1,,,
fXwE9_IWH-c_010,fXwE9_IWH-c,A,10,154.69,158.686,3.996,0,0,0,0,0,1,,,
f_-Qv6gOOnQ_000,f_-Qv6gOOnQ,A,0,6.242,9.95,3.708,0,0,0,0,0,1,,,
f_-Qv6gOOnQ_001,f_-Qv6gOOnQ,A,1,12.29,16.382,4.092,0,0,0,0,0,1,,,
f_-Qv6gOOnQ_002,f_-Qv6gOOnQ,A,2,17.122,22.174,5.052,0,0,0,0,0,1,,,
f_-Qv6gOOnQ_003,f_-Qv6gOOnQ,A,3,23.138,29.982,6.844,0,0,0,0,0,1,,,
f_-Qv6gOOnQ_004,f_-Qv6gOOnQ,A,4,32.61,34.974,2.364,0,0,0,0,0,1,,,
f_-Qv6gOOnQ_005,f_-Qv6gOOnQ,A,5,45.378,47.166,1.788,0,0,0,0,0,1,,,
f_-Qv6gOOnQ_006,f_-Qv6gOOnQ,A,6,49.57,51.166,1.596,0,0,0,0,0,1,,,
f_-Qv6gOOnQ_007,f_-Qv6gOOnQ,A,7,53.794,56.254,2.46,0,0,0,0,0,1,,,
f_-Qv6gOOnQ_008,f_-Qv6gOOnQ,A,8,58.018,61.246,3.228,0,0,0,0,0,1,,,
f_-Qv6gOOnQ_009,f_-Qv6gOOnQ,A,9,63.266,66.43,3.164,0,0,0,0,0,1,,,
f_-Qv6gOOnQ_010,f_-Qv6gOOnQ,A,10,68.514,72.446,3.932,0,0,0,0,0,1,,,
f_-Qv6gOOnQ_011,f_-Qv6gOOnQ,B,11,74.786,85.502,10.716,0,0,0,0,0,1,,,
f_-Qv6gOOnQ_012,f_-Qv6gOOnQ,A,12,92.13,95.998,3.868,0,0,0,0,0,1,,,
fenMDk7Ms8o_000,fenMDk7Ms8o,A,0,4.738,6.238,1.5,0,0,0,0,0,1,,,
fenMDk7Ms8o_001,fenMDk7Ms8o,A,1,8.706,11.646,2.94,0,0,0,0,0,1,,,
fenMDk7Ms8o_002,fenMDk7Ms8o,A,2,14.85,22.206,7.356,0,0,0,0,0,1,,,
fenMDk7Ms8o_003,fenMDk7Ms8o,A,3,22.818,31.55,8.732,0,0,0,0,0,1,,,
fenMDk7Ms8o_004,fenMDk7Ms8o,A,4,33.73,56.094,22.364,0,0,0,0,0,1,,,
fenMDk7Ms8o_005,fenMDk7Ms8o,A,5,58.722,63.518,4.796,0,0,0,0,0,1,,,
fenMDk7Ms8o_006,fenMDk7Ms8o,A,6,65.73,73.758,8.028,0,0,0,0,0,1,,,
fenMDk7Ms8o_007,fenMDk7Ms8o,A,7,76.674,98.846,22.172,0,0,0,0,0,1,,,
fenMDk7Ms8o_008,fenMDk7Ms8o,A,8,101.73,115.454,13.724,0,0,0,0,0,1,,,
fenMDk7Ms8o_009,fenMDk7Ms8o,A,9,117.666,138.302,20.636,0,0,0,0,0,1,,,
fenMDk7Ms8o_010,fenMDk7Ms8o,B,10,140.034,146.75,6.716,0,0,0,0,0,1,,,
fenMDk7Ms8o_011,fenMDk7Ms8o,A,11,152.194,156.19,3.996,0,0,0,0,0,1,,,
fndyN2fitf0_000,fndyN2fitf0,A,0,0.0,30.91,30.91,0,0,0,0,0,1,,,
fndyN2fitf0_001,fndyN2fitf0,A,1,31.49,38.302,6.812,0,0,0,0,0,1,,,
fndyN2fitf0_002,fndyN2fitf0,A,2,40.802,46.206,5.404,0,0,0,0,0,1,,,
fndyN2fitf0_003,fndyN2fitf0,B,3,59.426,68.574,9.148,0,0,0,0,0,1,,,
fndyN2fitf0_004,fndyN2fitf0,A,4,75.01,79.006,3.996,0,0,0,0,0,1,,,
fs9REzDRlp0_000,fs9REzDRlp0,A,0,1.858,11.198,9.34,0,0,0,0,0,1,,,
fs9REzDRlp0_001,fs9REzDRlp0,A,1,12.77,21.95,9.18,0,0,0,0,0,1,,,
fs9REzDRlp0_002,fs9REzDRlp0,B,2,275.81,282.366,6.556,0,0,0,0,0,1,,,
fs9REzDRlp0_003,fs9REzDRlp0,A,3,287.778,291.774,3.996,0,0,0,0,0,1,,0.0005954893422313,0
fsICD5cvIl8_000,fsICD5cvIl8,A,0,0.0,7.934,7.934,0,0,0,1,1,0,film_clip:李小龍,,
fsICD5cvIl8_001,fsICD5cvIl8,A,1,11.522,19.326,7.804,0,0,0,1,1,0,film_clip:李小龍,,
fsICD5cvIl8_002,fsICD5cvIl8,A,2,31.906,37.342,5.436,0,0,0,1,1,0,film_clip:李小龍,,
fsICD5cvIl8_003,fsICD5cvIl8,A,3,37.922,49.086,11.164,0,0,0,1,1,0,film_clip:李小龍,,
fsICD5cvIl8_004,fsICD5cvIl8,B,4,54.594,68.958,14.364,0,0,0,1,1,0,film_clip:李小龍,,
fsICD5cvIl8_005,fsICD5cvIl8,B,5,75.49,79.454,3.964,0,0,0,1,1,0,film_clip:李小龍,,
ftKWA_gAzTo_000,ftKWA_gAzTo,A,0,0.962,8.83,7.868,0,0,0,0,0,1,,,
ftKWA_gAzTo_001,ftKWA_gAzTo,A,1,9.602,34.526,24.924,0,0,0,0,0,1,,,
ftKWA_gAzTo_002,ftKWA_gAzTo,A,2,37.794,67.454,29.66,0,0,0,0,0,1,,,
ftKWA_gAzTo_003,ftKWA_gAzTo,A,3,69.73,83.262,13.532,0,0,0,0,0,1,,,
ftKWA_gAzTo_004,ftKWA_gAzTo,B,4,85.794,114.654,28.86,0,0,0,0,0,1,,,
ftKWA_gAzTo_005,ftKWA_gAzTo,A,5,120.098,124.094,3.996,0,0,0,0,0,1,,,
fuf6qp-uaHA_000,fuf6qp-uaHA,A,0,0.0,33.566,33.566,0,0,0,1,1,0,film_clip:李小龍,,
fuf6qp-uaHA_001,fuf6qp-uaHA,A,1,39.17,54.91,15.74,0,0,0,1,1,0,film_clip:李小龍,,
fuf6qp-uaHA_002,fuf6qp-uaHA,A,2,59.138,60.862,1.724,0,0,0,1,1,0,film_clip:李小龍,,
fuf6qp-uaHA_003,fuf6qp-uaHA,A,3,112.258,115.966,3.708,0,0,0,1,1,0,film_clip:李小龍,,
fuf6qp-uaHA_004,fuf6qp-uaHA,A,4,117.634,127.294,9.66,0,0,0,1,1,0,film_clip:李小龍,,
fuf6qp-uaHA_005,fuf6qp-uaHA,B,5,128.386,134.782,6.396,0,0,0,1,1,0,film_clip:李小龍,,
fuf6qp-uaHA_006,fuf6qp-uaHA,A,6,139.714,144.094,4.38,0,0,0,1,1,0,film_clip:李小龍,,
fuf6qp-uaHA_007,fuf6qp-uaHA,A,7,144.674,147.87,3.196,0,0,0,1,1,0,film_clip:李小龍,,
fuf6qp-uaHA_008,fuf6qp-uaHA,A,8,148.482,151.55,3.068,0,0,0,1,1,0,film_clip:李小龍,,
fuf6qp-uaHA_009,fuf6qp-uaHA,A,9,152.354,187.294,34.94,0,0,0,1,1,0,film_clip:李小龍,,
fuf6qp-uaHA_010,fuf6qp-uaHA,B,10,192.546,211.742,19.196,0,0,0,1,1,0,film_clip:李小龍,,
fuf6qp-uaHA_011,fuf6qp-uaHA,A,11,218.338,222.238,3.9,0,0,0,1,1,0,film_clip:李小龍,,
g3qdsdztDqQ_000,g3qdsdztDqQ,A,0,91.714,97.15,5.436,0,0,0,1,1,0,film_clip:李小龍,,
g3qdsdztDqQ_001,g3qdsdztDqQ,B,1,98.466,122.846,24.38,0,0,0,1,1,0,film_clip:李小龍,,
g3qdsdztDqQ_002,g3qdsdztDqQ,B,2,122.626,152.83,30.204,0,0,0,1,1,0,film_clip:李小龍,,
g3qdsdztDqQ_003,g3qdsdztDqQ,B,3,152.802,174.59,21.788,0,0,0,1,1,0,film_clip:李小龍,,
g3qdsdztDqQ_004,g3qdsdztDqQ,A,4,176.162,189.726,13.564,0,0,0,1,1,0,film_clip:李小龍,,
g3qdsdztDqQ_005,g3qdsdztDqQ,B,5,194.242,200.926,6.684,0,0,0,1,1,0,film_clip:李小龍,,
g3qdsdztDqQ_006,g3qdsdztDqQ,B,6,207.458,211.39,3.932,0,0,0,1,1,0,film_clip:李小龍,,
g4tMvJTPtnc_000,g4tMvJTPtnc,C,0,2.018,17.406,15.388,0,0,0,1,1,0,film_clip:李小龍,,
g4tMvJTPtnc_001,g4tMvJTPtnc,A,1,25.538,28.638,3.1,0,0,0,1,1,0,film_clip:李小龍,,
g4tMvJTPtnc_002,g4tMvJTPtnc,A,2,31.202,35.838,4.636,0,0,0,1,1,0,film_clip:李小龍,,
g4tMvJTPtnc_003,g4tMvJTPtnc,A,3,37.218,42.046,4.828,0,0,0,1,1,0,film_clip:李小龍,,
g4tMvJTPtnc_004,g4tMvJTPtnc,A,4,120.994,139.038,18.044,0,0,0,1,1,0,film_clip:李小龍,,
g4tMvJTPtnc_005,g4tMvJTPtnc,B,5,142.466,173.566,31.1,0,0,0,1,1,0,film_clip:李小龍,,
g4tMvJTPtnc_006,g4tMvJTPtnc,B,6,173.73,213.534,39.804,0,0,0,1,1,0,film_clip:李小龍,,
g4tMvJTPtnc_007,g4tMvJTPtnc,A,7,219.17,225.278,6.108,0,0,0,1,1,0,film_clip:李小龍,,
g4tMvJTPtnc_008,g4tMvJTPtnc,A,8,229.314,232.446,3.132,0,0,0,1,1,0,film_clip:李小龍,,
g4tMvJTPtnc_009,g4tMvJTPtnc,A,9,233.538,245.822,12.284,0,0,0,1,1,0,film_clip:李小龍,,
g4tMvJTPtnc_010,g4tMvJTPtnc,A,10,253.346,259.614,6.268,0,0,0,1,1,0,film_clip:李小龍,,
g4tMvJTPtnc_011,g4tMvJTPtnc,B,11,263.362,291.806,28.444,0,0,0,1,1,0,film_clip:李小龍,,
g4tMvJTPtnc_012,g4tMvJTPtnc,B,12,292.162,303.678,11.516,0,0,0,1,1,0,film_clip:李小龍,,
g4tMvJTPtnc_013,g4tMvJTPtnc,A,13,322.978,331.166,8.188,0,0,0,1,1,0,film_clip:李小龍,,
g4tMvJTPtnc_014,g4tMvJTPtnc,B,14,341.218,347.678,6.46,0,0,0,1,1,0,film_clip:李小龍,,
g4tMvJTPtnc_015,g4tMvJTPtnc,B,15,354.178,358.11,3.932,0,0,0,1,1,0,film_clip:李小龍,,
gOTeY1Br7Ns_000,gOTeY1Br7Ns,A,0,0.418,13.086,12.668,0,0,0,0,0,1,,,
gOTeY1Br7Ns_001,gOTeY1Br7Ns,A,1,15.106,29.534,14.428,0,0,0,0,0,1,,,
gOTeY1Br7Ns_002,gOTeY1Br7Ns,B,2,30.53,52.702,22.172,0,0,0,0,0,1,,,
gOTeY1Br7Ns_003,gOTeY1Br7Ns,A,3,54.53,57.47,2.94,0,0,0,0,0,1,,,
gOTeY1Br7Ns_004,gOTeY1Br7Ns,A,4,59.298,71.582,12.284,0,0,0,0,0,1,,,
gOTeY1Br7Ns_005,gOTeY1Br7Ns,A,5,72.546,86.558,14.012,0,0,0,0,0,1,,,
gOTeY1Br7Ns_006,gOTeY1Br7Ns,A,6,87.714,105.246,17.532,0,0,0,0,0,1,,,
gOTeY1Br7Ns_007,gOTeY1Br7Ns,B,7,106.338,120.99,14.652,0,0,0,0,0,1,,,
gOTeY1Br7Ns_008,gOTeY1Br7Ns,A,8,123.042,133.47,10.428,0,0,0,0,0,1,,,
gOTeY1Br7Ns_009,gOTeY1Br7Ns,A,9,135.586,165.95,30.364,0,0,0,0,0,1,,,
gOTeY1Br7Ns_010,gOTeY1Br7Ns,A,10,168.002,197.598,29.596,0,0,0,0,0,1,,,
gOTeY1Br7Ns_011,gOTeY1Br7Ns,A,11,199.65,202.302,2.652,0,0,0,0,0,1,,,
gOTeY1Br7Ns_012,gOTeY1Br7Ns,A,12,202.85,210.366,7.516,0,0,0,0,0,1,,,
gOTeY1Br7Ns_013,gOTeY1Br7Ns,A,13,212.45,218.814,6.364,0,0,0,0,0,1,,,
gOTeY1Br7Ns_014,gOTeY1Br7Ns,A,14,220.802,249.022,28.22,0,0,0,0,0,1,,,
gOTeY1Br7Ns_015,gOTeY1Br7Ns,A,15,251.138,281.31,30.172,0,0,0,0,0,1,,,
gOTeY1Br7Ns_016,gOTeY1Br7Ns,B,16,283.554,299.646,16.092,0,0,0,0,0,1,,,
gOTeY1Br7Ns_017,gOTeY1Br7Ns,B,17,301.73,313.758,12.028,0,0,0,0,0,1,,,
gOTeY1Br7Ns_018,gOTeY1Br7Ns,A,18,350.146,352.958,2.812,0,0,0,0,0,1,,,
gOTeY1Br7Ns_019,gOTeY1Br7Ns,B,19,354.306,357.982,3.676,0,0,0,0,0,1,,,
gOTeY1Br7Ns_020,gOTeY1Br7Ns,B,20,357.762,394.814,37.052,0,0,0,0,0,1,,,
gOTeY1Br7Ns_021,gOTeY1Br7Ns,A,21,413.954,423.166,9.212,0,0,0,0,0,1,,,
gOTeY1Br7Ns_022,gOTeY1Br7Ns,A,22,425.154,432.094,6.94,0,0,0,0,0,1,,,
gOTeY1Br7Ns_023,gOTeY1Br7Ns,A,23,432.866,472.798,39.932,0,0,0,0,0,1,,,
gOTeY1Br7Ns_024,gOTeY1Br7Ns,A,24,473.666,479.134,5.468,0,0,0,0,0,1,,,
gOTeY1Br7Ns_025,gOTeY1Br7Ns,A,25,481.154,501.662,20.508,0,0,0,0,0,1,,,
gOTeY1Br7Ns_026,gOTeY1Br7Ns,B,26,503.106,509.278,6.172,0,0,0,0,0,1,,,
gOTeY1Br7Ns_027,gOTeY1Br7Ns,A,27,516.258,520.254,3.996,0,0,0,0,0,1,,,
gT1H1O2UpUQ_000,gT1H1O2UpUQ,B,0,1.186,34.942,33.756,0,0,0,0,0,1,,,
gT1H1O2UpUQ_001,gT1H1O2UpUQ,B,1,35.042,41.79,6.748,0,0,0,0,0,1,,,
gT1H1O2UpUQ_002,gT1H1O2UpUQ,A,2,43.874,65.534,21.66,0,0,0,0,0,1,,,
gT1H1O2UpUQ_003,gT1H1O2UpUQ,A,3,67.938,97.598,29.66,0,0,0,0,0,1,,,
gT1H1O2UpUQ_004,gT1H1O2UpUQ,A,4,98.562,102.206,3.644,0,0,0,0,0,1,,,
gT1H1O2UpUQ_005,gT1H1O2UpUQ,A,5,102.946,105.438,2.492,0,0,0,0,0,1,,,
gT1H1O2UpUQ_006,gT1H1O2UpUQ,A,6,107.97,121.918,13.948,0,0,0,0,0,1,,,
gT1H1O2UpUQ_007,gT1H1O2UpUQ,A,7,124.29,143.582,19.292,0,0,0,0,0,1,,,
gT1H1O2UpUQ_008,gT1H1O2UpUQ,A,8,146.018,153.662,7.644,0,0,0,0,0,1,,,
gT1H1O2UpUQ_009,gT1H1O2UpUQ,A,9,154.978,162.75,7.772,0,0,0,0,0,1,,,
gT1H1O2UpUQ_010,gT1H1O2UpUQ,A,10,164.098,171.038,6.94,0,0,0,0,0,1,,,
gT1H1O2UpUQ_011,gT1H1O2UpUQ,B,11,172.418,180.414,7.996,0,0,0,0,0,1,,,
gT1H1O2UpUQ_012,gT1H1O2UpUQ,A,12,182.754,199.134,16.38,0,0,0,0,0,1,,,
gT1H1O2UpUQ_013,gT1H1O2UpUQ,A,13,201.442,219.87,18.428,0,0,0,0,0,1,,,
gT1H1O2UpUQ_014,gT1H1O2UpUQ,A,14,222.178,238.526,16.348,0,0,0,0,0,1,,,
gT1H1O2UpUQ_015,gT1H1O2UpUQ,B,15,240.802,264.158,23.356,0,0,0,0,0,1,,,
gT1H1O2UpUQ_016,gT1H1O2UpUQ,A,16,266.498,273.438,6.94,0,0,0,0,0,1,,,
gT1H1O2UpUQ_017,gT1H1O2UpUQ,B,17,278.882,285.662,6.78,0,0,0,0,0,1,,,
gT1H1O2UpUQ_018,gT1H1O2UpUQ,A,18,292.066,296.062,3.996,0,0,0,0,0,1,,,
gX9MTnDCHKM_000,gX9MTnDCHKM,A,0,89.378,116.062,26.684,0,0,0,0,0,1,,,
gX9MTnDCHKM_001,gX9MTnDCHKM,A,1,118.466,121.278,2.812,0,0,0,0,0,1,,,
gX9MTnDCHKM_002,gX9MTnDCHKM,A,2,123.01,125.982,2.972,0,0,0,0,0,1,,,
gX9MTnDCHKM_003,gX9MTnDCHKM,B,3,127.906,134.43,6.524,0,0,0,0,0,1,,,
gX9MTnDCHKM_004,gX9MTnDCHKM,A,4,140.962,144.83,3.868,0,0,0,0,0,1,,,
gZUV6ni1EPA_000,gZUV6ni1EPA,B,0,0.0,6.686,6.686,0,0,0,0,0,1,,,
gZUV6ni1EPA_001,gZUV6ni1EPA,A,1,11.81,13.982,2.172,0,0,0,0,0,1,,,
gZUV6ni1EPA_002,gZUV6ni1EPA,C,2,15.97,18.462,2.492,0,0,0,0,0,1,,,
gZUV6ni1EPA_003,gZUV6ni1EPA,A,3,19.33,52.126,32.796,0,0,0,0,0,1,,0.0007175424252636,0
gZUV6ni1EPA_004,gZUV6ni1EPA,A,4,52.738,77.214,24.476,0,0,0,0,0,1,,,
gZUV6ni1EPA_005,gZUV6ni1EPA,A,5,79.458,112.766,33.308,0,0,0,0,0,1,,,
gZUV6ni1EPA_006,gZUV6ni1EPA,B,6,115.01,154.142,39.132,0,0,0,0,0,1,,,
gZUV6ni1EPA_007,gZUV6ni1EPA,B,7,154.338,171.006,16.668,0,0,0,0,0,1,,,
gZUV6ni1EPA_008,gZUV6ni1EPA,A,8,172.962,180.574,7.612,0,0,0,0,0,1,,,
gZUV6ni1EPA_009,gZUV6ni1EPA,A,9,181.122,195.806,14.684,0,0,0,0,0,1,,,
gZUV6ni1EPA_010,gZUV6ni1EPA,A,10,197.826,200.062,2.236,0,0,0,0,0,1,,,
gZUV6ni1EPA_011,gZUV6ni1EPA,A,11,200.866,230.206,29.34,0,0,0,0,0,1,,,
gZUV6ni1EPA_012,gZUV6ni1EPA,B,12,231.746,267.198,35.452,0,0,0,0,0,1,,,
gZUV6ni1EPA_013,gZUV6ni1EPA,B,13,267.17,294.494,27.324,0,0,0,0,0,1,,,
gZUV6ni1EPA_014,gZUV6ni1EPA,B,14,294.85,326.686,31.836,0,0,0,0,0,1,,,
gZUV6ni1EPA_015,gZUV6ni1EPA,B,15,332.322,340.286,7.964,0,0,0,0,0,1,,,
gbN1E89g7yc_000,gbN1E89g7yc,A,0,0.0,15.806,15.806,0,0,0,0,0,1,,,
gbN1E89g7yc_001,gbN1E89g7yc,A,1,19.682,30.494,10.812,0,0,0,0,0,1,,,
gbN1E89g7yc_002,gbN1E89g7yc,B,2,32.738,50.11,17.372,0,0,0,0,0,1,,,
gbN1E89g7yc_003,gbN1E89g7yc,A,3,56.674,60.574,3.9,0,0,0,0,0,1,,,
gbrLzyVC-t0_000,gbrLzyVC-t0,B,0,0.0,30.814,30.814,0,0,0,1,1,0,film_clip:李小龍,,
gbrLzyVC-t0_001,gbrLzyVC-t0,B,1,31.106,63.006,31.9,0,0,0,1,1,0,film_clip:李小龍,,
gbrLzyVC-t0_002,gbrLzyVC-t0,B,2,69.474,73.406,3.932,0,0,0,1,1,0,film_clip:李小龍,,
ghJ7QzFKpXU_000,ghJ7QzFKpXU,A,0,0.834,17.63,16.796,0,0,0,0,0,1,,,
ghJ7QzFKpXU_001,ghJ7QzFKpXU,A,1,20.514,50.11,29.596,0,0,0,0,0,1,,,
ghJ7QzFKpXU_002,ghJ7QzFKpXU,A,2,53.378,68.67,15.292,0,0,0,0,0,1,,,
ghJ7QzFKpXU_003,ghJ7QzFKpXU,A,3,71.394,100.542,29.148,0,0,0,0,0,1,,,
ghJ7QzFKpXU_004,ghJ7QzFKpXU,A,4,103.714,110.014,6.3,0,0,0,0,0,1,,,
ghJ7QzFKpXU_005,ghJ7QzFKpXU,A,5,110.658,115.934,5.276,0,0,0,0,0,1,,,
ghJ7QzFKpXU_006,ghJ7QzFKpXU,B,6,117.89,124.638,6.748,0,0,0,0,0,1,,,
ghJ7QzFKpXU_007,ghJ7QzFKpXU,A,7,130.082,134.078,3.996,0,0,0,0,0,1,,,
gkrMlAAbfXY_000,gkrMlAAbfXY,A,0,0.194,17.822,17.628,0,0,0,0,0,1,,,
gkrMlAAbfXY_001,gkrMlAAbfXY,B,1,18.498,47.998,29.5,0,0,0,0,0,1,,,
gkrMlAAbfXY_002,gkrMlAAbfXY,B,2,47.938,85.438,37.5,0,0,0,0,0,1,,,
gkrMlAAbfXY_003,gkrMlAAbfXY,B,3,85.474,110.718,25.244,0,0,0,0,0,1,,,
gkrMlAAbfXY_004,gkrMlAAbfXY,A,4,125.474,164.702,39.228,0,0,0,0,0,1,,,
gkrMlAAbfXY_005,gkrMlAAbfXY,B,5,165.25,173.566,8.316,0,0,0,0,0,1,,,
gkrMlAAbfXY_006,gkrMlAAbfXY,A,6,180.098,183.998,3.9,0,0,0,0,0,1,,,
gmggwZTArDs_000,gmggwZTArDs,C,0,3.362,6.91,3.548,0,0,0,0,0,1,,,
gmggwZTArDs_001,gmggwZTArDs,A,1,8.61,11.774,3.164,0,0,0,0,0,1,,,
gmggwZTArDs_002,gmggwZTArDs,A,2,13.282,19.006,5.724,0,0,0,0,0,1,,,
gmggwZTArDs_003,gmggwZTArDs,A,3,20.866,25.054,4.188,0,0,0,0,0,1,,,
gmggwZTArDs_004,gmggwZTArDs,A,4,28.642,41.086,12.444,0,0,0,0,0,1,,,
gmggwZTArDs_005,gmggwZTArDs,A,5,44.002,56.254,12.252,0,0,0,0,0,1,,,
gmggwZTArDs_006,gmggwZTArDs,A,6,57.794,76.318,18.524,0,0,0,0,0,1,,,
gmggwZTArDs_007,gmggwZTArDs,A,7,77.794,97.79,19.996,0,0,0,0,0,1,,,
gmggwZTArDs_008,gmggwZTArDs,A,8,99.49,115.23,15.74,0,0,0,0,0,1,,,
gmggwZTArDs_009,gmggwZTArDs,A,9,116.77,143.454,26.684,0,0,0,0,0,1,,,
gmggwZTArDs_010,gmggwZTArDs,B,10,146.786,177.118,30.332,0,0,0,0,0,1,,,
gmggwZTArDs_011,gmggwZTArDs,A,11,182.562,186.558,3.996,0,0,0,0,0,1,,,
h0ZHAVQQ9O8_000,h0ZHAVQQ9O8,A,0,4.258,13.47,9.212,0,0,0,0,0,1,,,
h0ZHAVQQ9O8_001,h0ZHAVQQ9O8,A,1,18.722,21.15,2.428,0,0,0,0,0,1,,,
h0ZHAVQQ9O8_002,h0ZHAVQQ9O8,A,2,27.522,30.046,2.524,0,0,0,0,0,1,,,
h0ZHAVQQ9O8_003,h0ZHAVQQ9O8,A,3,35.906,38.558,2.652,0,0,0,0,0,1,,,
h0ZHAVQQ9O8_004,h0ZHAVQQ9O8,A,4,44.002,46.014,2.012,0,0,0,0,0,1,,,
h0ZHAVQQ9O8_005,h0ZHAVQQ9O8,A,5,51.778,53.854,2.076,0,0,0,0,0,1,,,
hAQyH9W-0o4_000,hAQyH9W-0o4,A,0,3.906,40.19,36.284,0,0,0,0,0,1,,,
hCUGY3-RIB4_000,hCUGY3-RIB4,A,0,0.162,11.454,11.292,0,0,0,0,0,1,,,
hCUGY3-RIB4_001,hCUGY3-RIB4,A,1,13.794,38.878,25.084,0,0,0,0,0,1,,,
hCUGY3-RIB4_002,hCUGY3-RIB4,A,2,41.762,48.83,7.068,0,0,0,0,0,1,,,
hCUGY3-RIB4_003,hCUGY3-RIB4,C,3,51.682,54.718,3.036,0,0,0,0,0,1,,,
hCUGY3-RIB4_004,hCUGY3-RIB4,A,4,57.634,61.246,3.612,0,0,0,0,0,1,,,
hCUGY3-RIB4_005,hCUGY3-RIB4,A,5,63.586,68.67,5.084,0,0,0,0,0,1,,,
hCUGY3-RIB4_006,hCUGY3-RIB4,A,6,70.754,82.302,11.548,0,0,0,0,0,1,,,
hCUGY3-RIB4_007,hCUGY3-RIB4,B,7,224.61,229.214,4.604,0,0,0,0,0,1,,,
hCUGY3-RIB4_008,hCUGY3-RIB4,A,8,235.65,238.75,3.1,0,0,0,0,0,1,,,
hIDlXK7K7jk_000,hIDlXK7K7jk,A,0,0.578,4.126,3.548,0,0,0,0,0,1,,,
hIDlXK7K7jk_001,hIDlXK7K7jk,A,1,6.85,9.374,2.524,0,0,0,0,0,1,,,
hIDlXK7K7jk_002,hIDlXK7K7jk,A,2,12.194,14.43,2.236,0,0,0,0,0,1,,,
hIDlXK7K7jk_003,hIDlXK7K7jk,A,3,19.746,33.342,13.596,0,0,0,0,0,1,,,
hIDlXK7K7jk_004,hIDlXK7K7jk,A,4,35.874,42.142,6.268,0,0,0,0,0,1,,,
hIDlXK7K7jk_005,hIDlXK7K7jk,A,5,44.802,50.014,5.212,0,0,0,0,0,1,,,
hIDlXK7K7jk_006,hIDlXK7K7jk,A,6,52.322,70.014,17.692,0,0,0,0,0,1,,,
hIDlXK7K7jk_007,hIDlXK7K7jk,B,7,71.618,83.23,11.612,0,0,0,0,0,1,,,
hIDlXK7K7jk_008,hIDlXK7K7jk,A,8,85.794,99.102,13.308,0,0,0,0,0,1,,,
hIDlXK7K7jk_009,hIDlXK7K7jk,A,9,108.738,133.854,25.116,0,0,0,0,0,1,,,
hIDlXK7K7jk_010,hIDlXK7K7jk,A,10,136.642,149.118,12.476,0,0,0,0,0,1,,,
hIDlXK7K7jk_011,hIDlXK7K7jk,B,11,151.618,172.03,20.412,0,0,0,0,0,1,,,
hIDlXK7K7jk_012,hIDlXK7K7jk,A,12,177.474,181.47,3.996,0,0,0,0,0,1,,,
hYXJOBBpFHg_000,hYXJOBBpFHg,A,0,6.082,11.678,5.596,0,0,0,1,1,0,film_clip:李小龍,,
hYXJOBBpFHg_001,hYXJOBBpFHg,A,1,81.474,83.294,1.82,0,0,0,1,1,0,film_clip:李小龍,,
hYXJOBBpFHg_002,hYXJOBBpFHg,A,2,90.69,94.398,3.708,0,0,0,1,1,0,film_clip:李小龍,,
hguzTBqAszY_000,hguzTBqAszY,A,0,0.514,4.254,3.74,0,0,0,0,0,1,,,
hguzTBqAszY_001,hguzTBqAszY,B,1,5.346,41.566,36.22,0,0,0,0,0,1,,,
hguzTBqAszY_002,hguzTBqAszY,B,2,41.41,55.166,13.756,0,0,0,0,0,1,,,
hguzTBqAszY_003,hguzTBqAszY,B,3,56.77,62.942,6.172,0,0,0,0,0,1,,,
hguzTBqAszY_004,hguzTBqAszY,A,4,69.922,73.918,3.996,0,0,0,0,0,1,,,
hjBzl1XMgfo_000,hjBzl1XMgfo,A,0,0.386,10.942,10.556,0,0,0,0,0,1,,,
hjBzl1XMgfo_001,hjBzl1XMgfo,A,1,11.906,22.366,10.46,0,0,0,0,0,1,,,
hjBzl1XMgfo_002,hjBzl1XMgfo,A,2,23.49,34.142,10.652,0,0,0,0,0,1,,,
hjBzl1XMgfo_003,hjBzl1XMgfo,A,3,35.33,45.15,9.82,0,0,0,0,0,1,,,
hjBzl1XMgfo_004,hjBzl1XMgfo,B,4,46.178,58.782,12.604,0,0,0,0,0,1,,0.0018229072447866,0
hjBzl1XMgfo_005,hjBzl1XMgfo,B,5,515.49,522.206,6.716,0,0,0,0,0,1,,,
hjBzl1XMgfo_006,hjBzl1XMgfo,A,6,528.674,532.606,3.932,0,0,0,0,0,1,,,
hm2Hm93gCjU_000,hm2Hm93gCjU,B,0,0.0,26.878,26.878,0,0,0,0,0,1,,,
hm2Hm93gCjU_001,hm2Hm93gCjU,B,1,27.074,58.718,31.644,0,0,0,0,0,1,,,
hm2Hm93gCjU_002,hm2Hm93gCjU,B,2,58.466,84.83,26.364,0,0,0,0,0,1,,,
hm2Hm93gCjU_003,hm2Hm93gCjU,A,3,91.362,95.262,3.9,0,0,0,0,0,1,,,
huOpj7AJpas_000,huOpj7AJpas,B,0,0.0,38.75,38.75,0,0,0,0,0,1,,,
huOpj7AJpas_001,huOpj7AJpas,B,1,38.754,59.198,20.444,0,0,0,0,0,1,,,
huOpj7AJpas_002,huOpj7AJpas,A,2,65.698,69.598,3.9,0,0,0,0,0,1,,,
hxmM5bL2g0k_000,hxmM5bL2g0k,A,0,0.738,12.222,11.484,0,0,0,0,0,1,,,
hxmM5bL2g0k_001,hxmM5bL2g0k,A,1,14.85,17.214,2.364,0,0,0,0,0,1,,,
hxmM5bL2g0k_002,hxmM5bL2g0k,A,2,18.114,25.214,7.1,0,0,0,0,0,1,,,
hxmM5bL2g0k_003,hxmM5bL2g0k,A,3,28.002,30.846,2.844,0,0,0,0,0,1,,,
hxmM5bL2g0k_004,hxmM5bL2g0k,A,4,31.81,43.486,11.676,0,0,0,0,0,1,,,
hxmM5bL2g0k_005,hxmM5bL2g0k,A,5,46.658,55.55,8.892,0,0,0,0,0,1,,,
hxmM5bL2g0k_006,hxmM5bL2g0k,B,6,58.658,97.278,38.62,0,0,0,0,0,1,,,
hxmM5bL2g0k_007,hxmM5bL2g0k,B,7,97.57,100.574,3.004,0,0,0,0,0,1,,,
hxmM5bL2g0k_008,hxmM5bL2g0k,B,8,103.618,138.782,35.164,0,0,0,0,0,1,,,
hxmM5bL2g0k_009,hxmM5bL2g0k,B,9,139.234,144.446,5.212,0,0,0,0,0,1,,,
hxmM5bL2g0k_010,hxmM5bL2g0k,A,10,154.914,190.878,35.964,0,0,0,0,0,1,,,
hxmM5bL2g0k_011,hxmM5bL2g0k,A,11,194.274,232.702,38.428,0,0,0,0,0,1,,,
hxmM5bL2g0k_012,hxmM5bL2g0k,A,12,235.49,254.622,19.132,0,0,0,0,0,1,,,
hxmM5bL2g0k_013,hxmM5bL2g0k,A,13,257.922,274.302,16.38,0,0,0,0,0,1,,,
hxmM5bL2g0k_014,hxmM5bL2g0k,B,14,276.066,282.782,6.716,0,0,0,0,0,1,,,
hxmM5bL2g0k_015,hxmM5bL2g0k,A,15,288.226,292.222,3.996,0,0,0,0,0,1,,,
i-8A7MoeZrg_000,i-8A7MoeZrg,B,0,4.866,19.966,15.1,0,0,0,0,0,1,,,
i-8A7MoeZrg_001,i-8A7MoeZrg,A,1,24.546,27.966,3.42,0,0,0,0,0,1,,,
i-8A7MoeZrg_002,i-8A7MoeZrg,A,2,28.546,32.638,4.092,0,0,0,0,0,1,,,
i-8A7MoeZrg_003,i-8A7MoeZrg,B,3,33.954,36.638,2.684,0,0,0,0,0,1,,,
i-8A7MoeZrg_004,i-8A7MoeZrg,A,4,37.762,58.014,20.252,0,0,0,0,0,1,,,
i-8A7MoeZrg_005,i-8A7MoeZrg,A,5,59.394,62.782,3.388,0,0,0,0,0,1,,,
i-8A7MoeZrg_006,i-8A7MoeZrg,A,6,64.13,67.774,3.644,0,0,0,0,0,1,,,
i-8A7MoeZrg_007,i-8A7MoeZrg,A,7,69.09,72.734,3.644,0,0,0,0,0,1,,,
i-8A7MoeZrg_008,i-8A7MoeZrg,A,8,74.146,78.718,4.572,0,0,0,0,0,1,,,
i-8A7MoeZrg_009,i-8A7MoeZrg,A,9,82.178,101.566,19.388,0,0,0,0,0,1,,,
i-8A7MoeZrg_010,i-8A7MoeZrg,B,10,103.01,109.758,6.748,0,0,0,0,0,1,,,
i0edA9BkOjc_000,i0edA9BkOjc,A,0,3.362,10.462,7.1,0,0,0,0,0,1,,,
i0edA9BkOjc_001,i0edA9BkOjc,A,1,14.914,18.526,3.612,0,0,0,0,0,1,,,
i0edA9BkOjc_002,i0edA9BkOjc,B,2,24.546,31.038,6.492,0,0,0,0,0,1,,,
i0edA9BkOjc_003,i0edA9BkOjc,A,3,37.57,41.47,3.9,0,0,0,0,0,1,,,
i1As-EBabRc_000,i1As-EBabRc,A,0,2.274,4.958,2.684,0,0,0,0,0,1,,,
i1As-EBabRc_001,i1As-EBabRc,A,1,5.762,9.406,3.644,0,0,0,0,0,1,,,
i1As-EBabRc_002,i1As-EBabRc,C,2,11.81,14.686,2.876,0,0,0,0,0,1,,,
i1As-EBabRc_003,i1As-EBabRc,A,3,15.33,18.078,2.748,0,0,0,0,0,1,,,
i1As-EBabRc_004,i1As-EBabRc,A,4,21.346,41.566,20.22,0,0,0,0,0,1,,,
i1As-EBabRc_005,i1As-EBabRc,B,5,44.418,82.398,37.98,0,0,0,0,0,1,,,
i1As-EBabRc_006,i1As-EBabRc,B,6,85.346,113.662,28.316,0,0,0,0,0,1,,,
i1As-EBabRc_007,i1As-EBabRc,A,7,116.962,142.014,25.052,0,0,0,0,0,1,,,
i1As-EBabRc_008,i1As-EBabRc,A,8,145.154,156.926,11.772,0,0,0,0,0,1,,,
i1As-EBabRc_009,i1As-EBabRc,A,9,160.29,171.006,10.716,0,0,0,0,0,1,,,
i1As-EBabRc_010,i1As-EBabRc,B,10,174.242,201.246,27.004,0,0,0,0,0,1,,,
i1As-EBabRc_011,i1As-EBabRc,B,11,201.122,216.574,15.452,0,0,0,0,0,1,,,
i1As-EBabRc_012,i1As-EBabRc,A,12,219.394,231.646,12.252,0,0,0,0,0,1,,,
i1As-EBabRc_013,i1As-EBabRc,B,13,234.562,271.454,36.892,0,0,0,0,0,1,,,
i1As-EBabRc_014,i1As-EBabRc,B,14,271.426,281.758,10.332,0,0,0,0,0,1,,,
i1As-EBabRc_015,i1As-EBabRc,A,15,285.25,300.094,14.844,0,0,0,0,0,1,,,
i1As-EBabRc_016,i1As-EBabRc,A,16,303.394,321.342,17.948,0,0,0,0,0,1,,,
i1As-EBabRc_017,i1As-EBabRc,A,17,323.938,328.158,4.22,0,0,0,0,0,1,,,
i1As-EBabRc_018,i1As-EBabRc,A,18,328.994,344.99,15.996,0,0,0,0,0,1,,,
i1As-EBabRc_019,i1As-EBabRc,B,19,350.274,357.022,6.748,0,0,0,0,0,1,,,
i1As-EBabRc_020,i1As-EBabRc,A,20,362.434,366.43,3.996,0,0,0,0,0,1,,,
iFub1JSiYC4_000,iFub1JSiYC4,A,0,40.61,45.15,4.54,0,0,0,1,1,0,film_clip:李小龍,,
iFub1JSiYC4_001,iFub1JSiYC4,A,1,51.874,54.558,2.684,0,0,0,1,1,0,film_clip:李小龍,,
iFub1JSiYC4_002,iFub1JSiYC4,B,2,222.21,228.382,6.172,0,0,0,1,1,0,film_clip:李小龍,,
iFub1JSiYC4_003,iFub1JSiYC4,A,3,234.914,238.782,3.868,0,0,0,1,1,0,film_clip:李小龍,,
iG1olu8M82U_000,iG1olu8M82U,A,0,0.0,12.51,12.51,0,1,0,0,0,0,song:主唱,,
iG1olu8M82U_001,iG1olu8M82U,C,1,23.394,61.982,38.588,0,1,0,0,0,0,song:主唱,,
iG1olu8M82U_002,iG1olu8M82U,C,2,63.298,74.718,11.42,0,1,0,0,0,0,song:主唱,0.2647919058799743,0
iG1olu8M82U_003,iG1olu8M82U,C,3,75.33,112.894,37.564,0,1,0,0,0,0,song:主唱,,
iG1olu8M82U_004,iG1olu8M82U,C,4,113.666,132.894,19.228,0,1,0,0,0,0,song:主唱,,
iG1olu8M82U_005,iG1olu8M82U,C,5,138.882,151.006,12.124,0,1,0,0,0,0,song:主唱,,
iG1olu8M82U_006,iG1olu8M82U,A,6,157.538,161.438,3.9,0,1,0,0,0,0,song:主唱,,
iIA9xASDxSE_000,iIA9xASDxSE,B,0,4.898,32.126,27.228,0,0,0,1,1,0,film_clip:李小龍,,
iIA9xASDxSE_001,iIA9xASDxSE,B,1,32.226,45.47,13.244,0,0,0,1,1,0,film_clip:李小龍,,
iIA9xASDxSE_002,iIA9xASDxSE,A,2,88.93,92.798,3.868,0,0,0,1,1,0,film_clip:李小龍,,
iIA9xASDxSE_003,iIA9xASDxSE,B,3,132.866,141.534,8.668,0,0,0,1,1,0,film_clip:李小龍,,
iIA9xASDxSE_004,iIA9xASDxSE,A,4,148.13,151.998,3.868,0,0,0,1,1,0,film_clip:李小龍,,
iL4TJUbaAFM_000,iL4TJUbaAFM,B,0,0.706,3.838,3.132,0,0,0,0,0,1,,,
iL4TJUbaAFM_001,iL4TJUbaAFM,B,1,4.706,36.318,31.612,0,0,0,0,0,1,,,
iL4TJUbaAFM_002,iL4TJUbaAFM,B,2,36.802,45.534,8.732,0,0,0,0,0,1,,,
iL4TJUbaAFM_003,iL4TJUbaAFM,A,3,46.562,55.678,9.116,0,0,0,0,0,1,,,
iL4TJUbaAFM_004,iL4TJUbaAFM,A,4,56.258,65.534,9.276,0,0,0,0,0,1,,,
iL4TJUbaAFM_005,iL4TJUbaAFM,A,5,66.146,93.214,27.068,0,0,0,0,0,1,,,
iL4TJUbaAFM_006,iL4TJUbaAFM,A,6,94.658,110.718,16.06,0,0,0,0,0,1,,,
iL4TJUbaAFM_007,iL4TJUbaAFM,B,7,112.77,119.486,6.716,0,0,0,0,0,1,,,
iL4TJUbaAFM_008,iL4TJUbaAFM,A,8,124.93,128.926,3.996,0,0,0,0,0,1,,,
iNmjK7_7Dto_000,iNmjK7_7Dto,A,0,26.082,34.014,7.932,0,0,0,1,1,0,film_clip:李小龍,,
iNmjK7_7Dto_001,iNmjK7_7Dto,A,1,40.738,46.718,5.98,0,0,0,1,1,0,film_clip:李小龍,,
iNmjK7_7Dto_002,iNmjK7_7Dto,A,2,49.954,63.422,13.468,0,0,0,1,1,0,film_clip:李小龍,,
iNmjK7_7Dto_003,iNmjK7_7Dto,A,3,65.762,73.79,8.028,0,0,0,1,1,0,film_clip:李小龍,,
iNmjK7_7Dto_004,iNmjK7_7Dto,A,4,76.994,90.014,13.02,0,0,0,1,1,0,film_clip:李小龍,,
iNmjK7_7Dto_005,iNmjK7_7Dto,B,5,104.866,126.974,22.108,0,0,0,1,1,0,film_clip:李小龍,,
iNmjK7_7Dto_006,iNmjK7_7Dto,A,6,133.506,137.406,3.9,0,0,0,1,1,0,film_clip:李小龍,,
iQA9WwEzrgE_000,iQA9WwEzrgE,A,0,0.0,10.814,10.814,0,0,0,1,1,0,film_clip:李小龍|吳楚帆,,
iQA9WwEzrgE_001,iQA9WwEzrgE,A,1,35.138,57.726,22.588,0,0,0,1,1,0,film_clip:李小龍|吳楚帆,,
iQA9WwEzrgE_002,iQA9WwEzrgE,B,2,58.882,65.438,6.556,0,0,0,1,1,0,film_clip:李小龍|吳楚帆,,
iQA9WwEzrgE_003,iQA9WwEzrgE,A,3,71.97,75.87,3.9,0,0,0,1,1,0,film_clip:李小龍|吳楚帆,,
ilsOhyrLOAY_000,ilsOhyrLOAY,A,0,0.802,11.006,10.204,0,0,0,0,0,1,,,
ilsOhyrLOAY_001,ilsOhyrLOAY,A,1,13.218,49.566,36.348,0,0,0,0,0,1,,,
ilsOhyrLOAY_002,ilsOhyrLOAY,A,2,53.09,57.79,4.7,0,0,0,0,0,1,,,
ilsOhyrLOAY_003,ilsOhyrLOAY,A,3,59.106,64.094,4.988,0,0,0,0,0,1,,,
ilsOhyrLOAY_004,ilsOhyrLOAY,A,4,64.738,69.726,4.988,0,0,0,0,0,1,,,
ilsOhyrLOAY_005,ilsOhyrLOAY,B,5,70.914,77.598,6.684,0,0,0,0,0,1,,,
ilsOhyrLOAY_006,ilsOhyrLOAY,A,6,83.042,87.038,3.996,0,0,0,0,0,1,,,
iuZrOt4-KdU_000,iuZrOt4-KdU,A,0,0.0,22.814,22.814,1,0,0,0,0,0,parody:惡搞,,
iuZrOt4-KdU_001,iuZrOt4-KdU,B,1,24.706,31.486,6.78,1,0,0,0,0,0,parody:惡搞,,
iuZrOt4-KdU_002,iuZrOt4-KdU,A,2,37.986,41.886,3.9,1,0,0,0,0,0,parody:惡搞,,
ivS-TeGCbNc_000,ivS-TeGCbNc,A,0,0.162,4.67,4.508,0,0,0,0,0,1,,,
ivS-TeGCbNc_001,ivS-TeGCbNc,A,1,5.57,32.35,26.78,0,0,0,0,0,1,,,
ivS-TeGCbNc_002,ivS-TeGCbNc,A,2,32.962,57.374,24.412,0,0,0,0,0,1,,,
ivS-TeGCbNc_003,ivS-TeGCbNc,B,3,58.082,86.782,28.7,0,0,0,0,0,1,,,
ivS-TeGCbNc_004,ivS-TeGCbNc,B,4,93.314,97.246,3.932,0,0,0,0,0,1,,,
ivVpXH_ZU8A_000,ivVpXH_ZU8A,B,0,0.0,6.686,6.686,0,0,0,0,0,1,,,
ivVpXH_ZU8A_001,ivVpXH_ZU8A,A,1,15.01,18.11,3.1,0,0,0,0,0,1,,,
ivVpXH_ZU8A_002,ivVpXH_ZU8A,A,2,18.882,31.518,12.636,0,0,0,0,0,1,,,
ivVpXH_ZU8A_003,ivVpXH_ZU8A,A,3,32.098,68.734,36.636,0,0,0,0,0,1,,,
ivVpXH_ZU8A_004,ivVpXH_ZU8A,B,4,73.89,81.854,7.964,0,0,0,0,0,1,,,
iz2lF-IiOZw_000,iz2lF-IiOZw,A,0,0.93,7.774,6.844,0,0,0,0,0,1,,,
iz2lF-IiOZw_001,iz2lF-IiOZw,A,1,9.826,15.454,5.628,0,0,0,0,0,1,,,
iz2lF-IiOZw_002,iz2lF-IiOZw,A,2,19.042,45.662,26.62,0,0,0,0,0,1,,,
iz2lF-IiOZw_003,iz2lF-IiOZw,A,3,51.074,76.766,25.692,0,0,0,0,0,1,,,
iz2lF-IiOZw_004,iz2lF-IiOZw,A,4,82.274,89.182,6.908,0,0,0,0,0,1,,,
iz2lF-IiOZw_005,iz2lF-IiOZw,A,5,94.722,119.87,25.148,0,0,0,0,0,1,,,
iz2lF-IiOZw_006,iz2lF-IiOZw,A,6,125.314,157.95,32.636,0,0,0,0,0,1,,,
iz2lF-IiOZw_007,iz2lF-IiOZw,A,7,163.33,200.286,36.956,0,0,0,0,0,1,,0.0854669287800788,0
iz2lF-IiOZw_008,iz2lF-IiOZw,B,8,202.978,209.694,6.716,0,0,0,0,0,1,,,
iz2lF-IiOZw_009,iz2lF-IiOZw,A,9,215.138,219.134,3.996,0,0,0,0,0,1,,,
jGHOoOwKQdI_000,jGHOoOwKQdI,C,0,0.0,15.774,15.774,0,1,0,0,0,0,song:主唱,,
jGHOoOwKQdI_001,jGHOoOwKQdI,C,1,17.634,20.35,2.716,0,1,0,0,0,0,song:主唱,,
jGHOoOwKQdI_002,jGHOoOwKQdI,C,2,38.786,53.086,14.3,0,1,0,0,0,0,song:主唱,,
jGHOoOwKQdI_003,jGHOoOwKQdI,C,3,54.274,71.646,17.372,0,1,0,0,0,0,song:主唱,,
jGHOoOwKQdI_004,jGHOoOwKQdI,C,4,72.61,75.486,2.876,0,1,0,0,0,0,song:主唱,,
jGHOoOwKQdI_005,jGHOoOwKQdI,C,5,86.562,88.062,1.5,0,1,0,0,0,0,song:主唱,,
jGHOoOwKQdI_006,jGHOoOwKQdI,B,6,119.97,139.07,19.1,0,1,0,0,0,0,song:主唱,,
jGHOoOwKQdI_007,jGHOoOwKQdI,A,7,145.634,149.534,3.9,0,1,0,0,0,0,song:主唱,,
jNM5arBwwvY_000,jNM5arBwwvY,A,0,0.0,11.678,11.678,0,0,0,0,0,1,,,
jNM5arBwwvY_001,jNM5arBwwvY,A,1,12.322,23.774,11.452,0,0,0,0,0,1,,,
jNM5arBwwvY_002,jNM5arBwwvY,A,2,24.578,36.446,11.868,0,0,0,0,0,1,,,
jNM5arBwwvY_003,jNM5arBwwvY,B,3,37.442,55.582,18.14,0,0,0,0,0,1,,,
jNM5arBwwvY_004,jNM5arBwwvY,A,4,62.114,66.014,3.9,0,0,0,0,0,1,,,
jSQXgyb1vKY_000,jSQXgyb1vKY,A,0,0.0,33.246,33.246,0,0,0,1,1,0,film_clip:李小龍,,
jSQXgyb1vKY_001,jSQXgyb1vKY,C,1,39.682,49.598,9.916,0,0,0,1,1,0,film_clip:李小龍,,
jSQXgyb1vKY_002,jSQXgyb1vKY,A,2,51.138,61.31,10.172,0,0,0,1,1,0,film_clip:李小龍,,
jSQXgyb1vKY_003,jSQXgyb1vKY,B,3,65.602,104.926,39.324,0,0,0,1,1,0,film_clip:李小龍,,
jSQXgyb1vKY_004,jSQXgyb1vKY,B,4,104.802,117.374,12.572,0,0,0,1,1,0,film_clip:李小龍,,
jSQXgyb1vKY_005,jSQXgyb1vKY,A,5,118.082,133.182,15.1,0,0,0,1,1,0,film_clip:李小龍,,
jSQXgyb1vKY_006,jSQXgyb1vKY,B,6,136.162,148.766,12.604,0,0,0,1,1,0,film_clip:李小龍,,
jSQXgyb1vKY_007,jSQXgyb1vKY,B,7,148.514,187.934,39.42,0,0,0,1,1,0,film_clip:李小龍,,
jSQXgyb1vKY_008,jSQXgyb1vKY,B,8,188.194,203.934,15.74,0,0,0,1,1,0,film_clip:李小龍,,
jSQXgyb1vKY_009,jSQXgyb1vKY,B,9,210.338,214.27,3.932,0,0,0,1,1,0,film_clip:李小龍,,
jlAsU6rCaFU_000,jlAsU6rCaFU,A,0,0.834,3.166,2.332,0,0,0,0,0,1,,,
jlAsU6rCaFU_001,jlAsU6rCaFU,A,1,4.482,14.142,9.66,0,0,0,0,0,1,,,
jlAsU6rCaFU_002,jlAsU6rCaFU,A,2,16.258,19.454,3.196,0,0,0,0,0,1,,,
jlAsU6rCaFU_003,jlAsU6rCaFU,A,3,20.578,55.774,35.196,0,0,0,0,0,1,,,
jlAsU6rCaFU_004,jlAsU6rCaFU,B,4,58.306,96.35,38.044,0,0,0,0,0,1,,,
jlAsU6rCaFU_005,jlAsU6rCaFU,B,5,96.258,112.894,16.636,0,0,0,0,0,1,,,
jlAsU6rCaFU_006,jlAsU6rCaFU,A,6,115.842,131.454,15.612,0,0,0,0,0,1,,,
jlAsU6rCaFU_007,jlAsU6rCaFU,A,7,135.138,146.174,11.036,0,0,0,0,0,1,,,
jlAsU6rCaFU_008,jlAsU6rCaFU,B,8,147.97,154.654,6.684,0,0,0,0,0,1,,,
jlAsU6rCaFU_009,jlAsU6rCaFU,A,9,160.098,164.094,3.996,0,0,0,0,0,1,,,
jlBAcCH1jEI_000,jlBAcCH1jEI,A,0,0.674,10.878,10.204,0,0,0,0,0,1,,,
jlBAcCH1jEI_001,jlBAcCH1jEI,A,1,12.13,35.55,23.42,0,0,0,0,0,1,,,
jlBAcCH1jEI_002,jlBAcCH1jEI,A,2,36.098,38.526,2.428,0,0,0,0,0,1,,,
jlBAcCH1jEI_003,jlBAcCH1jEI,A,3,41.09,42.814,1.724,0,0,0,0,0,1,,,
jlBAcCH1jEI_004,jlBAcCH1jEI,A,4,45.026,49.022,3.996,0,0,0,0,0,1,,,
jlBAcCH1jEI_005,jlBAcCH1jEI,A,5,50.05,52.03,1.98,0,0,0,0,0,1,,,
jlBAcCH1jEI_006,jlBAcCH1jEI,A,6,54.594,63.39,8.796,0,0,0,0,0,1,,,
jlBAcCH1jEI_007,jlBAcCH1jEI,A,7,64.514,66.718,2.204,0,0,0,0,0,1,,,
jlBAcCH1jEI_008,jlBAcCH1jEI,A,8,69.122,83.614,14.492,0,0,0,0,0,1,,,
jlBAcCH1jEI_009,jlBAcCH1jEI,A,9,84.866,87.23,2.364,0,0,0,0,0,1,,,
jlBAcCH1jEI_010,jlBAcCH1jEI,B,10,89.634,107.774,18.14,0,0,0,0,0,1,,,
jlBAcCH1jEI_011,jlBAcCH1jEI,A,11,108.962,118.046,9.084,0,0,0,0,0,1,,,
jlBAcCH1jEI_012,jlBAcCH1jEI,B,12,119.426,125.598,6.172,0,0,0,0,0,1,,,
jlBAcCH1jEI_013,jlBAcCH1jEI,A,13,132.61,136.606,3.996,0,0,0,0,0,1,,,
jsbMIaUjAOo_000,jsbMIaUjAOo,A,0,0.226,21.438,21.212,0,0,0,1,1,0,film_clip:李小龍,,
jsbMIaUjAOo_001,jsbMIaUjAOo,B,1,94.786,131.646,36.86,0,0,0,1,1,0,film_clip:李小龍,,
jsbMIaUjAOo_002,jsbMIaUjAOo,B,2,131.65,136.094,4.444,0,0,0,1,1,0,film_clip:李小龍,,
jsbMIaUjAOo_003,jsbMIaUjAOo,B,3,138.018,144.766,6.748,0,0,0,1,1,0,film_clip:李小龍,0.0081152226775884,1
jsbMIaUjAOo_004,jsbMIaUjAOo,A,4,151.33,155.23,3.9,0,0,0,1,1,0,film_clip:李小龍,,
jvknMvR2iVs_000,jvknMvR2iVs,A,0,0.0,39.294,39.294,0,0,0,1,1,0,film_clip:李小龍,,
jvknMvR2iVs_001,jvknMvR2iVs,A,1,43.906,56.446,12.54,0,0,0,1,1,0,film_clip:李小龍,,
jvknMvR2iVs_002,jvknMvR2iVs,A,2,57.058,58.686,1.628,0,0,0,1,1,0,film_clip:李小龍,,
jvknMvR2iVs_003,jvknMvR2iVs,A,3,61.41,69.278,7.868,0,0,0,1,1,0,film_clip:李小龍,,
jvknMvR2iVs_004,jvknMvR2iVs,B,4,81.41,115.838,34.428,0,0,0,1,1,0,film_clip:李小龍,,
jvknMvR2iVs_005,jvknMvR2iVs,B,5,115.714,129.79,14.076,0,0,0,1,1,0,film_clip:李小龍,,
jvknMvR2iVs_006,jvknMvR2iVs,B,6,129.698,168.766,39.068,0,0,0,1,1,0,film_clip:李小龍,,
jvknMvR2iVs_007,jvknMvR2iVs,B,7,168.642,196.51,27.868,0,0,0,1,1,0,film_clip:李小龍,,
jvknMvR2iVs_008,jvknMvR2iVs,A,8,203.01,206.91,3.9,0,0,0,1,1,0,film_clip:李小龍,,
k9vrs-N106Q_000,k9vrs-N106Q,C,0,2.85,33.406,30.556,0,0,0,1,1,0,film_clip:李小龍,,
k9vrs-N106Q_001,k9vrs-N106Q,B,1,33.89,65.502,31.612,0,0,0,1,1,0,film_clip:李小龍,,
k9vrs-N106Q_002,k9vrs-N106Q,B,2,65.314,78.718,13.404,0,0,0,1,1,0,film_clip:李小龍,,
k9vrs-N106Q_003,k9vrs-N106Q,B,3,79.394,86.142,6.748,0,0,0,1,1,0,film_clip:李小龍,,
k9vrs-N106Q_004,k9vrs-N106Q,B,4,92.578,96.702,4.124,0,0,0,1,1,0,film_clip:李小龍,,
kEYlLb7TH9o_000,kEYlLb7TH9o,A,0,0.0,11.518,11.518,0,0,0,0,0,1,,,
kEYlLb7TH9o_001,kEYlLb7TH9o,B,1,108.162,114.174,6.012,0,0,0,0,0,1,,,
kEYlLb7TH9o_002,kEYlLb7TH9o,A,2,120.834,124.67,3.836,0,0,0,0,0,1,,,
kEjwIjbrwv8_000,kEjwIjbrwv8,A,0,0.13,38.27,38.14,0,0,0,0,0,1,,,
kEjwIjbrwv8_001,kEjwIjbrwv8,A,1,40.898,69.214,28.316,0,0,0,0,0,1,,,
kEjwIjbrwv8_002,kEjwIjbrwv8,A,2,71.938,77.854,5.916,0,0,0,0,0,1,,,
kEjwIjbrwv8_003,kEjwIjbrwv8,A,3,81.218,113.79,32.572,0,0,0,0,0,1,,,
kEjwIjbrwv8_004,kEjwIjbrwv8,A,4,116.738,119.998,3.26,0,0,0,0,0,1,,,
kEjwIjbrwv8_005,kEjwIjbrwv8,A,5,122.914,157.726,34.812,0,0,0,0,0,1,,,
kEjwIjbrwv8_006,kEjwIjbrwv8,B,6,159.33,166.078,6.748,0,0,0,0,0,1,,,
kEjwIjbrwv8_007,kEjwIjbrwv8,A,7,171.49,175.486,3.996,0,0,0,0,0,1,,,
kEnambyROA4_000,kEnambyROA4,A,0,0.546,4.158,3.612,0,0,0,0,0,1,,,
kEnambyROA4_001,kEnambyROA4,A,1,6.082,10.046,3.964,0,0,0,0,0,1,,,
kEnambyROA4_002,kEnambyROA4,A,2,12.61,16.03,3.42,0,0,0,0,0,1,,,
kEnambyROA4_003,kEnambyROA4,A,3,18.786,22.846,4.06,0,0,0,0,0,1,,,
kEnambyROA4_004,kEnambyROA4,A,4,26.146,34.59,8.444,0,0,0,0,0,1,,,
kEnambyROA4_005,kEnambyROA4,A,5,37.218,63.966,26.748,0,0,0,0,0,1,,,
kEnambyROA4_006,kEnambyROA4,A,6,66.658,105.758,39.1,0,0,0,0,0,1,,,
kEnambyROA4_007,kEnambyROA4,A,7,108.578,141.662,33.084,0,0,0,0,0,1,,,
kEnambyROA4_008,kEnambyROA4,A,8,144.354,158.494,14.14,0,0,0,0,0,1,,,
kEnambyROA4_009,kEnambyROA4,A,9,161.474,178.942,17.468,0,0,0,0,0,1,,,
kEnambyROA4_010,kEnambyROA4,A,10,179.522,186.142,6.62,0,0,0,0,0,1,,,
kEnambyROA4_011,kEnambyROA4,A,11,188.802,200.766,11.964,0,0,0,0,0,1,,,
kEnambyROA4_012,kEnambyROA4,A,12,203.362,215.934,12.572,0,0,0,0,0,1,,,
kEnambyROA4_013,kEnambyROA4,A,13,218.562,228.094,9.532,0,0,0,0,0,1,,,
kEnambyROA4_014,kEnambyROA4,A,14,230.818,242.366,11.548,0,0,0,0,0,1,,,
kEnambyROA4_015,kEnambyROA4,A,15,245.218,253.534,8.316,0,0,0,0,0,1,,,
kEnambyROA4_016,kEnambyROA4,A,16,256.066,265.342,9.276,0,0,0,0,0,1,,,
kEnambyROA4_017,kEnambyROA4,A,17,268.162,272.958,4.796,0,0,0,0,0,1,,,
kEnambyROA4_018,kEnambyROA4,A,18,275.682,284.286,8.604,0,0,0,0,0,1,,,
kEnambyROA4_019,kEnambyROA4,B,19,285.25,291.998,6.748,0,0,0,0,0,1,,,
kEnambyROA4_020,kEnambyROA4,A,20,298.434,302.43,3.996,0,0,0,0,0,1,,,
kUqvem6B2VY_000,kUqvem6B2VY,B,0,0.0,6.686,6.686,0,0,0,0,0,1,,,
kUqvem6B2VY_001,kUqvem6B2VY,C,1,11.906,14.078,2.172,0,0,0,0,0,1,,,
kUqvem6B2VY_002,kUqvem6B2VY,A,2,16.098,40.926,24.828,0,0,0,0,0,1,,,
kUqvem6B2VY_003,kUqvem6B2VY,A,3,44.034,64.062,20.028,0,0,0,0,0,1,,,
kUqvem6B2VY_004,kUqvem6B2VY,A,4,66.946,68.958,2.012,0,0,0,0,0,1,,,
kUqvem6B2VY_005,kUqvem6B2VY,B,5,69.73,90.686,20.956,0,0,0,0,0,1,,,
kUqvem6B2VY_006,kUqvem6B2VY,A,6,93.314,97.918,4.604,0,0,0,0,0,1,,,
kUqvem6B2VY_007,kUqvem6B2VY,A,7,99.042,111.262,12.22,0,0,0,0,0,1,,0.0002666636719368,0
kUqvem6B2VY_008,kUqvem6B2VY,B,8,115.906,123.902,7.996,0,0,0,0,0,1,,,
kdoFevWmZms_000,kdoFevWmZms,B,0,0.0,6.686,6.686,0,0,0,0,0,1,,,
kdoFevWmZms_001,kdoFevWmZms,A,1,17.09,20.062,2.972,0,0,0,0,0,1,,,
kdoFevWmZms_002,kdoFevWmZms,A,2,20.962,43.358,22.396,0,0,0,0,0,1,,,
kdoFevWmZms_003,kdoFevWmZms,B,3,46.978,54.974,7.996,0,0,0,0,0,1,,,
kipF8C4tuLA_000,kipF8C4tuLA,A,0,0.546,7.198,6.652,0,0,0,0,0,1,,,
kipF8C4tuLA_001,kipF8C4tuLA,A,1,8.386,17.79,9.404,0,0,0,0,0,1,,,
kipF8C4tuLA_002,kipF8C4tuLA,B,2,21.058,27.518,6.46,0,0,0,0,0,1,,,
kipF8C4tuLA_003,kipF8C4tuLA,B,3,34.018,37.982,3.964,0,0,0,0,0,1,,,
kpDQ-6ifdHQ_000,kpDQ-6ifdHQ,B,0,2.946,13.278,10.332,0,0,0,1,1,0,film_clip:李小龍,,
kpDQ-6ifdHQ_001,kpDQ-6ifdHQ,B,1,14.946,18.27,3.324,0,0,0,1,1,0,film_clip:李小龍,,
kpDQ-6ifdHQ_002,kpDQ-6ifdHQ,A,2,27.074,30.75,3.676,0,0,0,1,1,0,film_clip:李小龍,,
kpDQ-6ifdHQ_003,kpDQ-6ifdHQ,A,3,32.962,57.278,24.316,0,0,0,1,1,0,film_clip:李小龍,,
kpDQ-6ifdHQ_004,kpDQ-6ifdHQ,B,4,62.946,69.406,6.46,0,0,0,1,1,0,film_clip:李小龍,,
kpDQ-6ifdHQ_005,kpDQ-6ifdHQ,A,5,76.002,79.87,3.868,0,0,0,1,1,0,film_clip:李小龍,0.0010981617961078,1
kwcy-9CHGdk_000,kwcy-9CHGdk,A,0,0.0,25.342,25.342,0,0,0,0,0,1,,,
kwcy-9CHGdk_001,kwcy-9CHGdk,A,1,26.018,36.67,10.652,0,0,0,0,0,1,,,
kwcy-9CHGdk_002,kwcy-9CHGdk,A,2,37.538,39.678,2.14,0,0,0,0,0,1,,,
kwcy-9CHGdk_003,kwcy-9CHGdk,A,3,40.418,62.494,22.076,0,0,0,0,0,1,,,
kwcy-9CHGdk_004,kwcy-9CHGdk,A,4,63.17,66.078,2.908,0,0,0,0,0,1,,,
kwcy-9CHGdk_005,kwcy-9CHGdk,B,5,66.69,91.902,25.212,0,0,0,0,0,1,,,
kwcy-9CHGdk_006,kwcy-9CHGdk,A,6,98.338,102.334,3.996,0,0,0,0,0,1,,,
l0h9wUTrNbI_000,l0h9wUTrNbI,C,0,140.514,147.006,6.492,0,0,0,0,0,1,,,
l0h9wUTrNbI_001,l0h9wUTrNbI,A,1,152.578,156.446,3.868,0,0,0,0,0,1,,,
l3maA9F6wt0_000,l3maA9F6wt0,A,0,9.89,18.142,8.252,0,0,0,0,0,1,,,
l3maA9F6wt0_001,l3maA9F6wt0,A,1,24.738,28.286,3.548,0,0,0,0,0,1,,,
l3maA9F6wt0_002,l3maA9F6wt0,A,2,31.298,33.758,2.46,0,0,0,0,0,1,,,
l3maA9F6wt0_003,l3maA9F6wt0,A,3,35.65,59.294,23.644,0,0,0,0,0,1,,,
l3maA9F6wt0_004,l3maA9F6wt0,A,4,62.21,64.542,2.332,0,0,0,0,0,1,,,
l3maA9F6wt0_005,l3maA9F6wt0,A,5,66.53,86.142,19.612,0,0,0,0,0,1,,,
l3maA9F6wt0_006,l3maA9F6wt0,A,6,89.186,92.414,3.228,0,0,0,0,0,1,,,
l3maA9F6wt0_007,l3maA9F6wt0,A,7,94.082,111.742,17.66,0,0,0,0,0,1,,,
l3maA9F6wt0_008,l3maA9F6wt0,A,8,114.37,118.206,3.836,0,0,0,0,0,1,,,
l3maA9F6wt0_009,l3maA9F6wt0,A,9,120.002,136.126,16.124,0,0,0,0,0,1,,,
l3maA9F6wt0_010,l3maA9F6wt0,A,10,138.818,143.678,4.86,0,0,0,0,0,1,,,
l3maA9F6wt0_011,l3maA9F6wt0,A,11,145.602,165.31,19.708,0,0,0,0,0,1,,,
l3maA9F6wt0_012,l3maA9F6wt0,A,12,165.954,180.414,14.46,0,0,0,0,0,1,,,
l3maA9F6wt0_013,l3maA9F6wt0,B,13,182.402,189.15,6.748,0,0,0,0,0,1,,,
l5I1tLaBdDA_000,l5I1tLaBdDA,A,0,0.0,35.934,35.934,0,0,0,0,0,1,,,
l5I1tLaBdDA_001,l5I1tLaBdDA,A,1,61.09,71.038,9.948,0,0,0,0,0,1,,,
l5I1tLaBdDA_002,l5I1tLaBdDA,A,2,71.714,108.094,36.38,0,0,0,0,0,1,,,
l5I1tLaBdDA_003,l5I1tLaBdDA,A,3,108.93,115.39,6.46,0,0,0,0,0,1,,,
l5I1tLaBdDA_004,l5I1tLaBdDA,A,4,116.29,122.078,5.788,0,0,0,0,0,1,,,
l5I1tLaBdDA_005,l5I1tLaBdDA,B,5,126.594,133.15,6.556,0,0,0,0,0,1,,,
l5I1tLaBdDA_006,l5I1tLaBdDA,A,6,139.682,143.582,3.9,0,0,0,0,0,1,,,
lLRQzWscCQ8_000,lLRQzWscCQ8,C,0,0.0,6.686,6.686,0,0,1,0,0,0,recitation:誦讀,,
lLRQzWscCQ8_001,lLRQzWscCQ8,B,1,18.05,42.814,24.764,0,0,1,0,0,0,recitation:誦讀,,
lLRQzWscCQ8_002,lLRQzWscCQ8,B,2,46.626,54.59,7.964,0,0,1,0,0,0,recitation:誦讀,,
lO5UnkHDgE0_000,lO5UnkHDgE0,A,0,0.162,12.542,12.38,0,0,0,0,0,1,,,
lO5UnkHDgE0_001,lO5UnkHDgE0,C,1,14.722,54.718,39.996,0,0,0,0,0,1,,,
lO5UnkHDgE0_002,lO5UnkHDgE0,C,2,55.522,58.27,2.748,0,0,0,0,0,1,,,
lO5UnkHDgE0_003,lO5UnkHDgE0,A,3,59.618,92.798,33.18,0,0,0,0,0,1,,,
lO5UnkHDgE0_004,lO5UnkHDgE0,A,4,93.442,96.382,2.94,0,0,0,0,0,1,,,
lO5UnkHDgE0_005,lO5UnkHDgE0,B,5,96.962,118.654,21.692,0,0,0,0,0,1,,,
lO5UnkHDgE0_006,lO5UnkHDgE0,B,6,118.85,143.614,24.764,0,0,0,0,0,1,,,
lO5UnkHDgE0_007,lO5UnkHDgE0,A,7,150.018,154.046,4.028,0,0,0,0,0,1,,,
lQ9Ptj6nQCE_000,lQ9Ptj6nQCE,A,0,9.89,21.758,11.868,0,0,0,1,1,0,film_clip:李小龍|芳艷芬,,
lQ9Ptj6nQCE_001,lQ9Ptj6nQCE,B,1,133.282,145.118,11.836,0,0,0,1,1,0,film_clip:李小龍|芳艷芬,,
lQ9Ptj6nQCE_002,lQ9Ptj6nQCE,A,2,151.618,155.518,3.9,0,0,0,1,1,0,film_clip:李小龍|芳艷芬,,
lSPNfjuh5ho_000,lSPNfjuh5ho,B,0,0.0,11.87,11.87,0,0,0,0,0,1,,,
lSPNfjuh5ho_001,lSPNfjuh5ho,A,1,12.45,24.67,12.22,0,0,0,0,0,1,,,
lSPNfjuh5ho_002,lSPNfjuh5ho,A,2,26.018,38.366,12.348,0,0,0,0,0,1,,,
lSPNfjuh5ho_003,lSPNfjuh5ho,A,3,39.81,51.806,11.996,0,0,0,0,0,1,,,
lSPNfjuh5ho_004,lSPNfjuh5ho,B,4,52.834,59.518,6.684,0,0,0,0,0,1,,,
lSPNfjuh5ho_005,lSPNfjuh5ho,A,5,65.986,69.982,3.996,0,0,0,0,0,1,,,
lZZoMgE8On4_000,lZZoMgE8On4,C,0,0.674,16.51,15.836,0,0,0,0,0,1,,,
lZZoMgE8On4_001,lZZoMgE8On4,A,1,18.914,31.07,12.156,0,0,0,0,0,1,,,
lZZoMgE8On4_002,lZZoMgE8On4,A,2,31.874,42.59,10.716,0,0,0,0,0,1,,,
lZZoMgE8On4_003,lZZoMgE8On4,A,3,44.962,53.278,8.316,0,0,0,0,0,1,,,
lZZoMgE8On4_004,lZZoMgE8On4,A,4,54.05,61.374,7.324,0,0,0,0,0,1,,,
lZZoMgE8On4_005,lZZoMgE8On4,A,5,63.65,78.942,15.292,0,0,0,0,0,1,,,
lZZoMgE8On4_006,lZZoMgE8On4,A,6,81.378,92.414,11.036,0,0,0,0,0,1,,,
lZZoMgE8On4_007,lZZoMgE8On4,A,7,93.378,103.294,9.916,0,0,0,0,0,1,,,
lZZoMgE8On4_008,lZZoMgE8On4,A,8,105.826,111.102,5.276,0,0,0,0,0,1,,,
lZZoMgE8On4_009,lZZoMgE8On4,A,9,111.618,125.246,13.628,0,0,0,0,0,1,,,
lZZoMgE8On4_010,lZZoMgE8On4,A,10,127.618,137.054,9.436,0,0,0,0,0,1,,,
lZZoMgE8On4_011,lZZoMgE8On4,A,11,138.05,143.038,4.988,0,0,0,0,0,1,,,
lZZoMgE8On4_012,lZZoMgE8On4,A,12,145.346,150.558,5.212,0,0,0,0,0,1,,,
lZZoMgE8On4_013,lZZoMgE8On4,A,13,151.234,161.886,10.652,0,0,0,0,0,1,,,
lZZoMgE8On4_014,lZZoMgE8On4,A,14,164.418,181.406,16.988,0,0,0,0,0,1,,,
lZZoMgE8On4_015,lZZoMgE8On4,A,15,183.682,201.694,18.012,0,0,0,0,0,1,,,
lZZoMgE8On4_016,lZZoMgE8On4,C,16,202.434,209.182,6.748,0,0,0,0,0,1,,,
lZZoMgE8On4_017,lZZoMgE8On4,A,17,214.594,218.59,3.996,0,0,0,0,0,1,,,
m6OSbnAy7zw_000,m6OSbnAy7zw,B,0,0.642,36.446,35.804,0,0,1,0,0,0,recitation:朗讀,,
m6OSbnAy7zw_001,m6OSbnAy7zw,B,1,36.418,76.574,40.156,0,0,1,0,0,0,recitation:朗讀,,
m6OSbnAy7zw_002,m6OSbnAy7zw,B,2,76.482,86.366,9.884,0,0,1,0,0,0,recitation:朗讀,,
m6OSbnAy7zw_003,m6OSbnAy7zw,A,3,92.866,96.766,3.9,0,0,1,0,0,0,recitation:朗讀,,
mAY9rHmQCFE_000,mAY9rHmQCFE,A,0,44.77,50.718,5.948,0,0,0,0,0,1,,,
mAY9rHmQCFE_001,mAY9rHmQCFE,B,1,51.554,82.91,31.356,0,0,0,0,0,1,,,
mAY9rHmQCFE_002,mAY9rHmQCFE,A,2,89.474,93.374,3.9,0,0,0,0,0,1,,,
mh2gkX1tceE_000,mh2gkX1tceE,B,0,0.0,6.686,6.686,0,0,0,0,0,1,,,
mh2gkX1tceE_001,mh2gkX1tceE,A,1,17.026,19.934,2.908,0,0,0,0,0,1,,,
mh2gkX1tceE_002,mh2gkX1tceE,A,2,20.866,58.654,37.788,0,0,0,0,0,1,,,
mh2gkX1tceE_003,mh2gkX1tceE,B,3,63.65,71.646,7.996,0,0,0,0,0,1,,,
mlNSL9Bt5dw_000,mlNSL9Bt5dw,A,0,0.0,10.91,10.91,0,0,0,1,1,0,film_clip:李小龍|吳楚帆,,
mlNSL9Bt5dw_001,mlNSL9Bt5dw,C,1,17.41,44.214,26.804,0,0,0,1,1,0,film_clip:李小龍|吳楚帆,0.001043350668624,1
mlNSL9Bt5dw_002,mlNSL9Bt5dw,B,2,43.914,75.366,31.452,0,0,0,1,1,0,film_clip:李小龍|吳楚帆,,
mlNSL9Bt5dw_003,mlNSL9Bt5dw,B,3,75.066,93.054,17.988,0,0,0,1,1,0,film_clip:李小龍|吳楚帆,,
mlNSL9Bt5dw_004,mlNSL9Bt5dw,B,4,93.57,104.958,11.388,0,0,0,1,1,0,film_clip:李小龍|吳楚帆,,
mlNSL9Bt5dw_005,mlNSL9Bt5dw,A,5,122.594,130.11,7.516,0,0,0,1,1,0,film_clip:李小龍|吳楚帆,,
mlNSL9Bt5dw_006,mlNSL9Bt5dw,A,6,153.122,168.318,15.196,0,0,0,1,1,0,film_clip:李小龍|吳楚帆,,
mlNSL9Bt5dw_007,mlNSL9Bt5dw,B,7,170.434,196.542,26.108,0,0,0,1,1,0,film_clip:李小龍|吳楚帆,,
mlNSL9Bt5dw_008,mlNSL9Bt5dw,A,8,203.074,206.974,3.9,0,0,0,1,1,0,film_clip:李小龍|吳楚帆,,
myyXZNJtXoM_000,myyXZNJtXoM,A,0,0.962,33.118,32.156,0,0,0,0,0,1,,,
myyXZNJtXoM_001,myyXZNJtXoM,B,1,324.546,330.974,6.428,0,0,0,0,0,1,,,
myyXZNJtXoM_002,myyXZNJtXoM,A,2,337.57,341.438,3.868,0,0,0,0,0,1,,,
n3ZQI3jtmuE_000,n3ZQI3jtmuE,C,0,0.002,5.502,5.5,0,0,0,1,1,0,film_clip:李小龍,,
n3ZQI3jtmuE_001,n3ZQI3jtmuE,B,1,6.338,31.262,24.924,0,0,0,1,1,0,film_clip:李小龍,,
n3ZQI3jtmuE_002,n3ZQI3jtmuE,A,2,37.698,41.694,3.996,0,0,0,1,1,0,film_clip:李小龍,,
n584e3exz7Y_000,n584e3exz7Y,A,0,0.898,2.91,2.012,0,0,0,0,0,1,,,
n584e3exz7Y_001,n584e3exz7Y,A,1,5.698,21.342,15.644,0,0,0,0,0,1,,,
n584e3exz7Y_002,n584e3exz7Y,A,2,23.202,37.15,13.948,0,0,0,0,0,1,,,
n584e3exz7Y_003,n584e3exz7Y,A,3,39.842,42.526,2.684,0,0,0,0,0,1,,,
n584e3exz7Y_004,n584e3exz7Y,A,4,45.314,59.87,14.556,0,0,0,0,0,1,,,
n584e3exz7Y_005,n584e3exz7Y,A,5,62.658,64.83,2.172,0,0,0,0,0,1,,,
n584e3exz7Y_006,n584e3exz7Y,A,6,67.65,76.254,8.604,0,0,0,0,0,1,,,
n584e3exz7Y_007,n584e3exz7Y,A,7,78.05,85.214,7.164,0,0,0,0,0,1,,,
n584e3exz7Y_008,n584e3exz7Y,A,8,87.426,91.294,3.868,0,0,0,0,0,1,,,
n584e3exz7Y_009,n584e3exz7Y,A,9,92.226,93.758,1.532,0,0,0,0,0,1,,,
n584e3exz7Y_010,n584e3exz7Y,B,10,96.674,119.39,22.716,0,0,0,0,0,1,,,
n584e3exz7Y_011,n584e3exz7Y,A,11,120.29,122.75,2.46,0,0,0,0,0,1,,,
n584e3exz7Y_012,n584e3exz7Y,B,12,125.762,153.278,27.516,0,0,0,0,0,1,,,
n584e3exz7Y_013,n584e3exz7Y,A,13,154.146,156.382,2.236,0,0,0,0,0,1,,,
n584e3exz7Y_014,n584e3exz7Y,A,14,159.17,161.95,2.78,0,0,0,0,0,1,,,
n584e3exz7Y_015,n584e3exz7Y,A,15,164.866,170.142,5.276,0,0,0,0,0,1,,,
n584e3exz7Y_016,n584e3exz7Y,A,16,171.074,173.342,2.268,0,0,0,0,0,1,,,
n584e3exz7Y_017,n584e3exz7Y,A,17,176.226,179.55,3.324,0,0,0,0,0,1,,,
n584e3exz7Y_018,n584e3exz7Y,A,18,180.354,182.622,2.268,0,0,0,0,0,1,,,
n584e3exz7Y_019,n584e3exz7Y,A,19,185.73,190.846,5.116,0,0,0,0,0,1,,,
n584e3exz7Y_020,n584e3exz7Y,A,20,191.714,193.982,2.268,0,0,0,0,0,1,,,
n584e3exz7Y_021,n584e3exz7Y,A,21,196.738,207.806,11.068,0,0,0,0,0,1,,,
n584e3exz7Y_022,n584e3exz7Y,A,22,210.626,213.342,2.716,0,0,0,0,0,1,,,
n584e3exz7Y_023,n584e3exz7Y,A,23,216.098,220.126,4.028,0,0,0,0,0,1,,,
n584e3exz7Y_024,n584e3exz7Y,A,24,222.818,225.534,2.716,0,0,0,0,0,1,,,
n584e3exz7Y_025,n584e3exz7Y,A,25,228.354,232.51,4.156,0,0,0,0,0,1,,,
n584e3exz7Y_026,n584e3exz7Y,A,26,235.202,237.982,2.78,0,0,0,0,0,1,,,
n584e3exz7Y_027,n584e3exz7Y,A,27,238.978,241.95,2.972,0,0,0,0,0,1,,,
n584e3exz7Y_028,n584e3exz7Y,A,28,242.946,244.638,1.692,0,0,0,0,0,1,,,
n584e3exz7Y_029,n584e3exz7Y,A,29,247.714,251.038,3.324,0,0,0,0,0,1,,,
n584e3exz7Y_030,n584e3exz7Y,A,30,251.938,255.23,3.292,0,0,0,0,0,1,,,
n584e3exz7Y_031,n584e3exz7Y,A,31,258.146,262.654,4.508,0,0,0,0,0,1,,,
n584e3exz7Y_032,n584e3exz7Y,A,32,263.298,267.646,4.348,0,0,0,0,0,1,,,
n584e3exz7Y_033,n584e3exz7Y,A,33,268.354,273.406,5.052,0,0,0,0,0,1,,,
n584e3exz7Y_034,n584e3exz7Y,A,34,276.45,279.678,3.228,0,0,0,0,0,1,,,
n584e3exz7Y_035,n584e3exz7Y,A,35,282.53,301.502,18.972,0,0,0,0,0,1,,,
n584e3exz7Y_036,n584e3exz7Y,B,36,307.586,313.726,6.14,0,0,0,0,0,1,,,
n584e3exz7Y_037,n584e3exz7Y,A,37,320.738,324.734,3.996,0,0,0,0,0,1,,,
nCgFcwX9xMw_000,nCgFcwX9xMw,B,0,2.594,42.814,40.22,0,0,0,0,0,1,,,
nCgFcwX9xMw_001,nCgFcwX9xMw,B,1,42.914,54.43,11.516,0,0,0,0,0,1,,,
nCgFcwX9xMw_002,nCgFcwX9xMw,A,2,61.026,63.102,2.076,0,0,0,0,0,1,,,
nCgFcwX9xMw_003,nCgFcwX9xMw,B,3,64.706,71.422,6.716,0,0,0,0,0,1,,,
nCgFcwX9xMw_004,nCgFcwX9xMw,A,4,77.89,81.854,3.964,0,0,0,0,0,1,,,
nKEgFhap4q0_000,nKEgFhap4q0,A,0,0.098,2.942,2.844,0,0,0,0,0,1,,,
nKEgFhap4q0_001,nKEgFhap4q0,A,1,5.314,14.366,9.052,0,0,0,0,0,1,,,
nKEgFhap4q0_002,nKEgFhap4q0,A,2,16.098,30.846,14.748,0,0,0,0,0,1,,,
nKEgFhap4q0_003,nKEgFhap4q0,A,3,32.066,39.006,6.94,0,0,0,0,0,1,,,
nKEgFhap4q0_004,nKEgFhap4q0,B,4,40.13,74.494,34.364,0,0,0,0,0,1,,,
nKEgFhap4q0_005,nKEgFhap4q0,B,5,74.306,107.486,33.18,0,0,0,0,0,1,,,
nKEgFhap4q0_006,nKEgFhap4q0,B,6,107.49,144.126,36.636,0,0,0,0,0,1,,,
nKEgFhap4q0_007,nKEgFhap4q0,B,7,144.066,157.95,13.884,0,0,0,0,0,1,,,
nKEgFhap4q0_008,nKEgFhap4q0,A,8,159.746,168.094,8.348,0,0,0,0,0,1,,,
nKEgFhap4q0_009,nKEgFhap4q0,B,9,169.602,208.798,39.196,0,0,0,0,0,1,,,
nKEgFhap4q0_010,nKEgFhap4q0,B,10,208.738,225.726,16.988,0,0,0,0,0,1,,,
nKEgFhap4q0_011,nKEgFhap4q0,B,11,227.682,234.142,6.46,0,0,0,0,0,1,,,
nKEgFhap4q0_012,nKEgFhap4q0,A,12,240.834,244.83,3.996,0,0,0,0,0,1,,,
naqbrcuqhYc_000,naqbrcuqhYc,A,0,2.786,8.926,6.14,0,0,0,0,0,1,,,
naqbrcuqhYc_001,naqbrcuqhYc,A,1,12.002,34.654,22.652,0,0,0,0,0,1,,,
naqbrcuqhYc_002,naqbrcuqhYc,A,2,37.314,42.846,5.532,0,0,0,0,0,1,,,
naqbrcuqhYc_003,naqbrcuqhYc,A,3,45.986,71.006,25.02,0,0,0,0,0,1,,,
naqbrcuqhYc_004,naqbrcuqhYc,B,4,73.858,112.126,38.268,0,0,0,0,0,1,,,
naqbrcuqhYc_005,naqbrcuqhYc,B,5,111.97,128.19,16.22,0,0,0,0,0,1,,,
naqbrcuqhYc_006,naqbrcuqhYc,A,6,129.826,144.286,14.46,0,0,0,0,0,1,,,
naqbrcuqhYc_007,naqbrcuqhYc,A,7,147.042,164.158,17.116,0,0,0,0,0,1,,,
naqbrcuqhYc_008,naqbrcuqhYc,A,8,166.818,204.51,37.692,0,0,0,0,0,1,,,
naqbrcuqhYc_009,naqbrcuqhYc,A,9,206.05,220.958,14.908,0,0,0,0,0,1,,,
naqbrcuqhYc_010,naqbrcuqhYc,A,10,224.418,233.726,9.308,0,0,0,0,0,1,,,
naqbrcuqhYc_011,naqbrcuqhYc,A,11,235.778,238.622,2.844,0,0,0,0,0,1,,,
naqbrcuqhYc_012,naqbrcuqhYc,A,12,240.418,254.494,14.076,0,0,0,0,0,1,,,
naqbrcuqhYc_013,naqbrcuqhYc,A,13,256.482,264.99,8.508,0,0,0,0,0,1,,,
naqbrcuqhYc_014,naqbrcuqhYc,C,14,270.114,276.67,6.556,0,0,0,0,0,1,,,
naqbrcuqhYc_015,naqbrcuqhYc,A,15,282.114,286.11,3.996,0,0,0,0,0,1,,,
ncIeYYcpTHQ_000,ncIeYYcpTHQ,A,0,0.0,15.55,15.55,0,0,0,0,0,1,,,
ncIeYYcpTHQ_001,ncIeYYcpTHQ,B,1,40.834,80.262,39.428,0,0,0,0,0,1,,,
ncIeYYcpTHQ_002,ncIeYYcpTHQ,B,2,79.962,118.238,38.276,0,0,0,0,0,1,,,
ncIeYYcpTHQ_003,ncIeYYcpTHQ,B,3,118.178,143.454,25.276,0,0,0,0,0,1,,,
ncIeYYcpTHQ_004,ncIeYYcpTHQ,A,4,149.986,153.886,3.9,0,0,0,0,0,1,,,
nfRHPZcp-0Y_000,nfRHPZcp-0Y,A,0,64.45,86.302,21.852,0,0,0,1,1,0,film_clip:李小龍,,
nfRHPZcp-0Y_001,nfRHPZcp-0Y,A,1,86.946,110.014,23.068,0,0,0,1,1,0,film_clip:李小龍,,
nfRHPZcp-0Y_002,nfRHPZcp-0Y,B,2,127.17,133.534,6.364,0,0,0,1,1,0,film_clip:李小龍,,
nfRHPZcp-0Y_003,nfRHPZcp-0Y,A,3,140.098,143.966,3.868,0,0,0,1,1,0,film_clip:李小龍,,
ngkZnFdgUGo_000,ngkZnFdgUGo,B,0,2.05,32.766,30.716,0,0,0,0,0,1,,,
ngkZnFdgUGo_001,ngkZnFdgUGo,A,1,36.162,67.39,31.228,0,0,0,0,0,1,,,
ngkZnFdgUGo_002,ngkZnFdgUGo,A,2,68.258,100.606,32.348,0,0,0,0,0,1,,,
ngkZnFdgUGo_003,ngkZnFdgUGo,B,3,104.002,137.79,33.788,0,0,0,0,0,1,,,
ngkZnFdgUGo_004,ngkZnFdgUGo,B,4,137.602,174.43,36.828,0,0,0,0,0,1,,,
ngkZnFdgUGo_005,ngkZnFdgUGo,B,5,174.402,179.678,5.276,0,0,0,0,0,1,,,
ngkZnFdgUGo_006,ngkZnFdgUGo,A,6,180.93,187.518,6.588,0,0,0,0,0,1,,,
ngkZnFdgUGo_007,ngkZnFdgUGo,A,7,190.466,221.886,31.42,0,0,0,0,0,1,,,
ngkZnFdgUGo_008,ngkZnFdgUGo,A,8,224.226,255.614,31.388,0,0,0,0,0,1,,,
ngkZnFdgUGo_009,ngkZnFdgUGo,A,9,258.914,265.63,6.716,0,0,0,0,0,1,,,
ngkZnFdgUGo_010,ngkZnFdgUGo,B,10,267.33,274.078,6.748,0,0,0,0,0,1,,,
ngkZnFdgUGo_011,ngkZnFdgUGo,A,11,279.49,283.486,3.996,0,0,0,0,0,1,,,
nvTbhTrDJI0_000,nvTbhTrDJI0,A,0,6.338,9.79,3.452,0,0,0,0,0,1,,,
nvTbhTrDJI0_001,nvTbhTrDJI0,A,1,12.29,16.382,4.092,0,0,0,0,0,1,,,
nvTbhTrDJI0_002,nvTbhTrDJI0,A,2,27.266,28.798,1.532,0,0,0,0,0,1,,0.0050095333717763,0
nvTbhTrDJI0_003,nvTbhTrDJI0,A,3,31.33,32.894,1.564,0,0,0,0,0,1,,,
nvTbhTrDJI0_004,nvTbhTrDJI0,C,4,37.154,39.678,2.524,0,0,0,0,0,1,,,
nvTbhTrDJI0_005,nvTbhTrDJI0,A,5,42.306,45.246,2.94,0,0,0,0,0,1,,,
nvTbhTrDJI0_006,nvTbhTrDJI0,A,6,47.714,59.806,12.092,0,0,0,0,0,1,,,
nvTbhTrDJI0_007,nvTbhTrDJI0,A,7,62.594,66.59,3.996,0,0,0,0,0,1,,,
nvTbhTrDJI0_008,nvTbhTrDJI0,A,8,68.77,73.182,4.412,0,0,0,0,0,1,,,
nvTbhTrDJI0_009,nvTbhTrDJI0,A,9,75.554,83.038,7.484,0,0,0,0,0,1,,,
nvTbhTrDJI0_010,nvTbhTrDJI0,B,10,84.258,90.814,6.556,0,0,0,0,0,1,,,
nvTbhTrDJI0_011,nvTbhTrDJI0,A,11,97.346,101.246,3.9,0,0,0,0,0,1,,,
nx01uWRkqlQ_000,nx01uWRkqlQ,A,0,4.802,29.598,24.796,0,0,0,0,0,1,,,
nx01uWRkqlQ_001,nx01uWRkqlQ,A,1,32.322,62.206,29.884,0,0,0,0,0,1,,,
nx01uWRkqlQ_002,nx01uWRkqlQ,A,2,63.714,92.03,28.316,0,0,0,0,0,1,,,
nx01uWRkqlQ_003,nx01uWRkqlQ,A,3,93.858,116.894,23.036,0,0,0,0,0,1,,,
nx01uWRkqlQ_004,nx01uWRkqlQ,A,4,118.498,144.574,26.076,0,0,0,0,0,1,,,
nx01uWRkqlQ_005,nx01uWRkqlQ,A,5,151.522,182.654,31.132,0,0,0,0,0,1,,,
nx01uWRkqlQ_006,nx01uWRkqlQ,A,6,183.874,207.966,24.092,0,0,0,0,0,1,,,
nx01uWRkqlQ_007,nx01uWRkqlQ,A,7,208.482,218.174,9.692,0,0,0,0,0,1,,,
nx01uWRkqlQ_008,nx01uWRkqlQ,A,8,219.074,257.47,38.396,0,0,0,0,0,1,,,
nx01uWRkqlQ_009,nx01uWRkqlQ,A,9,264.098,277.374,13.276,0,0,0,0,0,1,,,
nx01uWRkqlQ_010,nx01uWRkqlQ,A,10,278.018,286.942,8.924,0,0,0,0,0,1,,,
nx01uWRkqlQ_011,nx01uWRkqlQ,A,11,288.77,307.23,18.46,0,0,0,0,0,1,,,
nx01uWRkqlQ_012,nx01uWRkqlQ,A,12,310.338,314.078,3.74,0,0,0,0,0,1,,,
nx01uWRkqlQ_013,nx01uWRkqlQ,B,13,327.522,334.046,6.524,0,0,0,0,0,1,,,
nx01uWRkqlQ_014,nx01uWRkqlQ,A,14,339.49,343.486,3.996,0,0,0,0,0,1,,,
o0tTotoFe5M_000,o0tTotoFe5M,A,0,0.482,6.078,5.596,0,0,0,0,0,1,,,
o0tTotoFe5M_001,o0tTotoFe5M,A,1,6.882,13.662,6.78,0,0,0,0,0,1,,,
o0tTotoFe5M_002,o0tTotoFe5M,B,2,17.506,23.518,6.012,0,0,0,0,0,1,,,
o0tTotoFe5M_003,o0tTotoFe5M,A,3,26.178,43.102,16.924,0,0,0,0,0,1,,,
o0tTotoFe5M_004,o0tTotoFe5M,A,4,45.858,52.958,7.1,0,0,0,0,0,1,,,
o0tTotoFe5M_005,o0tTotoFe5M,B,5,56.098,89.47,33.372,0,0,0,0,0,1,,,
o0tTotoFe5M_006,o0tTotoFe5M,B,6,89.314,98.718,9.404,0,0,0,0,0,1,,,
o0tTotoFe5M_007,o0tTotoFe5M,A,7,101.57,117.982,16.412,0,0,0,0,0,1,,,
o0tTotoFe5M_008,o0tTotoFe5M,A,8,120.45,157.214,36.764,0,0,0,0,0,1,,,
o0tTotoFe5M_009,o0tTotoFe5M,A,9,160.674,181.502,20.828,0,0,0,0,0,1,,,
o0tTotoFe5M_010,o0tTotoFe5M,A,10,183.202,200.862,17.66,0,0,0,0,0,1,,,
o0tTotoFe5M_011,o0tTotoFe5M,A,11,203.874,213.118,9.244,0,0,0,0,0,1,,,
o0tTotoFe5M_012,o0tTotoFe5M,A,12,217.122,219.614,2.492,0,0,0,0,0,1,,,
o0tTotoFe5M_013,o0tTotoFe5M,A,13,222.562,225.374,2.812,0,0,0,0,0,1,,,
o0tTotoFe5M_014,o0tTotoFe5M,A,14,228.002,230.59,2.588,0,0,0,0,0,1,,,
o0tTotoFe5M_015,o0tTotoFe5M,A,15,231.106,234.014,2.908,0,0,0,0,0,1,,,
o0tTotoFe5M_016,o0tTotoFe5M,A,16,242.306,247.678,5.372,0,0,0,0,0,1,,,
o0tTotoFe5M_017,o0tTotoFe5M,A,17,250.242,255.966,5.724,0,0,0,0,0,1,,,
o0tTotoFe5M_018,o0tTotoFe5M,A,18,267.042,272.798,5.756,0,0,0,0,0,1,,,
o0tTotoFe5M_019,o0tTotoFe5M,A,19,285.602,291.614,6.012,0,0,0,0,0,1,,,
o0tTotoFe5M_020,o0tTotoFe5M,A,20,298.306,304.062,5.756,0,0,0,0,0,1,,,
o0tTotoFe5M_021,o0tTotoFe5M,A,21,305.506,317.662,12.156,0,0,0,0,0,1,,,
o0tTotoFe5M_022,o0tTotoFe5M,A,22,320.514,330.494,9.98,0,0,0,0,0,1,,,
o0tTotoFe5M_023,o0tTotoFe5M,A,23,332.29,335.902,3.612,0,0,0,0,0,1,,,
o0tTotoFe5M_024,o0tTotoFe5M,B,24,337.666,359.806,22.14,0,0,0,0,0,1,,,
o0tTotoFe5M_025,o0tTotoFe5M,A,25,361.378,384.766,23.388,0,0,0,0,0,1,,,
o0tTotoFe5M_026,o0tTotoFe5M,A,26,386.818,410.014,23.196,0,0,0,0,0,1,,,
o0tTotoFe5M_027,o0tTotoFe5M,A,27,411.682,435.934,24.252,0,0,0,0,0,1,,,
o0tTotoFe5M_028,o0tTotoFe5M,B,28,437.794,463.646,25.852,0,0,0,0,0,1,,,
o0tTotoFe5M_029,o0tTotoFe5M,B,29,466.114,472.798,6.684,0,0,0,0,0,1,,,
o0tTotoFe5M_030,o0tTotoFe5M,A,30,478.242,482.238,3.996,0,0,0,0,0,1,,,
oHqPUYmq_Ug_000,oHqPUYmq_Ug,A,0,6.498,9.822,3.324,0,0,0,0,0,1,,,
oHqPUYmq_Ug_001,oHqPUYmq_Ug,A,1,12.354,27.614,15.26,0,0,0,0,0,1,,,
oHqPUYmq_Ug_002,oHqPUYmq_Ug,A,2,33.666,35.934,2.268,0,0,0,0,0,1,,,
oHqPUYmq_Ug_003,oHqPUYmq_Ug,A,3,64.802,66.398,1.596,0,0,0,0,0,1,,,
oHqPUYmq_Ug_004,oHqPUYmq_Ug,B,4,71.17,77.918,6.748,0,0,0,0,0,1,,,
oHqPUYmq_Ug_005,oHqPUYmq_Ug,A,5,84.45,88.35,3.9,0,0,0,0,0,1,,,
oRhMEzUTOYU_000,oRhMEzUTOYU,B,0,0.0,36.862,36.862,0,0,0,0,0,1,,,
oRhMEzUTOYU_001,oRhMEzUTOYU,B,1,37.314,49.502,12.188,0,0,0,0,0,1,,,
oRhMEzUTOYU_002,oRhMEzUTOYU,A,2,56.066,59.934,3.868,0,0,0,0,0,1,,,
o__z0xfi-DY_000,o__z0xfi-DY,A,0,241.122,254.302,13.18,0,0,0,0,0,1,,,
o__z0xfi-DY_001,o__z0xfi-DY,B,1,256.898,263.646,6.748,0,0,0,0,0,1,,,
o__z0xfi-DY_002,o__z0xfi-DY,A,2,269.058,273.054,3.996,0,0,0,0,0,1,,,
ofwQOtQzB_M_000,ofwQOtQzB_M,A,0,0.194,3.774,3.58,0,0,1,0,0,0,recitation:朗讀,,
ofwQOtQzB_M_001,ofwQOtQzB_M,B,1,5.186,38.814,33.628,0,0,1,0,0,0,recitation:朗讀,,
ofwQOtQzB_M_002,ofwQOtQzB_M,A,2,40.002,55.07,15.068,0,0,1,0,0,0,recitation:朗讀,,
ofwQOtQzB_M_003,ofwQOtQzB_M,C,3,57.154,96.19,39.036,0,0,1,0,0,0,recitation:朗讀,,
ofwQOtQzB_M_004,ofwQOtQzB_M,C,4,96.482,100.99,4.508,0,0,1,0,0,0,recitation:朗讀,,
ofwQOtQzB_M_005,ofwQOtQzB_M,A,5,104.13,107.774,3.644,0,0,1,0,0,0,recitation:朗讀,,
ofwQOtQzB_M_006,ofwQOtQzB_M,B,6,110.434,116.222,5.788,0,0,1,0,0,0,recitation:朗讀,,
ofwQOtQzB_M_007,ofwQOtQzB_M,A,7,123.586,127.614,4.028,0,0,1,0,0,0,recitation:朗讀,0.0005830447771586,0
p-QSXN8bce4_000,p-QSXN8bce4,A,0,3.138,10.27,7.132,0,0,0,0,0,1,,,
p-QSXN8bce4_001,p-QSXN8bce4,A,1,14.658,33.694,19.036,0,0,0,0,0,1,,,
p-QSXN8bce4_002,p-QSXN8bce4,A,2,36.738,69.63,32.892,0,0,0,0,0,1,,,
p-QSXN8bce4_003,p-QSXN8bce4,A,3,72.642,103.262,30.62,0,0,0,0,0,1,,,
p-QSXN8bce4_004,p-QSXN8bce4,A,4,105.698,111.07,5.372,0,0,0,0,0,1,,,
p-QSXN8bce4_005,p-QSXN8bce4,C,5,112.93,119.678,6.748,0,0,0,0,0,1,,,
p-QSXN8bce4_006,p-QSXN8bce4,A,6,125.09,129.086,3.996,0,0,0,0,0,1,,,
p0JmhpXQ2rw_000,p0JmhpXQ2rw,A,0,0.0,26.526,26.526,0,0,0,1,0,0,film_clip:嘉玲,,
p0JmhpXQ2rw_001,p0JmhpXQ2rw,C,1,45.346,46.846,1.5,0,0,0,1,0,0,film_clip:嘉玲,,
p0JmhpXQ2rw_002,p0JmhpXQ2rw,B,2,73.09,79.518,6.428,0,0,0,1,0,0,film_clip:嘉玲,,
p0JmhpXQ2rw_003,p0JmhpXQ2rw,A,3,86.05,89.95,3.9,0,0,0,1,0,0,film_clip:嘉玲,,
p4Lb0PUk7U4_000,p4Lb0PUk7U4,A,0,1.986,6.046,4.06,0,0,0,0,0,1,,,
p4Lb0PUk7U4_001,p4Lb0PUk7U4,A,1,9.826,12.702,2.876,0,0,0,0,0,1,,,
p4Lb0PUk7U4_002,p4Lb0PUk7U4,A,2,17.634,25.47,7.836,0,0,0,0,0,1,,,
p4Lb0PUk7U4_003,p4Lb0PUk7U4,B,3,35.17,41.662,6.492,0,0,0,0,0,1,,,
p4Lb0PUk7U4_004,p4Lb0PUk7U4,A,4,48.194,52.094,3.9,0,0,0,0,0,1,,,
pHbtsTczrrc_000,pHbtsTczrrc,B,0,0.0,27.806,27.806,0,0,1,0,0,0,recitation:朗讀,,
pHbtsTczrrc_001,pHbtsTczrrc,A,1,28.482,56.094,27.612,0,0,1,0,0,0,recitation:朗讀,,
pHbtsTczrrc_002,pHbtsTczrrc,B,2,57.794,64.478,6.684,0,0,1,0,0,0,recitation:朗讀,,
pHbtsTczrrc_003,pHbtsTczrrc,A,3,71.042,74.942,3.9,0,0,1,0,0,0,recitation:朗讀,,
pObiqaGBlZk_000,pObiqaGBlZk,C,0,0.0,5.246,5.246,0,0,0,0,0,1,,,
pObiqaGBlZk_001,pObiqaGBlZk,B,1,5.794,30.686,24.892,0,0,0,0,0,1,,,
pObiqaGBlZk_002,pObiqaGBlZk,B,2,31.458,39.07,7.612,0,0,0,0,0,1,,,
pObiqaGBlZk_003,pObiqaGBlZk,B,3,40.45,47.198,6.748,0,0,0,0,0,1,,,
pObiqaGBlZk_004,pObiqaGBlZk,A,4,53.762,57.63,3.868,0,0,0,0,0,1,,,
pR4PVYPBNGI_000,pR4PVYPBNGI,A,0,0.0,13.982,13.982,0,0,0,0,0,1,,,
pR4PVYPBNGI_001,pR4PVYPBNGI,A,1,15.138,26.814,11.676,0,0,0,0,0,1,,,
pR4PVYPBNGI_002,pR4PVYPBNGI,A,2,27.682,34.59,6.908,0,0,0,0,0,1,,,
pR4PVYPBNGI_003,pR4PVYPBNGI,A,3,35.522,41.598,6.076,0,0,0,0,0,1,,,
pR4PVYPBNGI_004,pR4PVYPBNGI,A,4,42.818,48.254,5.436,0,0,0,0,0,1,,,
pR4PVYPBNGI_005,pR4PVYPBNGI,B,5,48.866,85.182,36.316,0,0,0,0,0,1,,,
pR4PVYPBNGI_006,pR4PVYPBNGI,B,6,85.186,97.502,12.316,0,0,0,0,0,1,,,
pR4PVYPBNGI_007,pR4PVYPBNGI,A,7,98.242,103.966,5.724,0,0,0,0,0,1,,,
pR4PVYPBNGI_008,pR4PVYPBNGI,A,8,107.97,109.822,1.852,0,0,0,0,0,1,,,
pR4PVYPBNGI_009,pR4PVYPBNGI,B,9,111.234,121.534,10.3,0,0,0,0,0,1,,,
pR4PVYPBNGI_010,pR4PVYPBNGI,B,10,128.034,131.966,3.932,0,0,0,0,0,1,,,
pSywdH596jI_000,pSywdH596jI,A,0,6.338,12.318,5.98,0,0,0,0,0,1,,,
pSywdH596jI_001,pSywdH596jI,A,1,40.61,46.43,5.82,0,0,0,0,0,1,,,
pSywdH596jI_002,pSywdH596jI,A,2,74.722,81.022,6.3,0,0,0,0,0,1,,,
pSywdH596jI_003,pSywdH596jI,A,3,125.506,132.766,7.26,0,0,0,0,0,1,,,
pSywdH596jI_004,pSywdH596jI,B,4,147.426,153.662,6.236,0,0,0,0,0,1,,,
pSywdH596jI_005,pSywdH596jI,A,5,160.194,164.094,3.9,0,0,0,0,0,1,,,
pVn529r5yWc_000,pVn529r5yWc,A,0,9.89,38.686,28.796,0,0,0,0,0,1,,,
pVn529r5yWc_001,pVn529r5yWc,C,1,40.098,73.47,33.372,0,0,0,0,0,1,,0.0039406069554388,0
pVn529r5yWc_002,pVn529r5yWc,B,2,73.378,109.694,36.316,0,0,0,0,0,1,,,
pVn529r5yWc_003,pVn529r5yWc,B,3,109.57,114.526,4.956,0,0,0,0,0,1,,,
pVn529r5yWc_004,pVn529r5yWc,B,4,121.026,124.958,3.932,0,0,0,0,0,1,,,
papSH97_ASI_000,papSH97_ASI,A,0,0.162,9.246,9.084,0,0,0,0,0,1,,,
papSH97_ASI_001,papSH97_ASI,A,1,10.722,26.142,15.42,0,0,0,0,0,1,,,
papSH97_ASI_002,papSH97_ASI,A,2,27.49,33.47,5.98,0,0,0,0,0,1,,,
papSH97_ASI_003,papSH97_ASI,A,3,34.914,72.19,37.276,0,0,0,0,0,1,,,
papSH97_ASI_004,papSH97_ASI,B,4,73.698,91.294,17.596,0,0,0,0,0,1,,,
papSH97_ASI_005,papSH97_ASI,B,5,92.898,99.39,6.492,0,0,0,0,0,1,,,
papSH97_ASI_006,papSH97_ASI,A,6,106.05,110.078,4.028,0,0,0,0,0,1,,,
ph0ZsgRG4w0_000,ph0ZsgRG4w0,A,0,0.0,5.214,5.214,0,0,0,0,0,1,,,
ph0ZsgRG4w0_001,ph0ZsgRG4w0,A,1,6.882,26.59,19.708,0,0,0,0,0,1,,,
ph0ZsgRG4w0_002,ph0ZsgRG4w0,A,2,27.33,42.878,15.548,0,0,0,0,0,1,,,
ph0ZsgRG4w0_003,ph0ZsgRG4w0,B,3,44.034,73.95,29.916,0,0,0,0,0,1,,,
ph0ZsgRG4w0_004,ph0ZsgRG4w0,B,4,80.45,84.382,3.932,0,0,0,0,0,1,,,
pkdxwDYU9Bo_000,pkdxwDYU9Bo,A,0,27.65,57.438,29.788,0,0,0,0,0,1,,,
pkdxwDYU9Bo_001,pkdxwDYU9Bo,A,1,59.842,96.894,37.052,0,0,0,0,0,1,,,
pkdxwDYU9Bo_002,pkdxwDYU9Bo,A,2,98.626,105.118,6.492,0,0,0,0,0,1,,,
pkdxwDYU9Bo_003,pkdxwDYU9Bo,A,3,107.65,123.198,15.548,0,0,0,0,0,1,,,
pkdxwDYU9Bo_004,pkdxwDYU9Bo,A,4,125.666,133.95,8.284,0,0,0,0,0,1,,,
pkdxwDYU9Bo_005,pkdxwDYU9Bo,A,5,134.818,154.174,19.356,0,0,0,0,0,1,,,
pkdxwDYU9Bo_006,pkdxwDYU9Bo,A,6,156.738,164.766,8.028,0,0,0,0,0,1,,,
pkdxwDYU9Bo_007,pkdxwDYU9Bo,B,7,166.978,173.694,6.716,0,0,0,0,0,1,,,
pkdxwDYU9Bo_008,pkdxwDYU9Bo,A,8,179.138,183.134,3.996,0,0,0,0,0,1,,,
pu2RV-9xVtk_000,pu2RV-9xVtk,A,0,0.418,12.478,12.06,0,0,0,0,0,1,,,
pu2RV-9xVtk_001,pu2RV-9xVtk,A,1,21.826,24.958,3.132,0,0,0,0,0,1,,,
pu2RV-9xVtk_002,pu2RV-9xVtk,B,2,37.538,70.462,32.924,0,0,0,0,0,1,,,
pu2RV-9xVtk_003,pu2RV-9xVtk,B,3,70.274,83.166,12.892,0,0,0,0,0,1,,,
pu2RV-9xVtk_004,pu2RV-9xVtk,B,4,83.97,92.702,8.732,0,0,0,0,0,1,,,
pu2RV-9xVtk_005,pu2RV-9xVtk,B,5,92.482,126.782,34.3,0,0,0,0,0,1,,,
pu2RV-9xVtk_006,pu2RV-9xVtk,B,6,128.93,135.71,6.78,0,0,0,0,0,1,,,
pu2RV-9xVtk_007,pu2RV-9xVtk,B,7,142.21,146.142,3.932,0,0,0,0,0,1,,,
q6CTRjrHToY_000,q6CTRjrHToY,B,0,0.0,38.11,38.11,0,0,0,1,1,0,film_clip:李小龍,,
q6CTRjrHToY_001,q6CTRjrHToY,B,1,38.178,77.534,39.356,0,0,0,1,1,0,film_clip:李小龍,,
q6CTRjrHToY_002,q6CTRjrHToY,B,2,77.538,108.35,30.812,0,0,0,1,1,0,film_clip:李小龍,,
q6CTRjrHToY_003,q6CTRjrHToY,B,3,108.45,125.022,16.572,0,0,0,1,1,0,film_clip:李小龍,,
q6CTRjrHToY_004,q6CTRjrHToY,B,4,131.522,135.486,3.964,0,0,0,1,1,0,film_clip:李小龍,,
q8Uuu6cSgDg_000,q8Uuu6cSgDg,B,0,0.0,37.79,37.79,0,0,0,0,0,1,,0.0012876580003648,0
q8Uuu6cSgDg_001,q8Uuu6cSgDg,C,1,37.954,44.67,6.716,0,0,0,0,0,1,,,
q8Uuu6cSgDg_002,q8Uuu6cSgDg,C,2,45.858,58.718,12.86,0,0,0,0,0,1,,,
q8Uuu6cSgDg_003,q8Uuu6cSgDg,C,3,59.618,63.454,3.836,0,0,0,0,0,1,,,
q8Uuu6cSgDg_004,q8Uuu6cSgDg,C,4,64.386,79.422,15.036,0,0,0,0,0,1,,,
q8Uuu6cSgDg_005,q8Uuu6cSgDg,C,5,85.506,112.222,26.716,0,0,0,0,0,1,,,
q8Uuu6cSgDg_006,q8Uuu6cSgDg,C,6,112.898,121.63,8.732,0,0,0,0,0,1,,,
q8Uuu6cSgDg_007,q8Uuu6cSgDg,B,7,128.162,134.878,6.716,0,0,0,0,0,1,,,
q8Uuu6cSgDg_008,q8Uuu6cSgDg,A,8,141.442,145.342,3.9,0,0,0,0,0,1,,,
qFwfiOIRZbg_000,qFwfiOIRZbg,A,0,74.242,85.854,11.612,0,0,0,0,0,1,,,
qFwfiOIRZbg_001,qFwfiOIRZbg,B,1,86.85,93.342,6.492,0,0,0,0,0,1,,,
qFwfiOIRZbg_002,qFwfiOIRZbg,A,2,99.906,103.774,3.868,0,0,0,0,0,1,,,
qT1RaTk0Puw_000,qT1RaTk0Puw,C,0,1.858,7.934,6.076,0,0,0,0,0,1,,,
qT1RaTk0Puw_001,qT1RaTk0Puw,C,1,9.282,12.158,2.876,0,0,0,0,0,1,,,
qT1RaTk0Puw_002,qT1RaTk0Puw,A,2,13.762,18.078,4.316,0,0,0,0,0,1,,,
qT1RaTk0Puw_003,qT1RaTk0Puw,A,3,20.994,33.598,12.604,0,0,0,0,0,1,,,
qT1RaTk0Puw_004,qT1RaTk0Puw,A,4,36.034,58.238,22.204,0,0,0,0,0,1,,,
qT1RaTk0Puw_005,qT1RaTk0Puw,C,5,60.77,63.454,2.684,0,0,0,0,0,1,,,
qT1RaTk0Puw_006,qT1RaTk0Puw,A,6,66.306,73.47,7.164,0,0,0,0,0,1,,,
qT1RaTk0Puw_007,qT1RaTk0Puw,A,7,75.874,80.574,4.7,0,0,0,0,0,1,,,
qT1RaTk0Puw_008,qT1RaTk0Puw,C,8,82.914,85.31,2.396,0,0,0,0,0,1,,,
qT1RaTk0Puw_009,qT1RaTk0Puw,A,9,88.194,97.822,9.628,0,0,0,0,0,1,,,
qT1RaTk0Puw_010,qT1RaTk0Puw,A,10,99.746,106.046,6.3,0,0,0,0,0,1,,,
qT1RaTk0Puw_011,qT1RaTk0Puw,A,11,107.97,110.334,2.364,0,0,0,0,0,1,,,
qT1RaTk0Puw_012,qT1RaTk0Puw,A,12,113.378,120.478,7.1,0,0,0,0,0,1,,,
qT1RaTk0Puw_013,qT1RaTk0Puw,A,13,122.242,125.982,3.74,0,0,0,0,0,1,,,
qT1RaTk0Puw_014,qT1RaTk0Puw,A,14,128.354,137.918,9.564,0,0,0,0,0,1,,,
qT1RaTk0Puw_015,qT1RaTk0Puw,C,15,139.778,142.174,2.396,0,0,0,0,0,1,,,
qT1RaTk0Puw_016,qT1RaTk0Puw,A,16,145.314,151.806,6.492,0,0,0,0,0,1,,,
qT1RaTk0Puw_017,qT1RaTk0Puw,A,17,153.666,161.662,7.996,0,0,0,0,0,1,,,
qT1RaTk0Puw_018,qT1RaTk0Puw,B,18,165.986,172.734,6.748,0,0,0,0,0,1,,,
qT1RaTk0Puw_019,qT1RaTk0Puw,A,19,178.178,182.174,3.996,0,0,0,0,0,1,,,
qbSDBzawSIw_000,qbSDBzawSIw,C,0,0.002,12.094,12.092,0,0,0,0,0,1,,,
qbSDBzawSIw_001,qbSDBzawSIw,C,1,13.698,16.414,2.716,0,0,0,0,0,1,,,
qbSDBzawSIw_002,qbSDBzawSIw,C,2,17.73,20.414,2.684,0,0,0,0,0,1,,,
qbSDBzawSIw_003,qbSDBzawSIw,A,3,22.562,30.942,8.38,0,0,0,0,0,1,,,
qbSDBzawSIw_004,qbSDBzawSIw,C,4,32.482,35.262,2.78,0,0,0,0,0,1,,,
qbSDBzawSIw_005,qbSDBzawSIw,C,5,36.674,39.294,2.62,0,0,0,0,0,1,,,
qbSDBzawSIw_006,qbSDBzawSIw,A,6,40.93,67.838,26.908,0,0,0,0,0,1,,,
qbSDBzawSIw_007,qbSDBzawSIw,A,7,70.146,93.214,23.068,0,0,0,0,0,1,,,
qbSDBzawSIw_008,qbSDBzawSIw,A,8,96.066,102.206,6.14,0,0,0,0,0,1,,,
qbSDBzawSIw_009,qbSDBzawSIw,A,9,105.026,121.31,16.284,0,0,0,0,0,1,,,
qbSDBzawSIw_010,qbSDBzawSIw,A,10,124.066,140.03,15.964,0,0,0,0,0,1,,,
qbSDBzawSIw_011,qbSDBzawSIw,B,11,142.338,148.862,6.524,0,0,0,0,0,1,,,
qbSDBzawSIw_012,qbSDBzawSIw,A,12,154.306,158.302,3.996,0,0,0,0,0,1,,,
qsF93-MjAXQ_000,qsF93-MjAXQ,A,0,0.866,26.782,25.916,0,0,0,0,0,1,,,
qsF93-MjAXQ_001,qsF93-MjAXQ,A,1,29.986,56.414,26.428,0,0,0,0,0,1,,,
qsF93-MjAXQ_002,qsF93-MjAXQ,A,2,59.298,75.486,16.188,0,0,0,0,0,1,,,
qsF93-MjAXQ_003,qsF93-MjAXQ,A,3,78.306,97.694,19.388,0,0,0,0,0,1,,,
qsF93-MjAXQ_004,qsF93-MjAXQ,A,4,100.802,110.654,9.852,0,0,0,0,0,1,,,
qsF93-MjAXQ_005,qsF93-MjAXQ,A,5,113.314,116.35,3.036,0,0,0,0,0,1,,,
qsF93-MjAXQ_006,qsF93-MjAXQ,A,6,117.378,121.022,3.644,0,0,0,0,0,1,,,
qsF93-MjAXQ_007,qsF93-MjAXQ,A,7,123.778,127.486,3.708,0,0,0,0,0,1,,,
qsF93-MjAXQ_008,qsF93-MjAXQ,A,8,130.434,133.246,2.812,0,0,0,0,0,1,,,
qsF93-MjAXQ_009,qsF93-MjAXQ,A,9,136.45,140.446,3.996,0,0,0,0,0,1,,,
qsF93-MjAXQ_010,qsF93-MjAXQ,A,10,148.29,168.478,20.188,0,0,0,0,0,1,,,
qsF93-MjAXQ_011,qsF93-MjAXQ,A,11,171.522,178.174,6.652,0,0,0,0,0,1,,,
qsF93-MjAXQ_012,qsF93-MjAXQ,B,12,180.002,186.686,6.684,0,0,0,0,0,1,,,
qsF93-MjAXQ_013,qsF93-MjAXQ,A,13,192.13,196.126,3.996,0,0,0,0,0,1,,,
qxx187UEnMQ_000,qxx187UEnMQ,A,0,4.802,29.63,24.828,0,0,0,0,0,1,,,
qxx187UEnMQ_001,qxx187UEnMQ,A,1,32.322,62.238,29.916,0,0,0,0,0,1,,,
qxx187UEnMQ_002,qxx187UEnMQ,A,2,63.714,92.062,28.348,0,0,0,0,0,1,,,
qxx187UEnMQ_003,qxx187UEnMQ,A,3,93.858,116.926,23.068,0,0,0,0,0,1,,,
qxx187UEnMQ_004,qxx187UEnMQ,A,4,118.53,144.574,26.044,0,0,0,0,0,1,,,
qxx187UEnMQ_005,qxx187UEnMQ,A,5,151.554,182.174,30.62,0,0,0,0,0,1,,,
qxx187UEnMQ_006,qxx187UEnMQ,A,6,183.906,207.966,24.06,0,0,0,0,0,1,,,
qxx187UEnMQ_007,qxx187UEnMQ,A,7,208.482,217.886,9.404,0,0,0,0,0,1,,,
qxx187UEnMQ_008,qxx187UEnMQ,A,8,219.394,257.502,38.108,0,0,0,0,0,1,,,
qxx187UEnMQ_009,qxx187UEnMQ,A,9,264.13,286.974,22.844,0,0,0,0,0,1,,,
qxx187UEnMQ_010,qxx187UEnMQ,A,10,288.802,307.262,18.46,0,0,0,0,0,1,,,
qxx187UEnMQ_011,qxx187UEnMQ,A,11,310.914,314.686,3.772,0,0,0,0,0,1,,,
qxx187UEnMQ_012,qxx187UEnMQ,B,12,326.626,333.086,6.46,0,0,0,0,0,1,,,
qxx187UEnMQ_013,qxx187UEnMQ,A,13,339.522,343.518,3.996,0,0,0,0,0,1,,,
qyI11NALuMs_000,qyI11NALuMs,A,0,0.642,3.998,3.356,0,0,0,0,0,1,,,
qyI11NALuMs_001,qyI11NALuMs,A,1,4.578,7.902,3.324,0,0,0,0,0,1,,,
qyI11NALuMs_002,qyI11NALuMs,B,2,112.866,119.038,6.172,0,0,0,0,0,1,,,
qyI11NALuMs_003,qyI11NALuMs,A,3,125.666,129.502,3.836,0,0,0,0,0,1,,,
qzm-lyaKGkg_000,qzm-lyaKGkg,A,0,2.946,5.15,2.204,0,0,0,0,0,1,,,
qzm-lyaKGkg_001,qzm-lyaKGkg,A,1,38.498,44.19,5.692,0,0,0,0,0,1,,,
qzm-lyaKGkg_002,qzm-lyaKGkg,A,2,44.994,50.878,5.884,0,0,0,0,0,1,,,
qzm-lyaKGkg_003,qzm-lyaKGkg,A,3,52.322,58.11,5.788,0,0,0,0,0,1,,,
qzm-lyaKGkg_004,qzm-lyaKGkg,A,4,59.362,65.31,5.948,0,0,0,0,0,1,,,
qzm-lyaKGkg_005,qzm-lyaKGkg,A,5,66.37,72.51,6.14,0,0,0,0,0,1,,,
qzm-lyaKGkg_006,qzm-lyaKGkg,A,6,74.146,79.998,5.852,0,0,0,0,0,1,,,
qzm-lyaKGkg_007,qzm-lyaKGkg,B,7,128.866,133.566,4.7,0,0,0,0,0,1,,,
qzm-lyaKGkg_008,qzm-lyaKGkg,A,8,140.13,143.998,3.868,0,0,0,0,0,1,,,
r30aV9fQcr0_000,r30aV9fQcr0,A,0,0.0,17.054,17.054,0,0,0,0,0,1,,,
r30aV9fQcr0_001,r30aV9fQcr0,A,1,17.826,22.91,5.084,0,0,0,0,0,1,,,
r30aV9fQcr0_002,r30aV9fQcr0,A,2,25.474,29.534,4.06,0,0,0,0,0,1,,,
r30aV9fQcr0_003,r30aV9fQcr0,A,3,42.786,45.694,2.908,0,0,0,0,0,1,,,
r30aV9fQcr0_004,r30aV9fQcr0,A,4,60.45,64.094,3.644,0,0,0,0,0,1,,,
r30aV9fQcr0_005,r30aV9fQcr0,A,5,64.738,75.102,10.364,0,0,0,0,0,1,,,
r30aV9fQcr0_006,r30aV9fQcr0,A,6,76.034,80.382,4.348,0,0,0,0,0,1,,,
r30aV9fQcr0_007,r30aV9fQcr0,A,7,87.106,92.254,5.148,0,0,0,0,0,1,,,
r30aV9fQcr0_008,r30aV9fQcr0,A,8,104.61,129.598,24.988,0,0,0,0,0,1,,,
r30aV9fQcr0_009,r30aV9fQcr0,A,9,183.554,192.414,8.86,0,0,0,0,0,1,,,
r30aV9fQcr0_010,r30aV9fQcr0,A,10,200.354,205.534,5.18,0,0,0,0,0,1,,,
r30aV9fQcr0_011,r30aV9fQcr0,B,11,208.322,214.846,6.524,0,0,0,0,0,1,,,
r30aV9fQcr0_012,r30aV9fQcr0,B,12,221.378,225.31,3.932,0,0,0,0,0,1,,,
r37jvdvehRQ_000,r37jvdvehRQ,B,0,0.0,18.174,18.174,0,0,0,0,0,1,,,
r37jvdvehRQ_001,r37jvdvehRQ,B,1,18.018,50.334,32.316,0,0,0,0,0,1,,,
r37jvdvehRQ_002,r37jvdvehRQ,B,2,78.242,111.166,32.924,0,0,0,0,0,1,,,
r37jvdvehRQ_003,r37jvdvehRQ,A,3,117.666,121.566,3.9,0,0,0,0,0,1,,,
r68V8aBfZD8_000,r68V8aBfZD8,B,0,59.362,78.238,18.876,1,0,0,1,1,0,parody:配音;film_clip:李小龍,,
r68V8aBfZD8_001,r68V8aBfZD8,B,1,78.05,103.614,25.564,1,0,0,1,1,0,parody:配音;film_clip:李小龍,,
r68V8aBfZD8_002,r68V8aBfZD8,A,2,104.354,106.206,1.852,1,0,0,1,1,0,parody:配音;film_clip:李小龍,,
r68V8aBfZD8_003,r68V8aBfZD8,A,3,106.818,108.542,1.724,1,0,0,1,1,0,parody:配音;film_clip:李小龍,,
r68V8aBfZD8_004,r68V8aBfZD8,C,4,117.858,127.038,9.18,1,0,0,1,1,0,parody:配音;film_clip:李小龍,,
r68V8aBfZD8_005,r68V8aBfZD8,B,5,129.794,168.03,38.236,1,0,0,1,1,0,parody:配音;film_clip:李小龍,,
r68V8aBfZD8_006,r68V8aBfZD8,B,6,182.178,219.134,36.956,1,0,0,1,1,0,parody:配音;film_clip:李小龍,,
r68V8aBfZD8_007,r68V8aBfZD8,B,7,259.97,289.022,29.052,1,0,0,1,1,0,parody:配音;film_clip:李小龍,,
r68V8aBfZD8_008,r68V8aBfZD8,B,8,288.738,323.414,34.676,1,0,0,1,1,0,parody:配音;film_clip:李小龍,,
r68V8aBfZD8_009,r68V8aBfZD8,B,9,323.114,359.166,36.052,1,0,0,1,1,0,parody:配音;film_clip:李小龍,,
r68V8aBfZD8_010,r68V8aBfZD8,B,10,362.274,369.054,6.78,1,0,0,1,1,0,parody:配音;film_clip:李小龍,,
r68V8aBfZD8_011,r68V8aBfZD8,B,11,375.554,379.518,3.964,1,0,0,1,1,0,parody:配音;film_clip:李小龍,,
r7ZgEKq-UVQ_000,r7ZgEKq-UVQ,A,0,44.866,51.422,6.556,0,0,0,1,1,0,film_clip:謝賢,,
r7ZgEKq-UVQ_001,r7ZgEKq-UVQ,B,1,114.722,119.326,4.604,0,0,0,1,1,0,film_clip:謝賢,,
r7ZgEKq-UVQ_002,r7ZgEKq-UVQ,B,2,125.954,129.886,3.932,0,0,0,1,1,0,film_clip:謝賢,,
rSk0-BdtAok_000,rSk0-BdtAok,B,0,0.066,5.406,5.34,0,0,1,0,0,0,recitation:朗讀,,
rSk0-BdtAok_001,rSk0-BdtAok,A,1,6.05,20.446,14.396,0,0,1,0,0,0,recitation:朗讀,,
rSk0-BdtAok_002,rSk0-BdtAok,B,2,21.89,28.638,6.748,0,0,1,0,0,0,recitation:朗讀,,
rWbXz8eei7Q_000,rWbXz8eei7Q,A,0,0.066,16.798,16.732,0,0,0,0,0,1,,,
rWbXz8eei7Q_001,rWbXz8eei7Q,A,1,17.666,32.254,14.588,0,0,0,0,0,1,,,
rWbXz8eei7Q_002,rWbXz8eei7Q,A,2,34.754,41.47,6.716,0,0,0,0,0,1,,,
rWbXz8eei7Q_003,rWbXz8eei7Q,B,3,43.714,81.31,37.596,0,0,0,0,0,1,,,
rWbXz8eei7Q_004,rWbXz8eei7Q,B,4,81.154,91.326,10.172,0,0,0,0,0,1,,,
rWbXz8eei7Q_005,rWbXz8eei7Q,A,5,92.706,97.918,5.212,0,0,0,0,0,1,,,
rWbXz8eei7Q_006,rWbXz8eei7Q,B,6,99.49,113.694,14.204,0,0,0,0,0,1,,,
rWbXz8eei7Q_007,rWbXz8eei7Q,A,7,114.242,130.142,15.9,0,0,0,0,0,1,,,
rWbXz8eei7Q_008,rWbXz8eei7Q,A,8,133.698,164.574,30.876,0,0,0,0,0,1,,,
rWbXz8eei7Q_009,rWbXz8eei7Q,A,9,165.122,191.07,25.948,0,0,0,0,0,1,,,
rWbXz8eei7Q_010,rWbXz8eei7Q,A,10,194.626,202.238,7.612,0,0,0,0,0,1,,,
rWbXz8eei7Q_011,rWbXz8eei7Q,A,11,204.93,226.078,21.148,0,0,0,0,0,1,,,
rWbXz8eei7Q_012,rWbXz8eei7Q,A,12,228.61,237.118,8.508,0,0,0,0,0,1,,,
rWbXz8eei7Q_013,rWbXz8eei7Q,A,13,239.682,243.358,3.676,0,0,0,0,0,1,,,
rWbXz8eei7Q_014,rWbXz8eei7Q,A,14,244.002,262.398,18.396,0,0,0,0,0,1,,,
rWbXz8eei7Q_015,rWbXz8eei7Q,B,15,269.218,275.902,6.684,0,0,0,0,0,1,,,
rWbXz8eei7Q_016,rWbXz8eei7Q,A,16,281.346,285.342,3.996,0,0,0,0,0,1,,,
rgJOFwBIlsI_000,rgJOFwBIlsI,A,0,11.586,37.534,25.948,0,0,0,0,0,1,,,
rgJOFwBIlsI_001,rgJOFwBIlsI,A,1,40.578,48.03,7.452,0,0,0,0,0,1,,,
rgJOFwBIlsI_002,rgJOFwBIlsI,A,2,51.458,54.078,2.62,0,0,0,0,0,1,,,
rgJOFwBIlsI_003,rgJOFwBIlsI,A,3,58.53,78.206,19.676,0,0,0,0,0,1,,,
rgJOFwBIlsI_004,rgJOFwBIlsI,A,4,79.042,82.526,3.484,0,0,0,0,0,1,,,
rgJOFwBIlsI_005,rgJOFwBIlsI,B,5,83.778,109.374,25.596,0,0,0,0,0,1,,,
rgJOFwBIlsI_006,rgJOFwBIlsI,B,6,109.442,126.814,17.372,0,0,0,0,0,1,,,
rgJOFwBIlsI_007,rgJOFwBIlsI,A,7,129.474,154.398,24.924,0,0,0,0,0,1,,,
rgJOFwBIlsI_008,rgJOFwBIlsI,A,8,157.73,192.51,34.78,0,0,0,0,0,1,,,
rgJOFwBIlsI_009,rgJOFwBIlsI,A,9,195.522,213.854,18.332,0,0,0,0,0,1,,,
rgJOFwBIlsI_010,rgJOFwBIlsI,A,10,216.642,232.382,15.74,0,0,0,0,0,1,,,
rgJOFwBIlsI_011,rgJOFwBIlsI,B,11,233.73,240.478,6.748,0,0,0,0,0,1,,,
rgJOFwBIlsI_012,rgJOFwBIlsI,A,12,245.89,249.886,3.996,0,0,0,0,0,1,,,
rhugJ6AP5Yk_000,rhugJ6AP5Yk,A,0,1.762,19.294,17.532,0,0,0,0,0,1,,,
rhugJ6AP5Yk_001,rhugJ6AP5Yk,B,1,21.826,54.302,32.476,0,0,0,0,0,1,,,
rhugJ6AP5Yk_002,rhugJ6AP5Yk,C,2,58.722,61.342,2.62,0,0,0,0,0,1,,,
rhugJ6AP5Yk_003,rhugJ6AP5Yk,A,3,61.922,84.094,22.172,0,0,0,0,0,1,,,
rhugJ6AP5Yk_004,rhugJ6AP5Yk,C,4,89.026,92.062,3.036,0,0,0,0,0,1,,,
rhugJ6AP5Yk_005,rhugJ6AP5Yk,B,5,93.09,132.894,39.804,0,0,0,0,0,1,,,
rhugJ6AP5Yk_006,rhugJ6AP5Yk,C,6,132.866,156.062,23.196,0,0,0,0,0,1,,,
rhugJ6AP5Yk_007,rhugJ6AP5Yk,B,7,163.33,169.854,6.524,0,0,0,0,0,1,,,
rhugJ6AP5Yk_008,rhugJ6AP5Yk,A,8,175.266,179.262,3.996,0,0,0,0,0,1,,,
rqqxzCLau5g_000,rqqxzCLau5g,A,0,0.674,10.59,9.916,0,0,0,0,0,1,,,
rqqxzCLau5g_001,rqqxzCLau5g,A,1,12.13,35.454,23.324,0,0,0,0,0,1,,,
rqqxzCLau5g_002,rqqxzCLau5g,A,2,38.978,56.83,17.852,0,0,0,0,0,1,,,
rqqxzCLau5g_003,rqqxzCLau5g,A,3,59.97,84.574,24.604,0,0,0,0,0,1,,,
rqqxzCLau5g_004,rqqxzCLau5g,A,4,85.922,117.502,31.58,0,0,0,0,0,1,,,
rqqxzCLau5g_005,rqqxzCLau5g,B,5,118.882,157.63,38.748,0,0,0,0,0,1,,,
rqqxzCLau5g_006,rqqxzCLau5g,B,6,157.474,162.334,4.86,0,0,0,0,0,1,,,
rqqxzCLau5g_007,rqqxzCLau5g,A,7,164.93,169.694,4.764,0,0,0,0,0,1,,,
rqqxzCLau5g_008,rqqxzCLau5g,A,8,171.01,176.062,5.052,0,0,0,0,0,1,,,
rqqxzCLau5g_009,rqqxzCLau5g,A,9,176.834,181.95,5.116,0,0,0,0,0,1,,0.0056303292512893,0
rqqxzCLau5g_010,rqqxzCLau5g,B,10,183.01,189.726,6.716,0,0,0,0,0,1,,,
rqqxzCLau5g_011,rqqxzCLau5g,A,11,195.17,199.166,3.996,0,0,0,0,0,1,,,
s1Hxy1SKwNg_000,s1Hxy1SKwNg,A,0,16.546,21.694,5.148,0,0,1,0,0,0,recitation:朗讀,,
s1Hxy1SKwNg_001,s1Hxy1SKwNg,A,1,22.242,27.358,5.116,0,0,1,0,0,0,recitation:朗讀,,
s1Hxy1SKwNg_002,s1Hxy1SKwNg,A,2,30.978,36.126,5.148,0,0,1,0,0,0,recitation:朗讀,,
s1Hxy1SKwNg_003,s1Hxy1SKwNg,A,3,36.642,41.694,5.052,0,0,1,0,0,0,recitation:朗讀,,
s1Hxy1SKwNg_004,s1Hxy1SKwNg,A,4,42.242,52.734,10.492,0,0,1,0,0,0,recitation:朗讀,,
s1Hxy1SKwNg_005,s1Hxy1SKwNg,A,5,56.514,68.862,12.348,0,0,1,0,0,0,recitation:朗讀,,
s1Hxy1SKwNg_006,s1Hxy1SKwNg,A,6,72.738,97.47,24.732,0,0,1,0,0,0,recitation:朗讀,,
s1Hxy1SKwNg_007,s1Hxy1SKwNg,A,7,101.09,113.086,11.996,0,0,1,0,0,0,recitation:朗讀,,
s1Hxy1SKwNg_008,s1Hxy1SKwNg,B,8,114.466,121.246,6.78,0,0,1,0,0,0,recitation:朗讀,,
s1Hxy1SKwNg_009,s1Hxy1SKwNg,B,9,127.746,131.678,3.932,0,0,1,0,0,0,recitation:朗讀,,
s4lX4_WNRic_000,s4lX4_WNRic,A,0,3.298,7.166,3.868,0,0,1,0,0,0,recitation:朗讀,,
s4lX4_WNRic_001,s4lX4_WNRic,A,1,7.81,10.014,2.204,0,0,1,0,0,0,recitation:朗讀,,
s4lX4_WNRic_002,s4lX4_WNRic,A,2,11.138,13.15,2.012,0,0,1,0,0,0,recitation:朗讀,,
s4lX4_WNRic_003,s4lX4_WNRic,A,3,14.85,25.118,10.268,0,0,1,0,0,0,recitation:朗讀,,
s4lX4_WNRic_004,s4lX4_WNRic,A,4,25.826,30.462,4.636,0,0,1,0,0,0,recitation:朗讀,,
s4lX4_WNRic_005,s4lX4_WNRic,B,5,31.17,40.126,8.956,0,0,1,0,0,0,recitation:朗讀,,
s4lX4_WNRic_006,s4lX4_WNRic,A,6,46.658,50.558,3.9,0,0,1,0,0,0,recitation:朗讀,,
sOQ01mpqfs0_000,sOQ01mpqfs0,A,0,3.362,7.294,3.932,0,0,0,0,0,1,,,
sOQ01mpqfs0_001,sOQ01mpqfs0,A,1,8.962,12.926,3.964,0,0,0,0,0,1,,,
sOQ01mpqfs0_002,sOQ01mpqfs0,A,2,21.154,25.406,4.252,0,0,0,0,0,1,,,
sOQ01mpqfs0_003,sOQ01mpqfs0,A,3,40.354,44.286,3.932,0,0,0,0,0,1,,,
sOQ01mpqfs0_004,sOQ01mpqfs0,B,4,58.626,63.23,4.604,0,0,0,0,0,1,,,
sOQ01mpqfs0_005,sOQ01mpqfs0,A,5,69.858,73.726,3.868,0,0,0,0,0,1,,,
swwK7bQDriw_000,swwK7bQDriw,A,0,8.194,22.526,14.332,0,0,0,1,1,0,film_clip:林鳳,,
swwK7bQDriw_001,swwK7bQDriw,A,1,23.266,25.022,1.756,0,0,0,1,1,0,film_clip:林鳳,,
swwK7bQDriw_002,swwK7bQDriw,A,2,25.986,27.614,1.628,0,0,0,1,1,0,film_clip:林鳳,,
swwK7bQDriw_003,swwK7bQDriw,A,3,28.418,30.238,1.82,0,0,0,1,1,0,film_clip:林鳳,,
swwK7bQDriw_004,swwK7bQDriw,B,4,32.322,68.318,35.996,0,0,0,1,1,0,film_clip:林鳳,,
swwK7bQDriw_005,swwK7bQDriw,B,5,68.354,74.11,5.756,0,0,0,1,1,0,film_clip:林鳳,,
swwK7bQDriw_006,swwK7bQDriw,B,6,75.842,114.526,38.684,0,0,0,1,1,0,film_clip:林鳳,,
swwK7bQDriw_007,swwK7bQDriw,B,7,114.37,124.222,9.852,0,0,0,1,1,0,film_clip:林鳳,,
swwK7bQDriw_008,swwK7bQDriw,B,8,128.418,134.942,6.524,0,0,0,1,1,0,film_clip:林鳳,,
swwK7bQDriw_009,swwK7bQDriw,A,9,141.474,145.374,3.9,0,0,0,1,1,0,film_clip:林鳳,,
t4BuTm6iF-I_000,t4BuTm6iF-I,B,0,0.0,6.11,6.11,0,0,0,0,0,1,,,
t4BuTm6iF-I_001,t4BuTm6iF-I,A,1,9.506,13.438,3.932,0,0,0,0,0,1,,,
t4BuTm6iF-I_002,t4BuTm6iF-I,C,2,14.338,16.574,2.236,0,0,0,0,0,1,,,
t4BuTm6iF-I_003,t4BuTm6iF-I,A,3,18.882,43.23,24.348,0,0,0,0,0,1,,,
t4BuTm6iF-I_004,t4BuTm6iF-I,A,4,49.858,53.886,4.028,0,0,0,0,0,1,,,
t6scQL95LAM_000,t6scQL95LAM,B,0,0.0,7.494,7.494,0,0,0,1,1,0,film_clip:林鳳,,
t6scQL95LAM_001,t6scQL95LAM,B,1,7.194,40.966,33.772,0,0,0,1,1,0,film_clip:林鳳,,
t6scQL95LAM_002,t6scQL95LAM,B,2,40.666,80.83,40.164,0,0,0,1,1,0,film_clip:林鳳,,
t6scQL95LAM_003,t6scQL95LAM,B,3,81.186,99.998,18.812,0,0,0,1,1,0,film_clip:林鳳,,
t6scQL95LAM_004,t6scQL95LAM,A,4,108.994,141.214,32.22,0,0,0,1,1,0,film_clip:林鳳,,
t6scQL95LAM_005,t6scQL95LAM,A,5,146.722,162.846,16.124,0,0,0,1,1,0,film_clip:林鳳,,
t6scQL95LAM_006,t6scQL95LAM,A,6,166.434,176.99,10.556,0,0,0,1,1,0,film_clip:林鳳,,
t6scQL95LAM_007,t6scQL95LAM,B,7,178.786,185.566,6.78,0,0,0,1,1,0,film_clip:林鳳,,
t6scQL95LAM_008,t6scQL95LAM,A,8,192.066,195.966,3.9,0,0,0,1,1,0,film_clip:林鳳,,
tKdmT0JtFhY_000,tKdmT0JtFhY,B,0,0.0,31.614,31.614,0,0,0,0,0,1,,,
tKdmT0JtFhY_001,tKdmT0JtFhY,B,1,31.49,53.086,21.596,0,0,0,0,0,1,,,
tKdmT0JtFhY_002,tKdmT0JtFhY,B,2,54.338,61.086,6.748,0,0,0,0,0,1,,,
tKdmT0JtFhY_003,tKdmT0JtFhY,A,3,67.522,71.55,4.028,0,0,0,0,0,1,,,
tMvCw-t6-Uc_000,tMvCw-t6-Uc,A,0,0.258,30.398,30.14,0,0,0,1,1,0,film_clip:李小龍,,
tMvCw-t6-Uc_001,tMvCw-t6-Uc,C,1,61.794,95.39,33.596,0,0,0,1,1,0,film_clip:李小龍,0.0301934052258729,1
tMvCw-t6-Uc_002,tMvCw-t6-Uc,A,2,96.962,106.59,9.628,0,0,0,1,1,0,film_clip:李小龍,,
tMvCw-t6-Uc_003,tMvCw-t6-Uc,A,3,108.322,129.31,20.988,0,0,0,1,1,0,film_clip:李小龍,,
tMvCw-t6-Uc_004,tMvCw-t6-Uc,C,4,139.97,142.75,2.78,0,0,0,1,1,0,film_clip:李小龍,0.2407769709825515,0
tMvCw-t6-Uc_005,tMvCw-t6-Uc,B,5,146.978,152.702,5.724,0,0,0,1,1,0,film_clip:李小龍,,
tMvCw-t6-Uc_006,tMvCw-t6-Uc,A,6,153.954,183.358,29.404,0,0,0,1,1,0,film_clip:李小龍,,
tMvCw-t6-Uc_007,tMvCw-t6-Uc,C,7,188.802,191.742,2.94,0,0,0,1,1,0,film_clip:李小龍,,
tMvCw-t6-Uc_008,tMvCw-t6-Uc,C,8,201.154,214.43,13.276,0,0,0,1,1,0,film_clip:李小龍,,
tMvCw-t6-Uc_009,tMvCw-t6-Uc,A,9,227.938,254.334,26.396,0,0,0,1,1,0,film_clip:李小龍,,
tMvCw-t6-Uc_010,tMvCw-t6-Uc,C,10,268.354,274.846,6.492,0,0,0,1,1,0,film_clip:李小龍,,
tMvCw-t6-Uc_011,tMvCw-t6-Uc,C,11,275.65,286.462,10.812,0,0,0,1,1,0,film_clip:李小龍,,
tMvCw-t6-Uc_012,tMvCw-t6-Uc,C,12,288.482,290.782,2.3,0,0,0,1,1,0,film_clip:李小龍,,
tMvCw-t6-Uc_013,tMvCw-t6-Uc,C,13,292.034,294.686,2.652,0,0,0,1,1,0,film_clip:李小龍,,
tMvCw-t6-Uc_014,tMvCw-t6-Uc,C,14,296.45,311.582,15.132,0,0,0,1,1,0,film_clip:李小龍,,
tMvCw-t6-Uc_015,tMvCw-t6-Uc,B,15,312.354,351.454,39.1,0,0,0,1,1,0,film_clip:李小龍,,
tMvCw-t6-Uc_016,tMvCw-t6-Uc,B,16,351.33,354.43,3.1,0,0,0,1,1,0,film_clip:李小龍,,
tMvCw-t6-Uc_017,tMvCw-t6-Uc,A,17,360.802,364.83,4.028,0,0,0,1,1,0,film_clip:李小龍,,
t_Yba4h9w4c_000,t_Yba4h9w4c,B,0,26.146,65.886,39.74,0,0,0,0,0,1,,,
t_Yba4h9w4c_001,t_Yba4h9w4c,B,1,66.114,72.126,6.012,0,0,0,0,0,1,,,
t_Yba4h9w4c_002,t_Yba4h9w4c,A,2,72.77,99.582,26.812,0,0,0,0,0,1,,,
t_Yba4h9w4c_003,t_Yba4h9w4c,A,3,100.13,106.334,6.204,0,0,0,0,0,1,,,
t_Yba4h9w4c_004,t_Yba4h9w4c,A,4,106.914,113.31,6.396,0,0,0,0,0,1,,,
t_Yba4h9w4c_005,t_Yba4h9w4c,B,5,114.37,135.454,21.084,0,0,0,0,0,1,,,
t_Yba4h9w4c_006,t_Yba4h9w4c,B,6,141.954,145.918,3.964,0,0,0,0,0,1,,,
tcPb6iRCaJA_000,tcPb6iRCaJA,B,0,0.0,37.182,37.182,0,0,0,0,0,1,,,
tcPb6iRCaJA_001,tcPb6iRCaJA,B,1,37.25,51.262,14.012,0,0,0,0,0,1,,,
tcPb6iRCaJA_002,tcPb6iRCaJA,B,2,54.082,90.814,36.732,0,0,0,0,0,1,,,
tcPb6iRCaJA_003,tcPb6iRCaJA,B,3,90.69,97.502,6.812,0,0,0,0,0,1,,,
tcPb6iRCaJA_004,tcPb6iRCaJA,A,4,99.458,109.47,10.012,0,0,0,0,0,1,,,
tcPb6iRCaJA_005,tcPb6iRCaJA,A,5,110.658,139.614,28.956,0,0,0,0,0,1,,,
tcPb6iRCaJA_006,tcPb6iRCaJA,B,6,144.61,155.838,11.228,0,0,0,0,0,1,,,
tcPb6iRCaJA_007,tcPb6iRCaJA,A,7,161.73,165.726,3.996,0,0,0,0,0,1,,,
tghzGEXcWME_000,tghzGEXcWME,A,0,3.586,7.102,3.516,0,0,0,0,0,1,,,
tghzGEXcWME_001,tghzGEXcWME,A,1,8.802,12.414,3.612,0,0,0,0,0,1,,,
tghzGEXcWME_002,tghzGEXcWME,A,2,13.826,19.838,6.012,0,0,0,0,0,1,,,
tghzGEXcWME_003,tghzGEXcWME,A,3,21.506,25.822,4.316,0,0,0,0,0,1,,,
tghzGEXcWME_004,tghzGEXcWME,A,4,28.866,58.43,29.564,0,0,0,0,0,1,,,
tghzGEXcWME_005,tghzGEXcWME,A,5,60.13,81.31,21.18,0,0,0,0,0,1,,,
tghzGEXcWME_006,tghzGEXcWME,A,6,83.81,92.446,8.636,0,0,0,0,0,1,,,
tghzGEXcWME_007,tghzGEXcWME,A,7,93.89,119.294,25.404,0,0,0,0,0,1,,,
tghzGEXcWME_008,tghzGEXcWME,A,8,120.994,138.206,17.212,0,0,0,0,0,1,,,
tghzGEXcWME_009,tghzGEXcWME,A,9,140.034,150.59,10.556,0,0,0,0,0,1,,,
tghzGEXcWME_010,tghzGEXcWME,A,10,153.474,178.11,24.636,0,0,0,0,0,1,,,
tghzGEXcWME_011,tghzGEXcWME,A,11,180.93,187.07,6.14,0,0,0,0,0,1,,,
tghzGEXcWME_012,tghzGEXcWME,B,12,195.522,202.27,6.748,0,0,0,0,0,1,,,
tghzGEXcWME_013,tghzGEXcWME,A,13,207.682,211.71,4.028,0,0,0,0,0,1,,,
tiAZXns5K2o_000,tiAZXns5K2o,A,0,11.714,25.886,14.172,0,0,0,1,1,0,film_clip:李小龍,,
tiAZXns5K2o_001,tiAZXns5K2o,A,1,70.85,76.414,5.564,0,0,0,1,1,0,film_clip:李小龍,,
tiAZXns5K2o_002,tiAZXns5K2o,B,2,81.218,110.718,29.5,0,0,0,1,1,0,film_clip:李小龍,,
tiAZXns5K2o_003,tiAZXns5K2o,A,3,121.634,125.054,3.42,0,0,0,1,1,0,film_clip:李小龍,,
tiAZXns5K2o_004,tiAZXns5K2o,B,4,127.714,144.574,16.86,0,0,0,1,1,0,film_clip:李小龍,,
tiAZXns5K2o_005,tiAZXns5K2o,B,5,144.482,170.238,25.756,0,0,0,1,1,0,film_clip:李小龍,,
tiAZXns5K2o_006,tiAZXns5K2o,C,6,171.746,173.438,1.692,0,0,0,1,1,0,film_clip:李小龍,,
tiAZXns5K2o_007,tiAZXns5K2o,B,7,176.354,211.486,35.132,0,0,0,1,1,0,film_clip:李小龍,,
tiAZXns5K2o_008,tiAZXns5K2o,A,8,217.954,221.854,3.9,0,0,0,1,1,0,film_clip:李小龍,,
tpE-yiRudx4_000,tpE-yiRudx4,A,0,0.61,8.766,8.156,0,0,0,0,0,1,,,
tpE-yiRudx4_001,tpE-yiRudx4,A,1,12.066,19.838,7.772,0,0,0,0,0,1,,,
tpE-yiRudx4_002,tpE-yiRudx4,A,2,22.914,29.598,6.684,0,0,0,0,0,1,,,
tpE-yiRudx4_003,tpE-yiRudx4,A,3,33.186,40.798,7.612,0,0,0,0,0,1,,,
tpE-yiRudx4_004,tpE-yiRudx4,A,4,43.81,73.022,29.212,0,0,0,0,0,1,,,
tpE-yiRudx4_005,tpE-yiRudx4,A,5,75.842,101.79,25.948,0,0,0,0,0,1,,,
tpE-yiRudx4_006,tpE-yiRudx4,A,6,104.77,142.494,37.724,0,0,0,0,0,1,,,
tpE-yiRudx4_007,tpE-yiRudx4,A,7,144.93,170.558,25.628,0,0,0,0,0,1,,,
tpE-yiRudx4_008,tpE-yiRudx4,A,8,171.394,208.958,37.564,0,0,0,0,0,1,,,
tpE-yiRudx4_009,tpE-yiRudx4,B,9,209.858,249.982,40.124,0,0,0,0,0,1,,,
tpE-yiRudx4_010,tpE-yiRudx4,B,10,250.018,254.846,4.828,0,0,0,0,0,1,,,
tpE-yiRudx4_011,tpE-yiRudx4,B,11,256.994,263.742,6.748,0,0,0,0,0,1,,,
tpE-yiRudx4_012,tpE-yiRudx4,A,12,269.186,273.15,3.964,0,0,0,0,0,1,,,
txj-nvyhNeQ_000,txj-nvyhNeQ,A,0,0.034,36.51,36.476,0,0,0,0,0,1,,,
txj-nvyhNeQ_001,txj-nvyhNeQ,A,1,38.178,45.15,6.972,0,0,0,0,0,1,,,
txj-nvyhNeQ_002,txj-nvyhNeQ,A,2,47.234,60.158,12.924,0,0,0,0,0,1,,,
txj-nvyhNeQ_003,txj-nvyhNeQ,A,3,63.234,84.414,21.18,0,0,0,0,0,1,,,
txj-nvyhNeQ_004,txj-nvyhNeQ,B,4,84.93,104.702,19.772,0,0,0,0,0,1,,,
txj-nvyhNeQ_005,txj-nvyhNeQ,A,5,108.034,115.102,7.068,0,0,0,0,0,1,,,
txj-nvyhNeQ_006,txj-nvyhNeQ,C,6,118.114,124.638,6.524,0,0,0,0,0,1,,,
txj-nvyhNeQ_007,txj-nvyhNeQ,A,7,130.082,134.078,3.996,0,0,0,0,0,1,,,
uMm5I9C7MDQ_000,uMm5I9C7MDQ,A,0,0.0,8.382,8.382,0,0,0,1,1,0,film_clip:李小龍|任劍輝,,
uMm5I9C7MDQ_001,uMm5I9C7MDQ,A,1,9.73,21.534,11.804,0,0,0,1,1,0,film_clip:李小龍|任劍輝,,
uMm5I9C7MDQ_002,uMm5I9C7MDQ,A,2,22.69,30.942,8.252,0,0,0,1,1,0,film_clip:李小龍|任劍輝,,
uMm5I9C7MDQ_003,uMm5I9C7MDQ,A,3,35.65,49.47,13.82,0,0,0,1,1,0,film_clip:李小龍|任劍輝,,
uMm5I9C7MDQ_004,uMm5I9C7MDQ,A,4,51.65,55.166,3.516,0,0,0,1,1,0,film_clip:李小龍|任劍輝,,
uMm5I9C7MDQ_005,uMm5I9C7MDQ,C,5,56.802,60.382,3.58,0,0,0,1,1,0,film_clip:李小龍|任劍輝,0.0022727856412529,1
uMm5I9C7MDQ_006,uMm5I9C7MDQ,A,6,63.65,84.702,21.052,0,0,0,1,1,0,film_clip:李小龍|任劍輝,,
uMm5I9C7MDQ_007,uMm5I9C7MDQ,A,7,86.69,101.822,15.132,0,0,0,1,1,0,film_clip:李小龍|任劍輝,,
uMm5I9C7MDQ_008,uMm5I9C7MDQ,B,8,103.778,140.958,37.18,0,0,0,1,1,0,film_clip:李小龍|任劍輝,,
uMm5I9C7MDQ_009,uMm5I9C7MDQ,B,9,140.898,158.43,17.532,0,0,0,1,1,0,film_clip:李小龍|任劍輝,,
uMm5I9C7MDQ_010,uMm5I9C7MDQ,A,10,163.17,198.75,35.58,0,0,0,1,1,0,film_clip:李小龍|任劍輝,,
uMm5I9C7MDQ_011,uMm5I9C7MDQ,B,11,202.466,239.838,37.372,0,0,0,1,1,0,film_clip:李小龍|任劍輝,,
uMm5I9C7MDQ_012,uMm5I9C7MDQ,B,12,239.874,258.846,18.972,0,0,0,1,1,0,film_clip:李小龍|任劍輝,,
uMm5I9C7MDQ_013,uMm5I9C7MDQ,B,13,259.81,294.782,34.972,0,0,0,1,1,0,film_clip:李小龍|任劍輝,,
uMm5I9C7MDQ_014,uMm5I9C7MDQ,B,14,294.594,331.006,36.412,0,0,0,1,1,0,film_clip:李小龍|任劍輝,,
uMm5I9C7MDQ_015,uMm5I9C7MDQ,A,15,337.538,341.438,3.9,0,0,0,1,1,0,film_clip:李小龍|任劍輝,,
uQ-mD4O0Lpw_000,uQ-mD4O0Lpw,A,0,9.73,14.654,4.924,0,0,0,1,1,0,film_clip:李小龍,,
uQ-mD4O0Lpw_001,uQ-mD4O0Lpw,A,1,17.954,23.742,5.788,0,0,0,1,1,0,film_clip:李小龍,,
uQ-mD4O0Lpw_002,uQ-mD4O0Lpw,A,2,26.274,37.566,11.292,0,0,0,1,1,0,film_clip:李小龍,,
uQ-mD4O0Lpw_003,uQ-mD4O0Lpw,A,3,43.106,57.918,14.812,0,0,0,1,1,0,film_clip:李小龍,,
uQ-mD4O0Lpw_004,uQ-mD4O0Lpw,B,4,151.938,158.27,6.332,0,0,0,1,1,0,film_clip:李小龍,,
uQ-mD4O0Lpw_005,uQ-mD4O0Lpw,A,5,164.866,168.702,3.836,0,0,0,1,1,0,film_clip:李小龍,,
uQUaBEoMIHg_000,uQUaBEoMIHg,A,0,46.754,71.774,25.02,0,0,0,0,0,1,,,
uQUaBEoMIHg_001,uQUaBEoMIHg,A,1,74.754,99.102,24.348,0,0,0,0,0,1,,,
uQUaBEoMIHg_002,uQUaBEoMIHg,A,2,101.762,136.83,35.068,0,0,0,0,0,1,,,
uQUaBEoMIHg_003,uQUaBEoMIHg,A,3,139.906,175.486,35.58,0,0,0,0,0,1,,,
uQUaBEoMIHg_004,uQUaBEoMIHg,C,4,177.026,183.774,6.748,0,0,0,0,0,1,,,
uQUaBEoMIHg_005,uQUaBEoMIHg,A,5,189.218,193.182,3.964,0,0,0,0,0,1,,,
uYN_9pBHKG0_000,uYN_9pBHKG0,C,0,0.0,8.99,8.99,0,0,0,1,1,0,film_clip:李小龍,,
uYN_9pBHKG0_001,uYN_9pBHKG0,C,1,118.786,121.246,2.46,0,0,0,1,1,0,film_clip:李小龍,,
uYN_9pBHKG0_002,uYN_9pBHKG0,B,2,121.026,160.31,39.284,0,0,0,1,1,0,film_clip:李小龍,,
uYN_9pBHKG0_003,uYN_9pBHKG0,B,3,160.01,166.046,6.036,0,0,0,1,1,0,film_clip:李小龍,,
uYN_9pBHKG0_004,uYN_9pBHKG0,B,4,170.722,205.214,34.492,0,0,0,1,1,0,film_clip:李小龍,,
uYN_9pBHKG0_005,uYN_9pBHKG0,B,5,204.994,219.39,14.396,0,0,0,1,1,0,film_clip:李小龍,,
uYN_9pBHKG0_006,uYN_9pBHKG0,C,6,228.61,237.31,8.7,0,0,0,1,1,0,film_clip:李小龍,,
uYN_9pBHKG0_007,uYN_9pBHKG0,C,7,240.226,243.23,3.004,0,0,0,1,1,0,film_clip:李小龍,,
uYN_9pBHKG0_008,uYN_9pBHKG0,A,8,245.634,247.23,1.596,0,0,0,1,1,0,film_clip:李小龍,,
uYN_9pBHKG0_009,uYN_9pBHKG0,C,9,249.378,251.39,2.012,0,0,0,1,1,0,film_clip:李小龍,,
uYN_9pBHKG0_010,uYN_9pBHKG0,A,10,276.898,296.606,19.708,0,0,0,1,1,0,film_clip:李小龍,,
uYN_9pBHKG0_011,uYN_9pBHKG0,A,11,309.698,320.19,10.492,0,0,0,1,1,0,film_clip:李小龍,,
uYN_9pBHKG0_012,uYN_9pBHKG0,B,12,325.666,332.414,6.748,0,0,0,1,1,0,film_clip:李小龍,,
uYN_9pBHKG0_013,uYN_9pBHKG0,B,13,338.946,342.878,3.932,0,0,0,1,1,0,film_clip:李小龍,,
ue8-iO-aX5I_000,ue8-iO-aX5I,A,0,55.842,57.886,2.044,0,0,0,0,0,1,,,
ue8-iO-aX5I_001,ue8-iO-aX5I,A,1,58.818,60.798,1.98,0,0,0,0,0,1,,,
ue8-iO-aX5I_002,ue8-iO-aX5I,A,2,63.746,74.718,10.972,0,0,0,0,0,1,,,
ue8-iO-aX5I_003,ue8-iO-aX5I,A,3,75.938,86.558,10.62,0,0,0,0,0,1,,,
ue8-iO-aX5I_004,ue8-iO-aX5I,A,4,88.77,101.758,12.988,0,0,0,0,0,1,,,
ue8-iO-aX5I_005,ue8-iO-aX5I,B,5,102.85,122.11,19.26,0,0,0,0,0,1,,,
ue8-iO-aX5I_006,ue8-iO-aX5I,A,6,128.546,132.542,3.996,0,0,0,0,0,1,,,
un9ybvOfMdM_000,un9ybvOfMdM,A,0,0.0,33.726,33.726,0,0,0,0,0,1,,,
un9ybvOfMdM_001,un9ybvOfMdM,B,1,34.242,52.094,17.852,0,0,0,0,0,1,,,
un9ybvOfMdM_002,un9ybvOfMdM,A,2,58.562,62.526,3.964,0,0,0,0,0,1,,,
upCziR9Dj5Y_000,upCziR9Dj5Y,A,0,0.13,17.662,17.532,0,0,0,0,0,1,,0.0006223556702025,0
upCziR9Dj5Y_001,upCziR9Dj5Y,A,1,18.978,30.526,11.548,0,0,0,0,0,1,,,
upCziR9Dj5Y_002,upCziR9Dj5Y,A,2,33.122,59.006,25.884,0,0,0,0,0,1,,,
upCziR9Dj5Y_003,upCziR9Dj5Y,A,3,60.066,82.654,22.588,0,0,0,0,0,1,,,
upCziR9Dj5Y_004,upCziR9Dj5Y,A,4,83.234,91.806,8.572,0,0,0,0,0,1,,,
upCziR9Dj5Y_005,upCziR9Dj5Y,A,5,92.386,103.006,10.62,0,0,0,0,0,1,,,
upCziR9Dj5Y_006,upCziR9Dj5Y,A,6,103.522,110.814,7.292,0,0,0,0,0,1,,,
upCziR9Dj5Y_007,upCziR9Dj5Y,A,7,113.25,117.95,4.7,0,0,0,0,0,1,,,
upCziR9Dj5Y_008,upCziR9Dj5Y,A,8,120.354,130.814,10.46,0,0,0,0,0,1,,,
upCziR9Dj5Y_009,upCziR9Dj5Y,A,9,131.522,159.55,28.028,0,0,0,0,0,1,,,
upCziR9Dj5Y_010,upCziR9Dj5Y,A,10,162.146,165.854,3.708,0,0,0,0,0,1,,,
upCziR9Dj5Y_011,upCziR9Dj5Y,A,11,168.066,183.582,15.516,0,0,0,0,0,1,,,
upCziR9Dj5Y_012,upCziR9Dj5Y,B,12,184.866,191.582,6.716,0,0,0,0,0,1,,,
upCziR9Dj5Y_013,upCziR9Dj5Y,A,13,197.026,201.022,3.996,0,0,0,0,0,1,,,
v0NnwIvVtjI_000,v0NnwIvVtjI,A,0,0.194,35.614,35.42,0,0,0,0,0,1,,,
v0NnwIvVtjI_001,v0NnwIvVtjI,B,1,36.13,54.814,18.684,0,0,0,0,0,1,,,
v0NnwIvVtjI_002,v0NnwIvVtjI,B,2,61.41,65.31,3.9,0,0,0,0,0,1,,,
v5Wx3MKlBuM_000,v5Wx3MKlBuM,A,0,0.0,3.038,3.038,0,0,0,1,1,0,film_clip:李小龍,,
v5Wx3MKlBuM_001,v5Wx3MKlBuM,A,1,41.09,47.038,5.948,0,0,0,1,1,0,film_clip:李小龍,,
v5Wx3MKlBuM_002,v5Wx3MKlBuM,B,2,137.41,145.31,7.9,0,0,0,1,1,0,film_clip:李小龍,,
v5Wx3MKlBuM_003,v5Wx3MKlBuM,A,3,169.506,173.598,4.092,0,0,0,1,1,0,film_clip:李小龍,,
v5Wx3MKlBuM_004,v5Wx3MKlBuM,A,4,193.314,196.382,3.068,0,0,0,1,1,0,film_clip:李小龍,,
v5Wx3MKlBuM_005,v5Wx3MKlBuM,A,5,215.65,218.878,3.228,0,0,0,1,1,0,film_clip:李小龍,,
v5Wx3MKlBuM_006,v5Wx3MKlBuM,A,6,238.466,242.014,3.548,0,0,0,1,1,0,film_clip:李小龍,,
v5Wx3MKlBuM_007,v5Wx3MKlBuM,A,7,242.882,245.534,2.652,0,0,0,1,1,0,film_clip:李小龍,,
v5Wx3MKlBuM_008,v5Wx3MKlBuM,A,8,249.826,255.902,6.076,0,0,0,1,1,0,film_clip:李小龍,,
v5Wx3MKlBuM_009,v5Wx3MKlBuM,A,9,256.962,262.846,5.884,0,0,0,1,1,0,film_clip:李小龍,,
v5Wx3MKlBuM_010,v5Wx3MKlBuM,A,10,264.29,275.774,11.484,0,0,0,1,1,0,film_clip:李小龍,,
v5Wx3MKlBuM_011,v5Wx3MKlBuM,A,11,294.53,316.926,22.396,0,0,0,1,1,0,film_clip:李小龍,,
v5Wx3MKlBuM_012,v5Wx3MKlBuM,B,12,317.858,324.638,6.78,0,0,0,1,1,0,film_clip:李小龍,,
v5Wx3MKlBuM_013,v5Wx3MKlBuM,A,13,331.138,335.038,3.9,0,0,0,1,1,0,film_clip:李小龍,,
v78MkgYvOrQ_000,v78MkgYvOrQ,C,0,11.266,41.694,30.428,0,0,0,0,0,1,,,
v78MkgYvOrQ_001,v78MkgYvOrQ,C,1,41.826,82.046,40.22,0,0,0,0,0,1,,,
v78MkgYvOrQ_002,v78MkgYvOrQ,C,2,83.298,108.862,25.564,0,0,0,0,0,1,,,
v78MkgYvOrQ_003,v78MkgYvOrQ,C,3,108.898,141.342,32.444,0,0,0,0,0,1,,,
v78MkgYvOrQ_004,v78MkgYvOrQ,C,4,142.594,177.342,34.748,0,0,0,0,0,1,,,
v78MkgYvOrQ_005,v78MkgYvOrQ,C,5,177.378,189.406,12.028,0,0,0,0,0,1,,,
v78MkgYvOrQ_006,v78MkgYvOrQ,C,6,192.962,214.366,21.404,0,0,0,0,0,1,,,
v78MkgYvOrQ_007,v78MkgYvOrQ,C,7,216.002,254.686,38.684,0,0,0,0,0,1,,,
v78MkgYvOrQ_008,v78MkgYvOrQ,C,8,254.626,270.526,15.9,0,0,0,0,0,1,,,
v78MkgYvOrQ_009,v78MkgYvOrQ,C,9,279.138,293.022,13.884,0,0,0,0,0,1,,,
v78MkgYvOrQ_010,v78MkgYvOrQ,C,10,294.786,317.918,23.132,0,0,0,0,0,1,,,
v78MkgYvOrQ_011,v78MkgYvOrQ,C,11,318.434,328.542,10.108,0,0,0,0,0,1,,,
v78MkgYvOrQ_012,v78MkgYvOrQ,C,12,329.922,367.742,37.82,0,0,0,0,0,1,,,
v78MkgYvOrQ_013,v78MkgYvOrQ,C,13,368.898,402.238,33.34,0,0,0,0,0,1,,,
v78MkgYvOrQ_014,v78MkgYvOrQ,C,14,402.242,433.694,31.452,0,0,0,0,0,1,,,
v78MkgYvOrQ_015,v78MkgYvOrQ,C,15,434.242,473.406,39.164,0,0,0,0,0,1,,,
v78MkgYvOrQ_016,v78MkgYvOrQ,C,16,473.762,513.726,39.964,0,0,0,0,0,1,,,
v78MkgYvOrQ_017,v78MkgYvOrQ,C,17,513.794,527.742,13.948,0,0,0,0,0,1,,,
v78MkgYvOrQ_018,v78MkgYvOrQ,C,18,529.826,565.79,35.964,0,0,0,0,0,1,,,
v78MkgYvOrQ_019,v78MkgYvOrQ,C,19,565.698,596.83,31.132,0,0,0,0,0,1,,,
vFrMK-oxuV4_000,vFrMK-oxuV4,A,0,0.002,28.126,28.124,0,0,0,1,1,0,film_clip:李小龍,,
vFrMK-oxuV4_001,vFrMK-oxuV4,A,1,67.234,77.758,10.524,0,0,0,1,1,0,film_clip:李小龍,,
vFrMK-oxuV4_002,vFrMK-oxuV4,A,2,78.306,108.67,30.364,0,0,0,1,1,0,film_clip:李小龍,,
vFrMK-oxuV4_003,vFrMK-oxuV4,B,3,115.618,139.87,24.252,0,0,0,1,1,0,film_clip:李小龍,,
vFrMK-oxuV4_004,vFrMK-oxuV4,B,4,139.778,166.814,27.036,0,0,0,1,1,0,film_clip:李小龍,,
vFrMK-oxuV4_005,vFrMK-oxuV4,B,5,173.346,177.278,3.932,0,0,0,1,1,0,film_clip:李小龍,,
vJimNzAr-lo_000,vJimNzAr-lo,A,0,3.842,14.206,10.364,0,0,0,0,0,1,,,
vJimNzAr-lo_001,vJimNzAr-lo,A,1,16.354,28.926,12.572,0,0,0,0,0,1,,,
vJimNzAr-lo_002,vJimNzAr-lo,A,2,30.562,43.55,12.988,0,0,0,0,0,1,,,
vJimNzAr-lo_003,vJimNzAr-lo,A,3,45.378,51.71,6.332,0,0,0,0,0,1,,,
vJimNzAr-lo_004,vJimNzAr-lo,A,4,52.258,58.494,6.236,0,0,0,0,0,1,,,
vJimNzAr-lo_005,vJimNzAr-lo,A,5,60.61,74.27,13.66,0,0,0,0,0,1,,,
vJimNzAr-lo_006,vJimNzAr-lo,A,6,76.322,89.63,13.308,0,0,0,0,0,1,,,
vJimNzAr-lo_007,vJimNzAr-lo,A,7,91.778,105.118,13.34,0,0,0,0,0,1,,,
vJimNzAr-lo_008,vJimNzAr-lo,A,8,107.682,121.47,13.788,0,0,0,0,0,1,,,
vJimNzAr-lo_009,vJimNzAr-lo,B,9,123.746,144.734,20.988,0,0,0,0,0,1,,,
vJimNzAr-lo_010,vJimNzAr-lo,B,10,151.362,155.262,3.9,0,0,0,0,0,1,,,
vhvzzWnTK_Y_000,vhvzzWnTK_Y,A,0,4.29,8.382,4.092,0,0,0,0,0,1,,,
vhvzzWnTK_Y_001,vhvzzWnTK_Y,A,1,15.458,17.182,1.724,0,0,0,0,0,1,,,
vhvzzWnTK_Y_002,vhvzzWnTK_Y,B,2,23.49,25.054,1.564,0,0,0,0,0,1,,,
vhvzzWnTK_Y_003,vhvzzWnTK_Y,A,3,28.546,33.534,4.988,0,0,0,0,0,1,,,
vhvzzWnTK_Y_004,vhvzzWnTK_Y,A,4,37.794,39.518,1.724,0,0,0,0,0,1,,,
vhvzzWnTK_Y_005,vhvzzWnTK_Y,A,5,44.93,46.718,1.788,0,0,0,0,0,1,,,
vhvzzWnTK_Y_006,vhvzzWnTK_Y,C,6,49.378,52.286,2.908,0,0,0,0,0,1,,,
vhvzzWnTK_Y_007,vhvzzWnTK_Y,C,7,62.498,67.518,5.02,0,0,0,0,0,1,,,
vhvzzWnTK_Y_008,vhvzzWnTK_Y,A,8,76.578,87.358,10.78,0,0,0,0,0,1,,,
vhvzzWnTK_Y_009,vhvzzWnTK_Y,B,9,97.378,103.838,6.46,0,0,0,0,0,1,,,
vhvzzWnTK_Y_010,vhvzzWnTK_Y,A,10,110.338,114.238,3.9,0,0,0,0,0,1,,,
vwzpuyvZSdI_000,vwzpuyvZSdI,A,0,0.706,17.054,16.348,0,0,0,0,0,1,,,
vwzpuyvZSdI_001,vwzpuyvZSdI,A,1,19.362,43.678,24.316,0,0,0,0,0,1,,,
vwzpuyvZSdI_002,vwzpuyvZSdI,A,2,46.018,48.99,2.972,0,0,0,0,0,1,,,
vwzpuyvZSdI_003,vwzpuyvZSdI,A,3,51.298,63.166,11.868,0,0,0,0,0,1,,,
vwzpuyvZSdI_004,vwzpuyvZSdI,B,4,65.474,79.87,14.396,0,0,0,0,0,1,,,
vwzpuyvZSdI_005,vwzpuyvZSdI,A,5,82.21,88.894,6.684,0,0,0,0,0,1,,,
vwzpuyvZSdI_006,vwzpuyvZSdI,A,6,91.17,110.942,19.772,0,0,0,0,0,1,,,
vwzpuyvZSdI_007,vwzpuyvZSdI,A,7,112.802,115.454,2.652,0,0,0,0,0,1,,,
vwzpuyvZSdI_008,vwzpuyvZSdI,C,8,117.73,119.294,1.564,0,0,0,0,0,1,,,
vwzpuyvZSdI_009,vwzpuyvZSdI,A,9,121.666,124.158,2.492,0,0,0,0,0,1,,,
vwzpuyvZSdI_010,vwzpuyvZSdI,C,10,126.498,128.382,1.884,0,0,0,0,0,1,,,
vwzpuyvZSdI_011,vwzpuyvZSdI,B,11,130.722,135.07,4.348,0,0,0,0,0,1,,,
vwzpuyvZSdI_012,vwzpuyvZSdI,B,12,137.474,142.206,4.732,0,0,0,0,0,1,,,
vwzpuyvZSdI_013,vwzpuyvZSdI,A,13,144.514,148.094,3.58,0,0,0,0,0,1,,,
vwzpuyvZSdI_014,vwzpuyvZSdI,C,14,150.37,152.702,2.332,0,0,0,0,0,1,,,
vwzpuyvZSdI_015,vwzpuyvZSdI,A,15,154.978,181.534,26.556,0,0,0,0,0,1,,,
vwzpuyvZSdI_016,vwzpuyvZSdI,A,16,182.05,190.398,8.348,0,0,0,0,0,1,,,
vwzpuyvZSdI_017,vwzpuyvZSdI,B,17,191.01,230.846,39.836,0,0,0,0,0,1,,,
vwzpuyvZSdI_018,vwzpuyvZSdI,B,18,231.074,267.582,36.508,0,0,0,0,0,1,,,
vwzpuyvZSdI_019,vwzpuyvZSdI,B,19,267.458,273.886,6.428,0,0,0,0,0,1,,,
vwzpuyvZSdI_020,vwzpuyvZSdI,A,20,276.098,291.582,15.484,0,0,0,0,0,1,,,
vwzpuyvZSdI_021,vwzpuyvZSdI,B,21,293.858,332.574,38.716,0,0,0,0,0,1,,,
vwzpuyvZSdI_022,vwzpuyvZSdI,B,22,332.61,347.518,14.908,0,0,0,0,0,1,,,
vwzpuyvZSdI_023,vwzpuyvZSdI,A,23,349.762,361.95,12.188,0,0,0,0,0,1,,,
vwzpuyvZSdI_024,vwzpuyvZSdI,B,24,362.53,369.278,6.748,0,0,0,0,0,1,,,
vwzpuyvZSdI_025,vwzpuyvZSdI,A,25,374.69,378.686,3.996,0,0,0,0,0,1,,,
w4hCyh2PlaI_000,w4hCyh2PlaI,B,0,1.282,30.11,28.828,0,0,0,1,1,0,film_clip:李小龍,,
w4hCyh2PlaI_001,w4hCyh2PlaI,B,1,36.61,40.542,3.932,0,0,0,1,1,0,film_clip:李小龍,,
wEaQoL1empQ_000,wEaQoL1empQ,A,0,6.178,22.078,15.9,0,0,0,0,0,1,,,
wEaQoL1empQ_001,wEaQoL1empQ,B,1,75.458,106.91,31.452,0,0,0,0,0,1,,,
wEaQoL1empQ_002,wEaQoL1empQ,B,2,106.786,125.79,19.004,0,0,0,0,0,1,,,
wEaQoL1empQ_003,wEaQoL1empQ,B,3,126.69,153.982,27.292,0,0,0,0,0,1,,,
wEaQoL1empQ_004,wEaQoL1empQ,B,4,154.146,167.55,13.404,0,0,0,0,0,1,,,
wEaQoL1empQ_005,wEaQoL1empQ,B,5,179.49,186.014,6.524,0,0,0,0,0,1,,,
wEaQoL1empQ_006,wEaQoL1empQ,B,6,192.546,196.478,3.932,0,0,0,0,0,1,,,
wIdnUCjEssQ_000,wIdnUCjEssQ,A,0,0.77,7.326,6.556,0,0,0,0,0,1,,,
wIdnUCjEssQ_001,wIdnUCjEssQ,A,1,10.498,12.862,2.364,0,0,0,0,0,1,,,
wIdnUCjEssQ_002,wIdnUCjEssQ,A,2,15.106,17.662,2.556,0,0,0,0,0,1,,,
wIdnUCjEssQ_003,wIdnUCjEssQ,A,3,22.114,26.046,3.932,0,0,0,0,0,1,,,
wIdnUCjEssQ_004,wIdnUCjEssQ,A,4,27.106,30.366,3.26,0,0,0,0,0,1,,,
wIdnUCjEssQ_005,wIdnUCjEssQ,A,5,41.506,43.038,1.532,0,0,0,0,0,1,,,
wIdnUCjEssQ_006,wIdnUCjEssQ,A,6,45.474,47.454,1.98,0,0,0,0,0,1,,,
wIdnUCjEssQ_007,wIdnUCjEssQ,B,7,49.058,55.134,6.076,0,0,0,0,0,1,,,
wIdnUCjEssQ_008,wIdnUCjEssQ,A,8,61.698,65.566,3.868,0,0,0,0,0,1,,,
wKnZonmRm_0_000,wKnZonmRm_0,A,0,0.706,24.574,23.868,0,0,0,0,0,1,,,
wKnZonmRm_0_001,wKnZonmRm_0,A,1,25.186,42.526,17.34,0,0,0,0,0,1,,,
wKnZonmRm_0_002,wKnZonmRm_0,A,2,44.77,55.838,11.068,0,0,0,0,0,1,,,
wKnZonmRm_0_003,wKnZonmRm_0,A,3,58.85,73.246,14.396,0,0,0,0,0,1,,,
wKnZonmRm_0_004,wKnZonmRm_0,A,4,75.714,113.246,37.532,0,0,0,0,0,1,,,
wKnZonmRm_0_005,wKnZonmRm_0,A,5,115.586,142.398,26.812,0,0,0,0,0,1,,,
wKnZonmRm_0_006,wKnZonmRm_0,A,6,143.234,170.078,26.844,0,0,0,0,0,1,,,
wKnZonmRm_0_007,wKnZonmRm_0,A,7,172.77,178.59,5.82,0,0,0,0,0,1,,,
wKnZonmRm_0_008,wKnZonmRm_0,A,8,181.666,205.438,23.772,0,0,0,0,0,1,,,
wKnZonmRm_0_009,wKnZonmRm_0,A,9,208.834,215.038,6.204,0,0,0,0,0,1,,,
wKnZonmRm_0_010,wKnZonmRm_0,B,10,217.442,224.126,6.684,0,0,0,0,0,1,,,
wKnZonmRm_0_011,wKnZonmRm_0,A,11,229.57,233.566,3.996,0,0,0,0,0,1,,,
wToq891_0Ew_000,wToq891_0Ew,B,0,0.066,5.406,5.34,0,0,0,0,0,1,,,
wToq891_0Ew_001,wToq891_0Ew,A,1,6.114,27.806,21.692,0,0,0,0,0,1,,,
wToq891_0Ew_002,wToq891_0Ew,A,2,33.762,37.79,4.028,0,0,0,0,0,1,,,
wme62WSv6_Q_000,wme62WSv6_Q,A,0,0.0,17.662,17.662,0,0,0,1,1,0,film_clip:李小龍,,
wme62WSv6_Q_001,wme62WSv6_Q,B,1,18.242,56.414,38.172,0,0,0,1,1,0,film_clip:李小龍,,
wme62WSv6_Q_002,wme62WSv6_Q,C,2,56.514,95.934,39.42,0,0,0,1,1,0,film_clip:李小龍,,
wme62WSv6_Q_003,wme62WSv6_Q,B,3,96.034,103.006,6.972,0,0,0,1,1,0,film_clip:李小龍,,
wme62WSv6_Q_004,wme62WSv6_Q,B,4,106.946,113.726,6.78,0,0,0,1,1,0,film_clip:李小龍,,
wme62WSv6_Q_005,wme62WSv6_Q,A,5,120.098,124.094,3.996,0,0,0,1,1,0,film_clip:李小龍,,
wmsBUAfxcpc_000,wmsBUAfxcpc,A,0,57.25,61.374,4.124,0,0,0,0,0,1,,,
wmsBUAfxcpc_001,wmsBUAfxcpc,A,1,71.778,74.206,2.428,0,0,0,0,0,1,,,
wmsBUAfxcpc_002,wmsBUAfxcpc,B,2,79.33,85.598,6.268,0,0,0,0,0,1,,,
wmsBUAfxcpc_003,wmsBUAfxcpc,A,3,92.098,95.998,3.9,0,0,0,0,0,1,,,
wrZW3zFKKG8_000,wrZW3zFKKG8,B,0,0.0,6.718,6.718,0,0,0,0,0,1,,,
wrZW3zFKKG8_001,wrZW3zFKKG8,A,1,15.01,18.11,3.1,0,0,0,0,0,1,,,
wrZW3zFKKG8_002,wrZW3zFKKG8,A,2,18.882,31.55,12.668,0,0,0,0,0,1,,,
wrZW3zFKKG8_003,wrZW3zFKKG8,A,3,32.098,68.734,36.636,0,0,0,0,0,1,,,
wrZW3zFKKG8_004,wrZW3zFKKG8,B,4,73.89,81.886,7.996,0,0,0,0,0,1,,,
x07083qMjr4_000,x07083qMjr4,A,0,10.658,18.494,7.836,0,0,0,1,1,0,film_clip:李小龍,,
x07083qMjr4_001,x07083qMjr4,A,1,20.322,60.126,39.804,0,0,0,1,1,0,film_clip:李小龍,,
x07083qMjr4_002,x07083qMjr4,B,2,61.634,100.158,38.524,0,0,0,1,1,0,film_clip:李小龍,,
x07083qMjr4_003,x07083qMjr4,B,3,100.034,103.134,3.1,0,0,0,1,1,0,film_clip:李小龍,,
x07083qMjr4_004,x07083qMjr4,B,4,109.602,113.598,3.996,0,0,0,1,1,0,film_clip:李小龍,,
x3lXIRulmQk_000,x3lXIRulmQk,A,0,0.0,9.886,9.886,0,0,0,1,1,0,film_clip:李小龍,,
x3lXIRulmQk_001,x3lXIRulmQk,A,1,65.026,80.862,15.836,0,0,0,1,1,0,film_clip:李小龍,,
x3lXIRulmQk_002,x3lXIRulmQk,B,2,91.042,117.238,26.196,0,0,0,1,1,0,film_clip:李小龍,,
x3lXIRulmQk_003,x3lXIRulmQk,B,3,116.938,132.99,16.052,0,0,0,1,1,0,film_clip:李小龍,,
x3lXIRulmQk_004,x3lXIRulmQk,A,4,142.498,170.718,28.22,0,0,0,1,1,0,film_clip:李小龍,,
x3lXIRulmQk_005,x3lXIRulmQk,C,5,233.538,237.758,4.22,0,0,0,1,1,0,film_clip:李小龍,,
x3lXIRulmQk_006,x3lXIRulmQk,A,6,306.498,327.774,21.276,0,0,0,1,1,0,film_clip:李小龍,,
x3lXIRulmQk_007,x3lXIRulmQk,C,7,334.402,339.39,4.988,0,0,0,1,1,0,film_clip:李小龍,,
x3lXIRulmQk_008,x3lXIRulmQk,B,8,340.962,347.742,6.78,0,0,0,1,1,0,film_clip:李小龍,,
x3lXIRulmQk_009,x3lXIRulmQk,A,9,354.274,358.174,3.9,0,0,0,1,1,0,film_clip:李小龍,,
x6fHdDGHnpg_000,x6fHdDGHnpg,A,0,4.898,19.23,14.332,0,0,0,0,0,1,,,
x6fHdDGHnpg_001,x6fHdDGHnpg,A,1,23.298,25.022,1.724,0,0,0,0,0,1,,,
x6fHdDGHnpg_002,x6fHdDGHnpg,A,2,101.026,103.486,2.46,0,0,0,0,0,1,,,
x6fHdDGHnpg_003,x6fHdDGHnpg,B,3,105.346,126.174,20.828,0,0,0,0,0,1,,,
x6fHdDGHnpg_004,x6fHdDGHnpg,A,4,127.33,130.014,2.684,0,0,0,0,0,1,,,
x6fHdDGHnpg_005,x6fHdDGHnpg,A,5,131.65,162.462,30.812,0,0,0,0,0,1,,,
x6fHdDGHnpg_006,x6fHdDGHnpg,B,6,164.802,171.55,6.748,0,0,0,0,0,1,,,
xGhoDgFe8GQ_000,xGhoDgFe8GQ,A,0,0.898,7.614,6.716,0,0,0,1,1,0,film_clip:李小龍,,
xGhoDgFe8GQ_001,xGhoDgFe8GQ,A,1,12.802,14.878,2.076,0,0,0,1,1,0,film_clip:李小龍,,
xGhoDgFe8GQ_002,xGhoDgFe8GQ,A,2,123.522,128.542,5.02,0,0,0,1,1,0,film_clip:李小龍,,
xGhoDgFe8GQ_003,xGhoDgFe8GQ,A,3,130.05,133.214,3.164,0,0,0,1,1,0,film_clip:李小龍,,
xGhoDgFe8GQ_004,xGhoDgFe8GQ,A,4,135.97,138.494,2.524,0,0,0,1,1,0,film_clip:李小龍,,
xGhoDgFe8GQ_005,xGhoDgFe8GQ,A,5,140.866,143.55,2.684,0,0,0,1,1,0,film_clip:李小龍,,
xGhoDgFe8GQ_006,xGhoDgFe8GQ,A,6,146.178,148.382,2.204,0,0,0,1,1,0,film_clip:李小龍,,
xGhoDgFe8GQ_007,xGhoDgFe8GQ,A,7,152.098,170.622,18.524,0,0,0,1,1,0,film_clip:李小龍,,
xGhoDgFe8GQ_008,xGhoDgFe8GQ,B,8,387.394,389.15,1.756,0,0,0,1,1,0,film_clip:李小龍,,
xGhoDgFe8GQ_009,xGhoDgFe8GQ,B,9,399.746,402.462,2.716,0,0,0,1,1,0,film_clip:李小龍,,
xaGu8VdP9nU_000,xaGu8VdP9nU,B,0,0.0,36.83,36.83,0,0,0,0,0,1,,,
xaGu8VdP9nU_001,xaGu8VdP9nU,B,1,36.738,52.094,15.356,0,0,0,0,0,1,,,
xaGu8VdP9nU_002,xaGu8VdP9nU,A,2,52.802,61.822,9.02,0,0,0,0,0,1,,,
xaGu8VdP9nU_003,xaGu8VdP9nU,A,3,62.69,69.278,6.588,0,0,0,0,0,1,,,
xaGu8VdP9nU_004,xaGu8VdP9nU,A,4,71.746,78.046,6.3,0,0,0,0,0,1,,,
xaGu8VdP9nU_005,xaGu8VdP9nU,A,5,80.834,87.614,6.78,0,0,0,0,0,1,,,
xaGu8VdP9nU_006,xaGu8VdP9nU,A,6,89.698,96.286,6.588,0,0,0,0,0,1,,,
xaGu8VdP9nU_007,xaGu8VdP9nU,A,7,99.042,104.958,5.916,0,0,0,0,0,1,,,
xaGu8VdP9nU_008,xaGu8VdP9nU,A,8,107.81,114.846,7.036,0,0,0,0,0,1,,,
xaGu8VdP9nU_009,xaGu8VdP9nU,A,9,117.698,124.382,6.684,0,0,0,0,0,1,,,
xaGu8VdP9nU_010,xaGu8VdP9nU,B,10,126.722,133.726,7.004,0,0,0,0,0,1,,,
xaGu8VdP9nU_011,xaGu8VdP9nU,C,11,322.178,323.838,1.66,0,0,0,0,0,1,,,
xaGu8VdP9nU_012,xaGu8VdP9nU,A,12,332.706,336.318,3.612,0,0,0,0,0,1,,,
xmEDLJqNCK0_000,xmEDLJqNCK0,B,0,0.0,6.686,6.686,0,0,0,0,0,1,,,
xmEDLJqNCK0_001,xmEDLJqNCK0,A,1,17.09,20.062,2.972,0,0,0,0,0,1,,,
xmEDLJqNCK0_002,xmEDLJqNCK0,A,2,20.962,43.358,22.396,0,0,0,0,0,1,,,
xmEDLJqNCK0_003,xmEDLJqNCK0,B,3,46.978,54.974,7.996,0,0,0,0,0,1,,,
yMiOxRdFGjg_000,yMiOxRdFGjg,B,0,0.0,36.894,36.894,0,0,0,0,0,1,,,
yMiOxRdFGjg_001,yMiOxRdFGjg,B,1,37.25,48.734,11.484,0,0,0,0,0,1,,,
yMiOxRdFGjg_002,yMiOxRdFGjg,A,2,86.882,88.542,1.66,0,0,0,0,0,1,,,
yMiOxRdFGjg_003,yMiOxRdFGjg,C,3,89.602,91.934,2.332,0,0,0,0,0,1,,,
yMiOxRdFGjg_004,yMiOxRdFGjg,A,4,93.314,101.118,7.804,0,0,0,0,0,1,,,
yMiOxRdFGjg_005,yMiOxRdFGjg,A,5,102.146,105.918,3.772,0,0,0,0,0,1,,,
yMiOxRdFGjg_006,yMiOxRdFGjg,A,6,109.506,114.558,5.052,0,0,0,0,0,1,,,
yMiOxRdFGjg_007,yMiOxRdFGjg,B,7,127.074,133.598,6.524,0,0,0,0,0,1,,,
yMiOxRdFGjg_008,yMiOxRdFGjg,A,8,140.034,144.03,3.996,0,0,0,0,0,1,,,
yOaVkjAxMAs_000,yOaVkjAxMAs,B,0,0.0,35.806,35.806,0,0,0,1,1,0,film_clip:李小龍,,
yOaVkjAxMAs_001,yOaVkjAxMAs,B,1,35.714,67.102,31.388,0,0,0,1,1,0,film_clip:李小龍,,
yOaVkjAxMAs_002,yOaVkjAxMAs,B,2,67.49,107.486,39.996,0,0,0,1,1,0,film_clip:李小龍,,
yOaVkjAxMAs_003,yOaVkjAxMAs,B,3,108.194,132.734,24.54,0,0,0,1,1,0,film_clip:李小龍,,
yOaVkjAxMAs_004,yOaVkjAxMAs,A,4,139.17,143.166,3.996,0,0,0,1,1,0,film_clip:李小龍,,
yQX1MseKbh0_000,yQX1MseKbh0,A,0,0.0,23.134,23.134,0,0,0,1,1,0,film_clip:謝賢,,
yQX1MseKbh0_001,yQX1MseKbh0,A,1,23.97,30.334,6.364,0,0,0,1,1,0,film_clip:謝賢,,
yQX1MseKbh0_002,yQX1MseKbh0,A,2,30.882,44.606,13.724,0,0,0,1,1,0,film_clip:謝賢,,
yQX1MseKbh0_003,yQX1MseKbh0,B,3,45.282,72.062,26.78,0,0,0,1,1,0,film_clip:謝賢,,
yQX1MseKbh0_004,yQX1MseKbh0,B,4,72.002,108.958,36.956,0,0,0,1,1,0,film_clip:謝賢,,
yQX1MseKbh0_005,yQX1MseKbh0,B,5,108.962,113.918,4.956,0,0,0,1,1,0,film_clip:謝賢,,
yQX1MseKbh0_006,yQX1MseKbh0,A,6,115.266,124.51,9.244,0,0,0,1,1,0,film_clip:謝賢,,
yQX1MseKbh0_007,yQX1MseKbh0,A,7,127.362,130.942,3.58,0,0,0,1,1,0,film_clip:謝賢,,
yQX1MseKbh0_008,yQX1MseKbh0,A,8,132.738,145.246,12.508,0,0,0,1,1,0,film_clip:謝賢,,
yQX1MseKbh0_009,yQX1MseKbh0,A,9,157.058,169.726,12.668,0,0,0,1,1,0,film_clip:謝賢,,
yQX1MseKbh0_010,yQX1MseKbh0,A,10,170.37,177.598,7.228,0,0,0,1,1,0,film_clip:謝賢,,
yQX1MseKbh0_011,yQX1MseKbh0,A,11,178.114,202.238,24.124,0,0,0,1,1,0,film_clip:謝賢,0.0013514013262465,1
yQX1MseKbh0_012,yQX1MseKbh0,A,12,231.426,233.534,2.108,0,0,0,1,1,0,film_clip:謝賢,,
yQX1MseKbh0_013,yQX1MseKbh0,A,13,234.818,236.542,1.724,0,0,0,1,1,0,film_clip:謝賢,,
yQX1MseKbh0_014,yQX1MseKbh0,A,14,237.25,241.214,3.964,0,0,0,1,1,0,film_clip:謝賢,,
yQX1MseKbh0_015,yQX1MseKbh0,A,15,243.81,246.974,3.164,0,0,0,1,1,0,film_clip:謝賢,,
yQX1MseKbh0_016,yQX1MseKbh0,A,16,248.034,269.662,21.628,0,0,0,1,1,0,film_clip:謝賢,,
yQX1MseKbh0_017,yQX1MseKbh0,A,17,270.85,275.998,5.148,0,0,0,1,1,0,film_clip:謝賢,,
yQX1MseKbh0_018,yQX1MseKbh0,A,18,277.026,314.046,37.02,0,0,0,1,1,0,film_clip:謝賢,,
yQX1MseKbh0_019,yQX1MseKbh0,A,19,314.594,317.79,3.196,0,0,0,1,1,0,film_clip:謝賢,,
yQX1MseKbh0_020,yQX1MseKbh0,A,20,319.426,329.022,9.596,0,0,0,1,1,0,film_clip:謝賢,,
yQX1MseKbh0_021,yQX1MseKbh0,B,21,336.514,359.102,22.588,0,0,0,1,1,0,film_clip:謝賢,,
yQX1MseKbh0_022,yQX1MseKbh0,A,22,365.602,369.502,3.9,0,0,0,1,1,0,film_clip:謝賢,,
yUsY5ZWOUMs_000,yUsY5ZWOUMs,A,0,16.546,28.03,11.484,0,0,0,0,0,1,,,
yUsY5ZWOUMs_001,yUsY5ZWOUMs,A,1,28.674,40.734,12.06,0,0,0,0,0,1,,,
yUsY5ZWOUMs_002,yUsY5ZWOUMs,A,2,41.794,53.79,11.996,0,0,0,0,0,1,,,
yUsY5ZWOUMs_003,yUsY5ZWOUMs,A,3,54.498,66.558,12.06,0,0,0,0,0,1,,,
yUsY5ZWOUMs_004,yUsY5ZWOUMs,B,4,67.938,75.198,7.26,0,0,0,0,0,1,,,
yUsY5ZWOUMs_005,yUsY5ZWOUMs,B,5,81.218,85.15,3.932,0,0,0,0,0,1,,,
yazBjEzVozc_000,yazBjEzVozc,B,0,0.0,3.678,3.678,0,0,0,0,0,1,,,
yazBjEzVozc_001,yazBjEzVozc,C,1,4.738,6.398,1.66,0,0,0,0,0,1,,,
yazBjEzVozc_002,yazBjEzVozc,C,2,6.946,8.51,1.564,0,0,0,0,0,1,,,
yazBjEzVozc_003,yazBjEzVozc,A,3,9.09,24.702,15.612,0,0,0,0,0,1,,,
yazBjEzVozc_004,yazBjEzVozc,A,4,25.442,40.158,14.716,0,0,0,0,0,1,,,
yazBjEzVozc_005,yazBjEzVozc,B,5,41.954,48.734,6.78,0,0,0,0,0,1,,,
yazBjEzVozc_006,yazBjEzVozc,A,6,55.202,59.166,3.964,0,0,0,0,0,1,,,
yeRdDP5GqMA_000,yeRdDP5GqMA,A,0,0.0,8.19,8.19,0,0,0,0,0,1,,,
yeRdDP5GqMA_001,yeRdDP5GqMA,B,1,9.506,46.782,37.276,0,0,0,0,0,1,,,
yeRdDP5GqMA_002,yeRdDP5GqMA,C,2,46.786,65.822,19.036,0,0,0,0,0,1,,,
yeRdDP5GqMA_003,yeRdDP5GqMA,C,3,68.45,75.998,7.548,0,0,0,0,0,1,,,
yeRdDP5GqMA_004,yeRdDP5GqMA,B,4,85.986,123.294,37.308,0,0,0,0,0,1,,,
yeRdDP5GqMA_005,yeRdDP5GqMA,C,5,123.138,139.71,16.572,0,0,0,0,0,1,,,
yeRdDP5GqMA_006,yeRdDP5GqMA,B,6,142.306,149.086,6.78,0,0,0,0,0,1,,,
yeRdDP5GqMA_007,yeRdDP5GqMA,B,7,155.554,159.486,3.932,0,0,0,0,0,1,,,
yfl_B98gb7o_000,yfl_B98gb7o,B,0,0.066,5.406,5.34,0,0,1,0,0,0,recitation:朗讀,,
yfl_B98gb7o_001,yfl_B98gb7o,A,1,6.05,35.87,29.82,0,0,1,0,0,0,recitation:朗讀,,
yfl_B98gb7o_002,yfl_B98gb7o,B,2,37.602,44.35,6.748,0,0,1,0,0,0,recitation:朗讀,,
ynuA9DgE3oM_000,ynuA9DgE3oM,A,0,26.306,61.95,35.644,0,0,0,0,0,1,,,
ynuA9DgE3oM_001,ynuA9DgE3oM,A,1,62.722,75.518,12.796,0,0,0,0,0,1,,,
ynuA9DgE3oM_002,ynuA9DgE3oM,A,2,76.578,81.342,4.764,0,0,0,0,0,1,,,
ynuA9DgE3oM_003,ynuA9DgE3oM,A,3,82.05,83.678,1.628,0,0,0,0,0,1,,,
ynuA9DgE3oM_004,ynuA9DgE3oM,A,4,88.29,98.334,10.044,0,0,0,0,0,1,,,
ynuA9DgE3oM_005,ynuA9DgE3oM,B,5,99.426,105.982,6.556,0,0,0,0,0,1,,,
ynuA9DgE3oM_006,ynuA9DgE3oM,A,6,112.546,116.446,3.9,0,0,0,0,0,1,,,
z-FTJewy3vA_000,z-FTJewy3vA,A,0,44.706,52.35,7.644,0,0,0,0,0,1,,,
z-FTJewy3vA_001,z-FTJewy3vA,A,1,54.626,59.39,4.764,0,0,0,0,0,1,,,
z-FTJewy3vA_002,z-FTJewy3vA,A,2,61.602,66.942,5.34,0,0,0,0,0,1,,,
z-FTJewy3vA_003,z-FTJewy3vA,A,3,69.666,74.814,5.148,0,0,0,0,0,1,,,
z-FTJewy3vA_004,z-FTJewy3vA,A,4,77.57,83.006,5.436,0,0,0,0,0,1,,,
z-FTJewy3vA_005,z-FTJewy3vA,A,5,85.634,90.846,5.212,0,0,0,0,0,1,,,
z-FTJewy3vA_006,z-FTJewy3vA,A,6,93.634,98.942,5.308,0,0,0,0,0,1,,,
z-FTJewy3vA_007,z-FTJewy3vA,A,7,101.698,107.198,5.5,0,0,0,0,0,1,,,
z-FTJewy3vA_008,z-FTJewy3vA,A,8,109.762,116.734,6.972,0,0,0,0,0,1,,,
z-FTJewy3vA_009,z-FTJewy3vA,A,9,117.698,124.446,6.748,0,0,0,0,0,1,,,
z-FTJewy3vA_010,z-FTJewy3vA,C,10,129.602,136.35,6.748,0,0,0,0,0,1,,,
z-FTJewy3vA_011,z-FTJewy3vA,A,11,141.762,145.758,3.996,0,0,0,0,0,1,,,
z0d7n9QxYiE_000,z0d7n9QxYiE,A,0,0.0,13.374,13.374,0,0,0,0,0,1,,,
z0d7n9QxYiE_001,z0d7n9QxYiE,C,1,22.978,27.198,4.22,0,0,0,0,0,1,,,
z0d7n9QxYiE_002,z0d7n9QxYiE,C,2,27.97,33.534,5.564,0,0,0,0,0,1,,,
z0d7n9QxYiE_003,z0d7n9QxYiE,C,3,34.498,46.75,12.252,0,0,0,0,0,1,,,
z0d7n9QxYiE_004,z0d7n9QxYiE,C,4,47.362,53.022,5.66,0,0,0,0,0,1,,,
z0d7n9QxYiE_005,z0d7n9QxYiE,C,5,53.922,59.23,5.308,0,0,0,0,0,1,,,
z0d7n9QxYiE_006,z0d7n9QxYiE,C,6,60.45,72.254,11.804,0,0,0,0,0,1,,,
z0d7n9QxYiE_007,z0d7n9QxYiE,C,7,73.122,85.342,12.22,0,0,0,0,0,1,,,
z0d7n9QxYiE_008,z0d7n9QxYiE,C,8,86.018,98.622,12.604,0,0,0,0,0,1,,,
z0d7n9QxYiE_009,z0d7n9QxYiE,C,9,99.394,104.926,5.532,0,0,0,0,0,1,,,
z0d7n9QxYiE_010,z0d7n9QxYiE,C,10,105.762,111.262,5.5,0,0,0,0,0,1,,,
z0d7n9QxYiE_011,z0d7n9QxYiE,C,11,112.386,137.694,25.308,0,0,0,0,0,1,,,
z0d7n9QxYiE_012,z0d7n9QxYiE,A,12,144.194,148.094,3.9,0,0,0,0,0,1,,,
zDY3f_JU2Mw_000,zDY3f_JU2Mw,A,0,0.0,20.03,20.03,0,0,0,0,0,1,,,
zDY3f_JU2Mw_001,zDY3f_JU2Mw,A,1,20.578,56.958,36.38,0,0,0,0,0,1,,,
zDY3f_JU2Mw_002,zDY3f_JU2Mw,B,2,59.33,76.446,17.116,0,0,0,0,0,1,,,
zDY3f_JU2Mw_003,zDY3f_JU2Mw,B,3,76.642,106.846,30.204,0,0,0,0,0,1,,,
zDY3f_JU2Mw_004,zDY3f_JU2Mw,A,4,109.186,115.486,6.3,0,0,0,0,0,1,,,
zDY3f_JU2Mw_005,zDY3f_JU2Mw,A,5,117.762,125.406,7.644,0,0,0,0,0,1,,,
zDY3f_JU2Mw_006,zDY3f_JU2Mw,A,6,127.874,135.838,7.964,0,0,0,0,0,1,,,
zDY3f_JU2Mw_007,zDY3f_JU2Mw,A,7,138.21,144.798,6.588,0,0,0,0,0,1,,,
zDY3f_JU2Mw_008,zDY3f_JU2Mw,A,8,147.042,153.31,6.268,0,0,0,0,0,1,,,
zDY3f_JU2Mw_009,zDY3f_JU2Mw,B,9,155.586,191.934,36.348,0,0,0,0,0,1,,,
zDY3f_JU2Mw_010,zDY3f_JU2Mw,B,10,192.066,220.414,28.348,0,0,0,0,0,1,,,
zDY3f_JU2Mw_011,zDY3f_JU2Mw,B,11,226.946,230.878,3.932,0,0,0,0,0,1,,,
zLH6UBjv7iM_000,zLH6UBjv7iM,A,0,0.674,17.15,16.476,0,0,0,0,0,1,,,
zLH6UBjv7iM_001,zLH6UBjv7iM,A,1,33.73,41.182,7.452,0,0,0,0,0,1,,,
zLH6UBjv7iM_002,zLH6UBjv7iM,B,2,41.698,79.774,38.076,0,0,0,0,0,1,,,
zLH6UBjv7iM_003,zLH6UBjv7iM,B,3,79.906,98.526,18.62,0,0,0,0,0,1,,,
zLH6UBjv7iM_004,zLH6UBjv7iM,C,4,101.922,108.67,6.748,0,0,0,0,0,1,,,
zLH6UBjv7iM_005,zLH6UBjv7iM,A,5,114.05,118.078,4.028,0,0,0,0,0,1,,,
zQ74tQFIXZU_000,zQ74tQFIXZU,B,0,106.53,109.246,2.716,0,0,0,0,0,1,,,
zQvwsDGr9JU_000,zQvwsDGr9JU,A,0,327.746,340.446,12.7,0,0,0,0,0,1,,,
zQvwsDGr9JU_001,zQvwsDGr9JU,B,1,341.922,348.67,6.748,0,0,0,0,0,1,,,
zQvwsDGr9JU_002,zQvwsDGr9JU,A,2,354.114,358.11,3.996,0,0,0,0,0,1,,,
zUPrQBxS2NM_000,zUPrQBxS2NM,C,0,0.0,39.486,39.486,0,0,0,0,0,1,,,
zUPrQBxS2NM_001,zUPrQBxS2NM,B,1,39.362,65.918,26.556,0,0,0,0,0,1,,,
zUPrQBxS2NM_002,zUPrQBxS2NM,C,2,67.394,74.142,6.748,0,0,0,0,0,1,,,
zUPrQBxS2NM_003,zUPrQBxS2NM,A,3,80.546,84.574,4.028,0,0,0,0,0,1,,,
za1OqKsqiCc_000,za1OqKsqiCc,A,0,0.0,11.71,11.71,0,0,0,0,0,1,,,
za1OqKsqiCc_001,za1OqKsqiCc,A,1,13.218,18.846,5.628,0,0,0,0,0,1,,,
za1OqKsqiCc_002,za1OqKsqiCc,A,2,19.362,25.054,5.692,0,0,0,0,0,1,,,
za1OqKsqiCc_003,za1OqKsqiCc,A,3,26.594,32.67,6.076,0,0,0,0,0,1,,,
za1OqKsqiCc_004,za1OqKsqiCc,A,4,33.602,39.902,6.3,0,0,0,0,0,1,,,
za1OqKsqiCc_005,za1OqKsqiCc,A,5,41.186,60.99,19.804,0,0,0,0,0,1,,,
za1OqKsqiCc_006,za1OqKsqiCc,A,6,61.602,68.158,6.556,0,0,0,0,0,1,,,
za1OqKsqiCc_007,za1OqKsqiCc,B,7,69.25,76.03,6.78,0,0,0,0,0,1,,,
za1OqKsqiCc_008,za1OqKsqiCc,B,8,82.562,86.494,3.932,0,0,0,0,0,1,,,
zh0-UdbZ2UE_000,zh0-UdbZ2UE,A,0,0.002,36.638,36.636,0,0,0,0,0,1,,,
zh0-UdbZ2UE_001,zh0-UdbZ2UE,B,1,195.01,199.646,4.636,0,0,0,0,0,1,,,
zh0-UdbZ2UE_002,zh0-UdbZ2UE,A,2,206.242,210.142,3.9,0,0,0,0,0,1,,,
zhkldou_CKY_000,zhkldou_CKY,A,0,0.0,16.158,16.158,0,0,0,0,0,1,,,
zhkldou_CKY_001,zhkldou_CKY,B,1,33.154,47.702,14.548,0,0,0,0,0,1,,,
zhkldou_CKY_002,zhkldou_CKY,B,2,47.402,76.382,28.98,0,0,0,0,0,1,,,
zhkldou_CKY_003,zhkldou_CKY,A,3,82.21,87.294,5.084,0,0,0,0,0,1,,,
zhkldou_CKY_004,zhkldou_CKY,A,4,112.482,150.302,37.82,0,0,0,0,0,1,,,
zhkldou_CKY_005,zhkldou_CKY,C,5,167.522,172.574,5.052,0,0,0,0,0,1,,,
zhkldou_CKY_006,zhkldou_CKY,C,6,173.378,184.51,11.132,0,0,0,0,0,1,,,
zhkldou_CKY_007,zhkldou_CKY,C,7,185.154,207.998,22.844,0,0,0,0,0,1,,,
zhkldou_CKY_008,zhkldou_CKY,B,8,225.442,232.222,6.78,0,0,0,0,0,1,,,
zhkldou_CKY_009,zhkldou_CKY,B,9,238.722,242.686,3.964,0,0,0,0,0,1,,,
zjYZCFQI84s_000,zjYZCFQI84s,A,0,0.0,7.422,7.422,0,0,0,0,0,1,,,
zjYZCFQI84s_001,zjYZCFQI84s,A,1,7.97,20.862,12.892,0,0,0,0,0,1,,,
zjYZCFQI84s_002,zjYZCFQI84s,A,2,21.506,33.598,12.092,0,0,0,0,0,1,,,
zjYZCFQI84s_003,zjYZCFQI84s,A,3,34.434,46.142,11.708,0,0,0,0,0,1,,,
zjYZCFQI84s_004,zjYZCFQI84s,A,4,46.754,58.686,11.932,0,0,0,0,0,1,,,
zjYZCFQI84s_005,zjYZCFQI84s,B,5,59.458,77.918,18.46,0,0,0,0,0,1,,,
zjYZCFQI84s_006,zjYZCFQI84s,B,6,84.418,88.542,4.124,0,0,0,0,0,1,,,
zp3LxJr8aJA_000,zp3LxJr8aJA,A,0,1.826,15.198,13.372,0,0,0,0,0,1,,,
zp3LxJr8aJA_001,zp3LxJr8aJA,B,1,16.29,54.014,37.724,0,0,0,0,0,1,,,
zp3LxJr8aJA_002,zp3LxJr8aJA,B,2,54.146,93.95,39.804,0,0,0,0,0,1,,,
zp3LxJr8aJA_003,zp3LxJr8aJA,B,3,94.146,113.534,19.388,0,0,0,0,0,1,,,
zp3LxJr8aJA_004,zp3LxJr8aJA,B,4,140.546,145.246,4.7,0,0,0,0,0,1,,,
zp3LxJr8aJA_005,zp3LxJr8aJA,A,5,151.81,155.678,3.868,0,0,0,0,0,1,,,
ztXD5GSX13o_000,ztXD5GSX13o,A,0,25.41,31.39,5.98,0,0,0,0,0,1,,,
ztXD5GSX13o_001,ztXD5GSX13o,A,1,31.938,44.894,12.956,0,0,0,0,0,1,,,
ztXD5GSX13o_002,ztXD5GSX13o,A,2,45.602,51.486,5.884,0,0,0,0,0,1,,,
ztXD5GSX13o_003,ztXD5GSX13o,A,3,110.274,122.494,12.22,0,0,0,0,0,1,,,
ztXD5GSX13o_004,ztXD5GSX13o,A,4,123.042,129.31,6.268,0,0,0,0,0,1,,,
ztXD5GSX13o_005,ztXD5GSX13o,A,5,129.826,136.542,6.716,0,0,0,0,0,1,,,
ztXD5GSX13o_006,ztXD5GSX13o,B,6,150.306,156.734,6.428,0,0,0,0,0,1,,,
ztXD5GSX13o_007,ztXD5GSX13o,A,7,163.298,167.166,3.868,0,0,0,0,0,1,,,
zu5ZVRnnRVQ_000,zu5ZVRnnRVQ,A,0,2.85,20.862,18.012,0,0,0,0,0,1,,,
zu5ZVRnnRVQ_001,zu5ZVRnnRVQ,A,1,22.85,34.91,12.06,0,0,0,0,0,1,,,
zu5ZVRnnRVQ_002,zu5ZVRnnRVQ,A,2,37.154,49.534,12.38,0,0,0,0,0,1,,,
zu5ZVRnnRVQ_003,zu5ZVRnnRVQ,A,3,52.386,65.15,12.764,0,0,0,0,0,1,,,
zu5ZVRnnRVQ_004,zu5ZVRnnRVQ,B,4,67.49,86.366,18.876,0,0,0,0,0,1,,,
zu5ZVRnnRVQ_005,zu5ZVRnnRVQ,A,5,92.802,96.798,3.996,0,0,0,0,0,1,,,
