window_id,rms_vocals,rms_rest,var_db,demucs_ok,error
-3BTKFtZldo_000,1.75978368e-01,7.44806167e-02,7.4683,1,
-3BTKFtZldo_001,1.48396703e-01,8.83180967e-02,4.5075,1,
-3BTKFtZldo_002,1.27381760e-01,1.20007196e-01,0.5180,1,
-9oY4_qcCfg_000,1.57848264e-01,4.26319801e-03,31.3701,1,
-9oY4_qcCfg_001,1.27331019e-01,1.40698546e-02,19.1329,1,
-9oY4_qcCfg_002,1.87699834e-01,1.53806421e-02,21.7298,1,
-9oY4_qcCfg_003,1.53102533e-01,1.72469375e-02,18.9654,1,
-9oY4_qcCfg_004,9.07752112e-02,1.16547249e-02,17.8293,1,
-9oY4_qcCfg_005,1.76858649e-01,1.15923132e-02,23.6691,1,
-9oY4_qcCfg_006,1.19383877e-01,1.34744985e-02,18.9487,1,
-9oY4_qcCfg_007,1.18198667e-01,1.91661219e-02,15.8016,1,
-9oY4_qcCfg_008,1.49961754e-01,1.31346973e-02,21.1512,1,
-9oY4_qcCfg_009,2.01184945e-01,1.44729674e-02,22.8608,1,
-9oY4_qcCfg_010,2.07791952e-01,1.22597614e-02,24.5829,1,
-9oY4_qcCfg_011,1.01155101e-01,1.58447558e-02,16.1020,1,
-9oY4_qcCfg_012,1.10345543e-01,1.48589276e-02,17.4153,1,
-9oY4_qcCfg_013,1.25450830e-01,1.44589771e-02,18.7667,1,
-9oY4_qcCfg_014,7.23273630e-02,9.00631779e-03,18.0951,1,
-9oY4_qcCfg_015,3.35919284e-02,2.54526721e-04,42.4100,1,
-RGj8xb9R8A_000,1.97276247e-01,4.77154673e-02,12.3283,1,
-RGj8xb9R8A_001,2.07060995e-01,5.42032280e-02,11.6415,1,
-RGj8xb9R8A_002,1.78259760e-01,1.17276808e-01,3.6368,1,
-RGj8xb9R8A_003,1.33169567e-01,6.48536787e-02,6.2494,1,
-ZzrfGa0S0w_000,3.86863875e-02,3.04498286e-04,42.0795,1,
-ZzrfGa0S0w_001,4.40681183e-02,5.20406087e-04,38.5556,1,
-ZzrfGa0S0w_002,3.75273966e-02,7.00786484e-04,34.5753,1,
-ZzrfGa0S0w_003,3.43841312e-02,3.26362191e-04,40.4532,1,
-ZzrfGa0S0w_004,4.43820221e-02,3.47803698e-04,42.1175,1,
-ZzrfGa0S0w_005,4.34366388e-02,3.49146385e-04,41.8970,1,
-ZzrfGa0S0w_006,4.85944392e-02,4.28356248e-04,41.0956,1,
-ZzrfGa0S0w_007,4.15859472e-02,4.50909318e-04,39.2971,1,
-ZzrfGa0S0w_008,4.11184311e-02,3.66225347e-04,41.0058,1,
-ZzrfGa0S0w_009,4.40195105e-02,4.03542352e-04,40.7551,1,
-ZzrfGa0S0w_010,4.99616913e-02,5.00510841e-04,39.9845,1,
-ZzrfGa0S0w_011,6.77737464e-02,6.27152139e-03,20.6738,1,
-ZzrfGa0S0w_012,3.35024286e-02,2.38372457e-04,42.9564,1,
-agnQ40mEM8_000,1.98318682e-01,1.13106682e-03,44.8775,1,
-agnQ40mEM8_001,1.96855273e-01,5.83445083e-02,10.5629,1,
-agnQ40mEM8_002,1.31936041e-01,6.42844851e-02,6.2451,1,
-duPp9s1JzQ_000,7.47694419e-02,4.39165582e-02,4.6219,1,
-duPp9s1JzQ_001,6.41480063e-02,5.06530627e-04,42.0515,1,
-duPp9s1JzQ_002,7.79762329e-02,9.57019873e-04,38.2208,1,
-duPp9s1JzQ_003,7.60543352e-02,6.08419222e-04,41.9384,1,
-duPp9s1JzQ_004,8.07450477e-02,8.48570737e-04,39.5686,1,
-duPp9s1JzQ_005,9.38757426e-02,6.86153820e-04,42.7226,1,
-duPp9s1JzQ_006,8.03851550e-02,2.57451846e-03,29.8896,1,
-duPp9s1JzQ_007,7.29875518e-02,6.43504244e-04,41.0939,1,
-duPp9s1JzQ_008,8.37432091e-02,1.57034591e-03,34.5391,1,
-duPp9s1JzQ_009,8.58105030e-02,9.04215771e-04,39.5454,1,
-duPp9s1JzQ_010,6.15123146e-02,3.64711422e-04,44.5403,1,
-duPp9s1JzQ_011,6.77756687e-02,6.50531863e-03,20.3561,1,
-duPp9s1JzQ_012,3.36011353e-02,2.24640290e-04,43.4973,1,
-uB4Z9Vdv3E_000,1.04586181e-01,2.53035590e-02,12.3259,1,
-uB4Z9Vdv3E_001,1.05568225e-01,3.95502398e-02,8.5277,1,
-uB4Z9Vdv3E_002,1.15370236e-01,3.96381773e-02,9.2796,1,
-uB4Z9Vdv3E_003,3.35337827e-02,2.15455227e-04,43.8425,1,
01cBqZ4P68A_000,1.77260618e-01,4.23784382e-02,12.4293,1,
01cBqZ4P68A_001,1.77210341e-01,7.97423094e-02,6.9360,1,
01cBqZ4P68A_002,1.32400897e-01,6.42631020e-02,6.2786,1,
0Hqy8SIu8QM_000,2.29678522e-01,1.07525056e-01,6.5922,1,
0Hqy8SIu8QM_001,2.85843776e-01,3.07894284e-02,19.3545,1,
0Hqy8SIu8QM_002,7.40842230e-02,8.42987049e-03,18.8781,1,
0Hqy8SIu8QM_003,3.35342336e-02,2.58019755e-04,42.2767,1,
0QZPlWu3n7Q_000,1.01687448e-01,5.79124631e-04,44.8899,1,
0QZPlWu3n7Q_001,1.38465094e-01,7.72288452e-02,5.0712,1,
0QZPlWu3n7Q_002,1.05252405e-01,6.77172388e-02,3.8307,1,
0QZPlWu3n7Q_003,7.03895703e-02,1.99697956e-02,10.9427,1,
0QZPlWu3n7Q_004,3.34402325e-02,2.29877626e-04,43.2555,1,
0bxiKSqEZlU_000,8.70054133e-02,9.58609056e-04,39.1581,1,
0bxiKSqEZlU_001,1.09114791e-01,1.44292498e-03,37.5728,1,
0bxiKSqEZlU_002,7.28320489e-02,3.54106737e-04,46.2638,1,
0bxiKSqEZlU_003,3.35429714e-02,2.23030916e-04,43.5447,1,
0oa0RJE4db8_000,1.56320685e-01,2.64275006e-02,15.4392,1,
0oa0RJE4db8_001,1.59194203e-01,5.10570556e-02,9.8774,1,
0oa0RJE4db8_002,1.55219544e-01,6.79201843e-02,7.1790,1,
0oa0RJE4db8_003,1.51784228e-01,4.84703439e-02,9.9150,1,
0oa0RJE4db8_004,1.68922854e-01,9.15947995e-02,5.3164,1,
0oa0RJE4db8_005,1.33656819e-01,6.49642498e-02,6.2663,1,
0tOUk3VfuGg_000,8.57622287e-02,1.29090772e-02,16.4480,1,
0tOUk3VfuGg_001,5.92880946e-02,2.68902983e-02,6.8674,1,
0tOUk3VfuGg_002,7.12379910e-02,3.70200460e-02,5.6855,1,
0tOUk3VfuGg_003,5.36186100e-02,4.48276369e-02,1.5554,1,
0tOUk3VfuGg_004,6.49982477e-02,4.16447852e-02,3.8668,1,
0tOUk3VfuGg_005,6.51426801e-02,4.07969327e-02,4.0648,1,
0tOUk3VfuGg_006,7.50421830e-02,4.32736665e-02,4.7816,1,
0tOUk3VfuGg_007,9.03806044e-02,4.36011674e-02,6.3315,1,
0tOUk3VfuGg_008,7.74645479e-02,4.29106285e-02,5.1308,1,
0tOUk3VfuGg_009,7.30352810e-02,3.73303364e-02,5.8294,1,
0tOUk3VfuGg_010,7.27589518e-02,3.68528018e-02,5.9083,1,
0tOUk3VfuGg_011,8.76809625e-02,4.38745421e-02,6.0139,1,
0tOUk3VfuGg_012,7.64856489e-02,4.22366646e-02,5.1578,1,
0tOUk3VfuGg_013,7.69257684e-02,3.34063658e-02,7.2449,1,
0tOUk3VfuGg_014,5.24975203e-02,2.54184103e-02,6.2998,1,
0tOUk3VfuGg_015,6.45478587e-02,1.84522051e-02,10.8767,1,
0tOUk3VfuGg_016,3.35178081e-02,2.42390213e-04,42.8152,1,
0xkI0AW6xfQ_000,1.05269219e-01,3.58191295e-02,9.3637,1,
0xkI0AW6xfQ_001,1.42744025e-01,4.28539321e-04,50.4513,1,
0xkI0AW6xfQ_002,1.39701694e-01,4.39270508e-04,50.0494,1,
0xkI0AW6xfQ_003,7.66784305e-02,3.59353171e-04,46.5830,1,
0xkI0AW6xfQ_004,6.84731147e-02,5.02608412e-04,42.6858,1,
0xkI0AW6xfQ_005,8.50892925e-02,3.87866181e-04,46.8239,1,
0xkI0AW6xfQ_006,1.47987599e-01,4.22166575e-02,10.8948,1,
0xkI0AW6xfQ_007,1.68019641e-01,4.26775609e-02,11.9032,1,
0xkI0AW6xfQ_008,1.59384408e-01,7.67482867e-02,6.3475,1,
0xkI0AW6xfQ_009,1.73381357e-01,9.58264722e-02,5.1503,1,
0xkI0AW6xfQ_010,1.76410338e-01,8.46316519e-02,6.3798,1,
0xkI0AW6xfQ_011,1.72490235e-01,9.35967767e-02,5.3101,1,
0xkI0AW6xfQ_012,1.81429626e-01,6.03548916e-02,9.5599,1,
0xkI0AW6xfQ_013,1.70629195e-01,6.03868747e-02,9.0222,1,
0xkI0AW6xfQ_014,1.67214109e-01,6.25896585e-02,8.5354,1,
0xkI0AW6xfQ_015,1.67876097e-01,6.29961257e-02,8.5135,1,
0xkI0AW6xfQ_016,1.74072314e-01,5.88693972e-02,9.4168,1,
0xkI0AW6xfQ_017,1.72547662e-01,6.35908886e-02,8.6703,1,
0xkI0AW6xfQ_018,1.77731691e-01,9.20866799e-02,5.7114,1,
0xkI0AW6xfQ_019,1.32040669e-01,6.41614975e-02,6.2687,1,
10G-1WZq5jc_000,1.11035394e-01,5.43359090e-02,6.2075,1,
10G-1WZq5jc_001,7.20699362e-02,7.85124927e-02,-0.7437,1,
10G-1WZq5jc_002,1.04191883e-01,8.63835875e-02,1.6281,1,
10G-1WZq5jc_003,1.60329807e-01,8.60710637e-02,5.4031,1,
10G-1WZq5jc_004,1.58795110e-01,9.57103688e-02,4.3976,1,
10G-1WZq5jc_005,1.80961980e-01,8.05704291e-02,7.0282,1,
10G-1WZq5jc_006,1.64919705e-01,9.00041630e-02,5.2602,1,
10G-1WZq5jc_007,1.79720974e-01,7.39873687e-02,7.7088,1,
10G-1WZq5jc_008,1.55052654e-01,4.41895942e-02,10.9032,1,
10G-1WZq5jc_009,1.60383485e-01,4.97549623e-02,10.1665,1,
10G-1WZq5jc_010,1.80942704e-01,4.99845930e-02,11.1741,1,
10G-1WZq5jc_011,1.74323118e-01,4.90137595e-02,11.0207,1,
10G-1WZq5jc_012,1.78441884e-01,5.25808837e-02,10.6134,1,
10G-1WZq5jc_013,2.01120141e-01,5.58511229e-02,11.1285,1,
10G-1WZq5jc_014,1.71729446e-01,1.40133299e-03,41.7661,1,
10G-1WZq5jc_015,1.32294196e-01,4.22432385e-04,49.9157,1,
10G-1WZq5jc_016,8.11974357e-02,3.95300435e-04,46.2523,1,
10G-1WZq5jc_017,1.74042529e-01,1.15576671e-01,3.5557,1,
10G-1WZq5jc_018,1.32634674e-01,6.39531906e-02,6.3359,1,
1Hj6ncrJr0c_000,2.02873997e-01,4.56114432e-02,12.9631,1,
1Hj6ncrJr0c_001,2.06624173e-01,5.49433428e-02,11.5053,1,
1Hj6ncrJr0c_002,1.69815656e-01,5.34378703e-02,10.0426,1,
1Hj6ncrJr0c_003,2.33054009e-01,4.37103165e-02,14.5375,1,
1Hj6ncrJr0c_004,1.87779061e-01,1.09701992e-01,4.6687,1,
1Hj6ncrJr0c_005,1.33007167e-01,6.41519359e-02,6.3333,1,
1Mz-sKyoEy8_000,9.31647109e-02,3.44289836e-02,8.6465,1,
1Mz-sKyoEy8_001,1.12161064e-01,2.40091462e-02,13.3893,1,
1Mz-sKyoEy8_002,1.32662753e-01,1.37163421e-01,-0.2898,1,
1Mz-sKyoEy8_003,7.41125297e-02,6.86717450e-03,20.6623,1,
1Mz-sKyoEy8_004,3.36442563e-02,2.63760688e-04,42.1140,1,
1VbNiBxwg9M_000,6.23595956e-02,5.65468011e-04,40.8499,1,
1VbNiBxwg9M_001,7.90261775e-02,4.20999628e-04,45.4698,1,
1VbNiBxwg9M_002,8.31500379e-02,8.74803730e-04,39.5590,1,
1VbNiBxwg9M_003,7.72913200e-02,5.20250248e-04,43.4384,1,
1VbNiBxwg9M_004,1.06231442e-01,5.54641435e-04,45.6448,1,
1VbNiBxwg9M_005,7.32102457e-02,8.46059571e-04,38.7434,1,
1VbNiBxwg9M_006,5.76989190e-02,1.16194032e-03,33.9197,1,
1VbNiBxwg9M_007,8.21542603e-02,9.22956803e-04,38.9890,1,
1VbNiBxwg9M_008,7.64913618e-02,1.09632743e-03,36.8734,1,
1VbNiBxwg9M_009,6.33410843e-02,4.17987149e-04,43.6105,1,
1VbNiBxwg9M_010,9.21366663e-02,7.14721396e-04,42.2059,1,
1VbNiBxwg9M_011,5.60109901e-02,4.41519641e-03,22.0665,1,
1VbNiBxwg9M_012,6.24807453e-02,9.19902808e-03,16.6401,1,
1VbNiBxwg9M_013,6.33738748e-02,1.10236760e-02,15.1917,1,
1VbNiBxwg9M_014,5.15445078e-02,5.25877270e-04,39.8260,1,
1VbNiBxwg9M_015,5.99208348e-02,5.66636680e-04,40.4855,1,
1VbNiBxwg9M_016,5.93967332e-02,6.10792255e-04,39.7574,1,
1VbNiBxwg9M_017,5.76536283e-02,5.71027078e-04,40.0834,1,
1VbNiBxwg9M_018,6.93543207e-02,6.55152444e-04,40.4946,1,
1VbNiBxwg9M_019,6.81210497e-02,5.88980228e-03,21.2636,1,
1VbNiBxwg9M_020,3.35299361e-02,2.31307976e-04,43.2248,1,
1W1EWr_0bg8_000,1.27949753e-01,2.89657167e-02,12.9031,1,
1W1EWr_0bg8_001,1.46167549e-01,3.32684060e-02,12.8564,1,
1W1EWr_0bg8_002,1.35612950e-01,3.82834696e-02,10.9858,1,
1W1EWr_0bg8_003,1.58454890e-01,2.72722467e-02,15.2837,1,
1W1EWr_0bg8_004,1.56181361e-01,3.00078262e-02,14.3279,1,
1W1EWr_0bg8_005,1.31854922e-01,2.59182987e-02,14.1298,1,
1W1EWr_0bg8_006,3.35911241e-02,2.67553697e-04,41.9763,1,
1WefYlPx6ok_000,1.10514912e-01,9.44595709e-03,21.3635,1,
1WefYlPx6ok_001,8.67750521e-02,1.86271971e-02,13.3649,1,
1WefYlPx6ok_002,1.16189310e-01,1.67748269e-02,16.8102,1,
1WefYlPx6ok_003,8.60752407e-02,1.53415043e-02,14.9802,1,
1WefYlPx6ok_004,6.52109228e-02,1.72548350e-02,11.5482,1,
1WefYlPx6ok_005,9.63016931e-02,1.53468935e-02,15.9523,1,
1WefYlPx6ok_006,7.60778775e-02,2.39128467e-02,10.0525,1,
1WefYlPx6ok_007,8.87477999e-02,2.47015721e-02,11.1087,1,
1WefYlPx6ok_008,4.88316022e-02,2.17250197e-02,7.0348,1,
1WefYlPx6ok_009,7.15659907e-02,2.21306764e-02,10.1942,1,
1WefYlPx6ok_010,5.44974325e-02,2.40319607e-02,7.1117,1,
1WefYlPx6ok_011,6.63075446e-02,2.08279570e-02,10.0583,1,
1WefYlPx6ok_012,6.33851513e-02,1.24801969e-02,14.1153,1,
1WefYlPx6ok_013,7.21122422e-02,8.00047064e-03,19.0979,1,
1WefYlPx6ok_014,3.34811133e-02,2.39573852e-04,42.9072,1,
1qtodTd6UME_000,1.68789276e-01,4.27175672e-02,11.9348,1,
1qtodTd6UME_001,1.78395792e-01,6.48365026e-02,8.7913,1,
1qtodTd6UME_002,1.32509796e-01,6.43717980e-02,6.2710,1,
1uc4tqpk9o0_000,7.73589849e-02,1.90848494e-02,12.1564,1,
1uc4tqpk9o0_001,8.69256349e-02,1.79246492e-02,13.7139,1,
1uc4tqpk9o0_002,1.04302901e-01,1.91372023e-02,14.7284,1,
1uc4tqpk9o0_003,1.75983542e-01,5.08970005e-02,10.7756,1,
1uc4tqpk9o0_004,1.81811737e-01,5.99420932e-02,9.6378,1,
1uc4tqpk9o0_005,1.62963864e-01,5.91385495e-02,8.8044,1,
1uc4tqpk9o0_006,2.05277316e-01,6.29556292e-02,10.2661,1,
1uc4tqpk9o0_007,1.73510458e-01,1.17878546e-01,3.3578,1,
1uc4tqpk9o0_008,1.32579791e-01,6.44713156e-02,6.2622,1,
238-IIxY3Pw_000,1.64918814e-01,7.67826064e-04,46.6401,1,
238-IIxY3Pw_001,1.30871748e-01,9.12620826e-04,43.1311,1,
238-IIxY3Pw_002,1.27909360e-01,8.98099373e-04,43.0716,1,
238-IIxY3Pw_003,1.18132277e-01,8.40921159e-04,42.9523,1,
238-IIxY3Pw_004,9.20388081e-02,2.06570653e-02,12.9780,1,
238-IIxY3Pw_005,9.41138323e-02,1.94429833e-02,13.6978,1,
238-IIxY3Pw_006,1.03404451e-01,1.62293273e-02,16.0848,1,
238-IIxY3Pw_007,1.08234317e-01,1.91954910e-02,15.0233,1,
238-IIxY3Pw_008,1.17631508e-01,2.14780384e-02,14.7706,1,
238-IIxY3Pw_009,1.05859698e-01,2.29165147e-02,13.2916,1,
238-IIxY3Pw_010,1.30303647e-01,1.64475801e-02,17.9771,1,
238-IIxY3Pw_011,1.15511046e-01,1.69696037e-02,16.6590,1,
238-IIxY3Pw_012,7.32621395e-02,5.29796209e-03,22.8154,1,
238-IIxY3Pw_013,3.35541160e-02,2.41585534e-04,42.8535,1,
2VLM3MhnyEE_000,3.08412346e-02,2.88483792e-04,40.5802,1,
2VLM3MhnyEE_001,4.47967381e-02,4.43389369e-03,20.0892,1,
2VLM3MhnyEE_002,4.52314333e-02,6.94509359e-03,16.2752,1,
2VLM3MhnyEE_003,5.70093334e-02,4.14070217e-04,42.7774,1,
2VLM3MhnyEE_004,3.98449376e-02,8.09411925e-03,13.8441,1,
2VLM3MhnyEE_005,4.49856674e-02,4.71005153e-04,39.6010,1,
2VLM3MhnyEE_006,4.15341071e-02,4.56729778e-03,19.1749,1,
2VLM3MhnyEE_007,3.66914177e-02,8.62619362e-03,12.5749,1,
2VLM3MhnyEE_008,4.37215660e-02,1.23626111e-02,10.9717,1,
2VLM3MhnyEE_009,5.23527672e-02,4.97073456e-04,40.4504,1,
2VLM3MhnyEE_010,7.20734099e-02,8.60366407e-03,18.4618,1,
2VmuNpNnUEU_000,1.89191889e-01,7.47422844e-03,28.0667,1,
2VmuNpNnUEU_001,2.24269577e-01,5.40809508e-03,32.3545,1,
2VmuNpNnUEU_002,1.74303343e-01,1.17973348e-01,3.3904,1,
2VmuNpNnUEU_003,1.32308160e-01,6.39292501e-02,6.3177,1,
2Y6itphxVyc_000,1.87673499e-01,2.67989247e-02,16.9057,1,
2Y6itphxVyc_001,6.18619732e-02,6.93359306e-03,19.0093,1,
2Y6itphxVyc_002,5.07829546e-02,4.54918700e-03,20.9557,1,
2Y6itphxVyc_003,5.78156847e-02,9.09206460e-04,36.0677,1,
2Y6itphxVyc_004,4.73246214e-02,9.66628675e-03,13.7965,1,
2Y6itphxVyc_005,5.79453281e-02,1.85415808e-02,9.8974,1,
2Y6itphxVyc_006,6.01968023e-02,1.87480120e-02,10.1324,1,
2Y6itphxVyc_007,1.88436966e-01,1.09876287e-01,4.6852,1,
2Y6itphxVyc_008,1.33087743e-01,6.43500115e-02,6.3118,1,
2a1fdlEvm-s_000,1.86849660e-01,5.27497394e-03,30.9854,1,
2a1fdlEvm-s_001,1.70622975e-01,1.25365663e-03,42.6772,1,
2a1fdlEvm-s_002,1.74766401e-01,1.14169141e-01,3.6982,1,
2a1fdlEvm-s_003,1.32125270e-01,6.43047915e-02,6.2549,1,
2anuRVG0ZBc_000,7.16199098e-02,2.39917703e-02,9.4994,1,
2anuRVG0ZBc_001,9.14137670e-02,3.16656182e-02,9.2085,1,
2anuRVG0ZBc_002,8.48434223e-02,2.97451046e-02,9.1041,1,
2anuRVG0ZBc_003,1.24348353e-01,2.92882192e-02,12.5589,1,
2anuRVG0ZBc_004,7.28175989e-02,6.24593700e-03,21.3328,1,
2anuRVG0ZBc_005,3.35950062e-02,2.32933627e-04,43.1809,1,
2oJ2qkdgZTw_000,1.59457477e-01,4.57047367e-02,10.8537,1,
2oJ2qkdgZTw_001,1.75169681e-01,4.37898925e-02,12.0417,1,
2oJ2qkdgZTw_002,1.33375335e-01,3.78681800e-02,10.9360,1,
2wdfJrsnKME_000,9.17769800e-02,1.14912656e-03,38.0473,1,
2wdfJrsnKME_001,9.88322266e-02,2.34689104e-02,12.4881,1,
2wdfJrsnKME_002,8.76185272e-02,2.19447093e-02,12.0253,1,
2wdfJrsnKME_003,9.88298697e-02,1.32396268e-02,17.4602,1,
2wdfJrsnKME_004,9.31675280e-02,1.28319049e-03,37.2195,1,
2wdfJrsnKME_005,6.71639952e-02,4.36688046e-04,43.7393,1,
2wdfJrsnKME_006,3.33904983e-02,2.50326043e-04,42.5023,1,
389l_ackzDg_000,1.46375682e-01,2.77821638e-02,14.4341,1,
389l_ackzDg_001,1.65481076e-01,5.83478927e-02,9.0545,1,
389l_ackzDg_002,9.74331030e-02,1.74018251e-02,14.9622,1,
389l_ackzDg_003,1.31341919e-01,5.73805766e-02,7.1928,1,
389l_ackzDg_004,1.31707639e-01,6.41732574e-02,6.2451,1,
3KG2fqfQMG4_000,1.15887109e-01,1.18778757e-03,39.7859,1,
3KG2fqfQMG4_001,1.30348126e-01,1.04784671e-03,41.8961,1,
3KG2fqfQMG4_002,1.11294438e-01,9.10899701e-04,41.7401,1,
3KG2fqfQMG4_003,1.37606830e-01,1.10834488e-03,41.8793,1,
3KG2fqfQMG4_004,1.67235353e-01,1.19817193e-01,2.8962,1,
3KG2fqfQMG4_005,1.32565757e-01,6.42486677e-02,6.2913,1,
3TNcMupTFTQ_000,1.32396250e-01,1.13024767e-02,21.3740,1,
3TNcMupTFTQ_001,1.55952067e-01,1.80838887e-02,18.7140,1,
3TNcMupTFTQ_002,1.35755482e-01,6.91148336e-02,5.8637,1,
3TNcMupTFTQ_003,1.75535700e-01,6.25880968e-02,8.9575,1,
3TNcMupTFTQ_004,1.78054408e-01,1.17754149e-01,3.5915,1,
3TNcMupTFTQ_005,1.33535416e-01,6.40952493e-02,6.3754,1,
3aBRmQ-C51o_000,7.29344677e-02,6.12381489e-03,21.5182,1,
3aBRmQ-C51o_001,6.15259397e-02,4.62086784e-04,42.4867,1,
3aBRmQ-C51o_002,4.24145929e-02,2.42105061e-04,44.8702,1,
3aBRmQ-C51o_003,3.78693456e-02,2.55679301e-04,43.4118,1,
3g0OEhAgPHw_000,1.95463343e-01,2.68105769e-02,17.2552,1,
3g0OEhAgPHw_001,1.77026818e-01,6.69780527e-02,8.4421,1,
3g0OEhAgPHw_002,1.77466647e-01,7.61647717e-02,7.3473,1,
3g0OEhAgPHw_003,1.79917085e-01,6.69764352e-02,8.5830,1,
3g0OEhAgPHw_004,1.33443615e-01,6.45847103e-02,6.3034,1,
3gtSu-CaA6o_000,1.59195398e-01,3.76232680e-02,12.5295,1,
3gtSu-CaA6o_001,1.60855322e-01,7.55938794e-02,6.5590,1,
3gtSu-CaA6o_002,1.63805234e-01,8.53502829e-02,5.6625,1,
3gtSu-CaA6o_003,1.76707882e-01,8.27859368e-02,6.5860,1,
3gtSu-CaA6o_004,2.14466472e-01,7.88434234e-02,8.6919,1,
3gtSu-CaA6o_005,1.64736361e-01,8.30998566e-02,5.9438,1,
3gtSu-CaA6o_006,1.40912269e-01,9.68992049e-02,3.2526,1,
3gtSu-CaA6o_007,1.78093849e-01,6.69084346e-02,8.5034,1,
3gtSu-CaA6o_008,1.42702971e-01,9.78882217e-02,3.2741,1,
3gtSu-CaA6o_009,1.74999372e-01,1.01602551e-01,4.7226,1,
3gtSu-CaA6o_010,1.33073186e-01,6.42085478e-02,6.3300,1,
3kTKtsSunlg_000,7.32287142e-02,5.69114281e-03,22.1896,1,
3kTKtsSunlg_001,4.92804074e-02,9.48604649e-04,34.3118,1,
3kTKtsSunlg_002,5.14324940e-02,5.41213106e-04,39.5574,1,
3kTKtsSunlg_003,5.14208623e-02,4.94487546e-04,40.3397,1,
3kTKtsSunlg_004,6.94423966e-02,1.61709777e-03,32.6578,1,
3kTKtsSunlg_005,9.80778522e-02,1.56720067e-03,35.9289,1,
3kTKtsSunlg_006,1.03650107e-01,5.65913554e-04,45.2564,1,
3kTKtsSunlg_007,6.43212874e-02,2.49709629e-04,48.2184,1,
3kTKtsSunlg_008,5.65467458e-02,3.76253303e-04,43.5385,1,
3kTKtsSunlg_009,5.74000499e-02,3.11172041e-03,25.3182,1,
3kTKtsSunlg_010,6.93457336e-02,4.49772560e-04,43.7605,1,
3kTKtsSunlg_011,7.35163970e-02,3.45802629e-04,46.5511,1,
3kTKtsSunlg_012,4.57229575e-02,3.14845429e-04,43.2407,1,
3kTKtsSunlg_013,5.81044503e-02,3.31557470e-04,44.8730,1,
3kTKtsSunlg_014,7.94658129e-02,4.47227205e-04,44.9930,1,
3kTKtsSunlg_015,4.78194874e-02,3.43939749e-04,42.8625,1,
3kTKtsSunlg_016,4.90742822e-02,2.07136972e-02,7.4919,1,
3kTKtsSunlg_017,6.30042828e-02,6.12460837e-03,20.2458,1,
3kTKtsSunlg_018,2.11363375e-02,9.79313007e-05,46.6822,1,
3kTKtsSunlg_019,5.89013507e-02,1.16398412e-03,34.0836,1,
3kTKtsSunlg_020,5.34431538e-02,3.84292395e-03,22.8646,1,
3kTKtsSunlg_021,5.91559816e-02,1.18536280e-03,33.9629,1,
3kTKtsSunlg_022,5.04481625e-02,3.57154508e-04,42.9998,1,
3kTKtsSunlg_023,7.64725279e-02,1.60925329e-02,13.5376,1,
3kTKtsSunlg_024,3.15298720e-02,3.71347606e-04,38.5788,1,
3kTKtsSunlg_025,2.87788601e-04,5.44429685e-02,-45.5374,1,
3kTKtsSunlg_026,4.72379936e-02,4.06076362e-04,41.3137,1,
3kTKtsSunlg_027,2.78355696e-02,6.29053037e-03,12.9183,1,
3kTKtsSunlg_028,5.38304138e-02,1.29619971e-01,-7.6329,1,
3kTKtsSunlg_029,4.09327736e-02,4.57970220e-04,39.0247,1,
3kTKtsSunlg_030,3.21654838e-02,1.23428399e-03,28.3195,1,
3kTKtsSunlg_031,3.27919185e-02,1.37220646e-03,27.5669,1,
3kTKtsSunlg_032,3.28914441e-02,7.56674979e-04,32.7635,1,
3kTKtsSunlg_033,2.86576944e-02,2.16717143e-04,42.4270,1,
3zxz0AndPt0_000,1.99599205e-01,6.52290903e-02,9.7143,1,
3zxz0AndPt0_001,1.33304761e-01,6.40388604e-02,6.3680,1,
47F3lTVpOxc_000,1.48477942e-01,3.33977496e-02,12.9589,1,
47F3lTVpOxc_001,1.09286058e-01,3.13213748e-02,10.8545,1,
47F3lTVpOxc_002,1.28402474e-01,4.59575044e-02,8.9243,1,
47F3lTVpOxc_003,1.32096295e-01,4.85099168e-02,8.7012,1,
47F3lTVpOxc_004,1.45007956e-01,3.02059603e-02,13.6260,1,
47F3lTVpOxc_005,1.31460360e-01,4.79621071e-02,8.7579,1,
47F3lTVpOxc_006,7.42034261e-02,3.59186807e-02,6.3021,1,
4BE3O130ubk_000,1.64241241e-01,3.30395189e-02,13.9290,1,
4BE3O130ubk_001,1.12741744e-01,3.33499961e-02,10.5798,1,
4BE3O130ubk_002,9.11227410e-02,5.39546080e-02,4.5520,1,
4BE3O130ubk_003,1.68118096e-01,2.10569661e-02,18.0444,1,
4BE3O130ubk_004,1.73397546e-01,8.27362223e-02,6.4269,1,
4BE3O130ubk_005,1.33158297e-01,6.51067922e-02,6.2148,1,
4Eyz895ZCwE_000,1.97671227e-01,3.23842745e-02,15.7122,1,
4Eyz895ZCwE_001,1.91685570e-01,5.37468304e-02,11.0447,1,
4Eyz895ZCwE_002,1.89689867e-01,5.70566264e-02,10.4348,1,
4Eyz895ZCwE_003,1.34560407e-01,1.72257056e-02,17.8548,1,
4FiG0IQi__Y_000,6.95948158e-02,2.22065467e-02,9.9219,1,
4FiG0IQi__Y_001,6.24363866e-02,2.25122241e-02,8.8604,1,
4FiG0IQi__Y_002,8.38148044e-02,1.37963163e-02,15.6712,1,
4FiG0IQi__Y_003,7.18824818e-02,7.29588885e-03,19.8709,1,
4FiG0IQi__Y_004,3.35279861e-02,2.39189019e-04,42.9333,1,
4YsyGfojh30_000,1.56438102e-01,5.92439595e-02,8.4340,1,
4YsyGfojh30_001,1.78494839e-01,8.09939867e-02,6.8635,1,
4YsyGfojh30_002,1.33276482e-01,6.47669553e-02,6.2680,1,
4bPrey4Dpqo_000,1.25125984e-01,4.43367275e-02,9.0117,1,
4bPrey4Dpqo_001,1.39298566e-01,6.72338475e-02,6.3272,1,
4bPrey4Dpqo_002,1.70270910e-01,6.98792260e-02,7.7358,1,
4bPrey4Dpqo_003,1.54327000e-01,6.94336302e-02,6.9374,1,
4bPrey4Dpqo_004,1.51932226e-01,6.88842706e-02,6.8706,1,
4bPrey4Dpqo_005,1.43326758e-01,5.01998218e-02,9.1125,1,
4bPrey4Dpqo_006,1.56475372e-01,8.40184119e-02,5.4014,1,
4bPrey4Dpqo_007,1.33088044e-01,6.48072292e-02,6.2503,1,
4fkaKsVNx9I_000,8.85784879e-02,6.03538304e-02,3.3325,1,
4fkaKsVNx9I_001,7.85683084e-02,6.20830322e-02,2.0455,1,
4fkaKsVNx9I_002,9.47126806e-02,2.56323164e-02,11.3524,1,
4fkaKsVNx9I_003,8.96411322e-02,5.91513257e-02,3.6109,1,
4fkaKsVNx9I_004,1.88486555e-01,5.82827607e-02,10.1948,1,
4fkaKsVNx9I_005,2.01552288e-01,5.90185561e-02,10.6680,1,
4fkaKsVNx9I_006,2.07142411e-01,6.29778583e-02,10.3416,1,
4fkaKsVNx9I_007,2.13164730e-01,5.22021831e-02,12.2205,1,
4fkaKsVNx9I_008,1.93755490e-01,5.63992048e-02,10.7196,1,
4fkaKsVNx9I_009,1.72879377e-01,1.17956360e-01,3.3204,1,
4fkaKsVNx9I_010,1.31173342e-01,6.36303384e-02,6.2836,1,
4iTUm1J-v0Q_000,1.58698023e-01,4.98203376e-03,30.0633,1,
4iTUm1J-v0Q_001,3.76782576e-02,1.71080294e-02,6.8578,1,
4iTUm1J-v0Q_002,2.93141822e-02,4.74562052e-02,-4.1843,1,
4iTUm1J-v0Q_003,4.12500021e-02,1.48430342e-02,8.8780,1,
4iTUm1J-v0Q_004,1.58425850e-01,4.92316652e-02,10.1516,1,
4iTUm1J-v0Q_005,1.49076865e-01,2.37137619e-03,35.9682,1,
4iTUm1J-v0Q_006,2.05971324e-01,6.12734322e-02,10.5307,1,
4iTUm1J-v0Q_007,1.66842484e-01,5.78922985e-02,9.1937,1,
4iTUm1J-v0Q_008,1.57954217e-01,2.31049210e-02,16.6965,1,
4iTUm1J-v0Q_009,1.66786638e-01,5.16639339e-02,10.1795,1,
4iTUm1J-v0Q_010,1.95787986e-01,7.58146937e-02,8.2407,1,
4iTUm1J-v0Q_011,1.33045619e-01,6.42595584e-02,6.3213,1,
4kMF-rVbqAc_000,7.82889677e-02,3.00049471e-02,8.3302,1,
4kMF-rVbqAc_001,9.43356639e-02,9.89787522e-02,-0.4173,1,
4kMF-rVbqAc_002,8.05895578e-02,1.42124194e-02,15.0722,1,
4kMF-rVbqAc_003,9.13088389e-02,2.34504702e-02,11.8072,1,
4kMF-rVbqAc_004,1.01736134e-01,3.51285538e-02,9.2363,1,
4kMF-rVbqAc_005,8.55071975e-02,4.35042871e-02,5.8694,1,
4kMF-rVbqAc_006,9.04579599e-02,4.51109795e-02,6.0433,1,
4kMF-rVbqAc_007,9.69543324e-02,3.73915974e-02,8.2759,1,
4kMF-rVbqAc_008,9.97728797e-02,3.72731654e-02,8.5523,1,
4kMF-rVbqAc_009,1.10000920e-01,4.64862090e-02,7.4814,1,
4kMF-rVbqAc_010,9.94521191e-02,3.86476005e-02,8.2098,1,
4kMF-rVbqAc_011,1.01118503e-01,2.92288373e-02,10.7804,1,
4kMF-rVbqAc_012,7.78605733e-02,4.08136502e-02,5.6102,1,
4kMF-rVbqAc_013,1.60198631e-01,4.38100379e-02,11.2617,1,
4kMF-rVbqAc_014,1.59896257e-01,2.75894124e-02,15.2619,1,
4kMF-rVbqAc_015,9.56316730e-02,4.05603728e-02,7.4500,1,
4kMF-rVbqAc_016,9.11905549e-02,4.43050887e-02,6.2699,1,
4kMF-rVbqAc_017,1.03323056e-01,3.77476553e-02,8.7461,1,
4kMF-rVbqAc_018,1.36539857e-01,3.73837958e-02,11.2515,1,
4kMF-rVbqAc_019,1.03383950e-01,4.31834567e-02,7.5827,1,
4kMF-rVbqAc_020,8.53781129e-02,3.43193011e-02,7.9162,1,
4kMF-rVbqAc_021,7.46156944e-02,2.84902855e-02,8.3627,1,
4kMF-rVbqAc_022,7.26648332e-02,1.19587699e-02,15.6728,1,
4kMF-rVbqAc_023,3.34552863e-02,2.23280192e-04,43.5123,1,
4mGjUrWl1mg_000,2.26141301e-01,1.76272776e-02,22.1639,1,
4mGjUrWl1mg_001,1.73005375e-01,3.38354960e-02,14.1737,1,
4mGjUrWl1mg_002,1.69808406e-01,3.64912100e-02,13.3554,1,
4mGjUrWl1mg_003,1.85519233e-01,1.02954244e-01,5.1149,1,
4mGjUrWl1mg_004,1.32931235e-01,6.47895253e-02,6.2424,1,
4n7T0KeQohU_000,5.80848099e-02,1.96083655e-02,9.4324,1,
4n7T0KeQohU_001,6.16530476e-02,2.72627310e-02,7.0877,1,
4n7T0KeQohU_002,7.88175568e-02,2.80351930e-02,8.9784,1,
4n7T0KeQohU_003,6.68969104e-02,3.42129472e-02,5.8243,1,
4n7T0KeQohU_004,6.65350986e-02,3.48021477e-02,5.6289,1,
4n7T0KeQohU_005,5.77927892e-02,2.93023612e-02,5.8994,1,
4n7T0KeQohU_006,6.81700882e-02,3.39664184e-02,6.0509,1,
4n7T0KeQohU_007,6.67634356e-02,3.28062395e-02,6.1716,1,
4n7T0KeQohU_008,7.06827274e-02,2.57409921e-02,8.7738,1,
4n7T0KeQohU_009,8.58604829e-02,1.83160559e-02,13.4192,1,
4n7T0KeQohU_010,7.31174245e-02,5.59479586e-03,22.3247,1,
4n7T0KeQohU_011,3.37164762e-02,2.23835270e-04,43.5583,1,
4wZ7DlNlsc0_000,1.63090570e-01,3.64952697e-02,13.0038,1,
4wZ7DlNlsc0_001,1.69170893e-01,2.68209826e-02,15.9970,1,
4wZ7DlNlsc0_002,1.81848672e-01,4.24848375e-02,12.6295,1,
4wZ7DlNlsc0_003,1.59471446e-01,7.22992967e-02,6.8710,1,
4wZ7DlNlsc0_004,1.28649980e-01,7.53463372e-02,4.6470,1,
4wZ7DlNlsc0_005,1.77962900e-01,8.43448332e-02,6.4854,1,
4wZ7DlNlsc0_006,1.33494527e-01,6.47898026e-02,6.2791,1,
506blxP58ts_000,7.04411652e-02,4.35631306e-02,4.1741,1,
506blxP58ts_001,9.45868984e-02,3.17715551e-02,9.4759,1,
506blxP58ts_002,5.98057862e-02,3.50810365e-02,4.6334,1,
506blxP58ts_003,9.21400102e-02,3.82748070e-02,7.6307,1,
506blxP58ts_004,7.57491615e-02,4.35249945e-02,4.8128,1,
506blxP58ts_005,8.12266112e-02,3.22458383e-02,8.0245,1,
506blxP58ts_006,7.34005901e-02,2.60357332e-02,9.0026,1,
506blxP58ts_007,7.35310831e-02,5.07241099e-03,23.2251,1,
506blxP58ts_008,3.34480106e-02,2.44766671e-04,42.7124,1,
5AOk21eO0qQ_000,1.79456843e-01,1.58833663e-03,41.0603,1,
5AOk21eO0qQ_001,1.48564987e-01,6.02967918e-03,27.8324,1,
5AOk21eO0qQ_002,1.79191096e-01,2.33999014e-02,17.6820,1,
5AOk21eO0qQ_003,1.97141264e-01,2.29867056e-02,18.6660,1,
5AOk21eO0qQ_004,1.96840647e-01,2.97565861e-02,16.4106,1,
5AOk21eO0qQ_005,1.97324893e-01,3.29185584e-02,15.5548,1,
5AOk21eO0qQ_006,2.04777155e-01,3.76313946e-02,14.7146,1,
5AOk21eO0qQ_007,1.58369542e-01,4.35096862e-02,11.2217,1,
5AOk21eO0qQ_008,1.62188231e-01,4.82239359e-02,10.5351,1,
5AOk21eO0qQ_009,3.51867815e-02,2.52105026e-02,2.8960,1,
5AZhNz5cx2U_000,1.34296374e-01,4.01286607e-02,10.4922,1,
5AZhNz5cx2U_001,1.27086207e-01,4.65066496e-02,8.7317,1,
5AZhNz5cx2U_002,1.85132087e-01,1.09629531e-01,4.5511,1,
5AZhNz5cx2U_003,1.33021794e-01,6.41213486e-02,6.3384,1,
5LoulL1GewE_000,1.72063974e-01,3.62221512e-02,13.5343,1,
5LoulL1GewE_001,1.73269959e-01,3.76177938e-02,13.2666,1,
5LoulL1GewE_002,1.79846246e-01,1.18498552e-01,3.6238,1,
5LoulL1GewE_003,1.33023156e-01,6.43798974e-02,6.3035,1,
5RR0aZa2rYA_000,7.38543849e-02,4.45961658e-03,24.3816,1,
5RR0aZa2rYA_001,4.01121223e-02,4.74973613e-04,38.5321,1,
5RR0aZa2rYA_002,4.92808958e-02,3.99831707e-03,21.8160,1,
5RR0aZa2rYA_003,4.66660619e-02,5.90658328e-03,17.9533,1,
5RR0aZa2rYA_004,4.70065896e-02,8.46822230e-03,14.8873,1,
5RR0aZa2rYA_005,4.32893385e-02,1.06655183e-02,12.1680,1,
5RR0aZa2rYA_006,4.71477763e-02,8.05103916e-03,15.3522,1,
5RR0aZa2rYA_007,4.42334308e-02,9.73497286e-03,13.1483,1,
5RR0aZa2rYA_008,4.36688572e-02,7.44659091e-03,15.3643,1,
5RR0aZa2rYA_009,4.00245739e-02,6.00775345e-03,16.4723,1,
5RR0aZa2rYA_010,4.67414394e-02,5.29744611e-03,18.9127,1,
5RR0aZa2rYA_011,4.69674856e-02,5.41579663e-03,18.7627,1,
5RR0aZa2rYA_012,5.06160075e-02,8.92281869e-03,15.0757,1,
5RR0aZa2rYA_013,4.38714855e-02,9.40391191e-03,13.3775,1,
5RR0aZa2rYA_014,5.35209120e-02,1.56545824e-02,10.6776,1,
5RR0aZa2rYA_015,2.86041497e-02,1.72216048e-04,44.4071,1,
5T2Qgn2fXJQ_000,6.50785457e-02,4.97970456e-04,42.3247,1,
5T2Qgn2fXJQ_001,7.49409128e-02,5.23047346e-04,43.1236,1,
5T2Qgn2fXJQ_002,5.24817616e-02,2.22830128e-02,7.4407,1,
5T2Qgn2fXJQ_003,7.46515690e-02,2.39221889e-02,9.8848,1,
5T2Qgn2fXJQ_004,6.32909411e-02,2.77949025e-02,7.1475,1,
5T2Qgn2fXJQ_005,7.42925636e-02,2.88229574e-02,8.2241,1,
5T2Qgn2fXJQ_006,5.81744019e-02,2.42542906e-02,7.5989,1,
5T2Qgn2fXJQ_007,4.24113059e-02,2.39138037e-02,4.9767,1,
5T2Qgn2fXJQ_008,6.16721190e-02,2.61728249e-02,7.4448,1,
5T2Qgn2fXJQ_009,6.01126355e-02,2.56400047e-02,7.4010,1,
5T2Qgn2fXJQ_010,5.50219254e-02,5.11194822e-02,0.6390,1,
5T2Qgn2fXJQ_011,7.26092122e-02,6.67938190e-03,20.7251,1,
5T2Qgn2fXJQ_012,3.33735408e-02,2.48409568e-04,42.5647,1,
5V8WhI7pCx8_000,3.77715034e-03,8.96598062e-02,-27.5087,1,
5V8WhI7pCx8_001,1.53510247e-01,1.79992578e-02,18.6177,1,
5V8WhI7pCx8_002,1.74139259e-01,5.15885898e-02,10.5669,1,
5V8WhI7pCx8_003,1.13104873e-01,8.68520506e-04,42.2940,1,
5V8WhI7pCx8_004,1.00264042e-01,1.29792455e-03,37.7579,1,
5V8WhI7pCx8_005,1.07113384e-01,1.17857020e-03,39.1698,1,
5V8WhI7pCx8_006,1.22696054e-01,2.63751053e-02,13.3527,1,
5V8WhI7pCx8_007,1.10617809e-01,5.74904113e-04,45.6846,1,
5V8WhI7pCx8_008,6.73411436e-02,1.19494472e-03,35.0187,1,
5V8WhI7pCx8_009,1.80991846e-01,1.23385566e-03,43.3279,1,
5V8WhI7pCx8_010,6.26520193e-02,9.22164894e-03,16.6425,1,
5V8WhI7pCx8_011,2.27875250e-02,1.57791834e-02,3.1923,1,
5V8WhI7pCx8_012,6.20819823e-02,1.20799468e-02,14.2180,1,
5V8WhI7pCx8_013,6.54036472e-02,9.91288355e-03,16.3880,1,
5V8WhI7pCx8_014,5.72108943e-02,1.19849491e-02,13.5769,1,
5V8WhI7pCx8_015,6.67066427e-02,2.02304703e-03,30.3633,1,
5V8WhI7pCx8_016,3.76882169e-02,4.17314080e-03,19.1149,1,
5V8WhI7pCx8_017,1.73685490e-01,1.14898051e-01,3.5890,1,
5V8WhI7pCx8_018,1.31923750e-01,6.43006525e-02,6.2422,1,
5X3tKt091aE_000,1.62922157e-01,1.35398158e-03,41.6073,1,
5X3tKt091aE_001,9.53561836e-02,9.98796278e-04,39.5974,1,
5X3tKt091aE_002,1.49466873e-01,1.42683802e-03,40.4034,1,
5X3tKt091aE_003,1.12859063e-01,2.08307742e-03,34.6766,1,
5X3tKt091aE_004,1.39779481e-01,1.70013947e-03,38.2992,1,
5X3tKt091aE_005,1.40481281e-01,5.83706790e-02,7.6285,1,
5X3tKt091aE_006,1.62806445e-01,6.08960376e-02,8.5417,1,
5X3tKt091aE_007,1.57155054e-01,5.88926734e-02,8.5253,1,
5X3tKt091aE_008,1.79390510e-01,4.21907638e-02,12.5716,1,
5X3tKt091aE_009,1.73323014e-01,1.16031509e-01,3.4856,1,
5X3tKt091aE_010,1.31770223e-01,6.39824155e-02,6.2751,1,
5_K4QNe6E6o_000,6.31037055e-02,4.06413191e-04,43.8217,1,
5_K4QNe6E6o_001,5.83553016e-02,5.46511006e-04,40.5696,1,
5_K4QNe6E6o_002,6.37947761e-02,8.74209443e-03,17.2634,1,
5_K4QNe6E6o_003,7.71124698e-02,1.82213581e-02,12.5309,1,
5_K4QNe6E6o_004,5.60087939e-02,2.61845225e-02,6.6042,1,
5_K4QNe6E6o_005,6.93121103e-02,2.57332332e-02,8.6063,1,
5_K4QNe6E6o_006,6.33205171e-02,2.53372723e-02,7.9557,1,
5_K4QNe6E6o_007,6.04610641e-02,3.10124857e-02,5.7988,1,
5_K4QNe6E6o_008,7.77328164e-02,2.41846014e-02,10.1413,1,
5_K4QNe6E6o_009,1.13255838e-01,2.30992125e-02,13.8093,1,
5_K4QNe6E6o_010,7.62933661e-02,2.54181922e-02,9.5468,1,
5_K4QNe6E6o_011,7.54900064e-02,2.60322332e-02,9.2476,1,
5_K4QNe6E6o_012,7.44701769e-02,7.11466306e-03,20.3966,1,
5_K4QNe6E6o_013,3.33952336e-02,2.41356395e-04,42.8205,1,
5cfJTCXcEw0_000,1.83451112e-01,2.79795960e-02,16.3336,1,
5cfJTCXcEw0_001,1.65633601e-01,4.57023232e-02,11.1842,1,
5cfJTCXcEw0_002,1.70171950e-01,8.19837393e-02,6.3432,1,
5cfJTCXcEw0_003,1.31722278e-01,6.39602506e-02,6.2750,1,
5hG8TnYMs60_000,2.03175539e-01,1.25029356e-03,44.2172,1,
5hG8TnYMs60_001,1.16753532e-01,1.42687730e-02,18.2577,1,
5hG8TnYMs60_002,8.47973927e-02,1.88642067e-02,13.0549,1,
5hG8TnYMs60_003,9.74267774e-02,1.54662002e-02,15.9859,1,
5hG8TnYMs60_004,6.98194533e-02,1.79442890e-02,11.8010,1,
5hG8TnYMs60_005,1.05440669e-01,1.54029216e-02,16.7081,1,
5hG8TnYMs60_006,6.82470336e-02,1.63037571e-02,12.4359,1,
5hG8TnYMs60_007,8.71484775e-02,1.45151712e-02,15.5688,1,
5hG8TnYMs60_008,6.07030036e-02,1.37169962e-02,12.9190,1,
5hG8TnYMs60_009,8.35639473e-02,2.07591694e-02,12.0962,1,
5hG8TnYMs60_010,7.83500767e-02,1.04428623e-02,17.5044,1,
5hG8TnYMs60_011,8.33437464e-02,1.50481392e-02,14.8678,1,
5hG8TnYMs60_012,9.48092423e-02,1.68310123e-02,15.0148,1,
5hG8TnYMs60_013,8.33722551e-02,1.89986353e-02,12.8460,1,
5hG8TnYMs60_014,1.37187925e-01,1.43871160e-02,19.5868,1,
5hG8TnYMs60_015,7.47595955e-02,1.84239976e-02,12.1657,1,
5hG8TnYMs60_016,1.24560122e-01,1.58696322e-02,17.8962,1,
5hG8TnYMs60_017,8.73272778e-02,1.35153679e-02,16.2064,1,
5hG8TnYMs60_018,9.78593273e-02,1.23630593e-02,17.9695,1,
5hG8TnYMs60_019,1.13583423e-01,1.51791673e-02,17.4813,1,
5hG8TnYMs60_020,1.24937889e-01,1.52616726e-02,18.2618,1,
5hG8TnYMs60_021,1.27007433e-01,1.17122862e-02,20.7037,1,
5hG8TnYMs60_022,7.30105957e-02,6.02597392e-03,21.6672,1,
5hG8TnYMs60_023,3.33798008e-02,2.36535978e-04,42.9917,1,
5ihVDACK8xo_000,4.04502235e-02,4.48357869e-03,19.1059,1,
5ihVDACK8xo_001,3.92957327e-02,4.29032121e-03,19.2371,1,
5ihVDACK8xo_002,3.80335647e-02,5.49379227e-03,16.8059,1,
5ihVDACK8xo_003,6.78963773e-02,6.95005719e-03,19.7972,1,
5ihVDACK8xo_004,3.37251496e-02,2.52930723e-04,42.4990,1,
5j651zUx6q4_000,4.24664766e-02,8.33936949e-04,34.1383,1,
5j651zUx6q4_001,4.16500842e-02,8.09928416e-03,14.2234,1,
5j651zUx6q4_002,5.05727340e-02,7.39587493e-03,16.6985,1,
5j651zUx6q4_003,5.61790520e-02,2.43352593e-02,7.2668,1,
5j651zUx6q4_004,4.80904008e-02,1.33306155e-02,11.1442,1,
5j651zUx6q4_005,3.89070271e-02,1.10583677e-02,10.9267,1,
5j651zUx6q4_006,2.73619810e-02,1.67314468e-02,4.2723,1,
5j651zUx6q4_007,1.71828843e-02,1.11327285e-02,3.7699,1,
5j651zUx6q4_008,4.30617995e-02,1.64081440e-02,8.3807,1,
5j651zUx6q4_009,4.57003459e-02,1.83530536e-04,47.9242,1,
5j651zUx6q4_010,3.42807746e-02,2.30513729e-04,43.4471,1,
5j651zUx6q4_011,3.98826115e-02,4.10402183e-04,39.7515,1,
5j651zUx6q4_012,5.27936486e-02,2.07012154e-04,48.1317,1,
5j651zUx6q4_013,9.22250696e-02,2.51217790e-03,31.2960,1,
5j651zUx6q4_014,1.69713174e-01,3.15801035e-02,14.6060,1,
5j651zUx6q4_015,1.71425300e-01,7.41317334e-02,7.2814,1,
5j651zUx6q4_016,1.32611138e-01,6.41582489e-02,6.3066,1,
5o1doRRWOUA_000,7.59498280e-02,4.13691672e-02,5.2770,1,
5o1doRRWOUA_001,7.75265246e-02,4.51894723e-02,4.6883,1,
5o1doRRWOUA_002,6.14077056e-02,4.21275478e-02,3.2731,1,
5o1doRRWOUA_003,7.45978541e-02,2.93743032e-02,8.0952,1,
5o1doRRWOUA_004,7.41389501e-02,5.80120976e-03,22.1306,1,
5o1doRRWOUA_005,3.33430166e-02,2.51938389e-04,42.4342,1,
5p4bNH4gnH0_000,1.93267620e-01,4.88540449e-02,11.9452,1,
5p4bNH4gnH0_001,1.89961454e-01,7.78036616e-02,7.7533,1,
5p4bNH4gnH0_002,1.99129042e-01,4.47090101e-02,12.9748,1,
5p4bNH4gnH0_003,1.27991008e-01,7.27000920e-02,4.9129,1,
5p4bNH4gnH0_004,1.32798765e-01,6.41693001e-02,6.3173,1,
5wSWQYFvHwk_000,1.85634632e-01,2.77215230e-02,16.5168,1,
5wSWQYFvHwk_001,1.43341154e-01,5.84017976e-02,7.7989,1,
5wSWQYFvHwk_002,1.88268388e-01,9.12822768e-02,6.2878,1,
5wSWQYFvHwk_003,1.32600219e-01,6.36579159e-02,6.3738,1,
5y6wjeJR5Cg_000,1.61665375e-01,5.50963100e-02,9.3499,1,
5y6wjeJR5Cg_001,1.67476744e-01,8.40562134e-02,5.9877,1,
5y6wjeJR5Cg_002,1.32419129e-01,6.40965750e-02,6.3023,1,
6-mh40eytMI_000,1.50951047e-01,4.27654722e-02,10.9549,1,
6-mh40eytMI_001,1.26935859e-01,1.98940392e-02,16.0972,1,
6-mh40eytMI_002,1.74552274e-01,1.15130224e-01,3.6147,1,
6-mh40eytMI_003,1.32320249e-01,6.43681109e-02,6.2591,1,
67euLhPd3ro_000,1.73660512e-01,4.30439435e-02,12.1158,1,
67euLhPd3ro_001,1.98974785e-01,1.11333147e-01,5.0435,1,
67euLhPd3ro_002,1.34723449e-01,6.42048604e-02,6.4375,1,
6DmMwkK_tSo_000,9.87724224e-02,6.39803958e-04,43.7718,1,
6DmMwkK_tSo_001,5.43438827e-02,2.62855080e-03,26.3087,1,
6DmMwkK_tSo_002,1.00049663e-01,1.62880460e-03,35.7669,1,
6DmMwkK_tSo_003,8.66336688e-02,2.20987007e-03,31.8664,1,
6DmMwkK_tSo_004,3.34067424e-02,2.35312596e-04,43.0438,1,
6E6uYzwHRcg_000,1.21648853e-01,1.00145132e-03,41.6896,1,
6E6uYzwHRcg_001,8.15445993e-02,1.52761079e-02,14.5476,1,
6E6uYzwHRcg_002,1.12501106e-01,2.07993928e-02,14.6621,1,
6E6uYzwHRcg_003,1.12118168e-01,1.82269272e-02,15.7793,1,
6E6uYzwHRcg_004,7.98869435e-02,1.85718520e-02,12.6724,1,
6E6uYzwHRcg_005,1.21368709e-01,1.55712945e-02,17.8356,1,
6E6uYzwHRcg_006,1.57788119e-01,1.36989479e-02,21.2277,1,
6E6uYzwHRcg_007,1.50912757e-01,1.38974345e-02,20.7158,1,
6E6uYzwHRcg_008,1.43285966e-01,8.44229169e-03,24.5949,1,
6E6uYzwHRcg_009,1.29404221e-01,1.55311220e-02,18.4149,1,
6E6uYzwHRcg_010,1.24804187e-01,1.43311977e-02,18.7989,1,
6E6uYzwHRcg_011,1.15991280e-01,1.73517158e-02,16.5017,1,
6E6uYzwHRcg_012,9.21084828e-02,1.82719841e-02,14.0503,1,
6E6uYzwHRcg_013,1.40082629e-01,1.12159350e-02,21.9310,1,
6E6uYzwHRcg_014,1.08075065e-01,1.69167703e-02,16.1082,1,
6E6uYzwHRcg_015,1.11385189e-01,1.64361129e-02,16.6206,1,
6E6uYzwHRcg_016,9.06264058e-02,1.70958212e-02,14.4873,1,
6E6uYzwHRcg_017,1.47430044e-01,1.76955450e-02,18.4144,1,
6E6uYzwHRcg_018,8.84837809e-02,1.51124226e-02,15.3506,1,
6E6uYzwHRcg_019,8.98127702e-02,1.85232794e-02,13.7124,1,
6E6uYzwHRcg_020,1.40792684e-01,2.05615578e-02,16.7105,1,
6E6uYzwHRcg_021,1.05371826e-01,1.10004056e-02,19.6263,1,
6E6uYzwHRcg_022,1.16961290e-01,1.47578119e-02,17.9804,1,
6E6uYzwHRcg_023,1.18756694e-01,1.24038481e-02,19.6220,1,
6E6uYzwHRcg_024,1.46889704e-01,1.16966069e-02,21.9786,1,
6E6uYzwHRcg_025,9.18677706e-02,1.68409548e-02,14.7359,1,
6E6uYzwHRcg_026,7.31064719e-02,6.20483719e-03,21.4245,1,
6E6uYzwHRcg_027,3.35780391e-02,2.40641914e-04,42.8937,1,
6IsyZ4tTrp8_000,1.11293049e-01,3.06348013e-02,11.2051,1,
6IsyZ4tTrp8_001,9.40969127e-02,3.37048420e-02,8.9177,1,
6IsyZ4tTrp8_002,1.45853127e-01,7.87603231e-02,5.3522,1,
6IsyZ4tTrp8_003,1.32515083e-01,6.47639438e-02,6.2186,1,
6SwkF4lY6gI_000,1.74436619e-01,4.87310802e-02,11.0766,1,
6SwkF4lY6gI_001,1.42439106e-01,2.50657532e-02,15.0910,1,
6SwkF4lY6gI_002,7.97316380e-02,5.12001375e-03,23.8472,1,
6SwkF4lY6gI_003,6.48989764e-02,2.48910607e-02,8.3239,1,
6SwkF4lY6gI_004,1.52109364e-01,5.66787175e-03,28.5747,1,
6SwkF4lY6gI_005,1.82455286e-01,1.18502439e-03,43.7486,1,
6SwkF4lY6gI_006,6.66432049e-02,1.00999761e-03,36.3887,1,
6SwkF4lY6gI_007,1.24803806e-01,7.85441258e-04,44.0223,1,
6SwkF4lY6gI_008,8.16409944e-02,4.45193369e-04,45.2672,1,
6SwkF4lY6gI_009,6.30579257e-02,3.82349667e-04,44.3456,1,
6SwkF4lY6gI_010,1.70508212e-01,1.25770436e-03,42.6433,1,
6SwkF4lY6gI_011,9.33908769e-02,9.25434521e-04,40.0792,1,
6SwkF4lY6gI_012,1.34038055e-01,6.04843382e-02,6.9117,1,
6SwkF4lY6gI_013,1.32515979e-01,6.42155697e-02,6.2926,1,
6b_trwoU-Bs_000,9.96633079e-02,3.22896636e-02,9.7894,1,
6b_trwoU-Bs_001,8.50871298e-02,1.59617146e-02,14.5357,1,
6b_trwoU-Bs_002,1.17755175e-01,7.93578781e-03,23.4278,1,
6b_trwoU-Bs_003,1.73201616e-01,1.18946816e-01,3.2640,1,
6b_trwoU-Bs_004,1.32604869e-01,6.42920885e-02,6.2880,1,
6klshR-YtEw_000,1.53580965e-01,3.68783520e-02,12.3913,1,
6klshR-YtEw_001,1.58137018e-01,4.11402503e-02,11.6953,1,
6klshR-YtEw_002,1.06552393e-01,2.73198151e-01,-8.1783,1,
6klshR-YtEw_003,1.12925077e-01,1.99265584e-01,-4.9328,1,
6klshR-YtEw_004,1.45640135e-01,1.40812905e-01,0.2928,1,
6klshR-YtEw_005,1.85289010e-01,1.17057138e-02,23.9890,1,
6klshR-YtEw_006,1.24531943e-01,1.61151584e-01,-2.2391,1,
6klshR-YtEw_007,1.65387788e-01,1.24809637e-03,42.4451,1,
6klshR-YtEw_008,1.02043934e-01,5.25572546e-04,45.7631,1,
6klshR-YtEw_009,1.04750350e-01,6.50970780e-04,44.1319,1,
6klshR-YtEw_010,9.77605802e-02,7.23331186e-04,42.6165,1,
6klshR-YtEw_011,1.02321688e-01,5.79346148e-04,44.9406,1,
6klshR-YtEw_012,9.49615520e-02,5.73704623e-04,44.3772,1,
6klshR-YtEw_013,8.10378093e-02,4.21508595e-04,45.6776,1,
6klshR-YtEw_014,8.36303220e-02,4.01983198e-04,46.3631,1,
6klshR-YtEw_015,1.13439276e-01,6.67947290e-04,44.6004,1,
6klshR-YtEw_016,1.06552728e-01,6.89164230e-04,43.7848,1,
6klshR-YtEw_017,1.75816578e-01,1.19225884e-01,3.3738,1,
6klshR-YtEw_018,1.33005642e-01,6.41711960e-02,6.3306,1,
6kxnMsvfArE_000,9.45478435e-02,1.92560526e-02,13.8217,1,
6kxnMsvfArE_001,9.28449889e-02,4.33606841e-02,6.6132,1,
6kxnMsvfArE_002,1.06146031e-01,4.53422612e-02,7.3880,1,
6kxnMsvfArE_003,1.07603274e-01,6.13748685e-04,44.8767,1,
6kxnMsvfArE_004,7.38806083e-02,6.84064234e-03,20.6687,1,
6kxnMsvfArE_005,3.34362859e-02,2.41364076e-04,42.8309,1,
6qI6TJvLEFI_000,7.36405530e-02,6.27861085e-04,41.3851,1,
6qI6TJvLEFI_001,9.54747091e-02,8.43960098e-04,41.0713,1,
6qI6TJvLEFI_002,1.02224084e-01,6.63843972e-04,43.7497,1,
6qI6TJvLEFI_003,7.17618286e-02,1.41941324e-02,14.0757,1,
6qI6TJvLEFI_004,6.40192721e-02,1.30199494e-02,13.8340,1,
6qI6TJvLEFI_005,7.07218987e-02,1.10408471e-02,16.1310,1,
6qI6TJvLEFI_006,5.13781816e-02,1.21452769e-02,12.5274,1,
6qI6TJvLEFI_007,7.28933493e-02,5.37900485e-03,22.6397,1,
6qI6TJvLEFI_008,3.35184418e-02,2.89586314e-04,41.2701,1,
6qbasnLUeLs_000,1.87635189e-01,5.44678749e-02,10.7435,1,
6qbasnLUeLs_001,1.97260839e-01,5.53767178e-02,11.0343,1,
6qbasnLUeLs_002,1.05530438e-01,5.28323865e-02,6.0096,1,
6qbasnLUeLs_003,1.09863812e-01,4.73118505e-03,27.3177,1,
6qbasnLUeLs_004,1.06825559e-01,6.47065174e-03,24.3545,1,
6qbasnLUeLs_005,1.07025369e-01,5.08724981e-03,26.4601,1,
6qbasnLUeLs_006,1.28024428e-01,2.38813121e-02,14.5847,1,
6qbasnLUeLs_007,1.86592757e-01,3.59611896e-02,14.3012,1,
6qbasnLUeLs_008,1.76726123e-01,1.17883385e-01,3.5170,1,
6qbasnLUeLs_009,1.32826410e-01,6.42688726e-02,6.3057,1,
6rmTqvCtEuM_000,5.27243137e-02,3.12624316e-04,44.5398,1,
6rmTqvCtEuM_001,3.90074725e-02,4.36576127e-03,19.0218,1,
6rmTqvCtEuM_002,3.32155066e-02,2.08155936e-04,44.0590,1,
6zVyUvw0JfU_000,1.59816902e-01,5.14622578e-02,9.8427,1,
6zVyUvw0JfU_001,1.75024292e-01,7.89047506e-02,6.9199,1,
6zVyUvw0JfU_002,2.08128789e-01,8.10495212e-02,8.1916,1,
6zVyUvw0JfU_003,1.80860060e-01,7.48479624e-02,7.6633,1,
6zVyUvw0JfU_004,1.90097338e-01,8.42156479e-02,7.0717,1,
6zVyUvw0JfU_005,1.31479212e-01,6.44087567e-02,6.1982,1,
7CGgQCUOJbw_000,1.77558774e-01,3.93536348e-02,13.0871,1,
7CGgQCUOJbw_001,1.83483136e-01,6.37792445e-02,9.1783,1,
7CGgQCUOJbw_002,1.32680338e-01,6.40277805e-02,6.3288,1,
7LuAjOjXab4_000,1.72556671e-01,9.11753969e-02,5.5411,1,
7LuAjOjXab4_001,1.64278503e-01,9.65580422e-02,4.6158,1,
7LuAjOjXab4_002,1.81946936e-01,9.03062658e-02,6.0845,1,
7LuAjOjXab4_003,1.75954697e-01,1.14151833e-01,3.7584,1,
7LuAjOjXab4_004,1.32221063e-01,6.42296062e-02,6.2713,1,
7MLzvAy3CuM_000,1.78702882e-01,2.52322743e-02,17.0035,1,
7MLzvAy3CuM_001,2.12967567e-01,3.37339436e-02,16.0049,1,
7MLzvAy3CuM_002,1.44535236e-01,5.80503684e-02,7.9234,1,
7MLzvAy3CuM_003,2.30927319e-01,4.37070184e-02,14.4585,1,
7MLzvAy3CuM_004,1.79038293e-01,5.30476063e-02,10.5656,1,
7MLzvAy3CuM_005,2.20781257e-01,1.08465136e-01,6.1734,1,
7MLzvAy3CuM_006,1.29920523e-01,6.42597434e-02,6.1148,1,
7MLzvAy3CuM_007,1.47884613e-01,4.69735700e-02,9.9614,1,
7MLzvAy3CuM_008,1.13465538e-01,8.06466232e-02,2.9656,1,
7MLzvAy3CuM_009,1.78571337e-01,1.19839109e-01,3.4643,1,
7MLzvAy3CuM_010,1.34398896e-01,6.46373750e-02,6.3582,1,
7N9pz7fZQ4E_000,1.69886297e-01,2.63189550e-02,16.1978,1,
7N9pz7fZQ4E_001,1.81308784e-01,4.97115116e-02,11.2392,1,
7N9pz7fZQ4E_002,1.86663098e-01,6.01174390e-02,9.8412,1,
7N9pz7fZQ4E_003,1.87228130e-01,7.60791923e-02,7.8221,1,
7N9pz7fZQ4E_004,1.31921448e-01,4.59150902e-02,9.1672,1,
7U3LKpXaBds_000,1.39152269e-01,8.02513062e-02,4.7808,1,
7U3LKpXaBds_001,1.55926369e-01,1.21271495e-01,2.1832,1,
7U3LKpXaBds_002,1.58725516e-01,1.29798341e-01,1.7476,1,
7U3LKpXaBds_003,1.74223128e-01,1.19151040e-01,3.3002,1,
7U3LKpXaBds_004,1.33101402e-01,6.47929573e-02,6.2531,1,
7ZDZVThmWfA_000,1.54953258e-01,5.08518462e-02,9.6779,1,
7ZDZVThmWfA_001,1.70309450e-01,7.35060683e-02,7.2983,1,
7ZDZVThmWfA_002,1.84443693e-01,6.05620476e-03,29.6733,1,
7ZDZVThmWfA_003,2.05998377e-01,6.32201001e-03,30.2602,1,
7ZDZVThmWfA_004,2.42396289e-01,9.22947723e-03,28.3870,1,
7ZDZVThmWfA_005,2.46042582e-01,3.21321975e-02,17.6814,1,
7ZDZVThmWfA_006,1.78412312e-01,1.16920017e-01,3.6707,1,
7ZDZVThmWfA_007,1.31775328e-01,6.43732324e-02,6.2226,1,
7kWXOgdcn4c_000,1.93490052e-01,5.16264268e-02,11.4757,1,
7kWXOgdcn4c_001,1.96225472e-01,5.34217026e-02,11.3008,1,
7kWXOgdcn4c_002,2.06646430e-01,4.92097153e-02,12.4635,1,
7kWXOgdcn4c_003,1.73153373e-01,1.17571840e-01,3.3626,1,
7kWXOgdcn4c_004,1.31938735e-01,6.38605802e-02,6.3028,1,
7qisH4fL9qY_000,7.40982785e-02,7.90861551e-03,19.4342,1,
7qisH4fL9qY_001,3.41339699e-02,2.56910011e-04,42.4681,1,
7uMXWgvf_IU_000,2.07806978e-01,1.62565209e-03,42.1327,1,
7uMXWgvf_IU_001,1.76778164e-01,1.35781078e-03,42.2918,1,
7uMXWgvf_IU_002,7.93062961e-02,3.80841092e-04,46.3713,1,
7uMXWgvf_IU_003,1.72103778e-01,1.29005484e-03,42.5036,1,
7uMXWgvf_IU_004,7.55979398e-02,2.42142709e-04,49.8888,1,
7uMXWgvf_IU_005,1.98476848e-01,1.51527741e-03,42.3444,1,
7uMXWgvf_IU_006,1.28500199e-01,6.26145893e-04,46.2446,1,
7uMXWgvf_IU_007,2.16527119e-01,4.10194473e-02,14.4504,1,
7uMXWgvf_IU_008,1.88166238e-01,7.02260057e-02,8.5609,1,
7uMXWgvf_IU_009,1.32229860e-01,6.38433074e-02,6.3243,1,
83ipAZp4hr8_000,1.62182437e-01,5.72691136e-02,9.0417,1,
83ipAZp4hr8_001,1.79825619e-01,1.18471404e-01,3.6248,1,
83ipAZp4hr8_002,1.33036234e-01,6.42720974e-02,6.3189,1,
88h7OzVLzeI_000,1.40531031e-01,5.30030567e-02,8.4694,1,
88h7OzVLzeI_001,1.29479524e-01,1.14244325e-01,1.0873,1,
88h7OzVLzeI_002,9.88829696e-02,1.06441429e-01,-0.6398,1,
88h7OzVLzeI_003,1.18457401e-01,1.02394134e-01,1.2657,1,
88h7OzVLzeI_004,8.99400127e-02,1.39183996e-01,-3.7927,1,
88h7OzVLzeI_005,7.83406187e-02,1.32543078e-01,-4.5674,1,
88h7OzVLzeI_006,9.85728466e-02,1.40882061e-01,-3.1020,1,
88h7OzVLzeI_007,1.05327288e-01,1.19744188e-01,-1.1143,1,
88h7OzVLzeI_008,1.32722927e-01,1.17006282e-01,1.0947,1,
88h7OzVLzeI_009,1.78308973e-01,1.21154063e-01,3.3567,1,
88h7OzVLzeI_010,1.34041113e-01,6.44575995e-02,6.3593,1,
8G6DH4n9U9Y_000,1.01403754e-01,4.51741491e-02,7.0233,1,
8G6DH4n9U9Y_001,1.35650443e-01,7.02574706e-02,5.7146,1,
8G6DH4n9U9Y_002,1.86694651e-01,1.09388880e-01,4.6432,1,
8G6DH4n9U9Y_003,1.32505276e-01,6.38962750e-02,6.3352,1,
8fXeD7pKbWI_000,2.19159672e-01,7.08267265e-02,9.8113,1,
8fXeD7pKbWI_001,1.92068389e-01,1.10165073e-01,4.8282,1,
8fXeD7pKbWI_002,1.33013254e-01,6.39537396e-02,6.3606,1,
8jJY637fQik_000,1.70718000e-01,3.57200188e-02,13.5874,1,
8jJY637fQik_001,1.77558921e-01,6.58788159e-02,8.6119,1,
8jJY637fQik_002,1.68626890e-01,7.47019824e-02,7.0719,1,
8jJY637fQik_003,1.69791336e-01,4.59375498e-02,11.3550,1,
8jJY637fQik_004,1.75270169e-01,1.15415581e-01,3.6289,1,
8jJY637fQik_005,1.31914413e-01,6.42744169e-02,6.2451,1,
8sDvUH7x4iw_000,1.08873796e-01,1.21535956e-02,19.0444,1,
8sDvUH7x4iw_001,1.07221263e-01,1.58914257e-02,16.5824,1,
8sDvUH7x4iw_002,9.77483547e-02,2.82864348e-02,10.7706,1,
8sDvUH7x4iw_003,1.04868914e-01,3.72830384e-02,8.9827,1,
8sDvUH7x4iw_004,1.02602268e-01,4.27002943e-02,7.6145,1,
8sDvUH7x4iw_005,1.19688556e-01,4.35642645e-02,8.7784,1,
8sDvUH7x4iw_006,8.04210473e-02,4.25657038e-02,5.5262,1,
8sDvUH7x4iw_007,7.31240861e-02,7.70419646e-03,19.5467,1,
8sDvUH7x4iw_008,3.34799621e-02,2.55527523e-04,42.3469,1,
8wflrDLxY84_000,4.82098884e-02,2.47130837e-02,5.8042,1,
8wflrDLxY84_001,1.85622049e-01,6.60728883e-02,8.9721,1,
8wflrDLxY84_002,1.33006677e-01,6.44848426e-02,6.2883,1,
8x5JiKy8RFY_000,7.33294290e-02,5.28889487e-03,22.8383,1,
8x5JiKy8RFY_001,4.91748519e-02,5.71410315e-04,38.6959,1,
8x5JiKy8RFY_002,3.71115607e-02,7.88850273e-04,33.4503,1,
8x5JiKy8RFY_003,3.94378258e-02,2.67512542e-04,43.3714,1,
8x5JiKy8RFY_004,7.62065038e-02,4.60205682e-04,44.3808,1,
8x5JiKy8RFY_005,4.34450962e-02,2.61421263e-04,44.4120,1,
8x5JiKy8RFY_006,6.53293417e-02,3.39522139e-04,45.6848,1,
8x5JiKy8RFY_007,5.14915658e-02,6.70103276e-04,37.7119,1,
8x5JiKy8RFY_008,6.90828377e-02,3.56243680e-04,45.7525,1,
8x5JiKy8RFY_009,4.23222529e-02,3.05193879e-03,22.8399,1,
8x5JiKy8RFY_010,6.62414028e-02,3.03645952e-04,46.7752,1,
8x5JiKy8RFY_011,8.59952065e-02,1.64451151e-02,14.3687,1,
8x5JiKy8RFY_012,5.50875323e-02,7.21292077e-03,17.6588,1,
8x5JiKy8RFY_013,4.25505281e-02,1.99975641e-03,26.5586,1,
8x5JiKy8RFY_014,3.75687996e-02,3.84059232e-04,39.8086,1,
8x5JiKy8RFY_015,3.28317907e-02,7.95600210e-04,32.3120,1,
8x5JiKy8RFY_016,2.85956591e-02,1.81290035e-04,43.9585,1,
8xIvuJoS5Pg_000,1.63454072e-01,4.16785884e-02,11.8697,1,
8xIvuJoS5Pg_001,1.52178888e-01,3.02636534e-02,14.0287,1,
8xIvuJoS5Pg_002,1.79925802e-01,4.20034537e-02,12.6362,1,
8xIvuJoS5Pg_003,1.73109615e-01,1.18576556e-01,3.2864,1,
8xIvuJoS5Pg_004,1.32602565e-01,6.41820091e-02,6.3028,1,
9GKnaIpqSRA_000,1.34090332e-01,3.82301879e-02,10.8998,1,
9GKnaIpqSRA_001,1.36109788e-01,4.92406266e-02,8.8313,1,
9GKnaIpqSRA_002,6.48679785e-02,7.21071160e-03,19.0810,1,
9GKnaIpqSRA_003,7.28192683e-02,6.76731102e-03,20.6366,1,
9GKnaIpqSRA_004,8.96357081e-02,1.76500165e-02,14.1147,1,
9GKnaIpqSRA_005,1.13125467e-01,1.46675788e-02,17.7440,1,
9GKnaIpqSRA_006,9.19788057e-02,2.60721017e-02,10.9502,1,
9GKnaIpqSRA_007,9.53897986e-02,1.73545911e-02,14.8018,1,
9GKnaIpqSRA_008,7.38868065e-02,1.60852106e-02,13.2428,1,
9GKnaIpqSRA_009,6.07093471e-02,2.62855395e-02,7.2708,1,
9GKnaIpqSRA_010,4.45508068e-02,2.53849778e-02,4.8856,1,
9GKnaIpqSRA_011,1.58398069e-01,2.24748107e-02,16.9611,1,
9GKnaIpqSRA_012,1.62190360e-01,1.00897108e-01,4.1229,1,
9GKnaIpqSRA_013,1.32736191e-01,6.40604122e-02,6.3280,1,
9T8KWGl2ZZQ_000,2.06897454e-01,1.26337118e-02,24.2845,1,
9T8KWGl2ZZQ_001,2.09891823e-01,2.40002987e-02,18.8356,1,
9oz0BewUmo4_000,7.70457426e-02,1.55067950e-02,13.9245,1,
9oz0BewUmo4_001,6.52756920e-02,3.01549764e-02,6.7078,1,
9oz0BewUmo4_002,7.70335355e-02,3.99597089e-02,5.7012,1,
9oz0BewUmo4_003,8.46581936e-02,4.38774433e-02,5.7086,1,
9oz0BewUmo4_004,7.73489750e-02,3.73674508e-02,6.3192,1,
9oz0BewUmo4_005,8.01782717e-02,3.67303330e-02,6.7806,1,
9oz0BewUmo4_006,9.92155317e-02,4.44680083e-02,6.9706,1,
9oz0BewUmo4_007,1.03311620e-01,4.40693747e-02,7.4002,1,
9oz0BewUmo4_008,8.52311838e-02,3.46174165e-02,7.8261,1,
9oz0BewUmo4_009,1.09562164e-01,2.38601543e-02,13.2397,1,
9oz0BewUmo4_010,8.72721791e-02,3.52711131e-02,7.8691,1,
9oz0BewUmo4_011,9.63433415e-02,4.05314291e-02,7.5206,1,
9oz0BewUmo4_012,8.85203235e-02,4.39220821e-02,6.0872,1,
9oz0BewUmo4_013,7.52827899e-02,4.16616824e-02,5.1392,1,
9oz0BewUmo4_014,9.19779734e-02,3.74664751e-02,7.8008,1,
9oz0BewUmo4_015,7.32431841e-02,4.43495225e-02,4.3576,1,
9oz0BewUmo4_016,8.43028390e-02,3.68253561e-02,7.1939,1,
9oz0BewUmo4_017,1.08120450e-01,3.85140523e-02,8.9658,1,
9oz0BewUmo4_018,7.36318906e-02,4.48196046e-02,4.3120,1,
9oz0BewUmo4_019,7.31416868e-02,3.79613145e-02,5.6965,1,
9oz0BewUmo4_020,7.38930139e-02,3.70368253e-02,5.9994,1,
9oz0BewUmo4_021,9.11785309e-02,4.33577795e-02,6.4565,1,
9oz0BewUmo4_022,7.07524885e-02,3.48640623e-02,6.1473,1,
9oz0BewUmo4_023,7.12132627e-02,1.34150900e-02,14.4993,1,
9oz0BewUmo4_024,3.35487120e-02,2.31548345e-04,43.2207,1,
9saz0VPG-To_000,4.42294890e-02,3.03377354e-04,43.2746,1,
9saz0VPG-To_001,5.11015088e-02,3.75943671e-04,42.6662,1,
9saz0VPG-To_002,4.59449993e-02,3.45291479e-03,22.4810,1,
9saz0VPG-To_003,6.66647089e-02,1.01702688e-03,36.3313,1,
9saz0VPG-To_004,7.26961395e-02,6.27694923e-03,21.2753,1,
AOgZUuWbLoE_000,1.88930428e-01,5.06928469e-02,11.4271,1,
AOgZUuWbLoE_001,1.77879672e-01,7.69789865e-02,7.2751,1,
AOgZUuWbLoE_002,1.81180151e-01,1.91557753e-02,19.5162,1,
AOgZUuWbLoE_003,3.58456317e-02,2.94356704e-02,1.7112,1,
AOgZUuWbLoE_004,1.78626890e-01,8.40587875e-02,6.5473,1,
AOgZUuWbLoE_005,1.30995106e-01,6.41519423e-02,6.2009,1,
AP22Vghq_58_000,2.12016058e-01,2.99358766e-02,17.0035,1,
AP22Vghq_58_001,2.05258422e-01,2.67050371e-02,17.7142,1,
AP22Vghq_58_002,1.56333848e-01,2.49590438e-02,15.9365,1,
AP22Vghq_58_003,1.63315832e-01,5.73431821e-02,9.0909,1,
AP22Vghq_58_004,1.71292083e-01,5.47013500e-02,9.9148,1,
AP22Vghq_58_005,1.76722856e-01,1.19499391e-01,3.3985,1,
AP22Vghq_58_006,1.32662584e-01,6.46611190e-02,6.2421,1,
AYmhFCZIO0w_000,1.57785342e-01,3.03444644e-02,14.3197,1,
AYmhFCZIO0w_001,1.75893171e-01,5.95606194e-02,9.4058,1,
AYmhFCZIO0w_002,1.23373209e-01,4.79443829e-02,8.2097,1,
AYmhFCZIO0w_003,7.91648526e-02,9.92456077e-04,38.0364,1,
AYmhFCZIO0w_004,1.04287792e-01,5.35242832e-02,5.7937,1,
AYmhFCZIO0w_005,1.33093634e-01,6.43055468e-02,6.3182,1,
A_iOhZBEuPQ_000,1.63983320e-01,6.26368118e-02,8.3594,1,
A_iOhZBEuPQ_001,1.62020313e-01,3.83150534e-02,12.5240,1,
A_iOhZBEuPQ_002,2.42751048e-01,2.92780983e-02,18.3724,1,
A_iOhZBEuPQ_003,1.77691740e-01,1.17550457e-01,3.5889,1,
A_iOhZBEuPQ_004,1.33373676e-01,6.38037338e-02,6.4045,1,
Ac1e1ibIHpk_000,1.58698398e-01,2.13505930e-02,17.4233,1,
Ac1e1ibIHpk_001,1.47600500e-01,1.34956772e-02,20.7779,1,
Ac1e1ibIHpk_002,7.51862943e-02,5.82401379e-03,22.2183,1,
Ac1e1ibIHpk_003,3.35337877e-02,2.32383667e-04,43.1855,1,
AiKOYN8H1EU_000,8.76311184e-02,5.58076253e-04,43.9193,1,
AiKOYN8H1EU_001,7.86565065e-02,1.25270010e-02,15.9578,1,
AiKOYN8H1EU_002,1.02381763e-01,1.85002008e-02,14.8609,1,
AiKOYN8H1EU_003,9.77835363e-02,1.67248251e-02,15.3381,1,
AiKOYN8H1EU_004,7.85535133e-02,2.21787246e-02,10.9846,1,
AiKOYN8H1EU_005,8.39861077e-02,2.47977421e-02,10.5959,1,
AiKOYN8H1EU_006,1.17997351e-01,2.49411408e-02,13.4991,1,
AiKOYN8H1EU_007,1.02968480e-01,2.20194766e-02,13.3979,1,
AiKOYN8H1EU_008,1.14495285e-01,2.35536431e-02,13.7346,1,
AiKOYN8H1EU_009,8.54142123e-02,2.05025709e-02,12.3944,1,
AiKOYN8H1EU_010,8.10638525e-02,2.20104537e-02,11.3240,1,
AiKOYN8H1EU_011,7.81707481e-02,1.83327121e-02,12.5964,1,
AiKOYN8H1EU_012,7.21812095e-02,9.00826736e-03,18.0757,1,
AiKOYN8H1EU_013,3.34846155e-02,2.42322348e-04,42.8090,1,
AmHA9dbYFy0_000,1.57735802e-01,1.22612723e-01,2.1879,1,
AmHA9dbYFy0_001,2.09206195e-01,1.23976448e-01,4.5447,1,
AmHA9dbYFy0_002,2.07077223e-01,1.11390382e-01,5.3857,1,
AmHA9dbYFy0_003,1.76803938e-01,1.19741604e-01,3.3849,1,
AmHA9dbYFy0_004,1.33046617e-01,6.44316501e-02,6.2981,1,
BHn7eeA0BVo_000,1.24400589e-01,1.36878781e-02,19.1697,1,
BHn7eeA0BVo_001,1.52004114e-01,2.34939028e-02,16.2180,1,
BHn7eeA0BVo_002,1.47388244e-01,3.25240512e-02,13.1252,1,
BHn7eeA0BVo_003,1.22063435e-01,4.10433023e-02,9.4669,1,
BHn7eeA0BVo_004,9.68591309e-02,3.89379130e-02,7.9154,1,
BHn7eeA0BVo_005,3.33808231e-02,1.68099926e-02,5.9586,1,
BKWMXVpYcP4_000,1.74979258e-01,2.86899586e-02,15.7051,1,
BKWMXVpYcP4_001,1.68833067e-01,2.93506771e-02,15.1968,1,
BKWMXVpYcP4_002,1.82970975e-01,6.85436675e-02,8.5283,1,
BKWMXVpYcP4_003,1.34678069e-01,4.44383396e-02,9.6308,1,
BQysXN0mc0g_000,4.04511301e-02,4.48478669e-03,19.1038,1,
BQysXN0mc0g_001,3.93107293e-02,4.30396109e-03,19.2129,1,
BQysXN0mc0g_002,3.80664580e-02,5.51667546e-03,16.7773,1,
BQysXN0mc0g_003,6.81419533e-02,6.52292797e-03,20.3794,1,
BQysXN0mc0g_004,3.37225094e-02,2.61715875e-04,42.2018,1,
BUL3p_uvehs_000,1.73297883e-01,6.49245962e-02,8.5277,1,
BUL3p_uvehs_001,1.32046120e-01,6.38575293e-02,6.3103,1,
BWbT_CqORko_000,1.78482988e-01,4.07047592e-02,12.8390,1,
BWbT_CqORko_001,1.70947663e-01,7.57400326e-02,7.0708,1,
BWbT_CqORko_002,1.63033902e-01,8.35742609e-02,5.8041,1,
BWbT_CqORko_003,1.76992626e-01,8.83529741e-02,6.0347,1,
BWbT_CqORko_004,1.33429308e-01,6.49171469e-02,6.2578,1,
BZ4zd3idtVY_000,2.00375217e-01,7.54401576e-02,8.4848,1,
BZ4zd3idtVY_001,2.22931207e-01,4.67396757e-02,13.5697,1,
BZ4zd3idtVY_002,1.98903693e-01,1.18397360e-01,4.5060,1,
BZ4zd3idtVY_003,2.65290996e-01,1.17949788e-01,7.0405,1,
BZ4zd3idtVY_004,2.10574327e-01,9.36929235e-02,7.0340,1,
BZ4zd3idtVY_005,1.33393058e-01,6.43201594e-02,6.3357,1,
BgtPMo7NmOs_000,2.06693820e-01,3.43274859e-02,15.5937,1,
BgtPMo7NmOs_001,2.75017244e-01,3.12108036e-02,18.9011,1,
BgtPMo7NmOs_002,1.75014357e-01,1.21678573e-01,3.1572,1,
BgtPMo7NmOs_003,1.33313099e-01,6.52146243e-02,6.2106,1,
Bwm3SWdYJnQ_000,1.63458869e-01,5.95394754e-02,8.7721,1,
Bwm3SWdYJnQ_001,2.00281139e-01,9.20535554e-02,6.7520,1,
Bwm3SWdYJnQ_002,2.01327627e-01,1.23204307e-01,4.2655,1,
Bwm3SWdYJnQ_003,1.36056020e-01,6.46613944e-02,6.4615,1,
CHlnwI3VY6E_000,1.69452400e-01,2.52141723e-02,16.5481,1,
CHlnwI3VY6E_001,1.60319248e-01,6.83595487e-02,7.4037,1,
CHlnwI3VY6E_002,1.52481056e-01,1.83819953e-01,-1.6235,1,
CHlnwI3VY6E_003,2.99184889e-02,2.75741956e-01,-19.2913,1,
CHlnwI3VY6E_004,1.55460370e-01,1.69866049e-01,-0.7697,1,
CHlnwI3VY6E_005,1.84926114e-01,1.36802062e-01,2.6181,1,
CHlnwI3VY6E_006,7.84216434e-04,2.70895974e-01,-50.7673,1,
CHlnwI3VY6E_007,1.02918093e-03,2.55060006e-01,-47.8830,1,
CHlnwI3VY6E_008,1.76317563e-01,7.10153136e-02,7.8989,1,
CHlnwI3VY6E_009,1.32213561e-01,6.40006966e-02,6.3018,1,
CMRF9UwRKpY_000,1.83269162e-01,5.40128211e-02,10.6119,1,
CMRF9UwRKpY_001,9.80199637e-02,1.35304789e-01,-2.8000,1,
CMRF9UwRKpY_002,9.55428326e-02,1.41896405e-01,-3.4355,1,
CMRF9UwRKpY_003,7.20350119e-02,8.01358263e-02,-0.9257,1,
CMRF9UwRKpY_004,1.61419450e-01,1.10872528e-03,43.2626,1,
CMRF9UwRKpY_005,1.73470664e-01,1.16067711e-01,3.4903,1,
CMRF9UwRKpY_006,1.31878793e-01,6.36546762e-02,6.3269,1,
CdhQt9XM4G0_000,1.22465902e-01,4.95301408e-02,7.8629,1,
CdhQt9XM4G0_001,1.11428689e-01,5.83230229e-02,5.6231,1,
CdhQt9XM4G0_002,1.38838266e-01,4.76732166e-02,9.2847,1,
CdhQt9XM4G0_003,1.73863581e-01,1.14237407e-01,3.6480,1,
CdhQt9XM4G0_004,1.31917078e-01,6.34899223e-02,6.3519,1,
CfZWjk-lBJs_000,1.78580221e-01,7.28050127e-02,7.7934,1,
CfZWjk-lBJs_001,1.60808444e-01,4.74710408e-04,50.5976,1,
CfZWjk-lBJs_002,1.50465584e-01,8.61009013e-04,44.8486,1,
CfZWjk-lBJs_003,1.59831630e-01,4.81532620e-04,50.4207,1,
CfZWjk-lBJs_004,1.51663509e-01,3.06336403e-02,13.8936,1,
CfZWjk-lBJs_005,1.59416398e-01,9.36876077e-04,44.6170,1,
CfZWjk-lBJs_006,1.50523603e-01,9.08358260e-04,44.3869,1,
CfZWjk-lBJs_007,1.59935955e-01,4.83997344e-04,50.3821,1,
CfZWjk-lBJs_008,1.51634823e-01,3.05938808e-02,13.9033,1,
CfZWjk-lBJs_009,1.63117062e-01,3.84875407e-02,12.5436,1,
CfZWjk-lBJs_010,1.60282970e-01,1.03257487e-01,3.8193,1,
CfZWjk-lBJs_011,1.77020684e-01,1.14476950e-01,3.7861,1,
CfZWjk-lBJs_012,1.31816592e-01,6.40791730e-02,6.2651,1,
ChuWKGky328_000,1.12458486e-01,6.31715299e-04,45.0094,1,
ChuWKGky328_001,1.43246598e-01,1.30574982e-03,40.8045,1,
ChuWKGky328_002,1.07075330e-01,1.47725517e-03,37.2047,1,
ChuWKGky328_003,9.87695198e-02,2.22102626e-03,32.9614,1,
ChuWKGky328_004,4.24892331e-02,3.11451184e-03,22.6978,1,
ChuWKGky328_005,1.67822293e-01,2.42853165e-03,36.7901,1,
ChuWKGky328_006,9.54615536e-02,5.89830316e-03,24.1820,1,
ChuWKGky328_007,9.30979327e-02,7.36181438e-03,22.0391,1,
ChuWKGky328_008,1.13775817e-01,1.61571660e-01,-3.0463,1,
ChuWKGky328_009,1.16236614e-01,1.55808768e-01,-2.5450,1,
ChuWKGky328_010,7.28233270e-02,1.18425161e-02,15.7765,1,
ChuWKGky328_011,3.34797268e-02,2.27324297e-04,43.3627,1,
Clf5BfnM9Jw_000,4.50701017e-02,3.37520107e-04,42.5118,1,
Clf5BfnM9Jw_001,3.36095958e-02,5.57761227e-04,35.6003,1,
Clf5BfnM9Jw_002,4.54241494e-02,5.38719130e-03,18.5185,1,
Clf5BfnM9Jw_003,4.78155177e-02,1.02521013e-02,13.3751,1,
Clf5BfnM9Jw_004,4.14705668e-02,4.79502242e-03,18.7390,1,
Clf5BfnM9Jw_005,4.60701407e-02,1.00939584e-02,13.1872,1,
Clf5BfnM9Jw_006,4.11149178e-02,1.21046598e-02,10.6209,1,
Clf5BfnM9Jw_007,7.81696077e-02,5.77081627e-03,22.6360,1,
Clf5BfnM9Jw_008,3.33287284e-02,2.26451113e-04,43.3569,1,
D4tcSVKiT5s_000,1.98439592e-01,5.51667941e-02,11.1190,1,
D4tcSVKiT5s_001,1.32530903e-01,6.41948042e-02,6.2963,1,
DJBEpeA9Vrw_000,7.68247746e-02,1.50959078e-02,14.1328,1,
DJBEpeA9Vrw_001,8.20696488e-02,2.84958087e-02,9.1880,1,
DJBEpeA9Vrw_002,8.27485546e-02,3.73672461e-02,6.9054,1,
DJBEpeA9Vrw_003,8.38446819e-02,3.55869140e-02,7.4437,1,
DJBEpeA9Vrw_004,6.56264727e-02,4.44705217e-02,3.3801,1,
DJBEpeA9Vrw_005,1.10274630e-01,4.32478557e-02,8.1302,1,
DJBEpeA9Vrw_006,1.99583612e-01,5.45227403e-02,11.2709,1,
DJBEpeA9Vrw_007,1.95564492e-01,5.96347162e-02,10.3158,1,
DJBEpeA9Vrw_008,1.58004098e-01,8.29947975e-02,5.5923,1,
DJBEpeA9Vrw_009,7.52273409e-02,3.93898058e-02,5.6198,1,
DJBEpeA9Vrw_010,7.34326268e-02,4.19686543e-02,4.8593,1,
DJBEpeA9Vrw_011,1.99542758e-01,5.39364667e-02,11.3631,1,
DJBEpeA9Vrw_012,1.91395100e-01,6.99246559e-02,8.7460,1,
DJBEpeA9Vrw_013,1.29587741e-01,7.71702033e-02,4.5023,1,
DJBEpeA9Vrw_014,7.60248857e-02,2.01363995e-02,11.5395,1,
DJBEpeA9Vrw_015,7.11875082e-02,3.86201074e-02,5.3118,1,
DJBEpeA9Vrw_016,6.85047104e-02,4.44820982e-02,3.7507,1,
DJBEpeA9Vrw_017,6.90240995e-02,3.83873367e-02,5.0963,1,
DJBEpeA9Vrw_018,7.55218411e-02,3.76831162e-02,6.0385,1,
DJBEpeA9Vrw_019,4.65852329e-02,4.59407813e-02,0.1210,1,
DJBEpeA9Vrw_020,6.21798674e-02,4.41477317e-02,2.9748,1,
DJBEpeA9Vrw_021,7.20488654e-02,3.63375552e-04,45.9454,1,
DJBEpeA9Vrw_022,3.33700873e-02,2.39653670e-04,42.8755,1,
DKWM_Jesc2E_000,1.62799160e-01,6.07872031e-02,8.5568,1,
DKWM_Jesc2E_001,1.73835876e-01,1.16077280e-01,3.5078,1,
DKWM_Jesc2E_002,1.32031761e-01,6.33206697e-02,6.3827,1,
DS1XikAPAvI_000,6.25488363e-02,1.14878916e-02,14.7196,1,
DS1XikAPAvI_001,6.04951828e-02,2.28876271e-02,8.4424,1,
DS1XikAPAvI_002,7.55082062e-02,2.42427743e-02,9.8682,1,
DS1XikAPAvI_003,7.04249107e-02,2.49664063e-02,9.0074,1,
DS1XikAPAvI_004,6.57501644e-02,3.41543993e-02,5.6890,1,
DS1XikAPAvI_005,8.58653905e-02,3.52594497e-02,7.7309,1,
DS1XikAPAvI_006,1.05367632e-01,3.32329966e-02,10.0228,1,
DS1XikAPAvI_007,8.88097082e-02,3.31533747e-02,8.5587,1,
DS1XikAPAvI_008,6.99601353e-02,3.46874946e-02,6.0936,1,
DS1XikAPAvI_009,8.81558801e-02,3.26566283e-02,8.6256,1,
DS1XikAPAvI_010,8.26411407e-02,2.48144209e-02,10.4498,1,
DS1XikAPAvI_011,1.18060993e-01,2.26382761e-02,14.3453,1,
DS1XikAPAvI_012,1.18596305e-01,3.04464461e-02,11.8107,1,
DS1XikAPAvI_013,1.32633603e-01,2.57308106e-02,14.2440,1,
DS1XikAPAvI_014,7.36348754e-02,9.57532078e-03,17.7186,1,
DS1XikAPAvI_015,3.37577370e-02,2.24619086e-04,43.5385,1,
DUsvDjI7DQY_000,1.01243274e-02,1.11292489e-02,-0.8220,1,
DUsvDjI7DQY_001,1.06164352e-02,1.10078541e-02,-0.3145,1,
DUsvDjI7DQY_002,7.40970249e-02,7.26442140e-03,20.1720,1,
DUsvDjI7DQY_003,3.45233703e-02,2.40446078e-04,43.1419,1,
DXevfNOda1Y_000,1.80127993e-01,3.36203610e-02,14.5796,1,
DXevfNOda1Y_001,1.06094558e-01,5.00660895e-03,26.5230,1,
DXevfNOda1Y_002,4.75855309e-02,2.90357925e-03,24.2908,1,
DXevfNOda1Y_003,1.81231332e-01,2.54787970e-03,37.0411,1,
DXevfNOda1Y_004,6.35389926e-02,7.44755201e-03,18.6205,1,
DXevfNOda1Y_005,2.07127122e-01,2.98790393e-02,16.8174,1,
DXevfNOda1Y_006,7.71163538e-02,3.85742632e-02,6.0170,1,
DXevfNOda1Y_007,1.74883030e-01,1.16755839e-01,3.5094,1,
DXevfNOda1Y_008,1.32718826e-01,6.41651615e-02,6.3127,1,
DcQSQOjoUvs_000,1.82727913e-01,5.31365544e-02,10.7282,1,
DcQSQOjoUvs_001,1.68017829e-01,4.72247024e-02,11.0237,1,
DcQSQOjoUvs_002,1.90980314e-01,7.66971421e-02,7.9242,1,
DcQSQOjoUvs_003,1.92000322e-01,8.94292589e-02,6.6364,1,
DcQSQOjoUvs_004,1.66696053e-01,1.16297668e-01,3.1271,1,
DcQSQOjoUvs_005,1.60819353e-01,1.20885520e-01,2.4793,1,
DcQSQOjoUvs_006,2.05084368e-01,4.25188845e-02,13.6670,1,
DcQSQOjoUvs_007,1.85258905e-01,1.00878023e-01,5.2797,1,
DcQSQOjoUvs_008,1.84180596e-01,1.02937737e-01,5.0534,1,
DcQSQOjoUvs_009,1.93909584e-01,1.17952868e-01,4.3178,1,
DcQSQOjoUvs_010,1.32372930e-01,6.39694278e-02,6.3165,1,
DlTr0cIV3pI_000,5.20480170e-02,3.93672400e-04,42.4254,1,
DlTr0cIV3pI_001,3.80050325e-02,3.22834600e-04,41.4172,1,
DlTr0cIV3pI_002,3.49170451e-02,6.04369172e-03,15.2347,1,
DlTr0cIV3pI_003,3.74002468e-02,1.07490118e-02,10.8301,1,
DlTr0cIV3pI_004,3.94548360e-02,4.29347178e-04,39.2658,1,
DlTr0cIV3pI_005,8.33463741e-02,1.11739548e-03,37.4536,1,
DlTr0cIV3pI_006,4.02415004e-02,1.48846080e-03,28.6387,1,
DlTr0cIV3pI_007,3.24156803e-02,1.13986484e-03,29.0780,1,
DlTr0cIV3pI_008,3.73526403e-02,6.17250101e-04,35.6372,1,
DlTr0cIV3pI_009,6.70825210e-02,6.86916268e-03,19.7941,1,
DlTr0cIV3pI_010,3.34390389e-02,2.34336524e-04,43.0883,1,
Dx2wTJvIagk_000,1.23592524e-01,1.52190878e-02,18.1921,1,
Dx2wTJvIagk_001,1.35617874e-01,2.27674285e-02,15.5001,1,
Dx2wTJvIagk_002,1.61550456e-01,4.07113403e-02,11.9719,1,
Dx2wTJvIagk_003,1.85063861e-01,4.30658542e-02,12.6638,1,
Dx2wTJvIagk_004,1.64016822e-01,2.60406081e-02,15.9847,1,
Dx2wTJvIagk_005,7.37724231e-02,7.65246960e-03,19.6818,1,
Dx2wTJvIagk_006,3.35884927e-02,2.31784007e-04,43.2221,1,
DxIZchf4AhY_000,1.84871486e-01,2.77554580e-02,16.4704,1,
DxIZchf4AhY_001,2.07303017e-01,5.91727469e-02,10.8897,1,
DxIZchf4AhY_002,1.53836127e-01,8.56734959e-02,5.0842,1,
DxIZchf4AhY_003,1.70825411e-01,8.39976564e-02,6.1657,1,
DxIZchf4AhY_004,1.78848733e-01,8.68438319e-02,6.2749,1,
DxIZchf4AhY_005,1.88184095e-01,7.12716176e-02,8.4333,1,
DxIZchf4AhY_006,1.84561107e-01,3.49754331e-02,14.4475,1,
DxIZchf4AhY_007,1.74904329e-01,3.20581302e-02,14.7372,1,
DxIZchf4AhY_008,1.48074084e-01,4.70776617e-04,49.9533,1,
DxIZchf4AhY_009,1.49602319e-01,5.48404836e-04,48.7167,1,
DxIZchf4AhY_010,1.73919386e-01,1.16429158e-01,3.4857,1,
DxIZchf4AhY_011,1.32369857e-01,6.42549638e-02,6.2776,1,
E38mAVkj75o_000,1.62039951e-01,3.50028429e-02,13.3104,1,
E38mAVkj75o_001,1.65193773e-01,4.98187175e-02,10.4120,1,
E38mAVkj75o_002,1.62974158e-01,5.50617506e-02,9.4254,1,
E38mAVkj75o_003,2.22883179e-01,1.03346046e-01,6.6757,1,
E38mAVkj75o_004,1.84562793e-01,3.10364559e-02,15.4854,1,
E38mAVkj75o_005,1.81945135e-01,2.76746229e-02,16.3572,1,
E38mAVkj75o_006,2.19908774e-01,9.03456227e-04,47.7267,1,
E38mAVkj75o_007,2.19077826e-01,9.45360677e-04,47.3000,1,
E38mAVkj75o_008,1.77534577e-01,1.18545046e-01,3.5080,1,
E38mAVkj75o_009,1.33966622e-01,6.50447402e-02,6.2757,1,
E9t_dwH76xA_000,1.71293430e-01,1.65548929e-02,20.2963,1,
E9t_dwH76xA_001,1.66781756e-01,4.05523637e-02,12.2826,1,
E9t_dwH76xA_002,1.79342769e-01,4.79339705e-02,11.4608,1,
E9t_dwH76xA_003,1.66963750e-01,5.91007541e-02,9.0206,1,
E9t_dwH76xA_004,1.73096775e-01,5.96839090e-02,9.2486,1,
E9t_dwH76xA_005,1.34356640e-01,3.54640457e-02,11.5694,1,
E_-8NpZvgX8_000,1.95331967e-01,4.91869425e-02,11.9785,1,
E_-8NpZvgX8_001,1.85960430e-01,1.09681141e-01,4.5858,1,
E_-8NpZvgX8_002,1.35890423e-01,6.45895174e-02,6.4605,1,
EeylsOcnkV0_000,1.95965122e-01,6.47069152e-02,9.6246,1,
EeylsOcnkV0_001,1.32154732e-01,6.38016884e-02,6.3250,1,
EjuEqBFmEec_000,1.89887736e-01,3.63971865e-02,14.3486,1,
EjuEqBFmEec_001,1.90475137e-01,8.53473202e-02,6.9730,1,
EjuEqBFmEec_002,1.92926586e-01,7.20361215e-02,8.5568,1,
EjuEqBFmEec_003,2.00078206e-01,4.96134117e-02,12.1120,1,
EjuEqBFmEec_004,1.90100030e-01,3.49232918e-02,14.7173,1,
EjuEqBFmEec_005,2.09653993e-01,7.90664915e-02,8.4702,1,
EjuEqBFmEec_006,1.32647241e-01,6.41850572e-02,6.3053,1,
EmrhZY6LBz8_000,1.61865828e-01,7.18431590e-02,7.0554,1,
EmrhZY6LBz8_001,1.64025057e-01,5.20498878e-02,9.9698,1,
EmrhZY6LBz8_002,6.66076753e-02,3.02072310e-03,26.8683,1,
EmrhZY6LBz8_003,3.34985322e-02,2.38318278e-04,42.9574,1,
EsZChyzmWBk_000,5.69939467e-02,5.12136890e-04,40.9289,1,
EsZChyzmWBk_001,7.97266252e-02,7.47584093e-04,40.5589,1,
EsZChyzmWBk_002,5.39131197e-02,1.46456361e-02,11.3197,1,
EsZChyzmWBk_003,7.48262847e-02,1.98856613e-02,11.5103,1,
EsZChyzmWBk_004,6.25685282e-02,2.86019623e-02,6.7992,1,
EsZChyzmWBk_005,7.28318810e-02,4.07410590e-02,5.0458,1,
EsZChyzmWBk_006,7.56044661e-02,4.81513925e-02,3.9188,1,
EsZChyzmWBk_007,6.39902211e-02,5.24789077e-02,1.7226,1,
EsZChyzmWBk_008,6.32167089e-02,4.42441992e-02,3.0995,1,
EsZChyzmWBk_009,7.38845198e-02,7.35594083e-03,20.0383,1,
EsZChyzmWBk_010,3.35890567e-02,2.42998596e-04,42.8119,1,
F38e7ixY4a4_000,1.59856572e-01,3.77876874e-02,12.5276,1,
F38e7ixY4a4_001,1.66114288e-01,4.15014162e-02,12.0469,1,
F38e7ixY4a4_002,1.59777827e-01,2.66075934e-02,15.5702,1,
F38e7ixY4a4_003,1.76822357e-01,5.25280408e-02,10.5429,1,
F38e7ixY4a4_004,1.59104904e-01,5.12364438e-02,9.8421,1,
F38e7ixY4a4_005,1.73638135e-01,1.19551666e-01,3.2418,1,
F38e7ixY4a4_006,1.32085675e-01,6.42760374e-02,6.2561,1,
F8HqdV6ZH6M_000,2.72429867e-01,3.81103062e-02,17.0842,1,
F8HqdV6ZH6M_001,2.61802018e-01,5.35748942e-02,13.7802,1,
F8HqdV6ZH6M_002,2.38917928e-01,1.55716974e-02,23.7183,1,
F8HqdV6ZH6M_003,2.34445036e-01,2.17418131e-03,40.6549,1,
F8HqdV6ZH6M_004,2.19802280e-01,1.46975870e-03,43.4957,1,
F8HqdV6ZH6M_005,2.15325538e-01,1.44802641e-03,43.4464,1,
F8HqdV6ZH6M_006,2.09792743e-01,1.37337882e-03,43.6800,1,
FQbcVgnA-Iw_000,1.44603420e-01,1.56672031e-03,39.3037,1,
FQbcVgnA-Iw_001,1.79064337e-01,5.08782963e-02,10.9295,1,
FQbcVgnA-Iw_002,1.91570471e-01,1.17980795e-01,4.2103,1,
FQbcVgnA-Iw_003,1.32118375e-01,6.41669464e-02,6.2730,1,
G1CmViCBoyE_000,7.30957716e-02,6.10999029e-03,21.5570,1,
G1CmViCBoyE_001,7.48657958e-02,6.52539575e-04,41.1935,1,
G1CmViCBoyE_002,4.26414402e-02,3.21796923e-04,42.4450,1,
G1CmViCBoyE_003,3.80068367e-02,2.61313860e-04,43.2540,1,
G4HXoD0Za0U_000,1.04775343e-01,9.46556143e-04,40.8823,1,
G4HXoD0Za0U_001,1.10341038e-01,1.23898406e-03,38.9934,1,
G4HXoD0Za0U_002,1.42601971e-01,1.17796822e-03,41.6598,1,
G4HXoD0Za0U_003,1.30738336e-01,1.71028412e-03,37.6667,1,
G4HXoD0Za0U_004,1.27672130e-01,9.91033137e-04,42.2002,1,
G4HXoD0Za0U_005,1.63035545e-01,1.18670338e-03,42.7588,1,
G4HXoD0Za0U_006,8.20904537e-02,2.12625935e-03,31.7335,1,
G4HXoD0Za0U_007,1.13426156e-01,1.96491519e-03,35.2274,1,
G4HXoD0Za0U_008,1.12426562e-01,1.33777619e-03,38.4897,1,
G4HXoD0Za0U_009,1.18971352e-01,8.19536005e-03,23.2375,1,
G4HXoD0Za0U_010,1.05613728e-01,1.62930063e-02,16.2344,1,
G4HXoD0Za0U_011,1.18366375e-01,1.91356582e-02,15.8277,1,
G4HXoD0Za0U_012,1.14123138e-01,2.35227594e-02,13.7177,1,
G4HXoD0Za0U_013,1.43198831e-01,2.28430227e-02,15.9437,1,
G4HXoD0Za0U_014,1.29903476e-01,2.11587126e-02,15.7626,1,
G4HXoD0Za0U_015,1.16203191e-01,1.86849321e-02,15.8745,1,
G4HXoD0Za0U_016,1.22195206e-01,2.09260900e-02,15.3273,1,
G4HXoD0Za0U_017,1.18007688e-01,2.32040421e-02,14.1269,1,
G4HXoD0Za0U_018,1.04343009e-01,1.39311790e-02,17.4895,1,
G4HXoD0Za0U_019,1.00498619e-01,1.74114231e-03,35.2265,1,
G4HXoD0Za0U_020,7.28437346e-02,6.77137778e-03,20.6343,1,
G4HXoD0Za0U_021,3.35678088e-02,2.36407253e-04,43.0452,1,
GEIQJZJwm1k_000,5.00391557e-02,1.00069404e-02,13.9802,1,
GEIQJZJwm1k_001,5.03140291e-02,6.89235724e-03,17.2664,1,
GEIQJZJwm1k_002,3.90023788e-02,3.71123193e-04,40.4315,1,
GEIQJZJwm1k_003,3.89144844e-02,2.74432253e-03,23.0335,1,
GEIQJZJwm1k_004,4.15436908e-02,4.26726515e-04,39.7671,1,
GEIQJZJwm1k_005,5.17349468e-02,1.55106388e-02,10.4631,1,
GEIQJZJwm1k_006,1.10154984e-01,3.44540999e-02,10.0953,1,
GEIQJZJwm1k_007,1.96246660e-01,5.06607020e-02,11.7626,1,
GEIQJZJwm1k_008,1.71254747e-01,5.28597761e-02,10.2103,1,
GEIQJZJwm1k_009,1.77495610e-01,9.33839357e-02,5.5783,1,
GEIQJZJwm1k_010,1.32251806e-01,6.39344729e-02,6.3133,1,
GFVh0R4C_Bw_000,1.57249686e-01,2.67759749e-02,15.3769,1,
GFVh0R4C_Bw_001,1.52857827e-01,4.03941443e-02,11.5594,1,
GFVh0R4C_Bw_002,2.27544514e-01,1.16233598e-03,45.8347,1,
GFVh0R4C_Bw_003,2.90491359e-01,2.19420074e-03,42.4371,1,
GFVh0R4C_Bw_004,1.78379728e-01,1.17528685e-01,3.6240,1,
GFVh0R4C_Bw_005,1.32666989e-01,6.48083868e-02,6.2226,1,
GMkEvBXdQvQ_000,7.30637649e-02,6.48227064e-03,21.0395,1,
GMkEvBXdQvQ_001,8.00109491e-02,4.61840031e-04,44.7732,1,
GMkEvBXdQvQ_002,5.25389063e-02,1.74048537e-02,9.5962,1,
GMkEvBXdQvQ_003,2.11942473e-02,9.69386562e-05,46.7944,1,
GMkEvBXdQvQ_004,5.90321670e-02,1.19822729e-03,33.8510,1,
GMkEvBXdQvQ_005,5.06353054e-02,3.84864438e-04,42.3829,1,
GMkEvBXdQvQ_006,2.86700569e-02,1.96035873e-04,43.3019,1,
GQvPGbh4Wcs_000,7.27041995e-02,7.40474896e-03,19.8410,1,
GQvPGbh4Wcs_001,1.16269715e-01,8.01998920e-04,43.2259,1,
GQvPGbh4Wcs_002,8.16725460e-02,6.51034991e-04,41.9694,1,
GQvPGbh4Wcs_003,7.24514908e-02,4.62508245e-04,43.8986,1,
GQvPGbh4Wcs_004,6.18579858e-02,4.19837103e-04,43.3663,1,
GQvPGbh4Wcs_005,2.84650610e-02,1.85389724e-04,43.7245,1,
GVMVx2z4_2w_000,2.07414226e-01,5.51462437e-02,11.5065,1,
GVMVx2z4_2w_001,1.91324847e-01,1.10902953e-01,4.7366,1,
GVMVx2z4_2w_002,1.34286496e-01,6.46642464e-02,6.3474,1,
GjammNDiAvI_000,1.85303867e-01,4.70352344e-02,11.9092,1,
GjammNDiAvI_001,1.63345959e-01,5.13282151e-02,10.0550,1,
GjammNDiAvI_002,1.84552676e-01,4.19599895e-02,12.8657,1,
GjammNDiAvI_003,1.87269873e-01,7.32029249e-02,8.1588,1,
GjammNDiAvI_004,1.32261423e-01,6.39431779e-02,6.3128,1,
Gv-5FWKl3Is_000,1.64243618e-01,3.01585715e-03,34.7216,1,
Gv-5FWKl3Is_001,1.61899153e-01,5.70244725e-03,29.0637,1,
Gv-5FWKl3Is_002,3.73561728e-02,5.10180591e-02,-2.7072,1,
Gv-5FWKl3Is_003,1.86996650e-01,1.09604788e-01,4.6401,1,
Gv-5FWKl3Is_004,1.32761862e-01,6.41594994e-02,6.3162,1,
GyF3MkvI5_Q_000,8.03650084e-02,1.57675217e-03,34.1461,1,
GyF3MkvI5_Q_001,1.22642388e-01,8.94036864e-04,42.7457,1,
GyF3MkvI5_Q_002,1.21923806e-01,9.25925118e-04,42.3903,1,
GyF3MkvI5_Q_003,7.33687966e-02,3.65536833e-04,46.0516,1,
GyF3MkvI5_Q_004,7.34862631e-02,1.42096461e-03,34.2725,1,
GyF3MkvI5_Q_005,1.11453602e-01,1.96519559e-03,35.0738,1,
GyF3MkvI5_Q_006,1.19923208e-01,6.49559656e-04,45.3257,1,
GyF3MkvI5_Q_007,1.24527577e-01,1.45846824e-02,18.6274,1,
GyF3MkvI5_Q_008,1.12523500e-01,1.96678527e-02,15.1497,1,
GyF3MkvI5_Q_009,9.25923536e-02,2.56551018e-02,11.1480,1,
GyF3MkvI5_Q_010,1.15103971e-01,2.19379258e-02,14.3979,1,
GyF3MkvI5_Q_011,1.19864495e-01,2.86151362e-02,12.4419,1,
GyF3MkvI5_Q_012,1.14059395e-01,2.70412277e-02,12.5021,1,
GyF3MkvI5_Q_013,8.49496539e-02,2.22811181e-02,11.6245,1,
GyF3MkvI5_Q_014,1.02591721e-01,2.36885475e-02,12.7315,1,
GyF3MkvI5_Q_015,1.14759927e-01,2.36135300e-02,13.7326,1,
GyF3MkvI5_Q_016,7.42372434e-02,6.19859896e-03,21.5666,1,
GyF3MkvI5_Q_017,3.35829328e-02,2.39947044e-04,42.9201,1,
H76OGYLhQ3k_000,2.32116110e-01,1.57919938e-02,23.3454,1,
H76OGYLhQ3k_001,2.32342472e-01,3.63419843e-02,16.1144,1,
H76OGYLhQ3k_002,2.35433405e-01,3.90721209e-02,15.6000,1,
H76OGYLhQ3k_003,1.81720585e-01,6.00870604e-02,9.6125,1,
H76OGYLhQ3k_004,1.61042962e-01,7.01504254e-02,7.2182,1,
H76OGYLhQ3k_005,1.34518197e-01,3.49644487e-02,11.7031,1,
H8P8xQmhwNc_000,2.54687647e-01,9.06827478e-02,8.9697,1,
H8P8xQmhwNc_001,2.20586387e-01,2.92132553e-02,17.5600,1,
H8P8xQmhwNc_002,1.33891556e-01,4.19512877e-02,10.0802,1,
HWBsd3FAzc0_000,1.41342642e-01,3.71730314e-02,11.6009,1,
HWBsd3FAzc0_001,1.65123520e-01,3.57766808e-02,13.2842,1,
HWBsd3FAzc0_002,1.58290029e-01,4.62423096e-02,10.6883,1,
HWBsd3FAzc0_003,1.57332621e-01,6.87944582e-02,7.1853,1,
HWBsd3FAzc0_004,1.66801596e-01,7.12909997e-02,7.3833,1,
HWBsd3FAzc0_005,1.37974265e-01,3.82647931e-02,11.1400,1,
HWBsd3FAzc0_006,1.68879611e-01,3.58991047e-02,13.4499,1,
HWBsd3FAzc0_007,1.81721040e-01,9.46169556e-02,5.6687,1,
HWBsd3FAzc0_008,1.34430220e-01,4.44936906e-02,9.6040,1,
HaFoIJ9r5BA_000,1.72725470e-01,2.25438010e-02,17.6866,1,
HaFoIJ9r5BA_001,1.96088734e-01,4.73256152e-02,12.3471,1,
HaFoIJ9r5BA_002,1.98118911e-01,4.36134078e-02,13.1461,1,
HaFoIJ9r5BA_003,1.78223543e-01,5.75273057e-02,9.8218,1,
HaFoIJ9r5BA_004,1.99900466e-01,5.73550966e-02,10.8448,1,
HaFoIJ9r5BA_005,1.98455872e-01,6.01321340e-02,10.3711,1,
HaFoIJ9r5BA_006,1.35437283e-01,3.10731048e-02,12.7871,1,
HudUFSsgtdY_000,1.67014762e-01,5.91385533e-02,9.0177,1,
HudUFSsgtdY_001,1.69391525e-01,6.17989127e-02,8.7582,1,
HudUFSsgtdY_002,1.56401425e-01,4.49281131e-02,10.8345,1,
HudUFSsgtdY_003,1.79040716e-01,4.21229365e-02,12.5687,1,
HudUFSsgtdY_004,1.77719751e-01,1.16415186e-01,3.6745,1,
HudUFSsgtdY_005,1.31903206e-01,6.41343943e-02,6.2633,1,
HvzKA_f6270_000,1.39434480e-01,1.17882454e-03,41.4584,1,
HvzKA_f6270_001,7.90099561e-02,1.65749830e-02,13.5646,1,
HvzKA_f6270_002,9.24754104e-02,1.61334736e-02,15.1660,1,
HvzKA_f6270_003,9.61334496e-02,1.69991396e-02,15.0490,1,
HvzKA_f6270_004,1.02843508e-01,1.54002633e-02,16.4930,1,
HvzKA_f6270_005,8.95912345e-02,1.25470369e-02,17.0745,1,
HvzKA_f6270_006,8.44373484e-02,1.31921743e-02,16.1244,1,
HvzKA_f6270_007,8.70166083e-02,1.67629839e-02,14.3050,1,
HvzKA_f6270_008,8.96543005e-02,1.69765078e-02,14.4545,1,
HvzKA_f6270_009,7.91241479e-02,1.29583068e-02,15.7152,1,
HvzKA_f6270_010,7.76390916e-02,7.32551434e-03,20.5048,1,
HvzKA_f6270_011,3.35697304e-02,2.47369960e-04,42.6520,1,
I25mx9obTao_000,1.08947307e-01,3.09702954e-02,10.9254,1,
I25mx9obTao_001,9.50727397e-02,4.23229633e-02,7.0296,1,
I25mx9obTao_002,8.88122478e-02,7.21451037e-02,1.8053,1,
I25mx9obTao_003,1.33775431e-01,8.74234343e-02,3.6950,1,
I25mx9obTao_004,1.34569737e-01,5.18658653e-02,8.2813,1,
I4PruxwTvMI_000,1.28284850e-01,2.56538533e-02,13.9805,1,
I4PruxwTvMI_001,1.36339358e-01,4.00395865e-02,10.6426,1,
I4PruxwTvMI_002,1.29300038e-01,3.88010990e-02,10.4551,1,
I4PruxwTvMI_003,1.39723265e-01,3.95287796e-02,10.9671,1,
I4PruxwTvMI_004,1.16402441e-01,3.82070162e-02,9.6764,1,
I4PruxwTvMI_005,1.13215178e-01,2.38477423e-02,13.5291,1,
I4PruxwTvMI_006,7.94201331e-02,3.88864425e-02,6.2026,1,
I4PruxwTvMI_007,7.08335060e-02,3.55319420e-02,5.9924,1,
I4PruxwTvMI_008,3.37057990e-02,2.22005514e-04,43.6268,1,
IDxcTUrnsv4_000,1.00391882e-01,9.92804879e-04,40.0967,1,
IDxcTUrnsv4_001,1.37698454e-01,9.30465869e-04,43.4046,1,
IDxcTUrnsv4_002,1.01700794e-01,6.99807627e-03,23.2469,1,
IDxcTUrnsv4_003,1.18434154e-01,7.97889761e-03,23.4307,1,
IDxcTUrnsv4_004,1.14964591e-01,1.91558086e-02,15.5653,1,
IDxcTUrnsv4_005,1.15270532e-01,2.27904209e-02,14.0793,1,
IDxcTUrnsv4_006,1.03574185e-01,2.39558629e-02,12.7168,1,
IDxcTUrnsv4_007,1.22891244e-01,1.77100108e-02,16.8260,1,
IDxcTUrnsv4_008,1.32830981e-01,1.77048935e-02,17.5041,1,
IDxcTUrnsv4_009,1.19607868e-01,2.40500077e-02,13.9329,1,
IDxcTUrnsv4_010,1.34691496e-01,2.32316939e-02,15.2652,1,
IDxcTUrnsv4_011,1.29516738e-01,1.44801932e-02,19.0310,1,
IDxcTUrnsv4_012,1.35136381e-01,1.47670107e-02,19.2296,1,
IDxcTUrnsv4_013,1.18427653e-01,2.42533242e-02,13.7736,1,
IDxcTUrnsv4_014,1.30146893e-01,1.89710516e-02,16.7268,1,
IDxcTUrnsv4_015,1.12520989e-01,1.87820622e-02,15.5498,1,
IDxcTUrnsv4_016,9.00942723e-02,2.28473665e-02,11.9172,1,
IDxcTUrnsv4_017,9.73445910e-02,2.03148418e-02,13.6100,1,
IDxcTUrnsv4_018,1.18839694e-01,1.11103877e-02,20.5846,1,
IDxcTUrnsv4_019,7.24252292e-02,7.04279950e-03,20.2429,1,
IDxcTUrnsv4_020,3.35608908e-02,2.37846548e-04,42.9907,1,
IKvAudm2wXs_000,2.08461205e-01,6.65701778e-02,9.9149,1,
IKvAudm2wXs_001,1.77678828e-01,1.20102841e-01,3.4016,1,
IKvAudm2wXs_002,1.33671612e-01,6.40195859e-02,6.3945,1,
INvijfl8Wyk_000,1.31951337e-01,1.13866841e-03,41.2803,1,
INvijfl8Wyk_001,1.04836954e-01,1.43854355e-02,17.2518,1,
INvijfl8Wyk_002,1.14792214e-01,2.32380590e-02,13.8743,1,
INvijfl8Wyk_003,1.20612159e-01,2.82879366e-02,12.5958,1,
INvijfl8Wyk_004,1.12993959e-01,1.39399769e-02,18.1759,1,
INvijfl8Wyk_005,1.26558052e-01,1.40372512e-02,19.1002,1,
INvijfl8Wyk_006,1.07311594e-01,1.45021943e-02,17.3843,1,
INvijfl8Wyk_007,1.12582869e-01,1.67553314e-02,16.5464,1,
INvijfl8Wyk_008,9.32471434e-02,1.41567879e-02,16.3734,1,
INvijfl8Wyk_009,8.72313606e-02,1.66759262e-02,14.3717,1,
INvijfl8Wyk_010,9.37328990e-02,1.85669395e-02,14.0630,1,
INvijfl8Wyk_011,1.35558920e-01,1.62518708e-02,18.4245,1,
INvijfl8Wyk_012,1.11414379e-01,1.50662351e-02,17.3787,1,
INvijfl8Wyk_013,9.05831475e-02,1.63754611e-02,14.8571,1,
INvijfl8Wyk_014,7.33275518e-02,5.37299652e-03,22.7010,1,
INvijfl8Wyk_015,3.35206889e-02,2.48019251e-04,42.6166,1,
I_jBx-DrsvA_000,2.05564949e-01,4.62192407e-02,12.9625,1,
I_jBx-DrsvA_001,2.24256350e-01,4.49404873e-02,13.9621,1,
I_jBx-DrsvA_002,1.91783471e-01,1.10138849e-01,4.8174,1,
I_jBx-DrsvA_003,1.32714300e-01,6.39450806e-02,6.3422,1,
IcBQQKO3XYs_000,7.89244395e-02,5.62173942e-04,42.9468,1,
IcBQQKO3XYs_001,7.89897634e-02,5.11614992e-04,43.7726,1,
IcBQQKO3XYs_002,4.48970472e-02,4.82802767e-04,39.3690,1,
IcBQQKO3XYs_003,4.71904285e-02,4.30282209e-04,40.8020,1,
IcBQQKO3XYs_004,3.95374667e-02,4.23949142e-04,39.3939,1,
IcBQQKO3XYs_005,7.92888317e-02,9.15764817e-03,18.7486,1,
IcBQQKO3XYs_006,5.79350914e-02,2.33922242e-02,7.8774,1,
IcBQQKO3XYs_007,5.65982966e-02,2.37914642e-02,7.5276,1,
IcBQQKO3XYs_008,6.91323746e-02,2.54620418e-02,8.6758,1,
IcBQQKO3XYs_009,6.17737437e-02,2.42936050e-02,8.1062,1,
IcBQQKO3XYs_010,4.43894350e-02,7.46762846e-03,15.4819,1,
IcBQQKO3XYs_011,4.38932086e-02,1.76330630e-02,7.9214,1,
IcBQQKO3XYs_012,4.68211458e-02,2.19011308e-02,6.5995,1,
IcBQQKO3XYs_013,4.53735736e-02,2.31540172e-02,5.8435,1,
IcBQQKO3XYs_014,4.34611226e-02,2.47411898e-02,4.8936,1,
IcBQQKO3XYs_015,6.36448475e-02,1.69020518e-03,31.5165,1,
IcBQQKO3XYs_016,6.79203258e-02,7.39999134e-03,19.2554,1,
IcBQQKO3XYs_017,3.35336952e-02,2.50533910e-04,42.5323,1,
IhZRs2KfY38_000,2.93377601e-01,4.25939033e-02,16.7616,1,
IhZRs2KfY38_001,2.21716332e-01,2.86776013e-02,17.7651,1,
IhZRs2KfY38_002,1.35972785e-01,4.21101278e-02,10.1813,1,
IjWra_3iNgc_000,1.10658984e-01,4.06056553e-02,8.7080,1,
IjWra_3iNgc_001,1.48506910e-01,6.77397594e-02,6.8181,1,
IjWra_3iNgc_002,1.32283834e-01,6.41237708e-02,6.2898,1,
IrQWplUZbAo_000,1.30349750e-01,1.47794793e-02,18.9090,1,
IrQWplUZbAo_001,1.39326199e-01,1.53180097e-02,19.1766,1,
IrQWplUZbAo_002,1.43805377e-01,9.10399558e-04,43.9709,1,
IzqSRRMta9w_000,6.43177853e-02,4.83521447e-04,42.4783,1,
IzqSRRMta9w_001,6.05934045e-02,4.46504504e-04,42.6520,1,
IzqSRRMta9w_002,6.16902592e-02,6.18868641e-04,39.9724,1,
IzqSRRMta9w_003,8.27439507e-02,1.17207451e-03,36.9756,1,
IzqSRRMta9w_004,7.13913398e-02,2.09600727e-03,30.6451,1,
IzqSRRMta9w_005,2.58662304e-02,3.82478599e-04,36.6025,1,
IzqSRRMta9w_006,6.72760321e-02,5.48924728e-04,41.7670,1,
IzqSRRMta9w_007,6.55414132e-02,7.13173369e-04,39.2664,1,
IzqSRRMta9w_008,6.77676778e-02,6.09253212e-03,20.9245,1,
IzqSRRMta9w_009,3.36144037e-02,2.49717679e-04,42.5815,1,
JIGLmiix5EU_000,1.80148221e-01,6.08707202e-02,9.4244,1,
JIGLmiix5EU_001,6.57493766e-02,7.97589877e-02,-1.6778,1,
JIGLmiix5EU_002,1.82307393e-01,2.59041308e-02,16.9487,1,
JIGLmiix5EU_003,9.02422105e-02,3.21758508e-02,8.9576,1,
JIGLmiix5EU_004,1.49649466e-01,2.71236097e-02,14.8346,1,
JIGLmiix5EU_005,1.77730610e-01,3.01937897e-02,15.3969,1,
JIGLmiix5EU_006,1.74339939e-01,1.17620453e-01,3.4183,1,
JIGLmiix5EU_007,1.32924736e-01,6.40373927e-02,6.3434,1,
JOwokgIDeyw_000,6.15760609e-02,7.07720398e-02,-1.2090,1,
JOwokgIDeyw_001,1.13413656e-01,5.34115192e-02,6.5406,1,
JOwokgIDeyw_002,1.65950090e-01,1.49755297e-02,20.8919,1,
JOwokgIDeyw_003,1.73616892e-01,1.17845784e-01,3.3656,1,
JOwokgIDeyw_004,1.33091170e-01,6.41072835e-02,6.3448,1,
JV2q-Wiq6k4_000,1.87029780e-01,4.83716386e-02,11.7464,1,
JV2q-Wiq6k4_001,1.92761890e-01,5.12034154e-02,11.5144,1,
JV2q-Wiq6k4_002,1.73331040e-01,1.16721060e-01,3.4345,1,
JV2q-Wiq6k4_003,1.31273051e-01,6.40609159e-02,6.2316,1,
JZUiihE418Q_000,1.90842215e-01,1.67253016e-02,21.1460,1,
JZUiihE418Q_001,1.62231741e-01,3.90916604e-02,12.3610,1,
JZUiihE418Q_002,1.63638367e-01,4.55577792e-02,11.1065,1,
JZUiihE418Q_003,6.02465653e-02,7.37811930e-04,38.2397,1,
JZUiihE418Q_004,6.69129657e-02,5.29063702e-04,42.0400,1,
JZUiihE418Q_005,6.93467509e-02,5.91404308e-04,41.3828,1,
JZUiihE418Q_006,6.08150665e-02,7.26564729e-04,38.4547,1,
JZUiihE418Q_007,6.91640569e-02,4.84385720e-04,43.0938,1,
JZUiihE418Q_008,7.29278798e-02,3.44478363e-04,46.5146,1,
JZUiihE418Q_009,1.73062602e-01,1.20461158e-01,3.1471,1,
JZUiihE418Q_010,1.32323805e-01,6.42078935e-02,6.2810,1,
J_wNNblannQ_000,1.70023144e-01,2.47541768e-02,16.7372,1,
J_wNNblannQ_001,1.61158957e-01,5.10557093e-02,9.9842,1,
J_wNNblannQ_002,1.85977592e-01,6.89929624e-02,8.6131,1,
J_wNNblannQ_003,1.26853995e-01,3.89897940e-02,10.2471,1,
Jdz6NtNhg_s_000,1.56621628e-01,2.05854424e-02,17.6258,1,
Jdz6NtNhg_s_001,1.72856955e-01,3.24415084e-02,14.5317,1,
Jdz6NtNhg_s_002,1.96645583e-01,4.44199685e-02,12.9221,1,
Jdz6NtNhg_s_003,1.80468658e-01,4.58872546e-02,11.8942,1,
Jdz6NtNhg_s_004,1.76654669e-01,6.02986877e-02,9.3363,1,
Jdz6NtNhg_s_005,1.65342966e-01,5.97953594e-02,8.8344,1,
Jdz6NtNhg_s_006,1.74630227e-01,6.12971465e-02,9.0936,1,
Jdz6NtNhg_s_007,1.71826371e-01,5.86331278e-02,9.3389,1,
Jdz6NtNhg_s_008,1.88857167e-01,5.94697736e-02,10.0367,1,
Jdz6NtNhg_s_009,1.33475083e-01,2.57679336e-02,14.2864,1,
Jr-hyQLu1_A_000,1.80068690e-01,5.54869889e-02,10.2249,1,
Jr-hyQLu1_A_001,1.68940991e-01,8.52937170e-02,5.9364,1,
Jr-hyQLu1_A_002,1.82583059e-01,9.06133456e-02,6.0854,1,
Jr-hyQLu1_A_003,1.32257796e-01,6.42690630e-02,6.2684,1,
K-X5GQcBnTw_000,7.26950751e-02,7.27238085e-03,19.9966,1,
K-X5GQcBnTw_001,7.48038093e-02,6.63830144e-04,41.0373,1,
K-X5GQcBnTw_002,4.26395673e-02,3.27131552e-04,42.3018,1,
K-X5GQcBnTw_003,3.80069581e-02,2.52767642e-04,43.5428,1,
KCYPmc59G24_000,1.09258673e-01,5.47446364e-02,6.0023,1,
KCYPmc59G24_001,1.39260764e-01,8.22031057e-02,4.5788,1,
KCYPmc59G24_002,1.34877492e-01,4.48777097e-02,9.5582,1,
KENXYyppSeI_000,1.03623242e-01,1.05629748e-03,39.8334,1,
KENXYyppSeI_001,1.33222885e-01,1.43801499e-02,19.3363,1,
KENXYyppSeI_002,1.32562622e-01,1.98742603e-02,16.4826,1,
KENXYyppSeI_003,1.29026377e-01,1.99444271e-02,16.2171,1,
KENXYyppSeI_004,1.26590168e-01,1.43176724e-02,18.9306,1,
KENXYyppSeI_005,3.34561333e-02,2.61736979e-04,42.1322,1,
KYZMOHEXvdk_000,1.69463774e-01,4.65969396e-02,11.2144,1,
KYZMOHEXvdk_001,1.43050871e-01,4.65811745e-02,9.7456,1,
KYZMOHEXvdk_002,1.43354074e-01,5.01874306e-02,9.1163,1,
KYZMOHEXvdk_003,1.50620670e-01,4.47609888e-02,10.5397,1,
KYZMOHEXvdk_004,1.73050608e-01,9.33963937e-02,5.3569,1,
KYZMOHEXvdk_005,1.32067899e-01,6.39774535e-02,6.2954,1,
KZMmfNaj9RY_000,7.51716429e-02,4.40224632e-02,4.6476,1,
KZMmfNaj9RY_001,9.97820896e-02,3.13687085e-02,10.0511,1,
KZMmfNaj9RY_002,7.29634840e-02,3.78781282e-02,5.6943,1,
KZMmfNaj9RY_003,6.61461518e-02,4.89226299e-02,2.6199,1,
KZMmfNaj9RY_004,9.82719243e-02,4.51385312e-02,6.7576,1,
KZMmfNaj9RY_005,7.55285742e-02,4.39113660e-02,4.7107,1,
KZMmfNaj9RY_006,5.85939487e-02,3.14667807e-02,5.4000,1,
KZMmfNaj9RY_007,7.35873452e-02,4.83745421e-03,23.6437,1,
KZMmfNaj9RY_008,3.34962109e-02,2.36371305e-04,43.0280,1,
KmXNJMVQ5Og_000,1.69574014e-01,4.42246433e-02,11.6739,1,
KmXNJMVQ5Og_001,1.73320452e-01,5.98765751e-02,9.2319,1,
KmXNJMVQ5Og_002,1.14317058e-01,6.60415084e-02,4.7659,1,
KwklVl7E6Ec_000,1.90814227e-01,2.83688934e-02,16.5554,1,
KwklVl7E6Ec_001,8.47291359e-02,1.39117682e-01,-4.3070,1,
KwklVl7E6Ec_002,8.47740925e-02,1.40635451e-01,-4.3966,1,
KwklVl7E6Ec_003,1.42639446e-02,2.60008193e-01,-25.2149,1,
KwklVl7E6Ec_004,1.93282030e-01,2.54560911e-02,17.6080,1,
KwklVl7E6Ec_005,1.86699820e-01,8.43553254e-02,6.9006,1,
KwklVl7E6Ec_006,1.32560339e-01,6.45382957e-02,6.2519,1,
Kx_gGVMiiKk_000,4.30047024e-02,1.26412238e-02,10.6345,1,
Kx_gGVMiiKk_001,1.15436267e-01,2.01832969e-02,15.1470,1,
Kx_gGVMiiKk_002,1.16935132e-01,1.89850914e-02,15.7906,1,
Kx_gGVMiiKk_003,1.16946178e-01,2.21628199e-02,14.4472,1,
Kx_gGVMiiKk_004,1.12242684e-01,2.11254445e-02,14.5070,1,
Kx_gGVMiiKk_005,1.21491394e-01,1.11752366e-02,20.7258,1,
Kx_gGVMiiKk_006,3.34070225e-02,2.40320716e-04,42.8609,1,
KxhJLL93qwM_000,1.84442399e-01,3.67858175e-02,14.0036,1,
KxhJLL93qwM_001,1.55816360e-01,3.47292122e-02,13.0384,1,
KxhJLL93qwM_002,1.58331841e-01,4.09860998e-02,11.7386,1,
KxhJLL93qwM_003,1.05456923e-01,9.73699564e-02,0.6930,1,
KxhJLL93qwM_004,5.97355499e-02,1.22988440e-01,-6.2726,1,
KxhJLL93qwM_005,1.18986935e-01,9.74862607e-02,1.7311,1,
KxhJLL93qwM_006,8.87546079e-02,9.95885199e-02,-1.0004,1,
KxhJLL93qwM_007,9.54021378e-02,9.76054546e-02,-0.1983,1,
KxhJLL93qwM_008,1.10663132e-01,1.08862306e-01,0.1425,1,
KxhJLL93qwM_009,7.42695692e-02,1.03852161e-01,-2.9121,1,
KxhJLL93qwM_010,1.29747584e-01,1.03092969e-01,1.9974,1,
KxhJLL93qwM_011,1.69467074e-01,5.73116829e-02,9.4168,1,
KxhJLL93qwM_012,1.71254849e-01,6.07381396e-02,9.0036,1,
KxhJLL93qwM_013,1.33530148e-01,6.48530576e-02,6.2730,1,
L0lBCEIo_mM_000,1.84433341e-01,2.02588366e-02,19.1845,1,
L0lBCEIo_mM_001,1.73493570e-01,4.90610135e-02,10.9709,1,
L0lBCEIo_mM_002,2.01883157e-01,5.93553203e-02,10.6328,1,
L0lBCEIo_mM_003,1.33192973e-01,2.96064483e-02,13.0619,1,
L5BsAkSMLkI_000,1.91147902e-01,4.46034761e-02,12.6400,1,
L5BsAkSMLkI_001,1.87360518e-01,3.37617082e-02,14.8851,1,
L5BsAkSMLkI_002,9.28626926e-02,2.98636994e-03,29.8540,1,
L5BsAkSMLkI_003,1.77056979e-01,1.24863072e-01,3.0336,1,
L5BsAkSMLkI_004,1.33225258e-01,6.41353963e-02,6.3498,1,
LDZOYnu-vyw_000,1.82695712e-01,3.80321343e-02,13.6316,1,
LDZOYnu-vyw_001,1.90099806e-01,6.68943625e-02,9.0718,1,
LDZOYnu-vyw_002,1.68685863e-01,7.63908635e-02,6.8807,1,
LDZOYnu-vyw_003,3.99466020e-02,5.79553250e-04,36.7677,1,
LDZOYnu-vyw_004,4.43050719e-02,6.23811723e-04,37.0280,1,
LDZOYnu-vyw_005,1.81439064e-01,4.70315045e-02,11.7268,1,
LDZOYnu-vyw_006,1.92196579e-01,1.10846064e-01,4.7805,1,
LDZOYnu-vyw_007,1.33390827e-01,6.39872604e-02,6.3806,1,
LFUl2V-6ZLA_000,2.05666625e-01,4.34081949e-02,13.5118,1,
LFUl2V-6ZLA_001,2.14466830e-01,4.28785472e-02,13.9824,1,
LFUl2V-6ZLA_002,1.77950471e-01,7.90713127e-04,47.0456,1,
LFUl2V-6ZLA_003,2.06920221e-01,4.35306307e-02,13.5402,1,
LFUl2V-6ZLA_004,1.26904241e-01,4.81741175e-02,8.4132,1,
LSd2tyfd6KI_000,1.18102257e-01,3.41956790e-02,10.7657,1,
LSd2tyfd6KI_001,1.42059424e-01,4.92982767e-02,9.1928,1,
LSd2tyfd6KI_002,1.62592623e-01,6.00050994e-02,8.6583,1,
LSd2tyfd6KI_003,1.58316825e-01,5.38730937e-02,9.3631,1,
LSd2tyfd6KI_004,1.53934062e-01,4.53408302e-02,10.6169,1,
LSd2tyfd6KI_005,1.74599479e-01,5.13298773e-02,10.6335,1,
LSd2tyfd6KI_006,1.84008642e-01,5.55101283e-02,10.4093,1,
LSd2tyfd6KI_007,1.90790509e-01,5.98581729e-02,10.0687,1,
LSd2tyfd6KI_008,1.77624348e-01,6.22110592e-02,9.1127,1,
LSd2tyfd6KI_009,1.32363984e-01,6.46244088e-02,6.2275,1,
LVOqQ1EJm5k_000,3.86955525e-02,3.08459111e-04,41.9693,1,
LVOqQ1EJm5k_001,4.40372090e-02,4.98669173e-04,38.9201,1,
LVOqQ1EJm5k_002,3.75263371e-02,5.23049238e-04,37.1159,1,
LVOqQ1EJm5k_003,3.43793395e-02,3.35124024e-04,40.2218,1,
LVOqQ1EJm5k_004,4.43874095e-02,3.62575965e-04,41.7572,1,
LVOqQ1EJm5k_005,4.34232663e-02,3.30681151e-04,42.3663,1,
LVOqQ1EJm5k_006,4.86363516e-02,4.27126327e-04,41.1281,1,
LVOqQ1EJm5k_007,4.15361184e-02,4.65244345e-04,39.0149,1,
LVOqQ1EJm5k_008,4.11205118e-02,3.63273574e-04,41.0765,1,
LVOqQ1EJm5k_009,4.40366670e-02,4.02730449e-04,40.7760,1,
LVOqQ1EJm5k_010,4.98581911e-02,4.69486112e-04,40.5223,1,
LVOqQ1EJm5k_011,6.76380080e-02,6.67814994e-03,20.1107,1,
LVOqQ1EJm5k_012,3.35127508e-02,2.34512267e-04,43.1009,1,
Lbms7nr19f0_000,1.80789537e-01,3.39962748e-02,14.5148,1,
Lbms7nr19f0_001,1.94129085e-01,5.48251764e-02,10.9822,1,
Lbms7nr19f0_002,1.66914267e-01,7.94068952e-02,6.4527,1,
Lbms7nr19f0_003,2.18311696e-01,6.01241115e-02,11.2006,1,
Lbms7nr19f0_004,1.97980260e-01,5.93947561e-02,10.4575,1,
Lbms7nr19f0_005,2.35187130e-01,4.89058743e-02,13.6411,1,
Lbms7nr19f0_006,1.74233866e-01,1.15348330e-01,3.5824,1,
Lbms7nr19f0_007,1.32223841e-01,6.39003348e-02,6.3161,1,
LpzKTGMmCyA_000,1.56568253e-01,1.34337294e-02,21.3301,1,
LpzKTGMmCyA_001,1.32647563e-01,1.92968434e-02,16.7443,1,
LpzKTGMmCyA_002,1.65692712e-01,3.29342604e-02,14.0331,1,
LpzKTGMmCyA_003,1.79197932e-01,3.40343896e-02,14.4283,1,
LpzKTGMmCyA_004,1.77083193e-01,4.41204441e-02,12.0707,1,
LpzKTGMmCyA_005,1.63979613e-01,4.48472383e-02,11.2611,1,
LpzKTGMmCyA_006,1.48410697e-01,4.41143891e-02,10.5377,1,
LpzKTGMmCyA_007,1.82752751e-01,4.22334966e-02,12.7241,1,
LpzKTGMmCyA_008,1.33655846e-01,3.61701957e-02,11.3527,1,
LpzKTGMmCyA_009,3.35868156e-02,2.12068136e-02,3.9939,1,
Lv9TPbpnAYo_000,1.64601414e-01,6.94068604e-02,7.5006,1,
Lv9TPbpnAYo_001,2.42074233e-01,9.22835607e-02,8.3765,1,
Lv9TPbpnAYo_002,2.49412720e-01,7.50417041e-02,10.4323,1,
Lv9TPbpnAYo_003,2.22474623e-01,2.85985235e-02,17.8187,1,
Lv9TPbpnAYo_004,1.32994370e-01,4.19090983e-02,10.0305,1,
MBHkFxvbVy0_000,9.29326317e-02,6.37781472e-04,43.2699,1,
MBHkFxvbVy0_001,7.05402941e-02,9.36872426e-04,37.5351,1,
MBHkFxvbVy0_002,7.15040135e-02,8.27729708e-04,38.7288,1,
MBHkFxvbVy0_003,8.14988588e-02,1.99852978e-02,12.2088,1,
MBHkFxvbVy0_004,6.10968930e-02,2.26882494e-02,8.6044,1,
MBHkFxvbVy0_005,6.44352194e-02,2.31724219e-02,8.8830,1,
MBHkFxvbVy0_006,7.22336587e-02,8.10855205e-03,18.9959,1,
MBHkFxvbVy0_007,3.33328483e-02,2.47195423e-04,42.5966,1,
MDNBEqwzQTA_000,4.58269402e-02,7.62836388e-04,35.5738,1,
MDNBEqwzQTA_001,8.60863800e-02,1.09011541e-03,37.9492,1,
MDNBEqwzQTA_002,1.04266401e-01,9.60711515e-04,40.7110,1,
MDNBEqwzQTA_003,1.21055796e-01,1.10622279e-03,40.7829,1,
MDNBEqwzQTA_004,1.20118634e-01,6.04714566e-04,45.9612,1,
MDNBEqwzQTA_005,8.32858053e-02,3.30638757e-04,48.0243,1,
MDNBEqwzQTA_006,9.20413042e-02,3.52757877e-04,48.3301,1,
MDNBEqwzQTA_007,1.07540318e-01,3.72958394e-03,29.1982,1,
MDNBEqwzQTA_008,5.63914371e-02,4.87932077e-04,41.2571,1,
MDNBEqwzQTA_009,8.98861925e-02,3.44133138e-04,48.3393,1,
MDNBEqwzQTA_010,1.63016249e-01,1.22486732e-01,2.4828,1,
MDNBEqwzQTA_011,1.71390110e-01,1.30093612e-01,2.3946,1,
MDNBEqwzQTA_012,1.75615695e-01,1.29059732e-01,2.6755,1,
MDNBEqwzQTA_013,1.76640803e-01,1.19675617e-01,3.3817,1,
MDNBEqwzQTA_014,1.31060203e-01,6.34468459e-02,6.3012,1,
MKF8KnsyaJs_000,9.02535530e-02,1.37693670e-01,-3.6690,1,
MKF8KnsyaJs_001,2.69991691e-01,4.42074987e-02,15.7171,1,
MKF8KnsyaJs_002,2.66057796e-01,5.29542086e-02,14.0215,1,
MKF8KnsyaJs_003,2.67918119e-01,3.10634174e-02,18.7151,1,
MKF8KnsyaJs_004,2.48297326e-01,4.07359496e-02,15.6999,1,
MKF8KnsyaJs_005,1.87171721e-01,6.62774049e-02,9.0175,1,
MKF8KnsyaJs_006,2.62105973e-01,4.52266342e-02,15.2617,1,
MKF8KnsyaJs_007,2.19151189e-01,2.92307833e-02,17.4981,1,
MKF8KnsyaJs_008,1.34280240e-01,4.15774956e-02,10.1831,1,
MR_pKvMisRk_000,2.15012935e-01,4.74501764e-02,13.1245,1,
MR_pKvMisRk_001,1.73377308e-01,4.86512780e-02,11.0380,1,
MR_pKvMisRk_002,1.84172644e-01,1.09568669e-01,4.5108,1,
MR_pKvMisRk_003,1.31822972e-01,6.44385726e-02,6.2169,1,
MSV39CPq9kg_000,1.88802990e-01,2.63839992e-02,17.0934,1,
MSV39CPq9kg_001,1.68620348e-01,2.45709156e-02,16.7298,1,
MSV39CPq9kg_002,1.69554812e-01,1.91448593e-02,18.9452,1,
MSV39CPq9kg_003,1.94468059e-01,9.85722659e-02,5.9019,1,
MSV39CPq9kg_004,1.32553332e-01,6.42279534e-02,6.2933,1,
MT-FHleifxc_000,7.69404910e-02,4.91852353e-03,23.8864,1,
MT-FHleifxc_001,3.74946393e-02,2.73055567e-04,42.7544,1,
MUch03ZpJQ4_000,5.67353257e-02,6.55618115e-02,-1.2559,1,
MUch03ZpJQ4_001,7.87616983e-02,4.87529458e-02,4.1663,1,
MUch03ZpJQ4_002,8.80396025e-02,4.96857494e-02,4.9689,1,
MUch03ZpJQ4_003,9.30952736e-02,6.06859566e-02,3.7168,1,
MUch03ZpJQ4_004,7.57697530e-02,6.35319505e-02,1.5301,1,
MUch03ZpJQ4_005,8.79625506e-02,6.11378779e-02,3.1597,1,
MUch03ZpJQ4_006,7.34822286e-02,6.59521138e-02,0.9391,1,
MUch03ZpJQ4_007,8.41943476e-02,7.22811236e-02,1.3252,1,
MUch03ZpJQ4_008,8.00338173e-02,6.72223231e-02,1.5152,1,
MUch03ZpJQ4_009,8.15847624e-02,7.01918762e-02,1.3064,1,
MUch03ZpJQ4_010,7.66231665e-02,6.98539633e-02,0.8034,1,
MUch03ZpJQ4_011,8.00507853e-02,7.06448618e-02,1.0857,1,
MUch03ZpJQ4_012,6.97413180e-02,6.64206062e-02,0.4237,1,
MUch03ZpJQ4_013,7.40459142e-02,7.11171681e-02,0.3505,1,
MUch03ZpJQ4_014,7.14724718e-02,6.66512256e-02,0.6066,1,
MUch03ZpJQ4_015,7.22857318e-02,6.07253180e-02,1.5137,1,
MUch03ZpJQ4_016,8.98207543e-02,4.78723254e-02,5.4658,1,
MUch03ZpJQ4_017,8.44449484e-02,5.92531092e-02,3.0773,1,
MUch03ZpJQ4_018,8.47775586e-02,6.32567269e-02,2.5435,1,
MUch03ZpJQ4_019,7.02315936e-02,6.48593474e-02,0.6912,1,
MUch03ZpJQ4_020,8.28945655e-02,6.40959854e-02,2.2339,1,
MUch03ZpJQ4_021,8.32609057e-02,6.48331617e-02,2.1729,1,
MUch03ZpJQ4_022,8.95281863e-02,6.86831122e-02,2.3022,1,
MUch03ZpJQ4_023,8.16388113e-02,6.84003354e-02,1.5368,1,
MUch03ZpJQ4_024,7.75276605e-02,6.30509674e-02,1.7953,1,
MUch03ZpJQ4_025,7.56412718e-02,7.16239715e-02,0.4740,1,
MUch03ZpJQ4_026,8.89406438e-02,6.97330432e-02,2.1132,1,
MUch03ZpJQ4_027,8.65868267e-02,6.83021347e-02,2.0604,1,
MUch03ZpJQ4_028,8.41241906e-02,6.93573744e-02,1.6766,1,
MUch03ZpJQ4_029,7.54064223e-02,6.58087311e-02,1.1825,1,
MUch03ZpJQ4_030,7.84772867e-02,6.43561585e-02,1.7231,1,
MUch03ZpJQ4_031,7.93217412e-02,5.80558889e-02,2.7109,1,
MUch03ZpJQ4_032,7.46931082e-02,6.76742163e-02,0.8571,1,
MUch03ZpJQ4_033,7.27496911e-02,6.54451599e-02,0.9191,1,
MUch03ZpJQ4_034,6.99948477e-02,6.97781623e-02,0.0269,1,
MUch03ZpJQ4_035,8.52535489e-02,6.64760380e-02,2.1609,1,
MUch03ZpJQ4_036,8.12340775e-02,5.12412187e-02,4.0024,1,
MUch03ZpJQ4_037,7.54358889e-02,5.57021041e-02,2.6341,1,
MUch03ZpJQ4_038,7.92291999e-02,5.07328836e-02,3.8719,1,
MUch03ZpJQ4_039,7.44462646e-02,5.52241462e-02,2.5943,1,
MUch03ZpJQ4_040,8.12689050e-02,5.37007595e-02,3.5989,1,
MUch03ZpJQ4_041,7.80156761e-02,4.58190896e-02,4.6227,1,
MUch03ZpJQ4_042,8.04111878e-02,5.87258258e-02,2.7297,1,
MUch03ZpJQ4_043,6.83200797e-02,3.88859249e-02,4.8951,1,
MUch03ZpJQ4_044,7.43918243e-02,5.22286271e-02,3.0723,1,
MUch03ZpJQ4_045,7.09773074e-02,4.95281054e-02,3.1254,1,
MUch03ZpJQ4_046,7.62967514e-02,6.10989420e-02,1.9294,1,
MUch03ZpJQ4_047,9.95558943e-02,5.46454451e-02,5.2103,1,
MUch03ZpJQ4_048,8.76056976e-02,5.20244945e-02,4.5265,1,
MUch03ZpJQ4_049,7.83834541e-02,5.22173897e-02,3.5282,1,
MUch03ZpJQ4_050,8.81391489e-02,5.60881993e-02,3.9259,1,
MUch03ZpJQ4_051,9.31975071e-02,5.42327400e-02,4.7029,1,
MUch03ZpJQ4_052,7.51454163e-02,5.33790748e-02,2.9706,1,
MUch03ZpJQ4_053,6.95397135e-02,6.05750938e-02,1.1988,1,
MUch03ZpJQ4_054,7.65830121e-02,5.51512625e-02,2.8515,1,
MUch03ZpJQ4_055,7.13694110e-02,5.61762316e-02,2.0792,1,
MUch03ZpJQ4_056,6.85428870e-02,4.67333359e-02,3.3267,1,
MUch03ZpJQ4_057,6.95073770e-02,5.24829880e-02,2.4402,1,
MUch03ZpJQ4_058,7.98596433e-02,4.82127534e-02,4.3833,1,
MUch03ZpJQ4_059,7.44251267e-02,5.10038512e-02,3.2823,1,
MUch03ZpJQ4_060,7.66026687e-02,5.60006744e-02,2.7210,1,
MUch03ZpJQ4_061,8.48448900e-02,2.27611075e-02,11.4286,1,
MUch03ZpJQ4_062,8.74787944e-02,2.59793953e-02,10.5455,1,
MUch03ZpJQ4_063,8.49620031e-02,3.76697840e-02,7.0646,1,
MUch03ZpJQ4_064,7.70526195e-02,5.88759877e-02,2.3370,1,
MUch03ZpJQ4_065,1.01644813e-01,4.08702290e-02,7.9136,1,
MUch03ZpJQ4_066,1.37123499e-01,4.53632023e-04,49.6082,1,
MUch03ZpJQ4_067,1.13537302e-01,4.44332698e-04,48.1486,1,
MUch03ZpJQ4_068,1.48961343e-01,5.29412262e-04,48.9856,1,
MUch03ZpJQ4_069,1.83585134e-01,5.79026799e-04,50.0228,1,
MUch03ZpJQ4_070,1.47789412e-01,5.78723482e-04,48.1434,1,
MX0Rr0G3OGA_000,2.02576686e-01,2.59740618e-02,17.8410,1,
MX0Rr0G3OGA_001,2.19137503e-01,2.65224000e-02,18.3421,1,
MX0Rr0G3OGA_002,1.91727091e-01,3.58501178e-02,14.5639,1,
MX0Rr0G3OGA_003,1.64445299e-01,5.57296188e-02,9.3987,1,
MX0Rr0G3OGA_004,1.99281325e-01,5.23936010e-02,11.6038,1,
MX0Rr0G3OGA_005,2.00346106e-01,6.25081864e-02,10.1169,1,
MX0Rr0G3OGA_006,1.75184054e-01,6.29650306e-02,8.8879,1,
MX0Rr0G3OGA_007,1.86712235e-01,7.59625277e-02,7.8115,1,
MX0Rr0G3OGA_008,1.80517808e-01,8.25925901e-02,6.7916,1,
MX0Rr0G3OGA_009,1.98692064e-01,7.42905538e-02,8.5449,1,
MX0Rr0G3OGA_010,1.85785678e-01,6.61214093e-02,8.9734,1,
MX0Rr0G3OGA_011,1.91204659e-01,9.08616098e-02,6.4624,1,
MX0Rr0G3OGA_012,1.33663002e-01,6.50514907e-02,6.2551,1,
MYWedTctdeg_000,1.76916583e-01,2.70193977e-02,16.3219,1,
MYWedTctdeg_001,1.93403652e-01,4.87008774e-02,11.9786,1,
MYWedTctdeg_002,1.88543707e-01,5.34223215e-02,10.9538,1,
MYWedTctdeg_003,1.67919655e-01,9.73693356e-02,4.7336,1,
MYWedTctdeg_004,1.33399607e-01,6.41583742e-02,6.3580,1,
N6RGCMRicA8_000,7.33745156e-02,5.51889428e-03,22.4739,1,
N6RGCMRicA8_001,6.19966695e-02,3.97089867e-04,43.8696,1,
N6RGCMRicA8_002,4.79821659e-02,3.59938938e-04,42.4970,1,
N6RGCMRicA8_003,4.91057180e-02,9.13114063e-04,34.6121,1,
N6RGCMRicA8_004,5.15737633e-02,4.90971630e-04,40.4274,1,
N6RGCMRicA8_005,5.10835462e-02,5.42602461e-04,39.4760,1,
N6RGCMRicA8_006,7.07481292e-02,1.70947457e-03,32.3370,1,
N6RGCMRicA8_007,9.80762901e-02,1.63931267e-03,35.5380,1,
N6RGCMRicA8_008,1.03616151e-01,5.61486960e-04,45.3218,1,
N6RGCMRicA8_009,6.40709480e-02,2.41075429e-04,48.4902,1,
N6RGCMRicA8_010,5.66503833e-02,3.78730812e-04,43.4974,1,
N6RGCMRicA8_011,5.73818843e-02,1.71798977e-03,30.4751,1,
N6RGCMRicA8_012,6.97080077e-02,4.24214383e-04,44.3139,1,
N6RGCMRicA8_013,7.45066296e-02,4.16670620e-04,45.0480,1,
N6RGCMRicA8_014,6.23311438e-02,4.16644571e-04,43.4988,1,
N6RGCMRicA8_015,5.37942749e-02,4.44837387e-04,41.6507,1,
N6RGCMRicA8_016,6.51495480e-02,3.55417905e-04,45.2634,1,
N6RGCMRicA8_017,7.03655757e-02,4.03992518e-04,44.8197,1,
N6RGCMRicA8_018,7.96023083e-02,4.63755000e-04,44.6927,1,
N6RGCMRicA8_019,4.77470540e-02,3.57230050e-04,42.5200,1,
N6RGCMRicA8_020,3.35250121e-02,3.73795907e-04,39.0547,1,
N6RGCMRicA8_021,3.91035316e-02,1.39439078e-02,8.9566,1,
N6RGCMRicA8_022,9.29669210e-02,5.56579825e-03,24.4560,1,
N6RGCMRicA8_023,5.10656341e-02,1.91307379e-02,8.5279,1,
N6RGCMRicA8_024,6.29876760e-02,5.35266388e-03,21.4137,1,
N6RGCMRicA8_025,2.11276414e-02,9.90085872e-05,46.5836,1,
N6RGCMRicA8_026,5.89491391e-02,6.75943104e-04,38.8113,1,
N6RGCMRicA8_027,5.29390743e-02,4.25925662e-03,21.8889,1,
N6RGCMRicA8_028,5.92754610e-02,1.34449454e-03,32.8863,1,
N6RGCMRicA8_029,5.05240636e-02,4.13061337e-04,41.7497,1,
N6RGCMRicA8_030,7.52454386e-02,2.21262587e-02,10.6314,1,
N6RGCMRicA8_031,3.13670146e-02,3.98286913e-04,37.9255,1,
N6RGCMRicA8_032,4.62591730e-02,4.05899774e-04,41.1356,1,
N6RGCMRicA8_033,3.97012255e-02,3.46489601e-02,1.1823,1,
N6RGCMRicA8_034,7.27379253e-02,8.69173547e-02,-1.5469,1,
N6RGCMRicA8_035,4.08300284e-02,4.15570663e-04,39.8467,1,
N6RGCMRicA8_036,3.35836324e-02,4.14265402e-04,38.1770,1,
N6RGCMRicA8_037,4.00015719e-02,4.30390093e-03,19.3643,1,
N6RGCMRicA8_038,3.66022362e-02,7.45918951e-03,13.8163,1,
N6RGCMRicA8_039,4.97261168e-02,3.06798494e-03,24.1946,1,
N6RGCMRicA8_040,5.91406825e-02,2.82941439e-03,26.4038,1,
N6RGCMRicA8_041,3.95207245e-02,4.27859100e-03,19.3105,1,
N6RGCMRicA8_042,3.28891972e-02,1.40923574e-03,27.3614,1,
N6RGCMRicA8_043,4.58293431e-02,2.68046951e-03,24.6587,1,
N6RGCMRicA8_044,3.31040823e-02,3.30247097e-03,20.0209,1,
N6RGCMRicA8_045,2.85709935e-02,1.82815874e-04,43.8782,1,
N6RGCMRicA8_046,4.90346348e-02,1.50495175e-03,30.2596,1,
N9MmykOnPAs_000,1.86626762e-01,3.55449010e-02,14.4039,1,
N9MmykOnPAs_001,1.71938929e-01,4.13216090e-02,12.3839,1,
N9MmykOnPAs_002,1.95602304e-01,2.00394914e-03,39.7897,1,
N9MmykOnPAs_003,1.68191331e-01,1.18315107e-01,3.0553,1,
N9MmykOnPAs_004,1.31895098e-01,6.41293255e-02,6.2634,1,
NJjx5iKFXhI_000,1.67087856e-01,7.89222088e-02,6.5149,1,
NJjx5iKFXhI_001,1.66553357e-01,6.55844630e-02,8.0950,1,
NJjx5iKFXhI_002,1.31172812e-01,6.42058560e-02,6.2054,1,
NQ3iktgJ-bM_000,5.97769066e-02,4.45587329e-02,2.5520,1,
NQ3iktgJ-bM_001,5.65520484e-02,4.18976156e-02,2.6052,1,
NQ3iktgJ-bM_002,4.92679365e-02,3.81445942e-02,2.2226,1,
NQ3iktgJ-bM_003,4.64571576e-02,3.51019325e-02,2.4344,1,
NQ3iktgJ-bM_004,2.06494023e-01,7.76746568e-02,8.4926,1,
NQ3iktgJ-bM_005,1.15400483e-01,6.08448828e-02,5.5597,1,
NXhl-Lkoq6I_000,1.69455051e-01,2.14973372e-02,17.9334,1,
NXhl-Lkoq6I_001,6.64908638e-02,4.09728072e-04,44.2053,1,
NXhl-Lkoq6I_002,1.47932690e-01,4.60935659e-02,10.1285,1,
NXhl-Lkoq6I_003,1.74753749e-01,1.14951119e-01,3.6383,1,
NXhl-Lkoq6I_004,1.32472684e-01,6.45965922e-02,6.2383,1,
NYcSRGEKqX4_000,2.39796758e-01,8.16344411e-02,9.3594,1,
NYcSRGEKqX4_001,2.30993078e-01,1.18026462e-01,5.8324,1,
NYcSRGEKqX4_002,2.26201528e-01,1.34257616e-01,4.5311,1,
NYcSRGEKqX4_003,2.21381014e-01,1.37836782e-01,4.1155,1,
NYcSRGEKqX4_004,2.16171459e-01,1.19184352e-01,5.1716,1,
NYcSRGEKqX4_005,2.36792941e-01,1.35041788e-01,4.8780,1,
NYcSRGEKqX4_006,2.54020048e-01,7.25762776e-02,10.8815,1,
NYcSRGEKqX4_007,2.23200768e-01,1.24944140e-01,5.0396,1,
NYcSRGEKqX4_008,2.28673335e-01,1.40528861e-01,4.2290,1,
NYcSRGEKqX4_009,2.35916258e-01,1.27332363e-01,5.3564,1,
NYcSRGEKqX4_010,2.45154697e-01,1.18203874e-01,6.3362,1,
NYcSRGEKqX4_011,3.15283927e-01,9.63281281e-02,10.2990,1,
NYcSRGEKqX4_012,2.41890174e-01,2.51768288e-02,19.6523,1,
NYcSRGEKqX4_013,1.11217864e-01,8.66716059e-04,42.1660,1,
N_1jL8HEydM_000,2.11136850e-01,2.92316635e-02,17.1742,1,
N_1jL8HEydM_001,1.92612941e-01,5.22728183e-02,11.3282,1,
N_1jL8HEydM_002,2.04496130e-01,5.32893045e-02,11.6809,1,
N_1jL8HEydM_003,1.98847772e-01,4.19046959e-02,13.5252,1,
N_1jL8HEydM_004,1.83230246e-01,7.04869770e-02,8.2978,1,
N_1jL8HEydM_005,1.25826601e-01,4.83108668e-02,8.3146,1,
NdYmoZh-0ek_000,1.82914788e-01,2.37023497e-02,17.7491,1,
NdYmoZh-0ek_001,2.08282589e-01,5.33928624e-02,11.8234,1,
NdYmoZh-0ek_002,1.84287893e-01,7.59742621e-02,7.6966,1,
NdYmoZh-0ek_003,2.00619407e-01,6.53525800e-02,9.7422,1,
NdYmoZh-0ek_004,1.76430056e-01,1.17893173e-01,3.5017,1,
NdYmoZh-0ek_005,1.32423504e-01,6.39467961e-02,6.3229,1,
Ne7y4GDJl9Q_000,1.60046359e-01,5.13216017e-02,9.8789,1,
Ne7y4GDJl9Q_001,1.56311377e-01,4.12390664e-02,11.5736,1,
Ne7y4GDJl9Q_002,1.42196699e-01,7.17054239e-02,5.9468,1,
Ne7y4GDJl9Q_003,1.65411542e-01,7.33470744e-02,7.0637,1,
Ne7y4GDJl9Q_004,1.62526143e-01,7.24663362e-02,7.0157,1,
Ne7y4GDJl9Q_005,1.58541632e-01,6.56042786e-02,7.6642,1,
Ne7y4GDJl9Q_006,1.54778080e-01,2.44451201e-02,16.0303,1,
Ne7y4GDJl9Q_007,1.76239347e-01,1.17051423e-01,3.5545,1,
Ne7y4GDJl9Q_008,1.32442051e-01,6.41259310e-02,6.2998,1,
NgsJc52HpwM_000,8.23282315e-02,1.20243787e-03,36.7097,1,
NgsJc52HpwM_001,9.46619843e-02,8.03653786e-04,41.4221,1,
NgsJc52HpwM_002,1.18257294e-01,1.04262627e-03,41.0940,1,
NgsJc52HpwM_003,9.21064925e-02,7.22621393e-04,42.1076,1,
NgsJc52HpwM_004,8.41043815e-02,1.04794072e-02,18.0896,1,
NgsJc52HpwM_005,1.29567733e-01,7.60473227e-04,44.6283,1,
NgsJc52HpwM_006,7.31784282e-02,6.49451448e-03,21.0367,1,
NgsJc52HpwM_007,7.32835835e-02,6.19213004e-03,21.4633,1,
NgsJc52HpwM_008,7.28793798e-02,5.72434181e-03,22.0976,1,
NlYiS7zp5Wc_000,2.74969077e-01,3.04797773e-02,19.1054,1,
NlYiS7zp5Wc_001,2.97263766e-01,3.99470247e-02,17.4332,1,
NlYiS7zp5Wc_002,2.47212437e-01,2.92492738e-02,18.5391,1,
NlYiS7zp5Wc_003,1.32555912e-01,4.17593823e-02,10.0329,1,
Ns8OcnMPugY_000,1.00806912e-01,1.85779514e-02,14.6898,1,
Ns8OcnMPugY_001,1.18938727e-01,3.54020519e-02,10.5259,1,
Ns8OcnMPugY_002,1.18063075e-01,3.23494268e-02,11.2450,1,
Ns8OcnMPugY_003,1.75632231e-01,1.20753334e-01,3.2541,1,
Ns8OcnMPugY_004,1.32720637e-01,6.41042817e-02,6.3210,1,
O4NqkSzNSjE_000,1.79508516e-01,5.52111655e-02,10.2412,1,
O4NqkSzNSjE_001,1.96507277e-01,5.56463711e-02,10.9588,1,
O4NqkSzNSjE_002,1.72949503e-01,8.24926227e-02,6.4301,1,
O4NqkSzNSjE_003,1.32369664e-01,6.41765292e-02,6.2882,1,
OBARtsU9QnA_000,1.66989082e-01,6.14709599e-02,8.6804,1,
OBARtsU9QnA_001,1.46613047e-01,6.27265968e-02,7.3744,1,
OBARtsU9QnA_002,1.58919910e-01,6.15056067e-02,8.2453,1,
OBARtsU9QnA_003,1.97270007e-01,4.77133165e-02,12.3284,1,
OBARtsU9QnA_004,1.74429851e-01,1.17489013e-01,3.4325,1,
OBARtsU9QnA_005,1.31889627e-01,6.45192585e-02,6.2104,1,
OCWhWWZ0AwY_000,2.24406877e-01,1.00825187e-01,6.9493,1,
OCWhWWZ0AwY_001,1.70191128e-01,6.00233803e-02,9.0523,1,
OCWhWWZ0AwY_002,1.76601151e-01,6.44125568e-02,8.7605,1,
OCWhWWZ0AwY_003,1.83611697e-01,5.96362053e-02,9.7678,1,
OCWhWWZ0AwY_004,1.96427016e-01,5.86939833e-02,10.4922,1,
OCWhWWZ0AwY_005,1.76627253e-01,1.18815843e-01,3.4437,1,
OCWhWWZ0AwY_006,1.33262937e-01,6.41166037e-02,6.3548,1,
OFPi0ecSoI8_000,2.11592513e-01,9.17059453e-02,7.2621,1,
OFPi0ecSoI8_001,2.60817207e-01,8.74118998e-02,9.4953,1,
OFPi0ecSoI8_002,1.78903933e-01,1.18647956e-01,3.5672,1,
OFPi0ecSoI8_003,1.34149961e-01,6.44137821e-02,6.3722,1,
OfDo1fLztjs_000,8.00435511e-02,5.48661482e-04,43.2804,1,
OfDo1fLztjs_001,7.57602183e-02,2.21917275e-02,10.6650,1,
OfDo1fLztjs_002,6.90162859e-02,2.18164214e-02,10.0034,1,
OfDo1fLztjs_003,7.04148494e-02,2.26893016e-02,9.8369,1,
OfDo1fLztjs_004,7.33810899e-02,2.59249214e-02,9.0373,1,
OfDo1fLztjs_005,6.31826051e-02,2.29242063e-02,8.8061,1,
OfDo1fLztjs_006,6.17174825e-02,2.32052409e-02,8.4964,1,
OfDo1fLztjs_007,5.34681688e-02,2.47051079e-02,6.7062,1,
OfDo1fLztjs_008,5.16656626e-02,2.76164802e-02,5.4407,1,
OfDo1fLztjs_009,5.46716309e-02,2.56684001e-02,6.5673,1,
OfDo1fLztjs_010,7.27835300e-02,6.57878342e-03,20.8778,1,
OfDo1fLztjs_011,3.36013206e-02,2.51949505e-04,42.5009,1,
OlQ0UvbZqxs_000,1.44829892e-01,2.77616540e-02,14.3483,1,
OlQ0UvbZqxs_001,1.29467754e-01,3.97543079e-02,10.2555,1,
OlQ0UvbZqxs_002,1.50355731e-01,4.45264485e-02,10.5700,1,
OlQ0UvbZqxs_003,1.12751128e-01,5.40306171e-04,46.3896,1,
OlQ0UvbZqxs_004,7.23204659e-02,7.52570588e-03,19.6543,1,
OlQ0UvbZqxs_005,3.37424080e-02,2.50245436e-04,42.5962,1,
OnK2taEbraM_000,1.56170594e-01,7.85639991e-04,45.9675,1,
OnK2taEbraM_001,6.02333532e-02,6.56226477e-03,19.2557,1,
OnK2taEbraM_002,1.46919472e-01,2.39960223e-02,15.7388,1,
OnK2taEbraM_003,9.26090003e-02,2.35641500e-02,11.8880,1,
OnK2taEbraM_004,8.84386090e-02,1.69389066e-02,14.3551,1,
OnK2taEbraM_005,1.19010734e-01,1.82769045e-02,16.2737,1,
OnK2taEbraM_006,1.17150173e-01,1.87093523e-02,15.9337,1,
OnK2taEbraM_007,9.81548312e-02,2.17773342e-02,13.0781,1,
OnK2taEbraM_008,1.29665495e-01,2.38652999e-02,14.7012,1,
OnK2taEbraM_009,1.02789224e-01,1.89179285e-02,14.7015,1,
OnK2taEbraM_010,9.73108972e-02,2.21527408e-03,32.8547,1,
OnK2taEbraM_011,3.34562998e-02,2.47951977e-04,42.6022,1,
OqABmo1wQaE_000,9.54654389e-02,8.80137416e-04,40.7059,1,
OqABmo1wQaE_001,1.31411984e-01,5.91586803e-04,46.9323,1,
OqABmo1wQaE_002,9.00619402e-02,4.45598441e-04,46.1120,1,
OqABmo1wQaE_003,9.01211108e-02,5.42574562e-04,44.4073,1,
OqABmo1wQaE_004,6.66566353e-02,5.14590243e-04,42.2476,1,
OqABmo1wQaE_005,6.52698209e-02,7.65461635e-03,18.6158,1,
OqABmo1wQaE_006,6.37150350e-02,1.13249457e-02,15.0041,1,
OqABmo1wQaE_007,5.47701427e-02,1.36875660e-02,12.0444,1,
OqABmo1wQaE_008,4.20229875e-02,1.38805795e-02,9.6216,1,
OqABmo1wQaE_009,7.92893503e-02,3.77885423e-04,46.4371,1,
OqABmo1wQaE_010,8.43934337e-02,1.11506936e-03,37.5801,1,
OqABmo1wQaE_011,4.20144300e-02,7.10955600e-04,35.4311,1,
OqABmo1wQaE_012,3.50947205e-02,7.99426839e-04,32.8493,1,
OqABmo1wQaE_013,3.35811499e-02,1.55143021e-03,26.7073,1,
OqABmo1wQaE_014,7.28367286e-02,6.28533094e-03,21.2804,1,
OqFfzz8sww4_000,3.17746425e-02,3.18342950e-04,39.9837,1,
OqFfzz8sww4_001,3.47525525e-02,1.39416384e-03,27.9335,1,
OqFfzz8sww4_002,2.86366424e-02,2.55667885e-04,40.9849,1,
OqFfzz8sww4_003,3.92872335e-02,9.05603418e-04,32.7463,1,
OqFfzz8sww4_004,3.16880193e-02,2.85768459e-04,40.8976,1,
OqFfzz8sww4_005,3.55429373e-02,3.51749308e-04,40.0904,1,
OqFfzz8sww4_006,3.40485386e-02,4.64440853e-04,37.3034,1,
OqFfzz8sww4_007,4.11237937e-02,3.24184584e-04,42.0660,1,
OqFfzz8sww4_008,4.38241231e-02,4.00722159e-04,40.7774,1,
OqFfzz8sww4_009,7.38591826e-02,7.92682482e-04,39.3861,1,
OqFfzz8sww4_010,6.77287398e-02,5.81458821e-03,21.3251,1,
OqFfzz8sww4_011,3.35035109e-02,2.27297188e-04,43.3699,1,
OzrNqubstag_000,7.33044311e-02,5.42508555e-03,22.6145,1,
OzrNqubstag_001,5.51741695e-02,7.13903597e-03,17.7619,1,
OzrNqubstag_002,2.85370539e-02,1.84755436e-04,43.7762,1,
P-jbyxAzsW8_000,7.32605023e-02,5.96511162e-03,21.7850,1,
P-jbyxAzsW8_001,7.99846396e-02,4.55988387e-04,44.8811,1,
P-jbyxAzsW8_002,5.27255810e-02,1.63564237e-02,10.1667,1,
P-jbyxAzsW8_003,2.11932244e-02,9.84368512e-05,46.6608,1,
P-jbyxAzsW8_004,5.90134120e-02,1.18008348e-03,33.9808,1,
P-jbyxAzsW8_005,5.06396198e-02,3.87748313e-04,42.3188,1,
P-jbyxAzsW8_006,2.86689487e-02,1.96638647e-04,43.2749,1,
PBuicCInFfk_000,2.44226523e-01,2.95766461e-02,18.3369,1,
PBuicCInFfk_001,1.16234195e-01,6.64185910e-02,4.8609,1,
PEFDCay69M8_000,3.75431019e-02,4.99171700e-04,37.5256,1,
PEFDCay69M8_001,3.83267115e-02,7.82481406e-03,13.8006,1,
PEFDCay69M8_002,3.29183550e-02,7.99131729e-03,12.2964,1,
PEFDCay69M8_003,3.38337078e-02,7.63340188e-03,12.9326,1,
PEFDCay69M8_004,3.39877601e-02,8.37413538e-03,12.1677,1,
PEFDCay69M8_005,3.44349482e-02,7.84074200e-03,12.8528,1,
PEFDCay69M8_006,7.29400895e-02,6.34404198e-03,21.2120,1,
PSz4Xf47C98_000,9.28061880e-02,4.85986330e-04,45.6191,1,
PSz4Xf47C98_001,7.30764027e-02,5.38834523e-04,42.6464,1,
PSz4Xf47C98_002,7.45338259e-02,9.38180794e-04,38.0013,1,
PSz4Xf47C98_003,9.70771213e-02,5.66053708e-04,44.6852,1,
PSz4Xf47C98_004,6.48042283e-02,4.55452595e-04,43.0632,1,
PSz4Xf47C98_005,5.75931822e-02,4.86026438e-04,41.4742,1,
PSz4Xf47C98_006,8.01286697e-02,5.30331231e-02,3.5848,1,
PSz4Xf47C98_007,1.04317064e-01,5.27437111e-02,5.9237,1,
PSz4Xf47C98_008,1.12862285e-01,4.74648180e-02,7.5235,1,
PSz4Xf47C98_009,1.19017774e-01,5.25160001e-02,7.1064,1,
PSz4Xf47C98_010,8.07355225e-02,6.05361052e-02,2.5010,1,
PSz4Xf47C98_011,9.05334498e-02,6.33634647e-02,3.0994,1,
PSz4Xf47C98_012,1.32330269e-01,4.80280681e-02,8.8033,1,
PSz4Xf47C98_013,7.27610680e-02,8.15184329e-03,19.0129,1,
PSz4Xf47C98_014,6.17009906e-02,4.33457623e-04,43.0669,1,
PlLXRExhFhk_000,1.72520678e-01,2.80689351e-02,15.7723,1,
PlLXRExhFhk_001,1.76871829e-01,1.23770698e-01,3.1008,1,
PlLXRExhFhk_002,1.31969911e-01,6.36181259e-02,6.3379,1,
Prlv_TA2KSM_000,2.61661665e-01,8.94696265e-02,9.3213,1,
Prlv_TA2KSM_001,3.88336969e-02,2.24209662e-01,-15.2289,1,
Prlv_TA2KSM_002,1.59946293e-01,1.23199595e-01,2.2673,1,
Prlv_TA2KSM_003,2.40191930e-01,1.10361035e-01,6.7549,1,
Prlv_TA2KSM_004,2.33112611e-01,8.84371364e-02,8.4186,1,
Prlv_TA2KSM_005,1.29835368e-01,4.91693932e-04,48.4340,1,
Prlv_TA2KSM_006,1.07265019e-01,8.82064850e-04,41.6992,1,
Prlv_TA2KSM_007,1.08083773e-01,1.80132028e-03,35.5634,1,
Prlv_TA2KSM_008,3.34393529e-02,2.34759467e-04,43.0727,1,
Q1DIEG8m_os_000,1.82913075e-01,3.07084338e-03,35.4997,1,
Q1DIEG8m_os_001,2.72699111e-01,2.31348770e-03,41.4283,1,
Q1DIEG8m_os_002,2.22267928e-01,1.20527743e-03,45.3158,1,
Q1DIEG8m_os_003,1.91704990e-01,4.38517110e-02,12.8129,1,
Q1DIEG8m_os_004,1.74510914e-01,1.16329943e-01,3.5226,1,
Q1DIEG8m_os_005,1.32443156e-01,6.38675262e-02,6.3350,1,
QE6ZYem6rZc_000,1.41470230e-01,1.07996792e-03,42.3451,1,
QE6ZYem6rZc_001,1.27047330e-01,7.17872814e-04,44.9584,1,
QE6ZYem6rZc_002,1.77411801e-01,8.19725119e-02,6.7063,1,
QE6ZYem6rZc_003,1.34713148e-01,4.42183853e-02,9.6761,1,
QFh7ktSHtsU_000,2.49725369e-01,5.07955148e-02,13.8327,1,
QFh7ktSHtsU_001,2.44082948e-01,6.75156475e-02,11.1627,1,
QFh7ktSHtsU_002,2.51480617e-01,6.82859755e-02,11.3235,1,
QFh7ktSHtsU_003,3.36633672e-01,2.36827386e-02,23.0545,1,
QFh7ktSHtsU_004,3.28993789e-01,4.85024246e-02,16.6285,1,
QFh7ktSHtsU_005,3.27764896e-01,1.63040306e-02,26.0653,1,
QFh7ktSHtsU_006,1.96473482e-01,8.15443835e-03,27.6382,1,
QFh7ktSHtsU_007,1.05495220e-01,7.83963008e-04,42.5787,1,
QMcQX7Yz53w_000,1.61825263e-01,2.49878526e-02,16.2263,1,
QMcQX7Yz53w_001,1.52713311e-01,5.19511419e-02,9.3656,1,
QMcQX7Yz53w_002,1.29002701e-01,5.71351267e-02,7.0739,1,
QMcQX7Yz53w_003,1.57411327e-01,7.96848997e-02,5.9132,1,
QMcQX7Yz53w_004,1.34560769e-01,3.20906590e-02,12.4508,1,
QgXuMcp2qJs_000,1.58273568e-01,2.88359897e-02,14.7895,1,
QgXuMcp2qJs_001,1.69940211e-01,6.42961329e-02,8.4422,1,
QgXuMcp2qJs_002,1.84720078e-01,8.30384902e-02,6.9447,1,
QgXuMcp2qJs_003,1.90297208e-01,6.22677482e-02,9.7034,1,
QgXuMcp2qJs_004,1.14117487e-01,6.68068667e-02,4.6506,1,
QjWjr1eyqDA_000,1.76123944e-01,2.47217127e-03,37.0548,1,
QjWjr1eyqDA_001,9.66095847e-02,3.49560011e-04,48.8300,1,
QjWjr1eyqDA_002,1.33963323e-01,4.77019072e-04,48.9690,1,
QjWjr1eyqDA_003,1.08821969e-01,4.07408983e-04,48.5337,1,
QjWjr1eyqDA_004,1.22483450e-01,6.45401065e-04,45.5650,1,
QjWjr1eyqDA_005,1.37031149e-01,5.50000838e-04,47.9291,1,
QjWjr1eyqDA_006,1.02322180e-01,3.43398025e-04,49.4834,1,
QjWjr1eyqDA_007,1.21955618e-01,3.98279461e-04,49.7203,1,
QjWjr1eyqDA_008,1.57117633e-01,5.13242484e-04,49.7180,1,
QjWjr1eyqDA_009,9.21955809e-02,3.47791222e-04,48.4678,1,
QjWjr1eyqDA_010,1.31949963e-01,5.64819386e-04,47.3700,1,
QjWjr1eyqDA_011,1.21569897e-01,5.39604629e-04,47.0550,1,
QjWjr1eyqDA_012,1.19118267e-01,4.82506817e-04,47.8495,1,
QjWjr1eyqDA_013,1.15260466e-01,4.17102634e-04,48.8287,1,
QjWjr1eyqDA_014,1.21158594e-01,3.97310102e-04,49.6845,1,
QjWjr1eyqDA_015,1.73847652e-01,1.18922458e-01,3.2981,1,
QjWjr1eyqDA_016,1.31444664e-01,6.37461782e-02,6.2858,1,
QjmVsoAbkB4_000,1.69673871e-01,3.36026488e-02,14.0648,1,
QjmVsoAbkB4_001,1.73245229e-01,4.57530033e-02,11.5648,1,
QjmVsoAbkB4_002,1.89043490e-01,3.83675611e-02,13.8520,1,
QjmVsoAbkB4_003,1.89056745e-01,1.10270658e-01,4.6826,1,
QjmVsoAbkB4_004,1.35878470e-01,6.46836124e-02,6.4471,1,
QqZnVpKZlaM_000,1.53574930e-01,5.25105598e-02,9.3215,1,
QqZnVpKZlaM_001,1.50536139e-01,2.97172187e-02,14.0927,1,
QqZnVpKZlaM_002,1.74557942e-01,6.05008846e-02,9.2036,1,
QqZnVpKZlaM_003,1.75680267e-01,7.96062771e-02,6.8755,1,
QqZnVpKZlaM_004,1.32614191e-01,6.39931733e-02,6.3291,1,
R1-E5NeMTq0_000,1.74271848e-01,4.86226924e-02,11.0878,1,
R1-E5NeMTq0_001,1.77842484e-01,4.74365122e-02,11.4785,1,
R1-E5NeMTq0_002,1.67712427e-01,4.63106738e-02,11.1777,1,
R1-E5NeMTq0_003,1.79877453e-01,4.94077714e-02,11.2236,1,
R1-E5NeMTq0_004,1.85279454e-01,4.76934361e-02,11.7874,1,
R1-E5NeMTq0_005,1.62981602e-01,5.49144240e-02,9.4490,1,
R1-E5NeMTq0_006,1.85236425e-01,6.11981186e-02,9.6198,1,
R1-E5NeMTq0_007,1.81627521e-01,5.96500256e-02,9.6714,1,
R1-E5NeMTq0_008,1.75155559e-01,6.27665656e-02,8.9139,1,
R1-E5NeMTq0_009,1.75028326e-01,6.44008491e-02,8.6843,1,
R1-E5NeMTq0_010,2.17980114e-01,5.82891610e-02,11.4566,1,
R1-E5NeMTq0_011,1.85313127e-01,6.95646009e-02,8.5104,1,
R1-E5NeMTq0_012,1.88166347e-01,6.83013939e-02,8.8022,1,
R1-E5NeMTq0_013,1.75725575e-01,7.03618332e-02,7.9500,1,
R1-E5NeMTq0_014,1.85615174e-01,6.77694289e-02,8.7516,1,
R1-E5NeMTq0_015,1.77447395e-01,5.79095555e-02,9.7264,1,
R1-E5NeMTq0_016,1.90804368e-01,6.38899037e-02,9.5031,1,
R1-E5NeMTq0_017,1.03014845e-01,1.13972361e-03,39.1220,1,
R1-E5NeMTq0_018,1.08577115e-01,8.78808947e-04,41.8369,1,
R1-E5NeMTq0_019,1.73082305e-01,1.21895308e-01,3.0453,1,
R1-E5NeMTq0_020,1.32222294e-01,6.40072614e-02,6.3015,1,
R43WTWwgYGY_000,1.34799809e-01,2.62615289e-02,14.2074,1,
R43WTWwgYGY_001,1.52015487e-01,5.13615176e-02,9.4250,1,
R43WTWwgYGY_002,1.69133213e-01,4.89682180e-02,10.7663,1,
R43WTWwgYGY_003,1.66240732e-01,7.61756136e-02,6.7784,1,
R43WTWwgYGY_004,1.58133145e-01,5.74712754e-02,8.7914,1,
R43WTWwgYGY_005,1.40556351e-01,5.72677050e-02,7.7988,1,
R43WTWwgYGY_006,1.75936997e-01,6.53844098e-02,8.5977,1,
R43WTWwgYGY_007,1.51687193e-01,5.23703191e-02,9.2373,1,
R43WTWwgYGY_008,1.70923779e-01,4.45500628e-02,11.6791,1,
R43WTWwgYGY_009,1.87952344e-01,4.24023800e-03,32.9332,1,
R43WTWwgYGY_010,6.32737247e-02,4.15532438e-04,43.6524,1,
R43WTWwgYGY_011,1.48931205e-01,9.54276505e-02,3.8662,1,
R43WTWwgYGY_012,1.32397145e-01,6.38672731e-02,6.3320,1,
RMOyCOQSNIQ_000,7.25012994e-02,8.49212104e-03,18.6266,1,
RMOyCOQSNIQ_001,4.91914248e-02,5.57534112e-04,38.9124,1,
RMOyCOQSNIQ_002,3.70840356e-02,8.51526313e-04,32.7798,1,
RMOyCOQSNIQ_003,3.94343860e-02,2.61787173e-04,43.5585,1,
RMOyCOQSNIQ_004,7.62079379e-02,4.03925946e-04,45.5140,1,
RMOyCOQSNIQ_005,4.34517609e-02,2.49073209e-04,44.8336,1,
RMOyCOQSNIQ_006,6.53466154e-02,3.63399730e-04,45.0968,1,
RMOyCOQSNIQ_007,5.15131719e-02,7.06441587e-04,37.2568,1,
RMOyCOQSNIQ_008,6.91043895e-02,3.56674972e-04,45.7447,1,
RMOyCOQSNIQ_009,4.21126896e-02,2.84340603e-03,23.4115,1,
RMOyCOQSNIQ_010,6.62632886e-02,3.08525999e-04,46.6396,1,
RMOyCOQSNIQ_011,8.70613365e-02,1.41568422e-02,15.7772,1,
RMOyCOQSNIQ_012,5.50739291e-02,7.21857901e-03,17.6499,1,
RMOyCOQSNIQ_013,4.25323927e-02,1.95279468e-03,26.7613,1,
RMOyCOQSNIQ_014,3.75747164e-02,3.86648203e-04,39.7516,1,
RMOyCOQSNIQ_015,3.28304259e-02,7.52523984e-04,32.7951,1,
RMOyCOQSNIQ_016,2.85949684e-02,1.85758782e-04,43.7468,1,
RTYjh4qhcEk_000,1.63103413e-01,2.29128885e-02,17.0477,1,
RTYjh4qhcEk_001,1.61090685e-01,1.27690414e-03,42.0182,1,
RTYjh4qhcEk_002,1.87063747e-01,4.79130980e-02,11.8307,1,
RTYjh4qhcEk_003,1.79089270e-01,5.76867759e-02,9.8399,1,
RTYjh4qhcEk_004,1.90088963e-01,1.10285526e-01,4.7288,1,
RTYjh4qhcEk_005,1.33822411e-01,6.43000621e-02,6.3663,1,
RYFm405HgV4_000,2.00188249e-01,7.68429182e-02,8.3167,1,
RYFm405HgV4_001,1.32912752e-01,6.44694586e-02,6.2843,1,
RZSN8vn4_1o_000,1.36156354e-01,1.32286337e-03,40.2505,1,
RZSN8vn4_1o_001,1.35106359e-01,1.03615877e-02,22.3050,1,
RZSN8vn4_1o_002,1.32374132e-01,2.07535450e-02,16.0942,1,
RZSN8vn4_1o_003,1.44241111e-01,2.73561502e-02,14.4407,1,
RZSN8vn4_1o_004,1.21663955e-01,3.47932412e-02,10.8733,1,
RZSN8vn4_1o_005,1.18187957e-01,3.01496545e-02,11.8658,1,
RZSN8vn4_1o_006,1.11634097e-01,2.96176449e-02,11.5249,1,
RZSN8vn4_1o_007,1.16336869e-01,3.09131745e-02,11.5115,1,
RZSN8vn4_1o_008,8.74586685e-02,1.89591269e-02,13.2797,1,
RZSN8vn4_1o_009,1.14528760e-01,1.79838891e-02,16.0806,1,
RZSN8vn4_1o_010,1.13195526e-01,3.13100231e-02,11.1629,1,
RZSN8vn4_1o_011,1.37994823e-01,3.27697618e-02,12.4878,1,
RZSN8vn4_1o_012,1.48237951e-01,2.74193917e-02,14.6580,1,
RZSN8vn4_1o_013,1.45277788e-01,2.84035072e-02,14.1765,1,
RZSN8vn4_1o_014,7.28394680e-02,7.14456280e-03,20.1678,1,
RZSN8vn4_1o_015,3.36452525e-02,2.28296976e-04,43.3685,1,
Rke75Kw5GU8_000,1.34123755e-01,7.80664952e-04,44.7008,1,
Rke75Kw5GU8_001,1.71478748e-01,1.77422660e-02,19.7040,1,
Rke75Kw5GU8_002,7.84929532e-02,2.42470915e-02,10.2034,1,
Rke75Kw5GU8_003,9.93060404e-02,2.22528671e-02,12.9918,1,
Rke75Kw5GU8_004,9.74301976e-02,1.75354593e-02,14.8955,1,
Rke75Kw5GU8_005,1.01500771e-01,2.02740165e-02,13.9906,1,
Rke75Kw5GU8_006,9.73882167e-02,2.42453640e-02,12.0776,1,
Rke75Kw5GU8_007,1.05751202e-01,2.00491742e-02,14.4438,1,
Rke75Kw5GU8_008,1.33531027e-01,2.42067680e-02,14.8329,1,
Rke75Kw5GU8_009,1.32314042e-01,1.50887198e-02,18.8591,1,
Rke75Kw5GU8_010,1.31051670e-01,1.94331140e-02,16.5780,1,
Rke75Kw5GU8_011,1.25989549e-01,1.80666555e-02,16.8691,1,
Rke75Kw5GU8_012,9.92769829e-02,2.04401254e-02,13.7273,1,
Rke75Kw5GU8_013,9.23629364e-02,2.12232145e-02,12.7737,1,
Rke75Kw5GU8_014,1.39812983e-01,1.82567733e-02,17.6825,1,
Rke75Kw5GU8_015,1.20149659e-01,6.01716639e-03,26.0066,1,
Rke75Kw5GU8_016,1.38152806e-01,1.76182655e-02,17.8879,1,
Rke75Kw5GU8_017,1.63937528e-01,1.83383189e-02,19.0264,1,
Rke75Kw5GU8_018,1.59404935e-01,4.16862509e-03,31.6502,1,
Rke75Kw5GU8_019,1.17175096e-01,1.95368242e-02,15.5596,1,
Rke75Kw5GU8_020,8.80469900e-02,1.88800148e-02,13.3742,1,
Rke75Kw5GU8_021,1.73745605e-01,1.89242712e-02,19.2579,1,
Rke75Kw5GU8_022,1.00004746e-01,1.88157496e-02,14.5100,1,
Rke75Kw5GU8_023,7.26329562e-02,6.68088287e-03,20.7260,1,
Rke75Kw5GU8_024,3.34448919e-02,2.34748527e-04,43.0745,1,
RnH3K-ddpjs_000,1.72142583e-01,3.82254876e-02,13.0707,1,
RnH3K-ddpjs_001,1.70714426e-01,7.00429819e-02,7.7381,1,
RnH3K-ddpjs_002,6.49764981e-02,2.89159310e-03,27.0324,1,
RnH3K-ddpjs_003,9.46790183e-02,5.05608814e-04,45.4488,1,
RnH3K-ddpjs_004,6.05547388e-02,7.19293920e-03,18.5048,1,
RnH3K-ddpjs_005,8.93965460e-02,9.77332070e-04,39.2256,1,
RnH3K-ddpjs_006,9.57609983e-02,3.40076934e-04,48.9922,1,
RnH3K-ddpjs_007,1.11506253e-01,6.42908974e-04,44.7830,1,
RnH3K-ddpjs_008,9.38490028e-02,6.11975071e-04,43.7139,1,
RnH3K-ddpjs_009,1.47952839e-01,1.68401626e-03,38.8755,1,
RnH3K-ddpjs_010,1.76116274e-01,1.19981675e-01,3.3337,1,
RnH3K-ddpjs_011,1.32655995e-01,6.40037378e-02,6.3304,1,
Rwq2tZR69No_000,2.55193944e-01,2.96367686e-03,38.7008,1,
Rwq2tZR69No_001,2.20327125e-01,2.73868772e-02,18.1105,1,
Rwq2tZR69No_002,1.71263395e-01,2.97733833e-02,15.1967,1,
Rwq2tZR69No_003,2.01226666e-01,1.94621007e-02,20.2899,1,
Rwq2tZR69No_004,1.23371744e-01,2.51693412e-02,13.8069,1,
Rwq2tZR69No_005,1.55051334e-01,2.15674609e-02,17.1335,1,
Rwq2tZR69No_006,2.02534013e-01,3.80858545e-02,14.5147,1,
Rwq2tZR69No_007,1.88768532e-01,5.37262629e-02,10.9149,1,
Rwq2tZR69No_008,1.95021523e-01,6.88050916e-02,9.0492,1,
Rwq2tZR69No_009,1.81544136e-01,6.25888918e-02,9.2497,1,
Rwq2tZR69No_010,1.85235192e-01,7.48384691e-02,7.8720,1,
Rwq2tZR69No_011,1.38619619e-01,5.15190421e-02,8.5971,1,
Rwq2tZR69No_012,1.58640963e-01,9.93822217e-02,4.0621,1,
Rwq2tZR69No_013,1.33530052e-01,6.51620776e-02,6.2317,1,
Rx2pH_xbJwE_000,1.05638634e-01,1.30004608e-02,18.1973,1,
Rx2pH_xbJwE_001,1.23536947e-01,2.49133862e-02,13.9073,1,
Rx2pH_xbJwE_002,1.34657549e-01,2.70898310e-02,13.9285,1,
Rx2pH_xbJwE_003,1.42332936e-01,3.17778460e-02,13.0236,1,
Rx2pH_xbJwE_004,1.31659727e-01,3.63584320e-02,11.1770,1,
Rx2pH_xbJwE_005,1.26193426e-01,3.54892185e-02,11.0188,1,
Rx2pH_xbJwE_006,1.09242498e-01,2.91186692e-02,11.4844,1,
Rx2pH_xbJwE_007,1.48924918e-01,2.24047397e-02,16.4525,1,
Rx2pH_xbJwE_008,1.51691978e-01,2.70022576e-02,14.9913,1,
Rx2pH_xbJwE_009,7.78612649e-02,3.00663610e-02,8.2648,1,
Rx2pH_xbJwE_010,3.37074882e-02,1.20880697e-02,8.9074,1,
S41cxlpNcAc_000,2.08600525e-01,3.64908496e-02,15.1426,1,
S41cxlpNcAc_001,1.68778576e-01,5.26999903e-02,10.1101,1,
S41cxlpNcAc_002,1.76332619e-01,1.13800484e-01,3.8038,1,
S41cxlpNcAc_003,1.32921081e-01,6.47339291e-02,6.2492,1,
S7tdhuGEHLk_000,1.44517747e-01,4.12595170e-02,10.8879,1,
S7tdhuGEHLk_001,1.46463059e-01,7.14557540e-02,6.2338,1,
S7tdhuGEHLk_002,1.80346156e-01,5.60744548e-02,10.1468,1,
S7tdhuGEHLk_003,1.94921729e-01,7.28590203e-02,8.5475,1,
S7tdhuGEHLk_004,1.32297851e-01,6.40214687e-02,6.3045,1,
SFBrInCe1SM_000,7.16797252e-02,3.56151462e-04,46.0752,1,
SFBrInCe1SM_001,3.34663301e-02,2.76782200e-04,41.6494,1,
SO3bKXmHRRY_000,1.41581882e-01,4.88912023e-02,9.2355,1,
SO3bKXmHRRY_001,1.83369114e-01,8.49414466e-02,6.6841,1,
SO3bKXmHRRY_002,1.31915002e-01,6.41574233e-02,6.2609,1,
SOtBjHRIAMU_000,8.16989469e-02,3.96950418e-02,6.2696,1,
SOtBjHRIAMU_001,1.47292402e-01,2.38037356e-02,15.8307,1,
SOtBjHRIAMU_002,1.68017400e-01,4.45765113e-02,11.5250,1,
SOtBjHRIAMU_003,1.77117658e-01,1.19122939e-01,3.4453,1,
SOtBjHRIAMU_004,1.33181975e-01,6.43631281e-02,6.3162,1,
SRpa-WO48cQ_000,1.92405626e-01,6.44384576e-02,9.5015,1,
SRpa-WO48cQ_001,1.74624279e-01,4.48347065e-02,11.8098,1,
SRpa-WO48cQ_002,1.82254572e-01,7.76463183e-02,7.4112,1,
SRpa-WO48cQ_003,1.73463298e-01,9.55522100e-02,5.1793,1,
SRpa-WO48cQ_004,1.93068401e-01,8.00190688e-02,7.6504,1,
SRpa-WO48cQ_005,1.94443621e-01,8.49217882e-02,7.1955,1,
SRpa-WO48cQ_006,1.98616322e-01,6.67130095e-02,9.4761,1,
SRpa-WO48cQ_007,1.73836714e-01,6.61495416e-02,8.3923,1,
SRpa-WO48cQ_008,1.56101172e-01,9.17370469e-02,4.6172,1,
SRpa-WO48cQ_009,1.95901851e-01,9.23811019e-02,6.5291,1,
SRpa-WO48cQ_010,1.70938288e-01,8.45026844e-02,6.1194,1,
SRpa-WO48cQ_011,1.82650838e-01,8.16423204e-02,6.9941,1,
SRpa-WO48cQ_012,1.85802968e-01,6.77460712e-02,8.7634,1,
SRpa-WO48cQ_013,6.10531493e-02,1.95935488e-02,9.8719,1,
SRpa-WO48cQ_014,7.36135255e-02,1.65358904e-03,32.9706,1,
SRpa-WO48cQ_015,1.80150380e-01,7.12179535e-02,8.0609,1,
SRpa-WO48cQ_016,1.87207290e-01,4.29421475e-02,12.7888,1,
SRpa-WO48cQ_017,1.88134365e-01,8.20016063e-02,7.2129,1,
SRpa-WO48cQ_018,1.88956253e-01,7.65414333e-02,7.8493,1,
SRpa-WO48cQ_019,6.92690959e-02,4.73367061e-03,23.3068,1,
SRpa-WO48cQ_020,6.62693199e-02,5.08539923e-02,2.2997,1,
SRpa-WO48cQ_021,1.73035982e-01,2.98810968e-02,15.2548,1,
SRpa-WO48cQ_022,2.21512868e-01,1.80846908e-03,41.7618,1,
SRpa-WO48cQ_023,1.97670415e-01,6.81594381e-02,9.2483,1,
SRpa-WO48cQ_024,9.35973961e-02,7.03127475e-02,2.4846,1,
SRpa-WO48cQ_025,2.24987702e-01,4.34505782e-02,14.2833,1,
SRpa-WO48cQ_026,1.77682841e-01,1.16385201e-01,3.6750,1,
SRpa-WO48cQ_027,1.31372401e-01,6.36904712e-02,6.2886,1,
Sb_8xsOD9ps_000,1.74301401e-01,1.00913713e-01,4.7470,1,
Sb_8xsOD9ps_001,1.32304762e-01,6.40343684e-02,6.3032,1,
SheQHIKfZrA_000,5.27246453e-02,3.19173371e-04,44.3597,1,
SheQHIKfZrA_001,4.50179376e-02,7.84588128e-03,15.1749,1,
SheQHIKfZrA_002,7.24450940e-02,5.71384220e-03,22.0616,1,
SkOPCvsnxsg_000,8.18410201e-02,7.03846938e-04,41.3099,1,
SkOPCvsnxsg_001,1.34250134e-01,9.40120585e-04,43.0946,1,
SkOPCvsnxsg_002,9.26068812e-02,1.69806491e-02,14.7338,1,
SkOPCvsnxsg_003,9.18202680e-02,3.16459207e-02,9.2524,1,
SkOPCvsnxsg_004,9.25999637e-02,3.76279691e-02,7.8220,1,
SkOPCvsnxsg_005,1.12751197e-01,4.27957343e-02,8.4144,1,
SkOPCvsnxsg_006,1.14252276e-01,4.19093511e-02,8.7111,1,
SkOPCvsnxsg_007,8.23311697e-02,4.13877191e-02,5.9739,1,
SkOPCvsnxsg_008,7.73238305e-02,2.67631436e-03,29.2155,1,
SkOPCvsnxsg_009,5.15629900e-02,1.14062429e-03,33.1039,1,
SkOPCvsnxsg_010,5.24976507e-02,7.28173641e-04,37.1581,1,
SkOPCvsnxsg_011,6.61587340e-02,5.07348114e-04,42.3056,1,
SkOPCvsnxsg_012,5.91238880e-02,6.04905484e-04,39.8015,1,
SkOPCvsnxsg_013,5.06169394e-02,9.12916238e-04,34.8773,1,
SkOPCvsnxsg_014,5.24864279e-02,5.83215346e-04,39.0844,1,
SkOPCvsnxsg_015,6.33783376e-02,7.43260553e-04,38.6160,1,
SkOPCvsnxsg_016,5.75692379e-02,8.06694123e-04,37.0696,1,
SkOPCvsnxsg_017,6.19173702e-02,1.80870514e-03,30.6889,1,
SkOPCvsnxsg_018,3.76903982e-02,1.33074237e-03,29.0427,1,
SkOPCvsnxsg_019,5.12834075e-02,9.65367973e-04,34.5057,1,
SkOPCvsnxsg_020,6.77920671e-02,5.86217802e-04,41.2624,1,
SkOPCvsnxsg_021,5.72793577e-02,4.86522933e-04,41.4179,1,
SkOPCvsnxsg_022,8.43415923e-02,7.53055518e-04,40.9843,1,
SkOPCvsnxsg_023,7.39405005e-02,6.22105448e-04,41.5004,1,
SkOPCvsnxsg_024,5.99733785e-02,1.08224394e-03,34.8727,1,
SkOPCvsnxsg_025,1.01326728e-01,7.63684969e-04,42.4562,1,
SkOPCvsnxsg_026,9.00980404e-02,1.25662686e-03,37.1102,1,
SkOPCvsnxsg_027,1.00327642e-01,9.47600621e-04,40.4959,1,
SkOPCvsnxsg_028,9.38820539e-02,8.73111402e-04,40.6303,1,
SkOPCvsnxsg_029,8.57765634e-02,7.38006891e-04,41.3062,1,
SkOPCvsnxsg_030,8.02189011e-02,1.04477194e-03,37.7051,1,
SkOPCvsnxsg_031,8.38413148e-02,7.54326120e-04,40.9180,1,
SkOPCvsnxsg_032,1.21214688e-01,6.60828568e-02,5.2693,1,
SkOPCvsnxsg_033,1.20840662e-01,6.46000873e-02,5.4396,1,
SkOPCvsnxsg_034,1.30762278e-01,6.33860822e-02,6.2898,1,
SkOPCvsnxsg_035,2.12545057e-01,5.06234220e-02,12.4620,1,
SkOPCvsnxsg_036,1.25331664e-01,6.36428201e-02,5.8862,1,
SkOPCvsnxsg_037,7.51418372e-02,5.79679422e-03,22.2539,1,
SkOPCvsnxsg_038,3.37628495e-02,2.52069121e-04,42.5384,1,
T0Cup5Bdkf4_000,1.14107966e-01,1.94311618e-02,15.3763,1,
T0Cup5Bdkf4_001,1.11904948e-01,3.05242330e-02,11.2841,1,
T0Cup5Bdkf4_002,1.01491635e-01,4.70010305e-02,6.6865,1,
T0Cup5Bdkf4_003,1.21243710e-01,4.12745155e-02,9.3595,1,
T0Cup5Bdkf4_004,1.15504474e-01,4.92876682e-02,7.3972,1,
T0Cup5Bdkf4_005,1.31910834e-01,5.57848374e-02,7.4753,1,
T0Cup5Bdkf4_006,8.89742826e-02,5.22751207e-02,4.6194,1,
T0Cup5Bdkf4_007,9.82595696e-02,4.61839903e-02,6.5577,1,
T0Cup5Bdkf4_008,1.49104544e-01,4.71297910e-02,10.0039,1,
T0Cup5Bdkf4_009,7.41862770e-02,5.37347389e-02,2.8014,1,
T0Cup5Bdkf4_010,7.49802160e-02,4.07955578e-02,5.2867,1,
T0Cup5Bdkf4_011,3.37732947e-02,1.80231953e-02,5.4548,1,
T9Yi2rohQUQ_000,3.78266431e-02,3.94111289e-04,39.6436,1,
T9Yi2rohQUQ_001,3.83809761e-02,3.45184928e-04,40.9213,1,
T9Yi2rohQUQ_002,4.25189232e-02,7.74681069e-03,14.7892,1,
T9Yi2rohQUQ_003,4.25127763e-02,1.08822217e-02,11.8360,1,
T9Yi2rohQUQ_004,3.80407692e-02,3.79235225e-04,40.0268,1,
T9Yi2rohQUQ_005,3.95125076e-02,5.60829908e-03,16.9581,1,
T9Yi2rohQUQ_006,4.64372655e-02,2.72719568e-04,44.6230,1,
T9Yi2rohQUQ_007,3.85305359e-02,7.26443528e-03,14.4921,1,
T9Yi2rohQUQ_008,5.44093445e-02,3.65699326e-04,43.4510,1,
T9Yi2rohQUQ_009,4.15123802e-02,3.18025445e-04,42.3143,1,
T9Yi2rohQUQ_010,4.51606308e-02,4.27812278e-03,20.4701,1,
T9Yi2rohQUQ_011,7.22335449e-02,8.40720150e-03,18.6817,1,
TA0W22-E_0M_000,1.34561599e-01,5.33236711e-02,8.0400,1,
TA0W22-E_0M_001,9.88457919e-02,1.83484995e-03,34.6272,1,
TA0W22-E_0M_002,1.26823493e-01,2.40165787e-02,14.4538,1,
TA0W22-E_0M_003,1.32121432e-01,2.64071683e-03,33.9850,1,
TA0W22-E_0M_004,1.16641346e-01,9.44847843e-04,41.8298,1,
TA0W22-E_0M_005,1.08593043e-01,5.00546431e-02,6.7272,1,
TA0W22-E_0M_006,1.01740213e-01,4.40941453e-02,7.2622,1,
TA0W22-E_0M_007,9.74032377e-02,6.69472030e-02,3.2568,1,
TA0W22-E_0M_008,1.68855377e-01,8.61526242e-02,5.8449,1,
TA0W22-E_0M_009,1.31747038e-01,6.41866935e-02,6.2459,1,
TGfr8DXepFM_000,7.65457281e-02,1.44976575e-02,14.4525,1,
TGfr8DXepFM_001,2.02460138e-01,1.23162543e-03,44.3172,1,
TGfr8DXepFM_002,1.93144123e-01,1.10915768e-01,4.8178,1,
TGfr8DXepFM_003,1.33423748e-01,6.42506124e-02,6.3471,1,
TRnR3FYiJps_000,2.27065057e-01,1.72979106e-03,42.3631,1,
TRnR3FYiJps_001,2.16995100e-01,5.00701287e-03,32.7374,1,
TRnR3FYiJps_002,1.78843240e-01,3.63644804e-03,33.8359,1,
TRnR3FYiJps_003,1.83279753e-01,2.31471302e-03,37.9723,1,
TRnR3FYiJps_004,1.76244981e-01,1.20692989e-01,3.2887,1,
TRnR3FYiJps_005,1.33457794e-01,6.48644850e-02,6.2667,1,
TWoH_ijjAUk_000,1.05995490e-01,1.29849008e-02,18.2370,1,
TWoH_ijjAUk_001,1.19329305e-01,1.17062539e-02,20.1666,1,
TWoH_ijjAUk_002,1.49688555e-01,1.25498221e-02,21.5310,1,
TWoH_ijjAUk_003,1.34645216e-01,1.38991461e-02,19.7241,1,
TWoH_ijjAUk_004,1.35055561e-01,1.03520134e-02,22.3098,1,
TWoH_ijjAUk_005,1.12500627e-01,1.24413184e-02,19.1258,1,
TWoH_ijjAUk_006,1.20977777e-01,9.65167018e-03,21.9621,1,
TWoH_ijjAUk_007,1.45766601e-01,2.59281170e-03,34.9977,1,
TWoH_ijjAUk_008,1.00755296e-01,1.45848937e-02,16.7873,1,
TWoH_ijjAUk_009,9.50647551e-02,1.45389383e-02,16.3097,1,
TWoH_ijjAUk_010,1.07516675e-01,1.32807670e-02,18.1651,1,
TWoH_ijjAUk_011,1.18796917e-01,1.36077903e-02,18.8204,1,
TWoH_ijjAUk_012,1.21911110e-01,1.38028335e-02,18.9215,1,
TWoH_ijjAUk_013,1.19542952e-01,9.91512699e-03,21.6245,1,
TWoH_ijjAUk_014,9.68291793e-02,1.20833167e-02,18.0764,1,
TWoH_ijjAUk_015,1.26806882e-01,1.44084404e-02,18.8905,1,
TWoH_ijjAUk_016,1.32967900e-01,1.15030154e-02,21.2587,1,
TWoH_ijjAUk_017,1.15285966e-01,1.33068705e-02,18.7540,1,
TWoH_ijjAUk_018,1.11642995e-01,1.35644713e-02,18.3086,1,
TWoH_ijjAUk_019,1.38889359e-01,1.11011548e-02,21.9460,1,
TWoH_ijjAUk_020,1.31865645e-01,8.20876412e-03,24.1171,1,
TWoH_ijjAUk_021,1.23965798e-01,1.39096360e-02,18.9997,1,
TWoH_ijjAUk_022,1.34782147e-01,1.23600068e-02,20.7523,1,
TWoH_ijjAUk_023,1.19631989e-01,1.31369918e-02,19.1870,1,
TWoH_ijjAUk_024,1.38627795e-01,9.61378955e-03,23.1791,1,
TWoH_ijjAUk_025,1.57691860e-01,1.28436613e-02,21.7824,1,
TWoH_ijjAUk_026,1.53790254e-01,1.41918652e-02,20.6978,1,
TWoH_ijjAUk_027,1.16750265e-01,9.94315024e-03,21.3947,1,
TWoH_ijjAUk_028,1.56450600e-01,1.34165279e-02,21.3347,1,
TWoH_ijjAUk_029,1.46722980e-01,1.30584823e-02,21.0121,1,
TWoH_ijjAUk_030,1.02929039e-01,1.35033287e-02,17.6419,1,
TWoH_ijjAUk_031,1.31889841e-01,1.24628051e-02,20.4919,1,
TWoH_ijjAUk_032,9.68773774e-02,1.35966814e-02,17.0558,1,
TWoH_ijjAUk_033,1.03004013e-01,9.86114034e-03,20.3785,1,
TWoH_ijjAUk_034,1.11063879e-01,1.44006835e-02,17.7438,1,
TWoH_ijjAUk_035,9.80993506e-02,1.38490043e-02,17.0050,1,
TWoH_ijjAUk_036,9.11143899e-02,1.43819910e-02,16.0354,1,
TWoH_ijjAUk_037,1.30800037e-01,1.07483939e-02,21.7053,1,
TWoH_ijjAUk_038,1.03238154e-01,1.22335064e-02,18.5258,1,
TWoH_ijjAUk_039,1.23499649e-01,8.43180113e-03,23.3149,1,
TWoH_ijjAUk_040,1.19529107e-01,1.36471466e-02,18.8486,1,
TWoH_ijjAUk_041,6.33221308e-02,1.42357793e-02,12.9635,1,
TWoH_ijjAUk_042,7.27683135e-02,6.68491070e-03,20.7369,1,
TWoH_ijjAUk_043,3.35623260e-02,2.18984845e-04,43.7088,1,
TpKyBapvTbE_000,1.94805786e-01,3.35827592e-02,15.2697,1,
TpKyBapvTbE_001,1.93778950e-01,3.49134262e-02,14.8863,1,
TpKyBapvTbE_002,1.74877531e-01,3.64271175e-02,13.6262,1,
TpKyBapvTbE_003,1.75597018e-01,2.98646121e-02,15.3872,1,
TpKyBapvTbE_004,2.05776038e-01,2.70031313e-02,17.6396,1,
TpKyBapvTbE_005,1.78910719e-01,1.18789892e-01,3.5571,1,
TpKyBapvTbE_006,1.34011407e-01,6.42492230e-02,6.3855,1,
TrLtHAYYW2c_000,3.44979878e-02,1.84278858e-02,5.4464,1,
TrLtHAYYW2c_001,3.36131942e-02,1.64832797e-02,6.1893,1,
TrLtHAYYW2c_002,4.90127215e-02,1.74375707e-02,8.9765,1,
TrLtHAYYW2c_003,6.44436031e-02,1.46796222e-02,12.8493,1,
TrLtHAYYW2c_004,3.33992498e-02,2.54881481e-04,42.3480,1,
U36zHkmhn-c_000,1.87654614e-01,3.17062481e-02,15.4443,1,
U36zHkmhn-c_001,1.82267660e-01,3.26791012e-02,14.9288,1,
U36zHkmhn-c_002,1.50178556e-01,1.36529087e-02,20.8277,1,
U36zHkmhn-c_003,1.19046581e-01,2.84976232e-03,32.4182,1,
U36zHkmhn-c_004,1.45911084e-01,1.24764101e-02,21.3600,1,
U36zHkmhn-c_005,1.79462331e-01,3.30684065e-03,34.6912,1,
U36zHkmhn-c_006,1.65818739e-01,1.25294994e-02,22.4340,1,
U36zHkmhn-c_007,1.33796162e-01,1.76388732e-02,17.5995,1,
U36zHkmhn-c_008,1.19594051e-01,2.39436787e-02,13.9704,1,
U36zHkmhn-c_009,2.10628548e-01,2.10092086e-02,20.0222,1,
U36zHkmhn-c_010,1.50326857e-01,1.27261016e-02,21.4468,1,
U36zHkmhn-c_011,1.25946262e-01,2.57554791e-02,13.7863,1,
U36zHkmhn-c_012,7.55075270e-02,4.66832426e-03,24.1766,1,
U36zHkmhn-c_013,5.53810926e-02,1.16868319e-02,13.5133,1,
U36zHkmhn-c_014,9.60351303e-02,3.52743216e-03,28.6994,1,
U36zHkmhn-c_015,1.45991220e-01,5.37139260e-02,8.6848,1,
U36zHkmhn-c_016,7.39113914e-02,4.01147143e-03,25.3082,1,
U36zHkmhn-c_017,5.12129957e-04,1.56620578e-01,-49.7094,1,
U36zHkmhn-c_018,4.90433537e-02,1.41731569e-02,10.7823,1,
U36zHkmhn-c_019,1.12965202e-01,1.94306281e-03,35.2892,1,
U36zHkmhn-c_020,1.12477959e-01,3.43944434e-03,30.2916,1,
U36zHkmhn-c_021,1.05250850e-01,2.42843455e-03,32.7380,1,
U36zHkmhn-c_022,7.42112951e-02,1.72319806e-02,12.6827,1,
U36zHkmhn-c_023,1.32825747e-01,3.00494558e-03,32.9089,1,
U36zHkmhn-c_024,1.17940018e-01,1.81307387e-02,16.2649,1,
U36zHkmhn-c_025,1.22649546e-01,1.62786865e-02,17.5409,1,
U36zHkmhn-c_026,2.02473886e-01,8.71631683e-02,7.3207,1,
U36zHkmhn-c_027,1.32384213e-01,6.40574221e-02,6.3053,1,
U6kEU5fVy8M_000,5.77286393e-02,3.85321555e-04,43.5114,1,
U6kEU5fVy8M_001,5.09061181e-02,9.34657932e-04,34.7223,1,
U6kEU5fVy8M_002,7.81662268e-02,4.24723582e-04,45.2983,1,
U6kEU5fVy8M_003,3.40241504e-02,1.18305753e-03,29.1756,1,
U6kEU5fVy8M_004,4.27804486e-02,4.13230018e-04,40.3011,1,
U6kEU5fVy8M_005,4.04665399e-02,4.35119485e-03,19.3698,1,
U6kEU5fVy8M_006,3.71151477e-02,4.73830924e-03,17.8786,1,
U6kEU5fVy8M_007,4.56096834e-02,9.51142706e-03,13.6162,1,
U6kEU5fVy8M_008,4.53934579e-02,9.28482805e-03,13.7844,1,
U6kEU5fVy8M_009,4.07528760e-02,1.28839295e-02,10.0022,1,
U6kEU5fVy8M_010,3.71323381e-02,1.39030216e-02,8.5329,1,
U6kEU5fVy8M_011,4.01078219e-02,1.35759104e-02,9.4092,1,
U6kEU5fVy8M_012,7.52442611e-02,5.59724786e-03,22.5700,1,
U6kEU5fVy8M_013,3.35450438e-02,2.49558944e-04,42.5691,1,
UAsnU0Vn_go_000,6.51830120e-02,4.31062857e-04,43.5919,1,
UAsnU0Vn_go_001,5.65435144e-02,9.87480803e-04,35.1571,1,
UAsnU0Vn_go_002,6.48534279e-02,5.26741274e-04,41.8067,1,
UAsnU0Vn_go_003,7.45116442e-02,3.46407899e-03,26.6527,1,
UAsnU0Vn_go_004,7.17062866e-02,4.92404107e-04,43.2647,1,
UAsnU0Vn_go_005,9.07018180e-02,5.66063913e-04,44.0950,1,
UAsnU0Vn_go_006,7.43545621e-02,4.07984275e-03,25.2133,1,
UAsnU0Vn_go_007,6.69200967e-02,8.75375156e-03,17.6672,1,
UAsnU0Vn_go_008,7.74358591e-02,9.71032648e-03,18.0342,1,
UAsnU0Vn_go_009,7.23293905e-02,5.55569953e-04,42.2915,1,
UAsnU0Vn_go_010,7.85725801e-02,5.70753862e-04,42.7764,1,
UAsnU0Vn_go_011,8.59013197e-02,6.68772258e-04,42.1744,1,
UAsnU0Vn_go_012,6.40989791e-02,7.38594301e-04,38.7689,1,
UAsnU0Vn_go_013,6.35727192e-02,6.88986868e-04,39.3012,1,
UAsnU0Vn_go_014,6.76595900e-02,5.98655165e-03,21.0631,1,
UAsnU0Vn_go_015,3.32992646e-02,2.39191092e-04,42.8738,1,
UE2Yh076-V0_000,1.97982898e-01,1.07538420e-02,25.3013,1,
UE2Yh076-V0_001,1.72364742e-01,7.10384936e-02,7.6991,1,
UE2Yh076-V0_002,1.31410224e-01,6.39462551e-02,6.2563,1,
ULm0hQPi1FA_000,6.83280685e-02,5.73497580e-03,21.5214,1,
ULm0hQPi1FA_001,4.31603665e-02,2.24015457e-03,25.6961,1,
ULm0hQPi1FA_002,4.82598500e-02,4.69704985e-03,20.2352,1,
ULm0hQPi1FA_003,4.53010556e-02,4.31861132e-04,40.4153,1,
ULm0hQPi1FA_004,4.33165524e-02,4.10022263e-04,40.4769,1,
ULm0hQPi1FA_005,4.30975455e-02,3.75452742e-04,41.1979,1,
ULm0hQPi1FA_006,3.33476023e-02,2.64647358e-04,42.0079,1,
UYQD1u6EOj4_000,8.21403211e-02,6.29851786e-04,42.3064,1,
UYQD1u6EOj4_001,7.84167123e-02,5.27601806e-04,43.4420,1,
UYQD1u6EOj4_002,7.68512450e-02,2.01578675e-02,11.6241,1,
UYQD1u6EOj4_003,7.46990071e-02,2.41591407e-02,9.8047,1,
UYQD1u6EOj4_004,9.49602946e-02,1.88735062e-02,14.0338,1,
UYQD1u6EOj4_005,8.26338807e-02,2.27626444e-02,11.1987,1,
UYQD1u6EOj4_006,6.86595324e-02,2.32512040e-02,9.4051,1,
UYQD1u6EOj4_007,5.96791506e-02,2.41914760e-02,7.8432,1,
UYQD1u6EOj4_008,7.96383021e-02,2.95365290e-02,8.6153,1,
UYQD1u6EOj4_009,8.08946947e-02,2.88835138e-02,8.9454,1,
UYQD1u6EOj4_010,8.80053075e-02,2.00845813e-02,12.8329,1,
UYQD1u6EOj4_011,9.95030738e-02,2.11999957e-02,13.4300,1,
UYQD1u6EOj4_012,7.23028326e-02,7.62302566e-03,19.5406,1,
UYQD1u6EOj4_013,3.34016330e-02,2.20853217e-04,43.5933,1,
Ue3PasbN4c4_000,7.30858990e-02,5.79551713e-03,22.0148,1,
Ue3PasbN4c4_001,3.99003066e-02,5.05290482e-04,37.9487,1,
Ue3PasbN4c4_002,4.00472330e-02,4.29493955e-03,19.3923,1,
Ue3PasbN4c4_003,3.65026696e-02,7.57496493e-03,13.6589,1,
Ue3PasbN4c4_004,6.03479298e-02,8.85780310e-03,16.6667,1,
Ue3PasbN4c4_005,3.94896122e-02,9.69190130e-03,12.2015,1,
Ue3PasbN4c4_006,4.60282660e-02,9.54548303e-03,13.6645,1,
Ue3PasbN4c4_007,3.30318696e-02,9.75695217e-03,10.5924,1,
Ue3PasbN4c4_008,2.84861168e-02,1.83854836e-04,43.8032,1,
Uw_m6F9DL8Q_000,1.68301315e-01,6.53276980e-02,8.2198,1,
Uw_m6F9DL8Q_001,1.42667819e-01,6.40979288e-02,6.9496,1,
Uw_m6F9DL8Q_002,1.95176672e-01,6.08220419e-02,10.1273,1,
Uw_m6F9DL8Q_003,2.07391166e-01,7.02058810e-02,9.4083,1,
Uw_m6F9DL8Q_004,1.61803815e-01,6.29801522e-02,8.1957,1,
Uw_m6F9DL8Q_005,1.78004785e-01,7.17249131e-02,7.8952,1,
Uw_m6F9DL8Q_006,1.68865489e-01,3.51132548e-02,13.6414,1,
Uw_m6F9DL8Q_007,1.77330942e-01,1.21226165e-01,3.3038,1,
Uw_m6F9DL8Q_008,1.33474197e-01,6.41326121e-02,6.3664,1,
V5rV2K_PbJI_000,1.18861518e-01,8.65900405e-04,42.7515,1,
V5rV2K_PbJI_001,1.08550550e-01,1.03073520e-02,20.4497,1,
V5rV2K_PbJI_002,1.12158555e-01,1.21062077e-03,39.3365,1,
V5rV2K_PbJI_003,6.29285818e-02,7.54854022e-03,18.4197,1,
V5rV2K_PbJI_004,1.23190267e-01,1.47858193e-02,18.4146,1,
V5rV2K_PbJI_005,1.10892811e-01,1.53242930e-02,17.1905,1,
V5rV2K_PbJI_006,1.04920574e-01,1.43506408e-02,17.2798,1,
V5rV2K_PbJI_007,8.16320470e-02,2.39639321e-02,10.6461,1,
V5rV2K_PbJI_008,9.88018754e-02,2.40992923e-02,12.2552,1,
V5rV2K_PbJI_009,9.77518851e-02,2.38554340e-02,12.2508,1,
V5rV2K_PbJI_010,9.34509211e-02,2.09808241e-02,12.9752,1,
V5rV2K_PbJI_011,8.44604151e-02,1.96350238e-02,12.6724,1,
V5rV2K_PbJI_012,1.01055068e-01,2.42074917e-02,12.4122,1,
V5rV2K_PbJI_013,9.69678017e-02,8.45112138e-03,21.1943,1,
V5rV2K_PbJI_014,9.88333668e-02,1.53644663e-02,16.1677,1,
V5rV2K_PbJI_015,7.21854419e-02,8.06535338e-03,19.0365,1,
V5rV2K_PbJI_016,3.34467909e-02,2.29733059e-04,43.2626,1,
V65IV4tY3S0_000,6.82036103e-02,5.47992426e-03,21.9007,1,
V65IV4tY3S0_001,4.31485765e-02,2.30157878e-03,25.4588,1,
V65IV4tY3S0_002,4.82685543e-02,4.42564486e-03,20.7538,1,
V65IV4tY3S0_003,4.52902929e-02,4.21838974e-04,40.6172,1,
V65IV4tY3S0_004,4.32976194e-02,4.22120811e-04,40.2205,1,
V65IV4tY3S0_005,4.31017753e-02,3.67106620e-04,41.3941,1,
V65IV4tY3S0_006,3.33452490e-02,2.42852863e-04,42.7538,1,
VIXesMqwTbk_000,2.05856216e-01,8.56958333e-02,7.6121,1,
VIXesMqwTbk_001,5.22622689e-03,1.44549639e-01,-28.8366,1,
VIXesMqwTbk_002,1.87687072e-01,2.52691744e-02,17.4169,1,
VIXesMqwTbk_003,9.30000941e-02,3.54053291e-04,48.3883,1,
VIXesMqwTbk_004,9.91781655e-02,3.39028791e-04,49.3236,1,
VIXesMqwTbk_005,9.48486095e-02,3.41958571e-04,48.8611,1,
VIXesMqwTbk_006,1.62306269e-01,5.52283217e-04,49.3635,1,
VIXesMqwTbk_007,1.74994383e-01,1.14146023e-01,3.7113,1,
VIXesMqwTbk_008,1.31993265e-01,6.41098781e-02,6.2725,1,
VOlUzFvL6OY_000,6.51479338e-02,1.41509672e-02,13.2623,1,
VOlUzFvL6OY_001,8.17073220e-02,4.37951350e-02,5.4167,1,
VOlUzFvL6OY_002,7.39285266e-02,3.66427081e-02,6.0965,1,
VOlUzFvL6OY_003,7.79693601e-02,3.33269822e-02,7.3826,1,
VOlUzFvL6OY_004,6.70084328e-02,3.63981861e-02,5.3010,1,
VOlUzFvL6OY_005,7.36114069e-02,7.07860462e-03,20.3399,1,
VOlUzFvL6OY_006,3.34820887e-02,2.31073866e-04,43.2212,1,
VSRNkjL-Rs8_000,1.09628002e-01,1.16853820e-03,39.4456,1,
VSRNkjL-Rs8_001,8.17593986e-02,1.05467242e-03,37.7884,1,
VSRNkjL-Rs8_002,9.45937743e-02,6.23962845e-04,43.6141,1,
VSRNkjL-Rs8_003,8.60579537e-02,1.15985815e-03,37.4077,1,
VSRNkjL-Rs8_004,1.18034712e-01,8.43632119e-04,42.9171,1,
VSRNkjL-Rs8_005,1.12097775e-01,8.52699076e-04,42.3760,1,
VSRNkjL-Rs8_006,7.42819365e-02,8.04335006e-03,19.3089,1,
VSRNkjL-Rs8_007,3.33300227e-02,2.25743334e-04,43.3844,1,
VV08vrYsfEc_000,2.18297789e-01,5.27520467e-02,12.3362,1,
VV08vrYsfEc_001,1.82811663e-01,6.34413880e-02,9.1926,1,
VV08vrYsfEc_002,1.63426346e-01,6.43257162e-02,8.0987,1,
VV08vrYsfEc_003,1.75623637e-01,8.50594817e-02,6.2972,1,
VV08vrYsfEc_004,1.32443129e-01,6.42930090e-02,6.2773,1,
V_HbhFRv6l4_000,1.44428122e-01,1.05611383e-03,42.7188,1,
V_HbhFRv6l4_001,1.01346488e-01,1.91149776e-02,14.4887,1,
V_HbhFRv6l4_002,1.27047179e-01,1.92562391e-02,16.3879,1,
V_HbhFRv6l4_003,1.03685638e-01,1.42725331e-02,17.2244,1,
V_HbhFRv6l4_004,8.23727035e-02,2.00364465e-02,12.2793,1,
V_HbhFRv6l4_005,7.45742532e-02,1.88662090e-02,11.9381,1,
V_HbhFRv6l4_006,1.18080608e-01,1.77744811e-02,16.4476,1,
V_HbhFRv6l4_007,9.24560881e-02,2.15102435e-02,12.6658,1,
V_HbhFRv6l4_008,9.47194838e-02,2.09237233e-02,13.1160,1,
V_HbhFRv6l4_009,7.31500476e-02,2.21122485e-02,10.3916,1,
V_HbhFRv6l4_010,7.40022894e-02,1.96491035e-02,11.5180,1,
V_HbhFRv6l4_011,5.73329617e-02,1.75682645e-02,10.2735,1,
V_HbhFRv6l4_012,7.23649015e-02,7.98460862e-03,19.1455,1,
V_HbhFRv6l4_013,3.35261413e-02,2.32601979e-04,43.1754,1,
Vw6jr6ClWSo_000,2.06509229e-01,1.01012364e-01,6.2113,1,
Vw6jr6ClWSo_001,1.78273537e-01,9.21158879e-02,5.7350,1,
Vw6jr6ClWSo_002,1.88326007e-01,1.10320809e-01,4.6451,1,
Vw6jr6ClWSo_003,1.33808305e-01,6.42813379e-02,6.3680,1,
W3L1YQiN-vs_000,5.27258933e-02,3.13465994e-04,44.5167,1,
W3L1YQiN-vs_001,4.23609667e-02,7.69628539e-03,14.8137,1,
W3L1YQiN-vs_002,3.34125738e-02,2.46963797e-04,42.6255,1,
W3t3MS0YG8Q_000,1.63689400e-01,4.03967738e-02,12.1535,1,
W3t3MS0YG8Q_001,1.29198218e-01,6.97820865e-02,5.3503,1,
W3t3MS0YG8Q_002,1.61215894e-01,4.31780246e-02,11.4429,1,
W3t3MS0YG8Q_003,1.49596474e-01,6.77311563e-02,6.8827,1,
W3t3MS0YG8Q_004,1.59655784e-01,6.40977444e-02,7.9268,1,
W3t3MS0YG8Q_005,1.68668469e-01,3.25730970e-02,14.2835,1,
W3t3MS0YG8Q_006,1.45467486e-01,3.79212145e-02,11.6777,1,
W3t3MS0YG8Q_007,1.71788678e-01,6.48212482e-02,8.4655,1,
W3t3MS0YG8Q_008,1.33296309e-01,6.47927114e-02,6.2658,1,
W6q_eMvdJ1Y_000,1.47817248e-01,1.47031091e-03,40.0463,1,
W6q_eMvdJ1Y_001,1.33990615e-01,2.18274890e-03,35.7614,1,
W6q_eMvdJ1Y_002,1.00424318e-01,1.90003524e-03,34.4615,1,
W6q_eMvdJ1Y_003,1.05759542e-01,1.94771705e-03,34.6959,1,
W6q_eMvdJ1Y_004,1.18069781e-01,3.04670333e-03,31.7662,1,
W6q_eMvdJ1Y_005,1.22270459e-01,1.55242025e-03,37.9262,1,
W6q_eMvdJ1Y_006,8.28032474e-02,1.82837151e-03,33.1197,1,
W6q_eMvdJ1Y_007,1.33697569e-01,2.06574137e-03,36.2210,1,
W6q_eMvdJ1Y_008,7.26794858e-02,7.64887087e-03,19.5563,1,
W6q_eMvdJ1Y_009,3.35794138e-02,2.56084963e-04,42.3538,1,
WCpDbhSyK7k_000,6.65968874e-02,2.57096539e-02,8.2672,1,
WCpDbhSyK7k_001,1.82139207e-01,3.91594101e-02,13.3513,1,
WCpDbhSyK7k_002,1.80654695e-01,7.86961583e-02,7.2179,1,
WCpDbhSyK7k_003,1.84110728e-01,7.61936039e-02,7.6632,1,
WCpDbhSyK7k_004,1.80038700e-01,4.71701622e-02,11.6340,1,
WCpDbhSyK7k_005,8.97731453e-02,1.03754750e-01,-1.2572,1,
WCpDbhSyK7k_006,6.99376165e-02,1.04177236e-01,-3.4612,1,
WCpDbhSyK7k_007,6.89734119e-02,8.57149038e-02,-1.8875,1,
WCpDbhSyK7k_008,9.76608776e-02,1.13839398e-01,-1.3314,1,
WCpDbhSyK7k_009,1.08926024e-01,1.20602263e-01,-0.8845,1,
WCpDbhSyK7k_010,6.57692891e-02,1.05468025e-01,-4.1020,1,
WCpDbhSyK7k_011,9.23181524e-02,1.16147006e-01,-1.9944,1,
WCpDbhSyK7k_012,8.41505518e-02,1.10089016e-01,-2.3337,1,
WCpDbhSyK7k_013,8.49147765e-02,6.04116178e-02,2.9573,1,
WCpDbhSyK7k_014,1.74539138e-01,1.14120316e-01,3.6906,1,
WCpDbhSyK7k_015,1.30968860e-01,6.33700118e-02,6.3057,1,
WFtzJD_UhfU_000,2.17844433e-01,5.50514599e-02,11.9476,1,
WFtzJD_UhfU_001,2.41534866e-01,6.16579750e-02,11.8598,1,
WFtzJD_UhfU_002,2.19960849e-01,5.09067914e-02,12.7114,1,
WFtzJD_UhfU_003,1.76606482e-01,1.19258086e-01,3.4104,1,
WFtzJD_UhfU_004,1.32408865e-01,6.41943534e-02,6.2884,1,
WceS1ddqRLI_000,7.26726160e-02,4.38236285e-04,44.3932,1,
WceS1ddqRLI_001,3.63635258e-02,5.66223930e-04,36.1536,1,
WceS1ddqRLI_002,5.91340747e-02,4.09665964e-04,43.1882,1,
WceS1ddqRLI_003,1.52536511e-01,5.25001944e-02,9.2643,1,
WceS1ddqRLI_004,1.76354226e-01,5.03473337e-02,10.8882,1,
WceS1ddqRLI_005,1.84032572e-01,4.81810252e-02,11.6404,1,
WceS1ddqRLI_006,1.78532043e-01,1.15134367e-01,3.8102,1,
WceS1ddqRLI_007,1.32193523e-01,6.37100990e-02,6.3400,1,
Whvy26QDqpk_000,1.66134753e-01,5.44711152e-02,9.6859,1,
Whvy26QDqpk_001,1.80719942e-01,8.10287007e-02,6.9673,1,
Whvy26QDqpk_002,1.81881600e-01,8.60943860e-02,6.4963,1,
Whvy26QDqpk_003,1.33196476e-01,6.42282566e-02,6.3353,1,
Ws-kE2loi9E_000,1.85636987e-01,3.32002276e-02,14.9505,1,
Ws-kE2loi9E_001,1.85300027e-01,5.41533524e-02,10.6850,1,
Ws-kE2loi9E_002,1.92030337e-01,1.18303666e-01,4.2074,1,
Ws-kE2loi9E_003,1.32044132e-01,6.41878498e-02,6.2653,1,
WzFTOmosXpg_000,1.79330860e-01,4.87578961e-02,11.3122,1,
WzFTOmosXpg_001,1.48056483e-01,1.43194735e-01,0.2900,1,
WzFTOmosXpg_002,1.81318031e-01,5.92911863e-02,9.7090,1,
WzFTOmosXpg_003,1.97957135e-01,6.36418823e-02,9.8566,1,
WzFTOmosXpg_004,1.32872729e-01,6.36938822e-02,6.3868,1,
X0KbsvCMKPY_000,1.97970287e-01,3.40030035e-02,15.3017,1,
X0KbsvCMKPY_001,1.64587503e-01,2.83936463e-02,15.2635,1,
X0KbsvCMKPY_002,1.97911271e-01,2.58906043e-02,17.6666,1,
X0KbsvCMKPY_003,1.78308704e-01,1.18643229e-01,3.5386,1,
X0KbsvCMKPY_004,1.33408483e-01,6.45744847e-02,6.3024,1,
X0OHN5iUdWk_000,1.70869609e-01,3.32828901e-02,14.2089,1,
X0OHN5iUdWk_001,1.98176671e-01,1.40882762e-02,22.9639,1,
X0OHN5iUdWk_002,1.89843170e-01,1.48972425e-03,42.1058,1,
X0OHN5iUdWk_003,1.48016215e-01,1.87226953e-03,37.9588,1,
X0OHN5iUdWk_004,1.67020882e-01,8.46584875e-02,5.9020,1,
X0OHN5iUdWk_005,1.31783808e-01,6.42583012e-02,6.2387,1,
X0gS6HRSeVw_000,1.06169508e-01,3.10495596e-02,10.6789,1,
X0gS6HRSeVw_001,1.43701477e-01,5.41002072e-02,8.4852,1,
X0gS6HRSeVw_002,1.18176540e-01,3.66018417e-02,10.1806,1,
X0gS6HRSeVw_003,1.27647025e-01,5.63199998e-02,7.1070,1,
X0gS6HRSeVw_004,9.32705533e-02,4.47277703e-02,6.3833,1,
X1jILspAmNs_000,1.48233601e-01,2.20726027e-02,16.5419,1,
X1jILspAmNs_001,1.89955236e-01,2.02629683e-03,39.4390,1,
X1jILspAmNs_002,2.16819233e-01,2.09618822e-02,20.2934,1,
X1jILspAmNs_003,1.33419613e-01,2.93084442e-02,13.1645,1,
X1jILspAmNs_004,7.67774168e-02,3.69705760e-02,6.3475,1,
X1jILspAmNs_005,5.25059604e-02,2.69211091e-02,5.8023,1,
X1jILspAmNs_006,8.96563465e-02,1.16352636e-02,17.7361,1,
X1jILspAmNs_007,1.70226732e-01,4.33099949e-02,11.8888,1,
X1jILspAmNs_008,2.20243139e-01,5.95667500e-02,11.3580,1,
X1jILspAmNs_009,1.77433734e-01,1.17198005e-01,3.6023,1,
X1jILspAmNs_010,1.32077702e-01,6.40302631e-02,6.2889,1,
X7Q_g9P-Pa4_000,2.55166368e-01,7.94916086e-02,10.1300,1,
X7Q_g9P-Pa4_001,1.38118382e-01,7.03991750e-02,5.8537,1,
X7Q_g9P-Pa4_002,1.85360673e-01,7.33149874e-02,8.0565,1,
X7Q_g9P-Pa4_003,1.97230479e-01,4.53474214e-02,12.7684,1,
X7Q_g9P-Pa4_004,2.31275967e-01,4.98180420e-02,13.3349,1,
X7Q_g9P-Pa4_005,2.27214695e-01,4.88950890e-02,13.3434,1,
X7Q_g9P-Pa4_006,2.44942701e-01,4.60762053e-02,14.5118,1,
X7Q_g9P-Pa4_007,1.81162892e-01,5.37772461e-02,10.5494,1,
X7Q_g9P-Pa4_008,1.82555312e-01,5.02570587e-02,11.2039,1,
X7Q_g9P-Pa4_009,1.95733407e-01,4.93062003e-02,11.9753,1,
X7Q_g9P-Pa4_010,1.97445036e-01,3.11791293e-02,16.0316,1,
X7Q_g9P-Pa4_011,1.93886435e-01,9.03582695e-02,6.6316,1,
X7Q_g9P-Pa4_012,1.35534448e-01,6.41108855e-02,6.5024,1,
XBgO4iQ6JwY_000,1.25255193e-01,5.28561419e-03,27.4940,1,
XBgO4iQ6JwY_001,1.17230636e-01,8.03707211e-03,23.2789,1,
XBgO4iQ6JwY_002,1.39079493e-01,9.29717798e-03,23.4982,1,
XBgO4iQ6JwY_003,1.56562952e-01,9.87297025e-03,24.0048,1,
XBgO4iQ6JwY_004,1.63137760e-01,8.92436147e-03,25.2395,1,
XBgO4iQ6JwY_005,1.76956659e-01,1.10873553e-02,24.0608,1,
XBgO4iQ6JwY_006,1.40610261e-01,5.02783797e-03,28.9327,1,
XBgO4iQ6JwY_007,1.32682679e-01,2.97729490e-03,32.9798,1,
XBgO4iQ6JwY_008,7.47071273e-02,5.57959678e-03,22.5352,1,
XBgO4iQ6JwY_009,3.35380811e-02,2.41787464e-04,42.8421,1,
XHHm38uL7Rs_000,1.77929328e-01,2.44082854e-02,17.2542,1,
XHHm38uL7Rs_001,1.73166791e-01,5.51524585e-02,9.9380,1,
XHHm38uL7Rs_002,1.75267967e-01,7.35812297e-02,7.5387,1,
XHHm38uL7Rs_003,1.79882149e-01,6.71409710e-02,8.5600,1,
XNW1Cjr6bLg_000,1.68225850e-01,2.60258810e-02,16.2097,1,
XNW1Cjr6bLg_001,2.23686240e-01,4.63455989e-02,13.6726,1,
XNW1Cjr6bLg_002,3.52694462e-01,1.45373065e-03,47.6983,1,
XNW1Cjr6bLg_003,1.72108544e-01,1.23893201e-03,42.8551,1,
XNW1Cjr6bLg_004,1.03257891e-01,5.68925618e-04,45.1774,1,
XNW1Cjr6bLg_005,1.73967582e-01,9.84074160e-04,44.9488,1,
XNW1Cjr6bLg_006,1.68469288e-01,5.83787813e-04,49.2053,1,
XNW1Cjr6bLg_007,1.77647402e-01,7.97248753e-04,46.9593,1,
XNW1Cjr6bLg_008,1.53480521e-01,4.39488710e-02,10.8621,1,
XNW1Cjr6bLg_009,1.84544296e-01,1.09415765e-01,4.5404,1,
XNW1Cjr6bLg_010,1.35689587e-01,6.41422500e-02,6.5080,1,
XQx_179B1l8_000,1.90843430e-01,5.46861466e-02,10.8560,1,
XQx_179B1l8_001,1.99412206e-01,9.58689428e-02,6.3615,1,
XQx_179B1l8_002,1.92100262e-01,8.29761259e-02,7.2915,1,
XQx_179B1l8_003,1.80586880e-01,8.26721433e-02,6.7865,1,
XQx_179B1l8_004,2.05384665e-01,8.64723335e-02,7.5138,1,
XQx_179B1l8_005,2.16995557e-01,5.36176563e-02,12.1429,1,
XQx_179B1l8_006,1.66500084e-01,1.48706805e-01,0.9817,1,
XQx_179B1l8_007,1.99148832e-01,7.64733013e-02,8.3134,1,
XQx_179B1l8_008,1.32434075e-01,6.41645997e-02,6.2941,1,
XfuquiAUeSY_000,1.24580929e-01,1.60086038e-02,17.8220,1,
XfuquiAUeSY_001,1.54173157e-01,3.45063029e-02,13.0022,1,
XfuquiAUeSY_002,1.44352127e-01,3.64907604e-02,11.9448,1,
XfuquiAUeSY_003,1.19408850e-01,4.57878942e-02,8.3257,1,
XfuquiAUeSY_004,3.34211418e-02,2.34465002e-04,43.0789,1,
XhjXPvA0FhU_000,7.06940271e-02,3.64309095e-04,45.7583,1,
XhjXPvA0FhU_001,7.23492246e-02,8.36455908e-03,18.7398,1,
XhjXPvA0FhU_002,3.36216494e-02,2.41195539e-04,42.8850,1,
XhtThcouRjo_000,1.68431183e-01,7.58883745e-02,6.9249,1,
XhtThcouRjo_001,1.88285979e-01,8.16765788e-02,7.2544,1,
XhtThcouRjo_002,2.16095555e-01,5.53756595e-02,11.8265,1,
XhtThcouRjo_003,1.90268492e-01,1.10132273e-01,4.7490,1,
XhtThcouRjo_004,1.32924265e-01,6.43718781e-02,6.2982,1,
XoSr_UFugbc_000,8.45400099e-02,1.83968714e-02,13.2464,1,
XoSr_UFugbc_001,8.93483561e-02,1.80454020e-02,13.8944,1,
XoSr_UFugbc_002,1.02235237e-01,2.53046576e-02,12.1280,1,
XoSr_UFugbc_003,9.91949249e-02,4.45787438e-02,6.9472,1,
XoSr_UFugbc_004,7.98331534e-02,3.62796377e-02,6.8504,1,
XoSr_UFugbc_005,7.90539330e-02,3.62796095e-02,6.7652,1,
XoSr_UFugbc_006,8.16190423e-02,5.49450619e-02,3.4373,1,
XoSr_UFugbc_007,5.53471199e-02,5.60709617e-02,-0.1129,1,
XoSr_UFugbc_008,7.38248024e-02,5.28130093e-02,2.9092,1,
XoSr_UFugbc_009,4.13003680e-02,4.96235393e-02,-1.5947,1,
XoSr_UFugbc_010,1.08547077e-01,4.48563914e-02,7.6759,1,
XoSr_UFugbc_011,8.36721540e-02,4.94175604e-02,4.5740,1,
XoSr_UFugbc_012,8.55363088e-02,5.66980537e-02,3.5716,1,
XoSr_UFugbc_013,7.56622096e-02,5.54486572e-02,2.6998,1,
XoSr_UFugbc_014,9.79542685e-02,5.23139577e-02,5.4481,1,
XoSr_UFugbc_015,1.03444993e-01,5.74815173e-02,5.1036,1,
XoSr_UFugbc_016,1.13577653e-01,5.88571275e-02,5.7099,1,
XoSr_UFugbc_017,1.21243280e-01,5.41716921e-02,6.9977,1,
XoSr_UFugbc_018,7.80334955e-02,4.62734401e-02,4.5390,1,
XoSr_UFugbc_019,7.44453348e-02,5.68867858e-02,2.3365,1,
XoSr_UFugbc_020,1.14453711e-01,5.03286752e-02,7.1363,1,
XoSr_UFugbc_021,7.91601408e-02,3.65607310e-02,6.7098,1,
XoSr_UFugbc_022,7.18651811e-02,1.50159582e-02,13.5993,1,
XoSr_UFugbc_023,3.35078851e-02,2.45366101e-04,42.7066,1,
XrKoDnOcgmk_000,1.68562386e-01,3.78231088e-02,12.9801,1,
XrKoDnOcgmk_001,1.80384123e-01,3.46840608e-02,14.3214,1,
XrKoDnOcgmk_002,1.80878777e-01,4.80684590e-02,11.5105,1,
XrKoDnOcgmk_003,1.77671866e-01,1.13731847e-01,3.8747,1,
XrKoDnOcgmk_004,1.32763226e-01,6.47024926e-02,6.2431,1,
Y0Ldjrv-EK0_000,5.27216964e-02,3.10366021e-04,44.6023,1,
Y0Ldjrv-EK0_001,4.62075024e-02,7.14044169e-03,16.2197,1,
Y0Ldjrv-EK0_002,7.20448355e-02,8.78448283e-03,18.2777,1,
YBk5juEYqLk_000,1.53127939e-01,8.36422200e-02,5.2526,1,
YBk5juEYqLk_001,2.05125601e-01,6.53965070e-02,9.9293,1,
YBk5juEYqLk_002,2.13829483e-01,7.21162112e-02,9.4407,1,
YBk5juEYqLk_003,1.77420637e-01,1.17473699e-01,3.5813,1,
YBk5juEYqLk_004,1.32994725e-01,6.43157006e-02,6.3103,1,
YE84Iy5vwHc_000,2.10990563e-01,5.55156845e-02,11.5969,1,
YE84Iy5vwHc_001,2.00977703e-01,6.52738156e-02,9.7682,1,
YE84Iy5vwHc_002,1.91912528e-01,9.73441306e-02,5.8959,1,
YE84Iy5vwHc_003,1.33112185e-01,6.36842127e-02,6.4037,1,
YNw8-7yDYqQ_000,1.07115201e-01,2.74250234e-03,31.8341,1,
YNw8-7yDYqQ_001,1.97331312e-02,3.97407164e-02,-6.0808,1,
YNw8-7yDYqQ_002,1.96223520e-01,1.94544611e-03,40.0746,1,
YNw8-7yDYqQ_003,9.14286455e-02,8.39232812e-04,40.7440,1,
YNw8-7yDYqQ_004,5.78951031e-02,1.81028520e-04,50.0979,1,
YNw8-7yDYqQ_005,5.41058359e-02,1.59098363e-04,50.6316,1,
YNw8-7yDYqQ_006,6.48987665e-02,2.31905585e-04,48.9385,1,
YNw8-7yDYqQ_007,9.26649569e-02,3.45926926e-04,48.5586,1,
YNw8-7yDYqQ_008,6.48598411e-02,2.25059966e-04,49.1936,1,
YNw8-7yDYqQ_009,8.24238522e-02,2.94399081e-04,48.9423,1,
YNw8-7yDYqQ_010,8.58795837e-02,2.71413792e-04,50.0052,1,
YNw8-7yDYqQ_011,9.77255774e-02,4.78691076e-04,46.1991,1,
YNw8-7yDYqQ_012,8.02996178e-02,5.30194678e-04,43.6056,1,
YNw8-7yDYqQ_013,1.64229904e-01,2.83487338e-02,15.2584,1,
YNw8-7yDYqQ_014,2.03591467e-01,2.58986098e-03,37.9097,1,
YNw8-7yDYqQ_015,1.49855196e-01,9.08042528e-04,44.3513,1,
YNw8-7yDYqQ_016,1.28720036e-01,5.74642826e-04,47.0050,1,
YNw8-7yDYqQ_017,1.95394158e-01,7.37324273e-02,8.4651,1,
YNw8-7yDYqQ_018,1.19919853e-01,5.32459148e-03,27.0521,1,
YNw8-7yDYqQ_019,1.48316276e-01,7.27477778e-04,46.1874,1,
YNw8-7yDYqQ_020,2.04607912e-01,6.02821252e-03,30.6147,1,
YNw8-7yDYqQ_021,1.35486808e-01,1.40594486e-03,39.6786,1,
YNw8-7yDYqQ_022,1.33754819e-01,3.62560865e-03,31.3386,1,
YNw8-7yDYqQ_023,1.71341884e-01,5.42764800e-02,9.9850,1,
YNw8-7yDYqQ_024,1.76312311e-01,1.19801801e-01,3.3564,1,
YNw8-7yDYqQ_025,1.32570866e-01,6.39817076e-02,6.3278,1,
YV9XuD-BsfY_000,1.49763522e-01,1.35662202e-03,40.8589,1,
YV9XuD-BsfY_001,1.05027298e-01,1.92305686e-02,14.7462,1,
YV9XuD-BsfY_002,1.12329390e-01,3.47119850e-02,10.2003,1,
YV9XuD-BsfY_003,1.17668208e-01,4.12861107e-02,9.0971,1,
YV9XuD-BsfY_004,8.98314483e-02,4.39253835e-02,6.2143,1,
YV9XuD-BsfY_005,1.10811774e-01,4.37354191e-02,8.0751,1,
YV9XuD-BsfY_006,7.48108437e-02,4.17605978e-02,5.0640,1,
YV9XuD-BsfY_007,1.29119839e-01,3.29983783e-02,11.8500,1,
YV9XuD-BsfY_008,1.02653246e-01,3.36562471e-02,9.6861,1,
YV9XuD-BsfY_009,1.00737900e-01,4.12637352e-02,7.7525,1,
YV9XuD-BsfY_010,9.55684291e-02,3.78124584e-02,8.0536,1,
YV9XuD-BsfY_011,7.28926326e-02,7.47204603e-03,19.7849,1,
YV9XuD-BsfY_012,3.36207104e-02,2.47019393e-04,42.6775,1,
YZwJFoSGjX8_000,2.06510402e-01,2.86799757e-02,17.1473,1,
YZwJFoSGjX8_001,1.72375208e-01,3.18013259e-02,14.6806,1,
YZwJFoSGjX8_002,1.77451377e-01,3.15940342e-02,14.9895,1,
YZwJFoSGjX8_003,1.83739614e-01,1.10654946e-01,4.4046,1,
YZwJFoSGjX8_004,1.33886237e-01,6.44806492e-02,6.3461,1,
YcdvhG8bY2M_000,1.75937257e-01,2.71620535e-02,16.2279,1,
YcdvhG8bY2M_001,1.67071737e-01,4.79198704e-02,10.8477,1,
YcdvhG8bY2M_002,2.42300360e-01,3.80988116e-02,16.0689,1,
YcdvhG8bY2M_003,1.35223805e-01,1.01346102e-02,22.5049,1,
YjCvF8VfjV4_000,8.33973718e-02,6.70334680e-04,41.8972,1,
YjCvF8VfjV4_001,7.13691107e-02,1.88290699e-03,31.5736,1,
YjCvF8VfjV4_002,7.96337412e-02,8.10978163e-04,39.8418,1,
YjCvF8VfjV4_003,7.64171249e-02,2.27026376e-02,10.5423,1,
YjCvF8VfjV4_004,6.15029704e-02,2.78018622e-02,6.8964,1,
YjCvF8VfjV4_005,6.95650231e-02,2.92982469e-02,7.5110,1,
YjCvF8VfjV4_006,7.15971283e-02,2.79197985e-02,8.1797,1,
YjCvF8VfjV4_007,7.13905097e-02,2.28471593e-02,9.8962,1,
YjCvF8VfjV4_008,7.59293754e-02,2.93917085e-02,8.2437,1,
YjCvF8VfjV4_009,9.42699237e-02,2.89994690e-02,10.2397,1,
YjCvF8VfjV4_010,6.40128662e-02,2.95677143e-02,6.7090,1,
YjCvF8VfjV4_011,7.64377326e-02,2.27129627e-02,10.5407,1,
YjCvF8VfjV4_012,8.12830564e-02,2.82426466e-02,9.1819,1,
YjCvF8VfjV4_013,9.23746737e-02,3.24543641e-02,9.0856,1,
YjCvF8VfjV4_014,7.96840194e-02,2.91547691e-02,8.7332,1,
YjCvF8VfjV4_015,7.24319566e-02,7.47871029e-03,19.7221,1,
YjCvF8VfjV4_016,3.35186693e-02,2.31192032e-04,43.2263,1,
ZLG2nJtty3c_000,1.13080730e-01,1.12233747e-03,40.0653,1,
ZLG2nJtty3c_001,2.00092574e-01,1.58437098e-03,42.0275,1,
ZLG2nJtty3c_002,1.80144554e-01,5.75136329e-02,9.9170,1,
ZLG2nJtty3c_003,1.67295991e-01,8.93548390e-02,5.4473,1,
ZLG2nJtty3c_004,1.73116261e-01,8.18119341e-02,6.5104,1,
ZLG2nJtty3c_005,1.94839218e-01,6.53716578e-02,9.4857,1,
ZLG2nJtty3c_006,1.75964188e-01,6.93451607e-02,8.0882,1,
ZLG2nJtty3c_007,2.04758536e-01,7.72268818e-02,8.4695,1,
ZLG2nJtty3c_008,1.31355773e-01,6.41486365e-02,6.2252,1,
ZMunEzpO-TY_000,5.06164157e-02,3.15515454e-02,4.1054,1,
ZMunEzpO-TY_001,4.53423249e-02,4.42852624e-02,0.2049,1,
ZMunEzpO-TY_002,5.03536732e-02,4.67546375e-02,0.6441,1,
ZMunEzpO-TY_003,5.69097714e-02,4.34327427e-02,2.3474,1,
ZMunEzpO-TY_004,5.12690021e-02,4.63658863e-02,0.8731,1,
ZMunEzpO-TY_005,2.11453735e-01,4.52974580e-02,13.3828,1,
ZMunEzpO-TY_006,1.99745237e-01,4.54966846e-02,12.8499,1,
ZMunEzpO-TY_007,1.99049634e-01,6.51640710e-02,9.6991,1,
ZMunEzpO-TY_008,1.77523168e-01,1.19534300e-01,3.4352,1,
ZMunEzpO-TY_009,1.32652005e-01,6.42653435e-02,6.2947,1,
ZXl6sv6TAU4_000,9.33697364e-02,4.71027772e-04,45.9432,1,
ZXl6sv6TAU4_001,7.31200596e-02,4.96910811e-04,43.3552,1,
ZXl6sv6TAU4_002,6.77948327e-02,6.03829263e-04,41.0056,1,
ZXl6sv6TAU4_003,7.19165909e-02,5.48037981e-04,42.3604,1,
ZXl6sv6TAU4_004,1.90045051e-01,1.87705695e-02,20.1076,1,
ZXl6sv6TAU4_005,1.00816443e-01,1.80363155e-02,14.9477,1,
ZXl6sv6TAU4_006,1.20638814e-01,1.84992681e-02,16.2867,1,
ZXl6sv6TAU4_007,1.96805364e-01,2.15742801e-02,19.2020,1,
ZXl6sv6TAU4_008,7.13108099e-02,1.97915301e-02,11.1335,1,
ZXl6sv6TAU4_009,7.80777331e-02,1.54891273e-02,14.0500,1,
ZXl6sv6TAU4_010,1.09678841e-01,1.77380264e-02,15.8244,1,
ZXl6sv6TAU4_011,1.20898700e-01,1.72340098e-02,16.9207,1,
ZXl6sv6TAU4_012,7.32273027e-02,6.62389031e-03,20.8712,1,
ZXl6sv6TAU4_013,3.34141875e-02,2.45922617e-04,42.6626,1,
Zcd4ihNEu0U_000,5.27002472e-02,3.09813009e-04,44.6143,1,
Zcd4ihNEu0U_001,4.23793319e-02,7.70695723e-03,14.8054,1,
Zcd4ihNEu0U_002,3.34209307e-02,2.24844264e-04,43.4427,1,
ZmSQd7naNi0_000,1.76838708e-01,4.82552322e-02,11.2807,1,
ZmSQd7naNi0_001,1.87017732e-01,7.16812733e-02,8.3295,1,
ZmSQd7naNi0_002,1.32394274e-01,6.39312405e-02,6.3231,1,
Zv4HCXYAayY_000,1.66862087e-01,4.67603184e-02,11.0496,1,
Zv4HCXYAayY_001,1.90876442e-01,1.10251706e-01,4.7673,1,
Zv4HCXYAayY_002,1.33442553e-01,6.36916755e-02,6.4242,1,
ZxkifjASQvo_000,1.97313696e-01,4.89707762e-02,12.1044,1,
ZxkifjASQvo_001,1.98868411e-01,8.27109086e-02,7.6201,1,
ZxkifjASQvo_002,2.16445124e-01,2.84998402e-02,17.6101,1,
ZxkifjASQvo_003,1.32489715e-01,4.16082051e-02,10.0601,1,
ZyoJBRKfpT4_000,8.88985128e-02,4.20121208e-02,6.5104,1,
ZyoJBRKfpT4_001,8.31472408e-02,4.85052764e-02,4.6812,1,
ZyoJBRKfpT4_002,8.05678919e-02,6.32589711e-02,2.1008,1,
ZyoJBRKfpT4_003,8.92329934e-02,6.35475417e-02,2.9485,1,
ZyoJBRKfpT4_004,1.80545368e-01,1.17425608e-01,3.7365,1,
ZyoJBRKfpT4_005,1.34407918e-01,6.47929528e-02,6.3379,1,
_1tbZHzRh6w_000,1.82069924e-01,5.35830944e-02,10.6242,1,
_1tbZHzRh6w_001,1.80867032e-01,2.03277494e-02,18.9854,1,
_1tbZHzRh6w_002,1.81523171e-01,6.39833581e-02,9.0573,1,
_1tbZHzRh6w_003,1.82968019e-01,6.54745447e-02,8.9261,1,
_1tbZHzRh6w_004,1.73097599e-01,1.19116231e-01,3.2464,1,
_1tbZHzRh6w_005,1.33107179e-01,6.44919724e-02,6.2939,1,
_CW_GxIMvZ8_000,5.77436260e-02,3.37775624e-04,44.6575,1,
_CW_GxIMvZ8_001,7.23185600e-02,6.08340134e-03,21.5021,1,
_CW_GxIMvZ8_002,3.32520605e-02,2.33277515e-04,43.0789,1,
_MKywUp3-0E_000,2.58845067e-01,3.50290130e-03,37.3722,1,
_MKywUp3-0E_001,2.05899364e-01,1.74372594e-03,41.4435,1,
_MKywUp3-0E_002,1.78221430e-01,1.16706773e-01,3.6773,1,
_MKywUp3-0E_003,1.33020147e-01,6.40073528e-02,6.3538,1,
_ZKOMeSl9F0_000,1.78020519e-01,4.24588026e-02,12.4500,1,
_ZKOMeSl9F0_001,1.60570537e-01,6.82006746e-02,7.4375,1,
_ZKOMeSl9F0_002,2.40542611e-01,5.27894965e-02,13.1729,1,
_ZKOMeSl9F0_003,1.32678787e-01,6.44497339e-02,6.2716,1,
_dwdlOSiQKY_000,1.94402928e-01,2.91859578e-02,16.4706,1,
_dwdlOSiQKY_001,1.94211452e-01,1.10764334e-01,4.8775,1,
_dwdlOSiQKY_002,1.33026327e-01,6.40770512e-02,6.3447,1,
_eL6hS9KBGs_000,1.72962258e-01,7.82572433e-02,6.8885,1,
_eL6hS9KBGs_001,1.72259384e-01,8.35424352e-02,6.2855,1,
_eL6hS9KBGs_002,1.91770483e-01,6.85914762e-02,8.9302,1,
_eL6hS9KBGs_003,1.82803397e-01,8.02375863e-02,7.1521,1,
_eL6hS9KBGs_004,1.72462760e-01,8.65705982e-02,5.9865,1,
_eL6hS9KBGs_005,1.90442743e-01,6.25765783e-02,9.6671,1,
_eL6hS9KBGs_006,2.01551368e-01,7.65588461e-02,8.4078,1,
_eL6hS9KBGs_007,1.86701287e-01,1.09297161e-01,4.6508,1,
_eL6hS9KBGs_008,1.32355772e-01,6.43216091e-02,6.2677,1,
_nXeSpzB4BE_000,2.12006502e-01,1.35315001e-02,23.9001,1,
_nXeSpzB4BE_001,2.09937674e-01,5.17209645e-02,12.1685,1,
_nXeSpzB4BE_002,1.86556581e-01,1.09147693e-01,4.6559,1,
_nXeSpzB4BE_003,1.32673105e-01,6.41561006e-02,6.3109,1,
a5L4ABWx3cA_000,7.73600361e-02,5.77306962e-04,42.5422,1,
a5L4ABWx3cA_001,8.18386988e-02,1.38966272e-03,35.4010,1,
a5L4ABWx3cA_002,8.56828503e-02,2.52940098e-03,30.5975,1,
a5L4ABWx3cA_003,9.36268929e-02,6.24497453e-04,43.5174,1,
a9BeX-xILGo_000,2.08769010e-01,5.02838258e-02,12.3648,1,
a9BeX-xILGo_001,1.78537645e-01,1.19204142e-01,3.5088,1,
a9BeX-xILGo_002,1.34147946e-01,6.44898209e-02,6.3619,1,
aKAdn_mUAKA_000,7.33149196e-02,5.65796993e-03,22.2506,1,
aKAdn_mUAKA_001,4.92980251e-02,6.64513538e-04,37.4065,1,
aKAdn_mUAKA_002,5.14445311e-02,5.43550792e-04,39.5220,1,
aKAdn_mUAKA_003,5.13381543e-02,5.82318411e-04,38.9056,1,
aKAdn_mUAKA_004,6.95471879e-02,1.47074456e-03,33.4948,1,
aKAdn_mUAKA_005,9.79369523e-02,1.55119915e-03,36.0056,1,
aKAdn_mUAKA_006,1.03679636e-01,5.88863820e-04,44.9136,1,
aKAdn_mUAKA_007,6.43214038e-02,2.38067752e-04,48.6331,1,
aKAdn_mUAKA_008,5.65432537e-02,4.01751530e-04,42.9685,1,
aKAdn_mUAKA_009,5.73431298e-02,3.44755237e-03,24.4194,1,
aKAdn_mUAKA_010,6.93627376e-02,4.73631594e-04,43.3137,1,
aKAdn_mUAKA_011,7.34780922e-02,3.44382604e-04,46.5823,1,
aKAdn_mUAKA_012,4.57110387e-02,3.31362572e-04,42.7944,1,
aKAdn_mUAKA_013,5.81044426e-02,3.33526104e-04,44.8216,1,
aKAdn_mUAKA_014,7.94541449e-02,4.36386234e-04,45.2049,1,
aKAdn_mUAKA_015,4.78082553e-02,3.51823559e-04,42.6636,1,
aKAdn_mUAKA_016,5.03165649e-02,1.93800821e-02,8.2871,1,
aKAdn_mUAKA_017,6.29787841e-02,6.40290801e-03,19.8563,1,
aKAdn_mUAKA_018,2.11378424e-02,1.00501552e-04,46.4578,1,
aKAdn_mUAKA_019,5.89194210e-02,8.89501905e-04,36.4222,1,
aKAdn_mUAKA_020,5.32210422e-02,3.64699933e-03,23.2830,1,
aKAdn_mUAKA_021,5.91697517e-02,1.22953187e-03,33.6472,1,
aKAdn_mUAKA_022,5.04378371e-02,3.61877991e-04,42.8839,1,
aKAdn_mUAKA_023,7.62232381e-02,1.72458429e-02,12.9081,1,
aKAdn_mUAKA_024,3.15120804e-02,4.48158673e-04,36.9409,1,
aKAdn_mUAKA_025,2.77331300e-04,5.45025880e-02,-45.8684,1,
aKAdn_mUAKA_026,4.71884918e-02,4.50686671e-04,40.3992,1,
aKAdn_mUAKA_027,2.77786830e-02,6.45547542e-03,12.6757,1,
aKAdn_mUAKA_028,5.38803138e-02,1.29544917e-01,-7.6198,1,
aKAdn_mUAKA_029,4.09643986e-02,4.39169362e-04,39.3955,1,
aKAdn_mUAKA_030,3.22097468e-02,1.10143630e-03,29.3206,1,
aKAdn_mUAKA_031,3.27548966e-02,1.31733107e-03,27.9116,1,
aKAdn_mUAKA_032,3.28143091e-02,7.42878318e-04,32.9029,1,
aKAdn_mUAKA_033,2.86620809e-02,1.86205272e-04,43.7463,1,
aMDLcjgAuOs_000,1.63843559e-01,2.55863002e-02,16.1284,1,
aMDLcjgAuOs_001,2.50112967e-01,2.29168632e-02,20.7596,1,
aMDLcjgAuOs_002,1.60019773e-01,5.29068395e-02,9.6132,1,
aMDLcjgAuOs_003,1.56611815e-01,5.58037756e-02,8.9632,1,
aMDLcjgAuOs_004,1.60829424e-01,7.29465494e-02,6.8672,1,
aMDLcjgAuOs_005,1.55184571e-01,7.55465041e-02,6.2527,1,
aMDLcjgAuOs_006,1.74251942e-01,7.41397257e-02,7.4225,1,
aMDLcjgAuOs_007,1.63814648e-01,7.16605122e-02,7.1815,1,
aMDLcjgAuOs_008,1.65728875e-01,6.47348087e-02,8.1652,1,
aMDLcjgAuOs_009,1.67947849e-01,7.57813650e-02,6.9122,1,
aMDLcjgAuOs_010,1.48467551e-01,7.66823861e-02,5.7387,1,
aMDLcjgAuOs_011,1.65165611e-01,4.24622097e-02,11.7983,1,
aMDLcjgAuOs_012,1.61333497e-01,6.19534303e-02,8.3132,1,
aMDLcjgAuOs_013,1.33263071e-01,6.47015381e-02,6.2759,1,
aTEVklcre_U_000,1.63894465e-01,8.24439782e-03,25.9681,1,
aTEVklcre_U_001,1.69997610e-01,1.02030144e-01,4.4343,1,
aTEVklcre_U_002,1.32886197e-01,6.42142317e-02,6.3170,1,
aVO__VrMWVE_000,6.78874441e-02,2.31743116e-02,9.3357,1,
aVO__VrMWVE_001,6.00362512e-02,1.95918278e-02,9.7268,1,
aVO__VrMWVE_002,5.79420513e-02,2.30872521e-02,7.9924,1,
aVO__VrMWVE_003,6.73705036e-02,2.33476728e-02,9.2045,1,
aVO__VrMWVE_004,6.77513881e-02,1.55835451e-02,12.7650,1,
aVO__VrMWVE_005,7.26971048e-02,6.58506241e-03,20.8591,1,
aVO__VrMWVE_006,3.35328610e-02,2.25902469e-04,43.4310,1,
abLpB3cQe0c_000,8.50395399e-02,6.43138999e-04,42.4263,1,
abLpB3cQe0c_001,9.62762027e-02,5.98803059e-04,44.1247,1,
abLpB3cQe0c_002,7.90950720e-02,1.62382758e-02,13.7522,1,
abLpB3cQe0c_003,8.27913959e-02,2.11172208e-02,11.8670,1,
abLpB3cQe0c_004,6.19965256e-02,1.64363829e-02,11.5312,1,
abLpB3cQe0c_005,7.71185173e-02,2.01538702e-02,11.6560,1,
abLpB3cQe0c_006,6.75628712e-02,1.93508375e-02,10.8602,1,
abLpB3cQe0c_007,7.08184602e-02,1.79734454e-02,11.9103,1,
abLpB3cQe0c_008,4.96769084e-02,1.68615718e-02,9.3851,1,
abLpB3cQe0c_009,7.59315385e-02,1.56627897e-02,13.7111,1,
abLpB3cQe0c_010,5.23971895e-02,1.92672151e-02,8.6898,1,
abLpB3cQe0c_011,6.33680906e-02,1.47837869e-02,12.6417,1,
abLpB3cQe0c_012,8.71154566e-02,1.51913920e-02,15.1700,1,
abLpB3cQe0c_013,6.00071944e-02,1.47262161e-02,12.2022,1,
abLpB3cQe0c_014,7.25748112e-02,7.09539697e-03,20.1962,1,
abLpB3cQe0c_015,3.35186819e-02,2.33554605e-04,43.1380,1,
adnjR-MPkAI_000,1.94681871e-01,2.18053650e-02,19.0152,1,
adnjR-MPkAI_001,2.20095631e-01,2.65307903e-02,18.3772,1,
adnjR-MPkAI_002,1.49063053e-01,5.19297997e-02,9.1591,1,
adnjR-MPkAI_003,1.36724755e-01,6.78542142e-02,6.0854,1,
adnjR-MPkAI_004,1.70148995e-01,6.10347591e-02,8.9050,1,
adnjR-MPkAI_005,1.67883216e-01,6.61913147e-02,8.0841,1,
adnjR-MPkAI_006,1.87987240e-01,7.53012844e-02,7.9465,1,
adnjR-MPkAI_007,1.53331979e-01,6.83040777e-02,7.0237,1,
adnjR-MPkAI_008,1.84156174e-01,5.42139852e-02,10.6215,1,
adnjR-MPkAI_009,1.68318388e-01,8.84888290e-02,5.5849,1,
adnjR-MPkAI_010,1.32848019e-01,6.45318563e-02,6.2716,1,
ahl9j91UU30_000,7.61701416e-02,3.38544933e-02,7.0434,1,
ahl9j91UU30_001,3.70197657e-02,3.54179879e-02,0.3842,1,
ahl9j91UU30_002,5.40596391e-02,4.29169756e-02,2.0049,1,
ahl9j91UU30_003,6.53071503e-02,4.54293543e-02,3.1525,1,
ahl9j91UU30_004,8.30328987e-02,4.32997478e-02,5.6553,1,
ahl9j91UU30_005,8.33202647e-02,4.37757819e-02,5.5903,1,
ahl9j91UU30_006,7.06161404e-02,3.82079478e-02,5.3350,1,
ahl9j91UU30_007,7.09333737e-02,4.31474517e-02,4.3179,1,
ahl9j91UU30_008,6.07536939e-02,3.74907707e-02,4.1930,1,
ahl9j91UU30_009,7.29016058e-02,5.72065879e-03,22.1058,1,
ahl9j91UU30_010,3.35552960e-02,2.59774185e-04,42.2233,1,
am5t5f9S3Z8_000,1.90803811e-01,4.13446566e-02,13.2834,1,
am5t5f9S3Z8_001,1.68156417e-01,5.15782731e-02,10.2649,1,
am5t5f9S3Z8_002,2.30759667e-01,9.78977408e-04,47.4477,1,
am5t5f9S3Z8_003,3.09457069e-01,1.07005933e-03,49.2239,1,
am5t5f9S3Z8_004,2.26868904e-01,7.68752866e-04,49.3998,1,
am5t5f9S3Z8_005,3.10825524e-01,1.01726421e-03,49.7017,1,
am5t5f9S3Z8_006,1.94925765e-01,7.73966611e-04,48.0229,1,
am5t5f9S3Z8_007,1.85516275e-01,7.52800434e-02,7.8340,1,
am5t5f9S3Z8_008,1.32480625e-01,6.40163259e-02,6.3172,1,
apbsLp3NA1M_000,8.61994911e-02,1.85413007e-02,13.3473,1,
apbsLp3NA1M_001,7.29447952e-02,1.86175784e-02,11.8614,1,
apbsLp3NA1M_002,7.56482647e-02,2.64849950e-02,9.1160,1,
apbsLp3NA1M_003,7.31478978e-02,4.63943317e-02,3.9547,1,
apbsLp3NA1M_004,7.40552611e-02,5.52074259e-02,2.5512,1,
apbsLp3NA1M_005,6.45184368e-02,5.31478799e-02,1.6840,1,
apbsLp3NA1M_006,9.21367946e-02,4.68714660e-02,5.8705,1,
apbsLp3NA1M_007,7.49571769e-02,5.62035493e-02,2.5010,1,
apbsLp3NA1M_008,8.37690436e-02,5.25720112e-02,4.0466,1,
apbsLp3NA1M_009,7.26225882e-02,3.94437733e-02,5.3019,1,
apbsLp3NA1M_010,7.55536357e-02,2.42636852e-02,9.8660,1,
apbsLp3NA1M_011,3.34575691e-02,2.35701453e-04,43.0426,1,
aucZvpth7pA_000,1.20599880e-01,1.02283202e-03,41.4309,1,
aucZvpth7pA_001,8.94271197e-02,1.10385662e-03,38.1711,1,
aucZvpth7pA_002,1.00645270e-01,3.67222787e-02,8.7573,1,
aucZvpth7pA_003,1.00375683e-01,3.93231061e-02,8.1396,1,
aucZvpth7pA_004,1.04730657e-01,4.60408590e-02,7.1386,1,
aucZvpth7pA_005,9.92641229e-02,3.33882278e-02,9.4640,1,
aucZvpth7pA_006,6.67346659e-02,4.25236279e-04,43.9144,1,
aucZvpth7pA_007,3.35036128e-02,2.32324967e-04,43.1799,1,
b1u2bztBNdw_000,1.87433406e-01,2.48177411e-02,17.5617,1,
b1u2bztBNdw_001,1.44850178e-01,5.57278655e-02,8.2969,1,
b1u2bztBNdw_002,1.77061141e-01,4.99831251e-02,10.9860,1,
b1u2bztBNdw_003,1.93036457e-01,3.60704125e-02,14.5698,1,
b1u2bztBNdw_004,1.91834747e-01,5.15915851e-02,11.4070,1,
b1u2bztBNdw_005,1.34294999e-01,1.19652896e-03,41.0027,1,
b7my089a90U_000,1.58262473e-01,2.50790433e-02,16.0013,1,
b7my089a90U_001,1.74240314e-01,2.35829447e-02,17.3710,1,
b7my089a90U_002,1.69095661e-01,3.01044835e-02,14.9900,1,
b7my089a90U_003,1.89125616e-01,1.86098162e-02,20.1402,1,
b7my089a90U_004,1.77863938e-01,1.81939629e-02,19.8032,1,
b7my089a90U_005,1.80269716e-01,2.60140563e-02,16.8143,1,
b7my089a90U_006,1.35619350e-01,2.44654036e-02,14.8754,1,
b7my089a90U_007,3.39331548e-02,1.34966627e-02,8.0080,1,
b9A0OA0DWNY_000,3.14191578e-02,1.03585434e-03,29.6379,1,
b9A0OA0DWNY_001,3.00261712e-02,1.78047526e-03,24.5393,1,
b9A0OA0DWNY_002,1.37280473e-02,1.08045252e-02,2.0801,1,
b9A0OA0DWNY_003,4.28608228e-02,2.15129358e-03,25.9872,1,
b9A0OA0DWNY_004,1.41200889e-01,1.42939590e-02,19.8937,1,
b9A0OA0DWNY_005,1.62865873e-01,1.36052012e-02,21.5625,1,
b9A0OA0DWNY_006,1.05831173e-01,1.26015972e-02,18.4838,1,
b9A0OA0DWNY_007,1.22299654e-01,2.19194191e-02,14.9319,1,
b9A0OA0DWNY_008,1.20934501e-01,2.08725868e-02,15.2595,1,
b9A0OA0DWNY_009,1.28734943e-01,1.94965052e-02,16.3948,1,
b9A0OA0DWNY_010,1.23538769e-01,2.00881267e-02,15.7773,1,
b9A0OA0DWNY_011,1.01536044e-01,1.94565474e-02,14.3511,1,
b9A0OA0DWNY_012,1.62749256e-01,1.71718494e-02,19.5340,1,
b9A0OA0DWNY_013,1.06167973e-01,3.11225815e-03,30.6584,1,
b9A0OA0DWNY_014,3.35449986e-02,2.35409904e-04,43.0761,1,
bLPcb0JEuQU_000,1.93643166e-01,1.27520664e-03,43.6284,1,
bLPcb0JEuQU_001,1.06644533e-01,1.47728305e-02,17.1695,1,
bLPcb0JEuQU_002,9.02227432e-02,1.73871370e-02,14.3018,1,
bLPcb0JEuQU_003,8.25201946e-02,1.13106415e-02,17.2615,1,
bLPcb0JEuQU_004,9.98669206e-02,1.17937008e-02,18.5554,1,
bLPcb0JEuQU_005,9.48331428e-02,1.60863294e-02,15.4101,1,
bLPcb0JEuQU_006,1.29862446e-01,1.33545463e-02,19.7571,1,
bLPcb0JEuQU_007,1.01471251e-01,1.47663782e-02,16.7414,1,
bLPcb0JEuQU_008,9.43674603e-02,1.25791158e-02,17.5034,1,
bLPcb0JEuQU_009,9.37697572e-02,1.57048903e-02,15.5206,1,
bLPcb0JEuQU_010,1.08519357e-01,1.88742580e-02,15.1927,1,
bLPcb0JEuQU_011,7.38018693e-02,1.58855982e-02,13.3413,1,
bLPcb0JEuQU_012,1.28390048e-01,1.74248803e-02,17.3472,1,
bLPcb0JEuQU_013,1.02221647e-01,1.52683625e-02,16.5150,1,
bLPcb0JEuQU_014,8.39649816e-02,1.45780872e-02,15.2080,1,
bLPcb0JEuQU_015,1.15694824e-01,1.33770794e-02,18.7391,1,
bLPcb0JEuQU_016,8.55219694e-02,1.28116421e-02,16.4895,1,
bLPcb0JEuQU_017,7.09794746e-02,1.94468788e-02,11.2457,1,
bLPcb0JEuQU_018,1.01736400e-01,1.49809430e-02,16.6387,1,
bLPcb0JEuQU_019,7.33086988e-02,5.34548660e-03,22.7434,1,
bLPcb0JEuQU_020,3.35522579e-02,2.43666623e-04,42.7785,1,
bOPZAme1kGA_000,1.63017767e-01,3.65154597e-02,12.9952,1,
bOPZAme1kGA_001,1.76667274e-01,7.87027168e-02,7.0233,1,
bOPZAme1kGA_002,1.67978633e-01,9.67581383e-02,4.7913,1,
bOPZAme1kGA_003,1.61677263e-01,7.95745456e-02,6.1575,1,
bOPZAme1kGA_004,1.81536729e-01,7.28572099e-02,7.9298,1,
bOPZAme1kGA_005,1.33127650e-01,6.40945694e-02,6.3489,1,
bV9ttkn0vCo_000,1.91825346e-01,5.02966884e-02,11.6273,1,
bV9ttkn0vCo_001,1.79201745e-01,1.18510815e-01,3.5917,1,
bV9ttkn0vCo_002,1.35149641e-01,6.48248075e-02,6.3815,1,
bWLJ15GJdxs_000,2.10810513e-01,3.11911065e-02,16.5972,1,
bWLJ15GJdxs_001,1.62375252e-01,7.27995284e-02,6.9678,1,
bWLJ15GJdxs_002,7.78698642e-02,1.12950661e-03,36.7696,1,
bWLJ15GJdxs_003,1.63258459e-01,4.88684254e-02,10.4769,1,
bWLJ15GJdxs_004,1.49483367e-01,3.15350853e-02,13.5160,1,
bWLJ15GJdxs_005,1.47301203e-01,1.46082861e-02,20.0721,1,
bWLJ15GJdxs_006,1.14961200e-01,4.44052746e-02,8.2623,1,
bWLJ15GJdxs_007,1.14387284e-01,4.60275509e-02,7.9072,1,
bWLJ15GJdxs_008,1.39845481e-01,4.23548784e-02,10.3749,1,
bWLJ15GJdxs_009,1.44164274e-01,4.45628365e-02,10.1977,1,
bWLJ15GJdxs_010,1.31719522e-01,2.63006873e-02,13.9937,1,
bWLJ15GJdxs_011,1.14833912e-01,4.77273402e-02,7.6261,1,
bWLJ15GJdxs_012,1.38815340e-01,4.80661537e-02,9.2120,1,
bWLJ15GJdxs_013,1.38408087e-01,2.75364630e-02,14.0251,1,
bWLJ15GJdxs_014,1.41310255e-01,3.05351189e-02,13.3075,1,
bWLJ15GJdxs_015,1.85803574e-01,6.00691547e-02,9.8081,1,
bWLJ15GJdxs_016,1.78223070e-01,1.19500320e-01,3.4719,1,
bWLJ15GJdxs_017,1.32008488e-01,6.44042736e-02,6.2337,1,
bWOtkWFeuxA_000,2.13076475e-01,3.78161691e-02,15.0172,1,
bWOtkWFeuxA_001,1.17493987e-01,1.43368364e-02,18.2712,1,
bWOtkWFeuxA_002,1.77550251e-01,1.19806751e-01,3.4168,1,
bWOtkWFeuxA_003,1.33880591e-01,6.47482978e-02,6.3098,1,
bcl_x1qdZv0_000,1.50598331e-01,3.83030274e-02,11.8917,1,
bcl_x1qdZv0_001,1.58624830e-01,9.36120281e-02,4.5808,1,
bcl_x1qdZv0_002,1.31997805e-01,6.37915800e-02,6.3161,1,
bf4_37oPUw0_000,2.81861841e-01,7.79965234e-02,11.1592,1,
bf4_37oPUw0_001,2.82804260e-01,4.57556098e-02,15.8208,1,
bf4_37oPUw0_002,2.89975966e-01,1.93996482e-02,23.4914,1,
bf4_37oPUw0_003,3.36806659e-01,2.02648101e-02,24.4128,1,
bf4_37oPUw0_004,3.12497501e-01,2.22324854e-02,22.9572,1,
bf4_37oPUw0_005,3.17316192e-01,2.63402009e-02,21.6175,1,
bf4_37oPUw0_006,2.88263510e-01,1.14743519e-01,8.0012,1,
bf4_37oPUw0_007,2.78061291e-01,1.33154373e-01,6.3957,1,
bf4_37oPUw0_008,2.73981241e-01,1.16761684e-01,7.4084,1,
bf4_37oPUw0_009,2.66045144e-01,9.97512680e-02,8.5207,1,
bf4_37oPUw0_010,1.97695895e-01,7.31012911e-03,28.6415,1,
bf4_37oPUw0_011,1.33212271e-01,9.99243382e-04,42.4975,1,
bjqcBrcSL9Q_000,2.03351620e-01,1.37922997e-03,43.3722,1,
bjqcBrcSL9Q_001,2.51179672e-01,3.26481967e-02,17.7225,1,
bjqcBrcSL9Q_002,1.94578909e-01,3.69128657e-02,14.4384,1,
bjqcBrcSL9Q_003,1.91915894e-01,7.38503357e-02,8.2952,1,
bjqcBrcSL9Q_004,1.33441712e-01,6.45858008e-02,6.3031,1,
buwWhzfDTb4_000,8.66251590e-02,8.52171427e-04,40.1423,1,
buwWhzfDTb4_001,7.73976976e-02,7.17701411e-04,40.6557,1,
buwWhzfDTb4_002,1.08230817e-01,7.26919858e-04,43.4573,1,
buwWhzfDTb4_003,1.05387670e-01,7.27131510e-04,43.2235,1,
buwWhzfDTb4_004,1.17540114e-01,7.40378338e-04,44.0146,1,
buwWhzfDTb4_005,1.43150345e-01,6.85334457e-04,46.3978,1,
buwWhzfDTb4_006,7.29336966e-02,6.26321082e-03,21.3226,1,
buwWhzfDTb4_007,3.34535552e-02,2.41942701e-04,42.8146,1,
bx9LH22ymwg_000,1.68320355e-01,6.04211580e-02,8.8990,1,
bx9LH22ymwg_001,1.76701688e-01,8.40660996e-02,6.4524,1,
bx9LH22ymwg_002,1.32054662e-01,6.41050067e-02,6.2772,1,
bxZQeJ-hKE8_000,2.27299917e-01,1.65007136e-03,42.7819,1,
bxZQeJ-hKE8_001,2.12353771e-01,1.56670978e-03,42.6414,1,
bxZQeJ-hKE8_002,1.90666185e-01,1.10196204e-01,4.7621,1,
bxZQeJ-hKE8_003,1.32916588e-01,6.43531198e-02,6.3002,1,
bxc4FmaqjRI_000,1.17174477e-01,1.68923488e-02,16.8229,1,
bxc4FmaqjRI_001,1.34379423e-01,2.53633999e-02,14.4825,1,
bxc4FmaqjRI_002,1.44872334e-01,3.57070933e-02,12.1646,1,
bxc4FmaqjRI_003,1.46049468e-01,3.90296824e-02,11.4621,1,
bxc4FmaqjRI_004,1.50122032e-01,4.61435657e-02,10.2467,1,
bxc4FmaqjRI_005,1.64173554e-01,4.37115549e-02,11.4941,1,
bxc4FmaqjRI_006,1.81915296e-01,4.22973282e-02,12.6711,1,
bxc4FmaqjRI_007,1.80221951e-01,4.51488480e-02,12.0232,1,
bxc4FmaqjRI_008,1.52037286e-01,3.44151262e-02,12.9040,1,
bxc4FmaqjRI_009,1.35158698e-01,4.11326544e-02,10.3331,1,
bxc4FmaqjRI_010,3.35078413e-02,2.65590852e-02,2.0187,1,
c0DEMuw4n1A_000,1.65895038e-01,2.73560760e-02,15.6556,1,
c0DEMuw4n1A_001,6.52704566e-02,4.37738661e-03,23.4700,1,
c0DEMuw4n1A_002,1.85564109e-01,4.32442274e-02,12.6513,1,
c0DEMuw4n1A_003,1.73819137e-01,7.18732702e-02,7.6706,1,
c0DEMuw4n1A_004,1.84668385e-01,7.50384428e-02,7.8222,1,
c0DEMuw4n1A_005,1.21646313e-01,3.08405329e-02,11.9195,1,
c0DEMuw4n1A_006,1.50767629e-01,6.43420366e-02,7.3963,1,
c0DEMuw4n1A_007,1.32408191e-01,6.41249159e-02,6.2978,1,
c8dFl2bw9JM_000,1.41264997e-01,6.68460028e-02,6.4992,1,
c8dFl2bw9JM_001,1.83942624e-01,6.57550407e-02,8.9351,1,
c8dFl2bw9JM_002,1.89651476e-01,2.57765290e-02,17.3346,1,
c8dFl2bw9JM_003,1.62673620e-01,2.49825060e-02,16.2736,1,
c8dFl2bw9JM_004,1.59855373e-01,3.61168469e-02,12.9203,1,
c8dFl2bw9JM_005,1.55219617e-01,2.76534054e-02,14.9840,1,
c8dFl2bw9JM_006,1.42501162e-01,2.44698891e-02,15.3037,1,
c8dFl2bw9JM_007,1.83343696e-01,2.79409416e-02,16.3405,1,
c8dFl2bw9JM_008,1.92554583e-01,8.38790695e-02,7.2180,1,
c8dFl2bw9JM_009,1.33258867e-01,6.42066859e-02,6.3423,1,
cJy5pDkgDpw_000,7.93697940e-02,1.39282854e-02,15.1152,1,
cJy5pDkgDpw_001,6.63663747e-02,2.20017088e-02,9.5898,1,
cJy5pDkgDpw_002,1.16369503e-01,3.16432837e-02,11.3112,1,
cJy5pDkgDpw_003,5.89373732e-02,3.21241634e-02,5.2712,1,
cJy5pDkgDpw_004,9.77311902e-02,3.15784809e-02,9.8128,1,
cJy5pDkgDpw_005,5.58488589e-02,3.93678363e-02,3.0375,1,
cJy5pDkgDpw_006,4.72045881e-02,3.95633815e-02,1.5338,1,
cJy5pDkgDpw_007,6.46443376e-02,3.92250613e-02,4.3393,1,
cJy5pDkgDpw_008,6.85835302e-02,3.35909925e-02,6.1999,1,
cJy5pDkgDpw_009,6.90914171e-02,3.21366504e-02,6.6485,1,
cJy5pDkgDpw_010,7.85250590e-02,3.61637956e-02,6.7347,1,
cJy5pDkgDpw_011,7.26274076e-02,4.14221390e-02,4.8774,1,
cJy5pDkgDpw_012,5.72715317e-02,3.97796588e-02,3.1656,1,
cJy5pDkgDpw_013,7.27153617e-02,5.99589946e-03,21.6754,1,
cJy5pDkgDpw_014,3.34281382e-02,2.23053718e-04,43.5141,1,
cNQ43QUtn_4_000,8.26663039e-02,5.00533715e-04,44.3579,1,
cNQ43QUtn_4_001,3.31342821e-02,2.35099502e-04,42.9805,1,
cQc9X41V8xQ_000,5.78445637e-02,2.12184475e-02,8.7110,1,
cQc9X41V8xQ_001,7.32933841e-02,3.65602659e-02,6.0411,1,
cQc9X41V8xQ_002,7.83241204e-02,4.40793806e-02,4.9932,1,
cQc9X41V8xQ_003,8.11674380e-02,4.35678455e-02,5.4043,1,
cQc9X41V8xQ_004,7.76842164e-02,4.30912769e-02,5.1189,1,
cQc9X41V8xQ_005,7.18024033e-02,3.57103115e-02,6.0669,1,
cQc9X41V8xQ_006,7.82258782e-02,4.44874646e-02,4.9023,1,
cQc9X41V8xQ_007,1.04412859e-01,4.09529869e-02,8.1294,1,
cQc9X41V8xQ_008,1.33999293e-01,2.96910019e-02,13.0896,1,
cQc9X41V8xQ_009,1.15056713e-01,2.64975679e-02,12.7541,1,
cQc9X41V8xQ_010,5.82136147e-02,2.38391624e-02,7.7547,1,
cQc9X41V8xQ_011,7.20673149e-02,1.29470687e-02,14.9113,1,
cQc9X41V8xQ_012,3.34123556e-02,2.26238629e-04,43.3868,1,
cXiZxKCrbyQ_000,1.79037975e-01,4.61915723e-02,11.7676,1,
cXiZxKCrbyQ_001,1.71501910e-01,5.35815786e-02,10.1051,1,
cXiZxKCrbyQ_002,1.76916048e-01,1.19109239e-01,3.4364,1,
cXiZxKCrbyQ_003,1.32572892e-01,6.46275788e-02,6.2407,1,
crC6p5qzKvI_000,5.46842198e-02,2.04458847e-02,8.5451,1,
crC6p5qzKvI_001,1.97833804e-01,7.11773506e-02,8.8792,1,
crC6p5qzKvI_002,1.32477637e-01,6.40733048e-02,6.3093,1,
d5zTJ6WtNaA_000,3.00514318e-01,3.90668082e-03,37.7211,1,
d5zTJ6WtNaA_001,3.05237015e-01,7.84913652e-02,11.7963,1,
d5zTJ6WtNaA_002,2.72505830e-01,8.68227546e-02,9.9348,1,
d5zTJ6WtNaA_003,1.46765892e-01,2.04142207e-01,-2.8662,1,
d5zTJ6WtNaA_004,1.62804173e-01,1.15207103e-01,3.0037,1,
d6Pn3NXtw7U_000,2.12589804e-01,5.37969952e-02,11.9357,1,
d6Pn3NXtw7U_001,6.75041409e-02,9.19430184e-04,37.3162,1,
d6Pn3NXtw7U_002,6.52617778e-02,1.20154288e-02,14.6984,1,
d6Pn3NXtw7U_003,6.32543996e-02,1.15045447e-02,14.8044,1,
d6Pn3NXtw7U_004,6.67744458e-02,1.99067210e-03,30.5122,1,
d6Pn3NXtw7U_005,6.80821166e-02,3.14653567e-03,26.7040,1,
d6Pn3NXtw7U_006,6.36521206e-02,7.27308763e-03,18.8419,1,
d6Pn3NXtw7U_007,5.87982117e-02,9.77019638e-03,15.5892,1,
d6Pn3NXtw7U_008,1.59728584e-01,1.01720735e-01,3.9195,1,
d6Pn3NXtw7U_009,1.32337587e-01,6.42121340e-02,6.2813,1,
d77p7E17EtY_000,1.41165766e-01,3.27992972e-02,12.6773,1,
d77p7E17EtY_001,1.47604060e-01,2.96808576e-02,13.9324,1,
d77p7E17EtY_002,1.41981639e-01,6.11966222e-02,7.3101,1,
d77p7E17EtY_003,1.32711030e-01,6.47411874e-02,6.2345,1,
d9DN-AWVK9U_000,1.67335797e-01,5.70803400e-02,9.3420,1,
d9DN-AWVK9U_001,1.55839615e-01,8.91621345e-02,4.8499,1,
d9DN-AWVK9U_002,1.70746250e-01,8.95526494e-02,5.6055,1,
d9DN-AWVK9U_003,1.65380179e-01,7.66464215e-02,6.6798,1,
d9DN-AWVK9U_004,1.61523315e-01,8.66384888e-02,5.4105,1,
d9DN-AWVK9U_005,1.72466183e-01,2.66702515e-03,36.2135,1,
d9DN-AWVK9U_006,2.03681988e-01,2.40404137e-03,38.5602,1,
d9DN-AWVK9U_007,1.98699308e-01,2.09833753e-03,39.5264,1,
d9DN-AWVK9U_008,1.63814838e-01,5.17457096e-02,10.0096,1,
d9DN-AWVK9U_009,1.61978620e-01,8.85181800e-02,5.2485,1,
d9DN-AWVK9U_010,1.62409601e-01,8.94476486e-02,5.1809,1,
d9DN-AWVK9U_011,1.91779108e-01,8.35544972e-02,7.2166,1,
d9DN-AWVK9U_012,1.33234179e-01,6.48189285e-02,6.2583,1,
dF-JxO9T-i8_000,1.78254617e-01,4.38394984e-02,12.1835,1,
dF-JxO9T-i8_001,1.70120673e-01,7.43923646e-02,7.1846,1,
dF-JxO9T-i8_002,1.84621666e-01,7.46089810e-02,7.8698,1,
dF-JxO9T-i8_003,1.22875050e-01,9.51034831e-04,42.2253,1,
dF-JxO9T-i8_004,1.32541587e-01,7.65727991e-04,44.7656,1,
dF-JxO9T-i8_005,1.39876425e-01,1.63860030e-03,38.6254,1,
dF-JxO9T-i8_006,1.33596194e-01,2.03398317e-03,36.3489,1,
dF-JxO9T-i8_007,4.83931698e-02,1.22209134e-01,-8.0464,1,
dF-JxO9T-i8_008,1.07997133e-01,3.29743195e-02,10.3047,1,
dF-JxO9T-i8_009,1.18442599e-01,4.27852393e-02,8.8443,1,
dF-JxO9T-i8_010,1.82494510e-01,6.96074256e-02,8.3719,1,
dF-JxO9T-i8_011,1.31466244e-01,6.39668100e-02,6.2572,1,
dNDCR59vuR0_000,7.34920184e-02,5.35306705e-03,22.7527,1,
dNDCR59vuR0_001,6.15431379e-02,5.07284114e-04,41.6786,1,
dNDCR59vuR0_002,4.24114511e-02,2.38197514e-04,45.0109,1,
dNDCR59vuR0_003,3.78590323e-02,2.45505394e-04,43.7622,1,
ddrPXAcwXJQ_000,1.70703058e-04,8.27270747e-02,-53.7081,1,
ddrPXAcwXJQ_001,1.39605714e-01,7.40156918e-02,5.5116,1,
ddrPXAcwXJQ_002,1.29334350e-01,8.75823980e-02,3.3859,1,
ddrPXAcwXJQ_003,1.91606312e-01,8.12811576e-02,7.4484,1,
ddrPXAcwXJQ_004,1.51457879e-01,5.17433270e-02,9.3288,1,
ddrPXAcwXJQ_005,1.66071186e-01,6.68044789e-02,7.9098,1,
ddrPXAcwXJQ_006,1.85146648e-01,5.96009171e-02,9.8453,1,
ddrPXAcwXJQ_007,1.62021791e-01,3.71615424e-02,12.7896,1,
ddrPXAcwXJQ_008,1.92494115e-01,6.00998835e-02,10.1109,1,
ddrPXAcwXJQ_009,2.02891382e-01,5.98108449e-02,10.6097,1,
ddrPXAcwXJQ_010,2.19415130e-01,2.88108108e-03,37.6342,1,
ddrPXAcwXJQ_011,1.89785188e-01,1.10438514e-01,4.7028,1,
ddrPXAcwXJQ_012,1.33926160e-01,6.43386455e-02,6.3679,1,
dfe2AOEcCcg_000,1.83145718e-01,4.51391057e-02,12.1649,1,
dfe2AOEcCcg_001,1.87546056e-01,8.01007298e-02,7.3894,1,
dfe2AOEcCcg_002,1.71969496e-01,6.19710787e-02,8.8652,1,
dfe2AOEcCcg_003,1.81010202e-01,8.87533822e-02,6.1904,1,
dfe2AOEcCcg_004,1.80868343e-01,8.52797633e-02,6.5303,1,
dfe2AOEcCcg_005,1.55885461e-01,7.60349622e-02,6.2358,1,
dfe2AOEcCcg_006,1.76609825e-01,7.90718672e-02,6.9799,1,
dfe2AOEcCcg_007,1.66501186e-01,7.94072490e-04,46.4311,1,
dfe2AOEcCcg_008,1.46371497e-01,1.77099209e-02,18.3448,1,
dfe2AOEcCcg_009,1.37756281e-01,1.50947060e-02,19.2057,1,
dfe2AOEcCcg_010,1.78123327e-01,5.89394890e-02,9.6063,1,
dfe2AOEcCcg_011,1.14908249e-01,6.63002773e-02,4.7767,1,
dop-VxchVZo_000,1.67959829e-01,4.35410286e-02,11.7261,1,
dop-VxchVZo_001,1.63724064e-01,4.51695832e-02,11.1853,1,
dop-VxchVZo_002,1.62896278e-01,1.01625517e-01,4.0982,1,
dop-VxchVZo_003,1.32389640e-01,6.43708066e-02,6.2633,1,
eBBmjbSfzKA_000,9.97280507e-02,1.45561470e-02,16.7154,1,
eBBmjbSfzKA_001,9.08323238e-02,4.21612828e-02,6.6665,1,
eBBmjbSfzKA_002,8.72505963e-02,4.22086924e-02,6.3073,1,
eBBmjbSfzKA_003,9.88007155e-02,4.42325775e-02,6.9804,1,
eBBmjbSfzKA_004,1.07546631e-01,3.98007443e-02,8.6341,1,
eBBmjbSfzKA_005,1.02406278e-01,3.76070215e-02,8.7012,1,
eBBmjbSfzKA_006,1.13443564e-01,4.00074075e-02,9.0528,1,
eBBmjbSfzKA_007,1.25055711e-01,6.29438295e-02,5.9630,1,
eBBmjbSfzKA_008,1.33364862e-01,6.46348320e-02,6.2915,1,
eC7uNp3FMvA_000,9.26796516e-02,1.53166743e-03,35.6364,1,
eC7uNp3FMvA_001,2.04158226e-01,9.89965068e-03,26.2869,1,
eC7uNp3FMvA_002,1.71481955e-01,5.02335115e-02,10.6645,1,
eC7uNp3FMvA_003,1.85495222e-01,1.09755531e-01,4.5581,1,
eC7uNp3FMvA_004,1.32822558e-01,6.38109473e-02,6.3675,1,
eRvrg_rPpdw_000,6.16318728e-02,1.18953019e-02,14.2886,1,
eRvrg_rPpdw_001,9.18592094e-02,1.44634586e-02,16.0570,1,
eRvrg_rPpdw_002,9.98988063e-02,2.34189310e-02,12.5999,1,
eRvrg_rPpdw_003,1.75198348e-01,5.02299953e-02,10.8513,1,
eRvrg_rPpdw_004,1.71839735e-01,5.26199825e-02,10.2795,1,
eRvrg_rPpdw_005,1.85414852e-01,8.03521789e-02,7.2629,1,
eRvrg_rPpdw_006,1.31038096e-01,6.34813182e-02,6.2950,1,
eXXV3LUohig_000,1.77620287e-01,6.92885266e-02,8.1766,1,
eXXV3LUohig_001,2.19753756e-01,9.55075961e-02,7.2380,1,
eXXV3LUohig_002,2.46301703e-01,1.11693070e-01,6.8688,1,
eXXV3LUohig_003,2.62133026e-01,1.19750587e-01,6.8049,1,
eXXV3LUohig_004,2.46864370e-01,1.35985061e-01,5.1793,1,
eXXV3LUohig_005,1.98243528e-01,7.40304861e-03,28.5558,1,
eXXV3LUohig_006,1.33541282e-01,1.12999738e-03,41.4508,1,
ebFxWLJbxMY_000,1.72381244e-01,6.12618907e-02,8.9860,1,
ebFxWLJbxMY_001,9.84599365e-02,6.68003019e-02,3.3696,1,
ebFxWLJbxMY_002,8.67401936e-02,6.10022132e-02,3.0575,1,
ebFxWLJbxMY_003,8.36402420e-02,3.14392462e-02,8.4989,1,
ebFxWLJbxMY_004,8.06333999e-02,1.72546732e-02,13.3922,1,
ebFxWLJbxMY_005,9.30832086e-02,5.90895148e-02,3.9472,1,
ebFxWLJbxMY_006,1.52218070e-01,9.87512756e-02,3.7585,1,
ebFxWLJbxMY_007,1.33013904e-01,6.41396957e-02,6.3354,1,
ebmOk6AafNI_000,7.31758201e-02,6.34651348e-03,21.2366,1,
ebmOk6AafNI_001,1.16229630e-01,7.29249893e-04,44.0488,1,
ebmOk6AafNI_002,8.16669684e-02,6.47807324e-04,42.0120,1,
ebmOk6AafNI_003,7.24573356e-02,4.66825602e-04,43.8186,1,
ebmOk6AafNI_004,6.18634922e-02,4.18988945e-04,43.3846,1,
ebmOk6AafNI_005,2.84613049e-02,1.79272776e-04,44.0148,1,
emQWsE0DfhY_000,7.97408113e-02,1.16325177e-03,36.7201,1,
emQWsE0DfhY_001,7.48643910e-02,1.94980898e-03,31.6857,1,
emQWsE0DfhY_002,9.24565831e-02,8.62886734e-04,40.5997,1,
emQWsE0DfhY_003,1.03941705e-01,1.39049781e-02,17.4724,1,
emQWsE0DfhY_004,6.14499871e-02,1.96970416e-02,9.8824,1,
emQWsE0DfhY_005,7.17099624e-02,1.94231024e-02,11.3452,1,
emQWsE0DfhY_006,7.26383613e-02,1.67506054e-02,12.7427,1,
emQWsE0DfhY_007,7.16804596e-02,2.00633552e-02,11.0599,1,
emQWsE0DfhY_008,8.74930113e-02,2.07036478e-02,12.5185,1,
emQWsE0DfhY_009,7.99091261e-02,3.10419106e-02,8.2130,1,
emQWsE0DfhY_010,7.31926626e-02,5.86950682e-03,21.9173,1,
emQWsE0DfhY_011,3.33308973e-02,2.26910059e-04,43.3399,1,
f0Lzp4tSKOI_000,6.75382815e-02,4.64833856e-04,43.2450,1,
f0Lzp4tSKOI_001,6.61897196e-02,3.96793185e-04,44.4445,1,
f0Lzp4tSKOI_002,6.79260930e-02,4.63850877e-04,43.3132,1,
f0Lzp4tSKOI_003,8.14304964e-02,5.49743282e-04,43.4125,1,
f0Lzp4tSKOI_004,6.10445073e-02,7.33404936e-04,38.4061,1,
f0Lzp4tSKOI_005,7.29515301e-02,5.93888079e-03,21.7866,1,
f0Lzp4tSKOI_006,3.34530815e-02,2.28823386e-04,43.2987,1,
fEC439V-FM8_000,6.19736366e-02,4.11372543e-04,43.5594,1,
fEC439V-FM8_001,6.18400396e-02,5.00182925e-04,41.8428,1,
fEC439V-FM8_002,5.96130848e-02,3.94658641e-04,43.5824,1,
fEC439V-FM8_003,5.02703052e-02,4.52543582e-04,40.9130,1,
fEC439V-FM8_004,6.67064229e-02,1.76677344e-02,11.5397,1,
fEC439V-FM8_005,5.34935921e-02,1.87768493e-02,9.0936,1,
fEC439V-FM8_006,6.79044485e-02,1.34347202e-02,14.0734,1,
fEC439V-FM8_007,7.83461506e-02,1.89900517e-02,12.3098,1,
fEC439V-FM8_008,9.22461812e-02,1.81301952e-02,14.1309,1,
fEC439V-FM8_009,8.04818508e-02,1.86090600e-02,12.7195,1,
fEC439V-FM8_010,6.44962105e-02,2.02286551e-02,10.0713,1,
fEC439V-FM8_011,6.34619634e-02,2.29817043e-02,8.8226,1,
fEC439V-FM8_012,7.65839430e-02,2.02687640e-02,11.5462,1,
fEC439V-FM8_013,3.96782637e-02,1.97112863e-02,6.0768,1,
fEC439V-FM8_014,7.00742266e-02,2.22903367e-02,9.9488,1,
fEC439V-FM8_015,7.60306244e-02,1.91370049e-02,11.9823,1,
fEC439V-FM8_016,4.97511287e-02,1.74741013e-02,9.0882,1,
fEC439V-FM8_017,6.10941894e-02,1.73477659e-02,10.9351,1,
fEC439V-FM8_018,7.22340130e-02,1.68926907e-02,12.6209,1,
fEC439V-FM8_019,3.85768876e-02,1.87808768e-02,6.2522,1,
fEC439V-FM8_020,7.53829733e-02,1.96413403e-02,11.6820,1,
fEC439V-FM8_021,4.03311089e-02,2.04304096e-02,5.9073,1,
fEC439V-FM8_022,5.93580363e-02,2.24385263e-02,8.4497,1,
fEC439V-FM8_023,6.61697737e-02,1.69893630e-02,11.8097,1,
fEC439V-FM8_024,6.14166775e-02,1.44427801e-02,12.5727,1,
fEC439V-FM8_025,7.35326038e-02,4.78506634e-03,23.7318,1,
fEC439V-FM8_026,3.34537409e-02,2.73377102e-04,41.7537,1,
fERSC9-tvZw_000,8.99772296e-02,2.75902613e-02,10.2675,1,
fERSC9-tvZw_001,9.62588912e-02,1.04423519e-02,19.2929,1,
fERSC9-tvZw_002,1.45159824e-01,5.94802461e-02,7.7495,1,
fERSC9-tvZw_003,1.78752183e-01,1.21598609e-01,3.3465,1,
fERSC9-tvZw_004,1.32202247e-01,6.42297508e-02,6.2701,1,
fEmmmt_FFtQ_000,6.82367159e-02,4.98058412e-04,42.7348,1,
fEmmmt_FFtQ_001,6.11913343e-02,3.28143725e-03,25.4125,1,
fEmmmt_FFtQ_002,5.39274723e-02,3.68510883e-04,43.3072,1,
fEmmmt_FFtQ_003,5.78726301e-02,4.71989034e-04,41.7708,1,
fEmmmt_FFtQ_004,6.18739056e-02,4.24287569e-04,43.2769,1,
fEmmmt_FFtQ_005,7.54739529e-02,5.60162406e-04,42.5897,1,
fEmmmt_FFtQ_006,4.99614387e-02,3.97028615e-04,41.9963,1,
fEmmmt_FFtQ_007,7.25807700e-02,5.87632781e-03,21.8343,1,
fJJiM5XAPjE_000,1.39756489e-01,3.53955874e-02,11.9285,1,
fJJiM5XAPjE_001,9.56451144e-02,7.00047149e-02,2.7107,1,
fJJiM5XAPjE_002,1.72383664e-01,3.21313697e-02,14.5913,1,
fJJiM5XAPjE_003,1.73625719e-01,1.17800770e-01,3.3693,1,
fJJiM5XAPjE_004,1.32527563e-01,6.39649295e-02,6.3273,1,
fLFCU4gQJm0_000,1.11614679e-01,2.29993456e-02,13.7201,1,
fLFCU4gQJm0_001,1.21956618e-01,2.49420206e-02,13.7855,1,
fLFCU4gQJm0_002,1.41766686e-01,3.60939927e-02,11.8828,1,
fLFCU4gQJm0_003,1.18108842e-01,3.85697828e-02,9.7207,1,
fLFCU4gQJm0_004,1.47710963e-01,3.83087685e-02,11.7223,1,
fLFCU4gQJm0_005,1.32785599e-01,3.70834179e-02,11.0794,1,
fLFCU4gQJm0_006,1.66128372e-01,2.98318053e-02,14.9153,1,
fLFCU4gQJm0_007,1.54030474e-01,3.12724165e-02,13.8489,1,
fLFCU4gQJm0_008,1.40598799e-01,3.85378580e-02,11.2419,1,
fLFCU4gQJm0_009,6.73815267e-02,4.87462749e-02,2.8120,1,
fLFCU4gQJm0_010,3.34509953e-02,2.37198882e-04,42.9859,1,
fMIikT9DuQ8_000,1.78196842e-01,3.53638294e-02,14.0468,1,
fMIikT9DuQ8_001,2.05782180e-01,2.25496188e-02,19.2054,1,
fMIikT9DuQ8_002,1.76393433e-01,1.21995291e-01,3.2028,1,
fMIikT9DuQ8_003,1.32622820e-01,6.39977016e-02,6.3291,1,
fXwE9_IWH-c_000,4.73356348e-02,4.53916934e-04,40.3642,1,
fXwE9_IWH-c_001,6.89160624e-02,5.75928272e-04,41.5590,1,
fXwE9_IWH-c_002,7.10312718e-02,5.74726075e-04,41.8398,1,
fXwE9_IWH-c_003,5.36432300e-02,5.42381053e-04,39.9042,1,
fXwE9_IWH-c_004,5.43544191e-02,4.53284673e-04,41.5773,1,
fXwE9_IWH-c_005,6.30173554e-02,5.22131261e-04,41.6336,1,
fXwE9_IWH-c_006,6.05775079e-02,4.76003824e-04,42.0940,1,
fXwE9_IWH-c_007,6.64678401e-02,5.14715722e-04,42.2209,1,
fXwE9_IWH-c_008,8.49720131e-02,6.60145167e-04,42.1927,1,
fXwE9_IWH-c_009,6.79878582e-02,5.29990577e-03,22.1633,1,
fXwE9_IWH-c_010,3.35727656e-02,2.36681800e-04,43.0364,1,
f_-Qv6gOOnQ_000,1.74322753e-01,2.78721744e-02,15.9237,1,
f_-Qv6gOOnQ_001,2.19116945e-01,2.65576561e-02,18.3297,1,
f_-Qv6gOOnQ_002,1.39299388e-01,2.72306198e-02,14.1778,1,
f_-Qv6gOOnQ_003,1.43859298e-01,2.83772034e-02,14.0994,1,
f_-Qv6gOOnQ_004,1.59760773e-01,2.34584709e-02,16.6634,1,
f_-Qv6gOOnQ_005,1.51632971e-01,3.74132791e-02,12.1554,1,
f_-Qv6gOOnQ_006,1.34470971e-01,4.52924436e-02,9.4521,1,
f_-Qv6gOOnQ_007,1.86670411e-01,6.01874305e-02,9.8314,1,
f_-Qv6gOOnQ_008,1.30102582e-01,6.23445150e-02,6.3898,1,
f_-Qv6gOOnQ_009,1.69264539e-01,6.19123340e-02,8.7358,1,
f_-Qv6gOOnQ_010,1.92005200e-01,5.50067583e-02,10.8579,1,
f_-Qv6gOOnQ_011,1.75025680e-01,9.28711727e-02,5.5044,1,
f_-Qv6gOOnQ_012,1.33865300e-01,6.49116121e-02,6.2869,1,
fenMDk7Ms8o_000,7.11862012e-02,2.45970205e-02,9.2303,1,
fenMDk7Ms8o_001,5.51259814e-02,2.37856261e-02,7.3008,1,
fenMDk7Ms8o_002,8.36014259e-02,2.48815743e-02,10.5267,1,
fenMDk7Ms8o_003,6.74920151e-02,2.43430288e-02,8.8576,1,
fenMDk7Ms8o_004,6.48073775e-02,2.41020718e-02,8.5914,1,
fenMDk7Ms8o_005,6.98525417e-02,1.73213804e-02,12.1120,1,
fenMDk7Ms8o_006,8.93210202e-02,1.97175153e-02,13.1220,1,
fenMDk7Ms8o_007,7.79442400e-02,2.28723662e-02,10.6495,1,
fenMDk7Ms8o_008,8.00788854e-02,2.40559210e-02,10.4459,1,
fenMDk7Ms8o_009,7.00721532e-02,1.47025592e-02,13.5631,1,
fenMDk7Ms8o_010,7.26026749e-02,5.89463757e-03,21.8099,1,
fenMDk7Ms8o_011,3.35748605e-02,2.41243138e-04,42.8712,1,
fndyN2fitf0_000,8.70049011e-02,1.12714297e-02,17.7513,1,
fndyN2fitf0_001,1.21163717e-01,2.60398352e-02,13.3547,1,
fndyN2fitf0_002,1.14471029e-01,5.86804250e-02,5.8040,1,
fndyN2fitf0_003,7.56547703e-02,3.79021486e-03,26.0034,1,
fndyN2fitf0_004,3.35094756e-02,2.26813645e-04,43.3900,1,
fs9REzDRlp0_000,3.47724415e-02,2.00708142e-02,4.7734,1,
fs9REzDRlp0_001,3.35144579e-02,2.28216395e-02,3.3377,1,
fs9REzDRlp0_002,7.38100945e-02,6.71420878e-03,20.8224,1,
fs9REzDRlp0_003,3.35421197e-02,2.41470217e-04,42.8545,1,
fsICD5cvIl8_000,1.97673931e-01,8.63716040e-02,7.1916,1,
fsICD5cvIl8_001,2.07355838e-01,6.18172173e-02,10.5121,1,
fsICD5cvIl8_002,1.92214823e-01,7.09334661e-02,8.6587,1,
fsICD5cvIl8_003,1.71502989e-01,1.39494201e-01,1.7943,1,
fsICD5cvIl8_004,1.96608862e-01,8.16953735e-02,7.6281,1,
fsICD5cvIl8_005,1.31774805e-01,6.34786229e-02,6.3441,1,
ftKWA_gAzTo_000,3.95619796e-02,7.52296892e-04,34.4178,1,
ftKWA_gAzTo_001,1.12024066e-01,5.39522641e-03,26.3460,1,
ftKWA_gAzTo_002,7.58159273e-02,4.05525008e-02,5.4349,1,
ftKWA_gAzTo_003,1.04965477e-01,4.37927447e-02,7.5929,1,
ftKWA_gAzTo_004,9.47065869e-02,2.50001182e-02,11.5688,1,
ftKWA_gAzTo_005,3.35977860e-02,2.25490398e-04,43.4637,1,
fuf6qp-uaHA_000,7.62068677e-02,3.07828635e-03,27.8737,1,
fuf6qp-uaHA_001,3.57377495e-02,3.82405077e-03,19.4121,1,
fuf6qp-uaHA_002,8.20551915e-02,2.08576356e-03,31.8968,1,
fuf6qp-uaHA_003,4.42860201e-02,4.03547251e-03,20.8074,1,
fuf6qp-uaHA_004,1.70031190e-02,1.83748108e-03,19.3261,1,
fuf6qp-uaHA_005,5.03903283e-02,9.66246858e-02,-5.6548,1,
fuf6qp-uaHA_006,4.47739134e-02,2.33469273e-02,5.6559,1,
fuf6qp-uaHA_007,7.96857816e-02,3.83378348e-04,46.3551,1,
fuf6qp-uaHA_008,5.12787714e-02,4.79755203e-04,40.5784,1,
fuf6qp-uaHA_009,1.34097477e-01,4.29214931e-02,9.8949,1,
fuf6qp-uaHA_010,1.43762495e-01,7.89085534e-02,5.2104,1,
fuf6qp-uaHA_011,1.32998396e-01,6.41043979e-02,6.3392,1,
g3qdsdztDqQ_000,1.68014671e-01,4.54371475e-02,11.3587,1,
g3qdsdztDqQ_001,1.68061061e-01,4.23434981e-02,11.9736,1,
g3qdsdztDqQ_002,2.10606566e-01,4.60494204e-02,13.2050,1,
g3qdsdztDqQ_003,1.81585308e-01,4.63258740e-02,11.8651,1,
g3qdsdztDqQ_004,1.83019406e-01,4.94153145e-02,11.3727,1,
g3qdsdztDqQ_005,1.74924927e-01,1.18544845e-01,3.3794,1,
g3qdsdztDqQ_006,1.32033806e-01,6.40389428e-02,6.2848,1,
g4tMvJTPtnc_000,1.01656285e-01,2.03955309e-02,13.9520,1,
g4tMvJTPtnc_001,1.38306737e-01,1.21710718e-02,21.1103,1,
g4tMvJTPtnc_002,1.93633175e-01,5.29791058e-02,11.2575,1,
g4tMvJTPtnc_003,1.46492607e-01,4.79505902e-02,9.7004,1,
g4tMvJTPtnc_004,1.89609771e-01,4.70895188e-02,12.0987,1,
g4tMvJTPtnc_005,2.02313580e-01,4.62870581e-02,12.8113,1,
g4tMvJTPtnc_006,2.34610185e-01,4.35884982e-02,14.6195,1,
g4tMvJTPtnc_007,2.48405745e-01,3.44230268e-02,17.1663,1,
g4tMvJTPtnc_008,1.50335713e-01,3.31116442e-02,13.1416,1,
g4tMvJTPtnc_009,2.18117464e-01,3.62405990e-02,15.5899,1,
g4tMvJTPtnc_010,2.56298202e-01,3.41837923e-02,17.4985,1,
g4tMvJTPtnc_011,2.24825979e-01,3.74962627e-02,15.5572,1,
g4tMvJTPtnc_012,2.15024199e-01,9.35171964e-02,7.2319,1,
g4tMvJTPtnc_013,2.09108460e-01,9.41577150e-02,6.9303,1,
g4tMvJTPtnc_014,1.78334539e-01,1.18837321e-01,3.5257,1,
g4tMvJTPtnc_015,1.31909687e-01,6.38794356e-02,6.2983,1,
gOTeY1Br7Ns_000,4.96560516e-02,2.37497797e-04,46.4063,1,
gOTeY1Br7Ns_001,3.30162320e-02,4.83272053e-03,16.6907,1,
gOTeY1Br7Ns_002,3.50652498e-02,1.00245707e-02,10.8762,1,
gOTeY1Br7Ns_003,4.41791391e-02,2.00506898e-04,46.8618,1,
gOTeY1Br7Ns_004,3.11166585e-02,4.68496879e-03,16.4457,1,
gOTeY1Br7Ns_005,3.83404307e-02,8.47150335e-03,13.1139,1,
gOTeY1Br7Ns_006,3.38256848e-02,1.08794098e-02,9.8528,1,
gOTeY1Br7Ns_007,3.66437512e-02,1.35054044e-02,8.6698,1,
gOTeY1Br7Ns_008,3.45319468e-02,2.19308357e-04,43.9433,1,
gOTeY1Br7Ns_009,4.05619863e-02,2.86472787e-04,43.0207,1,
gOTeY1Br7Ns_010,3.74724235e-02,3.04651870e-04,41.7982,1,
gOTeY1Br7Ns_011,4.94712881e-02,4.64289361e-04,40.5513,1,
gOTeY1Br7Ns_012,2.88485245e-02,6.08137710e-04,33.5224,1,
gOTeY1Br7Ns_013,4.42630342e-02,3.12777628e-04,43.0161,1,
gOTeY1Br7Ns_014,3.17098719e-02,3.33017047e-04,39.5746,1,
gOTeY1Br7Ns_015,3.81025814e-02,3.30079501e-04,41.2467,1,
gOTeY1Br7Ns_016,4.09947957e-02,3.60121955e-04,41.1256,1,
gOTeY1Br7Ns_017,4.06048313e-02,2.98581422e-04,42.6703,1,
gOTeY1Br7Ns_018,6.38458594e-02,6.86948155e-04,39.3642,1,
gOTeY1Br7Ns_019,3.86783760e-02,1.09023226e-03,30.9990,1,
gOTeY1Br7Ns_020,4.08867654e-02,4.40039793e-03,19.3618,1,
gOTeY1Br7Ns_021,4.11774914e-02,2.71261999e-04,43.6254,1,
gOTeY1Br7Ns_022,4.93223156e-02,4.01344577e-04,41.7905,1,
gOTeY1Br7Ns_023,5.28937332e-02,1.83232550e-03,29.2080,1,
gOTeY1Br7Ns_024,4.23912338e-02,2.06328821e-04,46.2543,1,
gOTeY1Br7Ns_025,3.51066194e-02,3.67990289e-04,39.5911,1,
gOTeY1Br7Ns_026,6.70878998e-02,6.31922489e-03,20.5196,1,
gOTeY1Br7Ns_027,3.35832451e-02,2.31846556e-04,43.2184,1,
gT1H1O2UpUQ_000,9.24570963e-02,7.88810857e-04,41.3793,1,
gT1H1O2UpUQ_001,9.56929771e-02,8.95863816e-04,40.5728,1,
gT1H1O2UpUQ_002,1.06197821e-01,8.91104860e-04,41.5237,1,
gT1H1O2UpUQ_003,9.88768890e-02,4.01218381e-03,27.8343,1,
gT1H1O2UpUQ_004,1.45707835e-01,1.03766068e-03,42.9486,1,
gT1H1O2UpUQ_005,1.19578115e-01,6.93708248e-04,44.7295,1,
gT1H1O2UpUQ_006,1.06615023e-01,1.21685785e-03,38.8516,1,
gT1H1O2UpUQ_007,9.67206681e-02,1.14457825e-03,38.5375,1,
gT1H1O2UpUQ_008,1.36661655e-01,8.40444498e-04,44.2228,1,
gT1H1O2UpUQ_009,1.44396033e-01,6.91673513e-04,46.3931,1,
gT1H1O2UpUQ_010,1.46612020e-01,1.13174717e-03,42.2484,1,
gT1H1O2UpUQ_011,1.29735604e-01,9.43064914e-04,42.7704,1,
gT1H1O2UpUQ_012,8.48670544e-02,1.34497674e-03,36.0005,1,
gT1H1O2UpUQ_013,1.19376557e-01,5.40992751e-04,46.8746,1,
gT1H1O2UpUQ_014,9.15134564e-02,1.30105299e-03,36.9438,1,
gT1H1O2UpUQ_015,1.29408216e-01,1.07101298e-03,41.6433,1,
gT1H1O2UpUQ_016,9.30538311e-02,5.16331545e-03,25.1161,1,
gT1H1O2UpUQ_017,7.25827738e-02,6.07960311e-03,21.5392,1,
gT1H1O2UpUQ_018,3.35693265e-02,2.23434103e-04,43.5359,1,
gX9MTnDCHKM_000,1.67251750e-01,5.17427122e-02,10.1904,1,
gX9MTnDCHKM_001,2.02307002e-01,5.31365390e-02,11.6124,1,
gX9MTnDCHKM_002,1.87051733e-01,3.04996816e-02,15.7533,1,
gX9MTnDCHKM_003,1.77536485e-01,1.19432667e-01,3.4433,1,
gX9MTnDCHKM_004,1.33110297e-01,6.43744299e-02,6.3100,1,
gZUV6ni1EPA_000,7.34113156e-02,5.32606551e-03,22.7871,1,
gZUV6ni1EPA_001,4.00935957e-02,4.67854404e-04,38.6593,1,
gZUV6ni1EPA_002,4.92054282e-02,4.42208790e-03,20.9277,1,
gZUV6ni1EPA_003,4.66676721e-02,5.92612647e-03,17.9249,1,
gZUV6ni1EPA_004,4.69860111e-02,8.53872992e-03,14.8115,1,
gZUV6ni1EPA_005,4.33194961e-02,1.04739491e-02,12.3315,1,
gZUV6ni1EPA_006,4.71525232e-02,8.04055715e-03,15.3644,1,
gZUV6ni1EPA_007,4.42464129e-02,9.73326806e-03,13.1524,1,
gZUV6ni1EPA_008,4.36166232e-02,7.47541822e-03,15.3203,1,
gZUV6ni1EPA_009,4.00197933e-02,6.00486132e-03,16.4754,1,
gZUV6ni1EPA_010,4.71218825e-02,3.64285759e-03,22.2356,1,
gZUV6ni1EPA_011,4.69361685e-02,5.42702865e-03,18.7389,1,
gZUV6ni1EPA_012,5.06119853e-02,8.93084016e-03,15.0672,1,
gZUV6ni1EPA_013,4.38877139e-02,9.45178526e-03,13.3366,1,
gZUV6ni1EPA_014,5.25776051e-02,1.88225584e-02,8.9224,1,
gZUV6ni1EPA_015,2.86111559e-02,1.93136230e-04,43.4134,1,
gbN1E89g7yc_000,1.85176999e-01,4.10855340e-02,13.0780,1,
gbN1E89g7yc_001,1.93871095e-01,4.06734788e-02,13.5640,1,
gbN1E89g7yc_002,1.84398120e-01,7.49879431e-02,7.8153,1,
gbN1E89g7yc_003,1.33042884e-01,6.39911115e-02,6.3574,1,
gbrLzyVC-t0_000,1.26200836e-01,1.07951833e-02,21.3566,1,
gbrLzyVC-t0_001,1.61658915e-01,5.30432737e-02,9.6794,1,
gbrLzyVC-t0_002,1.31648871e-01,6.40542622e-02,6.2574,1,
ghJ7QzFKpXU_000,7.70337035e-02,5.62553766e-02,2.7303,1,
ghJ7QzFKpXU_001,8.45831840e-02,4.88430763e-02,4.7696,1,
ghJ7QzFKpXU_002,9.20805000e-02,5.09080069e-02,5.1476,1,
ghJ7QzFKpXU_003,6.84347904e-02,5.26592179e-02,2.2761,1,
ghJ7QzFKpXU_004,6.88749703e-02,3.04188728e-02,7.0984,1,
ghJ7QzFKpXU_005,7.84662953e-02,2.50921023e-02,9.9029,1,
ghJ7QzFKpXU_006,7.25749556e-02,7.55847324e-03,19.6471,1,
ghJ7QzFKpXU_007,3.34863733e-02,2.36715102e-04,43.0128,1,
gkrMlAAbfXY_000,1.08219941e-01,3.39316769e-02,10.0740,1,
gkrMlAAbfXY_001,1.22764456e-01,2.24997064e-02,14.7379,1,
gkrMlAAbfXY_002,1.53660863e-01,5.24350058e-02,9.3388,1,
gkrMlAAbfXY_003,1.49611970e-01,6.90423158e-02,6.7170,1,
gkrMlAAbfXY_004,1.65261312e-01,5.33641755e-02,9.8184,1,
gkrMlAAbfXY_005,1.72678338e-01,1.06508072e-01,4.1971,1,
gkrMlAAbfXY_006,1.33391971e-01,6.49905964e-02,6.2456,1,
gmggwZTArDs_000,1.03071168e-01,7.68434339e-04,42.5506,1,
gmggwZTArDs_001,1.00213613e-01,9.34405649e-04,40.6078,1,
gmggwZTArDs_002,7.75174336e-02,6.34711273e-04,41.7365,1,
gmggwZTArDs_003,1.02652028e-01,6.48824391e-04,43.9848,1,
gmggwZTArDs_004,8.00406660e-02,1.94478060e-02,12.2888,1,
gmggwZTArDs_005,4.95182305e-02,2.32049448e-02,6.5837,1,
gmggwZTArDs_006,6.65903785e-02,2.42226402e-02,8.7838,1,
gmggwZTArDs_007,7.44932826e-02,2.57431397e-02,9.2291,1,
gmggwZTArDs_008,6.21717524e-02,2.31623174e-02,8.5762,1,
gmggwZTArDs_009,5.88192342e-02,2.41246733e-02,7.7412,1,
gmggwZTArDs_010,6.09552692e-02,2.24584939e-02,8.6726,1,
gmggwZTArDs_011,3.34841282e-02,2.32076497e-04,43.1842,1,
h0ZHAVQQ9O8_000,2.01500232e-01,4.94447576e-02,12.2031,1,
h0ZHAVQQ9O8_001,2.25659802e-01,5.40506089e-02,12.4131,1,
h0ZHAVQQ9O8_002,1.57973337e-01,5.49307002e-02,9.1754,1,
h0ZHAVQQ9O8_003,2.27578386e-01,5.16420690e-02,12.8825,1,
h0ZHAVQQ9O8_004,1.39737375e-01,4.45515380e-02,9.9290,1,
h0ZHAVQQ9O8_005,2.47117760e-01,5.90706044e-02,12.4307,1,
hAQyH9W-0o4_000,6.79197280e-02,4.00650437e-04,44.5846,1,
hCUGY3-RIB4_000,9.48155076e-02,5.11439816e-04,45.3617,1,
hCUGY3-RIB4_001,1.01767175e-01,1.80173994e-03,35.0383,1,
hCUGY3-RIB4_002,8.76682239e-02,5.64561601e-04,43.8226,1,
hCUGY3-RIB4_003,1.02819868e-01,7.28814530e-04,42.9892,1,
hCUGY3-RIB4_004,1.09566939e-01,7.87696120e-04,42.8664,1,
hCUGY3-RIB4_005,1.17723981e-01,6.82441017e-04,44.7360,1,
hCUGY3-RIB4_006,1.08412913e-01,6.10007570e-04,44.9949,1,
hCUGY3-RIB4_007,7.31509315e-02,3.58266448e-04,46.2003,1,
hCUGY3-RIB4_008,3.01950436e-02,3.04082412e-04,39.9389,1,
hIDlXK7K7jk_000,1.64569015e-01,1.85205354e-02,18.9739,1,
hIDlXK7K7jk_001,1.46698251e-01,2.86013009e-02,14.2008,1,
hIDlXK7K7jk_002,1.36346525e-01,3.39057294e-02,12.0874,1,
hIDlXK7K7jk_003,9.02775775e-02,3.63574646e-02,7.8997,1,
hIDlXK7K7jk_004,8.47594224e-02,4.24314306e-02,6.0100,1,
hIDlXK7K7jk_005,7.58896703e-02,4.38904910e-02,4.7562,1,
hIDlXK7K7jk_006,8.74895923e-02,4.40138461e-02,5.9673,1,
hIDlXK7K7jk_007,8.57155425e-02,4.15057505e-02,6.2990,1,
hIDlXK7K7jk_008,9.62835845e-02,3.32365056e-02,9.2387,1,
hIDlXK7K7jk_009,7.87514865e-02,4.35637000e-02,5.1427,1,
hIDlXK7K7jk_010,9.70664455e-02,3.77898584e-02,8.1939,1,
hIDlXK7K7jk_011,8.30816026e-02,2.30858873e-02,11.1232,1,
hIDlXK7K7jk_012,3.34425510e-02,2.36298506e-04,43.0168,1,
hYXJOBBpFHg_000,2.02752688e-01,1.45048785e-02,22.9091,1,
hYXJOBBpFHg_001,2.27346347e-01,1.17817226e-01,5.7096,1,
hYXJOBBpFHg_002,1.35932689e-01,6.42737834e-02,6.5058,1,
hguzTBqAszY_000,8.22196954e-02,1.12330248e-03,37.2896,1,
hguzTBqAszY_001,9.40042756e-02,6.39085003e-04,43.3518,1,
hguzTBqAszY_002,1.04740096e-01,3.36030839e-03,29.8747,1,
hguzTBqAszY_003,6.75928757e-02,6.09384760e-03,20.9002,1,
hguzTBqAszY_004,3.35865102e-02,2.26527536e-04,43.4209,1,
hjBzl1XMgfo_000,2.66914890e-01,5.66209268e-02,13.4679,1,
hjBzl1XMgfo_001,2.59928230e-01,6.43537200e-02,12.1256,1,
hjBzl1XMgfo_002,2.58232128e-01,7.17878299e-02,11.1192,1,
hjBzl1XMgfo_003,2.62649426e-01,6.54930498e-02,12.0636,1,
hjBzl1XMgfo_004,2.63936941e-01,5.30942030e-02,13.9291,1,
hjBzl1XMgfo_005,1.98578336e-01,6.55200417e-03,29.6312,1,
hjBzl1XMgfo_006,1.34147159e-01,9.52222257e-04,42.9769,1,
hm2Hm93gCjU_000,1.72710628e-01,3.68212279e-02,13.4244,1,
hm2Hm93gCjU_001,1.67847419e-01,7.89512788e-02,6.5511,1,
hm2Hm93gCjU_002,1.69083062e-01,9.25458922e-02,5.2349,1,
hm2Hm93gCjU_003,1.32431861e-01,6.41425678e-02,6.2969,1,
huOpj7AJpas_000,2.11234677e-01,4.75060380e-02,12.9603,1,
huOpj7AJpas_001,1.94701232e-01,7.46988587e-02,8.3211,1,
huOpj7AJpas_002,1.32461852e-01,6.40371541e-02,6.3132,1,
hxmM5bL2g0k_000,7.68358582e-02,1.52817439e-02,14.0278,1,
hxmM5bL2g0k_001,1.20915376e-01,1.88791902e-02,16.1300,1,
hxmM5bL2g0k_002,8.69252361e-02,2.88611270e-02,9.5767,1,
hxmM5bL2g0k_003,1.18677484e-01,3.07275651e-02,11.7368,1,
hxmM5bL2g0k_004,8.56127559e-02,3.44260449e-02,7.9130,1,
hxmM5bL2g0k_005,1.12953497e-01,4.18609479e-02,8.6218,1,
hxmM5bL2g0k_006,7.56849705e-02,4.36763663e-02,4.7753,1,
hxmM5bL2g0k_007,7.69498608e-02,4.06036758e-02,5.5528,1,
hxmM5bL2g0k_008,6.96790781e-02,3.93565869e-02,4.9617,1,
hxmM5bL2g0k_009,7.19664369e-02,4.53572207e-02,4.0097,1,
hxmM5bL2g0k_010,8.54984740e-02,4.35261535e-02,5.8642,1,
hxmM5bL2g0k_011,7.32895967e-02,3.92334483e-02,5.4277,1,
hxmM5bL2g0k_012,8.12189508e-02,4.34731610e-02,5.4287,1,
hxmM5bL2g0k_013,1.14727169e-01,2.77759110e-02,12.3200,1,
hxmM5bL2g0k_014,7.28776937e-02,5.52442214e-03,22.4062,1,
hxmM5bL2g0k_015,3.33152404e-02,2.23769261e-04,43.4569,1,
i-8A7MoeZrg_000,3.70976961e-02,7.28058194e-04,34.1436,1,
i-8A7MoeZrg_001,9.95902798e-02,8.34506313e-04,41.5357,1,
i-8A7MoeZrg_002,4.87235597e-02,2.85016531e-04,44.6574,1,
i-8A7MoeZrg_003,6.67091791e-02,9.54379586e-04,36.8893,1,
i-8A7MoeZrg_004,3.35876477e-02,7.29368068e-04,33.2647,1,
i-8A7MoeZrg_005,4.62891490e-02,2.93304113e-04,43.9632,1,
i-8A7MoeZrg_006,3.11328825e-02,2.80987509e-04,40.8906,1,
i-8A7MoeZrg_007,4.95275942e-02,5.42078970e-04,39.2157,1,
i-8A7MoeZrg_008,4.75049560e-02,3.94788861e-04,41.6075,1,
i-8A7MoeZrg_009,3.65850335e-02,2.85539961e-04,42.1527,1,
i-8A7MoeZrg_010,7.25457851e-02,7.48420020e-03,19.7293,1,
i0edA9BkOjc_000,2.20340346e-01,8.81298555e-02,7.9594,1,
i0edA9BkOjc_001,1.84674682e-01,8.98099412e-02,6.2617,1,
i0edA9BkOjc_002,1.77035715e-01,1.19028896e-01,3.4482,1,
i0edA9BkOjc_003,1.32726899e-01,6.41036334e-02,6.3215,1,
i1As-EBabRc_000,7.40462085e-02,1.00770682e-02,17.3234,1,
i1As-EBabRc_001,9.30728055e-02,1.64678427e-02,15.0437,1,
i1As-EBabRc_002,1.16314771e-01,1.29366142e-02,19.0763,1,
i1As-EBabRc_003,1.51351980e-01,1.72308597e-02,18.8736,1,
i1As-EBabRc_004,6.73547730e-02,3.53277471e-02,5.6050,1,
i1As-EBabRc_005,7.16193363e-02,4.30411629e-02,4.4229,1,
i1As-EBabRc_006,8.10645816e-02,3.85882341e-02,6.4475,1,
i1As-EBabRc_007,7.50587960e-02,4.19303913e-02,5.0575,1,
i1As-EBabRc_008,8.14111745e-02,4.54115482e-02,5.0704,1,
i1As-EBabRc_009,8.61744112e-02,3.15584357e-02,8.7253,1,
i1As-EBabRc_010,6.86228751e-02,4.01478486e-02,4.6561,1,
i1As-EBabRc_011,8.13954893e-02,4.33221427e-02,5.4778,1,
i1As-EBabRc_012,9.06140901e-02,4.47852535e-02,6.1212,1,
i1As-EBabRc_013,7.95865676e-02,3.76351000e-02,6.5049,1,
i1As-EBabRc_014,7.41331112e-02,4.58192932e-02,4.1793,1,
i1As-EBabRc_015,7.27217283e-02,4.45436314e-02,4.2576,1,
i1As-EBabRc_016,8.42951099e-02,2.81321170e-02,9.5320,1,
i1As-EBabRc_017,8.04666596e-02,7.80465651e-03,20.2652,1,
i1As-EBabRc_018,1.08479167e-01,9.29525409e-03,21.3417,1,
i1As-EBabRc_019,7.23357517e-02,6.60647657e-03,20.7877,1,
i1As-EBabRc_020,3.34681243e-02,2.43065243e-04,42.7782,1,
iFub1JSiYC4_000,1.52428632e-01,7.12672649e-02,6.6035,1,
iFub1JSiYC4_001,1.25473964e-01,6.18516146e-02,6.1441,1,
iFub1JSiYC4_002,1.78745241e-01,1.16318163e-01,3.7317,1,
iFub1JSiYC4_003,1.32842821e-01,6.42715473e-02,6.3064,1,
iG1olu8M82U_000,2.01368917e-01,6.78306126e-02,9.4513,1,
iG1olu8M82U_001,1.63965084e-01,5.19422310e-04,49.9846,1,
iG1olu8M82U_002,1.22882053e-01,3.83891658e-04,50.1056,1,
iG1olu8M82U_003,1.59509608e-01,4.98362426e-04,50.1048,1,
iG1olu8M82U_004,1.58337917e-01,5.00570506e-04,50.0024,1,
iG1olu8M82U_005,1.43680525e-01,9.10368964e-02,3.9636,1,
iG1olu8M82U_006,1.32878841e-01,6.40573786e-02,6.3377,1,
iIA9xASDxSE_000,1.84979910e-01,6.13123141e-02,9.5915,1,
iIA9xASDxSE_001,1.97802548e-01,6.83363776e-02,9.2316,1,
iIA9xASDxSE_002,2.18481960e-01,1.60455734e-03,42.6812,1,
iIA9xASDxSE_003,1.72532703e-01,9.79293378e-02,4.9192,1,
iIA9xASDxSE_004,1.33064412e-01,6.40332294e-02,6.3531,1,
iL4TJUbaAFM_000,3.97408986e-02,1.76552205e-02,7.0473,1,
iL4TJUbaAFM_001,4.82389918e-02,3.11469550e-02,3.7997,1,
iL4TJUbaAFM_002,4.27645147e-02,3.40811616e-02,1.9714,1,
iL4TJUbaAFM_003,3.45551835e-02,2.98637928e-02,1.2674,1,
iL4TJUbaAFM_004,4.76991363e-02,2.33099374e-02,6.2194,1,
iL4TJUbaAFM_005,5.11555857e-02,3.12017779e-02,4.2943,1,
iL4TJUbaAFM_006,5.40309719e-02,3.05270274e-02,4.9592,1,
iL4TJUbaAFM_007,7.15851227e-02,1.75348736e-02,12.2184,1,
iL4TJUbaAFM_008,3.33616660e-02,2.35957011e-04,43.0083,1,
iNmjK7_7Dto_000,1.93636412e-01,1.78648084e-03,40.6998,1,
iNmjK7_7Dto_001,2.46821550e-01,1.98882638e-03,41.8757,1,
iNmjK7_7Dto_002,4.63329196e-02,2.84735049e-03,24.2290,1,
iNmjK7_7Dto_003,4.56093292e-02,1.39423398e-02,10.2944,1,
iNmjK7_7Dto_004,2.33062769e-01,1.73255492e-02,22.5757,1,
iNmjK7_7Dto_005,2.25094092e-01,6.85776762e-02,10.3236,1,
iNmjK7_7Dto_006,1.32981656e-01,6.40971682e-02,6.3391,1,
iQA9WwEzrgE_000,1.76259421e-01,1.96955297e-03,39.0357,1,
iQA9WwEzrgE_001,1.89867214e-01,6.57158501e-02,9.2156,1,
iQA9WwEzrgE_002,1.76670054e-01,1.17413162e-01,3.5489,1,
iQA9WwEzrgE_003,1.32566365e-01,6.47598989e-02,6.2225,1,
ilsOhyrLOAY_000,8.44335798e-02,1.11795682e-02,17.5618,1,
ilsOhyrLOAY_001,6.47224958e-02,2.56062803e-02,8.0542,1,
ilsOhyrLOAY_002,1.17879304e-01,3.46133186e-02,10.6439,1,
ilsOhyrLOAY_003,1.20095283e-01,3.38496837e-02,10.9994,1,
ilsOhyrLOAY_004,1.16961127e-01,3.41962371e-02,10.6813,1,
ilsOhyrLOAY_005,7.32231701e-02,6.27685308e-03,21.3381,1,
ilsOhyrLOAY_006,3.35043636e-02,2.25671222e-04,43.4325,1,
iuZrOt4-KdU_000,2.36533738e-01,4.02089447e-02,15.3914,1,
iuZrOt4-KdU_001,1.73056652e-01,1.16948255e-01,3.4039,1,
iuZrOt4-KdU_002,1.32481499e-01,6.43056563e-02,6.2781,1,
ivS-TeGCbNc_000,1.80770838e-01,4.13423589e-02,12.8147,1,
ivS-TeGCbNc_001,1.86044716e-01,4.61308833e-02,12.1125,1,
ivS-TeGCbNc_002,1.82128913e-01,3.33805555e-02,14.7377,1,
ivS-TeGCbNc_003,2.04282074e-01,5.95082085e-02,10.7131,1,
ivS-TeGCbNc_004,1.32108895e-01,6.39856580e-02,6.2970,1,
ivVpXH_ZU8A_000,7.30329590e-02,6.65795581e-03,20.8036,1,
ivVpXH_ZU8A_001,1.01449726e-01,4.74487843e-04,46.6005,1,
ivVpXH_ZU8A_002,5.45336408e-02,4.48071988e-04,41.7063,1,
ivVpXH_ZU8A_003,5.07025198e-02,3.92171729e-04,42.2311,1,
ivVpXH_ZU8A_004,3.80721944e-02,2.49367924e-04,43.6753,1,
iz2lF-IiOZw_000,6.52212557e-02,5.07261075e-04,42.1832,1,
iz2lF-IiOZw_001,7.53893278e-02,5.12382334e-04,43.3543,1,
iz2lF-IiOZw_002,5.38770525e-02,2.22224535e-02,7.6922,1,
iz2lF-IiOZw_003,5.38036636e-02,2.62300329e-02,6.2403,1,
iz2lF-IiOZw_004,6.74494362e-02,2.74170611e-02,7.8191,1,
iz2lF-IiOZw_005,5.14625195e-02,2.44796051e-02,6.4537,1,
iz2lF-IiOZw_006,5.28521932e-02,2.53410129e-02,6.3848,1,
iz2lF-IiOZw_007,5.22536255e-02,1.52567542e-02,10.6931,1,
iz2lF-IiOZw_008,7.26318876e-02,7.13871858e-03,20.1501,1,
iz2lF-IiOZw_009,3.36084442e-02,2.40500416e-04,42.9067,1,
jGHOoOwKQdI_000,6.14277090e-02,3.72447833e-04,44.3460,1,
jGHOoOwKQdI_001,1.02474645e-01,8.17834138e-04,41.9590,1,
jGHOoOwKQdI_002,7.49155862e-02,3.64222806e-04,46.2641,1,
jGHOoOwKQdI_003,7.20392533e-02,3.87726116e-04,45.3809,1,
jGHOoOwKQdI_004,7.52343562e-02,3.16157401e-04,47.5303,1,
jGHOoOwKQdI_005,8.97917709e-02,6.61852642e-04,42.6495,1,
jGHOoOwKQdI_006,1.66690033e-01,7.78448095e-02,6.6136,1,
jGHOoOwKQdI_007,1.32602332e-01,6.42103831e-02,6.2989,1,
jNM5arBwwvY_000,1.10999918e-01,4.52401056e-02,7.7960,1,
jNM5arBwwvY_001,1.27165861e-01,6.95819759e-02,5.2375,1,
jNM5arBwwvY_002,1.22683082e-01,1.06335692e-01,1.2421,1,
jNM5arBwwvY_003,1.48576816e-01,1.12250411e-01,2.4353,1,
jNM5arBwwvY_004,1.33616248e-01,6.51359518e-02,6.2408,1,
jSQXgyb1vKY_000,1.76235543e-01,3.53529506e-02,13.9534,1,
jSQXgyb1vKY_001,2.75958713e-02,1.57454223e-02,4.8738,1,
jSQXgyb1vKY_002,3.01488850e-02,1.09662145e-02,8.7843,1,
jSQXgyb1vKY_003,8.58439132e-02,2.80223711e-03,29.7241,1,
jSQXgyb1vKY_004,4.07138415e-02,1.76399074e-03,27.2649,1,
jSQXgyb1vKY_005,4.45822016e-02,2.48470969e-03,25.0777,1,
jSQXgyb1vKY_006,3.63934680e-02,4.99051420e-03,17.2576,1,
jSQXgyb1vKY_007,1.64112317e-01,4.53564126e-02,11.1700,1,
jSQXgyb1vKY_008,1.14895469e-01,8.00517908e-02,3.1386,1,
jSQXgyb1vKY_009,1.32266190e-01,6.40077383e-02,6.3043,1,
jlAsU6rCaFU_000,5.88508111e-02,4.54064559e-02,2.2527,1,
jlAsU6rCaFU_001,6.92457916e-02,3.71671351e-02,5.4047,1,
jlAsU6rCaFU_002,9.44985837e-02,1.10739577e-02,18.6224,1,
jlAsU6rCaFU_003,6.38591758e-02,4.46115231e-02,3.1155,1,
jlAsU6rCaFU_004,6.37418260e-02,3.80291829e-02,4.4862,1,
jlAsU6rCaFU_005,7.48807876e-02,4.49719818e-02,4.4286,1,
jlAsU6rCaFU_006,8.15310769e-02,3.86850227e-02,6.4756,1,
jlAsU6rCaFU_007,8.90528214e-02,2.61193530e-02,10.6537,1,
jlAsU6rCaFU_008,7.18573557e-02,1.09882002e-02,16.3109,1,
jlAsU6rCaFU_009,3.36252135e-02,2.35513308e-04,43.0930,1,
jlBAcCH1jEI_000,7.55820845e-02,7.20672178e-04,40.4136,1,
jlBAcCH1jEI_001,5.77381292e-02,8.34504024e-03,16.8007,1,
jlBAcCH1jEI_002,8.84784174e-02,8.59733776e-04,40.2495,1,
jlBAcCH1jEI_003,8.77301797e-02,1.25661951e-03,36.8789,1,
jlBAcCH1jEI_004,5.60652792e-02,4.96906024e-04,41.0484,1,
jlBAcCH1jEI_005,7.84478168e-02,9.83088216e-04,38.0398,1,
jlBAcCH1jEI_006,6.21640167e-02,6.70139636e-04,39.3475,1,
jlBAcCH1jEI_007,7.72981113e-02,8.01216288e-04,39.6884,1,
jlBAcCH1jEI_008,5.48164909e-02,4.94936134e-04,40.8872,1,
jlBAcCH1jEI_009,4.80532501e-02,1.65941997e-03,29.2353,1,
jlBAcCH1jEI_010,5.13411288e-02,5.48973680e-04,39.4183,1,
jlBAcCH1jEI_011,5.32519625e-02,6.91396159e-04,37.7322,1,
jlBAcCH1jEI_012,6.80477638e-02,5.77016397e-03,21.4325,1,
jlBAcCH1jEI_013,3.35740966e-02,2.25531884e-04,43.4559,1,
jsbMIaUjAOo_000,1.51714045e-01,3.26015286e-02,13.3558,1,
jsbMIaUjAOo_001,1.53922834e-01,8.55788839e-02,5.0987,1,
jsbMIaUjAOo_002,1.54131548e-01,7.38225113e-02,6.3941,1,
jsbMIaUjAOo_003,1.75010357e-01,1.18016836e-01,3.4224,1,
jsbMIaUjAOo_004,1.33479934e-01,6.47826096e-02,6.2792,1,
jvknMvR2iVs_000,7.50692132e-02,2.28555340e-03,30.3294,1,
jvknMvR2iVs_001,4.08883714e-02,2.27066144e-03,25.1089,1,
jvknMvR2iVs_002,3.26513755e-02,8.49906314e-03,11.6906,1,
jvknMvR2iVs_003,1.69125062e-01,2.46088283e-03,36.7423,1,
jvknMvR2iVs_004,1.16818874e-01,4.29335472e-03,28.6943,1,
jvknMvR2iVs_005,3.35697692e-02,5.09999291e-03,16.3676,1,
jvknMvR2iVs_006,2.08441617e-01,3.32830289e-02,15.9352,1,
jvknMvR2iVs_007,2.10985429e-01,7.42873558e-02,9.0668,1,
jvknMvR2iVs_008,1.31761435e-01,6.38435211e-02,6.2934,1,
k9vrs-N106Q_000,1.86902311e-01,1.81029179e-02,20.2773,1,
k9vrs-N106Q_001,2.26221431e-01,2.68206514e-02,18.5213,1,
k9vrs-N106Q_002,2.42480547e-01,3.08408626e-02,17.9110,1,
k9vrs-N106Q_003,1.94020589e-01,3.80683104e-02,14.1457,1,
k9vrs-N106Q_004,1.04477762e-01,3.09571981e-02,10.5652,1,
kEYlLb7TH9o_000,2.03932791e-01,4.95587092e-02,12.2873,1,
kEYlLb7TH9o_001,1.79100703e-01,1.15074404e-01,3.8424,1,
kEYlLb7TH9o_002,1.34214486e-01,6.45053104e-02,6.3641,1,
kEjwIjbrwv8_000,8.23403504e-02,1.70195792e-02,13.6933,1,
kEjwIjbrwv8_001,9.32151723e-02,1.31882791e-02,16.9860,1,
kEjwIjbrwv8_002,1.11037778e-01,1.42904401e-02,17.8085,1,
kEjwIjbrwv8_003,9.17314876e-02,1.49869259e-02,15.7361,1,
kEjwIjbrwv8_004,1.06580720e-01,1.32383055e-02,18.1169,1,
kEjwIjbrwv8_005,1.02972929e-01,1.66357413e-02,15.8336,1,
kEjwIjbrwv8_006,7.24860506e-02,8.25323031e-03,18.8726,1,
kEjwIjbrwv8_007,3.35163543e-02,2.24726597e-04,43.4720,1,
kEnambyROA4_000,9.24526485e-02,7.03822840e-04,42.3691,1,
kEnambyROA4_001,1.09865951e-01,6.57790347e-04,44.4555,1,
kEnambyROA4_002,1.13711274e-01,9.52095324e-04,41.5425,1,
kEnambyROA4_003,1.42502580e-01,1.09103314e-03,42.3197,1,
kEnambyROA4_004,1.46365228e-01,8.80317524e-04,44.4160,1,
kEnambyROA4_005,1.08011981e-01,7.53890951e-04,43.1233,1,
kEnambyROA4_006,9.83612927e-02,7.77651124e-04,42.0408,1,
kEnambyROA4_007,9.24656690e-02,8.39904191e-04,40.8350,1,
kEnambyROA4_008,7.94513923e-02,7.16154506e-04,40.9019,1,
kEnambyROA4_009,1.11048954e-01,6.99231131e-04,44.0179,1,
kEnambyROA4_010,1.01901421e-01,7.09570647e-04,43.1437,1,
kEnambyROA4_011,7.82618473e-02,1.00279488e-03,37.8468,1,
kEnambyROA4_012,1.03588683e-01,8.27178013e-04,41.9543,1,
kEnambyROA4_013,1.27575901e-01,1.12111067e-03,41.1224,1,
kEnambyROA4_014,9.38846543e-02,8.02944494e-04,41.3582,1,
kEnambyROA4_015,1.32100971e-01,1.99068116e-03,36.4381,1,
kEnambyROA4_016,8.20011309e-02,9.23656456e-04,38.9662,1,
kEnambyROA4_017,1.01893631e-01,7.79332767e-04,42.3285,1,
kEnambyROA4_018,7.28721381e-02,7.70741450e-04,39.5131,1,
kEnambyROA4_019,7.24299439e-02,6.75299569e-03,20.6084,1,
kEnambyROA4_020,3.34880753e-02,2.70871370e-04,41.8425,1,
kUqvem6B2VY_000,7.33048327e-02,5.21689068e-03,22.9544,1,
kUqvem6B2VY_001,3.99401301e-02,4.91515545e-04,38.1974,1,
kUqvem6B2VY_002,4.00598219e-02,4.31254597e-03,19.3595,1,
kUqvem6B2VY_003,3.64934602e-02,7.53548938e-03,13.7021,1,
kUqvem6B2VY_004,6.03822728e-02,8.88472208e-03,16.6453,1,
kUqvem6B2VY_005,3.95056904e-02,9.70704413e-03,12.1915,1,
kUqvem6B2VY_006,4.60210333e-02,9.54152655e-03,13.6668,1,
kUqvem6B2VY_007,3.30266528e-02,9.76853266e-03,10.5807,1,
kUqvem6B2VY_008,2.84896723e-02,1.85942182e-04,43.7062,1,
kdoFevWmZms_000,7.30887292e-02,5.82430612e-03,21.9721,1,
kdoFevWmZms_001,4.80967595e-02,4.31410023e-04,40.9445,1,
kdoFevWmZms_002,4.48406606e-02,3.37233767e-04,42.4748,1,
kdoFevWmZms_003,3.79002679e-02,2.60273298e-04,43.2643,1,
kipF8C4tuLA_000,1.54634742e-01,5.66761273e-02,8.7181,1,
kipF8C4tuLA_001,2.01331916e-01,4.45416628e-02,13.1029,1,
kipF8C4tuLA_002,1.77444101e-01,1.20633192e-01,3.3519,1,
kipF8C4tuLA_003,1.31592165e-01,6.38297182e-02,6.2841,1,
kpDQ-6ifdHQ_000,1.54586409e-01,6.62814211e-02,7.3556,1,
kpDQ-6ifdHQ_001,1.14019645e-01,6.08818511e-02,5.4498,1,
kpDQ-6ifdHQ_002,2.09302121e-01,3.64046919e-02,15.1923,1,
kpDQ-6ifdHQ_003,1.70056887e-01,7.07853572e-02,7.6130,1,
kpDQ-6ifdHQ_004,1.77282160e-01,1.22238407e-01,3.2291,1,
kpDQ-6ifdHQ_005,1.32807328e-01,6.41481492e-02,6.3208,1,
kwcy-9CHGdk_000,7.48861694e-02,6.20789173e-03,21.6291,1,
kwcy-9CHGdk_001,3.29070774e-02,1.91327051e-02,4.7103,1,
kwcy-9CHGdk_002,3.37319977e-02,2.70261710e-02,1.9252,1,
kwcy-9CHGdk_003,3.98552181e-02,1.27638216e-02,9.8901,1,
kwcy-9CHGdk_004,3.79233750e-02,8.16766061e-04,33.3362,1,
kwcy-9CHGdk_005,8.17987788e-02,3.95369234e-03,26.3149,1,
kwcy-9CHGdk_006,3.36514544e-02,2.29010212e-04,43.3430,1,
l0h9wUTrNbI_000,7.46814047e-02,5.45790349e-03,22.7237,1,
l0h9wUTrNbI_001,3.40050216e-02,2.42088145e-04,42.9514,1,
l3maA9F6wt0_000,4.22537390e-02,1.19998755e-03,30.9338,1,
l3maA9F6wt0_001,5.36754476e-02,4.53900568e-04,41.4563,1,
l3maA9F6wt0_002,6.53148124e-02,8.23030824e-04,37.9919,1,
l3maA9F6wt0_003,3.46545017e-02,1.08615062e-02,10.0774,1,
l3maA9F6wt0_004,6.23090466e-02,5.91654777e-04,40.4497,1,
l3maA9F6wt0_005,3.17770888e-02,9.08921185e-03,10.8718,1,
l3maA9F6wt0_006,4.53081245e-02,3.45940277e-04,42.3435,1,
l3maA9F6wt0_007,3.77479238e-02,8.87786195e-03,12.5717,1,
l3maA9F6wt0_008,4.64975822e-02,5.32627327e-04,38.8201,1,
l3maA9F6wt0_009,3.39867804e-02,8.65228537e-03,11.8836,1,
l3maA9F6wt0_010,4.84066841e-02,4.42371698e-04,40.7824,1,
l3maA9F6wt0_011,3.05976787e-02,8.94130632e-03,10.6858,1,
l3maA9F6wt0_012,3.90569148e-02,8.47936788e-03,13.2667,1,
l3maA9F6wt0_013,7.27331685e-02,6.02904357e-03,21.6297,1,
l5I1tLaBdDA_000,2.01954342e-01,5.02946791e-02,12.0746,1,
l5I1tLaBdDA_001,2.15104984e-01,8.72286601e-02,7.8398,1,
l5I1tLaBdDA_002,1.92590728e-01,1.01630448e-01,5.5522,1,
l5I1tLaBdDA_003,2.14848969e-01,1.04078190e-01,6.2955,1,
l5I1tLaBdDA_004,2.05760024e-01,1.06174438e-01,5.7468,1,
l5I1tLaBdDA_005,1.76727835e-01,1.17234293e-01,3.5650,1,
l5I1tLaBdDA_006,1.32000552e-01,6.39330809e-02,6.2970,1,
lLRQzWscCQ8_000,7.31921244e-02,5.44475629e-03,22.5697,1,
lLRQzWscCQ8_001,5.51642955e-02,7.10661708e-03,17.7999,1,
lLRQzWscCQ8_002,2.85418935e-02,1.75161327e-04,44.2409,1,
lO5UnkHDgE0_000,1.20853672e-01,7.03074582e-04,44.7052,1,
lO5UnkHDgE0_001,9.69732879e-02,4.86585368e-03,25.9899,1,
lO5UnkHDgE0_002,9.36936777e-02,2.92151961e-03,30.1220,1,
lO5UnkHDgE0_003,7.26230521e-02,8.96111812e-04,38.1742,1,
lO5UnkHDgE0_004,5.60257568e-02,1.25427374e-03,32.9999,1,
lO5UnkHDgE0_005,6.57134575e-02,6.98176379e-04,39.4738,1,
lO5UnkHDgE0_006,6.94833853e-02,3.07163078e-03,27.0902,1,
lO5UnkHDgE0_007,3.34594478e-02,2.37646323e-04,42.9718,1,
lQ9Ptj6nQCE_000,1.08939430e-01,2.09130513e-02,14.3354,1,
lQ9Ptj6nQCE_001,1.92411682e-01,9.77661719e-02,5.8809,1,
lQ9Ptj6nQCE_002,1.33015024e-01,6.44553996e-02,6.2928,1,
lSPNfjuh5ho_000,1.32397342e-01,1.61100254e-02,18.2957,1,
lSPNfjuh5ho_001,1.27292412e-01,2.59581472e-02,13.8106,1,
lSPNfjuh5ho_002,1.33384660e-01,3.83552655e-02,10.8256,1,
lSPNfjuh5ho_003,1.15252959e-01,4.24204020e-02,8.6815,1,
lSPNfjuh5ho_004,6.62619392e-02,5.26790026e-02,1.9925,1,
lSPNfjuh5ho_005,3.34830014e-02,2.29390395e-04,43.2850,1,
lZZoMgE8On4_000,1.52385230e-01,1.38291702e-03,40.8429,1,
lZZoMgE8On4_001,1.10016729e-01,1.35923009e-02,18.1633,1,
lZZoMgE8On4_002,1.46165361e-01,2.26992144e-02,16.1767,1,
lZZoMgE8On4_003,1.18362679e-01,3.71682685e-02,10.0608,1,
lZZoMgE8On4_004,9.62906953e-02,3.18236933e-02,9.6167,1,
lZZoMgE8On4_005,1.00579275e-01,4.22691338e-02,7.5297,1,
lZZoMgE8On4_006,1.32532956e-01,4.23180915e-02,9.9160,1,
lZZoMgE8On4_007,1.37049025e-01,4.30418128e-02,10.0597,1,
lZZoMgE8On4_008,1.03255236e-01,4.09693848e-02,8.0291,1,
lZZoMgE8On4_009,1.02879735e-01,3.63831029e-02,9.0286,1,
lZZoMgE8On4_010,1.27114508e-01,3.43619007e-02,11.3624,1,
lZZoMgE8On4_011,1.17926646e-01,3.17940956e-02,11.3853,1,
lZZoMgE8On4_012,1.60637441e-01,3.52622823e-02,13.1707,1,
lZZoMgE8On4_013,1.22131364e-01,4.41135736e-02,8.8451,1,
lZZoMgE8On4_014,1.14586393e-01,3.96081114e-02,9.2270,1,
lZZoMgE8On4_015,9.88281387e-02,2.47676425e-02,12.0199,1,
lZZoMgE8On4_016,7.23448837e-02,8.21061442e-03,18.9006,1,
lZZoMgE8On4_017,3.34837311e-02,2.23527845e-04,43.5100,1,
m6OSbnAy7zw_000,1.87802083e-01,1.52345779e-03,41.8174,1,
m6OSbnAy7zw_001,1.92164767e-01,1.44297217e-03,42.4883,1,
m6OSbnAy7zw_002,1.91628727e-01,9.85147678e-02,5.7792,1,
m6OSbnAy7zw_003,1.33086656e-01,6.39412063e-02,6.3671,1,
mAY9rHmQCFE_000,7.13443578e-02,2.62552771e-02,8.6829,1,
mAY9rHmQCFE_001,1.97091497e-01,6.46193702e-02,9.6861,1,
mAY9rHmQCFE_002,1.32838172e-01,6.40306854e-02,6.3387,1,
mh2gkX1tceE_000,7.29911011e-02,6.56860388e-03,20.9159,1,
mh2gkX1tceE_001,4.78398568e-02,3.56461921e-04,42.5555,1,
mh2gkX1tceE_002,3.62972191e-02,2.44345407e-04,43.4374,1,
mh2gkX1tceE_003,3.80195304e-02,2.38603315e-04,44.0466,1,
mlNSL9Bt5dw_000,1.69851544e-01,2.23062711e-02,17.6329,1,
mlNSL9Bt5dw_001,1.40629622e-01,9.15095360e-04,43.7322,1,
mlNSL9Bt5dw_002,2.21313787e-01,3.68118209e-02,15.5804,1,
mlNSL9Bt5dw_003,2.07369534e-01,7.12151657e-02,9.2834,1,
mlNSL9Bt5dw_004,1.99199059e-01,8.73809720e-02,7.1574,1,
mlNSL9Bt5dw_005,1.96916830e-01,9.35116195e-02,6.4683,1,
mlNSL9Bt5dw_006,4.06318972e-02,4.06726486e-03,19.9913,1,
mlNSL9Bt5dw_007,9.15921861e-02,6.04988570e-02,3.6022,1,
mlNSL9Bt5dw_008,1.32849184e-01,6.42340380e-02,6.3119,1,
myyXZNJtXoM_000,9.75812358e-02,5.85659538e-02,4.4344,1,
myyXZNJtXoM_001,1.84317934e-01,1.05137797e-01,4.8762,1,
myyXZNJtXoM_002,1.34973814e-01,5.25916914e-02,8.1866,1,
n3ZQI3jtmuE_000,3.00211924e-01,1.46546775e-03,46.2290,1,
n3ZQI3jtmuE_001,2.93877971e-01,1.58707321e-02,25.3514,1,
n3ZQI3jtmuE_002,1.32415296e-01,4.16260128e-02,10.0515,1,
n584e3exz7Y_000,9.05043558e-02,5.92952904e-04,43.6730,1,
n584e3exz7Y_001,8.79511230e-02,4.05540937e-03,26.7241,1,
n584e3exz7Y_002,6.88784877e-02,8.90387475e-03,17.7701,1,
n584e3exz7Y_003,8.77846335e-02,5.37156466e-04,44.2664,1,
n584e3exz7Y_004,7.70665774e-02,4.03790374e-03,25.6142,1,
n584e3exz7Y_005,1.13808443e-01,7.26231196e-04,43.9020,1,
n584e3exz7Y_006,7.53505385e-02,2.13697999e-03,30.9457,1,
n584e3exz7Y_007,7.76236766e-02,9.97438171e-04,37.8222,1,
n584e3exz7Y_008,6.90774610e-02,7.93304476e-04,38.7979,1,
n584e3exz7Y_009,1.00619116e-01,7.65410020e-04,42.3757,1,
n584e3exz7Y_010,7.07616998e-02,6.86533267e-04,40.2627,1,
n584e3exz7Y_011,8.55021996e-02,7.37087174e-04,41.2892,1,
n584e3exz7Y_012,6.02154314e-02,6.36068665e-04,39.5241,1,
n584e3exz7Y_013,1.13146477e-01,7.10969332e-04,44.0358,1,
n584e3exz7Y_014,1.07215763e-01,5.71867334e-04,45.4593,1,
n584e3exz7Y_015,7.49488351e-02,1.17845990e-03,36.0690,1,
n584e3exz7Y_016,8.13719313e-02,6.84796082e-04,41.4983,1,
n584e3exz7Y_017,9.62444243e-02,1.88336320e-03,34.1688,1,
n584e3exz7Y_018,8.08609854e-02,6.66115480e-04,41.6838,1,
n584e3exz7Y_019,9.21645660e-02,7.11359006e-04,42.2495,1,
n584e3exz7Y_020,8.19484235e-02,7.14580682e-04,41.1898,1,
n584e3exz7Y_021,8.09169379e-02,5.35539450e-04,43.5850,1,
n584e3exz7Y_022,8.44102374e-02,9.95307157e-04,38.5688,1,
n584e3exz7Y_023,8.37901010e-02,8.27514043e-04,40.1083,1,
n584e3exz7Y_024,7.49782829e-02,7.26462336e-04,40.2744,1,
n584e3exz7Y_025,7.00831216e-02,9.96045649e-04,36.9467,1,
n584e3exz7Y_026,6.04575576e-02,9.22730067e-04,36.3275,1,
n584e3exz7Y_027,6.79437847e-02,5.73814038e-04,41.4676,1,
n584e3exz7Y_028,8.31755721e-02,6.54143904e-04,42.0864,1,
n584e3exz7Y_029,8.09378139e-02,9.51272278e-04,38.5969,1,
n584e3exz7Y_030,8.56614986e-02,8.40918035e-04,40.1606,1,
n584e3exz7Y_031,8.54927678e-02,6.98995656e-04,41.7491,1,
n584e3exz7Y_032,1.15884711e-01,5.63559503e-04,46.2617,1,
n584e3exz7Y_033,1.06489510e-01,6.03366251e-04,44.9345,1,
n584e3exz7Y_034,1.01421478e-01,1.78097032e-03,35.1095,1,
n584e3exz7Y_035,8.58108350e-02,6.22377225e-04,42.7898,1,
n584e3exz7Y_036,6.79141020e-02,6.41414992e-03,20.4964,1,
n584e3exz7Y_037,3.35114094e-02,2.76027028e-04,41.6848,1,
nCgFcwX9xMw_000,2.12159780e-01,4.40244678e-02,13.6594,1,
nCgFcwX9xMw_001,2.04987966e-01,4.41418197e-02,13.3376,1,
nCgFcwX9xMw_002,1.02595193e-01,4.12403680e-02,7.9161,1,
nCgFcwX9xMw_003,1.94684206e-01,4.42854086e-02,12.8614,1,
nCgFcwX9xMw_004,1.34052323e-01,1.08307151e-03,41.8523,1,
nKEgFhap4q0_000,4.49925095e-02,4.65056374e-04,39.7127,1,
nKEgFhap4q0_001,4.66746079e-02,3.26331652e-04,43.1084,1,
nKEgFhap4q0_002,4.74660954e-02,3.25517284e-04,43.2762,1,
nKEgFhap4q0_003,4.49427428e-02,3.45788532e-04,42.2770,1,
nKEgFhap4q0_004,3.80215378e-02,7.56130642e-03,14.0287,1,
nKEgFhap4q0_005,3.65386192e-02,1.25407481e-02,9.2886,1,
nKEgFhap4q0_006,3.86394470e-02,1.33244466e-02,9.2476,1,
nKEgFhap4q0_007,4.49543311e-02,1.08959634e-02,12.3101,1,
nKEgFhap4q0_008,4.13046119e-02,4.11774130e-04,40.0268,1,
nKEgFhap4q0_009,4.23807085e-02,8.20242780e-03,14.2645,1,
nKEgFhap4q0_010,3.16124261e-02,1.18510728e-02,8.5220,1,
nKEgFhap4q0_011,7.78611260e-02,5.51629285e-03,22.9935,1,
nKEgFhap4q0_012,3.35730951e-02,2.32192651e-04,43.2029,1,
naqbrcuqhYc_000,9.31727022e-02,1.17583811e-02,17.9788,1,
naqbrcuqhYc_001,6.66136620e-02,2.26040273e-02,9.3875,1,
naqbrcuqhYc_002,8.02728857e-02,2.73167144e-02,9.3628,1,
naqbrcuqhYc_003,7.44459218e-02,3.43508318e-02,6.7181,1,
naqbrcuqhYc_004,7.32067812e-02,3.19640713e-02,7.1978,1,
naqbrcuqhYc_005,7.68507438e-02,2.97925175e-02,8.2308,1,
naqbrcuqhYc_006,7.72653828e-02,3.43296366e-02,7.0463,1,
naqbrcuqhYc_007,8.29479194e-02,3.40140036e-02,7.7430,1,
naqbrcuqhYc_008,7.56359672e-02,3.11694385e-02,7.7000,1,
naqbrcuqhYc_009,7.87609325e-02,3.02195082e-02,8.3205,1,
naqbrcuqhYc_010,6.20407104e-02,3.53599788e-02,4.8833,1,
naqbrcuqhYc_011,9.00176444e-02,3.57647661e-02,8.0174,1,
naqbrcuqhYc_012,7.20256224e-02,2.94780073e-02,7.7598,1,
naqbrcuqhYc_013,8.47427031e-02,2.12669235e-02,12.0080,1,
naqbrcuqhYc_014,7.45331862e-02,5.02541717e-03,23.4236,1,
naqbrcuqhYc_015,3.36495876e-02,2.28453645e-04,43.3636,1,
ncIeYYcpTHQ_000,1.72424951e-01,1.11031166e-02,23.8231,1,
ncIeYYcpTHQ_001,1.61069450e-01,5.04854866e-02,10.0769,1,
ncIeYYcpTHQ_002,1.67497923e-01,7.89392990e-02,6.5343,1,
ncIeYYcpTHQ_003,1.70064925e-01,8.68159348e-02,5.8403,1,
ncIeYYcpTHQ_004,1.32397769e-01,6.42458747e-02,6.2807,1,
nfRHPZcp-0Y_000,6.55137308e-02,3.97818636e-02,4.3329,1,
nfRHPZcp-0Y_001,7.12426658e-02,4.19140011e-02,4.6076,1,
nfRHPZcp-0Y_002,1.78948310e-01,1.18902085e-01,3.5508,1,
nfRHPZcp-0Y_003,1.32715809e-01,6.45289933e-02,6.2634,1,
ngkZnFdgUGo_000,8.06572415e-02,2.49458047e-02,10.1929,1,
ngkZnFdgUGo_001,7.57338003e-02,4.12160235e-02,5.2845,1,
ngkZnFdgUGo_002,7.78994676e-02,4.36914011e-02,5.0228,1,
ngkZnFdgUGo_003,6.98331131e-02,3.96428119e-02,4.9179,1,
ngkZnFdgUGo_004,7.21278136e-02,3.96058786e-02,5.2069,1,
ngkZnFdgUGo_005,6.21230355e-02,2.45399636e-02,8.0676,1,
ngkZnFdgUGo_006,7.87403221e-02,3.84312130e-02,6.2303,1,
ngkZnFdgUGo_007,7.42458806e-02,3.95919538e-02,5.4613,1,
ngkZnFdgUGo_008,6.41603941e-02,4.07274000e-02,3.9476,1,
ngkZnFdgUGo_009,9.20940113e-02,2.51578325e-02,11.2712,1,
ngkZnFdgUGo_010,7.24820422e-02,6.79645475e-03,20.5590,1,
ngkZnFdgUGo_011,3.35046123e-02,2.40846543e-04,42.8673,1,
nvTbhTrDJI0_000,1.90664426e-01,2.63596519e-02,17.1866,1,
nvTbhTrDJI0_001,2.19955652e-01,2.63976183e-02,18.4154,1,
nvTbhTrDJI0_002,1.52185793e-01,7.49558616e-02,6.1514,1,
nvTbhTrDJI0_003,1.54942003e-01,5.94399637e-02,8.3218,1,
nvTbhTrDJI0_004,2.20209438e-01,7.16680660e-02,9.7502,1,
nvTbhTrDJI0_005,1.45395128e-01,5.21774464e-02,8.9013,1,
nvTbhTrDJI0_006,1.70385598e-01,7.91350490e-02,6.6613,1,
nvTbhTrDJI0_007,1.78095506e-01,7.48765121e-02,7.5261,1,
nvTbhTrDJI0_008,1.96137439e-01,6.78742176e-02,9.2171,1,
nvTbhTrDJI0_009,1.78420941e-01,5.39885109e-02,10.3829,1,
nvTbhTrDJI0_010,1.77029848e-01,1.18437886e-01,3.4911,1,
nvTbhTrDJI0_011,1.33368150e-01,6.52965817e-02,6.2032,1,
nx01uWRkqlQ_000,8.92665952e-02,5.99838570e-04,43.4531,1,
nx01uWRkqlQ_001,5.99321735e-02,1.73422433e-02,10.7711,1,
nx01uWRkqlQ_002,5.54238207e-02,2.19406325e-02,8.0489,1,
nx01uWRkqlQ_003,5.56023703e-02,1.95944425e-02,9.0592,1,
nx01uWRkqlQ_004,7.77155312e-02,1.88311868e-02,12.3126,1,
nx01uWRkqlQ_005,5.42550878e-02,2.11717125e-02,8.1737,1,
nx01uWRkqlQ_006,6.21244281e-02,2.72926473e-02,7.1443,1,
nx01uWRkqlQ_007,5.45360678e-02,2.54907711e-02,6.6060,1,
nx01uWRkqlQ_008,6.40682559e-02,2.19469325e-02,9.3054,1,
nx01uWRkqlQ_009,5.49942067e-02,2.52598256e-02,6.7577,1,
nx01uWRkqlQ_010,5.35461609e-02,2.45447561e-02,6.7754,1,
nx01uWRkqlQ_011,7.84314395e-02,2.82987420e-02,8.8545,1,
nx01uWRkqlQ_012,7.42327251e-02,2.32133007e-02,10.0972,1,
nx01uWRkqlQ_013,7.37353807e-02,7.19758553e-03,20.2098,1,
nx01uWRkqlQ_014,3.35143377e-02,2.27716968e-04,43.3567,1,
o0tTotoFe5M_000,5.87799049e-02,2.31387542e-02,8.0978,1,
o0tTotoFe5M_001,8.62584813e-02,2.40964362e-02,11.0770,1,
o0tTotoFe5M_002,1.29363612e-01,2.11770462e-02,15.7189,1,
o0tTotoFe5M_003,6.22079692e-02,2.59816275e-02,7.5836,1,
o0tTotoFe5M_004,7.10560492e-02,2.03653518e-02,10.8542,1,
o0tTotoFe5M_005,6.00225703e-02,2.17066808e-02,8.8344,1,
o0tTotoFe5M_006,6.13363194e-02,2.29468084e-02,8.5399,1,
o0tTotoFe5M_007,6.36774368e-02,2.19848809e-02,9.2372,1,
o0tTotoFe5M_008,6.81693169e-02,2.46131146e-02,8.8484,1,
o0tTotoFe5M_009,6.31524595e-02,2.20261335e-02,9.1490,1,
o0tTotoFe5M_010,7.63427488e-02,2.22274924e-02,10.7175,1,
o0tTotoFe5M_011,8.87760196e-02,2.44667378e-02,11.1944,1,
o0tTotoFe5M_012,6.23906547e-02,2.68917675e-02,7.3100,1,
o0tTotoFe5M_013,6.48764102e-02,1.49168820e-02,12.7682,1,
o0tTotoFe5M_014,6.18629255e-02,1.98027741e-02,9.8941,1,
o0tTotoFe5M_015,7.47653365e-02,4.04649039e-03,25.3324,1,
o0tTotoFe5M_016,1.08837345e-01,4.47508095e-03,27.7195,1,
o0tTotoFe5M_017,9.43483022e-02,5.57552481e-03,24.5690,1,
o0tTotoFe5M_018,1.04276757e-01,2.84710959e-03,31.2757,1,
o0tTotoFe5M_019,1.15111446e-01,3.33142921e-03,30.7698,1,
o0tTotoFe5M_020,9.97225636e-02,1.44497800e-03,36.7786,1,
o0tTotoFe5M_021,1.05161836e-01,2.44507033e-03,32.6713,1,
o0tTotoFe5M_022,6.39643722e-02,2.16980108e-02,9.3904,1,
o0tTotoFe5M_023,6.99963432e-02,1.77709545e-02,11.9073,1,
o0tTotoFe5M_024,7.65318224e-02,1.39588892e-02,14.7798,1,
o0tTotoFe5M_025,7.64859154e-02,1.88571009e-02,12.1621,1,
o0tTotoFe5M_026,6.91800808e-02,1.68600021e-02,12.2625,1,
o0tTotoFe5M_027,9.61444551e-02,1.83094712e-02,14.4050,1,
o0tTotoFe5M_028,7.37829894e-02,1.99294913e-02,11.3692,1,
o0tTotoFe5M_029,7.29434808e-02,7.33755762e-03,19.9487,1,
o0tTotoFe5M_030,3.35656650e-02,2.34386202e-04,43.1193,1,
oHqPUYmq_Ug_000,2.15714139e-01,3.17617565e-02,16.6395,1,
oHqPUYmq_Ug_001,1.87151160e-01,2.55648533e-02,17.2910,1,
oHqPUYmq_Ug_002,1.49450883e-01,3.20185369e-02,13.3819,1,
oHqPUYmq_Ug_003,1.62091663e-01,5.05165265e-02,10.1265,1,
oHqPUYmq_Ug_004,1.74862731e-01,1.20015518e-01,3.2692,1,
oHqPUYmq_Ug_005,1.32924310e-01,6.46542020e-02,6.2602,1,
oRhMEzUTOYU_000,1.67341194e-01,5.07720372e-02,10.3596,1,
oRhMEzUTOYU_001,1.71834676e-01,8.94094259e-02,5.6746,1,
oRhMEzUTOYU_002,1.33061997e-01,6.37833339e-02,6.3869,1,
o__z0xfi-DY_000,8.88973251e-02,4.15105543e-04,46.6146,1,
o__z0xfi-DY_001,7.20757917e-02,8.29703202e-03,18.7773,1,
o__z0xfi-DY_002,3.35784444e-02,2.36158287e-04,43.0571,1,
ofwQOtQzB_M_000,6.14763155e-02,6.53573266e-04,39.4683,1,
ofwQOtQzB_M_001,6.25119501e-02,2.25319985e-02,8.8633,1,
ofwQOtQzB_M_002,5.54209565e-02,2.98715958e-02,5.3683,1,
ofwQOtQzB_M_003,4.53265510e-02,2.31996075e-02,5.8174,1,
ofwQOtQzB_M_004,4.50394222e-02,3.16993154e-02,3.0509,1,
ofwQOtQzB_M_005,6.36408951e-02,7.22897275e-04,38.8932,1,
ofwQOtQzB_M_006,6.85276711e-02,5.94656819e-03,21.2320,1,
ofwQOtQzB_M_007,3.33463205e-02,2.59944309e-04,42.1634,1,
p-QSXN8bce4_000,4.84729786e-02,2.30841990e-02,6.4437,1,
p-QSXN8bce4_001,7.36857062e-02,1.45127581e-02,14.1127,1,
p-QSXN8bce4_002,8.82094935e-02,2.07685146e-02,12.5622,1,
p-QSXN8bce4_003,9.44071590e-02,2.11785305e-02,12.9822,1,
p-QSXN8bce4_004,9.89867891e-02,1.97787462e-02,13.9876,1,
p-QSXN8bce4_005,7.22014079e-02,7.98773086e-03,19.1224,1,
p-QSXN8bce4_006,3.35818055e-02,2.27578926e-04,43.3794,1,
p0JmhpXQ2rw_000,1.88190847e-01,4.43046146e-02,12.5630,1,
p0JmhpXQ2rw_001,3.56620732e-04,8.42461267e-02,-47.4669,1,
p0JmhpXQ2rw_002,1.80080312e-01,1.16351648e-01,3.7939,1,
p0JmhpXQ2rw_003,1.32199339e-01,6.45156680e-02,6.2313,1,
p4Lb0PUk7U4_000,2.44980834e-01,4.67170183e-02,14.3931,1,
p4Lb0PUk7U4_001,1.84868834e-01,5.68098994e-02,10.2488,1,
p4Lb0PUk7U4_002,2.31451992e-01,7.07764267e-02,10.2914,1,
p4Lb0PUk7U4_003,1.77584012e-01,1.18363377e-01,3.5237,1,
p4Lb0PUk7U4_004,1.32539778e-01,6.44508556e-02,6.2624,1,
pHbtsTczrrc_000,2.04888353e-01,5.38591423e-02,11.6052,1,
pHbtsTczrrc_001,1.94389237e-01,4.83014316e-02,12.0942,1,
pHbtsTczrrc_002,1.75740283e-01,1.15728305e-01,3.6286,1,
pHbtsTczrrc_003,1.33006816e-01,6.39185333e-02,6.3649,1,
pObiqaGBlZk_000,1.48982730e-01,4.72519819e-02,9.9743,1,
pObiqaGBlZk_001,1.66560034e-01,3.74828207e-02,12.9548,1,
pObiqaGBlZk_002,1.77017053e-01,4.74597532e-02,11.4338,1,
pObiqaGBlZk_003,1.74336019e-01,1.17298814e-01,3.4419,1,
pObiqaGBlZk_004,1.32946215e-01,6.41290558e-02,6.3324,1,
pR4PVYPBNGI_000,1.65217536e-01,2.39343279e-02,16.7807,1,
pR4PVYPBNGI_001,1.15838572e-01,5.21238580e-02,6.9363,1,
pR4PVYPBNGI_002,1.90998041e-01,5.51153303e-02,10.7951,1,
pR4PVYPBNGI_003,1.60649730e-01,4.15467902e-02,11.7469,1,
pR4PVYPBNGI_004,1.73807515e-01,3.59280989e-02,13.6927,1,
pR4PVYPBNGI_005,1.73408597e-01,3.62338679e-02,13.5991,1,
pR4PVYPBNGI_006,1.81945771e-01,3.48478556e-02,14.3553,1,
pR4PVYPBNGI_007,1.87711792e-01,4.09990303e-02,13.2144,1,
pR4PVYPBNGI_008,1.25375955e-01,3.92999601e-02,10.0764,1,
pR4PVYPBNGI_009,1.87512927e-01,9.54897449e-02,5.8615,1,
pR4PVYPBNGI_010,1.32974522e-01,6.45674521e-02,6.2751,1,
pSywdH596jI_000,1.88770922e-01,1.86880288e-03,40.0874,1,
pSywdH596jI_001,1.88504589e-01,1.70304398e-02,20.8819,1,
pSywdH596jI_002,1.92851237e-01,1.86161471e-02,20.3067,1,
pSywdH596jI_003,2.11560754e-01,1.61178288e-02,22.3626,1,
pSywdH596jI_004,1.77559858e-01,1.20856020e-01,3.3415,1,
pSywdH596jI_005,1.33312516e-01,6.39409223e-02,6.3818,1,
pVn529r5yWc_000,1.69915757e-01,2.87297852e-02,15.4380,1,
pVn529r5yWc_001,1.29153920e-01,2.03124214e-02,16.0669,1,
pVn529r5yWc_002,1.73399690e-01,5.24123022e-02,10.3923,1,
pVn529r5yWc_003,1.85180189e-01,1.08950772e-01,4.6073,1,
pVn529r5yWc_004,1.32292525e-01,6.38901662e-02,6.3220,1,
papSH97_ASI_000,6.97527566e-02,5.61527209e-04,41.8838,1,
papSH97_ASI_001,6.20532934e-02,4.19780434e-03,23.3949,1,
papSH97_ASI_002,6.36994727e-02,8.23330292e-04,37.7712,1,
papSH97_ASI_003,5.90189818e-02,7.11819740e-03,18.3724,1,
papSH97_ASI_004,6.55573124e-02,5.61097279e-04,41.3517,1,
papSH97_ASI_005,7.76523575e-02,6.21432673e-03,21.9352,1,
papSH97_ASI_006,3.33007376e-02,2.25705494e-04,43.3782,1,
ph0ZsgRG4w0_000,1.39761321e-01,3.88550910e-02,11.1188,1,
ph0ZsgRG4w0_001,1.34441618e-01,6.78101179e-02,5.9448,1,
ph0ZsgRG4w0_002,1.46451217e-01,8.59250615e-02,4.6315,1,
ph0ZsgRG4w0_003,1.45611725e-01,8.79940927e-02,4.3749,1,
ph0ZsgRG4w0_004,1.31903772e-01,6.44051901e-02,6.2267,1,
pkdxwDYU9Bo_000,1.13516102e-01,2.01756248e-02,15.0046,1,
pkdxwDYU9Bo_001,9.19896474e-02,2.05707528e-02,13.0098,1,
pkdxwDYU9Bo_002,6.33402163e-02,3.53738027e-04,45.0600,1,
pkdxwDYU9Bo_003,9.46230028e-02,1.93873334e-02,13.7696,1,
pkdxwDYU9Bo_004,1.20284246e-01,2.08206289e-02,15.2343,1,
pkdxwDYU9Bo_005,1.04355509e-01,1.84707441e-02,15.0406,1,
pkdxwDYU9Bo_006,1.31417667e-01,8.44813078e-04,43.8379,1,
pkdxwDYU9Bo_007,7.20829069e-02,8.09863599e-03,18.9884,1,
pkdxwDYU9Bo_008,3.34652887e-02,2.37451550e-04,42.9804,1,
pu2RV-9xVtk_000,3.49694162e-02,2.90079102e-02,1.6234,1,
pu2RV-9xVtk_001,3.23994462e-02,5.45224145e-02,-4.5207,1,
pu2RV-9xVtk_002,1.80332565e-01,7.55304445e-02,7.5590,1,
pu2RV-9xVtk_003,1.81142745e-01,7.48049986e-02,7.6818,1,
pu2RV-9xVtk_004,1.38971306e-01,4.82723793e-02,9.1845,1,
pu2RV-9xVtk_005,1.75333787e-01,4.70086469e-02,11.4338,1,
pu2RV-9xVtk_006,1.73507968e-01,1.18125035e-01,3.3395,1,
pu2RV-9xVtk_007,1.32091219e-01,6.40683741e-02,6.2846,1,
q6CTRjrHToY_000,9.58364339e-02,4.77846160e-02,6.0449,1,
q6CTRjrHToY_001,1.13906431e-01,4.43929693e-02,8.1847,1,
q6CTRjrHToY_002,1.57858735e-01,1.05282162e-03,43.5183,1,
q6CTRjrHToY_003,1.58669496e-01,7.81330259e-02,6.1532,1,
q6CTRjrHToY_004,1.31895829e-01,6.36087318e-02,6.3343,1,
q8Uuu6cSgDg_000,1.74305590e-01,4.25129614e-02,12.2558,1,
q8Uuu6cSgDg_001,1.28440116e-01,5.01030143e-04,48.1767,1,
q8Uuu6cSgDg_002,1.27296891e-01,4.85108558e-04,48.3796,1,
q8Uuu6cSgDg_003,1.45346396e-01,5.70215920e-04,48.1273,1,
q8Uuu6cSgDg_004,1.08223117e-01,5.54181395e-04,45.8134,1,
q8Uuu6cSgDg_005,1.10864042e-01,6.86473314e-03,24.1633,1,
q8Uuu6cSgDg_006,1.48453320e-01,6.61744843e-04,47.0180,1,
q8Uuu6cSgDg_007,1.75521632e-01,1.15911541e-01,3.6041,1,
q8Uuu6cSgDg_008,1.32331737e-01,6.40938971e-02,6.2969,1,
qFwfiOIRZbg_000,1.91489716e-01,2.84185164e-02,16.5709,1,
qFwfiOIRZbg_001,1.76755097e-01,1.20215556e-01,3.3482,1,
qFwfiOIRZbg_002,1.32971361e-01,6.42371782e-02,6.3194,1,
qT1RaTk0Puw_000,8.07150385e-02,9.97022106e-04,38.1650,1,
qT1RaTk0Puw_001,1.09682026e-01,9.58484452e-04,41.1710,1,
qT1RaTk0Puw_002,9.24896790e-02,8.71762073e-04,40.5139,1,
qT1RaTk0Puw_003,8.17144185e-02,1.15421998e-02,17.0002,1,
qT1RaTk0Puw_004,7.06143099e-02,2.66441784e-02,8.4658,1,
qT1RaTk0Puw_005,7.29141797e-02,1.96661919e-02,11.3818,1,
qT1RaTk0Puw_006,7.08849838e-02,2.03680061e-02,10.8321,1,
qT1RaTk0Puw_007,6.23943956e-02,1.54767768e-02,12.1093,1,
qT1RaTk0Puw_008,1.21516412e-01,1.07921651e-02,21.0305,1,
qT1RaTk0Puw_009,9.21272762e-02,2.04507721e-02,13.0736,1,
qT1RaTk0Puw_010,1.17210140e-01,2.12716683e-02,14.8233,1,
qT1RaTk0Puw_011,1.16666974e-01,2.10559743e-02,14.8715,1,
qT1RaTk0Puw_012,9.46088576e-02,2.34130940e-02,12.1295,1,
qT1RaTk0Puw_013,1.20535872e-01,2.06786547e-02,15.3119,1,
qT1RaTk0Puw_014,1.05378265e-01,1.94623979e-02,14.6711,1,
qT1RaTk0Puw_015,1.21090634e-01,1.85336579e-02,16.3030,1,
qT1RaTk0Puw_016,1.08517938e-01,2.43793618e-02,12.9696,1,
qT1RaTk0Puw_017,1.22047538e-01,1.99742743e-02,15.7212,1,
qT1RaTk0Puw_018,7.33586991e-02,4.80893952e-03,23.6680,1,
qT1RaTk0Puw_019,3.35636689e-02,2.23416989e-04,43.5351,1,
qbSDBzawSIw_000,9.58108098e-02,3.14525635e-02,9.6752,1,
qbSDBzawSIw_001,6.12930460e-02,1.42680406e-02,12.6609,1,
qbSDBzawSIw_002,6.13562229e-02,1.63543171e-02,11.4845,1,
qbSDBzawSIw_003,4.03933503e-02,1.16859589e-02,10.7729,1,
qbSDBzawSIw_004,6.34651214e-02,1.12211697e-02,15.0499,1,
qbSDBzawSIw_005,6.24716664e-02,1.56872979e-02,12.0027,1,
qbSDBzawSIw_006,8.80589129e-02,3.99022798e-02,6.8755,1,
qbSDBzawSIw_007,8.86263725e-02,3.63114552e-02,7.7504,1,
qbSDBzawSIw_008,9.80075811e-02,4.45502276e-02,6.8482,1,
qbSDBzawSIw_009,1.17685856e-01,4.31525462e-02,8.7144,1,
qbSDBzawSIw_010,9.10106159e-02,2.72787396e-02,10.4654,1,
qbSDBzawSIw_011,7.29548119e-02,9.92908910e-03,17.3229,1,
qbSDBzawSIw_012,3.34061920e-02,2.73434860e-04,41.7395,1,
qsF93-MjAXQ_000,7.02697508e-02,2.15684557e-02,10.2590,1,
qsF93-MjAXQ_001,8.08216091e-02,3.83798741e-02,6.4685,1,
qsF93-MjAXQ_002,7.46221345e-02,4.38290228e-02,4.6221,1,
qsF93-MjAXQ_003,6.99702684e-02,4.34697860e-02,4.1345,1,
qsF93-MjAXQ_004,8.97465250e-02,3.44514433e-02,8.3162,1,
qsF93-MjAXQ_005,6.81998736e-02,1.21871351e-03,34.9576,1,
qsF93-MjAXQ_006,7.39540774e-02,7.05242090e-03,20.4125,1,
qsF93-MjAXQ_007,6.66830535e-02,1.33313730e-03,33.9828,1,
qsF93-MjAXQ_008,5.19743810e-02,1.11735322e-03,33.3520,1,
qsF93-MjAXQ_009,7.82254296e-02,8.48762502e-04,39.2912,1,
qsF93-MjAXQ_010,7.43470349e-02,3.86402544e-02,5.6845,1,
qsF93-MjAXQ_011,8.46064630e-02,2.51046796e-02,10.5530,1,
qsF93-MjAXQ_012,7.20910176e-02,1.02207046e-02,16.9680,1,
qsF93-MjAXQ_013,3.34642099e-02,2.34696121e-04,43.0815,1,
qxx187UEnMQ_000,8.91288077e-02,6.07104019e-04,43.3351,1,
qxx187UEnMQ_001,6.00516933e-02,1.74038495e-02,10.7576,1,
qxx187UEnMQ_002,5.53465995e-02,2.18847760e-02,8.0590,1,
qxx187UEnMQ_003,5.56776324e-02,1.96201656e-02,9.0596,1,
qxx187UEnMQ_004,7.77330938e-02,1.87726215e-02,12.3416,1,
qxx187UEnMQ_005,5.46939899e-02,2.10610513e-02,8.2892,1,
qxx187UEnMQ_006,6.21604092e-02,2.75039028e-02,7.0824,1,
qxx187UEnMQ_007,5.49080328e-02,2.53891131e-02,6.6998,1,
qxx187UEnMQ_008,6.43268905e-02,2.19526679e-02,9.3381,1,
qxx187UEnMQ_009,5.35905148e-02,2.52120950e-02,6.5496,1,
qxx187UEnMQ_010,7.83287356e-02,2.82691173e-02,8.8522,1,
qxx187UEnMQ_011,7.31612276e-02,2.07021080e-02,10.9653,1,
qxx187UEnMQ_012,7.47668793e-02,6.67654466e-03,20.9831,1,
qxx187UEnMQ_013,3.34647815e-02,2.34528038e-04,43.0879,1,
qyI11NALuMs_000,1.40397756e-01,4.87482320e-02,9.1880,1,
qyI11NALuMs_001,1.41223624e-01,6.34606547e-02,6.9481,1,
qyI11NALuMs_002,1.78358464e-01,1.18784544e-01,3.5307,1,
qyI11NALuMs_003,1.34187894e-01,6.41518986e-02,6.4101,1,
qzm-lyaKGkg_000,5.15710385e-02,3.00454330e-02,4.6925,1,
qzm-lyaKGkg_001,1.72067568e-01,2.83413839e-02,15.6656,1,
qzm-lyaKGkg_002,1.48440008e-01,3.08079437e-02,13.6578,1,
qzm-lyaKGkg_003,1.63572516e-01,2.54444186e-02,16.1624,1,
qzm-lyaKGkg_004,1.50804830e-01,3.02565328e-02,13.9519,1,
qzm-lyaKGkg_005,1.84756830e-01,2.25188596e-02,18.2811,1,
qzm-lyaKGkg_006,1.55651514e-01,3.44864762e-02,13.0901,1,
qzm-lyaKGkg_007,1.90996802e-01,1.10823768e-01,4.7279,1,
qzm-lyaKGkg_008,1.33327228e-01,6.40386382e-02,6.3695,1,
r30aV9fQcr0_000,1.92067093e-01,3.34923775e-02,15.1701,1,
r30aV9fQcr0_001,9.49337833e-02,5.35541983e-04,44.9725,1,
r30aV9fQcr0_002,1.44673604e-01,5.72262355e-02,8.0559,1,
r30aV9fQcr0_003,2.13894696e-01,1.19773418e-02,25.0368,1,
r30aV9fQcr0_004,1.84778819e-01,1.45325532e-02,22.0862,1,
r30aV9fQcr0_005,8.16586159e-02,2.53714515e-04,50.1531,1,
r30aV9fQcr0_006,1.47555091e-01,1.48634700e-02,19.9367,1,
r30aV9fQcr0_007,1.75746674e-01,4.92169824e-03,31.0554,1,
r30aV9fQcr0_008,1.94665859e-01,7.02533724e-02,8.8525,1,
r30aV9fQcr0_009,1.93956612e-01,6.66407820e-02,9.2793,1,
r30aV9fQcr0_010,1.70064646e-01,6.67052707e-02,8.1291,1,
r30aV9fQcr0_011,1.77691371e-01,1.20223747e-01,3.3935,1,
r30aV9fQcr0_012,1.31744969e-01,6.40649702e-02,6.2623,1,
r37jvdvehRQ_000,1.83896261e-01,3.01449546e-02,15.7072,1,
r37jvdvehRQ_001,1.98354891e-01,5.94318371e-02,10.4685,1,
r37jvdvehRQ_002,2.09007705e-01,5.29249039e-02,11.9300,1,
r37jvdvehRQ_003,1.32218248e-01,6.43093098e-02,6.2604,1,
r68V8aBfZD8_000,1.51044459e-01,5.97067164e-02,8.0616,1,
r68V8aBfZD8_001,2.47121862e-01,7.21622987e-02,10.6920,1,
r68V8aBfZD8_002,1.77458983e-01,3.03620213e-01,-4.6647,1,
r68V8aBfZD8_003,3.68226296e-01,3.85506664e-03,39.6017,1,
r68V8aBfZD8_004,1.87626603e-01,9.77331679e-02,5.6650,1,
r68V8aBfZD8_005,1.82617017e-01,4.91483029e-02,11.4007,1,
r68V8aBfZD8_006,2.09774936e-01,6.45008267e-02,10.2438,1,
r68V8aBfZD8_007,9.66851933e-02,1.87530809e-02,14.2457,1,
r68V8aBfZD8_008,1.52136665e-01,5.29863771e-02,9.1614,1,
r68V8aBfZD8_009,1.70653814e-01,5.94678760e-02,9.1567,1,
r68V8aBfZD8_010,1.73510836e-01,1.18961016e-01,3.2784,1,
r68V8aBfZD8_011,1.31836349e-01,6.41634885e-02,6.2549,1,
r7ZgEKq-UVQ_000,1.84219339e-01,9.31733312e-04,45.9209,1,
r7ZgEKq-UVQ_001,1.92866914e-01,1.10838187e-01,4.8114,1,
r7ZgEKq-UVQ_002,1.32009048e-01,6.38692686e-02,6.3062,1,
rSk0-BdtAok_000,5.27194319e-02,3.15006872e-04,44.4730,1,
rSk0-BdtAok_001,4.87285864e-02,6.75585300e-03,17.1621,1,
rSk0-BdtAok_002,7.27492945e-02,6.16714849e-03,21.4349,1,
rWbXz8eei7Q_000,1.56436260e-01,9.94759447e-04,43.9324,1,
rWbXz8eei7Q_001,1.12247296e-01,1.94036196e-02,15.2459,1,
rWbXz8eei7Q_002,1.35941699e-01,1.96625796e-02,16.7942,1,
rWbXz8eei7Q_003,8.56445635e-02,1.95850739e-02,12.8155,1,
rWbXz8eei7Q_004,1.20829008e-01,1.80587688e-02,16.5097,1,
rWbXz8eei7Q_005,1.51395799e-01,2.18584628e-02,16.8099,1,
rWbXz8eei7Q_006,7.32606709e-02,2.07559076e-02,10.9546,1,
rWbXz8eei7Q_007,9.20216390e-02,1.81920499e-02,14.0802,1,
rWbXz8eei7Q_008,8.10166395e-02,1.96183459e-02,12.3182,1,
rWbXz8eei7Q_009,8.87060975e-02,2.10381726e-02,12.4989,1,
rWbXz8eei7Q_010,1.07337157e-01,2.06703768e-02,14.3080,1,
rWbXz8eei7Q_011,8.95063951e-02,1.97157914e-02,13.1408,1,
rWbXz8eei7Q_012,1.10091885e-01,1.84999823e-02,15.4917,1,
rWbXz8eei7Q_013,2.26495232e-01,2.19793564e-02,20.2609,1,
rWbXz8eei7Q_014,1.22178140e-01,1.93352097e-02,16.0129,1,
rWbXz8eei7Q_015,7.32031347e-02,5.63439488e-03,22.2736,1,
rWbXz8eei7Q_016,3.34950038e-02,2.33416116e-04,43.1370,1,
rgJOFwBIlsI_000,7.29018518e-02,3.06598513e-02,7.5234,1,
rgJOFwBIlsI_001,8.29235121e-02,3.28677307e-02,8.0382,1,
rgJOFwBIlsI_002,6.21971438e-02,4.38808127e-02,3.0299,1,
rgJOFwBIlsI_003,6.40271240e-02,4.38903505e-02,3.2799,1,
rgJOFwBIlsI_004,7.04618285e-02,4.26673143e-02,4.3572,1,
rgJOFwBIlsI_005,7.47930101e-02,3.98356287e-02,5.4718,1,
rgJOFwBIlsI_006,7.15294119e-02,3.74493453e-02,5.6208,1,
rgJOFwBIlsI_007,7.20052729e-02,4.50576993e-02,4.0719,1,
rgJOFwBIlsI_008,8.48599983e-02,3.93031319e-02,6.6855,1,
rgJOFwBIlsI_009,7.77581520e-02,4.03526569e-02,5.6975,1,
rgJOFwBIlsI_010,6.78552449e-02,2.53110950e-02,8.5654,1,
rgJOFwBIlsI_011,7.21501960e-02,8.04096676e-03,19.0586,1,
rgJOFwBIlsI_012,3.34947407e-02,2.55390798e-04,42.3554,1,
rhugJ6AP5Yk_000,6.61026088e-02,1.57568980e-02,12.4550,1,
rhugJ6AP5Yk_001,6.49389562e-02,3.79017952e-02,4.6769,1,
rhugJ6AP5Yk_002,8.89246131e-02,1.87984354e-02,13.4980,1,
rhugJ6AP5Yk_003,8.36996326e-02,2.43556730e-02,10.7225,1,
rhugJ6AP5Yk_004,1.10471885e-01,2.52569955e-02,12.8174,1,
rhugJ6AP5Yk_005,7.35396311e-02,3.03714689e-02,7.6811,1,
rhugJ6AP5Yk_006,8.48434159e-02,3.08289596e-02,8.7932,1,
rhugJ6AP5Yk_007,7.31033591e-02,9.09892239e-03,18.0989,1,
rhugJ6AP5Yk_008,3.35340079e-02,2.17661248e-04,43.7541,1,
rqqxzCLau5g_000,9.83516559e-02,1.06492302e-02,19.3093,1,
rqqxzCLau5g_001,6.10687012e-02,1.83971268e-02,10.4214,1,
rqqxzCLau5g_002,7.94740408e-02,3.13396375e-02,8.0826,1,
rqqxzCLau5g_003,8.91743414e-02,3.53341837e-02,8.0409,1,
rqqxzCLau5g_004,8.02101065e-02,3.02083933e-02,8.4820,1,
rqqxzCLau5g_005,7.67782114e-02,3.38179744e-02,7.1218,1,
rqqxzCLau5g_006,5.08297217e-02,2.96093015e-02,4.6938,1,
rqqxzCLau5g_007,1.17759438e-01,2.70734579e-02,12.7690,1,
rqqxzCLau5g_008,1.19254041e-01,1.89886451e-02,15.9596,1,
rqqxzCLau5g_009,9.35469251e-02,1.70615170e-02,14.7802,1,
rqqxzCLau5g_010,7.29828576e-02,5.91825408e-03,21.8205,1,
rqqxzCLau5g_011,3.35193140e-02,2.57591704e-04,42.2873,1,
s1Hxy1SKwNg_000,1.24388027e-01,1.27649516e-02,19.7752,1,
s1Hxy1SKwNg_001,9.99323450e-02,2.49310737e-02,12.0593,1,
s1Hxy1SKwNg_002,8.26407064e-02,2.43280819e-02,10.6217,1,
s1Hxy1SKwNg_003,1.08793919e-01,2.64724955e-02,12.2762,1,
s1Hxy1SKwNg_004,9.15740104e-02,2.53708704e-02,11.1487,1,
s1Hxy1SKwNg_005,8.55830399e-02,2.54957821e-02,10.5184,1,
s1Hxy1SKwNg_006,9.02924839e-02,2.45898579e-02,11.2979,1,
s1Hxy1SKwNg_007,8.76270407e-02,2.38647697e-02,11.2976,1,
s1Hxy1SKwNg_008,1.73252884e-01,1.19265642e-01,3.2433,1,
s1Hxy1SKwNg_009,1.31826476e-01,6.38832571e-02,6.2923,1,
s4lX4_WNRic_000,1.15025843e-01,4.35581720e-02,8.4345,1,
s4lX4_WNRic_001,1.90462503e-01,4.12164964e-02,13.2948,1,
s4lX4_WNRic_002,1.60404667e-01,3.33976018e-02,13.6300,1,
s4lX4_WNRic_003,1.87176038e-01,5.31373381e-02,10.9370,1,
s4lX4_WNRic_004,2.31914183e-01,6.61229065e-02,10.8995,1,
s4lX4_WNRic_005,1.83518348e-01,1.11778630e-01,4.3064,1,
s4lX4_WNRic_006,1.32542296e-01,6.49950467e-02,6.1895,1,
sOQ01mpqfs0_000,2.01519346e-01,1.16129297e-01,4.7875,1,
sOQ01mpqfs0_001,2.28281529e-01,1.02401386e-01,6.9633,1,
sOQ01mpqfs0_002,2.22350944e-01,1.14275543e-01,5.7817,1,
sOQ01mpqfs0_003,2.16854275e-01,1.30468419e-01,4.4133,1,
sOQ01mpqfs0_004,1.92737269e-01,1.10720782e-01,4.8147,1,
sOQ01mpqfs0_005,1.32856176e-01,6.43765120e-02,6.2931,1,
swwK7bQDriw_000,3.98301171e-02,2.03500400e-02,5.8329,1,
swwK7bQDriw_001,3.97516012e-03,4.15522709e-02,-20.3848,1,
swwK7bQDriw_002,3.79063840e-02,1.14098190e-02,10.4287,1,
swwK7bQDriw_003,2.55473571e-02,2.16624883e-02,1.4328,1,
swwK7bQDriw_004,1.27305881e-01,1.94602119e-03,36.3140,1,
swwK7bQDriw_005,1.12335495e-01,9.13917104e-03,21.7922,1,
swwK7bQDriw_006,1.57053212e-01,5.64379223e-02,8.8895,1,
swwK7bQDriw_007,1.62536193e-01,5.76578749e-02,9.0018,1,
swwK7bQDriw_008,1.76407823e-01,1.17672735e-01,3.5168,1,
swwK7bQDriw_009,1.32412927e-01,6.42234959e-02,6.2847,1,
t4BuTm6iF-I_000,6.83902071e-02,5.89729262e-03,21.2868,1,
t4BuTm6iF-I_001,3.87522573e-02,9.14210185e-04,32.5450,1,
t4BuTm6iF-I_002,5.80354766e-02,4.48840016e-04,42.2320,1,
t4BuTm6iF-I_003,3.83578564e-02,4.59998997e-04,38.4219,1,
t4BuTm6iF-I_004,3.33428005e-02,2.49064670e-04,42.5338,1,
t6scQL95LAM_000,1.66638506e-01,3.45319088e-02,13.6711,1,
t6scQL95LAM_001,1.71226248e-01,7.15020815e-02,7.5850,1,
t6scQL95LAM_002,1.60804150e-01,9.04071540e-02,5.0019,1,
t6scQL95LAM_003,1.66192111e-01,6.01191210e-02,8.8320,1,
t6scQL95LAM_004,9.03705914e-02,5.83329811e-02,3.8023,1,
t6scQL95LAM_005,1.13439720e-01,2.47860784e-02,13.2111,1,
t6scQL95LAM_006,1.09747989e-01,3.12230952e-02,10.9184,1,
t6scQL95LAM_007,1.73413370e-01,1.16840951e-01,3.4297,1,
t6scQL95LAM_008,1.32608605e-01,6.40037575e-02,6.3273,1,
tKdmT0JtFhY_000,2.88735127e-01,4.32114847e-02,16.4980,1,
tKdmT0JtFhY_001,2.90062156e-01,5.20508506e-02,14.9213,1,
tKdmT0JtFhY_002,2.15287156e-01,2.99260058e-02,17.1394,1,
tKdmT0JtFhY_003,1.31874200e-01,4.14558581e-02,10.0515,1,
tMvCw-t6-Uc_000,2.68119531e-01,6.32650742e-02,12.5433,1,
tMvCw-t6-Uc_001,2.66927104e-01,1.28798067e-01,6.3297,1,
tMvCw-t6-Uc_002,3.61703257e-01,2.94727074e-03,41.7786,1,
tMvCw-t6-Uc_003,2.64484218e-01,1.49951660e-01,4.9290,1,
tMvCw-t6-Uc_004,1.66597226e-01,2.21334006e-01,-2.4676,1,
tMvCw-t6-Uc_005,2.29405332e-01,1.55822745e-01,3.3595,1,
tMvCw-t6-Uc_006,2.63918914e-01,1.04329197e-01,8.0613,1,
tMvCw-t6-Uc_007,1.83102664e-01,1.38091532e-03,42.4506,1,
tMvCw-t6-Uc_008,1.68746764e-01,4.22748635e-03,32.0231,1,
tMvCw-t6-Uc_009,2.72406371e-01,1.26794627e-01,6.6423,1,
tMvCw-t6-Uc_010,2.14702337e-01,8.83813358e-04,47.7095,1,
tMvCw-t6-Uc_011,2.57788888e-01,8.54086935e-04,49.5952,1,
tMvCw-t6-Uc_012,2.49743630e-01,1.21437797e-03,46.2628,1,
tMvCw-t6-Uc_013,1.47329869e-01,8.26600481e-04,45.0199,1,
tMvCw-t6-Uc_014,2.45913495e-01,9.86631202e-04,47.9326,1,
tMvCw-t6-Uc_015,2.81017239e-01,7.58858542e-02,11.3714,1,
tMvCw-t6-Uc_016,2.06629017e-01,1.35929444e-03,43.6376,1,
tMvCw-t6-Uc_017,1.32738353e-01,9.42335149e-04,42.9758,1,
t_Yba4h9w4c_000,1.78128077e-01,3.92738415e-02,13.1326,1,
t_Yba4h9w4c_001,1.34045109e-01,6.41858140e-02,6.3962,1,
t_Yba4h9w4c_002,1.78984408e-01,5.74495107e-02,9.8706,1,
t_Yba4h9w4c_003,1.81355759e-01,5.55998474e-02,10.2692,1,
t_Yba4h9w4c_004,2.11639915e-01,4.66229577e-02,13.1400,1,
t_Yba4h9w4c_005,1.68533124e-01,6.83665771e-02,7.8368,1,
t_Yba4h9w4c_006,1.30927612e-01,6.36317505e-02,6.2671,1,
tcPb6iRCaJA_000,1.53621556e-01,2.30459808e-02,16.4771,1,
tcPb6iRCaJA_001,1.07530434e-01,1.50065675e-03,37.1050,1,
tcPb6iRCaJA_002,1.33669598e-01,2.21411792e-02,15.6166,1,
tcPb6iRCaJA_003,6.20689092e-02,9.36263237e-03,16.4295,1,
tcPb6iRCaJA_004,5.68042488e-02,1.03381899e-02,14.7987,1,
tcPb6iRCaJA_005,1.37512970e-01,5.76076392e-02,7.5573,1,
tcPb6iRCaJA_006,1.35319975e-01,1.01458413e-01,2.5015,1,
tcPb6iRCaJA_007,1.31305077e-01,6.35005659e-02,6.3101,1,
tghzGEXcWME_000,1.03698956e-01,7.70535237e-04,42.5796,1,
tghzGEXcWME_001,9.81610172e-02,1.26577148e-03,37.7917,1,
tghzGEXcWME_002,8.08004208e-02,6.52744846e-04,41.8534,1,
tghzGEXcWME_003,8.68456536e-02,8.47216089e-04,40.2151,1,
tghzGEXcWME_004,6.01473997e-02,1.72414067e-02,10.8529,1,
tghzGEXcWME_005,6.16800092e-02,1.98103734e-02,9.8650,1,
tghzGEXcWME_006,8.48821166e-02,2.11849760e-02,12.0558,1,
tghzGEXcWME_007,5.25133961e-02,1.96844663e-02,8.5229,1,
tghzGEXcWME_008,5.45175480e-02,1.56186836e-02,10.8578,1,
tghzGEXcWME_009,6.56891052e-02,1.66132223e-02,11.9408,1,
tghzGEXcWME_010,5.55865553e-02,1.93122435e-02,9.1827,1,
tghzGEXcWME_011,6.20352327e-02,2.79977932e-02,6.9103,1,
tghzGEXcWME_012,7.24254172e-02,7.46944664e-03,19.7321,1,
tghzGEXcWME_013,3.34962169e-02,2.20444575e-04,43.6339,1,
tiAZXns5K2o_000,1.50764810e-01,2.54360401e-02,15.4570,1,
tiAZXns5K2o_001,1.77657535e-01,8.74050145e-03,26.1609,1,
tiAZXns5K2o_002,1.65145071e-01,2.93333667e-02,15.0101,1,
tiAZXns5K2o_003,4.08433319e-02,3.74155873e-02,0.7614,1,
tiAZXns5K2o_004,1.76749255e-01,3.31856674e-02,14.5281,1,
tiAZXns5K2o_005,1.22700554e-01,4.63364579e-02,8.4585,1,
tiAZXns5K2o_006,5.27383447e-02,8.81349099e-02,-4.4604,1,
tiAZXns5K2o_007,1.69394549e-01,6.63444272e-02,8.1419,1,
tiAZXns5K2o_008,1.33386556e-01,6.48587382e-02,6.2629,1,
tpE-yiRudx4_000,8.42648835e-02,1.55321184e-02,14.6883,1,
tpE-yiRudx4_001,9.14834583e-02,1.74345429e-02,14.3986,1,
tpE-yiRudx4_002,7.73400911e-02,3.35700861e-02,7.2490,1,
tpE-yiRudx4_003,1.03783405e-01,3.62709312e-02,9.1314,1,
tpE-yiRudx4_004,1.03642006e-01,4.23348746e-02,7.7768,1,
tpE-yiRudx4_005,8.16107620e-02,4.24905120e-02,5.6691,1,
tpE-yiRudx4_006,8.65241589e-02,3.98767393e-02,6.7284,1,
tpE-yiRudx4_007,7.52343067e-02,3.96844209e-02,5.5559,1,
tpE-yiRudx4_008,8.22874632e-02,3.53938230e-02,7.3281,1,
tpE-yiRudx4_009,9.13845543e-02,3.94947192e-02,7.2867,1,
tpE-yiRudx4_010,8.68172757e-02,2.55428560e-02,10.6267,1,
tpE-yiRudx4_011,7.28627160e-02,6.02864545e-03,21.6457,1,
tpE-yiRudx4_012,3.34595249e-02,2.28346192e-04,43.3185,1,
txj-nvyhNeQ_000,7.64057007e-02,3.43452456e-02,6.9452,1,
txj-nvyhNeQ_001,9.15011819e-02,4.00928099e-02,7.1672,1,
txj-nvyhNeQ_002,8.01951861e-02,5.57862370e-02,3.1524,1,
txj-nvyhNeQ_003,7.36252237e-02,5.67070931e-02,2.2678,1,
txj-nvyhNeQ_004,8.93674474e-02,5.13404082e-02,4.8144,1,
txj-nvyhNeQ_005,1.00522987e-01,4.40065164e-02,7.1750,1,
txj-nvyhNeQ_006,7.37978001e-02,7.07270762e-03,20.3692,1,
txj-nvyhNeQ_007,3.34740796e-02,2.43949096e-04,42.7482,1,
uMm5I9C7MDQ_000,1.52159059e-01,1.17352327e-03,42.2561,1,
uMm5I9C7MDQ_001,9.66195117e-02,1.06898863e-03,39.1218,1,
uMm5I9C7MDQ_002,1.75545389e-01,5.94652449e-02,9.4025,1,
uMm5I9C7MDQ_003,1.61852101e-01,5.03482858e-02,10.1427,1,
uMm5I9C7MDQ_004,8.81929739e-02,7.30765760e-04,41.6331,1,
uMm5I9C7MDQ_005,1.17982786e-01,8.68149857e-04,42.6645,1,
uMm5I9C7MDQ_006,9.43412161e-02,8.34583224e-04,41.0646,1,
uMm5I9C7MDQ_007,9.45814671e-02,7.23555018e-03,22.3267,1,
uMm5I9C7MDQ_008,9.91497005e-02,1.86889963e-03,34.4941,1,
uMm5I9C7MDQ_009,1.22728716e-01,1.73719968e-03,36.9819,1,
uMm5I9C7MDQ_010,1.28875527e-01,2.71307246e-02,13.5342,1,
uMm5I9C7MDQ_011,9.88556485e-02,1.06254711e-02,19.3731,1,
uMm5I9C7MDQ_012,6.55858707e-02,1.80336798e-02,11.2145,1,
uMm5I9C7MDQ_013,7.10864035e-02,8.01139056e-03,18.9616,1,
uMm5I9C7MDQ_014,1.68839822e-01,7.03046540e-02,7.6098,1,
uMm5I9C7MDQ_015,1.32854560e-01,6.41072478e-02,6.3294,1,
uQ-mD4O0Lpw_000,2.17119501e-01,3.40987715e-02,16.0792,1,
uQ-mD4O0Lpw_001,1.71765651e-01,3.60877223e-02,13.5515,1,
uQ-mD4O0Lpw_002,1.89271961e-01,3.77537931e-02,14.0025,1,
uQ-mD4O0Lpw_003,1.64184252e-01,3.70502352e-02,12.9308,1,
uQ-mD4O0Lpw_004,1.80126196e-01,1.18619340e-01,3.6284,1,
uQ-mD4O0Lpw_005,1.33680747e-01,6.42956322e-02,6.3577,1,
uQUaBEoMIHg_000,1.12837479e-01,1.30710901e-02,18.7228,1,
uQUaBEoMIHg_001,1.14743072e-01,1.27421860e-02,19.0897,1,
uQUaBEoMIHg_002,9.64218271e-02,2.08853808e-02,13.2867,1,
uQUaBEoMIHg_003,9.84933980e-02,2.01260728e-02,13.7930,1,
uQUaBEoMIHg_004,7.28716812e-02,6.45134144e-03,21.0582,1,
uQUaBEoMIHg_005,3.36945538e-02,2.29682073e-04,43.3287,1,
uYN_9pBHKG0_000,6.29756465e-02,5.07767155e-02,1.8702,1,
uYN_9pBHKG0_001,7.48523141e-02,7.48211290e-04,40.0036,1,
uYN_9pBHKG0_002,1.86715748e-01,5.54794100e-02,10.5410,1,
uYN_9pBHKG0_003,1.85018338e-01,7.20049263e-02,8.1971,1,
uYN_9pBHKG0_004,1.80604594e-01,9.60468356e-02,5.4849,1,
uYN_9pBHKG0_005,1.72680460e-01,7.16992331e-02,7.6346,1,
uYN_9pBHKG0_006,1.39413331e-01,7.64149557e-02,5.2225,1,
uYN_9pBHKG0_007,1.74204098e-01,4.61968826e-02,11.5289,1,
uYN_9pBHKG0_008,7.74284426e-02,1.80603253e-01,-7.3565,1,
uYN_9pBHKG0_009,2.03260406e-01,7.83569083e-02,8.2795,1,
uYN_9pBHKG0_010,1.79583271e-01,3.41521708e-02,14.4170,1,
uYN_9pBHKG0_011,1.20254864e-01,4.62761030e-03,28.2949,1,
uYN_9pBHKG0_012,1.73868205e-01,1.18034767e-01,3.3642,1,
uYN_9pBHKG0_013,1.32545912e-01,6.39027760e-02,6.3369,1,
ue8-iO-aX5I_000,8.99911169e-02,8.97449187e-04,40.0238,1,
ue8-iO-aX5I_001,1.30475652e-01,1.85187099e-03,36.9584,1,
ue8-iO-aX5I_002,1.13535085e-01,1.48247642e-02,17.6828,1,
ue8-iO-aX5I_003,1.19049017e-01,1.44671798e-02,18.3068,1,
ue8-iO-aX5I_004,1.16798146e-01,1.51047322e-02,17.7665,1,
ue8-iO-aX5I_005,1.26614814e-01,1.13671779e-02,20.9366,1,
ue8-iO-aX5I_006,3.35426993e-02,2.21013996e-04,43.6236,1,
un9ybvOfMdM_000,1.59519630e-01,4.54263093e-02,10.9101,1,
un9ybvOfMdM_001,1.67108448e-01,7.28789309e-02,7.2079,1,
un9ybvOfMdM_002,1.34348537e-01,4.10023164e-02,10.3085,1,
upCziR9Dj5Y_000,7.57049109e-02,5.98324438e-04,42.0437,1,
upCziR9Dj5Y_001,5.60690246e-02,2.07683123e-02,8.6264,1,
upCziR9Dj5Y_002,6.95292894e-02,2.22455822e-02,9.8985,1,
upCziR9Dj5Y_003,5.09519884e-02,1.76541888e-02,9.2063,1,
upCziR9Dj5Y_004,6.29455490e-02,1.84342473e-02,10.6668,1,
upCziR9Dj5Y_005,5.42612324e-02,2.22901464e-02,7.7275,1,
upCziR9Dj5Y_006,4.83017291e-02,1.75564229e-02,8.7905,1,
upCziR9Dj5Y_007,7.91713138e-02,2.50833160e-02,9.9837,1,
upCziR9Dj5Y_008,7.58540849e-02,1.62869952e-02,13.3628,1,
upCziR9Dj5Y_009,6.02882381e-02,2.09773975e-02,9.1696,1,
upCziR9Dj5Y_010,1.14271564e-01,2.39993464e-02,13.5548,1,
upCziR9Dj5Y_011,7.29026105e-02,2.33303623e-02,9.8964,1,
upCziR9Dj5Y_012,7.20392861e-02,9.24528673e-03,17.8330,1,
upCziR9Dj5Y_013,3.35839375e-02,2.36698774e-04,43.0387,1,
v0NnwIvVtjI_000,2.59010783e-01,1.18338566e-01,6.8038,1,
v0NnwIvVtjI_001,2.26858783e-01,1.42795238e-01,4.0208,1,
v0NnwIvVtjI_002,1.33082550e-01,1.03444767e-01,2.1883,1,
v5Wx3MKlBuM_000,1.46675645e-01,2.44392637e-02,15.5654,1,
v5Wx3MKlBuM_001,1.17119074e-01,5.96868672e-02,5.8550,1,
v5Wx3MKlBuM_002,1.42819890e-01,7.93243938e-02,5.1076,1,
v5Wx3MKlBuM_003,1.32316259e-01,2.03036975e-02,16.2808,1,
v5Wx3MKlBuM_004,1.84590625e-01,4.92754381e-02,11.4716,1,
v5Wx3MKlBuM_005,1.48974478e-01,5.06266956e-02,9.3746,1,
v5Wx3MKlBuM_006,1.63237428e-01,3.34855124e-02,13.7593,1,
v5Wx3MKlBuM_007,1.03013730e-01,1.03228637e-03,39.9819,1,
v5Wx3MKlBuM_008,5.26328751e-02,5.54033103e-03,19.5544,1,
v5Wx3MKlBuM_009,6.96908870e-02,4.73928218e-04,43.3493,1,
v5Wx3MKlBuM_010,1.25026562e-01,4.22336810e-02,9.4269,1,
v5Wx3MKlBuM_011,1.31755371e-01,3.75199633e-02,10.9101,1,
v5Wx3MKlBuM_012,1.73209548e-01,1.21134851e-01,3.1061,1,
v5Wx3MKlBuM_013,1.33690870e-01,6.47782431e-02,6.2935,1,
v78MkgYvOrQ_000,1.36131664e-01,5.09435245e-02,8.5374,1,
v78MkgYvOrQ_001,1.32375843e-01,5.03629034e-02,8.3940,1,
v78MkgYvOrQ_002,1.28774251e-01,5.10045722e-02,8.0444,1,
v78MkgYvOrQ_003,1.34720102e-01,5.33393858e-02,8.0477,1,
v78MkgYvOrQ_004,1.28283272e-01,5.02179994e-02,8.1462,1,
v78MkgYvOrQ_005,1.36400767e-01,4.81753121e-02,9.0398,1,
v78MkgYvOrQ_006,1.20356242e-01,6.40355468e-02,5.4809,1,
v78MkgYvOrQ_007,1.28372814e-01,6.13759252e-02,6.4095,1,
v78MkgYvOrQ_008,1.25019487e-01,6.48769131e-02,5.6978,1,
v78MkgYvOrQ_009,1.19708927e-01,6.56353572e-02,5.2198,1,
v78MkgYvOrQ_010,1.24126364e-01,6.68476371e-02,5.3756,1,
v78MkgYvOrQ_011,1.30147670e-01,6.00804462e-02,6.7141,1,
v78MkgYvOrQ_012,1.26385920e-01,7.30110747e-02,4.7662,1,
v78MkgYvOrQ_013,1.29092215e-01,7.21310589e-02,5.0556,1,
v78MkgYvOrQ_014,1.30935066e-01,7.41379961e-02,4.9403,1,
v78MkgYvOrQ_015,1.23692450e-01,6.98925132e-02,4.9583,1,
v78MkgYvOrQ_016,1.26314191e-01,6.08309419e-02,6.3466,1,
v78MkgYvOrQ_017,1.16688100e-01,6.30534188e-02,5.3464,1,
v78MkgYvOrQ_018,1.02933561e-01,1.11534897e-03,39.3029,1,
v78MkgYvOrQ_019,1.08198822e-01,7.77156359e-04,42.8743,1,
vFrMK-oxuV4_000,1.59208598e-01,3.80477322e-02,12.4328,1,
vFrMK-oxuV4_001,1.42350877e-01,7.61950849e-02,5.4287,1,
vFrMK-oxuV4_002,1.60201081e-01,7.10993198e-02,7.0560,1,
vFrMK-oxuV4_003,1.47824906e-01,5.93656908e-02,7.9242,1,
vFrMK-oxuV4_004,1.66825124e-01,6.26964448e-02,8.5004,1,
vFrMK-oxuV4_005,1.32254183e-01,6.40552492e-02,6.2971,1,
vJimNzAr-lo_000,1.56406299e-01,1.55614338e-02,20.0441,1,
vJimNzAr-lo_001,1.51531701e-01,3.19609164e-02,13.5177,1,
vJimNzAr-lo_002,1.73940063e-01,3.70707043e-02,13.4274,1,
vJimNzAr-lo_003,1.90456552e-01,4.44948364e-02,12.6297,1,
vJimNzAr-lo_004,1.78263028e-01,4.66919523e-02,11.6364,1,
vJimNzAr-lo_005,1.61162522e-01,4.79733285e-02,10.5253,1,
vJimNzAr-lo_006,1.57901534e-01,4.77267998e-02,10.3925,1,
vJimNzAr-lo_007,1.91829546e-01,3.99497401e-02,13.6280,1,
vJimNzAr-lo_008,1.68296547e-01,3.90116179e-02,12.6976,1,
vJimNzAr-lo_009,1.52755783e-01,4.79516025e-02,10.0639,1,
vJimNzAr-lo_010,3.34709387e-02,2.54131116e-02,2.3922,1,
vhvzzWnTK_Y_000,1.57222228e-01,8.17347420e-03,25.6821,1,
vhvzzWnTK_Y_001,1.27297880e-01,1.59184963e-03,38.0584,1,
vhvzzWnTK_Y_002,1.20821417e-01,6.12393614e-03,25.9023,1,
vhvzzWnTK_Y_003,1.82938332e-01,6.03161609e-02,9.6374,1,
vhvzzWnTK_Y_004,3.00015966e-01,2.22753717e-03,42.5864,1,
vhvzzWnTK_Y_005,1.89175409e-01,1.96983395e-03,39.6487,1,
vhvzzWnTK_Y_006,1.26430242e-01,4.68052569e-02,8.6311,1,
vhvzzWnTK_Y_007,1.33967777e-01,3.20320380e-02,12.4283,1,
vhvzzWnTK_Y_008,2.29946661e-01,3.53567894e-02,16.2631,1,
vhvzzWnTK_Y_009,1.79184822e-01,1.19008251e-01,3.5545,1,
vhvzzWnTK_Y_010,1.33450227e-01,6.48033607e-02,6.2744,1,
vwzpuyvZSdI_000,1.59180373e-01,1.43897898e-03,40.8767,1,
vwzpuyvZSdI_001,1.37546108e-01,1.60405187e-02,18.6646,1,
vwzpuyvZSdI_002,1.45319893e-01,1.55663240e-02,19.4028,1,
vwzpuyvZSdI_003,1.53956492e-01,1.68950658e-02,19.1928,1,
vwzpuyvZSdI_004,1.39771253e-01,2.36263966e-02,15.4404,1,
vwzpuyvZSdI_005,1.65058627e-01,1.06211309e-02,23.8293,1,
vwzpuyvZSdI_006,1.04891728e-01,1.74403628e-02,15.5837,1,
vwzpuyvZSdI_007,1.45251871e-01,2.11553032e-02,16.7340,1,
vwzpuyvZSdI_008,7.41069996e-02,1.05768492e-02,16.9101,1,
vwzpuyvZSdI_009,1.01210748e-01,1.51450918e-02,16.4991,1,
vwzpuyvZSdI_010,7.80938711e-02,1.69033802e-02,13.2929,1,
vwzpuyvZSdI_011,1.09790792e-01,1.61029528e-02,16.6732,1,
vwzpuyvZSdI_012,1.20516634e-01,1.68113301e-02,17.1089,1,
vwzpuyvZSdI_013,1.73500928e-01,1.89632995e-02,19.2278,1,
vwzpuyvZSdI_014,8.46656639e-02,1.43482341e-02,15.4182,1,
vwzpuyvZSdI_015,9.99488681e-02,1.80162886e-02,14.8823,1,
vwzpuyvZSdI_016,4.32821728e-02,1.66223639e-02,8.3123,1,
vwzpuyvZSdI_017,1.11162878e-01,1.55248780e-02,17.0986,1,
vwzpuyvZSdI_018,1.16326026e-01,1.74792175e-02,16.4631,1,
vwzpuyvZSdI_019,1.14682229e-01,1.28236159e-02,19.0297,1,
vwzpuyvZSdI_020,1.11512951e-01,2.09619505e-02,14.5179,1,
vwzpuyvZSdI_021,1.05814799e-01,1.86934760e-02,15.0571,1,
vwzpuyvZSdI_022,1.00797761e-01,1.69708825e-02,15.4749,1,
vwzpuyvZSdI_023,1.16258857e-01,1.66341354e-02,16.8885,1,
vwzpuyvZSdI_024,7.27754360e-02,5.76254182e-03,22.0274,1,
vwzpuyvZSdI_025,5.98064353e-02,4.08858889e-04,43.3035,1,
w4hCyh2PlaI_000,2.28072544e-01,5.47928160e-02,12.3870,1,
w4hCyh2PlaI_001,1.32691098e-01,6.46483900e-02,6.2457,1,
wEaQoL1empQ_000,2.09913600e-01,4.52454791e-02,13.3293,1,
wEaQoL1empQ_001,1.56985369e-01,4.87440089e-04,50.1588,1,
wEaQoL1empQ_002,2.06574255e-01,6.32604813e-04,50.2789,1,
wEaQoL1empQ_003,1.46318279e-01,4.81817109e-04,49.6483,1,
wEaQoL1empQ_004,1.80141877e-01,5.56653200e-04,50.2006,1,
wEaQoL1empQ_005,1.77132837e-01,1.18340746e-01,3.5033,1,
wEaQoL1empQ_006,1.31941095e-01,6.43909661e-02,6.2311,1,
wIdnUCjEssQ_000,2.06956821e-01,5.64726993e-02,11.2808,1,
wIdnUCjEssQ_001,1.99939583e-01,4.99645263e-02,12.0447,1,
wIdnUCjEssQ_002,2.04755584e-01,5.50852599e-02,11.4040,1,
wIdnUCjEssQ_003,2.27063765e-01,5.46503347e-02,12.3711,1,
wIdnUCjEssQ_004,2.25469470e-01,3.96438292e-02,15.0982,1,
wIdnUCjEssQ_005,2.65359432e-01,3.78564904e-02,16.9139,1,
wIdnUCjEssQ_006,2.26097462e-01,2.63588617e-02,18.6674,1,
wIdnUCjEssQ_007,1.74453788e-01,1.13230712e-01,3.7543,1,
wIdnUCjEssQ_008,1.33228505e-01,6.39649201e-02,6.3731,1,
wKnZonmRm_0_000,5.97298506e-02,2.03693660e-02,9.3443,1,
wKnZonmRm_0_001,7.16583415e-02,3.75046681e-02,5.6236,1,
wKnZonmRm_0_002,8.09518745e-02,4.28051173e-02,5.5346,1,
wKnZonmRm_0_003,7.44159491e-02,4.07236860e-02,5.2364,1,
wKnZonmRm_0_004,5.88366668e-02,4.23746112e-02,2.8508,1,
wKnZonmRm_0_005,5.92229893e-02,4.09140758e-02,3.2124,1,
wKnZonmRm_0_006,7.71399140e-02,3.88432810e-02,5.9593,1,
wKnZonmRm_0_007,8.61635105e-02,4.50926812e-02,5.6243,1,
wKnZonmRm_0_008,6.02852557e-02,4.02018741e-02,3.5193,1,
wKnZonmRm_0_009,8.08124618e-02,2.51710303e-02,10.1315,1,
wKnZonmRm_0_010,7.24994915e-02,8.59598159e-03,18.5208,1,
wKnZonmRm_0_011,3.34015404e-02,2.39701115e-04,42.8819,1,
wToq891_0Ew_000,5.27240865e-02,3.06596091e-04,44.7088,1,
wToq891_0Ew_001,3.89807206e-02,4.35761922e-03,19.0320,1,
wToq891_0Ew_002,3.32289476e-02,2.46342365e-04,42.5995,1,
wme62WSv6_Q_000,2.31025365e-01,1.62013048e-03,43.0822,1,
wme62WSv6_Q_001,1.45165679e-01,2.40702316e-02,15.6077,1,
wme62WSv6_Q_002,1.34955435e-01,4.09399654e-02,10.3609,1,
wme62WSv6_Q_003,1.16648411e-01,1.82074415e-02,16.1326,1,
wme62WSv6_Q_004,1.96154106e-01,9.42107021e-03,26.3699,1,
wme62WSv6_Q_005,1.06261966e-01,7.62622092e-04,42.8814,1,
wmsBUAfxcpc_000,2.01588812e-01,6.88725209e-02,9.3284,1,
wmsBUAfxcpc_001,1.99111315e-01,6.43759007e-02,9.8075,1,
wmsBUAfxcpc_002,1.77082508e-01,1.20596631e-01,3.3368,1,
wmsBUAfxcpc_003,1.32402658e-01,6.42966358e-02,6.2742,1,
wrZW3zFKKG8_000,7.34239596e-02,5.67058038e-03,22.2442,1,
wrZW3zFKKG8_001,1.01723983e-01,4.64969168e-04,46.8000,1,
wrZW3zFKKG8_002,5.44301105e-02,4.43076997e-04,41.7872,1,
wrZW3zFKKG8_003,5.03984519e-02,3.90745446e-04,42.2105,1,
wrZW3zFKKG8_004,3.78223030e-02,2.43613378e-04,43.8209,1,
x07083qMjr4_000,2.75999096e-01,3.84595068e-02,17.1181,1,
x07083qMjr4_001,2.59405025e-01,3.02256195e-02,18.6721,1,
x07083qMjr4_002,2.54097962e-01,4.67457048e-02,14.7052,1,
x07083qMjr4_003,2.03282199e-01,4.74728860e-02,12.6331,1,
x07083qMjr4_004,1.05250814e-01,3.56780987e-02,9.3965,1,
x3lXIRulmQk_000,1.74590079e-01,1.18894890e-03,43.3371,1,
x3lXIRulmQk_001,1.71755002e-01,5.74068659e-02,9.5189,1,
x3lXIRulmQk_002,1.63589027e-01,4.63551581e-02,10.9531,1,
x3lXIRulmQk_003,1.66045835e-01,7.74836505e-02,6.6204,1,
x3lXIRulmQk_004,1.79152443e-01,8.73950170e-02,6.2347,1,
x3lXIRulmQk_005,3.48061531e-02,5.48920258e-03,16.0429,1,
x3lXIRulmQk_006,1.46623543e-01,1.18751069e-02,21.8313,1,
x3lXIRulmQk_007,1.24440952e-01,2.95478409e-02,12.4888,1,
x3lXIRulmQk_008,1.73599706e-01,1.20533510e-01,3.1688,1,
x3lXIRulmQk_009,1.32389707e-01,6.40231032e-02,6.3103,1,
x6fHdDGHnpg_000,3.59184796e-02,4.99531186e-03,17.1351,1,
x6fHdDGHnpg_001,6.71388200e-02,4.27932175e-03,23.9120,1,
x6fHdDGHnpg_002,4.97776186e-02,1.21508185e-03,32.2486,1,
x6fHdDGHnpg_003,3.94444648e-02,9.27827141e-04,32.5704,1,
x6fHdDGHnpg_004,6.55430766e-02,7.30444226e-04,39.0588,1,
x6fHdDGHnpg_005,4.40318308e-02,3.23249224e-04,42.6846,1,
x6fHdDGHnpg_006,7.21522478e-02,7.00842887e-03,20.2526,1,
xGhoDgFe8GQ_000,1.45664354e-01,1.32046760e-03,40.8525,1,
xGhoDgFe8GQ_001,1.37549999e-01,1.20860759e-01,1.1235,1,
xGhoDgFe8GQ_002,1.35976438e-01,5.87144097e-02,7.2944,1,
xGhoDgFe8GQ_003,1.68120389e-01,6.42760890e-02,8.3514,1,
xGhoDgFe8GQ_004,1.97116200e-01,4.74163625e-02,12.3759,1,
xGhoDgFe8GQ_005,1.86616106e-01,5.94181146e-02,9.9406,1,
xGhoDgFe8GQ_006,1.53100162e-01,3.63725228e-02,12.4840,1,
xGhoDgFe8GQ_007,1.56090707e-01,6.10329802e-02,8.1562,1,
xGhoDgFe8GQ_008,1.83664275e-01,9.10550101e-02,6.0944,1,
xGhoDgFe8GQ_009,1.16089655e-01,6.24017611e-02,5.3919,1,
xaGu8VdP9nU_000,7.97533135e-02,6.68149573e-04,41.5375,1,
xaGu8VdP9nU_001,8.82063687e-02,6.07289034e-04,43.2421,1,
xaGu8VdP9nU_002,8.02817678e-02,1.26565757e-02,16.0460,1,
xaGu8VdP9nU_003,1.04726284e-01,6.76615329e-02,3.7943,1,
xaGu8VdP9nU_004,1.17004178e-01,6.88578805e-02,4.6050,1,
xaGu8VdP9nU_005,1.06739339e-01,8.16296486e-02,2.3295,1,
xaGu8VdP9nU_006,1.03086963e-01,7.78586742e-02,2.4379,1,
xaGu8VdP9nU_007,1.43111026e-01,8.16652526e-02,4.8727,1,
xaGu8VdP9nU_008,1.14407820e-01,6.22005188e-02,5.2932,1,
xaGu8VdP9nU_009,1.28486672e-01,5.43413196e-02,7.4746,1,
xaGu8VdP9nU_010,9.13476781e-02,3.85559163e-02,7.4921,1,
xaGu8VdP9nU_011,8.07817380e-02,6.55136729e-04,41.8196,1,
xaGu8VdP9nU_012,3.53146731e-02,2.35050757e-04,43.5359,1,
xmEDLJqNCK0_000,7.35051887e-02,5.08971711e-03,23.1925,1,
xmEDLJqNCK0_001,4.80880875e-02,6.79010687e-04,37.0032,1,
xmEDLJqNCK0_002,4.48448999e-02,3.46307967e-04,42.2450,1,
xmEDLJqNCK0_003,3.79087528e-02,2.34930234e-04,44.1560,1,
yMiOxRdFGjg_000,1.51542538e-01,3.27962021e-02,13.2942,1,
yMiOxRdFGjg_001,1.54036460e-01,3.24124881e-02,13.5382,1,
yMiOxRdFGjg_002,4.39761036e-02,3.40590890e-04,42.2197,1,
yMiOxRdFGjg_003,1.71556841e-01,1.83096539e-03,39.4346,1,
yMiOxRdFGjg_004,5.22675843e-02,6.32957851e-04,38.3372,1,
yMiOxRdFGjg_005,7.63539351e-02,4.53088721e-04,44.5330,1,
yMiOxRdFGjg_006,8.89602269e-02,2.86298751e-03,29.8475,1,
yMiOxRdFGjg_007,7.42287145e-02,5.33196405e-03,22.8737,1,
yMiOxRdFGjg_008,3.33220289e-02,2.41049865e-04,42.8125,1,
yOaVkjAxMAs_000,2.76615505e-01,3.75899771e-02,17.3361,1,
yOaVkjAxMAs_001,2.78272387e-01,6.01014374e-02,13.3117,1,
yOaVkjAxMAs_002,2.44877862e-01,9.04646889e-02,8.6494,1,
yOaVkjAxMAs_003,2.39502216e-01,4.41266271e-02,14.6922,1,
yOaVkjAxMAs_004,3.36349249e-02,2.60541812e-04,42.2183,1,
yQX1MseKbh0_000,1.37095995e-01,6.17321452e-02,6.9303,1,
yQX1MseKbh0_001,1.42904413e-01,5.56400014e-02,8.1932,1,
yQX1MseKbh0_002,1.39945008e-01,4.92473829e-02,9.0715,1,
yQX1MseKbh0_003,1.35708252e-01,5.06082712e-02,8.5677,1,
yQX1MseKbh0_004,9.23634190e-02,1.48629409e-02,15.8679,1,
yQX1MseKbh0_005,6.76747156e-02,4.10308709e-04,44.3463,1,
yQX1MseKbh0_006,4.69215755e-02,1.05986132e-02,12.9225,1,
yQX1MseKbh0_007,5.14709864e-02,9.82730004e-04,34.3826,1,
yQX1MseKbh0_008,5.26655603e-02,1.19087453e-02,12.9132,1,
yQX1MseKbh0_009,7.57561812e-02,2.40281280e-02,9.9740,1,
yQX1MseKbh0_010,6.32994451e-02,1.37648128e-02,13.2526,1,
yQX1MseKbh0_011,9.33540708e-02,4.95519233e-02,5.5015,1,
yQX1MseKbh0_012,7.88439018e-02,4.68651122e-04,44.5184,1,
yQX1MseKbh0_013,7.53395170e-02,2.82807895e-03,28.5106,1,
yQX1MseKbh0_014,4.98996967e-02,6.26850597e-04,38.0187,1,
yQX1MseKbh0_015,7.66533071e-02,3.85935389e-04,45.9603,1,
yQX1MseKbh0_016,7.41884782e-02,1.68087865e-02,12.8960,1,
yQX1MseKbh0_017,6.13948979e-02,4.05116105e-02,3.6111,1,
yQX1MseKbh0_018,6.34497287e-02,1.62996319e-02,11.8050,1,
yQX1MseKbh0_019,3.45980790e-02,3.43112570e-03,20.0723,1,
yQX1MseKbh0_020,5.73896614e-02,1.07148675e-02,14.5769,1,
yQX1MseKbh0_021,1.04070940e-01,6.63720839e-02,3.9069,1,
yQX1MseKbh0_022,1.32794167e-01,6.39872714e-02,6.3417,1,
yUsY5ZWOUMs_000,2.09572722e-01,3.89994451e-02,14.6055,1,
yUsY5ZWOUMs_001,1.84798262e-01,4.22287648e-02,12.8218,1,
yUsY5ZWOUMs_002,2.21266980e-01,4.24290064e-02,14.3451,1,
yUsY5ZWOUMs_003,2.12129393e-01,3.74931557e-02,15.0530,1,
yUsY5ZWOUMs_004,1.67252606e-01,1.16780141e-01,3.1201,1,
yUsY5ZWOUMs_005,1.31654043e-01,6.36074802e-02,6.3185,1,
yazBjEzVozc_000,1.80111997e-01,3.26864157e-02,14.8235,1,
yazBjEzVozc_001,1.80094271e-01,3.58052471e-02,14.0311,1,
yazBjEzVozc_002,1.83505785e-01,3.27082736e-02,14.9798,1,
yazBjEzVozc_003,1.64648829e-01,2.82333247e-02,15.3159,1,
yazBjEzVozc_004,1.69319860e-01,2.53059827e-02,16.5097,1,
yazBjEzVozc_005,1.89056118e-01,6.20554442e-02,9.6762,1,
yazBjEzVozc_006,1.33762486e-01,3.82922914e-02,10.8645,1,
yeRdDP5GqMA_000,1.74431480e-01,1.48870079e-03,41.3763,1,
yeRdDP5GqMA_001,2.06962261e-01,3.22637801e-02,16.1435,1,
yeRdDP5GqMA_002,1.95836677e-01,3.26560429e-02,15.5586,1,
yeRdDP5GqMA_003,6.87781301e-02,3.54756411e-02,5.7504,1,
yeRdDP5GqMA_004,1.64233837e-01,3.45777943e-02,13.5333,1,
yeRdDP5GqMA_005,1.31273668e-01,2.78163309e-02,13.4776,1,
yeRdDP5GqMA_006,1.74424406e-01,1.16863230e-01,3.4786,1,
yeRdDP5GqMA_007,1.31721218e-01,6.39039224e-02,6.2826,1,
yfl_B98gb7o_000,5.27258458e-02,3.12662776e-04,44.5389,1,
yfl_B98gb7o_001,4.92319359e-02,7.40769334e-03,16.4513,1,
yfl_B98gb7o_002,7.19770710e-02,7.54876672e-03,19.5864,1,
ynuA9DgE3oM_000,1.97069575e-01,6.83170539e-02,9.2018,1,
ynuA9DgE3oM_001,2.06364263e-01,9.19399950e-02,7.0226,1,
ynuA9DgE3oM_002,1.89917306e-01,1.08884931e-01,4.8319,1,
ynuA9DgE3oM_003,2.19737479e-01,1.25879358e-01,4.8390,1,
ynuA9DgE3oM_004,2.48800763e-01,7.88908842e-02,9.9765,1,
ynuA9DgE3oM_005,1.76778712e-01,1.18369035e-01,3.4838,1,
ynuA9DgE3oM_006,1.32706155e-01,6.41657730e-02,6.3118,1,
z-FTJewy3vA_000,2.32610505e-02,2.46557525e-02,-0.5058,1,
z-FTJewy3vA_001,1.04998709e-01,1.49209477e-03,36.9478,1,
z-FTJewy3vA_002,1.34388032e-01,1.45542693e-02,19.3074,1,
z-FTJewy3vA_003,1.11365820e-01,1.28071361e-02,18.7860,1,
z-FTJewy3vA_004,1.29396044e-01,1.16207044e-02,20.9338,1,
z-FTJewy3vA_005,1.20561548e-01,1.98643037e-02,15.6627,1,
z-FTJewy3vA_006,1.31393039e-01,1.97555926e-02,16.4576,1,
z-FTJewy3vA_007,1.21969568e-01,2.06820230e-02,15.4132,1,
z-FTJewy3vA_008,1.26255060e-01,2.05577230e-02,15.7655,1,
z-FTJewy3vA_009,1.14652001e-01,1.90482334e-02,15.5905,1,
z-FTJewy3vA_010,7.20499911e-02,9.37077369e-03,17.7172,1,
z-FTJewy3vA_011,3.33629889e-02,2.38046219e-04,42.9321,1,
z0d7n9QxYiE_000,1.85680016e-01,4.47183656e-02,12.3656,1,
z0d7n9QxYiE_001,8.68927264e-02,5.37846442e-04,44.1665,1,
z0d7n9QxYiE_002,9.09194123e-02,3.75813436e-04,47.6737,1,
z0d7n9QxYiE_003,1.16804657e-01,4.24072741e-04,48.8004,1,
z0d7n9QxYiE_004,1.16209437e-01,4.46251501e-04,48.3132,1,
z0d7n9QxYiE_005,9.49859091e-02,3.59960012e-04,48.4281,1,
z0d7n9QxYiE_006,1.11692918e-01,7.04386500e-04,44.0043,1,
z0d7n9QxYiE_007,1.08440755e-01,4.01047290e-04,48.6399,1,
z0d7n9QxYiE_008,1.60931432e-01,5.87940060e-04,48.7462,1,
z0d7n9QxYiE_009,1.15329646e-01,4.55502498e-04,48.0690,1,
z0d7n9QxYiE_010,9.34990027e-02,3.64719417e-04,48.1770,1,
z0d7n9QxYiE_011,1.76189236e-01,6.05103966e-02,9.2830,1,
z0d7n9QxYiE_012,1.32458784e-01,6.43142164e-02,6.2755,1,
zDY3f_JU2Mw_000,1.73936318e-01,2.82028499e-02,15.8019,1,
zDY3f_JU2Mw_001,1.75925486e-01,6.14772945e-02,9.1323,1,
zDY3f_JU2Mw_002,1.70049302e-01,7.19456983e-02,7.4714,1,
zDY3f_JU2Mw_003,1.20424705e-01,1.66334613e-02,17.1947,1,
zDY3f_JU2Mw_004,1.41134897e-01,4.25227310e-02,10.4203,1,
zDY3f_JU2Mw_005,2.22723826e-01,5.20619218e-02,12.6249,1,
zDY3f_JU2Mw_006,2.39624135e-01,4.89539166e-02,13.7949,1,
zDY3f_JU2Mw_007,1.82391335e-01,6.63577326e-02,8.7823,1,
zDY3f_JU2Mw_008,1.72987031e-01,7.78665609e-02,6.9333,1,
zDY3f_JU2Mw_009,1.95007275e-01,7.36345143e-02,8.4594,1,
zDY3f_JU2Mw_010,1.75068831e-01,7.76488954e-02,7.0615,1,
zDY3f_JU2Mw_011,1.32174560e-01,6.41367392e-02,6.2808,1,
zLH6UBjv7iM_000,1.20282031e-01,1.13121782e-03,40.5331,1,
zLH6UBjv7iM_001,9.30213349e-02,7.68550105e-03,21.6582,1,
zLH6UBjv7iM_002,8.28685672e-02,7.99044615e-03,20.3164,1,
zLH6UBjv7iM_003,8.70408792e-02,8.96092240e-03,19.7474,1,
zLH6UBjv7iM_004,7.28274556e-02,5.39310674e-03,22.6091,1,
zLH6UBjv7iM_005,3.32512220e-02,2.39064355e-04,42.8659,1,
zQ74tQFIXZU_000,1.16102654e-01,6.34254666e-02,5.2516,1,
zQvwsDGr9JU_000,8.82188103e-02,4.60032287e-04,45.6555,1,
zQvwsDGr9JU_001,7.21562311e-02,6.85161024e-03,20.4496,1,
zQvwsDGr9JU_002,3.35729432e-02,2.42703042e-04,42.8183,1,
zUPrQBxS2NM_000,2.51846661e-01,7.10137785e-02,10.9959,1,
zUPrQBxS2NM_001,2.65581160e-01,1.04886360e-01,8.0696,1,
zUPrQBxS2NM_002,1.96532873e-01,1.28061778e-02,23.7203,1,
zUPrQBxS2NM_003,1.05640515e-01,7.15758981e-04,43.3813,1,
za1OqKsqiCc_000,1.63209762e-01,5.31055021e-02,9.7521,1,
za1OqKsqiCc_001,1.75087261e-01,4.98569084e-02,10.9106,1,
za1OqKsqiCc_002,1.93990807e-01,5.05956892e-02,11.6734,1,
za1OqKsqiCc_003,1.41987121e-01,4.63212332e-02,9.7294,1,
za1OqKsqiCc_004,1.68989393e-01,5.86474684e-02,9.1922,1,
za1OqKsqiCc_005,1.82827787e-01,5.31083300e-02,10.7376,1,
za1OqKsqiCc_006,2.31907389e-01,5.96660573e-02,11.7917,1,
za1OqKsqiCc_007,1.74767572e-01,1.14807990e-01,3.6498,1,
za1OqKsqiCc_008,1.32105295e-01,6.39266786e-02,6.3048,1,
zh0-UdbZ2UE_000,1.49820609e-01,3.11624541e-02,13.6388,1,
zh0-UdbZ2UE_001,1.91902483e-01,1.10423482e-01,4.8004,1,
zh0-UdbZ2UE_002,1.32521605e-01,6.37111019e-02,6.3614,1,
zhkldou_CKY_000,1.34260430e-01,2.67089460e-02,14.0258,1,
zhkldou_CKY_001,1.53120515e-01,4.01987284e-02,11.6164,1,
zhkldou_CKY_002,1.37362971e-01,5.83168253e-02,7.4415,1,
zhkldou_CKY_003,1.33773346e-01,2.97749892e-02,13.0504,1,
zhkldou_CKY_004,1.38237969e-01,4.80075222e-02,9.1864,1,
zhkldou_CKY_005,5.75889192e-02,3.99633085e-04,43.1735,1,
zhkldou_CKY_006,5.20056285e-02,3.70341315e-04,42.9490,1,
zhkldou_CKY_007,6.17880778e-02,8.52256053e-04,37.2067,1,
zhkldou_CKY_008,1.73470572e-01,1.17177020e-01,3.4077,1,
zhkldou_CKY_009,1.31506896e-01,6.37020040e-02,6.2959,1,
zjYZCFQI84s_000,1.61211031e-01,3.91326715e-02,12.2971,1,
zjYZCFQI84s_001,1.42035974e-01,4.44850991e-02,10.0837,1,
zjYZCFQI84s_002,1.48067984e-01,4.30808720e-02,10.7235,1,
zjYZCFQI84s_003,1.63798568e-01,4.67580978e-02,10.8891,1,
zjYZCFQI84s_004,1.51656550e-01,3.29472909e-02,13.2608,1,
zjYZCFQI84s_005,1.38980389e-01,3.85031290e-02,11.1491,1,
zjYZCFQI84s_006,3.28208436e-02,1.55926671e-02,6.4646,1,
zp3LxJr8aJA_000,1.76208140e-01,4.66298689e-02,11.5472,1,
zp3LxJr8aJA_001,1.90151867e-01,4.75591890e-02,12.0373,1,
zp3LxJr8aJA_002,1.89270198e-01,5.26888908e-02,11.1073,1,
zp3LxJr8aJA_003,1.91979592e-01,5.25994959e-02,11.2455,1,
zp3LxJr8aJA_004,1.90386108e-01,1.10325947e-01,4.7392,1,
zp3LxJr8aJA_005,1.33119056e-01,6.42643546e-02,6.3254,1,
ztXD5GSX13o_000,1.13208806e-01,8.49276855e-04,42.4966,1,
ztXD5GSX13o_001,1.03317075e-01,9.61228750e-03,20.6269,1,
ztXD5GSX13o_002,1.22430696e-01,1.78318683e-03,36.7339,1,
ztXD5GSX13o_003,1.05120547e-01,1.49862927e-03,36.9199,1,
ztXD5GSX13o_004,1.17091590e-01,1.10658394e-03,40.4908,1,
ztXD5GSX13o_005,1.00180809e-01,3.58314956e-02,8.9304,1,
ztXD5GSX13o_006,1.78946376e-01,1.19626205e-01,3.4979,1,
ztXD5GSX13o_007,1.33325404e-01,6.49780185e-02,6.2429,1,
zu5ZVRnnRVQ_000,1.43168162e-01,1.80501933e-02,17.9873,1,
zu5ZVRnnRVQ_001,1.55563630e-01,3.29388796e-02,13.4840,1,
zu5ZVRnnRVQ_002,1.58177630e-01,3.48866091e-02,13.1297,1,
zu5ZVRnnRVQ_003,1.30500243e-01,4.61457525e-02,9.0296,1,
zu5ZVRnnRVQ_004,1.31421121e-01,2.87061287e-02,13.2138,1,
zu5ZVRnnRVQ_005,3.36013243e-02,2.66449793e-04,42.0148,1,
