window_id,music_prob,singing_prob,snr_db,dnsmos_ovrl,flag_sing
-3BTKFtZldo_000,0.8609849214553833,0.011146452277898788,6.191693305969238,1.6360134001638071,0
-3BTKFtZldo_001,0.8772775530815125,0.0031994192395359278,10.001691818237305,1.883913702213988,0
-3BTKFtZldo_002,0.9147104024887085,0.014887651428580284,1.253121256828308,2.22608213540826,0
-9oY4_qcCfg_000,0.5972972512245178,0.00574194872751832,56.378501892089844,3.173351132324662,0
-9oY4_qcCfg_001,0.8504090309143066,0.022213317453861237,20.552661895751953,2.5785690369840757,0
-9oY4_qcCfg_002,0.7875522375106812,0.005760153755545616,19.43374252319336,2.548287189643373,0
-9oY4_qcCfg_003,0.854030430316925,0.005388573277741671,20.437793731689453,2.696320809181754,0
-9oY4_qcCfg_004,0.8892892599105835,0.022560004144906998,17.335912704467773,2.478539703792969,0
-9oY4_qcCfg_005,0.8516568541526794,0.016100086271762848,27.289958953857422,2.5844256819464113,0
-9oY4_qcCfg_006,0.8298583030700684,0.0028335966635495424,17.683700561523438,2.6706233780829973,0
-9oY4_qcCfg_007,0.8368344306945801,0.0037632000166922808,13.975258827209473,1.2252535759077898,0
-9oY4_qcCfg_008,0.8983310461044312,0.004846686031669378,20.65979766845703,2.6839704482319466,0
-9oY4_qcCfg_009,0.8596475124359131,0.015153874643146992,23.43912696838379,2.44201359655817,0
-9oY4_qcCfg_010,0.85260409116745,0.00630981894209981,22.22316551208496,2.6377340395748727,0
-9oY4_qcCfg_011,0.8582460284233093,0.006662530824542046,17.207916259765625,2.8091307215357464,0
-9oY4_qcCfg_012,0.8555944561958313,0.0031577041372656822,14.84135913848877,2.382387696436334,0
-9oY4_qcCfg_013,0.7920425534248352,0.0034178118221461773,17.72406578063965,2.1275797617357237,0
-9oY4_qcCfg_014,0.02660468779504299,0.000566396105568856,69.71815490722656,2.954425240281334,0
-9oY4_qcCfg_015,0.03261120617389679,0.0006202029762789607,65.61312103271484,3.09772177845025,0
-RGj8xb9R8A_000,0.8918678164482117,0.003231845563277602,12.164206504821777,1.9549160092222069,0
-RGj8xb9R8A_001,0.8725239038467407,0.0031475871801376343,10.848342895507812,1.39096223320919,0
-RGj8xb9R8A_002,0.863088846206665,0.01180901937186718,6.383265972137451,1.3070383737005704,0
-RGj8xb9R8A_003,0.9207935929298401,0.0009497658465988934,6.607048511505127,1.0913601359330176,0
-ZzrfGa0S0w_000,0.0204781461507082,0.0008004862465895712,47.22368240356445,3.4054507658078914,0
-ZzrfGa0S0w_001,0.023754343390464783,0.0004989799344912171,51.32493209838867,3.3547790207048704,0
-ZzrfGa0S0w_002,0.016958173364400864,0.0006501197349280119,53.16421890258789,3.4465849468263894,0
-ZzrfGa0S0w_003,0.015300030820071697,0.0007613697089254856,43.14950180053711,3.3304438028119305,0
-ZzrfGa0S0w_004,0.020044956356287003,0.0008754906593821943,59.55620193481445,3.3757969980116966,0
-ZzrfGa0S0w_005,0.013678189367055893,0.0005924645229242742,46.52033615112305,3.378977833302862,0
-ZzrfGa0S0w_006,0.01724233292043209,0.0008927870076149702,45.94194030761719,3.333299234557312,0
-ZzrfGa0S0w_007,0.016713367775082588,0.0009584137005731463,44.22378921508789,3.3526090659966563,0
-ZzrfGa0S0w_008,0.01695341244339943,0.0015795391518622637,45.086883544921875,3.394950182226011,0
-ZzrfGa0S0w_009,0.017842644825577736,0.0015584847424179316,48.94870376586914,3.444145381978608,0
-ZzrfGa0S0w_010,0.021247798576951027,0.0004788113583344966,46.09349060058594,3.3944080540052273,0
-ZzrfGa0S0w_011,0.022642401978373528,0.003723464673385024,70.50382995605469,3.088356443521292,0
-ZzrfGa0S0w_012,0.03324930742383003,0.0006109862006269395,64.33741760253906,3.1263580562301834,0
-agnQ40mEM8_000,0.02009100466966629,0.0007256941753439605,64.62281799316406,3.22473587179472,0
-agnQ40mEM8_001,0.6851586699485779,0.004004884045571089,51.39206314086914,3.232144933784192,0
-agnQ40mEM8_002,0.9226393103599548,0.0010068719275295734,5.766400337219238,1.5586143617002748,0
-duPp9s1JzQ_000,0.8812761902809143,0.07407021522521973,0.17497792840003967,1.1158146615953444,0
-duPp9s1JzQ_001,0.02286660671234131,0.0004591737233567983,41.58147048950195,3.278644262849793,0
-duPp9s1JzQ_002,0.0201781764626503,0.0007233825162984431,72.53759002685547,2.6607647932313423,0
-duPp9s1JzQ_003,0.036154113709926605,0.00230163405649364,73.03026580810547,3.1539523132248672,0
-duPp9s1JzQ_004,0.020213257521390915,0.0006059515289962292,72.63584899902344,3.217220584807058,0
-duPp9s1JzQ_005,0.03431491553783417,0.0020366101525723934,71.52816772460938,3.0790870693691326,0
-duPp9s1JzQ_006,0.03126250579953194,0.0006124515784904361,72.00471496582031,3.2042959581948636,0
-duPp9s1JzQ_007,0.020299280062317848,0.002294898731634021,72.79618835449219,2.8105023060407377,0
-duPp9s1JzQ_008,0.029861444607377052,0.0005829197471030056,71.31006622314453,2.9959604154778314,0
-duPp9s1JzQ_009,0.016103381291031837,0.0005194342811591923,73.05998992919922,3.0892566134036925,0
-duPp9s1JzQ_010,0.019007479771971703,0.0006506531499326229,72.37278747558594,3.303423860377862,0
-duPp9s1JzQ_011,0.022221941500902176,0.002199150389060378,69.66421508789062,3.142711373254413,0
-duPp9s1JzQ_012,0.03002493642270565,0.0005921936244703829,63.15907287597656,3.0537262087904167,0
-uB4Z9Vdv3E_000,0.8717551827430725,0.004382900428026915,14.022335052490234,2.4862576526730273,0
-uB4Z9Vdv3E_001,0.935611367225647,0.006509894970804453,9.79706859588623,2.415898945967573,0
-uB4Z9Vdv3E_002,0.8934125900268555,0.009169748052954674,10.847905158996582,2.2657360919883485,0
-uB4Z9Vdv3E_003,0.027677949517965317,0.0005627901409752667,64.61258697509766,3.0336427573968785,0
01cBqZ4P68A_000,0.8109988570213318,0.008025440387427807,11.776276588439941,1.949848405886236,0
01cBqZ4P68A_001,0.8647158145904541,0.009402858093380928,8.773399353027344,1.8427667291120644,0
01cBqZ4P68A_002,0.9167932868003845,0.0010073584271594882,6.5272393226623535,1.0974092403359237,0
0Hqy8SIu8QM_000,0.8288905620574951,0.17516183853149414,-0.9164546132087708,1.1716159302349392,0
0Hqy8SIu8QM_001,0.3979075849056244,0.18312211334705353,25.017492294311523,1.0850951561609898,0
0Hqy8SIu8QM_002,0.02872757986187935,0.0008398971403948963,70.75550079345703,3.0452276830053697,0
0Hqy8SIu8QM_003,0.03134928271174431,0.0005544593441300094,60.56695556640625,3.184215198661802,0
0QZPlWu3n7Q_000,0.02146610990166664,0.001741006039083004,51.08060073852539,3.3080256522355085,0
0QZPlWu3n7Q_001,0.9010955691337585,0.018080338835716248,5.5028252601623535,1.8272151196195439,0
0QZPlWu3n7Q_002,0.894853949546814,0.014527331106364727,4.906221389770508,1.2045687038692083,0
0QZPlWu3n7Q_003,0.7390989065170288,0.011735012754797935,39.567161560058594,2.9173525693913307,0
0QZPlWu3n7Q_004,0.03204496577382088,0.0006157913594506681,63.805015563964844,3.1230808380884887,0
0bxiKSqEZlU_000,0.031777117401361465,0.0007969490252435207,41.71145248413086,3.278688603669902,0
0bxiKSqEZlU_001,0.07482079416513443,0.0015183310024440289,49.32424545288086,3.1679073477905355,0
0bxiKSqEZlU_002,0.029011320322752,0.0007267458131536841,72.59756469726562,3.1022677837873394,0
0bxiKSqEZlU_003,0.0337216891348362,0.0006455667898990214,63.07051467895508,2.9853120550132455,0
0oa0RJE4db8_000,0.862594485282898,0.003939605783671141,16.55573081970215,1.8921734568359274,0
0oa0RJE4db8_001,0.8962324261665344,0.0026210269425064325,10.832932472229004,1.9654622636712586,0
0oa0RJE4db8_002,0.8490354418754578,0.0016704051522538066,6.527176380157471,2.09277638316514,0
0oa0RJE4db8_003,0.8715742230415344,0.0070546637289226055,8.722760200500488,1.4688072240171206,0
0oa0RJE4db8_004,0.8401232361793518,0.006050758995115757,8.56710433959961,2.2078569368250425,0
0oa0RJE4db8_005,0.9191785454750061,0.001045691198669374,5.922694206237793,1.9471445360284971,0
0tOUk3VfuGg_000,0.875752866268158,0.027132296934723854,12.365756034851074,1.3645733310373604,0
0tOUk3VfuGg_001,0.9125383496284485,0.00655797403305769,6.9679694175720215,2.193239300390079,0
0tOUk3VfuGg_002,0.900946855545044,0.002914882032200694,5.605197906494141,1.1295290810006404,0
0tOUk3VfuGg_003,0.8834823966026306,0.010896719992160797,3.252340316772461,1.1234678005788237,0
0tOUk3VfuGg_004,0.9286085963249207,0.0070556094869971275,4.6190690994262695,1.4067491527651983,0
0tOUk3VfuGg_005,0.9188814163208008,0.013547459617257118,4.8038811683654785,1.1184360018304103,0
0tOUk3VfuGg_006,0.9329146146774292,0.0026068189181387424,6.012231349945068,1.2652919290437892,0
0tOUk3VfuGg_007,0.9141932725906372,0.011227259412407875,6.445755481719971,1.5728561488788912,0
0tOUk3VfuGg_008,0.9068368077278137,0.014223943464457989,9.213336944580078,1.6185730743947029,0
0tOUk3VfuGg_009,0.8967933654785156,0.0021050870418548584,8.396464347839355,1.330751046708807,0
0tOUk3VfuGg_010,0.8959892392158508,0.0033833393827080727,5.652333736419678,1.162289111248274,0
0tOUk3VfuGg_011,0.9278561472892761,0.0011514511425048113,4.190097808837891,1.1288726106032434,0
0tOUk3VfuGg_012,0.9152027368545532,0.010231204330921173,5.573565483093262,1.1444643627943054,0
0tOUk3VfuGg_013,0.8503898978233337,0.01080524642020464,5.716938495635986,1.3596314600932862,0
0tOUk3VfuGg_014,0.8716703653335571,0.003867871593683958,4.640587329864502,1.1435711200122647,0
0tOUk3VfuGg_015,0.8531590700149536,0.011036550626158714,31.41180419921875,2.373967644756032,0
0tOUk3VfuGg_016,0.030360903590917587,0.000648443412501365,62.33378601074219,3.088986539177526,0
0xkI0AW6xfQ_000,0.8225656151771545,0.036630574613809586,9.429195404052734,2.4305569948880867,0
0xkI0AW6xfQ_001,0.33462193608283997,0.14391210675239563,18.36503028869629,1.0888119870559692,0
0xkI0AW6xfQ_002,0.2300308346748352,0.16342107951641083,15.581191062927246,1.912113360908641,0
0xkI0AW6xfQ_003,0.44624561071395874,0.08229761570692062,8.85836124420166,1.0902365605731803,0
0xkI0AW6xfQ_004,0.30286112427711487,0.04384886473417282,32.48404312133789,1.9018772994574693,0
0xkI0AW6xfQ_005,0.2922709286212921,0.06928058713674545,34.9049072265625,1.0310650027258212,0
0xkI0AW6xfQ_006,0.8230106234550476,0.0010537970811128616,14.928932189941406,2.7408426162851187,0
0xkI0AW6xfQ_007,0.8362654447555542,0.009712887927889824,10.453780174255371,2.0748602059820076,0
0xkI0AW6xfQ_008,0.8700075745582581,0.0014097891980782151,6.0634765625,1.1591042020512146,0
0xkI0AW6xfQ_009,0.9122971892356873,0.004879859276115894,6.0117669105529785,1.3552104758505885,0
0xkI0AW6xfQ_010,0.9142456650733948,0.007422738708555698,6.708114147186279,1.5804655788403112,0
0xkI0AW6xfQ_011,0.9390377998352051,0.0038132858462631702,5.430846691131592,1.267399688678937,0
0xkI0AW6xfQ_012,0.8843520283699036,0.006727897562086582,17.72983169555664,1.7442876749312581,0
0xkI0AW6xfQ_013,0.796210765838623,0.009259125217795372,7.915924549102783,1.6778700991787578,0
0xkI0AW6xfQ_014,0.7853541970252991,0.010426393710076809,7.411459922790527,1.5858055820081172,0
0xkI0AW6xfQ_015,0.8134888410568237,0.0034035714343190193,8.275934219360352,1.3664428845679357,0
0xkI0AW6xfQ_016,0.8063663840293884,0.006023441907018423,9.835721015930176,1.55313450717022,0
0xkI0AW6xfQ_017,0.7798289656639099,0.01676291972398758,7.9418182373046875,1.7185428799600098,0
0xkI0AW6xfQ_018,0.8189036846160889,0.009156846441328526,9.795318603515625,1.8624316797429017,0
0xkI0AW6xfQ_019,0.9190608859062195,0.0012242175871506333,5.925297737121582,1.7655138771774685,0
10G-1WZq5jc_000,0.8812453746795654,0.012135308235883713,7.649930477142334,2.4069267518230553,0
10G-1WZq5jc_001,0.9209468960762024,0.0016586162382736802,2.213721990585327,1.4243607951239472,0
10G-1WZq5jc_002,0.9118690490722656,0.01919715665280819,3.880983591079712,1.1084128811512135,0
10G-1WZq5jc_003,0.9332031607627869,0.004986838903278112,5.978365421295166,1.624647631572226,0
10G-1WZq5jc_004,0.9359867572784424,0.00515240291133523,5.901819705963135,1.151428293916609,0
10G-1WZq5jc_005,0.9110779166221619,0.0021740971133112907,7.056972503662109,1.172726560618598,0
10G-1WZq5jc_006,0.8599554896354675,0.01684909127652645,5.328195095062256,1.0949915315629342,0
10G-1WZq5jc_007,0.933289647102356,0.007319881115108728,7.980396270751953,1.3926638824972266,0
10G-1WZq5jc_008,0.7441497445106506,0.004908069036900997,10.169621467590332,1.8841133880450438,0
10G-1WZq5jc_009,0.7244834303855896,0.006903229746967554,10.079279899597168,1.8085685819127504,0
10G-1WZq5jc_010,0.8197824358940125,0.04042988643050194,11.291618347167969,2.2452480639098553,0
10G-1WZq5jc_011,0.7672746777534485,0.01538311317563057,9.92716121673584,1.9276401058953068,0
10G-1WZq5jc_012,0.8728662729263306,0.009925504215061665,12.703713417053223,2.143317110384186,0
10G-1WZq5jc_013,0.9010522365570068,0.001979693304747343,9.06747055053711,2.201346063575288,0
10G-1WZq5jc_014,0.0938364788889885,0.02801458351314068,58.75381088256836,2.9251554235358896,0
10G-1WZq5jc_015,0.22362446784973145,0.24658694863319397,35.12099075317383,1.311152549306668,0
10G-1WZq5jc_016,0.29858043789863586,0.06620938330888748,33.46136474609375,1.1517589769156458,0
10G-1WZq5jc_017,0.8169121742248535,0.0067336359061300755,6.315056324005127,1.9205000336142417,0
10G-1WZq5jc_018,0.9210582375526428,0.0009322304395027459,6.9182047843933105,1.0946799915907985,0
1Hj6ncrJr0c_000,0.7697044014930725,0.0020408672280609608,14.50196647644043,2.243077505148651,0
1Hj6ncrJr0c_001,0.8611087799072266,0.002677114913240075,11.84914493560791,1.9752898760259954,0
1Hj6ncrJr0c_002,0.806787371635437,0.0034331358037889004,11.708033561706543,1.9161306103711147,0
1Hj6ncrJr0c_003,0.8052570819854736,0.006943702697753906,16.867368698120117,2.051384296902451,0
1Hj6ncrJr0c_004,0.8664867281913757,0.006450070068240166,5.268687725067139,1.5992686625974732,0
1Hj6ncrJr0c_005,0.9226335287094116,0.0009072838583961129,6.252927303314209,1.4758617699406216,0
1Mz-sKyoEy8_000,0.6411317586898804,0.00594268599525094,64.86949157714844,3.3765832361782335,0
1Mz-sKyoEy8_001,0.7137243747711182,0.199385404586792,2.97098708152771,1.152006402455552,0
1Mz-sKyoEy8_002,0.8225451111793518,0.09400603920221329,5.924283027648926,1.8173114952965073,0
1Mz-sKyoEy8_003,0.026910537853837013,0.0007861182675696909,70.2879867553711,3.094965400463469,0
1Mz-sKyoEy8_004,0.03228437528014183,0.0005015486967749894,61.4969596862793,3.0630100518982712,0
1VbNiBxwg9M_000,0.02542155422270298,0.0006388857145793736,49.644161224365234,3.1790936401832797,0
1VbNiBxwg9M_001,0.024731095880270004,0.001623370568268001,69.11217498779297,2.9379054888153964,0
1VbNiBxwg9M_002,0.022638799622654915,0.0006669555441476405,73.35102844238281,2.992568947171814,0
1VbNiBxwg9M_003,0.028894172981381416,0.000892544980160892,73.75955963134766,3.059244243559733,0
1VbNiBxwg9M_004,0.020740270614624023,0.0009471140219829977,70.3813247680664,2.8837446276062426,0
1VbNiBxwg9M_005,0.016138814389705658,0.0004836795851588249,71.70647430419922,2.877703087126936,0
1VbNiBxwg9M_006,0.024510394781827927,0.000962293182965368,66.29296112060547,3.1552604310218126,0
1VbNiBxwg9M_007,0.03156847879290581,0.0012327800504863262,72.02790832519531,3.1596731642604547,0
1VbNiBxwg9M_008,0.025345196947455406,0.0010355898411944509,72.236572265625,3.0117725984958796,0
1VbNiBxwg9M_009,0.014269312843680382,0.0005645595956593752,57.98058319091797,3.356380542800445,0
1VbNiBxwg9M_010,0.03196832910180092,0.0019650738686323166,65.27247619628906,3.185402629841408,0
1VbNiBxwg9M_011,0.8466405868530273,0.0015409375773742795,19.75687026977539,2.816387238770851,0
1VbNiBxwg9M_012,0.9155399203300476,0.0004856511077377945,15.627412796020508,2.7375300257221284,0
1VbNiBxwg9M_013,0.8837364912033081,0.0004459706542547792,14.510262489318848,2.7875252623400715,0
1VbNiBxwg9M_014,0.02349897287786007,0.0006625496898777783,45.85112380981445,3.3624985183508236,0
1VbNiBxwg9M_015,0.01943761669099331,0.000987364794127643,42.27809524536133,3.502125436477202,0
1VbNiBxwg9M_016,0.01630592718720436,0.0007208565948531032,42.832942962646484,3.377850025314443,0
1VbNiBxwg9M_017,0.029435599222779274,0.002574568148702383,44.2883415222168,3.4375730228819634,0
1VbNiBxwg9M_018,0.029676364734768867,0.0011575536336749792,39.271915435791016,3.2389703535045475,0
1VbNiBxwg9M_019,0.02192174270749092,0.0023160153068602085,70.12643432617188,3.0840004905063423,0
1VbNiBxwg9M_020,0.03210793063044548,0.0005552867078222334,62.57939147949219,3.0323019894884045,0
1W1EWr_0bg8_000,0.788524866104126,0.024887437000870705,21.108678817749023,2.4463714118389603,0
1W1EWr_0bg8_001,0.8621814250946045,0.07462934404611588,17.15294647216797,2.903134831578078,0
1W1EWr_0bg8_002,0.8696291446685791,0.03080737590789795,11.369956016540527,2.4954513106165885,0
1W1EWr_0bg8_003,0.866705060005188,0.014271828345954418,19.305492401123047,2.1926690302232132,0
1W1EWr_0bg8_004,0.8465787768363953,0.026003196835517883,15.09416389465332,2.564536222788398,0
1W1EWr_0bg8_005,0.8476666212081909,0.01894698478281498,28.65036392211914,2.635530220360203,0
1W1EWr_0bg8_006,0.03383295238018036,0.0005584418540820479,64.87379455566406,3.0690793608686335,0
1WefYlPx6ok_000,0.7851786017417908,0.0022658673115074635,21.307153701782227,2.338211782552994,0
1WefYlPx6ok_001,0.8410347104072571,0.0022952721919864416,14.53042221069336,2.866139639118494,0
1WefYlPx6ok_002,0.8051020503044128,0.009148846380412579,14.099786758422852,2.585632715682158,0
1WefYlPx6ok_003,0.7815201878547668,0.0018717749044299126,16.25895881652832,2.5323054654945807,0
1WefYlPx6ok_004,0.8765501976013184,0.015783434733748436,10.071187973022461,1.6144800422977814,0
1WefYlPx6ok_005,0.8928276896476746,0.0014164209133014083,14.35231876373291,2.685541564337795,0
1WefYlPx6ok_006,0.9135283827781677,0.0006661322549916804,9.994933128356934,2.4414470901923586,0
1WefYlPx6ok_007,0.9056722521781921,0.0015343737322837114,14.294692039489746,2.618540031001345,0
1WefYlPx6ok_008,0.9112280607223511,0.008010409772396088,8.702829360961914,1.5460322731397018,0
1WefYlPx6ok_009,0.9318813681602478,0.0006104803178459406,10.763693809509277,2.237097673232381,0
1WefYlPx6ok_010,0.9175512790679932,0.003784720553085208,10.642946243286133,1.2438117629366747,0
1WefYlPx6ok_011,0.8913343548774719,0.0024182184133678675,11.438421249389648,1.6879543687206884,0
1WefYlPx6ok_012,0.8922410011291504,0.0018901602597907186,14.225139617919922,2.574685296851974,0
1WefYlPx6ok_013,0.6618955135345459,0.001927666598930955,55.218143463134766,3.159956873573784,0
1WefYlPx6ok_014,0.032015059143304825,0.0005205016350373626,61.99266052246094,3.0465947696254188,0
1qtodTd6UME_000,0.8899296522140503,0.012680419720709324,11.15128231048584,2.248231390222841,0
1qtodTd6UME_001,0.850874125957489,0.010273749940097332,12.843263626098633,2.3757938158192653,0
1qtodTd6UME_002,0.9175910353660583,0.0010143935214728117,6.0915303230285645,1.2644046749486146,0
1uc4tqpk9o0_000,0.8432056903839111,0.022311467677354813,5.18088960647583,1.1243942012046977,0
1uc4tqpk9o0_001,0.7962061166763306,0.001971400110051036,9.714947700500488,2.1824499051165605,0
1uc4tqpk9o0_002,0.7813228368759155,0.001096674706786871,12.652366638183594,1.5882163181707534,0
1uc4tqpk9o0_003,0.7855923175811768,0.002248480450361967,11.407625198364258,1.9851960584176362,0
1uc4tqpk9o0_004,0.8632354736328125,0.005073365289717913,11.818892478942871,2.2618658211064946,0
1uc4tqpk9o0_005,0.8372466564178467,0.0028458593878895044,14.723496437072754,1.784291698484578,0
1uc4tqpk9o0_006,0.8233423829078674,0.004655258264392614,12.756291389465332,2.092905733769836,0
1uc4tqpk9o0_007,0.8259395360946655,0.00773222278803587,6.411750793457031,1.9537376402556705,0
1uc4tqpk9o0_008,0.9199671149253845,0.0009673112072050571,6.346850395202637,1.6655152881414896,0
238-IIxY3Pw_000,0.029116330668330193,0.0019487557001411915,71.225830078125,3.1279404612461583,0
238-IIxY3Pw_001,0.02241477556526661,0.0005532414652407169,55.08210754394531,3.2045898288997923,0
238-IIxY3Pw_002,0.018301337957382202,0.0006750971078872681,46.41033935546875,3.1157134269739326,0
238-IIxY3Pw_003,0.02637445367872715,0.000798389024566859,41.69723892211914,3.2833134268037645,0
238-IIxY3Pw_004,0.7346296906471252,0.0024663610383868217,13.158709526062012,2.590066226842047,0
238-IIxY3Pw_005,0.805282473564148,0.002818081295117736,14.735663414001465,2.6486497661103314,0
238-IIxY3Pw_006,0.84902024269104,0.2554880678653717,15.885401725769043,1.5318524616734694,0
238-IIxY3Pw_007,0.903107225894928,0.21542760729789734,19.81875228881836,2.611919379067385,0
238-IIxY3Pw_008,0.837184727191925,0.0018124872585758567,17.978456497192383,2.3129292982558103,0
238-IIxY3Pw_009,0.7481005191802979,0.003825424937531352,12.022388458251953,2.343921936825869,0
238-IIxY3Pw_010,0.8591834306716919,0.3134410083293915,17.558795928955078,1.516843434052681,0
238-IIxY3Pw_011,0.8994178771972656,0.22034016251564026,22.353601455688477,1.2842261468185652,0
238-IIxY3Pw_012,0.02837355062365532,0.0006669997237622738,68.90507507324219,2.959340565011398,0
238-IIxY3Pw_013,0.03039345145225525,0.0005465532885864377,64.75810241699219,3.064858382026412,0
2VLM3MhnyEE_000,0.027771323919296265,0.0011748026590794325,72.49612426757812,3.34369485227491,0
2VLM3MhnyEE_001,0.6178675293922424,0.0011697526788339019,19.380674362182617,2.5705178381553346,0
2VLM3MhnyEE_002,0.7986143231391907,0.001145491492934525,17.26000213623047,2.750008753663156,0
2VLM3MhnyEE_003,0.02206936478614807,0.0016471234848722816,69.30438232421875,3.179107780116009,0
2VLM3MhnyEE_004,0.8486573696136475,0.0034868258517235518,13.696948051452637,2.456769971175883,0
2VLM3MhnyEE_005,0.021832771599292755,0.000924613734241575,72.22935485839844,3.0371327846625618,0
2VLM3MhnyEE_006,0.719487726688385,0.0009692771709524095,19.526025772094727,1.9316157314159397,0
2VLM3MhnyEE_007,0.849632203578949,0.0003943304473068565,10.929008483886719,2.4608169494848946,0
2VLM3MhnyEE_008,0.9230892658233643,0.0003283791593275964,11.608015060424805,2.651718886162765,0
2VLM3MhnyEE_009,0.04858298972249031,0.0018130635144189,51.825809478759766,3.0078585406646257,0
2VLM3MhnyEE_010,0.026712462306022644,0.0008548753103241324,71.07880401611328,2.999089708604985,0
2VmuNpNnUEU_000,0.7320680618286133,0.0021184957586228848,26.148780822753906,2.7160619957247865,0
2VmuNpNnUEU_001,0.8307639360427856,0.0035948168952018023,24.068864822387695,2.5718908454260725,0
2VmuNpNnUEU_002,0.8281004428863525,0.009207417257130146,6.573793411254883,1.5827631545958374,0
2VmuNpNnUEU_003,0.9177663326263428,0.0008780130883678794,6.356663227081299,1.5356303212248488,0
2Y6itphxVyc_000,0.8822859525680542,0.0033916428219527006,16.047481536865234,1.602018136654564,0
2Y6itphxVyc_001,0.8177791237831116,0.20166648924350739,23.638296127319336,1.1037028303513379,0
2Y6itphxVyc_002,0.7856577634811401,0.17539045214653015,3.715392589569092,1.0787316211869769,0
2Y6itphxVyc_003,0.6544516682624817,0.17753493785858154,27.126615524291992,1.093596628391375,0
2Y6itphxVyc_004,0.8140163421630859,0.19599491357803345,15.5801362991333,1.1065840588435585,0
2Y6itphxVyc_005,0.8653542995452881,0.2238008677959442,4.469174861907959,1.134456229211289,0
2Y6itphxVyc_006,0.8625088930130005,0.21713577210903168,4.783778190612793,1.091576940147134,0
2Y6itphxVyc_007,0.8834578394889832,0.006634138990193605,4.7914533615112305,1.1221026667783591,0
2Y6itphxVyc_008,0.9157953262329102,0.0009037554264068604,6.498913764953613,1.1854537700912262,0
2a1fdlEvm-s_000,0.27783000469207764,0.0022132969461381435,28.643951416015625,2.8594251013283354,0
2a1fdlEvm-s_001,0.07466825842857361,0.00196139351464808,28.473552703857422,3.036372651115769,0
2a1fdlEvm-s_002,0.8107991218566895,0.007327552884817123,6.230573654174805,1.7206494063888693,0
2a1fdlEvm-s_003,0.9159727096557617,0.0009955235291272402,5.902482986450195,1.5898831797843844,0
2anuRVG0ZBc_000,0.7643454074859619,0.0020549644250422716,10.641694068908691,2.3084190289193067,0
2anuRVG0ZBc_001,0.7900072336196899,0.004313524346798658,10.649199485778809,1.3647182734050998,0
2anuRVG0ZBc_002,0.8112812638282776,0.0013540450017899275,10.375473976135254,1.4199529651381944,0
2anuRVG0ZBc_003,0.8036479949951172,0.011213589459657669,17.953386306762695,1.7505963352214895,0
2anuRVG0ZBc_004,0.02581053227186203,0.0007006643572822213,71.188720703125,3.1092201300767863,0
2anuRVG0ZBc_005,0.030793489888310432,0.000590693496633321,62.91047286987305,3.109920419768151,0
2oJ2qkdgZTw_000,0.7869059443473816,0.008489778265357018,10.794021606445312,2.2765573712332605,0
2oJ2qkdgZTw_001,0.8714926838874817,0.003824660088866949,13.603702545166016,1.840389529666803,0
2oJ2qkdgZTw_002,0.8909936547279358,0.0018991974648088217,7.384879112243652,2.1589959635419325,0
2wdfJrsnKME_000,0.05335099995136261,0.0012564348289743066,19.2371768951416,2.8115110013126885,0
2wdfJrsnKME_001,0.9299494624137878,0.0017565422458574176,12.768096923828125,2.520187417276461,0
2wdfJrsnKME_002,0.9260072708129883,0.003621797077357769,13.09519100189209,2.413936593657407,0
2wdfJrsnKME_003,0.8918819427490234,0.007056517992168665,16.730985641479492,2.6314717383366895,0
2wdfJrsnKME_004,0.02726512961089611,0.005127086769789457,47.30185317993164,3.2900359511009913,0
2wdfJrsnKME_005,0.03492289409041405,0.0013431181432679296,73.39163970947266,2.962000381904971,0
2wdfJrsnKME_006,0.03305882215499878,0.0005971093778498471,65.6077651977539,3.1374819754553402,0
389l_ackzDg_000,0.8488072156906128,0.0035740716848522425,14.353487014770508,2.3448601076130795,0
389l_ackzDg_001,0.889030933380127,0.012750049121677876,8.330424308776855,1.472009967217527,0
389l_ackzDg_002,0.8600597977638245,0.03206559270620346,10.449055671691895,1.926333998289765,0
389l_ackzDg_003,0.8438593745231628,0.021108612418174744,15.39081859588623,2.211497791630455,0
389l_ackzDg_004,0.9191938638687134,0.0010511410655453801,6.093457221984863,2.0706704052651057,0
3KG2fqfQMG4_000,0.03628033399581909,0.0010844386415556073,48.69149398803711,3.094568713017566,0
3KG2fqfQMG4_001,0.033634718507528305,0.0022629350423812866,36.345863342285156,3.310494774563238,0
3KG2fqfQMG4_002,0.03306203708052635,0.0008601290755905211,44.94089126586914,2.8306705626331667,0
3KG2fqfQMG4_003,0.046368297189474106,0.0029040619265288115,34.0663948059082,3.188421088582497,0
3KG2fqfQMG4_004,0.862566351890564,0.005507965572178364,6.3201823234558105,1.9961471423473818,0
3KG2fqfQMG4_005,0.9187436103820801,0.0011038292432203889,6.993574619293213,1.116871218325618,0
3TNcMupTFTQ_000,0.9008069634437561,0.0022937569301575422,18.90349006652832,2.531700364379833,0
3TNcMupTFTQ_001,0.8946688175201416,0.002909270580857992,15.313614845275879,2.224857158480712,0
3TNcMupTFTQ_002,0.9074115753173828,0.013005362823605537,8.337865829467773,2.4465627976931943,0
3TNcMupTFTQ_003,0.902045488357544,0.008250022307038307,12.361824989318848,1.888450329146996,0
3TNcMupTFTQ_004,0.8661510348320007,0.008384392596781254,6.098904609680176,1.1713630270754465,0
3TNcMupTFTQ_005,0.9205273985862732,0.0008680053288117051,6.487378120422363,1.1623259469267724,0
3aBRmQ-C51o_000,0.025509897619485855,0.0011971091153100133,70.52308654785156,3.1056069671529665,0
3aBRmQ-C51o_001,0.031129756942391396,0.0013231377815827727,69.36648559570312,3.211604488825828,0
3aBRmQ-C51o_002,0.015652066096663475,0.0006403062725439668,52.31312561035156,3.383964241687156,0
3aBRmQ-C51o_003,0.025617055594921112,0.00036754627944901586,60.627769470214844,2.9405279391404497,0
3g0OEhAgPHw_000,0.8899815082550049,0.020028110593557358,16.325241088867188,2.213964931685456,0
3g0OEhAgPHw_001,0.8910847902297974,0.0023175030946731567,9.567005157470703,1.3833686901098332,0
3g0OEhAgPHw_002,0.9277748465538025,0.0043512992560863495,8.548270225524902,1.2629225453130415,0
3g0OEhAgPHw_003,0.895176887512207,0.005811686161905527,10.860156059265137,2.3085785863498915,0
3g0OEhAgPHw_004,0.9172086715698242,0.0010925234528258443,5.736979961395264,1.082345889007185,0
3gtSu-CaA6o_000,0.7249974608421326,0.0015187871176749468,15.015487670898438,2.4304115070932895,0
3gtSu-CaA6o_001,0.9122589826583862,0.00192192941904068,3.4103262424468994,1.5121371593861104,0
3gtSu-CaA6o_002,0.9149187207221985,0.0021100020967423916,4.477203845977783,1.8559441951983302,0
3gtSu-CaA6o_003,0.9081717133522034,0.0021340805105865,3.325207233428955,2.0042705779415892,0
3gtSu-CaA6o_004,0.9144862294197083,0.0025813053362071514,3.7325572967529297,1.2738765177901612,0
3gtSu-CaA6o_005,0.8741746544837952,0.0026562358252704144,2.610793113708496,1.4031821690932353,0
3gtSu-CaA6o_006,0.86217200756073,0.0015438043046742678,3.506821632385254,1.3065292462719345,0
3gtSu-CaA6o_007,0.9040378332138062,0.010856387205421925,4.5752034187316895,1.1390586207068432,0
3gtSu-CaA6o_008,0.8832597732543945,0.002953136572614312,0.6847333908081055,1.361179461376186,0
3gtSu-CaA6o_009,0.865216076374054,0.005653112195432186,7.462367057800293,1.4199056378665416,0
3gtSu-CaA6o_010,0.9203541874885559,0.0009541861363686621,6.34237813949585,1.616711527846322,0
3kTKtsSunlg_000,0.025509897619485855,0.0011971091153100133,70.52308654785156,3.1056069671529665,0
3kTKtsSunlg_001,0.03771830350160599,0.0006676926859654486,49.04759216308594,1.9131437224980647,0
3kTKtsSunlg_002,0.02365400828421116,0.0014604789903387427,69.08586120605469,2.8207976964001458,0
3kTKtsSunlg_003,0.025897853076457977,0.0022850458044558764,70.24993896484375,3.295932112872776,0
3kTKtsSunlg_004,0.018255217000842094,0.0008622445166110992,59.605167388916016,2.8615010074400447,0
3kTKtsSunlg_005,0.04495789483189583,0.014870451763272285,67.24085235595703,3.205805411483589,0
3kTKtsSunlg_006,0.05415862053632736,0.005624346900731325,24.101911544799805,2.869237592609507,0
3kTKtsSunlg_007,0.03057166375219822,0.0009066435159184039,64.15547180175781,3.0189273694137833,0
3kTKtsSunlg_008,0.04579314962029457,0.0006309213349595666,70.42949676513672,2.603435856464544,0
3kTKtsSunlg_009,0.04040045291185379,0.0023602512665092945,69.26318359375,3.169706109667297,0
3kTKtsSunlg_010,0.03287044167518616,0.0011748626129701734,72.78733825683594,3.1193036339541966,0
3kTKtsSunlg_011,0.021681170910596848,0.0007913332083262503,59.6913948059082,3.294451957863665,0
3kTKtsSunlg_012,0.026204591616988182,0.0006359778344631195,69.3309097290039,2.93142562094777,0
3kTKtsSunlg_013,0.02669120393693447,0.0003588128602132201,62.35893249511719,2.5413706960011155,0
3kTKtsSunlg_014,0.03498222306370735,0.001956420950591564,56.46370315551758,2.804329866076324,0
3kTKtsSunlg_015,0.020875023677945137,0.0008640774176456034,25.843807220458984,2.7287150698079916,0
3kTKtsSunlg_016,0.01731809228658676,0.0044502150267362595,54.36474609375,2.669913596707912,0
3kTKtsSunlg_017,0.04014280065894127,0.012904051691293716,51.538936614990234,2.891686867164968,0
3kTKtsSunlg_018,0.037342619150877,0.25180310010910034,56.460716247558594,3.3104224320456344,0
3kTKtsSunlg_019,0.02382693625986576,0.0021175676956772804,58.90184783935547,3.190272290430473,0
3kTKtsSunlg_020,0.0429404191672802,0.013629192486405373,63.4713249206543,3.13173627025324,0
3kTKtsSunlg_021,0.021560924127697945,0.0012757891090586782,66.62496948242188,3.382253003368079,0
3kTKtsSunlg_022,0.015536061488091946,0.0004046398098580539,59.46853256225586,3.2707638186048005,0
3kTKtsSunlg_023,0.03224162012338638,0.0017009993316605687,62.43602752685547,3.1833662691618168,0
3kTKtsSunlg_024,0.046975813806056976,0.1267462819814682,50.16621017456055,3.2557503580722282,0
3kTKtsSunlg_025,0.7542517185211182,0.014875013381242752,27.561540603637695,1.6026069206312727,0
3kTKtsSunlg_026,0.05723375082015991,0.0015902271261438727,61.47174072265625,2.944874843013601,0
3kTKtsSunlg_027,0.02864011749625206,0.0010598746594041586,68.40242767333984,2.5279286190549572,0
3kTKtsSunlg_028,0.736007809638977,0.04213189706206322,-4.7984185218811035,2.493337270345081,0
3kTKtsSunlg_029,0.023976273834705353,0.0008086193702183664,70.50187683105469,3.2181212729625823,0
3kTKtsSunlg_030,0.036725014448165894,0.001551639405079186,55.270912170410156,3.342087313066425,0
3kTKtsSunlg_031,0.015339601784944534,0.000678257376421243,67.17340087890625,3.33169714132667,0
3kTKtsSunlg_032,0.026547236368060112,0.0006706480053253472,67.82465362548828,3.283070028020842,0
3kTKtsSunlg_033,0.02750031091272831,0.00040960885235108435,60.38451385498047,2.838806347563956,0
3zxz0AndPt0_000,0.7284998893737793,0.010278614237904549,12.694076538085938,2.4210082846236918,0
3zxz0AndPt0_001,0.9135213494300842,0.0009087909711524844,5.883774757385254,1.1275660891829213,0
47F3lTVpOxc_000,0.9143465757369995,0.0028676956426352262,16.329782485961914,2.0913300494354945,0
47F3lTVpOxc_001,0.8656851053237915,0.004943545907735825,11.138318061828613,1.7731474945109083,0
47F3lTVpOxc_002,0.9167797565460205,0.010449325665831566,9.542143821716309,1.1580260684201253,0
47F3lTVpOxc_003,0.8594781160354614,0.002081718295812607,10.587796211242676,1.1740901249829274,0
47F3lTVpOxc_004,0.8827499151229858,0.0013049291446805,12.300146102905273,2.294876576365004,0
47F3lTVpOxc_005,0.7999836206436157,0.002994573675096035,18.203044891357422,2.1726519689728274,0
47F3lTVpOxc_006,0.9222314357757568,0.000953593582380563,5.951021671295166,1.8933077635447744,0
4BE3O130ubk_000,0.8381134271621704,0.0013956325128674507,14.611988067626953,2.3642373569445887,0
4BE3O130ubk_001,0.6240371465682983,0.0030448243487626314,-2.1111016273498535,1.0757847731732786,0
4BE3O130ubk_002,0.804969310760498,0.022484667599201202,-1.88359797000885,1.0883584728295335,0
4BE3O130ubk_003,0.852453351020813,0.0024735324550420046,17.09734344482422,2.1380680599191875,0
4BE3O130ubk_004,0.8148838877677917,0.0065834783017635345,11.04894733428955,2.4551921607502285,0
4BE3O130ubk_005,0.9183675646781921,0.001045796787366271,6.403143405914307,1.1317495607937638,0
4Eyz895ZCwE_000,0.8315080404281616,0.011932077817618847,21.229549407958984,2.9417777769024225,0
4Eyz895ZCwE_001,0.8670478463172913,0.004842090420424938,18.534442901611328,1.576799732807903,0
4Eyz895ZCwE_002,0.8607481718063354,0.0016606062417849898,13.802547454833984,2.119544412930943,0
4Eyz895ZCwE_003,0.7440288066864014,0.0008016801439225674,29.18943977355957,3.0081011684989813,0
4FiG0IQi__Y_000,0.9093464016914368,0.0010831966064870358,10.070581436157227,2.5197813392532287,0
4FiG0IQi__Y_001,0.9152207970619202,0.003175691468641162,8.653854370117188,1.1680039649931573,0
4FiG0IQi__Y_002,0.9005813598632812,0.0036181991454213858,17.609172821044922,2.5217551154358424,0
4FiG0IQi__Y_003,0.594356894493103,0.0026897001080214977,55.32240676879883,3.176937017576237,0
4FiG0IQi__Y_004,0.030941974371671677,0.0005198417347855866,61.55803680419922,3.0507090551598792,0
4YsyGfojh30_000,0.7998015284538269,0.00426573446020484,10.215059280395508,2.2812030326326207,0
4YsyGfojh30_001,0.8610519170761108,0.007124133408069611,11.423938751220703,2.2216279728055035,0
4YsyGfojh30_002,0.9217020869255066,0.0010638553649187088,5.773262977600098,1.3966998429661814,0
4bPrey4Dpqo_000,0.8700793981552124,0.0017537535168230534,9.367393493652344,1.8820989499335667,0
4bPrey4Dpqo_001,0.9195017218589783,0.001811591791920364,5.987779140472412,1.2468403545113669,0
4bPrey4Dpqo_002,0.9296376705169678,0.00676381541416049,9.238921165466309,1.775052115207235,0
4bPrey4Dpqo_003,0.9074640870094299,0.01715315505862236,7.210636615753174,1.2480780799709053,0
4bPrey4Dpqo_004,0.942753791809082,0.007899588905274868,7.14210319519043,1.335298002049933,0
4bPrey4Dpqo_005,0.8920158743858337,0.007652997504919767,9.407193183898926,1.5079877800261765,0
4bPrey4Dpqo_006,0.854289710521698,0.014923927374184132,9.303709030151367,2.0625981937763376,0
4bPrey4Dpqo_007,0.9240877628326416,0.00099962018430233,6.581881999969482,1.4623144905707017,0
4fkaKsVNx9I_000,0.8652291893959045,0.17517982423305511,-2.4558589458465576,1.0565299487648976,0
4fkaKsVNx9I_001,0.8878211975097656,0.21375229954719543,0.5647502541542053,1.088547733470125,0
4fkaKsVNx9I_002,0.8434524536132812,0.17665022611618042,28.18041229248047,1.072309907012622,0
4fkaKsVNx9I_003,0.8344894051551819,0.285185307264328,-4.738855838775635,1.0885889629326277,0
4fkaKsVNx9I_004,0.5899908542633057,0.005619929637759924,6.497622013092041,1.7324404414479426,0
4fkaKsVNx9I_005,0.7312163710594177,0.007932843640446663,10.268400192260742,1.8494180962649447,0
4fkaKsVNx9I_006,0.8314337730407715,0.016189582645893097,12.193808555603027,1.8937703107462722,0
4fkaKsVNx9I_007,0.738042950630188,0.007907112129032612,10.245182991027832,1.6843958408835287,0
4fkaKsVNx9I_008,0.7651222944259644,0.003910118248313665,11.310210227966309,1.3405453284195399,0
4fkaKsVNx9I_009,0.7915629148483276,0.011115286499261856,6.268823623657227,1.94682940025467,0
4fkaKsVNx9I_010,0.9194994568824768,0.0010487819090485573,6.96035623550415,1.6773906207339235,0
4iTUm1J-v0Q_000,0.028651941567659378,0.0009590668487362564,51.201019287109375,3.0717611254879778,0
4iTUm1J-v0Q_001,0.8841383457183838,0.0004387377994135022,4.481571197509766,1.1073960442475055,0
4iTUm1J-v0Q_002,0.8501441478729248,0.004712326917797327,4.983157157897949,1.1449567291320337,0
4iTUm1J-v0Q_003,0.7846254706382751,0.0013746708864346147,3.7378358840942383,1.1199188937838176,0
4iTUm1J-v0Q_004,0.8232892155647278,0.0015985164791345596,26.739364624023438,2.9178141610769366,0
4iTUm1J-v0Q_005,0.22798274457454681,0.011528871953487396,42.49045181274414,2.751835830291978,0
4iTUm1J-v0Q_006,0.9069610834121704,0.007490362040698528,16.90285873413086,2.4826908947510793,0
4iTUm1J-v0Q_007,0.8654096722602844,0.0245265681296587,13.468306541442871,2.509155481357975,0
4iTUm1J-v0Q_008,0.8998172879219055,0.0025405732449144125,15.187317848205566,2.255995873292119,0
4iTUm1J-v0Q_009,0.9004870653152466,0.001789080910384655,10.64297103881836,1.9414763645237962,0
4iTUm1J-v0Q_010,0.8842622637748718,0.003857798408716917,11.62643051147461,2.0886572219070705,0
4iTUm1J-v0Q_011,0.9159191846847534,0.0007787892245687544,5.573023796081543,1.635832759403102,0
4kMF-rVbqAc_000,0.923993706703186,0.0030447058379650116,8.773500442504883,2.2302442182358333,0
4kMF-rVbqAc_001,0.9170693159103394,0.14022111892700195,0.17871685326099396,1.1661085116316228,0
4kMF-rVbqAc_002,0.8745424747467041,0.0023459375370293856,16.315053939819336,2.438579899258543,0
4kMF-rVbqAc_003,0.9337300062179565,0.004181294701993465,11.829679489135742,2.4027535884206777,0
4kMF-rVbqAc_004,0.9157314896583557,0.002613227814435959,9.585854530334473,2.1145426171573676,0
4kMF-rVbqAc_005,0.936094343662262,0.002108251675963402,6.752650260925293,1.1281008875660532,0
4kMF-rVbqAc_006,0.9217565655708313,0.002606036840006709,6.343250751495361,1.209473873910866,0
4kMF-rVbqAc_007,0.9106925129890442,0.006886763498187065,8.489225387573242,1.1717243057580704,0
4kMF-rVbqAc_008,0.8994402885437012,0.00269029731862247,6.1807780265808105,2.232956343791166,0
4kMF-rVbqAc_009,0.9073230624198914,0.0019998650532215834,9.281513214111328,1.595037083464721,0
4kMF-rVbqAc_010,0.930096447467804,0.0013905982486903667,8.875528335571289,2.2158042640221804,0
4kMF-rVbqAc_011,0.917544960975647,0.0020477594807744026,10.014287948608398,2.0841989343672207,0
4kMF-rVbqAc_012,0.9288788437843323,0.003729797201231122,7.119367599487305,2.2287638040039384,0
4kMF-rVbqAc_013,0.5559766292572021,0.004440172575414181,7.072439193725586,1.9029141074892593,0
4kMF-rVbqAc_014,0.037598866969347,0.0012069466756656766,8.622166633605957,1.632499839014381,0
4kMF-rVbqAc_015,0.9153516292572021,0.002931825118139386,7.784921646118164,1.3193985700228936,0
4kMF-rVbqAc_016,0.9352831840515137,0.003283014055341482,8.181807518005371,1.3701136273967924,0
4kMF-rVbqAc_017,0.9176728129386902,0.0021786419674754143,9.63317584991455,1.2994555645313481,0
4kMF-rVbqAc_018,0.8799254894256592,0.0038430735003203154,11.806073188781738,2.395786967343355,0
4kMF-rVbqAc_019,0.9258052110671997,0.01378452219069004,8.912109375,1.3866742608802196,0
4kMF-rVbqAc_020,0.872999370098114,0.002919602207839489,7.640730381011963,2.4067351979280094,0
4kMF-rVbqAc_021,0.8960950374603271,0.004574242047965527,7.776345252990723,1.207533840023895,0
4kMF-rVbqAc_022,0.7296662926673889,0.003787313587963581,40.389015197753906,3.061667574340897,0
4kMF-rVbqAc_023,0.03216142952442169,0.0005674530984833837,63.8038330078125,3.109357970444519,0
4mGjUrWl1mg_000,0.7252408266067505,0.0015708983410149813,18.28923988342285,2.2518939469510286,0
4mGjUrWl1mg_001,0.8747532367706299,0.011844427324831486,15.679267883300781,2.564607149946915,0
4mGjUrWl1mg_002,0.884275496006012,0.008034372702240944,13.611413955688477,2.2744752383616573,0
4mGjUrWl1mg_003,0.7779056429862976,0.014811157248914242,9.540021896362305,2.1660701684136043,0
4mGjUrWl1mg_004,0.9125704765319824,0.0011195654515177011,5.777345180511475,1.0594897838661097,0
4n7T0KeQohU_000,0.907192051410675,0.0010285964235663414,9.63377571105957,2.256228453701303,0
4n7T0KeQohU_001,0.9109093546867371,0.0015088042709976435,5.734016418457031,1.1028505154198573,0
4n7T0KeQohU_002,0.892112135887146,0.007634041365236044,7.065493106842041,1.5225021662206635,0
4n7T0KeQohU_003,0.9138310551643372,0.001538961660116911,6.855988025665283,1.1371838485073014,0
4n7T0KeQohU_004,0.8963402509689331,0.006940402556210756,4.8443732261657715,1.2961442887918815,0
4n7T0KeQohU_005,0.9015243053436279,0.011067524552345276,6.341244220733643,1.2407392829885922,0
4n7T0KeQohU_006,0.9215235710144043,0.006110658403486013,5.652309894561768,2.2983113851399084,0
4n7T0KeQohU_007,0.9249998331069946,0.0038136097136884928,5.526816368103027,1.1694128477282497,0
4n7T0KeQohU_008,0.8859654664993286,0.0014472660841420293,7.976039886474609,1.6030624190456682,0
4n7T0KeQohU_009,0.874032199382782,0.005907304119318724,13.22464370727539,2.600829406502839,0
4n7T0KeQohU_010,0.035064905881881714,0.0007298767450265586,71.13117980957031,3.025797349840481,0
4n7T0KeQohU_011,0.029537394642829895,0.000632760114967823,62.45704650878906,3.119668299669249,0
4wZ7DlNlsc0_000,0.891235888004303,0.0010064514353871346,12.895255088806152,2.242591670182245,0
4wZ7DlNlsc0_001,0.8611133694648743,0.001454629236832261,14.547883987426758,2.1305395939150045,0
4wZ7DlNlsc0_002,0.9030612111091614,0.0024525753688067198,11.877609252929688,2.1729920958445845,0
4wZ7DlNlsc0_003,0.916713297367096,0.002623577369377017,7.210843563079834,1.178989932583499,0
4wZ7DlNlsc0_004,0.8569706678390503,0.0010298893321305513,5.232128620147705,1.1156943236887338,0
4wZ7DlNlsc0_005,0.8532325625419617,0.01680411957204342,11.679361343383789,1.5836920973626296,0
4wZ7DlNlsc0_006,0.9179750084877014,0.001145141781307757,6.200852870941162,1.1888081247853457,0
506blxP58ts_000,0.8574255108833313,0.013746664859354496,6.222447395324707,1.1350348028229216,0
506blxP58ts_001,0.891845166683197,0.0012665047543123364,8.04914379119873,1.1129506290603055,0
506blxP58ts_002,0.9175105094909668,0.0026459605433046818,4.155767917633057,1.153389033458615,0
506blxP58ts_003,0.8834603428840637,0.015541808679699898,5.679259777069092,1.1344346213646286,0
506blxP58ts_004,0.9154014587402344,0.007610286585986614,6.5835466384887695,1.6303982774934986,0
506blxP58ts_005,0.8701757192611694,0.0025121779181063175,6.318521499633789,1.5741625148157656,0
506blxP58ts_006,0.8927261233329773,0.002102931495755911,9.432977676391602,1.3233058215139635,0
506blxP58ts_007,0.27948227524757385,0.004827105440199375,57.80400466918945,3.0494052469113617,0
506blxP58ts_008,0.03283320739865303,0.0005828400026075542,62.195899963378906,3.0394860985894065,0
5AOk21eO0qQ_000,0.7693188190460205,0.014902596361935139,35.35330581665039,2.5644759243105946,0
5AOk21eO0qQ_001,0.8343460559844971,0.019917437806725502,22.659303665161133,2.639748744071775,0
5AOk21eO0qQ_002,0.8339830040931702,0.0031215972267091274,17.445499420166016,2.407006571548477,0
5AOk21eO0qQ_003,0.9017189145088196,0.017098993062973022,17.944766998291016,2.7309148360976017,0
5AOk21eO0qQ_004,0.9179694652557373,0.008885600604116917,13.881024360656738,2.2806921418037707,0
5AOk21eO0qQ_005,0.897563636302948,0.010207459330558777,14.228936195373535,1.8531440898344567,0
5AOk21eO0qQ_006,0.8930293917655945,0.022412806749343872,11.924814224243164,2.0755751791349932,0
5AOk21eO0qQ_007,0.8583381175994873,0.009936521761119366,11.201793670654297,1.219339670191028,0
5AOk21eO0qQ_008,0.8861398100852966,0.018305577337741852,9.031720161437988,1.9454249827889938,0
5AOk21eO0qQ_009,0.8869395852088928,0.004778704140335321,0.1518302708864212,1.114081242934042,0
5AZhNz5cx2U_000,0.8074684739112854,0.008245742879807949,10.575052261352539,1.5612798055107129,0
5AZhNz5cx2U_001,0.7998806238174438,0.005358465015888214,9.220335006713867,2.271324557669296,0
5AZhNz5cx2U_002,0.8613913655281067,0.008215297944843769,4.436316013336182,1.147665451116715,0
5AZhNz5cx2U_003,0.9226217269897461,0.0009402426076121628,6.470771789550781,1.0950415368753346,0
5LoulL1GewE_000,0.8778011202812195,0.014158463105559349,10.185224533081055,2.5710018033884823,0
5LoulL1GewE_001,0.8712862133979797,0.003731411648914218,14.616249084472656,2.2248718380327124,0
5LoulL1GewE_002,0.8644418716430664,0.009570733644068241,6.130903720855713,1.128865580704255,0
5LoulL1GewE_003,0.9141645431518555,0.0011012695031240582,6.293715476989746,1.601147796002742,0
5RR0aZa2rYA_000,0.025509897619485855,0.0011971091153100133,70.52308654785156,3.1056069671529665,0
5RR0aZa2rYA_001,0.033871036022901535,0.0020117899402976036,67.3137435913086,3.277258696405732,0
5RR0aZa2rYA_002,0.7921678423881531,0.012472579255700111,19.046674728393555,2.4529481914944076,0
5RR0aZa2rYA_003,0.8559889793395996,0.0007175424252636731,14.727144241333008,2.763769511924367,0
5RR0aZa2rYA_004,0.8995049595832825,0.0002959257981274277,12.898767471313477,2.494918795662145,0
5RR0aZa2rYA_005,0.9183794260025024,0.007061955519020557,15.735782623291016,2.7546657655168505,0
5RR0aZa2rYA_006,0.8810922503471375,0.000903485924936831,14.627943992614746,2.0692356730460286,0
5RR0aZa2rYA_007,0.9084646105766296,0.00034540658816695213,12.966524124145508,2.810511967916114,0
5RR0aZa2rYA_008,0.8137730956077576,0.0022410470992326736,14.240306854248047,2.4781455928590894,0
5RR0aZa2rYA_009,0.8772314190864563,0.0005798432393930852,13.600534439086914,1.9384538355365941,0
5RR0aZa2rYA_010,0.8025594353675842,0.0014926580479368567,23.110048294067383,2.302870473292547,0
5RR0aZa2rYA_011,0.916566789150238,0.000535574508830905,17.224504470825195,2.50288669171929,0
5RR0aZa2rYA_012,0.8691926598548889,0.0008925267029553652,13.683380126953125,2.746318963664924,0
5RR0aZa2rYA_013,0.9163395762443542,0.0004643090651370585,11.900636672973633,2.471043162632079,0
5RR0aZa2rYA_014,0.8488309979438782,0.0013056222815066576,16.1053524017334,2.6511620861912193,0
5RR0aZa2rYA_015,0.025196777656674385,0.0005930201732553542,60.757137298583984,2.9622790944016315,0
5T2Qgn2fXJQ_000,0.025483863428235054,0.0010166880674660206,45.1025390625,2.957473263336654,0
5T2Qgn2fXJQ_001,0.029486985877156258,0.002097383374348283,67.7854995727539,3.3213874351938664,0
5T2Qgn2fXJQ_002,0.8113883137702942,0.007573401555418968,7.528262138366699,2.192820389233665,0
5T2Qgn2fXJQ_003,0.8139722347259521,0.005651678424328566,10.483527183532715,1.7659549477607044,0
5T2Qgn2fXJQ_004,0.7486732006072998,0.011446221731603146,6.859114170074463,2.100892111412176,0
5T2Qgn2fXJQ_005,0.8286269307136536,0.01775357872247696,7.236939907073975,1.1612295519763864,0
5T2Qgn2fXJQ_006,0.8669030070304871,0.018799781799316406,10.383827209472656,1.1708924073113818,0
5T2Qgn2fXJQ_007,0.8075883388519287,0.00462360680103302,4.8114423751831055,1.4748588573238088,0
5T2Qgn2fXJQ_008,0.7752931118011475,0.009380715899169445,9.239245414733887,1.45693910254798,0
5T2Qgn2fXJQ_009,0.8030996322631836,0.003880118951201439,7.918732166290283,1.1291822447290774,0
5T2Qgn2fXJQ_010,0.9084230065345764,0.04518318176269531,1.4214551448822021,2.296363255647572,0
5T2Qgn2fXJQ_011,0.02468595840036869,0.0007302068406715989,69.02163696289062,3.0430142317032907,0
5T2Qgn2fXJQ_012,0.03245832398533821,0.0005669459351338446,61.854835510253906,3.0482971180869285,0
5V8WhI7pCx8_000,0.8887211680412292,0.14579202234745026,-6.25360107421875,1.0819393480498747,0
5V8WhI7pCx8_001,0.816200315952301,0.046016231179237366,23.78125,2.4115295137791994,0
5V8WhI7pCx8_002,0.8655034899711609,0.003275487804785371,10.975072860717773,1.621367673086176,0
5V8WhI7pCx8_003,0.3543006479740143,0.13855044543743134,23.70452880859375,1.5234242532218594,0
5V8WhI7pCx8_004,0.5226941704750061,0.22535155713558197,26.098291397094727,1.3543366611422467,0
5V8WhI7pCx8_005,0.13232411444187164,0.21472178399562836,13.229305267333984,1.2235152545000698,0
5V8WhI7pCx8_006,0.3766193985939026,0.08468850702047348,33.27381896972656,2.4843834065245,0
5V8WhI7pCx8_007,0.12415442615747452,0.04195335507392883,17.4018497467041,1.3502414140596772,0
5V8WhI7pCx8_008,0.215373232960701,0.1595677137374878,9.005525588989258,1.1817240663207158,0
5V8WhI7pCx8_009,0.028849242255091667,0.001910674967803061,67.74266052246094,3.209157158238006,0
5V8WhI7pCx8_010,0.8925568461418152,0.4657612144947052,7.352417945861816,1.3606916025881997,0
5V8WhI7pCx8_011,0.8106205463409424,0.11977500468492508,28.149250030517578,1.0838027723383694,0
5V8WhI7pCx8_012,0.8930888175964355,0.24735522270202637,-4.151065349578857,1.1287237828211292,0
5V8WhI7pCx8_013,0.8913443088531494,0.14590507745742798,2.655001401901245,1.1154793099419813,0
5V8WhI7pCx8_014,0.8895193934440613,0.31626129150390625,5.199941158294678,1.152822455135112,0
5V8WhI7pCx8_015,0.673498272895813,0.1379551738500595,3.3463618755340576,1.0917813580648639,0
5V8WhI7pCx8_016,0.37908264994621277,0.07366577535867691,18.924238204956055,1.103003391200743,0
5V8WhI7pCx8_017,0.8165552616119385,0.007676070090383291,6.152404308319092,1.9360715428473392,0
5V8WhI7pCx8_018,0.918738603591919,0.0011026494903489947,5.8565168380737305,1.420968135417245,0
5X3tKt091aE_000,0.15085937082767487,0.09243955463171005,40.816951751708984,2.5330490488193282,0
5X3tKt091aE_001,0.2116152048110962,0.14029617607593536,18.930173873901367,2.4136616659239425,0
5X3tKt091aE_002,0.23066268861293793,0.07432489842176437,38.707420349121094,2.7411868453143784,0
5X3tKt091aE_003,0.10663514584302902,0.06648796051740646,59.317630767822266,2.8646644428204975,0
5X3tKt091aE_004,0.23447102308273315,0.05466988682746887,37.640602111816406,3.005618412210063,0
5X3tKt091aE_005,0.6686279773712158,0.009001778438687325,8.50662899017334,1.1232620544560479,0
5X3tKt091aE_006,0.7325841188430786,0.008576970547437668,8.968210220336914,1.2865583412589785,0
5X3tKt091aE_007,0.7822839021682739,0.012863419950008392,10.604679107666016,1.4521715638735975,0
5X3tKt091aE_008,0.7366210222244263,0.006825828924775124,13.6466064453125,1.5556630222615695,0
5X3tKt091aE_009,0.8293613791465759,0.007145301904529333,6.265643119812012,1.8099333818197003,0
5X3tKt091aE_010,0.9190148115158081,0.000890374300070107,5.7824201583862305,1.4242060292502792,0
5_K4QNe6E6o_000,0.04309482127428055,0.004484576638787985,72.45735931396484,3.1227290856329843,0
5_K4QNe6E6o_001,0.026077410206198692,0.0008710563997738063,60.12116622924805,3.379823557075005,0
5_K4QNe6E6o_002,0.6730331182479858,0.013112968765199184,51.45673370361328,3.228669104637784,0
5_K4QNe6E6o_003,0.7718117833137512,0.010314718820154667,12.06755256652832,2.5865736982720025,0
5_K4QNe6E6o_004,0.8067066669464111,0.013799802400171757,7.234175205230713,1.088144921539241,0
5_K4QNe6E6o_005,0.824849009513855,0.017977923154830933,7.297349452972412,1.956592343834186,0
5_K4QNe6E6o_006,0.7826778292655945,0.006202021148055792,7.593565940856934,2.4555199650439956,0
5_K4QNe6E6o_007,0.8535822629928589,0.0207024235278368,8.347039222717285,1.0936406013907154,0
5_K4QNe6E6o_008,0.8363550901412964,0.013383855111896992,10.50589656829834,1.133134467955274,0
5_K4QNe6E6o_009,0.760879635810852,0.013851097784936428,13.446403503417969,1.0299739343617036,0
5_K4QNe6E6o_010,0.7478484511375427,0.024957546964287758,6.026235580444336,1.4717539216290885,0
5_K4QNe6E6o_011,0.8438809514045715,0.06820197403430939,14.579961776733398,1.1599327103743842,0
5_K4QNe6E6o_012,0.03048357181251049,0.0011262514162808657,70.396240234375,3.068882562797286,0
5_K4QNe6E6o_013,0.033840611577034,0.0005241380422376096,61.654388427734375,3.1948543896426513,0
5cfJTCXcEw0_000,0.7930698990821838,0.0037624991964548826,16.16880989074707,2.5419988294028535,0
5cfJTCXcEw0_001,0.888678789138794,0.0026828362606465816,13.15890884399414,2.23718988282996,0
5cfJTCXcEw0_002,0.848624050617218,0.012486271560192108,8.820556640625,1.8506938502560004,0
5cfJTCXcEw0_003,0.9125656485557556,0.0011640071170404553,6.661804676055908,1.207968060810705,0
5hG8TnYMs60_000,0.026917561888694763,0.0017533237114548683,63.575050354003906,3.1657728270646226,0
5hG8TnYMs60_001,0.8523359894752502,0.005096463952213526,18.92317771911621,2.639362047141043,0
5hG8TnYMs60_002,0.8653641939163208,0.007207456976175308,12.519757270812988,1.8039440512627325,0
5hG8TnYMs60_003,0.8813135027885437,0.006891788449138403,17.504653930664062,2.710775696086577,0
5hG8TnYMs60_004,0.8980022668838501,0.006859075743705034,15.672494888305664,2.256590753082405,0
5hG8TnYMs60_005,0.7612037062644958,0.0030065076425671577,11.942651748657227,2.6075932031765827,0
5hG8TnYMs60_006,0.9078497290611267,0.022623373195528984,12.063311576843262,2.489731838032891,0
5hG8TnYMs60_007,0.8971475958824158,0.07223756611347198,18.1024169921875,2.766283352666739,0
5hG8TnYMs60_008,0.8223677277565002,0.005598120857030153,9.537491798400879,2.74794397224853,0
5hG8TnYMs60_009,0.8376877307891846,0.015872465446591377,13.342185020446777,2.4827861304381686,0
5hG8TnYMs60_010,0.8623999357223511,0.03670565038919449,16.669898986816406,2.7960197886346094,0
5hG8TnYMs60_011,0.8890223503112793,0.01291413139551878,14.655614852905273,2.8516469997314466,0
5hG8TnYMs60_012,0.8773950934410095,0.028316272422671318,16.546621322631836,2.604534705450718,0
5hG8TnYMs60_013,0.9053088426589966,0.006809856276959181,12.498734474182129,2.5623701593617314,0
5hG8TnYMs60_014,0.8608371019363403,0.004478819668292999,18.73206901550293,2.198389142207168,0
5hG8TnYMs60_015,0.9232060313224792,0.030901940539479256,8.912062644958496,2.5873326037861757,0
5hG8TnYMs60_016,0.8662852048873901,0.009209922514855862,19.654266357421875,2.4143099081740798,0
5hG8TnYMs60_017,0.8448871970176697,0.011525965295732021,10.775174140930176,2.2862818201900996,0
5hG8TnYMs60_018,0.8244426250457764,0.011950265616178513,17.759809494018555,2.5751956549312345,0
5hG8TnYMs60_019,0.8827940821647644,0.007832616567611694,19.91242027282715,2.7833722048311986,0
5hG8TnYMs60_020,0.9196388125419617,0.0169135183095932,20.24917984008789,2.7269272864286833,0
5hG8TnYMs60_021,0.7784622311592102,0.012941251508891582,21.45297622680664,2.8623616415260784,0
5hG8TnYMs60_022,0.02742067724466324,0.0013027844252064824,71.10777282714844,3.12674734571291,0
5hG8TnYMs60_023,0.02942214347422123,0.0005738686886616051,64.0603256225586,3.144194934663311,0
5ihVDACK8xo_000,0.6641615033149719,0.0029664284083992243,19.083518981933594,3.070026009882988,0
5ihVDACK8xo_001,0.671416699886322,0.0024970972444862127,19.380870819091797,2.869638964234251,0
5ihVDACK8xo_002,0.8094098567962646,0.0004740117583423853,18.286956787109375,2.915569121800837,0
5ihVDACK8xo_003,0.021168731153011322,0.0008467193692922592,71.85060119628906,2.9736956911970243,0
5ihVDACK8xo_004,0.02909145876765251,0.0005666507058776915,62.777217864990234,3.1115487127378536,0
5j651zUx6q4_000,0.6375268697738647,0.0013334023533388972,0.28801873326301575,1.3594902182681146,0
5j651zUx6q4_001,0.8359799385070801,0.0016048026736825705,2.147632122039795,1.7488076178127738,0
5j651zUx6q4_002,0.2567748427391052,0.0033105339389294386,3.6136038303375244,1.7853030247752555,0
5j651zUx6q4_003,0.12263302505016327,0.006882877554744482,-0.8384246826171875,1.8371291033533963,0
5j651zUx6q4_004,0.04605014622211456,0.000833009195048362,30.460058212280273,2.440742014500778,0
5j651zUx6q4_005,0.0693109855055809,0.0005386246484704316,20.693681716918945,1.917546853774361,0
5j651zUx6q4_006,0.7592008709907532,0.0015800506807863712,3.0718870162963867,1.7404026634126355,0
5j651zUx6q4_007,0.7887268662452698,0.0010006320662796497,2.3328678607940674,1.1886446230328178,0
5j651zUx6q4_008,0.871210515499115,0.0006683508981950581,0.9071068167686462,1.143956712318489,1
5j651zUx6q4_009,0.09349901229143143,0.04259049892425537,2.6550281047821045,2.261586275637089,0
5j651zUx6q4_010,0.01732921414077282,0.0003692237369250506,28.119121551513672,2.7174963968576815,0
5j651zUx6q4_011,0.0524459145963192,0.0013225802686065435,32.74079513549805,2.8952358727176106,0
5j651zUx6q4_012,0.0827421173453331,0.08001133799552917,-1.4986231327056885,2.6482877062454295,0
5j651zUx6q4_013,0.04510161280632019,0.0006923344917595387,10.299491882324219,2.1986542786237013,0
5j651zUx6q4_014,0.802505612373352,0.03519400954246521,14.3038330078125,2.2307388712191876,0
5j651zUx6q4_015,0.8624719977378845,0.00504703726619482,9.083751678466797,1.4859131022325092,0
5j651zUx6q4_016,0.9156707525253296,0.0010231530759483576,6.31198787689209,1.124264557664442,0
5o1doRRWOUA_000,0.9191670417785645,0.0026143877767026424,4.892428874969482,1.2372670538488044,0
5o1doRRWOUA_001,0.9093068242073059,0.00431128079071641,6.009685039520264,1.1195237947587844,0
5o1doRRWOUA_002,0.9274792075157166,0.003057024674490094,2.4588186740875244,1.1238849884244706,0
5o1doRRWOUA_003,0.92851722240448,0.006705599837005138,8.50024700164795,1.8098009546252751,0
5o1doRRWOUA_004,0.23683279752731323,0.006975778844207525,54.50714111328125,3.1196276316529463,0
5o1doRRWOUA_005,0.03133240342140198,0.0005930900224484503,60.7694206237793,3.1345013971083318,0
5p4bNH4gnH0_000,0.9059388637542725,0.019877731800079346,11.596266746520996,1.9531021180873587,0
5p4bNH4gnH0_001,0.9021754860877991,0.004679541103541851,8.5083646774292,1.3782012296947408,0
5p4bNH4gnH0_002,0.9099705219268799,0.003884129459038377,16.46525764465332,2.3801773710657064,0
5p4bNH4gnH0_003,0.7236772179603577,0.006292286794632673,10.001311302185059,1.2388115150596837,0
5p4bNH4gnH0_004,0.9156485795974731,0.0008227810030803084,6.012814998626709,1.1245823812662195,0
5wSWQYFvHwk_000,0.8511143922805786,0.003360782517120242,15.481669425964355,2.159804478900267,0
5wSWQYFvHwk_001,0.8811032772064209,0.006215634755790234,9.235191345214844,1.987496388128912,0
5wSWQYFvHwk_002,0.8428604006767273,0.01648993045091629,13.882781982421875,2.3645179174015296,0
5wSWQYFvHwk_003,0.9162307381629944,0.0008182602468878031,5.9708757400512695,1.1967320143153983,0
5y6wjeJR5Cg_000,0.9241799712181091,0.002421754412353039,9.160555839538574,1.921746921207987,0
5y6wjeJR5Cg_001,0.8039990663528442,0.0036872676573693752,8.57532024383545,1.6541514598750189,0
5y6wjeJR5Cg_002,0.9219105839729309,0.0010244689183309674,6.628374099731445,1.3889382945178284,0
6-mh40eytMI_000,0.8530706763267517,0.0020508430898189545,7.860811233520508,1.5240231746357193,0
6-mh40eytMI_001,0.7386852502822876,0.0053320410661399364,18.084747314453125,2.5369436326197574,0
6-mh40eytMI_002,0.7959451079368591,0.009010723792016506,6.352661609649658,1.8962724757061153,0
6-mh40eytMI_003,0.9159650802612305,0.0009790274780243635,6.463735580444336,1.4342433826206058,0
67euLhPd3ro_000,0.8292574882507324,0.0031703386921435595,19.140888214111328,2.568124499969172,0
67euLhPd3ro_001,0.8619605898857117,0.015592084266245365,5.867406368255615,1.4155642857857398,0
67euLhPd3ro_002,0.9106512665748596,0.001507189474068582,6.18012809753418,1.5837888960405413,0
6DmMwkK_tSo_000,0.03421953320503235,0.0026810928247869015,43.83094787597656,3.0558337078547617,0
6DmMwkK_tSo_001,0.09297115355730057,0.0024958241265267134,12.038372993469238,2.569189023288527,0
6DmMwkK_tSo_002,0.026533734053373337,0.0007399469614028931,12.230816841125488,2.5799411325145765,0
6DmMwkK_tSo_003,0.037782419472932816,0.010493590496480465,38.416378021240234,2.510460920537657,0
6DmMwkK_tSo_004,0.031961165368556976,0.0006257154163904488,64.11146545410156,3.055330943012324,0
6E6uYzwHRcg_000,0.02959277667105198,0.0038163315039128065,52.520164489746094,3.210206433059961,0
6E6uYzwHRcg_001,0.8175644874572754,0.007436376065015793,17.231462478637695,2.249738403611774,0
6E6uYzwHRcg_002,0.871649444103241,0.004257305059581995,13.88093090057373,2.633123662642741,0
6E6uYzwHRcg_003,0.8695821762084961,0.010839099064469337,21.887601852416992,2.0432297133486927,0
6E6uYzwHRcg_004,0.9067811369895935,0.010560703463852406,14.536701202392578,1.3197709246193539,0
6E6uYzwHRcg_005,0.883750855922699,0.00800753477960825,18.55199432373047,2.5856060857220777,0
6E6uYzwHRcg_006,0.8126125931739807,0.0041581192053854465,17.92531394958496,2.868741356151619,0
6E6uYzwHRcg_007,0.8376906514167786,0.0018758042715489864,17.91796875,2.572898676399635,0
6E6uYzwHRcg_008,0.5330396294593811,0.0010189604945480824,40.74916076660156,2.9972132575969117,0
6E6uYzwHRcg_009,0.8716177940368652,0.002874007448554039,17.231609344482422,2.429556247793109,0
6E6uYzwHRcg_010,0.9153639078140259,0.013947706669569016,15.826944351196289,2.620171538945595,0
6E6uYzwHRcg_011,0.88567715883255,0.008482479490339756,18.2488956451416,2.617204540137547,0
6E6uYzwHRcg_012,0.8701131939888,0.0066087874583899975,17.0125732421875,2.7169682938283053,0
6E6uYzwHRcg_013,0.8277226090431213,0.03190460428595543,23.846149444580078,2.80703171473335,0
6E6uYzwHRcg_014,0.8519516587257385,0.011581609025597572,19.703754425048828,2.324720162352151,0
6E6uYzwHRcg_015,0.8847971558570862,0.011741800233721733,17.448368072509766,2.5614186822094887,0
6E6uYzwHRcg_016,0.8974777460098267,0.016114218160510063,13.456949234008789,2.3421701037612244,0
6E6uYzwHRcg_017,0.888475775718689,0.007664710283279419,19.668781280517578,2.062338459464706,0
6E6uYzwHRcg_018,0.8928431868553162,0.011562862433493137,13.663215637207031,2.5204152528618913,0
6E6uYzwHRcg_019,0.8492517471313477,0.019373398274183273,16.77373695373535,2.288731508489648,0
6E6uYzwHRcg_020,0.7898780703544617,0.004498625174164772,17.622154235839844,2.2995437572669895,0
6E6uYzwHRcg_021,0.8891986012458801,0.01979709230363369,19.256933212280273,2.843390187404368,0
6E6uYzwHRcg_022,0.8980984687805176,0.0064710634760558605,21.11952018737793,2.598301580851347,0
6E6uYzwHRcg_023,0.8718109726905823,0.011620472185313702,19.18049430847168,2.6006867523423116,0
6E6uYzwHRcg_024,0.8636831641197205,0.023813342675566673,27.250635147094727,2.554229832360762,0
6E6uYzwHRcg_025,0.9305058717727661,0.004552929196506739,16.28693389892578,2.163246214178516,0
6E6uYzwHRcg_026,0.1504565328359604,0.0010354877449572086,66.75850677490234,2.9584344069751625,0
6E6uYzwHRcg_027,0.02939213253557682,0.0005826762062497437,61.97029495239258,2.987204550231077,0
6IsyZ4tTrp8_000,0.8410776257514954,0.005975830368697643,13.404009819030762,2.293056775703651,0
6IsyZ4tTrp8_001,0.8477156758308411,0.04571386054158211,8.477123260498047,2.2816989757105866,0
6IsyZ4tTrp8_002,0.8497141003608704,0.01722315326333046,10.796606063842773,2.235641530185629,0
6IsyZ4tTrp8_003,0.9161247611045837,0.001034536282531917,6.74965763092041,1.1230002502013317,0
6SwkF4lY6gI_000,0.8576456308364868,0.0181951355189085,11.830881118774414,2.272377548785107,0
6SwkF4lY6gI_001,0.740210235118866,0.004084726329892874,48.83614730834961,2.588886629930687,0
6SwkF4lY6gI_002,0.024262191727757454,0.002879966050386429,4.431510925292969,2.27734874753292,0
6SwkF4lY6gI_003,0.05667384713888168,0.010118645615875721,6.140018939971924,1.087924009288198,0
6SwkF4lY6gI_004,0.49044692516326904,0.0021467050537467003,54.85566711425781,2.7742774097960914,0
6SwkF4lY6gI_005,0.024049602448940277,0.0011069197207689285,63.308509826660156,2.8453259797825114,0
6SwkF4lY6gI_006,0.032285142689943314,0.0011419185902923346,15.6929931640625,1.9836362732290458,0
6SwkF4lY6gI_007,0.01587587036192417,0.0021444172598421574,17.977046966552734,1.6774780166331078,0
6SwkF4lY6gI_008,0.02225029096007347,0.001147679751738906,0.0062351408414542675,1.4495858398820571,0
6SwkF4lY6gI_009,0.01742791198194027,0.0014654581900686026,15.205275535583496,2.0600000034395474,0
6SwkF4lY6gI_010,0.026180967688560486,0.0006304942653514445,67.87321472167969,3.235594686624411,0
6SwkF4lY6gI_011,0.014507410116493702,0.0004793230618815869,5.065361022949219,1.26413586966787,0
6SwkF4lY6gI_012,0.788246750831604,0.009288938716053963,13.332551956176758,2.3471320826644977,0
6SwkF4lY6gI_013,0.9144958257675171,0.0008804341778159142,6.174997806549072,1.2082079089313564,0
6b_trwoU-Bs_000,0.8623591661453247,0.0017223629401996732,10.117980003356934,2.008953105872589,0
6b_trwoU-Bs_001,0.7364641427993774,0.0009936487767845392,21.42095184326172,2.5533767420881026,0
6b_trwoU-Bs_002,0.794150173664093,0.0016523735830560327,23.33827018737793,2.7286037332963518,0
6b_trwoU-Bs_003,0.7862665057182312,0.012458955869078636,6.2681193351745605,2.051427176584154,0
6b_trwoU-Bs_004,0.9207333326339722,0.0009590558474883437,6.595836639404297,1.1272489364386973,0
6klshR-YtEw_000,0.8685393333435059,0.0009306600550189614,12.38575553894043,2.333975441323404,0
6klshR-YtEw_001,0.8723666667938232,0.0011152151273563504,13.321263313293457,2.3818113068252886,0
6klshR-YtEw_002,0.8253188133239746,0.04525524750351906,-2.3015382289886475,1.2412732632358574,0
6klshR-YtEw_003,0.8861260414123535,0.006247606128454208,-2.0267837047576904,1.0763268631738752,0
6klshR-YtEw_004,0.8559702634811401,0.004018754698336124,-5.13158655166626,1.0807042885949532,0
6klshR-YtEw_005,0.8427014350891113,0.0022452478297054768,1.5675312280654907,1.0795315636481786,0
6klshR-YtEw_006,0.8397454023361206,0.005065104458481073,1.5825891494750977,1.1434946887411426,0
6klshR-YtEw_007,0.030019624158740044,0.0021958337165415287,47.09624099731445,3.3811292860121576,0
6klshR-YtEw_008,0.41360846161842346,0.23757608234882355,16.76824188232422,1.8852863095861905,0
6klshR-YtEw_009,0.289632648229599,0.16561636328697205,15.987399101257324,1.7502947792802754,0
6klshR-YtEw_010,0.30296212434768677,0.15376867353916168,23.040441513061523,1.3397789708939802,0
6klshR-YtEw_011,0.40585529804229736,0.20642539858818054,11.415511131286621,1.9623042352575732,0
6klshR-YtEw_012,0.28024691343307495,0.2565707564353943,25.993549346923828,2.2757229696703565,0
6klshR-YtEw_013,0.1519320011138916,0.19003883004188538,21.376623153686523,2.2677960464608975,0
6klshR-YtEw_014,0.38264623284339905,0.19444555044174194,15.48758316040039,1.1135746872370347,0
6klshR-YtEw_015,0.3504928648471832,0.08632581681013107,28.053720474243164,1.9233007142061236,0
6klshR-YtEw_016,0.33088061213493347,0.1495126187801361,24.527912139892578,1.0809236374053666,0
6klshR-YtEw_017,0.8593477606773376,0.009962036274373531,6.545149326324463,1.2127999182189022,0
6klshR-YtEw_018,0.9154418110847473,0.000752897874917835,5.559639930725098,1.1695264038084614,0
6kxnMsvfArE_000,0.8278944492340088,0.013280908577144146,11.149394035339355,2.384316943228972,0
6kxnMsvfArE_001,0.8754710555076599,0.003996607381850481,6.4714484214782715,2.3397887925985006,0
6kxnMsvfArE_002,0.8560342192649841,0.013231578283011913,8.458415031433105,1.2108200713856327,0
6kxnMsvfArE_003,0.030293207615613937,0.002203578595072031,60.95170593261719,3.3860968693271003,0
6kxnMsvfArE_004,0.028959495946764946,0.0009038531570695341,70.96897888183594,3.0114319421451134,0
6kxnMsvfArE_005,0.031373538076877594,0.0005638413713313639,63.54976272583008,3.1222246002938765,0
6qI6TJvLEFI_000,0.03632389008998871,0.000996047630906105,50.85721969604492,3.308548750669906,0
6qI6TJvLEFI_001,0.0172200296074152,0.0005995724350214005,67.36111450195312,3.139849579347411,0
6qI6TJvLEFI_002,0.01993207260966301,0.001668604207225144,61.899940490722656,3.159894062898764,0
6qI6TJvLEFI_003,0.8525822758674622,0.04174669086933136,13.956265449523926,2.739603989657254,0
6qI6TJvLEFI_004,0.8949832320213318,0.018013058230280876,13.090985298156738,2.5813181883297682,0
6qI6TJvLEFI_005,0.8477411270141602,0.007592355832457542,11.364396095275879,2.5723443135856,0
6qI6TJvLEFI_006,0.9080848097801208,0.018644092604517937,11.481679916381836,2.727985812766534,0
6qI6TJvLEFI_007,0.023973088711500168,0.0007050513522699475,71.34110260009766,2.998111352955568,0
6qI6TJvLEFI_008,0.032594721764326096,0.0005813121097162366,62.994441986083984,3.0671868505950983,0
6qbasnLUeLs_000,0.8982875347137451,0.0008029328309930861,11.265376091003418,2.1935295485367003,0
6qbasnLUeLs_001,0.8508391976356506,0.0029929073061794043,14.705770492553711,2.0101778114174795,0
6qbasnLUeLs_002,0.8438369035720825,0.0039855376817286015,8.706170082092285,1.78335246973368,0
6qbasnLUeLs_003,0.48168250918388367,0.0004272972873877734,30.417186737060547,2.7880547949110133,0
6qbasnLUeLs_004,0.7300184369087219,0.0012580587062984705,30.552051544189453,2.883266238729287,0
6qbasnLUeLs_005,0.7994614839553833,0.0006998811732046306,28.955459594726562,3.0461262448114264,0
6qbasnLUeLs_006,0.6930674910545349,0.0026030640583485365,17.53879737854004,2.5755073562465514,0
6qbasnLUeLs_007,0.7481560707092285,0.0032175134401768446,17.233232498168945,2.2901975130334686,0
6qbasnLUeLs_008,0.8555709719657898,0.011648404411971569,6.0552287101745605,1.12697118122304,0
6qbasnLUeLs_009,0.9112608432769775,0.0011493125930428505,6.737330913543701,1.4799259779929363,0
6rmTqvCtEuM_000,0.0170938391238451,0.0010307133197784424,68.96373748779297,3.2367099004853332,0
6rmTqvCtEuM_001,0.49701303243637085,0.001416259678080678,21.377586364746094,2.834487112343204,0
6rmTqvCtEuM_002,0.03233632445335388,0.0006097243749536574,63.66670608520508,3.108394341166307,0
6zVyUvw0JfU_000,0.8150890469551086,0.0036367743741720915,10.810972213745117,2.084739007886765,0
6zVyUvw0JfU_001,0.9179344177246094,0.002760445699095726,6.963284015655518,1.287363435288597,0
6zVyUvw0JfU_002,0.9195402264595032,0.005401609931141138,9.296065330505371,1.8017210665093437,0
6zVyUvw0JfU_003,0.9341146349906921,0.001873969566076994,7.849305152893066,1.8286065522180646,0
6zVyUvw0JfU_004,0.8920279145240784,0.008906794711947441,9.056282043457031,1.7597652518369045,0
6zVyUvw0JfU_005,0.922378659248352,0.0010889444965869188,6.1204609870910645,1.4143838780597096,0
7CGgQCUOJbw_000,0.7987897396087646,0.008010072633624077,17.168249130249023,2.481920639170551,0
7CGgQCUOJbw_001,0.811655580997467,0.014963045716285706,27.127578735351562,2.9119164621454843,0
7CGgQCUOJbw_002,0.9169546365737915,0.0010172282345592976,6.9471611976623535,1.1446400626710256,0
7LuAjOjXab4_000,0.7899482846260071,0.03748442232608795,5.111404895782471,1.7883913005465106,0
7LuAjOjXab4_001,0.872147798538208,0.016538357362151146,3.629995822906494,1.3230199416817257,0
7LuAjOjXab4_002,0.8768225908279419,0.03125877305865288,5.458811283111572,1.5138467586054054,0
7LuAjOjXab4_003,0.8520165085792542,0.007542891893535852,6.067587375640869,1.9469192861980829,0
7LuAjOjXab4_004,0.922663152217865,0.0009941781172528863,6.003459453582764,1.1099320402067094,0
7MLzvAy3CuM_000,0.828983724117279,0.0009225831017829478,14.258634567260742,2.292619059071397,0
7MLzvAy3CuM_001,0.9067996740341187,0.002829242730513215,13.593816757202148,2.1013175894885063,0
7MLzvAy3CuM_002,0.8319153785705566,0.01599210500717163,4.39189338684082,1.1249117736144238,0
7MLzvAy3CuM_003,0.7959663271903992,0.010174863040447235,10.174761772155762,1.4543472538415665,0
7MLzvAy3CuM_004,0.8521453142166138,0.008510518819093704,5.979614734649658,1.1449467740827184,0
7MLzvAy3CuM_005,0.8892723917961121,0.03469206020236015,0.8869034647941589,1.0905846792860807,0
7MLzvAy3CuM_006,0.8731297254562378,0.004152239300310612,3.3685173988342285,1.1027088279050872,0
7MLzvAy3CuM_007,0.8663901686668396,0.0037804238963872194,0.8429062962532043,1.1138390428359919,0
7MLzvAy3CuM_008,0.8318657875061035,0.007325839251279831,8.060943603515625,1.1547837176217652,0
7MLzvAy3CuM_009,0.8686392307281494,0.00794884655624628,6.437530517578125,1.1499020938508113,0
7MLzvAy3CuM_010,0.9205297231674194,0.0010414965217933059,6.132956504821777,1.136035661514441,0
7N9pz7fZQ4E_000,0.75779128074646,0.0046038017608225346,15.661373138427734,2.0868692847999206,0
7N9pz7fZQ4E_001,0.8472084403038025,0.0036844906862825155,11.3892183303833,1.782954620707489,0
7N9pz7fZQ4E_002,0.8999690413475037,0.0026713996194303036,9.369245529174805,1.346866943793584,0
7N9pz7fZQ4E_003,0.8514338135719299,0.014858029782772064,8.864394187927246,1.6016863614965764,0
7N9pz7fZQ4E_004,0.9152045845985413,0.0008709709509275854,8.955220222473145,1.9433068545352417,0
7U3LKpXaBds_000,0.8919207453727722,0.0013281747233122587,5.585529327392578,1.0655405012430135,0
7U3LKpXaBds_001,0.917241096496582,0.0016905996017158031,3.1171793937683105,1.118391802752424,0
7U3LKpXaBds_002,0.909308671951294,0.009450371377170086,3.33608341217041,1.111043003925255,0
7U3LKpXaBds_003,0.8285750150680542,0.011116172187030315,5.897703647613525,1.8365823667206251,0
7U3LKpXaBds_004,0.9109487533569336,0.0009206367540173233,5.912196159362793,1.086595196048331,0
7ZDZVThmWfA_000,0.8222342133522034,0.0033368149306625128,9.821770668029785,2.2479041011927077,0
7ZDZVThmWfA_001,0.8995633125305176,0.005132374819368124,7.7890496253967285,1.1942977162974968,0
7ZDZVThmWfA_002,0.6517749428749084,0.0010600645327940583,30.289947509765625,2.56641886549912,0
7ZDZVThmWfA_003,0.773900032043457,0.002683622296899557,9.690632820129395,1.4809787197455038,0
7ZDZVThmWfA_004,0.16373668611049652,0.0009785873116925359,12.510052680969238,2.175227189596265,0
7ZDZVThmWfA_005,0.7413197755813599,0.0027126006316393614,10.897234916687012,2.069965480996806,0
7ZDZVThmWfA_006,0.8701122999191284,0.007793836295604706,6.615747451782227,1.2170335446021017,0
7ZDZVThmWfA_007,0.921840250492096,0.001081148162484169,5.9994797706604,2.0739926046745922,0
7kWXOgdcn4c_000,0.781879186630249,0.018248947337269783,12.919337272644043,2.122343384700541,0
7kWXOgdcn4c_001,0.8086272478103638,0.017459245398640633,10.928153038024902,2.2768185572983786,0
7kWXOgdcn4c_002,0.7944985628128052,0.005502908490598202,12.988848686218262,1.8451489521854516,0
7kWXOgdcn4c_003,0.8396217226982117,0.0069441176019608974,6.617547988891602,1.6682307381446144,0
7kWXOgdcn4c_004,0.9216686487197876,0.0011370991123840213,6.094146728515625,1.1588831682020495,0
7qisH4fL9qY_000,0.02750289998948574,0.0009187072864733636,70.53533172607422,2.9606505752815857,0
7qisH4fL9qY_001,0.03477439284324646,0.0004582919063977897,61.722042083740234,3.0381360571926788,0
7uMXWgvf_IU_000,0.037862956523895264,0.0039861188270151615,59.34017562866211,3.3772754909346054,0
7uMXWgvf_IU_001,0.03404729440808296,0.0030403765849769115,60.50504684448242,3.096171753021493,0
7uMXWgvf_IU_002,0.1293782740831375,0.1258309781551361,42.41319274902344,2.272169388128813,1
7uMXWgvf_IU_003,0.06535620242357254,0.06338601559400558,52.24620056152344,3.0761278073645433,0
7uMXWgvf_IU_004,0.10159433633089066,0.11597856134176254,24.76789665222168,1.7800814808438175,1
7uMXWgvf_IU_005,0.025125019252300262,0.0009693482425063848,66.39568328857422,3.049974956168745,0
7uMXWgvf_IU_006,0.10149537026882172,0.0969354435801506,31.731908798217773,2.4562137218844575,1
7uMXWgvf_IU_007,0.8336668014526367,0.013233478181064129,45.654598236083984,3.162945554411764,0
7uMXWgvf_IU_008,0.8488413691520691,0.010236159898340702,6.563076972961426,2.2340127396463503,0
7uMXWgvf_IU_009,0.922372579574585,0.0009420166607014835,5.864962100982666,2.0881985965083047,0
83ipAZp4hr8_000,0.8847537040710449,0.013624846003949642,9.276294708251953,2.1840721587602845,0
83ipAZp4hr8_001,0.8672645092010498,0.010711580514907837,6.034719467163086,1.1088784114901187,0
83ipAZp4hr8_002,0.9212371110916138,0.0008706000517122447,6.657408237457275,1.146766791523488,0
88h7OzVLzeI_000,0.7554203867912292,0.00603833980858326,7.320488452911377,1.1208087243111575,0
88h7OzVLzeI_001,0.9075185656547546,0.008106039837002754,4.655248641967773,1.9461050042786525,0
88h7OzVLzeI_002,0.8769799470901489,0.012556793168187141,0.3471184968948364,1.456029225992089,0
88h7OzVLzeI_003,0.8153203129768372,0.01496691070497036,1.661591649055481,1.1506400707437616,0
88h7OzVLzeI_004,0.8337066769599915,0.008890233002603054,-0.3494916558265686,1.0970906554449322,0
88h7OzVLzeI_005,0.9115179777145386,0.0030481088906526566,-2.5067644119262695,1.0721571337972278,0
88h7OzVLzeI_006,0.8757175803184509,0.0073900711722671986,-1.0606552362442017,1.0981964472886956,0
88h7OzVLzeI_007,0.7925236821174622,0.02600427158176899,1.7090203762054443,1.0985577384195486,0
88h7OzVLzeI_008,0.7128390073776245,0.020543498918414116,5.897347927093506,2.350966157274248,0
88h7OzVLzeI_009,0.8664199113845825,0.008698871359229088,6.222613334655762,1.323893153484327,0
88h7OzVLzeI_010,0.9076225757598877,0.0013532617595046759,5.651357650756836,1.344504897507153,0
8G6DH4n9U9Y_000,0.8597913980484009,0.0007303536403924227,7.553831577301025,2.6001302110489557,0
8G6DH4n9U9Y_001,0.8831377029418945,0.008902409113943577,7.046665668487549,1.6306800653005231,0
8G6DH4n9U9Y_002,0.8707870841026306,0.007882052101194859,5.047689914703369,1.263697059832711,0
8G6DH4n9U9Y_003,0.9184688925743103,0.0009415074600838125,5.688833236694336,1.1917668579309562,0
8fXeD7pKbWI_000,0.8520220518112183,0.010504588484764099,9.227912902832031,2.0510691722565406,0
8fXeD7pKbWI_001,0.8788079023361206,0.01028270460665226,5.324158668518066,1.1947311636290907,0
8fXeD7pKbWI_002,0.9206091165542603,0.0009745831484906375,6.267190933227539,1.837239243733108,0
8jJY637fQik_000,0.8841924667358398,0.003552502254024148,14.601921081542969,2.552451135413523,0
8jJY637fQik_001,0.9131167531013489,0.001813401817344129,7.803146839141846,1.7171789403096946,0
8jJY637fQik_002,0.9468256235122681,0.004468048922717571,9.149574279785156,2.010733998453347,0
8jJY637fQik_003,0.9069161415100098,0.0025340698193758726,13.866835594177246,2.444464080116514,0
8jJY637fQik_004,0.8184232711791992,0.007660189643502235,6.5931925773620605,1.8834078904629987,0
8jJY637fQik_005,0.9218528866767883,0.0009524404304102063,5.872489929199219,1.111638095853607,0
8sDvUH7x4iw_000,0.8337401151657104,0.0010022956412285566,21.802440643310547,2.4132149556948903,0
8sDvUH7x4iw_001,0.8433597683906555,0.004064314067363739,20.282285690307617,2.6189734898962285,0
8sDvUH7x4iw_002,0.8749129176139832,0.001307399244979024,9.847161293029785,1.1286356565043134,0
8sDvUH7x4iw_003,0.8934422731399536,0.003727853996679187,10.554195404052734,2.374607411256087,0
8sDvUH7x4iw_004,0.9121401309967041,0.0028031880501657724,9.2443265914917,1.2828412589644174,0
8sDvUH7x4iw_005,0.880581796169281,0.0036277025938034058,11.513321876525879,2.362760349518171,0
8sDvUH7x4iw_006,0.9129475951194763,0.0065942807123064995,6.2862420082092285,1.168298052118121,0
8sDvUH7x4iw_007,0.6044471859931946,0.0021558920852839947,67.60193634033203,3.004273240705801,0
8sDvUH7x4iw_008,0.03356047347187996,0.000561364518944174,61.99538803100586,3.0746858321656156,0
8wflrDLxY84_000,0.9228919744491577,0.0019131709123030305,1.7180778980255127,1.1043524459843723,0
8wflrDLxY84_001,0.8306427597999573,0.008040844462811947,13.214715957641602,2.246155604842302,0
8wflrDLxY84_002,0.9210726022720337,0.00090094527695328,6.052119731903076,1.7860357779964626,0
8x5JiKy8RFY_000,0.025509897619485855,0.0011971091153100133,70.52308654785156,3.1056069671529665,0
8x5JiKy8RFY_001,0.03771830350160599,0.0006676926859654486,49.04759216308594,1.9131437224980647,0
8x5JiKy8RFY_002,0.021259861066937447,0.0007183829438872635,54.51404571533203,3.2255327962325446,0
8x5JiKy8RFY_003,0.04202338308095932,0.002948487177491188,63.98779296875,2.5632542871671586,0
8x5JiKy8RFY_004,0.02698436938226223,0.0009740976965986192,54.736385345458984,3.0889222096158093,0
8x5JiKy8RFY_005,0.03036401979625225,0.007181426044553518,57.72990798950195,2.915476798161296,0
8x5JiKy8RFY_006,0.029015250504016876,0.0006473880494013429,65.01087951660156,3.087526154551018,0
8x5JiKy8RFY_007,0.02567274682223797,0.0016344509785994887,66.06324768066406,2.6195122495235204,0
8x5JiKy8RFY_008,0.01932135410606861,0.0005709487595595419,61.40353775024414,3.060789803222501,0
8x5JiKy8RFY_009,0.023273129016160965,0.0018346660071983933,51.634864807128906,2.998697132185328,0
8x5JiKy8RFY_010,0.03226075693964958,0.002868624636903405,70.53617858886719,2.906323098325169,0
8x5JiKy8RFY_011,0.031214453279972076,0.00196288013830781,63.23492431640625,3.026956497731225,0
8x5JiKy8RFY_012,0.8415650725364685,0.0009723114199005067,14.521364212036133,2.351173081579483,0
8x5JiKy8RFY_013,0.020009776577353477,0.001490111812017858,55.98090362548828,3.0900513717586184,0
8x5JiKy8RFY_014,0.023688754066824913,0.0008997799013741314,54.927467346191406,3.114671274701046,0
8x5JiKy8RFY_015,0.026983080431818962,0.000676973897498101,67.30936431884766,3.228401177388129,0
8x5JiKy8RFY_016,0.025982500985264778,0.0004217879322823137,61.02665710449219,2.927464983567262,0
8xIvuJoS5Pg_000,0.8908799290657043,0.0009290113812312484,16.273645401000977,2.2267936779948476,0
8xIvuJoS5Pg_001,0.7760722041130066,0.002049154369160533,18.968080520629883,3.074935931973793,0
8xIvuJoS5Pg_002,0.8533177375793457,0.00388385821133852,16.105731964111328,2.387647341142407,0
8xIvuJoS5Pg_003,0.8557223081588745,0.009013304486870766,6.727365493774414,1.847097390083257,0
8xIvuJoS5Pg_004,0.9217697381973267,0.0009640708449296653,6.27238130569458,1.3156776418202698,0
9GKnaIpqSRA_000,0.7822611331939697,0.002380042104050517,11.449588775634766,1.9516346796754853,0
9GKnaIpqSRA_001,0.8698157072067261,0.003252795897424221,12.60914134979248,2.351569174871863,0
9GKnaIpqSRA_002,0.6158024668693542,0.005546549800783396,5.377511501312256,1.2562710610081413,0
9GKnaIpqSRA_003,0.6040690541267395,0.015086169354617596,3.9035277366638184,1.0627891019610998,0
9GKnaIpqSRA_004,0.8373795747756958,0.02584008499979973,10.704914093017578,1.3002584983253807,0
9GKnaIpqSRA_005,0.8076446652412415,0.003881694981828332,12.69936752319336,1.1434834110719116,0
9GKnaIpqSRA_006,0.8319994807243347,0.006544737610965967,4.6599602699279785,1.124724123352816,0
9GKnaIpqSRA_007,0.803510308265686,0.0168136078864336,5.638997554779053,2.077070497298319,0
9GKnaIpqSRA_008,0.8065923452377319,0.016835203394293785,3.5620694160461426,1.2114744905539454,0
9GKnaIpqSRA_009,0.7416876554489136,0.0061050658114254475,3.633944034576416,1.1486139424545752,0
9GKnaIpqSRA_010,0.8483961820602417,0.014119764789938927,0.886080265045166,1.0912699197137792,0
9GKnaIpqSRA_011,0.8520933985710144,0.012727285735309124,17.21759033203125,2.4731611587298628,0
9GKnaIpqSRA_012,0.8226699233055115,0.015847286209464073,8.653173446655273,1.8051466046491034,0
9GKnaIpqSRA_013,0.918025016784668,0.0009174065198749304,6.528038024902344,1.8934405454552135,0
9T8KWGl2ZZQ_000,0.8110804557800293,0.0010741393780335784,19.31209373474121,2.440134685735336,0
9T8KWGl2ZZQ_001,0.8461399674415588,0.0040872059762477875,17.832876205444336,2.141575821044989,0
9oz0BewUmo4_000,0.8723965883255005,0.0017646360211074352,12.184151649475098,1.6693800331309339,0
9oz0BewUmo4_001,0.8827890753746033,0.0044492497108876705,7.863301753997803,1.964958233188589,0
9oz0BewUmo4_002,0.9098383784294128,0.005538769997656345,6.0717902183532715,1.4882848470150907,0
9oz0BewUmo4_003,0.9363817572593689,0.0036860208492726088,7.410399913787842,1.1480761468022125,0
9oz0BewUmo4_004,0.917624831199646,0.006292074918746948,6.958642959594727,1.1174984288583305,0
9oz0BewUmo4_005,0.9129796624183655,0.010370457544922829,5.279876708984375,1.067730562603713,0
9oz0BewUmo4_006,0.8898342251777649,0.009387905709445477,8.392143249511719,1.2654753470714095,0
9oz0BewUmo4_007,0.90544193983078,0.0024710875004529953,8.010857582092285,1.014889116818837,0
9oz0BewUmo4_008,0.8748912811279297,0.0036647808738052845,8.688009262084961,1.3099578561419625,0
9oz0BewUmo4_009,0.9065206050872803,0.0028679915703833103,11.659152030944824,2.4070690801424726,0
9oz0BewUmo4_010,0.8928465247154236,0.003012515138834715,8.131110191345215,1.7411312595505393,0
9oz0BewUmo4_011,0.9214044213294983,0.0014956253580749035,6.981752395629883,1.084096744419685,0
9oz0BewUmo4_012,0.9101039171218872,0.0014715371653437614,6.388593673706055,1.1206922075481003,0
9oz0BewUmo4_013,0.9152072072029114,0.0053147380240261555,5.15139102935791,1.0938506050304484,0
9oz0BewUmo4_014,0.9052205085754395,0.002038616221398115,8.195347785949707,1.5323834455711765,0
9oz0BewUmo4_015,0.9317997097969055,0.0047353957779705524,4.581409454345703,1.101299567218864,0
9oz0BewUmo4_016,0.9109869003295898,0.002076653763651848,7.167647838592529,1.2827146014545703,0
9oz0BewUmo4_017,0.8517103791236877,0.011378888040781021,9.738402366638184,1.5110035171175507,0
9oz0BewUmo4_018,0.8851495385169983,0.015667075291275978,4.477789402008057,2.3232384832176156,0
9oz0BewUmo4_019,0.8667946457862854,0.005557548720389605,6.172632217407227,1.1391927475426202,0
9oz0BewUmo4_020,0.9035377502441406,0.0017740686889737844,5.607059478759766,1.1423128467584265,0
9oz0BewUmo4_021,0.9375174641609192,0.002551506971940398,6.320009231567383,1.331735174003436,0
9oz0BewUmo4_022,0.9250283241271973,0.0029591068159788847,7.137887001037598,1.1186302575010936,0
9oz0BewUmo4_023,0.7078245282173157,0.0040925974026322365,40.51243591308594,3.022728212560488,0
9oz0BewUmo4_024,0.032277412712574005,0.0006629304843954742,62.7291259765625,3.047619705686243,0
9saz0VPG-To_000,0.034934017807245255,0.0008449252927675843,41.81293869018555,3.392752104895968,0
9saz0VPG-To_001,0.02869550511240959,0.0012727747671306133,69.797119140625,3.1125853149484133,0
9saz0VPG-To_002,0.02696424350142479,0.0003486800123937428,23.36520767211914,3.177173189720716,0
9saz0VPG-To_003,0.059647250920534134,0.002773900283500552,58.284000396728516,3.4754841812319412,0
9saz0VPG-To_004,0.025278139859437943,0.0008261678740382195,70.88585662841797,3.0905138287089367,0
AOgZUuWbLoE_000,0.8587696552276611,0.0021407674066722393,11.355254173278809,1.7633661617777567,0
AOgZUuWbLoE_001,0.927869439125061,0.01001028623431921,6.60495662689209,1.2562353064909544,0
AOgZUuWbLoE_002,0.6983050107955933,0.0008942457498051226,18.976680755615234,2.733496703177376,0
AOgZUuWbLoE_003,0.8342604637145996,0.16530312597751617,-0.5935375094413757,1.2510662576175589,0
AOgZUuWbLoE_004,0.858771562576294,0.008050293661653996,11.030837059020996,2.0954627686609855,0
AOgZUuWbLoE_005,0.9204962849617004,0.0008921695407480001,6.297540664672852,1.9851641792005952,0
AP22Vghq_58_000,0.7850549221038818,0.0010970502626150846,15.29515266418457,1.9992646330951513,0
AP22Vghq_58_001,0.8823872208595276,0.00310705229640007,18.166040420532227,2.1349417119257468,0
AP22Vghq_58_002,0.7828484773635864,0.0015265580732375383,6.0698652267456055,1.0303554097005823,0
AP22Vghq_58_003,0.826171875,0.0022444811183959246,11.175482749938965,2.537979729789679,0
AP22Vghq_58_004,0.8124563694000244,0.0013323811581358314,5.378314971923828,1.0444392187161042,0
AP22Vghq_58_005,0.8636588454246521,0.0069389333948493,5.997190952301025,1.2807318278510604,0
AP22Vghq_58_006,0.9153809547424316,0.0010334353428333998,6.104121685028076,2.0884902148461806,0
AYmhFCZIO0w_000,0.7106521129608154,0.000833194178994745,11.533641815185547,2.229775358661305,0
AYmhFCZIO0w_001,0.8858405351638794,0.0029717148281633854,8.03743839263916,1.6153489782046648,0
AYmhFCZIO0w_002,0.8478419184684753,0.035388171672821045,10.21422290802002,1.617305603491877,0
AYmhFCZIO0w_003,0.8211796283721924,0.21997976303100586,8.699697494506836,1.0934268706165937,0
AYmhFCZIO0w_004,0.7879559397697449,0.13037630915641785,3.13535213470459,1.0961506823703002,0
AYmhFCZIO0w_005,0.9209059476852417,0.0007988993311300874,6.085141181945801,1.4529391512744416,0
A_iOhZBEuPQ_000,0.7770265936851501,0.015684807673096657,11.024600982666016,2.3830954586050717,0
A_iOhZBEuPQ_001,0.743779182434082,0.002233648207038641,11.31389045715332,2.1488571821107687,0
A_iOhZBEuPQ_002,0.7963278889656067,0.02890622988343239,9.616196632385254,1.6614410053524584,0
A_iOhZBEuPQ_003,0.8733429908752441,0.009624471887946129,6.089001655578613,1.1825196485133571,0
A_iOhZBEuPQ_004,0.9154987335205078,0.0009655691683292389,6.42501974105835,1.7740639645792864,0
Ac1e1ibIHpk_000,0.6924208402633667,0.010938534513115883,16.76038932800293,2.3338390769742396,0
Ac1e1ibIHpk_001,0.7784174084663391,0.003324754536151886,32.64561462402344,2.4595666631803543,0
Ac1e1ibIHpk_002,0.029672816395759583,0.0008414865005761385,70.6739273071289,2.894435867793208,0
Ac1e1ibIHpk_003,0.03360862657427788,0.0006221303483471274,66.4358139038086,3.1301021770065964,0
AiKOYN8H1EU_000,0.025248227640986443,0.001119701424613595,44.87323760986328,3.419959026057376,0
AiKOYN8H1EU_001,0.8649932146072388,0.0006263953982852399,17.034767150878906,2.734269782816277,0
AiKOYN8H1EU_002,0.9128530025482178,0.0019827301148325205,15.397262573242188,2.5533596940832717,0
AiKOYN8H1EU_003,0.873534619808197,0.0012458236888051033,14.557449340820312,2.595370854261401,0
AiKOYN8H1EU_004,0.8974463939666748,0.0009332537883892655,12.144150733947754,2.590220238619098,0
AiKOYN8H1EU_005,0.8616350293159485,0.0013227369636297226,10.553130149841309,1.5326982908845936,0
AiKOYN8H1EU_006,0.9065370559692383,0.0018088743090629578,15.249168395996094,2.477859633336129,0
AiKOYN8H1EU_007,0.8350434899330139,0.0008687454974278808,12.721417427062988,1.3234764918477246,0
AiKOYN8H1EU_008,0.8467795252799988,0.004615608137100935,18.933366775512695,2.4630519331365934,0
AiKOYN8H1EU_009,0.8812191486358643,0.0028900839388370514,13.711883544921875,2.284495947645371,0
AiKOYN8H1EU_010,0.9340583682060242,0.0029407357797026634,11.620525360107422,2.315076251154174,0
AiKOYN8H1EU_011,0.8972100615501404,0.0020998879335820675,13.445921897888184,2.5420864824885983,0
AiKOYN8H1EU_012,0.7236583232879639,0.004816611763089895,47.59481430053711,3.183153747667301,0
AiKOYN8H1EU_013,0.029191598296165466,0.000616523961070925,61.01864242553711,3.0502549213810433,0
AmHA9dbYFy0_000,0.8571905493736267,0.030230747535824776,0.4278160035610199,1.1508074210561112,0
AmHA9dbYFy0_001,0.858221173286438,0.04223569482564926,3.0048506259918213,2.208737685752417,0
AmHA9dbYFy0_002,0.8416444659233093,0.06486044824123383,4.413515567779541,1.0355455750383873,0
AmHA9dbYFy0_003,0.8560362458229065,0.005651185289025307,6.310541152954102,1.225563850915527,0
AmHA9dbYFy0_004,0.9176346659660339,0.0008208769140765071,5.878427028656006,1.2318829207865558,0
BHn7eeA0BVo_000,0.8645861148834229,0.001558199874125421,18.488962173461914,2.8051679528890485,0
BHn7eeA0BVo_001,0.8446131348609924,0.010764664970338345,16.865135192871094,2.301717708216345,0
BHn7eeA0BVo_002,0.8596226572990417,0.005274617113173008,13.216635704040527,1.2986219344980885,0
BHn7eeA0BVo_003,0.8840060830116272,0.0017656820127740502,10.055984497070312,2.3273163020537746,0
BHn7eeA0BVo_004,0.8831848502159119,0.0029617303516715765,10.117457389831543,1.23793628968021,0
BHn7eeA0BVo_005,0.8987440466880798,0.0014227187493816018,4.536352634429932,1.2840866965563946,0
BKWMXVpYcP4_000,0.9135154485702515,0.0015689864521846175,16.400779724121094,2.552191501821622,0
BKWMXVpYcP4_001,0.8334895968437195,0.002323970664292574,18.736358642578125,2.4215005636868656,0
BKWMXVpYcP4_002,0.7471189498901367,0.009678457863628864,19.66994857788086,2.0529773837359007,0
BKWMXVpYcP4_003,0.9019446969032288,0.001307834405452013,8.556509971618652,1.7787684471174448,0
BQysXN0mc0g_000,0.6641615033149719,0.0029664284083992243,19.083518981933594,3.070026009882988,0
BQysXN0mc0g_001,0.6603887677192688,0.0022607764694839716,19.456336975097656,2.8451976464045132,0
BQysXN0mc0g_002,0.796114444732666,0.0004924909444525838,18.432735443115234,2.8805114990833127,0
BQysXN0mc0g_003,0.021168731153011322,0.0008467193692922592,71.85060119628906,2.9736956911970243,0
BQysXN0mc0g_004,0.02909145876765251,0.0005666507058776915,62.777217864990234,3.1115487127378536,0
BUL3p_uvehs_000,0.787920355796814,0.009680012241005898,12.766655921936035,2.2098840133735944,0
BUL3p_uvehs_001,0.9200911521911621,0.0009234308963641524,6.0156331062316895,1.6477529209649766,0
BWbT_CqORko_000,0.7547527551651001,0.003948115278035402,15.649144172668457,2.243459081160588,0
BWbT_CqORko_001,0.8894272446632385,0.015286969020962715,7.81855583190918,1.3467743760247166,0
BWbT_CqORko_002,0.9051578044891357,0.007850037887692451,7.01617956161499,1.1121095385531727,0
BWbT_CqORko_003,0.8835009336471558,0.008024429902434349,9.956603050231934,2.430851937831753,0
BWbT_CqORko_004,0.9184006452560425,0.0011790577555075288,5.436147689819336,1.3719147579995605,0
BZ4zd3idtVY_000,0.9171172976493835,0.08579043298959732,8.275059700012207,2.221679769093459,0
BZ4zd3idtVY_001,0.9081350564956665,0.0024389312602579594,13.17237663269043,2.2896327171424757,0
BZ4zd3idtVY_002,0.8766875863075256,0.0317172035574913,5.308362007141113,1.193517409734732,0
BZ4zd3idtVY_003,0.8477348685264587,0.007827427238225937,9.677539825439453,2.020725574749821,0
BZ4zd3idtVY_004,0.8840044140815735,0.015609350986778736,10.835586547851562,2.0778133839212023,0
BZ4zd3idtVY_005,0.914455771446228,0.0009234476601704955,6.253700256347656,1.2681888424284051,0
BgtPMo7NmOs_000,0.826784610748291,0.005881310906261206,17.285484313964844,2.394303954972383,0
BgtPMo7NmOs_001,0.8857583403587341,0.006063640117645264,18.2150821685791,2.1634083310656678,0
BgtPMo7NmOs_002,0.7771323919296265,0.012545960023999214,6.202081680297852,2.06700918458177,0
BgtPMo7NmOs_003,0.919785737991333,0.0009097027941606939,6.143576145172119,1.5403121552212564,0
Bwm3SWdYJnQ_000,0.8330766558647156,0.004268607124686241,12.462408065795898,2.1156757826997477,0
Bwm3SWdYJnQ_001,0.8547555208206177,0.003362763673067093,1.8263351917266846,1.5169466189757186,0
Bwm3SWdYJnQ_002,0.8618565797805786,0.02935006655752659,4.651657581329346,1.2286067327719876,0
Bwm3SWdYJnQ_003,0.9170405268669128,0.000933078583329916,5.590793609619141,1.4830018053263536,0
CHlnwI3VY6E_000,0.8949254751205444,0.0012683311942964792,16.699378967285156,2.281926648301197,0
CHlnwI3VY6E_001,0.8647528886795044,0.002532750368118286,9.07470417022705,1.649135898276975,0
CHlnwI3VY6E_002,0.8819105625152588,0.21397684514522552,0.9881296753883362,1.3155119219883187,0
CHlnwI3VY6E_003,0.8118081092834473,0.22829411923885345,-5.9724507331848145,1.2100396963164366,0
CHlnwI3VY6E_004,0.838163435459137,0.2753666341304779,-1.0602442026138306,1.0990017707579898,0
CHlnwI3VY6E_005,0.8689342737197876,0.23413363099098206,-1.4586492776870728,1.7384865805778935,0
CHlnwI3VY6E_006,0.8614422082901001,0.2543974816799164,-6.307119369506836,1.6188118683304495,0
CHlnwI3VY6E_007,0.8732595443725586,0.22496137022972107,4.32343053817749,1.5766332321190084,0
CHlnwI3VY6E_008,0.8157740831375122,0.017041467130184174,10.50029182434082,2.323174317169887,0
CHlnwI3VY6E_009,0.9114082455635071,0.0008846016717143357,5.966963768005371,1.7179135170493964,0
CMRF9UwRKpY_000,0.9075802564620972,0.005542471539229155,9.454715728759766,1.7254144042974366,0
CMRF9UwRKpY_001,0.8866233825683594,0.11602041125297546,-3.8046069145202637,1.0814403408268716,0
CMRF9UwRKpY_002,0.90547114610672,0.12323573231697083,-3.3400723934173584,1.0818038461357078,0
CMRF9UwRKpY_003,0.9008669257164001,0.0773918628692627,-2.8734748363494873,1.0988193637854848,0
CMRF9UwRKpY_004,0.04091484844684601,0.0014071781188249588,60.522254943847656,3.1951469871523135,0
CMRF9UwRKpY_005,0.7604510188102722,0.012072833254933357,6.316232681274414,1.8511581382814424,0
CMRF9UwRKpY_006,0.9167414903640747,0.0009387110476382077,6.191803932189941,2.1345057311647877,0
CdhQt9XM4G0_000,0.6253777146339417,0.0016201825346797705,8.23430061340332,2.21684342154238,0
CdhQt9XM4G0_001,0.684017539024353,0.0030841142870485783,6.636275291442871,1.155439337551868,0
CdhQt9XM4G0_002,0.7582085132598877,0.001572457724250853,7.974560260772705,1.8306651773406384,0
CdhQt9XM4G0_003,0.7751315236091614,0.01364535465836525,6.523687839508057,2.302699633721622,0
CdhQt9XM4G0_004,0.9171711802482605,0.0008304129005409777,6.863053321838379,1.8233931790485693,0
CfZWjk-lBJs_000,0.8739615678787231,0.02452109195291996,6.032495498657227,1.4774679553537127,0
CfZWjk-lBJs_001,0.1490701138973236,0.15243196487426758,57.95556640625,2.1728658602060897,0
CfZWjk-lBJs_002,0.2494659572839737,0.39641493558883667,25.307132720947266,2.3971068923219003,0
CfZWjk-lBJs_003,0.21372956037521362,0.33624765276908875,-1.4632717370986938,2.383523372140433,0
CfZWjk-lBJs_004,0.7577207088470459,0.45785096287727356,23.435758590698242,2.25253243465091,0
CfZWjk-lBJs_005,0.16999785602092743,0.23601220548152924,43.72532272338867,2.4859199594750465,0
CfZWjk-lBJs_006,0.21578039228916168,0.4286196529865265,25.451940536499023,2.370512011865001,0
CfZWjk-lBJs_007,0.1990540474653244,0.33798256516456604,-1.9504878520965576,2.327608781258995,0
CfZWjk-lBJs_008,0.7543030977249146,0.4445362091064453,23.72747039794922,2.29506154268617,0
CfZWjk-lBJs_009,0.8911498188972473,0.002897432306781411,11.693087577819824,2.3380367321160715,0
CfZWjk-lBJs_010,0.8706949949264526,0.008723045699298382,0.5387589931488037,1.7437764650400511,0
CfZWjk-lBJs_011,0.866432249546051,0.006762460805475712,5.892767429351807,1.1133649926998241,0
CfZWjk-lBJs_012,0.9128036499023438,0.0012114483397454023,6.454710483551025,1.9444571150018035,0
ChuWKGky328_000,0.03635368123650551,0.005025442223995924,49.62162399291992,3.2319309969326877,0
ChuWKGky328_001,0.03556611016392708,0.002207307843491435,16.34062957763672,2.405673857515489,0
ChuWKGky328_002,0.04030461236834526,0.0017863587709143758,13.931314468383789,2.442736146691549,0
ChuWKGky328_003,0.07104244828224182,0.003312597284093499,10.176849365234375,2.3318317313356336,0
ChuWKGky328_004,0.02397429384291172,0.0009620232158340514,1.3990494012832642,1.3510374262204907,0
ChuWKGky328_005,0.03842880204319954,0.0035967302974313498,14.589341163635254,2.4069630127486676,0
ChuWKGky328_006,0.8541280031204224,0.007521967403590679,24.042972564697266,2.76508825307484,0
ChuWKGky328_007,0.8084508180618286,0.003287820378318429,24.034168243408203,2.9711117178763358,0
ChuWKGky328_008,0.8135462999343872,0.004584549460560083,7.970057010650635,2.471554694386077,0
ChuWKGky328_009,0.8509292006492615,0.004901557695120573,7.330361843109131,2.3420211840783463,0
ChuWKGky328_010,0.5621258616447449,0.002104898914694786,61.80619430541992,2.9137321854069835,0
ChuWKGky328_011,0.029388990253210068,0.0005973464576527476,60.49439239501953,3.0033330168272467,0
Clf5BfnM9Jw_000,0.02361271344125271,0.00047257865662686527,67.15613555908203,3.3741493688420374,0
Clf5BfnM9Jw_001,0.01734277978539467,0.00040926734800450504,54.25165939331055,3.2129544562778363,0
Clf5BfnM9Jw_002,0.7954894304275513,0.0003136642917525023,17.59353256225586,3.0391210217020252,0
Clf5BfnM9Jw_003,0.8639280796051025,0.00036416054354049265,13.237601280212402,2.366117458105417,0
Clf5BfnM9Jw_004,0.8637190461158752,0.0009202667279168963,18.25048065185547,2.754171150521529,0
Clf5BfnM9Jw_005,0.871180534362793,0.0005990797653794289,12.98497200012207,2.8164836010648115,0
Clf5BfnM9Jw_006,0.8760121464729309,0.00040641811210662127,11.574798583984375,2.7927227378929538,0
Clf5BfnM9Jw_007,0.018774423748254776,0.0008004302508197725,65.64906311035156,2.9376254158740776,0
Clf5BfnM9Jw_008,0.03189970925450325,0.0005823849351145327,60.72494888305664,3.101204717710538,0
D4tcSVKiT5s_000,0.7993375658988953,0.003995728679001331,30.326465606689453,2.5976413454259633,0
D4tcSVKiT5s_001,0.9169933795928955,0.0010183380218222737,6.659248352050781,1.599957879239465,0
DJBEpeA9Vrw_000,0.8972402811050415,0.0026268495712429285,13.362844467163086,1.8675140120613218,0
DJBEpeA9Vrw_001,0.906431257724762,0.002735959365963936,9.229744911193848,2.3206390923127542,0
DJBEpeA9Vrw_002,0.8742435574531555,0.007538346108049154,4.81654167175293,2.3820184528643824,0
DJBEpeA9Vrw_003,0.9081435203552246,0.006122606806457043,8.308160781860352,1.234785674840463,0
DJBEpeA9Vrw_004,0.919040858745575,0.002674342365935445,5.507205486297607,1.1467990281008373,0
DJBEpeA9Vrw_005,0.9241408109664917,0.006570038385689259,7.788424491882324,2.2797985589928826,0
DJBEpeA9Vrw_006,0.8408148288726807,0.33133193850517273,5.827989101409912,1.4048716612085472,0
DJBEpeA9Vrw_007,0.8357691764831543,0.33157917857170105,5.869043350219727,1.0795872387006937,0
DJBEpeA9Vrw_008,0.8828219771385193,0.3143019676208496,5.885717391967773,1.0869170562421886,0
DJBEpeA9Vrw_009,0.9281445741653442,0.006078098434954882,6.443672180175781,1.1802656645310017,0
DJBEpeA9Vrw_010,0.9313926100730896,0.00399430375546217,5.881647109985352,1.0794994930496675,0
DJBEpeA9Vrw_011,0.8299948573112488,0.34107914566993713,5.582033634185791,1.1736013307283792,0
DJBEpeA9Vrw_012,0.816181480884552,0.3863898813724518,4.516262054443359,1.127344124347481,0
DJBEpeA9Vrw_013,0.8798564672470093,0.2594022750854492,2.3720149993896484,1.0375184896897771,0
DJBEpeA9Vrw_014,0.8989503383636475,0.00125573028344661,10.298554420471191,2.201792579092034,0
DJBEpeA9Vrw_015,0.9196733236312866,0.0011525331065058708,5.857752799987793,1.1322763306799821,0
DJBEpeA9Vrw_016,0.9387233257293701,0.002962209051474929,5.050174713134766,1.1272491134253566,0
DJBEpeA9Vrw_017,0.8965267539024353,0.0038281187880784273,4.44879150390625,1.1068283700792731,0
DJBEpeA9Vrw_018,0.9199860692024231,0.0012513221008703113,6.8007588386535645,1.2679471280941677,0
DJBEpeA9Vrw_019,0.9122969508171082,0.002583852969110012,2.547612428665161,1.1037954427824812,0
DJBEpeA9Vrw_020,0.9026328921318054,0.004822420887649059,4.348814010620117,1.123145046235063,0
DJBEpeA9Vrw_021,0.02877836860716343,0.0007642913260497153,72.70259094238281,3.0469586647301115,0
DJBEpeA9Vrw_022,0.03275037556886673,0.0006220105569809675,64.05474853515625,3.0625853405068963,0
DKWM_Jesc2E_000,0.8569766879081726,0.01461819652467966,9.857358932495117,2.0796987750960385,0
DKWM_Jesc2E_001,0.7916296720504761,0.008247650228440762,6.621237277984619,1.923940100892356,0
DKWM_Jesc2E_002,0.9215013384819031,0.0008468557498417795,6.395979881286621,1.709580542273638,0
DS1XikAPAvI_000,0.8663063645362854,0.005994971841573715,11.711605072021484,2.4522837749602315,0
DS1XikAPAvI_001,0.8259751200675964,0.001413759309798479,8.500032424926758,1.6341909530434646,0
DS1XikAPAvI_002,0.8802975416183472,0.0019048070535063744,9.42195987701416,2.161864271293296,0
DS1XikAPAvI_003,0.9009329080581665,0.002246638061478734,6.433480739593506,1.0662497154165584,0
DS1XikAPAvI_004,0.8902826309204102,0.014126717112958431,6.74196195602417,1.5133402164753829,0
DS1XikAPAvI_005,0.9128336310386658,0.034094247967004776,8.884306907653809,1.1970499682467843,0
DS1XikAPAvI_006,0.9086642265319824,0.03409276157617569,11.783589363098145,2.0939957561508504,0
DS1XikAPAvI_007,0.8834046125411987,0.0031933514401316643,6.920233249664307,1.127610785126855,0
DS1XikAPAvI_008,0.9072998762130737,0.005178270395845175,6.271510124206543,1.064040118734248,0
DS1XikAPAvI_009,0.8861840963363647,0.00659980857744813,11.579185485839844,1.3786170704443796,0
DS1XikAPAvI_010,0.8748565912246704,0.006806083954870701,11.6392240524292,1.1275686369706948,0
DS1XikAPAvI_011,0.8372052311897278,0.01680798828601837,8.348186492919922,2.4727501557719362,0
DS1XikAPAvI_012,0.890220582485199,0.024445032700896263,10.672468185424805,1.503747996564653,0
DS1XikAPAvI_013,0.870983362197876,0.03399652987718582,9.994510650634766,1.3150531351026689,0
DS1XikAPAvI_014,0.06705343723297119,0.0015381698030978441,70.69090270996094,2.989806058038085,0
DS1XikAPAvI_015,0.03307194635272026,0.0004911113064736128,61.21192169189453,3.0852131896555295,0
DUsvDjI7DQY_000,0.8368765711784363,0.0020035277120769024,-3.6059160232543945,1.2101161977339874,0
DUsvDjI7DQY_001,0.8488539457321167,0.0034396806731820107,-7.027795791625977,1.1053968665183087,0
DUsvDjI7DQY_002,0.027644861489534378,0.0008350198622792959,70.87740325927734,3.123986543821427,0
DUsvDjI7DQY_003,0.03119298815727234,0.0005462546250782907,63.26662063598633,3.0109903742710054,0
DXevfNOda1Y_000,0.9028987288475037,0.0017723568016663194,13.225031852722168,2.069268936669107,0
DXevfNOda1Y_001,0.7181737422943115,0.00792324636131525,15.994625091552734,2.6754465652368977,0
DXevfNOda1Y_002,0.8574587106704712,0.0019645688589662313,10.722062110900879,1.1776963623758028,0
DXevfNOda1Y_003,0.02849538065493107,0.0008581549045629799,34.6113395690918,3.055285726867722,0
DXevfNOda1Y_004,0.04067211225628853,0.0005536278476938605,10.132987976074219,2.379975592009637,0
DXevfNOda1Y_005,0.057702552527189255,0.00192340521607548,40.18989944458008,2.5669436766782394,0
DXevfNOda1Y_006,0.5687139630317688,0.04535616561770439,7.538487434387207,2.4100204417385798,0
DXevfNOda1Y_007,0.8537883758544922,0.009219622239470482,6.295176982879639,1.166697480863557,0
DXevfNOda1Y_008,0.9207308292388916,0.0010493950685486197,6.584190368652344,1.1087929203865279,0
DcQSQOjoUvs_000,0.9161666631698608,0.012764210812747478,11.197968482971191,2.1448260275779334,0
DcQSQOjoUvs_001,0.8977668881416321,0.06253273785114288,13.437583923339844,2.183086692400335,0
DcQSQOjoUvs_002,0.9141391515731812,0.013927430845797062,9.800515174865723,2.2080557156535665,0
DcQSQOjoUvs_003,0.9319723844528198,0.0009914090624079108,4.925707817077637,1.2095502449401334,0
DcQSQOjoUvs_004,0.898943305015564,0.007683382369577885,4.48881721496582,1.0985459472582575,0
DcQSQOjoUvs_005,0.8686168193817139,0.05349643900990486,0.8149250745773315,1.1731857864057642,0
DcQSQOjoUvs_006,0.8641906380653381,0.0032385033555328846,15.652050018310547,2.3975186199906964,0
DcQSQOjoUvs_007,0.9068183898925781,0.010179848410189152,5.912235260009766,1.3132801266123697,0
DcQSQOjoUvs_008,0.8961832523345947,0.004236766602844,5.914142608642578,1.5781361555563125,0
DcQSQOjoUvs_009,0.8376550674438477,0.03770596534013748,2.301250696182251,1.1028457645317917,0
DcQSQOjoUvs_010,0.9228399991989136,0.0010201226687058806,5.689042568206787,1.6500310992936393,0
DlTr0cIV3pI_000,0.030187292024493217,0.0006868731579743326,66.28131103515625,3.2590719354690165,0
DlTr0cIV3pI_001,0.019739802926778793,0.0006089070229791105,49.732662200927734,3.2123986667660382,0
DlTr0cIV3pI_002,0.8172276616096497,0.0011622222373262048,15.109578132629395,2.742535697018735,0
DlTr0cIV3pI_003,0.8992307186126709,0.0007728953496553004,10.254631042480469,2.605361789640675,0
DlTr0cIV3pI_004,0.02916860207915306,0.0007889099651947618,68.87047576904297,3.3657375743057703,0
DlTr0cIV3pI_005,0.03969232365489006,0.008006492629647255,67.85735321044922,2.493854685240568,0
DlTr0cIV3pI_006,0.033116091042757034,0.001398612861521542,62.050941467285156,3.231909270158499,0
DlTr0cIV3pI_007,0.028049590066075325,0.000616850215010345,71.37451934814453,3.347576581180269,0
DlTr0cIV3pI_008,0.02364390157163143,0.000670831766910851,72.18301391601562,3.077299431628074,0
DlTr0cIV3pI_009,0.02212507091462612,0.0026371628046035767,70.56380462646484,3.1222008439488627,0
DlTr0cIV3pI_010,0.03375647962093353,0.0006257724016904831,66.2742919921875,3.0908167730685,0
Dx2wTJvIagk_000,0.8495050072669983,0.0020181280560791492,13.74942398071289,2.829248758190884,0
Dx2wTJvIagk_001,0.846337616443634,0.010631384328007698,15.491375923156738,2.2982995154840697,0
Dx2wTJvIagk_002,0.8396515250205994,0.0022516909521073103,12.545315742492676,2.2744717434845305,0
Dx2wTJvIagk_003,0.8779420256614685,0.003906637895852327,12.021364212036133,2.2095965103822963,0
Dx2wTJvIagk_004,0.8491380214691162,0.007374016102403402,34.05222702026367,2.4857780944488184,0
Dx2wTJvIagk_005,0.02617614157497883,0.0008449647575616837,70.86717987060547,3.020098267506859,0
Dx2wTJvIagk_006,0.03186297416687012,0.0005854369956068695,62.72206115722656,3.1428126508400775,0
DxIZchf4AhY_000,0.809074878692627,0.005671271122992039,16.858551025390625,2.295842424389401,0
DxIZchf4AhY_001,0.8919877409934998,0.0031430302187800407,6.375258922576904,1.7769997642177706,0
DxIZchf4AhY_002,0.9358384609222412,0.0021970472298562527,6.104775905609131,1.7768294568408476,0
DxIZchf4AhY_003,0.8796431422233582,0.008892771787941456,7.854226589202881,1.1256030313958139,0
DxIZchf4AhY_004,0.9360440969467163,0.001689866534434259,6.453039646148682,1.9819720548887836,0
DxIZchf4AhY_005,0.8473498821258545,0.006950048729777336,10.853408813476562,2.20423475331845,0
DxIZchf4AhY_006,0.8358359932899475,0.0064852177165448666,17.187246322631836,2.226279754699983,0
DxIZchf4AhY_007,0.7437385320663452,0.0014685573987662792,16.784143447875977,2.3237698806303997,0
DxIZchf4AhY_008,0.1409105360507965,0.10190515965223312,28.05191421508789,2.662300665868256,0
DxIZchf4AhY_009,0.27046647667884827,0.050457388162612915,31.339473724365234,2.564000298892529,0
DxIZchf4AhY_010,0.7697585821151733,0.011888895183801651,6.37925386428833,2.192650857691815,0
DxIZchf4AhY_011,0.9152498245239258,0.0009035978582687676,6.466236591339111,1.153114271812293,0
E38mAVkj75o_000,0.9108920693397522,0.0007586837164126337,13.242260932922363,2.0004984589918795,0
E38mAVkj75o_001,0.9258064031600952,0.009119460359215736,11.781991004943848,2.037570926903165,0
E38mAVkj75o_002,0.8701109886169434,0.11732455343008041,31.733428955078125,1.1770426138107732,0
E38mAVkj75o_003,0.8468695878982544,0.138042151927948,-4.859454154968262,1.0776664574461818,0
E38mAVkj75o_004,0.9069965481758118,0.00173099001403898,20.299571990966797,2.6337237254424615,0
E38mAVkj75o_005,0.8738311529159546,0.001394167309626937,19.074785232543945,2.1927939073206146,0
E38mAVkj75o_006,0.016820332035422325,0.001013105153106153,58.333919525146484,2.9010015355233767,0
E38mAVkj75o_007,0.01849435828626156,0.0010114083997905254,55.88360595703125,2.869401805523443,0
E38mAVkj75o_008,0.8601776957511902,0.008760538883507252,6.362360954284668,1.0483469577086004,0
E38mAVkj75o_009,0.9221670627593994,0.0009174336446449161,6.813635349273682,1.095212613668726,0
E9t_dwH76xA_000,0.8653659224510193,0.0016623353585600853,20.74028778076172,2.708358833342431,0
E9t_dwH76xA_001,0.8656756281852722,0.007511594332754612,11.509468078613281,2.003284886550276,0
E9t_dwH76xA_002,0.8505983948707581,0.003274922724813223,10.71673583984375,2.398984871333245,0
E9t_dwH76xA_003,0.8981144428253174,0.00852617621421814,10.766663551330566,1.2906599194768136,0
E9t_dwH76xA_004,0.9034554362297058,0.004487093538045883,10.258925437927246,1.2000098391652025,0
E9t_dwH76xA_005,0.8986132740974426,0.000619168858975172,9.834378242492676,2.546677545339154,0
E_-8NpZvgX8_000,0.8503493666648865,0.017755798995494843,13.877309799194336,2.2685480425083306,0
E_-8NpZvgX8_001,0.8700888156890869,0.005607571452856064,5.529139041900635,1.168118257778863,0
E_-8NpZvgX8_002,0.9181644320487976,0.0008709398098289967,5.442900657653809,1.8805722432410108,0
EeylsOcnkV0_000,0.694087564945221,0.014526928775012493,14.405484199523926,2.19333499654867,0
EeylsOcnkV0_001,0.9150918126106262,0.0010989661095663905,6.537247180938721,1.1421683161022538,0
EjuEqBFmEec_000,0.8754821419715881,0.0017109481850638986,12.367562294006348,2.0021876974789907,0
EjuEqBFmEec_001,0.9052145481109619,0.016853222623467445,6.845733642578125,1.930602680247196,0
EjuEqBFmEec_002,0.9138675928115845,0.002903062617406249,11.637201309204102,2.0669844741824432,0
EjuEqBFmEec_003,0.9284417033195496,0.003840303048491478,20.619308471679688,2.292086702549096,0
EjuEqBFmEec_004,0.7208734154701233,0.003439626656472683,30.547452926635742,2.290712664932677,0
EjuEqBFmEec_005,0.8362060189247131,0.007809934206306934,29.154163360595703,2.6044677918485335,0
EjuEqBFmEec_006,0.9214016199111938,0.0009703943505883217,6.369675159454346,1.1323673193031878,0
EmrhZY6LBz8_000,0.8172929883003235,0.2523050308227539,1.5949727296829224,1.6942501576759514,0
EmrhZY6LBz8_001,0.8531133532524109,0.343829870223999,-2.4257030487060547,1.0765607719397758,0
EmrhZY6LBz8_002,0.035218093544244766,0.030690714716911316,33.206905364990234,2.7939874255179324,0
EmrhZY6LBz8_003,0.032372478395700455,0.0006342176347970963,66.7930679321289,3.1025377039111732,0
EsZChyzmWBk_000,0.022645732387900352,0.0017216842388734221,46.88837432861328,3.24232256620752,0
EsZChyzmWBk_001,0.033062633126974106,0.004402758553624153,60.271575927734375,3.1881778796746096,0
EsZChyzmWBk_002,0.8018038272857666,0.0010472448775544763,11.073853492736816,1.4896880704722135,0
EsZChyzmWBk_003,0.827639639377594,0.001259567099623382,10.164613723754883,1.2715498458399308,0
EsZChyzmWBk_004,0.9308355450630188,0.001556196017190814,5.148904800415039,1.1000054532635632,0
EsZChyzmWBk_005,0.9031962752342224,0.0006065140478312969,7.018805503845215,1.129809043371235,0
EsZChyzmWBk_006,0.902309000492096,0.0027270892169326544,5.028782844543457,1.1222550877394066,0
EsZChyzmWBk_007,0.9279469847679138,0.00918666459619999,2.5870494842529297,1.1910867234998241,0
EsZChyzmWBk_008,0.9121383428573608,0.0029264355544000864,3.057737350463867,1.1102287632207715,0
EsZChyzmWBk_009,0.3549109399318695,0.002552120015025139,70.1226806640625,3.141580424371171,0
EsZChyzmWBk_010,0.03061518259346485,0.000570440199226141,65.23963165283203,3.183496783248344,0
F38e7ixY4a4_000,0.8887047171592712,0.0005112157668918371,12.59636402130127,1.7166232575372407,0
F38e7ixY4a4_001,0.8794339895248413,0.00251103937625885,12.986249923706055,2.1128957662238133,0
F38e7ixY4a4_002,0.8234089612960815,0.0015367475571110845,16.33048439025879,2.185989838397155,0
F38e7ixY4a4_003,0.9124600887298584,0.001781350001692772,10.080920219421387,1.8603096100036558,0
F38e7ixY4a4_004,0.8762372136116028,0.00946429930627346,11.999859809875488,2.2196465184537195,0
F38e7ixY4a4_005,0.8406126499176025,0.005077853798866272,6.156483173370361,2.074529546097202,0
F38e7ixY4a4_006,0.9162893295288086,0.001013206085190177,6.051638603210449,1.2240560632226432,0
F8HqdV6ZH6M_000,0.9043084979057312,0.0014032504986971617,14.979958534240723,2.536104672098758,0
F8HqdV6ZH6M_001,0.9258066415786743,0.0022158678621053696,14.43216323852539,1.9940645175952278,0
F8HqdV6ZH6M_002,0.7574098706245422,0.0010056826286017895,45.63277816772461,2.720064269531421,0
F8HqdV6ZH6M_003,0.014213784597814083,0.0006771561456844211,70.5135498046875,3.3773900335600624,0
F8HqdV6ZH6M_004,0.009891659021377563,0.0005889569874852896,67.31720733642578,3.3408030654591716,0
F8HqdV6ZH6M_005,0.01314933318644762,0.00039729359559714794,68.92645263671875,3.3654908125129817,0
F8HqdV6ZH6M_006,0.02905656211078167,0.0013735434040427208,33.49686813354492,2.8198143773442164,0
FQbcVgnA-Iw_000,0.02745228074491024,0.001518376637250185,43.927391052246094,2.8565946087364056,0
FQbcVgnA-Iw_001,0.8764667510986328,0.008638602681457996,22.699644088745117,2.600405893526268,0
FQbcVgnA-Iw_002,0.8476344347000122,0.041326604783535004,4.221442699432373,1.0739913110198525,0
FQbcVgnA-Iw_003,0.9109535813331604,0.0010292488150298595,6.457487106323242,1.7492411088354896,0
G1CmViCBoyE_000,0.025509897619485855,0.0011971091153100133,70.52308654785156,3.1056069671529665,0
G1CmViCBoyE_001,0.03013005666434765,0.001145962974987924,66.30086517333984,2.980582086534514,0
G1CmViCBoyE_002,0.01628790982067585,0.0008285384392365813,59.832763671875,3.386291596388775,0
G1CmViCBoyE_003,0.02701137587428093,0.00042456111987121403,60.83738327026367,3.04848234427925,0
G4HXoD0Za0U_000,0.020734142512083054,0.0009430557838641107,50.41964340209961,3.3680971740286205,0
G4HXoD0Za0U_001,0.022211339324712753,0.000667991756927222,42.731163024902344,3.334071075759326,0
G4HXoD0Za0U_002,0.021245835348963737,0.0010906641837209463,56.557926177978516,3.234402184097116,0
G4HXoD0Za0U_003,0.018739895895123482,0.0007091102888807654,52.42277145385742,3.2886855145135465,0
G4HXoD0Za0U_004,0.01946018636226654,0.0009675135370343924,48.986412048339844,3.0067006976456088,0
G4HXoD0Za0U_005,0.019222810864448547,0.001111480756662786,46.84134292602539,3.274490204927435,0
G4HXoD0Za0U_006,0.017468564212322235,0.0006939144805073738,45.15340042114258,3.3587764743069926,0
G4HXoD0Za0U_007,0.038146112114191055,0.0014006543206050992,63.71727752685547,3.201668143605685,0
G4HXoD0Za0U_008,0.019993111491203308,0.0005136638646945357,60.814735412597656,3.1953259929317097,0
G4HXoD0Za0U_009,0.8546068668365479,0.0008541852002963424,22.21512794494629,2.7110995778230924,0
G4HXoD0Za0U_010,0.894163191318512,0.0005783400265499949,15.038992881774902,2.547818616089398,0
G4HXoD0Za0U_011,0.9091896414756775,0.003623406868427992,15.835739135742188,2.7293982086145374,0
G4HXoD0Za0U_012,0.8775908946990967,0.0010473302099853754,15.427562713623047,2.581422823014824,0
G4HXoD0Za0U_013,0.8926268219947815,0.000926399021409452,15.929372787475586,2.2480557758388477,0
G4HXoD0Za0U_014,0.9019661545753479,0.0014167939079925418,16.391948699951172,2.5432660369744036,0
G4HXoD0Za0U_015,0.8934274315834045,0.0009904715698212385,14.943048477172852,2.6836410509690958,0
G4HXoD0Za0U_016,0.925630509853363,0.001288874656893313,16.08589744567871,2.5095824584235493,0
G4HXoD0Za0U_017,0.9422127604484558,0.0011753265280276537,15.870540618896484,2.343283846099065,0
G4HXoD0Za0U_018,0.8712269067764282,0.000728075741790235,16.231290817260742,2.5036227211762427,0
G4HXoD0Za0U_019,0.019607767462730408,0.000985517050139606,47.41740798950195,3.0491470836666466,0
G4HXoD0Za0U_020,0.0270868968218565,0.0006072480464354157,71.24665832519531,3.0949506142735017,0
G4HXoD0Za0U_021,0.03286907821893692,0.0006041183369234204,65.38516235351562,3.138398086407331,0
GEIQJZJwm1k_000,0.702146589756012,0.031924765557050705,7.784768581390381,1.2491961482129526,0
GEIQJZJwm1k_001,0.9070056676864624,0.0015194684965535998,-1.391324520111084,1.1493040921152897,0
GEIQJZJwm1k_002,0.030139347538352013,0.0018737850477918983,23.37714385986328,2.250016017119424,0
GEIQJZJwm1k_003,0.02487528882920742,0.0029032721649855375,20.003196716308594,1.5689456751449258,0
GEIQJZJwm1k_004,0.014720596373081207,0.0006084342021495104,23.607099533081055,2.595418247082106,0
GEIQJZJwm1k_005,0.8186500668525696,0.013751578517258167,7.954758167266846,1.9927640631854233,0
GEIQJZJwm1k_006,0.8658778071403503,0.003464590525254607,6.785272121429443,1.8659596267454257,0
GEIQJZJwm1k_007,0.8983497023582458,0.027318619191646576,10.526567459106445,2.3085147823354326,0
GEIQJZJwm1k_008,0.8473174571990967,0.03219659626483917,12.408626556396484,2.3540631652844994,0
GEIQJZJwm1k_009,0.8634738922119141,0.009486009366810322,9.056340217590332,2.4014341622376882,0
GEIQJZJwm1k_010,0.9181432127952576,0.0010483463993296027,6.5027756690979,1.5140507292402503,0
GFVh0R4C_Bw_000,0.8825904130935669,0.000832033867482096,13.593369483947754,2.2025837520694522,0
GFVh0R4C_Bw_001,0.8821642994880676,0.0014979972038418055,12.268850326538086,1.8798181307220225,0
GFVh0R4C_Bw_002,0.02652154117822647,0.0023541308473795652,57.66419219970703,3.190888524504997,0
GFVh0R4C_Bw_003,0.062016312032938004,0.0045208740048110485,55.19809341430664,2.8693395692525625,0
GFVh0R4C_Bw_004,0.8548151850700378,0.008694345131516457,6.150752544403076,1.1646925015545908,0
GFVh0R4C_Bw_005,0.9202742576599121,0.0010317143751308322,6.145570278167725,1.1503038736765532,0
GMkEvBXdQvQ_000,0.025509897619485855,0.0011971091153100133,70.52308654785156,3.1056069671529665,0
GMkEvBXdQvQ_001,0.04631146416068077,0.0015018199337646365,55.79030227661133,3.0240321704403272,0
GMkEvBXdQvQ_002,0.0195002444088459,0.004431338980793953,56.494789123535156,2.730159687528316,0
GMkEvBXdQvQ_003,0.04563964158296585,0.2597500681877136,57.14425277709961,3.2892616528355667,0
GMkEvBXdQvQ_004,0.01932547427713871,0.0012187915854156017,66.52140808105469,3.356066262501751,0
GMkEvBXdQvQ_005,0.015830213204026222,0.0003544527280610055,60.19239044189453,3.3254849416755334,0
GMkEvBXdQvQ_006,0.025690697133541107,0.0005764801171608269,59.83060073852539,2.848899592880935,0
GQvPGbh4Wcs_000,0.025509897619485855,0.0011971091153100133,70.52308654785156,3.1056069671529665,0
GQvPGbh4Wcs_001,0.038332290947437286,0.0026698641013354063,70.2742919921875,2.528573475679498,0
GQvPGbh4Wcs_002,0.02084788680076599,0.0007311663939617574,49.543338775634766,3.348014094705434,0
GQvPGbh4Wcs_003,0.021084154024720192,0.0021850834600627422,67.50718688964844,3.3389726925383814,0
GQvPGbh4Wcs_004,0.016811393201351166,0.000556983461137861,69.0431137084961,3.4565808617457225,0
GQvPGbh4Wcs_005,0.026588985696434975,0.0004239903937559575,59.66715621948242,3.0042094407750586,0
GVMVx2z4_2w_000,0.8676209449768066,0.026528554037213326,12.562101364135742,2.218851547717409,0
GVMVx2z4_2w_001,0.8752883076667786,0.009259033016860485,5.273712158203125,1.3682633853703776,0
GVMVx2z4_2w_002,0.9110900163650513,0.0013914931332692504,6.236120700836182,1.1098182046459808,0
GjammNDiAvI_000,0.7840616106987,0.024258607998490334,12.916719436645508,2.0898400369810988,0
GjammNDiAvI_001,0.8013220429420471,0.008003240451216698,10.528646469116211,1.9825264647554055,0
GjammNDiAvI_002,0.777935802936554,0.0026259166188538074,12.912259101867676,2.507282366805594,0
GjammNDiAvI_003,0.8007550835609436,0.010709124617278576,12.435796737670898,2.294266791711031,0
GjammNDiAvI_004,0.9206574559211731,0.0010724104940891266,6.557628154754639,1.1556032544693082,0
Gv-5FWKl3Is_000,0.26490095257759094,0.0022130452562123537,13.752479553222656,2.0170617049173587,0
Gv-5FWKl3Is_001,0.6134331822395325,0.005403728689998388,12.369894027709961,1.336016520316759,0
Gv-5FWKl3Is_002,0.7465775609016418,0.0005668576341122389,2.948288917541504,1.1110600093156757,0
Gv-5FWKl3Is_003,0.8699803352355957,0.005397691857069731,4.896316051483154,1.205118822407267,0
Gv-5FWKl3Is_004,0.9158743023872375,0.0010681566782295704,6.114664554595947,1.0806706575973504,0
GyF3MkvI5_Q_000,0.04118439182639122,0.008518851362168789,33.17403793334961,3.136134455823865,0
GyF3MkvI5_Q_001,0.03364766016602516,0.000843874120619148,32.85586166381836,3.183848082791141,0
GyF3MkvI5_Q_002,0.029008440673351288,0.0027719116769731045,41.42424011230469,3.3037087967645973,0
GyF3MkvI5_Q_003,0.011475778184831142,0.001303375232964754,22.45631217956543,2.627929792229021,0
GyF3MkvI5_Q_004,0.011289766989648342,0.0012164569925516844,20.740766525268555,2.648090753542929,0
GyF3MkvI5_Q_005,0.013644707389175892,0.0007872888818383217,20.51551055908203,2.2012093104989496,0
GyF3MkvI5_Q_006,0.01630268432199955,0.001101495698094368,26.70475959777832,2.9980671708080537,0
GyF3MkvI5_Q_007,0.6208465695381165,0.0015134901041164994,16.67404556274414,2.6469077777232464,0
GyF3MkvI5_Q_008,0.7458488345146179,0.0022987723350524902,14.210122108459473,2.7834686742710195,0
GyF3MkvI5_Q_009,0.5431466698646545,0.003177906386554241,10.032615661621094,1.1158232808663298,0
GyF3MkvI5_Q_010,0.7690522074699402,0.009241247549653053,13.885674476623535,2.0315130256905474,0
GyF3MkvI5_Q_011,0.6154478788375854,0.002685735234990716,13.610947608947754,2.594627636001498,0
GyF3MkvI5_Q_012,0.6949092745780945,0.0015666612889617682,13.607383728027344,2.3817003861406483,0
GyF3MkvI5_Q_013,0.6745929718017578,0.00329982559196651,12.668580055236816,2.4660647744192747,0
GyF3MkvI5_Q_014,0.6630588173866272,0.00890315044671297,11.651785850524902,2.7236662365499518,0
GyF3MkvI5_Q_015,0.6774689555168152,0.0023943400010466576,13.191422462463379,2.4437333814304365,0
GyF3MkvI5_Q_016,0.027082666754722595,0.0008213486289605498,70.92878723144531,3.133502639440207,0
GyF3MkvI5_Q_017,0.03027656115591526,0.0005879432428628206,61.49174880981445,3.056258148756782,0
H76OGYLhQ3k_000,0.7723391056060791,0.0010982899693772197,22.636432647705078,2.274774871530321,0
H76OGYLhQ3k_001,0.9049412608146667,0.0023049574811011553,14.796305656433105,1.88865014665634,0
H76OGYLhQ3k_002,0.8888477087020874,0.001237071119248867,14.905071258544922,1.467124829861452,0
H76OGYLhQ3k_003,0.9131849408149719,0.006001914385706186,10.677331924438477,2.0285538815274498,0
H76OGYLhQ3k_004,0.8689325451850891,0.0029978042002767324,8.972436904907227,1.146745850530864,0
H76OGYLhQ3k_005,0.8996676206588745,0.0004120045923627913,10.931782722473145,2.444834737839258,0
H8P8xQmhwNc_000,0.9008631706237793,0.00994758028537035,10.366598129272461,2.0549602482314775,0
H8P8xQmhwNc_001,0.7647371292114258,0.001627891673706472,18.052894592285156,2.5821598540899395,0
H8P8xQmhwNc_002,0.8388851284980774,0.001453470322303474,8.826742172241211,2.4944736823303724,0
HWBsd3FAzc0_000,0.901036262512207,0.009389289654791355,14.431280136108398,2.335635348884508,0
HWBsd3FAzc0_001,0.8699950575828552,0.0020251204259693623,14.981245994567871,2.5059328532092136,0
HWBsd3FAzc0_002,0.8442460894584656,0.0035673801321536303,10.441121101379395,1.6357194490766882,0
HWBsd3FAzc0_003,0.9046732187271118,0.008004539646208286,5.640048027038574,1.1322106011418795,0
HWBsd3FAzc0_004,0.9109594225883484,0.003041603835299611,7.140601634979248,1.1594018745411037,0
HWBsd3FAzc0_005,0.7904618978500366,0.0021650490816682577,15.258761405944824,2.531542828075981,0
HWBsd3FAzc0_006,0.8885879516601562,0.005419759079813957,15.265039443969727,2.2430681185577126,0
HWBsd3FAzc0_007,0.7916842699050903,0.011664159595966339,7.804610729217529,1.8266917648141814,0
HWBsd3FAzc0_008,0.897695004940033,0.001362347393296659,8.212923049926758,1.898180068086609,0
HaFoIJ9r5BA_000,0.7627251148223877,0.0024667400866746902,16.019485473632812,2.318064496315214,0
HaFoIJ9r5BA_001,0.8755608201026917,0.0025422172620892525,11.894774436950684,1.8679010033933223,0
HaFoIJ9r5BA_002,0.8950696587562561,0.0017270951066166162,14.470510482788086,2.1217028726076776,0
HaFoIJ9r5BA_003,0.877717137336731,0.0013133722823113203,8.254287719726562,2.0619351153916616,0
HaFoIJ9r5BA_004,0.8826712369918823,0.009584352374076843,11.65234375,1.5619292803007787,0
HaFoIJ9r5BA_005,0.9114441871643066,0.0034505445510149,11.990777015686035,1.1705403637797294,0
HaFoIJ9r5BA_006,0.8904879093170166,0.0013073076261207461,10.934656143188477,2.540675329333368,0
HudUFSsgtdY_000,0.862675666809082,0.001446385052986443,8.7706880569458,1.6831061138648749,0
HudUFSsgtdY_001,0.9120886325836182,0.0006239330978132784,9.9744873046875,2.361317471954499,0
HudUFSsgtdY_002,0.794888436794281,0.0005548311746679246,13.652325630187988,2.102963418345576,0
HudUFSsgtdY_003,0.887087881565094,0.001030977931804955,11.850326538085938,2.2433355581961045,0
HudUFSsgtdY_004,0.853903591632843,0.008965489454567432,6.7060465812683105,1.2500963420105278,0
HudUFSsgtdY_005,0.9181621074676514,0.0009690472506918013,6.625251293182373,1.2997048433382792,0
HvzKA_f6270_000,0.0360211543738842,0.00421475525945425,52.663230895996094,3.1555155767177268,0
HvzKA_f6270_001,0.8931072354316711,0.0017287015216425061,15.337174415588379,2.8135806778090053,0
HvzKA_f6270_002,0.9031771421432495,0.0014919517561793327,18.798656463623047,2.887884589142233,0
HvzKA_f6270_003,0.8356297612190247,0.0019723516888916492,17.258163452148438,2.630543772440862,0
HvzKA_f6270_004,0.8827309608459473,0.0005640555755235255,18.181602478027344,2.5335454391576953,0
HvzKA_f6270_005,0.8749787211418152,0.0038977432996034622,15.954134941101074,2.6287130783895503,0
HvzKA_f6270_006,0.8785374164581299,0.001252569374628365,17.81072425842285,2.5487762051778025,0
HvzKA_f6270_007,0.9054889678955078,0.0023296347353607416,14.379511833190918,2.6945842883955464,0
HvzKA_f6270_008,0.8770740628242493,0.004601853433996439,16.676685333251953,2.6483188138936415,0
HvzKA_f6270_009,0.8964716792106628,0.0022670396137982607,17.11727523803711,2.7672892400982603,0
HvzKA_f6270_010,0.7217091917991638,0.0012608729302883148,32.932350158691406,2.9631926075627293,0
HvzKA_f6270_011,0.03176193684339523,0.0005994429811835289,62.66155242919922,3.120231453581599,0
I25mx9obTao_000,0.8242109417915344,0.0014316174201667309,11.31820011138916,2.1834376296130076,0
I25mx9obTao_001,0.9169958829879761,0.001887417514808476,6.248384952545166,1.1858702553864968,0
I25mx9obTao_002,0.9074091911315918,0.0021378917153924704,3.4912991523742676,1.2859344474106713,0
I25mx9obTao_003,0.8889533877372742,0.0027814540080726147,5.027744293212891,1.1079049435032384,0
I25mx9obTao_004,0.9001418948173523,0.0010092532029375434,7.528940677642822,1.5927183583454256,0
I4PruxwTvMI_000,0.8280158042907715,0.0024344574194401503,12.82183837890625,2.372485133610737,0
I4PruxwTvMI_001,0.9115619659423828,0.008542020805180073,11.817453384399414,1.5862574218454035,0
I4PruxwTvMI_002,0.8939787745475769,0.002936829114332795,12.273529052734375,1.6892097349277113,0
I4PruxwTvMI_003,0.9243923425674438,0.0025173642206937075,12.167448997497559,2.2762746385779034,0
I4PruxwTvMI_004,0.9025301337242126,0.0010733354138210416,7.924163341522217,1.234234680057565,0
I4PruxwTvMI_005,0.9262459874153137,0.01085587590932846,13.494660377502441,2.270801955096879,0
I4PruxwTvMI_006,0.921535313129425,0.004699962679296732,6.183866500854492,1.295515790508477,0
I4PruxwTvMI_007,0.8609225153923035,0.004666529130190611,17.864551544189453,1.0769687862923583,0
I4PruxwTvMI_008,0.03066345304250717,0.0006386151071637869,63.830039978027344,3.1271633710884785,0
IDxcTUrnsv4_000,0.032242026180028915,0.0016579206567257643,47.923583984375,3.3736360868353943,0
IDxcTUrnsv4_001,0.03223317489027977,0.0015458203852176666,62.335289001464844,2.7889051906178004,0
IDxcTUrnsv4_002,0.7927172780036926,0.015841569751501083,24.5739803314209,2.568306708539206,0
IDxcTUrnsv4_003,0.8156880736351013,0.0015245780814439058,23.41008758544922,2.550694310028546,0
IDxcTUrnsv4_004,0.8847030997276306,0.00039952166844159365,16.67770004272461,2.601342072774024,0
IDxcTUrnsv4_005,0.9196392297744751,0.001151302014477551,17.872520446777344,2.7718521770346727,0
IDxcTUrnsv4_006,0.9238898158073425,0.0016175167402252555,15.50802993774414,2.626567861332174,0
IDxcTUrnsv4_007,0.8965436816215515,0.001160040614195168,17.57056427001953,2.555408638950621,0
IDxcTUrnsv4_008,0.8692248463630676,0.001605732599273324,18.22620391845703,2.1051606072553013,0
IDxcTUrnsv4_009,0.9129909873008728,0.0014381763758137822,14.863265991210938,2.5839742111239064,0
IDxcTUrnsv4_010,0.8842189311981201,0.0008155847317539155,16.224838256835938,2.0046930582084803,0
IDxcTUrnsv4_011,0.9024248123168945,0.0013094727182760835,18.28765296936035,2.519215769341392,0
IDxcTUrnsv4_012,0.8461725115776062,0.0013669768813997507,18.76972007751465,2.6574684388268213,0
IDxcTUrnsv4_013,0.9175910353660583,0.0016609873855486512,14.838422775268555,2.640392446679986,0
IDxcTUrnsv4_014,0.8424227237701416,0.0008795157191343606,21.562744140625,2.4158991769291145,0
IDxcTUrnsv4_015,0.9096949100494385,0.004336271435022354,18.023954391479492,2.717620319580863,0
IDxcTUrnsv4_016,0.8887828588485718,0.002084137871861458,13.276945114135742,2.582284505768005,0
IDxcTUrnsv4_017,0.9161547422409058,0.0014205572661012411,14.72376537322998,2.3798370732820904,0
IDxcTUrnsv4_018,0.8748956322669983,0.0022255415096879005,20.092254638671875,2.5947697876206353,0
IDxcTUrnsv4_019,0.026889760047197342,0.0006375669618137181,70.90330505371094,3.133483962012136,0
IDxcTUrnsv4_020,0.030592570081353188,0.0005462561966851354,60.299808502197266,3.1522271127853947,0
IKvAudm2wXs_000,0.9062362909317017,0.014853820204734802,11.344005584716797,2.0870973837374835,0
IKvAudm2wXs_001,0.866315484046936,0.009099493734538555,6.506091117858887,1.0888458839726842,0
IKvAudm2wXs_002,0.9153881669044495,0.0008784148376435041,6.2722601890563965,1.2449867431577506,0
INvijfl8Wyk_000,0.03985047712922096,0.018826575949788094,48.59404373168945,3.0527734280919896,0
INvijfl8Wyk_001,0.772005021572113,0.0314001627266407,16.200319290161133,2.4926550207776974,0
INvijfl8Wyk_002,0.7928190231323242,0.010038361884653568,22.751300811767578,2.54290647859174,0
INvijfl8Wyk_003,0.8684520125389099,0.007391438819468021,14.708870887756348,2.3588474829371107,0
INvijfl8Wyk_004,0.8424573540687561,0.011730009689927101,24.854623794555664,2.26126030540604,0
INvijfl8Wyk_005,0.8033289313316345,0.009168257936835289,18.200870513916016,2.5783636728332224,0
INvijfl8Wyk_006,0.8817943930625916,0.009661301970481873,16.012022018432617,2.691513216248334,0
INvijfl8Wyk_007,0.8780224323272705,0.029812168329954147,19.1330623626709,2.7383138075868834,0
INvijfl8Wyk_008,0.7983281016349792,0.03748994693160057,21.12564468383789,2.576358868011509,0
INvijfl8Wyk_009,0.9098663330078125,0.013499114662408829,17.033967971801758,2.812212184376819,0
INvijfl8Wyk_010,0.8512495160102844,0.007234201766550541,13.592658996582031,2.155558620110269,0
INvijfl8Wyk_011,0.8898196816444397,0.009642181918025017,19.274063110351562,2.805099597772916,0
INvijfl8Wyk_012,0.8917095065116882,0.008322009816765785,19.986108779907227,2.8125052316266883,0
INvijfl8Wyk_013,0.9297274351119995,0.004120464436709881,17.18290901184082,2.724264963986779,0
INvijfl8Wyk_014,0.027662623673677444,0.0006601815694011748,71.22985076904297,3.0842975122784773,0
INvijfl8Wyk_015,0.03162763640284538,0.0005666004726663232,63.12710952758789,3.1368495843570607,0
I_jBx-DrsvA_000,0.8902840614318848,0.019997015595436096,10.037667274475098,1.7201206216905516,0
I_jBx-DrsvA_001,0.921983540058136,0.005536668933928013,13.19031047821045,1.8174958427544115,0
I_jBx-DrsvA_002,0.8754721879959106,0.008871405385434628,5.350978374481201,1.2023857601412733,0
I_jBx-DrsvA_003,0.9151400923728943,0.0010105097899213433,6.317113399505615,1.4741511897826747,0
IcBQQKO3XYs_000,0.02532815746963024,0.0009716136264614761,71.41107177734375,3.173237062010069,0
IcBQQKO3XYs_001,0.019965726882219315,0.0007830507238395512,44.621219635009766,3.4132009553145224,0
IcBQQKO3XYs_002,0.021767957136034966,0.0005473037017509341,75.43793487548828,3.419317718579692,0
IcBQQKO3XYs_003,0.024835018441081047,0.0008876438369043171,71.46092987060547,3.38028464383383,0
IcBQQKO3XYs_004,0.02259822003543377,0.0008978709229268134,74.2095718383789,3.2506555369358567,0
IcBQQKO3XYs_005,0.5452313423156738,0.0028333470690995455,15.772995948791504,2.466073297176399,0
IcBQQKO3XYs_006,0.4681112468242645,0.0007367836660705507,9.837821006774902,2.6099089331873366,0
IcBQQKO3XYs_007,0.7412946820259094,0.0021489891223609447,12.056205749511719,2.2484099516273277,0
IcBQQKO3XYs_008,0.6233998537063599,0.0010103668319061399,15.32640266418457,2.8732416952205866,0
IcBQQKO3XYs_009,0.718958854675293,0.003132784739136696,12.33913803100586,2.552891995737887,0
IcBQQKO3XYs_010,0.6950330138206482,0.0014356299070641398,17.746957778930664,2.621743878405747,0
IcBQQKO3XYs_011,0.39895540475845337,0.0009568658424541354,9.13345718383789,2.570628513945799,0
IcBQQKO3XYs_012,0.6426190733909607,0.0005796868354082108,14.10222053527832,2.8189655201297232,0
IcBQQKO3XYs_013,0.6335461139678955,0.0006693150498904288,17.00298309326172,2.823393524833802,0
IcBQQKO3XYs_014,0.6974878311157227,0.0007751841912977397,7.610419750213623,2.5936906362885717,0
IcBQQKO3XYs_015,0.02192976512014866,0.0006844784948043525,73.12294006347656,3.3202021645629123,0
IcBQQKO3XYs_016,0.021182764321565628,0.0008789413841441274,72.78211975097656,2.9670482242344782,0
IcBQQKO3XYs_017,0.030358213931322098,0.000580471649300307,64.55011749267578,3.0938115297649045,0
IhZRs2KfY38_000,0.8194864392280579,0.025341102853417397,16.80455207824707,2.445775107036527,0
IhZRs2KfY38_001,0.789054811000824,0.0016714677913114429,18.353914260864258,2.3637427246302756,0
IhZRs2KfY38_002,0.8186787366867065,0.001617614645510912,7.855389595031738,2.4675269103552306,0
IjWra_3iNgc_000,0.030940568074584007,0.0008679127204231918,9.398652076721191,2.03422185199553,0
IjWra_3iNgc_001,0.7304441928863525,0.008938554674386978,33.88248062133789,2.6222173456305646,0
IjWra_3iNgc_002,0.9182015061378479,0.0009339128737337887,6.447820663452148,1.6407506542964194,0
IrQWplUZbAo_000,0.671822190284729,0.0021886909380555153,19.796550750732422,2.4322751312554116,0
IrQWplUZbAo_001,0.8484740853309631,0.026300212368369102,21.116987228393555,2.347520006419042,0
IrQWplUZbAo_002,0.03209127113223076,0.001885397476144135,38.300025939941406,3.370996597539902,0
IzqSRRMta9w_000,0.023206213489174843,0.0010771797969937325,68.61113739013672,3.048479374648997,0
IzqSRRMta9w_001,0.0198706965893507,0.0005138974520377815,71.05665588378906,3.1555247994847373,0
IzqSRRMta9w_002,0.029233716428279877,0.0015901263104751706,73.04943084716797,3.0128873588995035,0
IzqSRRMta9w_003,0.05200875550508499,0.010409198701381683,72.78960418701172,2.5733222582858053,0
IzqSRRMta9w_004,0.02862638421356678,0.0010073184967041016,74.25701904296875,3.134221610320917,0
IzqSRRMta9w_005,0.04916570708155632,0.0015812576748430729,73.75543212890625,3.1965287103174718,0
IzqSRRMta9w_006,0.024561621248722076,0.0015980075113475323,73.38816833496094,2.936791466611516,0
IzqSRRMta9w_007,0.03202467039227486,0.0007916315225884318,73.69068908691406,3.26612776129641,0
IzqSRRMta9w_008,0.0242537222802639,0.0031471040565520525,70.42498779296875,3.062148027526384,0
IzqSRRMta9w_009,0.032090477645397186,0.0005995444371365011,65.0906982421875,3.1809325507682593,0
JIGLmiix5EU_000,0.8606396913528442,0.005391768645495176,14.702563285827637,2.3306887459522834,0
JIGLmiix5EU_001,0.9050939679145813,0.01264240127056837,3.593376398086548,1.5715838535107705,0
JIGLmiix5EU_002,0.8169655799865723,0.0072378842160105705,13.48549747467041,1.9540400472501367,0
JIGLmiix5EU_003,0.8146602511405945,0.008249347098171711,11.980228424072266,1.4739743444056859,0
JIGLmiix5EU_004,0.588887631893158,0.008309584110975266,22.46356773376465,2.0224907034215627,0
JIGLmiix5EU_005,0.7787736058235168,0.003069089725613594,21.46451187133789,2.4068372201377928,0
JIGLmiix5EU_006,0.8563347458839417,0.008124232292175293,5.987403392791748,1.2476426226176636,0
JIGLmiix5EU_007,0.9180046319961548,0.001060651964507997,6.676384449005127,2.1666652815957765,0
JOwokgIDeyw_000,0.8661829829216003,0.1694435030221939,1.6291205883026123,1.1002639396752787,0
JOwokgIDeyw_001,0.05240936204791069,0.000984499347396195,7.261135578155518,1.4191314731835853,0
JOwokgIDeyw_002,0.11364838480949402,0.06681345403194427,13.885623931884766,1.4365833253350713,0
JOwokgIDeyw_003,0.8457605242729187,0.005693905521184206,6.4943647384643555,1.1394489073501006,0
JOwokgIDeyw_004,0.9189537763595581,0.0010531051084399223,6.756716728210449,1.5867884784547217,0
JV2q-Wiq6k4_000,0.7929226160049438,0.012627375312149525,10.451286315917969,1.2943492144598747,0
JV2q-Wiq6k4_001,0.7587348222732544,0.006504442077130079,10.130793571472168,1.451567994689748,0
JV2q-Wiq6k4_002,0.8614943027496338,0.006025240756571293,6.206286430358887,1.4081887877784078,0
JV2q-Wiq6k4_003,0.9159516096115112,0.0011359796626493335,6.175528049468994,1.8891429470981853,0
JZUiihE418Q_000,0.8333402276039124,0.001899846363812685,19.868223190307617,2.354702702583196,0
JZUiihE418Q_001,0.9005686640739441,0.00355583056807518,11.491211891174316,2.197188171971203,0
JZUiihE418Q_002,0.8598333597183228,0.0018079738365486264,8.23982048034668,1.3856573868843012,0
JZUiihE418Q_003,0.23299533128738403,0.18164610862731934,26.426170349121094,2.221877711127521,0
JZUiihE418Q_004,0.2156054973602295,0.1502641886472702,18.299453735351562,1.1308908882432052,0
JZUiihE418Q_005,0.12024391442537308,0.1567164957523346,25.173837661743164,2.2690576487485976,0
JZUiihE418Q_006,0.07228793203830719,0.0571247823536396,10.821945190429688,1.1873927306679521,0
JZUiihE418Q_007,0.26610687375068665,0.2969239056110382,17.905153274536133,2.110015227464176,0
JZUiihE418Q_008,0.34077712893486023,0.49993348121643066,21.3935489654541,2.7092110429622838,0
JZUiihE418Q_009,0.8332420587539673,0.007238295860588551,6.367319107055664,1.7656977569927617,0
JZUiihE418Q_010,0.9152215719223022,0.0011375377653166652,6.967812538146973,1.4367082862928557,0
J_wNNblannQ_000,0.7870414853096008,0.01604190096259117,12.097066879272461,1.8741870986693245,0
J_wNNblannQ_001,0.909512460231781,0.0027918475680053234,10.037457466125488,2.19746783069683,0
J_wNNblannQ_002,0.8578760623931885,0.0019792260136455297,13.740954399108887,2.203238229934863,0
J_wNNblannQ_003,0.914029061794281,0.001121671055443585,7.6583027839660645,2.726970582144742,0
Jdz6NtNhg_s_000,0.8644399046897888,0.004145151004195213,14.743363380432129,1.8172543064589852,0
Jdz6NtNhg_s_001,0.8593359589576721,0.003470120020210743,12.966737747192383,1.665873693453927,0
Jdz6NtNhg_s_002,0.9053252339363098,0.0015778293600305915,11.350994110107422,2.23415185444462,0
Jdz6NtNhg_s_003,0.8760519027709961,0.0028084847144782543,9.382152557373047,1.420168520963034,0
Jdz6NtNhg_s_004,0.9193847179412842,0.0020982087589800358,9.472000122070312,1.26000618349644,0
Jdz6NtNhg_s_005,0.9179335236549377,0.0022377402056008577,8.310762405395508,1.4087260483259023,0
Jdz6NtNhg_s_006,0.8981801271438599,0.004895030986517668,8.894164085388184,1.4428346242341261,0
Jdz6NtNhg_s_007,0.8850807547569275,0.00464661605656147,11.213144302368164,1.6648320449461438,0
Jdz6NtNhg_s_008,0.8588215112686157,0.006007427349686623,11.241257667541504,1.9981111244171965,0
Jdz6NtNhg_s_009,0.8923032283782959,0.00047005980741232634,12.318360328674316,2.620182055417478,0
Jr-hyQLu1_A_000,0.8657819628715515,0.007073895540088415,9.755940437316895,1.842984983509263,0
Jr-hyQLu1_A_001,0.9005986452102661,0.0018566339276731014,6.183445453643799,1.10819178231999,0
Jr-hyQLu1_A_002,0.7848857641220093,0.0075908503495156765,18.20995330810547,2.247353141255327,0
Jr-hyQLu1_A_003,0.9148632287979126,0.001005385653115809,6.134166717529297,1.1310058359988953,0
K-X5GQcBnTw_000,0.025509897619485855,0.0011971091153100133,70.52308654785156,3.1056069671529665,0
K-X5GQcBnTw_001,0.03013005666434765,0.001145962974987924,66.30086517333984,2.980582086534514,0
K-X5GQcBnTw_002,0.01628790982067585,0.0008285384392365813,59.832763671875,3.386291596388775,0
K-X5GQcBnTw_003,0.02701137587428093,0.00042456111987121403,60.83738327026367,3.04848234427925,0
KCYPmc59G24_000,0.8333697319030762,0.006470852065831423,6.149393081665039,1.9652458402667665,0
KCYPmc59G24_001,0.9025839567184448,0.002909682923927903,5.013654708862305,1.107788080331473,0
KCYPmc59G24_002,0.9008827805519104,0.0013852172996848822,7.926158428192139,2.448607306259676,0
KENXYyppSeI_000,0.031468715518713,0.0008609662763774395,61.241031646728516,3.3360434402197447,0
KENXYyppSeI_001,0.9099633097648621,0.005511926487088203,16.7144832611084,2.563643936018124,0
KENXYyppSeI_002,0.830977737903595,0.003960046451538801,12.802517890930176,1.0463194835292804,0
KENXYyppSeI_003,0.8966922760009766,0.021398404613137245,13.679219245910645,1.6972266570602597,0
KENXYyppSeI_004,0.7793929576873779,0.017789201810956,30.56136703491211,2.133609615266426,0
KENXYyppSeI_005,0.0334872268140316,0.0006187717663124204,61.190635681152344,2.9879350404682987,0
KYZMOHEXvdk_000,0.8742865324020386,0.002252260921522975,12.280228614807129,2.348888378264873,0
KYZMOHEXvdk_001,0.8130757808685303,0.0015124449273571372,10.972414016723633,2.537535931925665,0
KYZMOHEXvdk_002,0.8936982154846191,0.0014526338782161474,7.701549053192139,2.2671248801060115,0
KYZMOHEXvdk_003,0.8923177719116211,0.0014083519345149398,9.63620376586914,2.328640715022531,0
KYZMOHEXvdk_004,0.8350688219070435,0.013348540291190147,15.336868286132812,2.341124855834114,0
KYZMOHEXvdk_005,0.9182343482971191,0.001029202714562416,5.899834632873535,1.4352902983747589,0
KZMmfNaj9RY_000,0.9224227070808411,0.002722258912399411,3.6666319370269775,1.144422644877424,0
KZMmfNaj9RY_001,0.8937690258026123,0.0009311535977758467,8.466204643249512,1.7439418805911089,0
KZMmfNaj9RY_002,0.9262358546257019,0.003612149739637971,5.288549423217773,1.2407546138179175,0
KZMmfNaj9RY_003,0.8998580574989319,0.026702577248215675,3.5529136657714844,1.4439741885460542,0
KZMmfNaj9RY_004,0.9118351340293884,0.009117991663515568,9.112569808959961,1.6215524222745077,0
KZMmfNaj9RY_005,0.8683751225471497,0.007392051629722118,5.761454105377197,1.123015200032631,0
KZMmfNaj9RY_006,0.895063042640686,0.00590955326333642,5.1042375564575195,1.5974871433164444,0
KZMmfNaj9RY_007,0.5376916527748108,0.0053741205483675,57.44626235961914,3.0069783658374516,0
KZMmfNaj9RY_008,0.030408836901187897,0.0006193443550728261,64.31340026855469,3.0505844534709237,0
KmXNJMVQ5Og_000,0.8754843473434448,0.003476056270301342,11.352278709411621,1.675372564514007,0
KmXNJMVQ5Og_001,0.9079442024230957,0.0012316122883930802,11.909614562988281,2.200691934786876,0
KmXNJMVQ5Og_002,0.90901780128479,0.0011273280251771212,5.966691493988037,1.2347605837195768,0
KwklVl7E6Ec_000,0.07497991621494293,0.00260022166185081,47.04190444946289,2.811656587585943,0
KwklVl7E6Ec_001,0.851550281047821,0.1404750645160675,-2.960413694381714,1.093134813140665,1
KwklVl7E6Ec_002,0.8521961569786072,0.12326840311288834,-2.8287248611450195,1.0831544237789803,0
KwklVl7E6Ec_003,0.8416128754615784,0.02212011069059372,24.3158016204834,1.0855480603390828,0
KwklVl7E6Ec_004,0.2510523498058319,0.001853080466389656,53.30162811279297,3.0834434367114767,0
KwklVl7E6Ec_005,0.7517357468605042,0.008720637299120426,22.343050003051758,2.3587311319413753,0
KwklVl7E6Ec_006,0.9180619120597839,0.0009891381487250328,5.81123685836792,1.5740595224999605,0
Kx_gGVMiiKk_000,0.8907812237739563,0.001976795494556427,7.036129951477051,2.2412537984457184,0
Kx_gGVMiiKk_001,0.8695896863937378,0.0008165101171471179,16.106346130371094,1.8512139212549916,0
Kx_gGVMiiKk_002,0.8503835797309875,0.0027710378635674715,17.349411010742188,2.4532110497286057,0
Kx_gGVMiiKk_003,0.9259708523750305,0.00240508746355772,14.251609802246094,2.5044932783628653,0
Kx_gGVMiiKk_004,0.8833905458450317,0.008128056302666664,13.954408645629883,2.3943818157440404,0
Kx_gGVMiiKk_005,0.8526116609573364,0.004449775908142328,25.802898406982422,2.4554546278978573,0
Kx_gGVMiiKk_006,0.029822176322340965,0.0005630431114695966,63.53126525878906,3.0780223557972324,0
KxhJLL93qwM_000,0.8259591460227966,0.003041430376470089,18.878032684326172,2.4874875298044197,0
KxhJLL93qwM_001,0.7995750308036804,0.0036200082395225763,13.043190956115723,2.3542411275298756,0
KxhJLL93qwM_002,0.8687146902084351,0.005827449727803469,12.645450592041016,2.3171322529995164,0
KxhJLL93qwM_003,0.7853934168815613,0.06265116482973099,-1.0030370950698853,1.091506104889922,0
KxhJLL93qwM_004,0.8772271275520325,0.08516471087932587,-3.597759246826172,1.0859646637633311,0
KxhJLL93qwM_005,0.9189035296440125,0.052888981997966766,1.4354677200317383,1.088761241775388,0
KxhJLL93qwM_006,0.8779460787773132,0.031094985082745552,-4.36243200302124,1.0889073007959942,0
KxhJLL93qwM_007,0.8691653609275818,0.06885332614183426,2.7939915657043457,1.508556815875628,0
KxhJLL93qwM_008,0.8719592094421387,0.11806371062994003,-3.8740415573120117,1.0921874882733946,0
KxhJLL93qwM_009,0.8841994404792786,0.10090280324220657,-5.328704833984375,1.3699269291536011,0
KxhJLL93qwM_010,0.831914484500885,0.14404328167438507,-5.18991756439209,1.0836208157318377,0
KxhJLL93qwM_011,0.9173895120620728,0.0011829253053292632,8.133880615234375,1.4106243333315647,0
KxhJLL93qwM_012,0.848842442035675,0.008465796709060669,15.20029067993164,2.5952186307053244,0
KxhJLL93qwM_013,0.9195014238357544,0.000998163246549666,5.961330413818359,1.1318007830623793,0
L0lBCEIo_mM_000,0.8994044065475464,0.0017456066561862826,16.838401794433594,2.3471565921509496,0
L0lBCEIo_mM_001,0.8703547716140747,0.007217867765575647,11.928430557250977,2.068874354725362,0
L0lBCEIo_mM_002,0.8594260811805725,0.01754762791097164,10.295397758483887,2.3202664781206006,0
L0lBCEIo_mM_003,0.914985179901123,0.0011056424118578434,12.905364990234375,2.362196400643611,0
L5BsAkSMLkI_000,0.8373587727546692,0.0047378442250192165,12.77575397491455,2.1323420530394217,0
L5BsAkSMLkI_001,0.8922470808029175,0.0009558799210935831,15.903005599975586,2.594466025483263,0
L5BsAkSMLkI_002,0.05329691991209984,0.0007999772788025439,31.359344482421875,1.205433338976811,0
L5BsAkSMLkI_003,0.8768343925476074,0.007205464877188206,6.047229290008545,1.1812230941574047,0
L5BsAkSMLkI_004,0.9189306497573853,0.000919421436265111,6.209506034851074,1.5010501794944988,0
LDZOYnu-vyw_000,0.9029087424278259,0.002965891268104315,13.643095970153809,1.9592787042228306,0
LDZOYnu-vyw_001,0.8662940859794617,0.006148057524114847,9.003995895385742,1.7498496048788685,0
LDZOYnu-vyw_002,0.9358083009719849,0.01955965720117092,7.447180271148682,1.4576764795532218,0
LDZOYnu-vyw_003,0.5915015935897827,0.07488268613815308,11.929215431213379,1.4658870553756138,0
LDZOYnu-vyw_004,0.6899616718292236,0.12339352816343307,20.55530548095703,1.333467267580458,0
LDZOYnu-vyw_005,0.8010909557342529,0.00493128877133131,11.64267635345459,2.0202103633247543,0
LDZOYnu-vyw_006,0.8733509182929993,0.004616394639015198,5.531613349914551,1.1610676480410644,0
LDZOYnu-vyw_007,0.9203598499298096,0.000868873845320195,6.540227890014648,1.6170657756623468,0
LFUl2V-6ZLA_000,0.9010770916938782,0.007359448354691267,13.93338680267334,1.71656616841085,0
LFUl2V-6ZLA_001,0.8948168158531189,0.0029619596898555756,11.439228057861328,1.8607020645345975,0
LFUl2V-6ZLA_002,0.03054598532617092,0.002481232164427638,72.3692626953125,3.2177624805477074,0
LFUl2V-6ZLA_003,0.7924765944480896,0.0032779190223664045,20.440166473388672,2.437647256186802,0
LFUl2V-6ZLA_004,0.8959423899650574,0.0026640971191227436,3.7829298973083496,2.134099405097582,0
LSd2tyfd6KI_000,0.7496378421783447,0.003726623486727476,12.75488567352295,2.526196434071355,0
LSd2tyfd6KI_001,0.901407778263092,0.0020020923111587763,9.81927490234375,1.19106456010262,0
LSd2tyfd6KI_002,0.9274020195007324,0.001585159683600068,10.171024322509766,1.3311022178737375,0
LSd2tyfd6KI_003,0.9161154627799988,0.0011914229253306985,10.796353340148926,1.1445353659971171,0
LSd2tyfd6KI_004,0.8079200983047485,0.0015128281665965915,10.03658390045166,1.1066738532815332,0
LSd2tyfd6KI_005,0.9321231842041016,0.0006246512639336288,8.580184936523438,1.1996212290686306,0
LSd2tyfd6KI_006,0.8986262679100037,0.0006950860260985792,8.590975761413574,1.180136227610001,0
LSd2tyfd6KI_007,0.8868623375892639,0.0016289938939735293,11.45004940032959,1.9516792322352856,0
LSd2tyfd6KI_008,0.8984986543655396,0.00318882055580616,11.906381607055664,1.619318753404814,0
LSd2tyfd6KI_009,0.9214681386947632,0.0010384311899542809,6.547985553741455,1.400952295143975,0
LVOqQ1EJm5k_000,0.0204781461507082,0.0008004862465895712,47.22368240356445,3.4054507658078914,0
LVOqQ1EJm5k_001,0.023754343390464783,0.0004989799344912171,51.32493209838867,3.3547790207048704,0
LVOqQ1EJm5k_002,0.016958173364400864,0.0006501197349280119,53.16421890258789,3.4465849468263894,0
LVOqQ1EJm5k_003,0.015300030820071697,0.0007613697089254856,43.14950180053711,3.3304438028119305,0
LVOqQ1EJm5k_004,0.020044956356287003,0.0008754906593821943,59.55620193481445,3.3757969980116966,0
LVOqQ1EJm5k_005,0.013678189367055893,0.0005924645229242742,46.52033615112305,3.378977833302862,0
LVOqQ1EJm5k_006,0.01767042651772499,0.0008462459081783891,46.32123947143555,3.3388127979146445,0
LVOqQ1EJm5k_007,0.017069438472390175,0.0009606484672985971,43.99638366699219,3.3685043602128317,0
LVOqQ1EJm5k_008,0.01695721223950386,0.001579633797518909,45.087642669677734,3.394998551374166,0
LVOqQ1EJm5k_009,0.017842644825577736,0.0015584847424179316,48.94870376586914,3.444145381978608,0
LVOqQ1EJm5k_010,0.021846631541848183,0.0005419496446847916,45.65354537963867,3.4496700142019714,0
LVOqQ1EJm5k_011,0.022545387968420982,0.0037296677473932505,70.47225952148438,3.105074137677738,0
LVOqQ1EJm5k_012,0.03324930742383003,0.0006109862006269395,64.33741760253906,3.1263580562301834,0
Lbms7nr19f0_000,0.861903965473175,0.0023060650564730167,15.211675643920898,2.309481968868364,0
Lbms7nr19f0_001,0.8922054171562195,0.007933984510600567,10.35439395904541,2.162523270906962,0
Lbms7nr19f0_002,0.9257420897483826,0.003327504964545369,6.907763481140137,1.8511056932430783,0
Lbms7nr19f0_003,0.9061931371688843,0.00539799127727747,14.884876251220703,2.253904803541241,0
Lbms7nr19f0_004,0.8991919755935669,0.011768844909965992,11.691505432128906,2.062655872595486,0
Lbms7nr19f0_005,0.872668981552124,0.02848944067955017,14.134986877441406,2.4148290743049623,0
Lbms7nr19f0_006,0.7866357564926147,0.01705215685069561,6.265385627746582,2.1510656765917093,0
Lbms7nr19f0_007,0.9168291687965393,0.0011092969216406345,6.150312900543213,1.0675469591626037,0
LpzKTGMmCyA_000,0.8747232556343079,0.026175787672400475,22.670316696166992,2.551932181219582,0
LpzKTGMmCyA_001,0.8297868967056274,0.002884624060243368,18.946687698364258,2.535821215311481,0
LpzKTGMmCyA_002,0.8810104727745056,0.002537438180297613,13.481708526611328,2.4651060896246904,0
LpzKTGMmCyA_003,0.8673975467681885,0.00395249854773283,15.051675796508789,1.536710797074661,0
LpzKTGMmCyA_004,0.9211214780807495,0.005433968733996153,12.593542098999023,2.228158809669791,0
LpzKTGMmCyA_005,0.8990260362625122,0.0031602613162249327,11.968684196472168,2.385572344096063,0
LpzKTGMmCyA_006,0.9197002649307251,0.0023707218933850527,10.87368392944336,2.203757755509994,0
LpzKTGMmCyA_007,0.9092628359794617,0.018952516838908195,17.080455780029297,2.527814448292061,0
LpzKTGMmCyA_008,0.8799518346786499,0.014558902941644192,11.03295612335205,1.3590226118253395,0
LpzKTGMmCyA_009,0.8743810653686523,0.002792656421661377,2.1044890880584717,1.835176399107479,0
Lv9TPbpnAYo_000,0.7363013625144958,0.0028794046957045794,7.497623920440674,1.8722544961570524,0
Lv9TPbpnAYo_001,0.6682024002075195,0.007999164052307606,7.124939918518066,1.8631133374876843,0
Lv9TPbpnAYo_002,0.7514187097549438,0.012385510839521885,9.75286865234375,2.2976619816696218,0
Lv9TPbpnAYo_003,0.7862756252288818,0.0016214302740991116,18.472881317138672,2.47445023808547,0
Lv9TPbpnAYo_004,0.8515533804893494,0.0015379025135189295,9.354851722717285,2.4527495017768377,0
MBHkFxvbVy0_000,0.022961953654885292,0.0008832309977151453,67.54916381835938,3.3222659919288726,0
MBHkFxvbVy0_001,0.033401500433683395,0.001747828209772706,30.881818771362305,3.191138424193041,0
MBHkFxvbVy0_002,0.03949056938290596,0.0011624912731349468,62.85472106933594,3.2352122200922917,0
MBHkFxvbVy0_003,0.8873253464698792,0.004996259696781635,11.024853706359863,1.6005565784795386,0
MBHkFxvbVy0_004,0.7481890916824341,0.007597916293889284,8.338576316833496,2.289567930364548,0
MBHkFxvbVy0_005,0.8312681913375854,0.006011725403368473,8.845149040222168,2.3326699399697417,0
MBHkFxvbVy0_006,0.024119483307003975,0.0007507663103751838,71.34318542480469,2.960931860462197,0
MBHkFxvbVy0_007,0.03209033980965614,0.0006003412418067455,66.05693817138672,3.124524085445869,0
MDNBEqwzQTA_000,0.12798139452934265,0.08898270130157471,13.920683860778809,1.256145096423793,0
MDNBEqwzQTA_001,0.18722841143608093,0.1889089196920395,24.642301559448242,1.967340697023443,0
MDNBEqwzQTA_002,0.1648976057767868,0.1672516167163849,21.564111709594727,2.6742311276471487,0
MDNBEqwzQTA_003,0.24550406634807587,0.20237821340560913,12.98603343963623,1.508682964922043,0
MDNBEqwzQTA_004,0.1540146768093109,0.23270581662654877,25.352436065673828,1.1485073005160833,0
MDNBEqwzQTA_005,0.1375456601381302,0.31597113609313965,39.462013244628906,2.562331740729125,0
MDNBEqwzQTA_006,0.17803071439266205,0.6321457028388977,15.240344047546387,2.608539727898311,0
MDNBEqwzQTA_007,0.3876522183418274,0.2890447974205017,15.521378517150879,2.5565909458296874,0
MDNBEqwzQTA_008,0.24939356744289398,0.10134217143058777,13.482852935791016,1.779789610114054,0
MDNBEqwzQTA_009,0.2770695686340332,0.7012563943862915,13.635004043579102,1.4470880350353106,0
MDNBEqwzQTA_010,0.8007280230522156,0.005941812414675951,2.659306526184082,1.3470321597131973,0
MDNBEqwzQTA_011,0.8558834791183472,0.013582009822130203,2.327284097671509,1.13900350636847,0
MDNBEqwzQTA_012,0.8360318541526794,0.011625348590314388,0.14987388253211975,1.5000917397302942,0
MDNBEqwzQTA_013,0.8661229014396667,0.008963876403868198,6.412446975708008,1.160061637054745,0
MDNBEqwzQTA_014,0.9139609932899475,0.000998833915218711,6.656620502471924,1.4499749824514312,0
MKF8KnsyaJs_000,0.8729942440986633,0.12389937043190002,-2.815384864807129,1.080182645928495,0
MKF8KnsyaJs_001,0.9345807433128357,0.004833117127418518,17.073348999023438,2.0155631701294334,0
MKF8KnsyaJs_002,0.8775160908699036,0.007780120242387056,18.01689338684082,2.1748181926763075,0
MKF8KnsyaJs_003,0.7409896850585938,0.006034709047526121,21.871803283691406,2.430353188652328,0
MKF8KnsyaJs_004,0.8837573528289795,0.004312850534915924,18.167003631591797,2.5703721110754723,0
MKF8KnsyaJs_005,0.7946986556053162,0.0020485110580921173,7.085159778594971,1.985467097749147,0
MKF8KnsyaJs_006,0.7200939059257507,0.003161676460877061,11.960153579711914,2.2167330503237994,0
MKF8KnsyaJs_007,0.8093656301498413,0.001869084662757814,18.014066696166992,2.4146286574815146,0
MKF8KnsyaJs_008,0.8368104696273804,0.0011310148984193802,9.367189407348633,2.4181117096775524,0
MR_pKvMisRk_000,0.8852819800376892,0.033051498234272,17.618806838989258,2.247397520981443,0
MR_pKvMisRk_001,0.8763167858123779,0.01980656385421753,12.920699119567871,2.1843605609115198,0
MR_pKvMisRk_002,0.8797395825386047,0.008190260268747807,5.419695854187012,1.1350325300743986,0
MR_pKvMisRk_003,0.9220158457756042,0.00105601258110255,6.287459850311279,1.9449767853092546,0
MSV39CPq9kg_000,0.7799909710884094,0.005852534901350737,14.7423677444458,2.1172217309281085,0
MSV39CPq9kg_001,0.6526612043380737,0.005705541931092739,16.192886352539062,2.3697913446533296,0
MSV39CPq9kg_002,0.6516553163528442,0.004132780712097883,22.943397521972656,2.4517382068208984,0
MSV39CPq9kg_003,0.8271397948265076,0.008605994284152985,8.1878662109375,2.2386620468444574,0
MSV39CPq9kg_004,0.9183671474456787,0.0008717808523215353,6.137264251708984,1.1351374844197863,0
MT-FHleifxc_000,0.022353025153279305,0.0011687101796269417,56.589534759521484,3.216364544061623,0
MT-FHleifxc_001,0.032806310802698135,0.0005752534489147365,61.74659729003906,3.0103832409628097,0
MUch03ZpJQ4_000,0.7651187181472778,0.011843736283481121,0.9216905832290649,1.0727576956625797,0
MUch03ZpJQ4_001,0.7549903392791748,0.007109335158020258,5.6035637855529785,1.5653938333598154,0
MUch03ZpJQ4_002,0.7450287342071533,0.008933955803513527,6.043465614318848,1.6935572973793473,0
MUch03ZpJQ4_003,0.7952863574028015,0.006743663921952248,4.285266399383545,2.0353364251256707,0
MUch03ZpJQ4_004,0.7661771178245544,0.006808827631175518,3.5409812927246094,1.2169610654313647,0
MUch03ZpJQ4_005,0.7712360620498657,0.022489048540592194,3.540095329284668,1.9929267759529998,0
MUch03ZpJQ4_006,0.7465689182281494,0.003432305296882987,2.201052665710449,0.9272647862498896,0
MUch03ZpJQ4_007,0.7501940727233887,0.021657463163137436,4.458639144897461,1.0824252012241964,0
MUch03ZpJQ4_008,0.7939913868904114,0.014748860150575638,1.8976119756698608,1.2140456288280883,0
MUch03ZpJQ4_009,0.7673174142837524,0.006803595926612616,2.190311908721924,1.1434414111601139,0
MUch03ZpJQ4_010,0.7719137072563171,0.004005017224699259,1.1833996772766113,1.1026065060120271,0
MUch03ZpJQ4_011,0.7655429840087891,0.009470179677009583,0.9190086722373962,1.0894140042295182,0
MUch03ZpJQ4_012,0.7541754841804504,0.006393034942448139,0.8755233287811279,1.5635974249323332,0
MUch03ZpJQ4_013,0.7668209671974182,0.019428865984082222,0.1774033159017563,1.1014147532353862,0
MUch03ZpJQ4_014,0.7840846180915833,0.0079976050183177,1.1613489389419556,0.9165386502357588,0
MUch03ZpJQ4_015,0.7840977907180786,0.005856878124177456,3.0168848037719727,1.25099238185877,0
MUch03ZpJQ4_016,0.7572334408760071,0.008207651786506176,8.281510353088379,2.3125434160736575,0
MUch03ZpJQ4_017,0.7123531103134155,0.00660709710791707,3.9826531410217285,1.1081133992660237,0
MUch03ZpJQ4_018,0.8231388330459595,0.006989645771682262,3.887057304382324,2.278941838056742,0
MUch03ZpJQ4_019,0.8077571988105774,0.008694016374647617,-0.04278564453125,1.0908035847076332,0
MUch03ZpJQ4_020,0.745129406452179,0.004255000967532396,3.647585868835449,1.0521645600098835,0
MUch03ZpJQ4_021,0.8158515095710754,0.006908923853188753,4.545323848724365,1.136977617025726,0
MUch03ZpJQ4_022,0.7532428503036499,0.012013291008770466,5.511487007141113,1.628200730993068,0
MUch03ZpJQ4_023,0.8114742040634155,0.014280497096478939,2.925633668899536,1.044628668127896,0
MUch03ZpJQ4_024,0.6693248748779297,0.007508523296564817,2.803645133972168,1.4009178166572451,0
MUch03ZpJQ4_025,0.8231856822967529,0.009209378622472286,0.9079368114471436,1.5035360313683248,0
MUch03ZpJQ4_026,0.7146098613739014,0.005786078050732613,4.933115005493164,1.096349864403595,0
MUch03ZpJQ4_027,0.7830986380577087,0.010272164829075336,1.711936593055725,2.1760699194047097,0
MUch03ZpJQ4_028,0.7716479301452637,0.015553619712591171,2.444302558898926,1.1003069667326597,0
MUch03ZpJQ4_029,0.8093726634979248,0.014966334216296673,1.8846235275268555,1.2810400129578399,0
MUch03ZpJQ4_030,0.7741671800613403,0.008334890939295292,3.3310067653656006,1.2504715815963539,0
MUch03ZpJQ4_031,0.7490794062614441,0.010215088725090027,3.920550584793091,1.1112533758883774,0
MUch03ZpJQ4_032,0.8042999505996704,0.011027815751731396,1.3523235321044922,2.1030447888475283,0
MUch03ZpJQ4_033,0.7488558888435364,0.03361332044005394,1.9155787229537964,1.1027003298495948,0
MUch03ZpJQ4_034,0.7533174157142639,0.0031722725834697485,0.4102433919906616,1.1096801294583174,0
MUch03ZpJQ4_035,0.7864807844161987,0.0034951348789036274,3.8514909744262695,1.0251514164999285,0
MUch03ZpJQ4_036,0.7230421304702759,0.012762480415403843,4.632236480712891,1.8972025271357487,0
MUch03ZpJQ4_037,0.8140179514884949,0.011397779919207096,4.285339832305908,1.149958126545695,0
MUch03ZpJQ4_038,0.7413458228111267,0.004665722604840994,4.858950614929199,2.4894945978973535,0
MUch03ZpJQ4_039,0.8478352427482605,0.007018189411610365,3.6940953731536865,1.8959014556873304,0
MUch03ZpJQ4_040,0.7688985466957092,0.010781516321003437,4.234157085418701,1.49030647522553,0
MUch03ZpJQ4_041,0.7553176283836365,0.007179750129580498,8.413178443908691,2.593405610853471,0
MUch03ZpJQ4_042,0.7381184101104736,0.007259436417371035,4.84847354888916,2.1015337274644312,0
MUch03ZpJQ4_043,0.8280935287475586,0.006826647557318211,5.37883996963501,1.6625298228575731,0
MUch03ZpJQ4_044,0.7732025980949402,0.007677679881453514,3.838871955871582,2.150696977826671,0
MUch03ZpJQ4_045,0.7982863783836365,0.010707740671932697,3.910076141357422,1.7266336763015142,0
MUch03ZpJQ4_046,0.7761794924736023,0.014580262824892998,2.8127551078796387,1.1008841976824368,0
MUch03ZpJQ4_047,0.7657076120376587,0.003869745647534728,6.264164924621582,2.3494177802164615,0
MUch03ZpJQ4_048,0.7756176590919495,0.024399690330028534,3.688276529312134,2.2215101772938293,0
MUch03ZpJQ4_049,0.8772249817848206,0.016633523628115654,5.186305999755859,2.165352268795053,0
MUch03ZpJQ4_050,0.8811162114143372,0.014013043604791164,6.980216979980469,2.3027148178561734,0
MUch03ZpJQ4_051,0.7709832191467285,0.006508637219667435,6.662413120269775,2.334061204438871,0
MUch03ZpJQ4_052,0.8560500144958496,0.004775410518050194,3.1009697914123535,1.1031176208128126,0
MUch03ZpJQ4_053,0.7902160286903381,0.011907423846423626,1.442351222038269,0.9383313254884141,0
MUch03ZpJQ4_054,0.8298018574714661,0.0057398066855967045,3.5458271503448486,1.2626514933615798,0
MUch03ZpJQ4_055,0.7291069626808167,0.0040192510932683945,3.5870535373687744,1.1191476932596032,0
MUch03ZpJQ4_056,0.7231815457344055,0.008236806839704514,1.2964959144592285,1.7680197197377021,0
MUch03ZpJQ4_057,0.8509643077850342,0.029754072427749634,2.815605401992798,1.621017499026641,0
MUch03ZpJQ4_058,0.7313528656959534,0.0033116452395915985,5.78087854385376,1.3765463893536458,0
MUch03ZpJQ4_059,0.7668656706809998,0.0059971739538013935,3.2991275787353516,1.4832189193607894,0
MUch03ZpJQ4_060,0.834418773651123,0.005704936105757952,6.024433612823486,0.9551835589704052,0
MUch03ZpJQ4_061,0.7995902299880981,0.0014752727001905441,12.26127815246582,2.7348524757248325,0
MUch03ZpJQ4_062,0.8339934349060059,0.006178860552608967,8.918547630310059,2.412952647964099,0
MUch03ZpJQ4_063,0.8769012093544006,0.004529222846031189,5.882534980773926,2.394251869881466,0
MUch03ZpJQ4_064,0.9071115851402283,0.0038553455378860235,5.0559773445129395,2.228971607720635,0
MUch03ZpJQ4_065,0.8292626738548279,0.03756742551922798,12.567414283752441,2.3703283967216002,0
MUch03ZpJQ4_066,0.24504609405994415,0.325398713350296,27.728939056396484,1.7270608205770155,0
MUch03ZpJQ4_067,0.2830134928226471,0.1752651482820511,51.67523956298828,1.1072665850917403,0
MUch03ZpJQ4_068,0.15839926898479462,0.13283786177635193,24.450132369995117,1.6459017063265522,0
MUch03ZpJQ4_069,0.3553524911403656,0.3132191598415375,16.569721221923828,1.1619560480966398,0
MUch03ZpJQ4_070,0.2438623458147049,0.06758657097816467,29.362747192382812,1.6431151059884357,0
MX0Rr0G3OGA_000,0.7924844026565552,0.0030738411005586386,15.89733600616455,2.411103204664726,0
MX0Rr0G3OGA_001,0.8552139401435852,0.0011069488245993853,18.009708404541016,2.217436019114509,0
MX0Rr0G3OGA_002,0.893450915813446,0.005888837855309248,13.832569122314453,1.102534516380994,0
MX0Rr0G3OGA_003,0.8324549198150635,0.001522790640592575,12.240067481994629,1.1273325699741317,0
MX0Rr0G3OGA_004,0.8848094940185547,0.008808302693068981,9.294185638427734,1.4289585647220588,0
MX0Rr0G3OGA_005,0.8335121273994446,0.0009652425651438534,9.331400871276855,1.8399103853916965,0
MX0Rr0G3OGA_006,0.8834863305091858,0.000824816117528826,10.338289260864258,1.1028731691563294,0
MX0Rr0G3OGA_007,0.8488722443580627,0.008806866593658924,9.558024406433105,2.0691660193954875,0
MX0Rr0G3OGA_008,0.8111521601676941,0.00697535602375865,14.821523666381836,1.2479413179157517,0
MX0Rr0G3OGA_009,0.8754124045372009,0.0010372728575021029,6.269132137298584,1.3094755344861626,0
MX0Rr0G3OGA_010,0.9115228652954102,0.0019521964713931084,11.18506145477295,2.1125341130974826,0
MX0Rr0G3OGA_011,0.8607792258262634,0.005621805787086487,10.01460075378418,2.193766873865293,0
MX0Rr0G3OGA_012,0.9140291810035706,0.0010450273985043168,5.978640556335449,1.0789254385388163,0
MYWedTctdeg_000,0.89838045835495,0.0017070620087906718,15.400411605834961,2.1981154196290027,0
MYWedTctdeg_001,0.8966792821884155,0.0012064127949997783,10.989723205566406,2.180021827944466,0
MYWedTctdeg_002,0.9072645306587219,0.0020921991672366858,9.260893821716309,1.510535607759257,0
MYWedTctdeg_003,0.8227465152740479,0.01517894584685564,9.324512481689453,2.1910348326329956,0
MYWedTctdeg_004,0.9155258536338806,0.0010888209799304605,6.907802104949951,1.399432587404424,0
N6RGCMRicA8_000,0.025509897619485855,0.0011971091153100133,70.52308654785156,3.1056069671529665,0
N6RGCMRicA8_001,0.02373497374355793,0.0011007430730387568,53.17226028442383,2.9394819886344004,0
N6RGCMRicA8_002,0.016359752044081688,0.0006342937704175711,53.382591247558594,3.208310460960194,0
N6RGCMRicA8_003,0.03849788010120392,0.0007084743119776249,46.252227783203125,1.886536838571157,0
N6RGCMRicA8_004,0.02285989187657833,0.0012792404741048813,65.14871215820312,2.9082950474916993,0
N6RGCMRicA8_005,0.024976085871458054,0.002214221516624093,71.27278900146484,3.2839022232474604,0
N6RGCMRicA8_006,0.01900913193821907,0.0009183139191009104,24.737302780151367,2.8584899827029493,0
N6RGCMRicA8_007,0.048421476036310196,0.014990733005106449,66.47445678710938,3.241945924130091,0
N6RGCMRicA8_008,0.0533069483935833,0.0043077776208519936,24.2757625579834,2.60161257202709,0
N6RGCMRicA8_009,0.031207596883177757,0.001211954397149384,63.898353576660156,2.9719923429829915,0
N6RGCMRicA8_010,0.04822399839758873,0.000723591772839427,70.25958251953125,2.6281471691052283,0
N6RGCMRicA8_011,0.0416497141122818,0.0027604929637163877,65.98689270019531,3.1701031487592943,0
N6RGCMRicA8_012,0.030658990144729614,0.0010784340556710958,72.8634262084961,3.102472237104129,0
N6RGCMRicA8_013,0.02781236544251442,0.0007666974561288953,74.01312255859375,3.0984429937470934,0
N6RGCMRicA8_014,0.03129459545016289,0.0018119127489626408,73.76661682128906,2.5600934248201517,0
N6RGCMRicA8_015,0.027641648426651955,0.0008082576678134501,67.81761932373047,2.9398517601481786,0
N6RGCMRicA8_016,0.021682241931557655,0.002307155868038535,70.12751770019531,2.892217059782704,0
N6RGCMRicA8_017,0.027310822159051895,0.0004512301820795983,62.666542053222656,2.6518498338405823,0
N6RGCMRicA8_018,0.04775159806013107,0.002810345496982336,55.209102630615234,3.114132425554263,0
N6RGCMRicA8_019,0.018367694690823555,0.001101007335819304,34.642398834228516,2.6152970056319225,0
N6RGCMRicA8_020,0.02279491163790226,0.0015302823157981038,57.448089599609375,2.853442247541983,0
N6RGCMRicA8_021,0.016339469701051712,0.0019260616973042488,62.130645751953125,3.1613486173839394,0
N6RGCMRicA8_022,0.030762821435928345,0.002434080932289362,64.34576416015625,3.0496531751911875,0
N6RGCMRicA8_023,0.01790153607726097,0.0037728119641542435,55.00403594970703,2.778557081471939,0
N6RGCMRicA8_024,0.029546650126576424,0.0066652144305408,49.9892463684082,3.008471976172944,0
N6RGCMRicA8_025,0.041313789784908295,0.29563233256340027,57.31161880493164,3.331428465264227,0
N6RGCMRicA8_026,0.030329816043376923,0.002019630977883935,58.26465606689453,3.1833046482309157,0
N6RGCMRicA8_027,0.03947587311267853,0.010913711972534657,61.47928237915039,3.1880557225317006,0
N6RGCMRicA8_028,0.023290740326046944,0.001439330750145018,66.70398712158203,3.36931598613062,0
N6RGCMRicA8_029,0.016551049426198006,0.0003916312416549772,59.934261322021484,3.103192382740086,0
N6RGCMRicA8_030,0.029643293470144272,0.0014993285294622183,62.276123046875,3.1265358219671904,0
N6RGCMRicA8_031,0.04564806818962097,0.1257096827030182,51.06739044189453,3.19260193098122,0
N6RGCMRicA8_032,0.05722919479012489,0.0015510538360103965,67.51050567626953,3.111187063384729,0
N6RGCMRicA8_033,0.602752685546875,0.005053343251347542,37.41743087768555,2.193374088894135,0
N6RGCMRicA8_034,0.6540365815162659,0.009205094538629055,1.7634329795837402,2.709351465592473,0
N6RGCMRicA8_035,0.022969437763094902,0.000849964446388185,70.10374450683594,3.1618717992410548,0
N6RGCMRicA8_036,0.02644345350563526,0.0012991243274882436,66.7509765625,3.272271807845473,0
N6RGCMRicA8_037,0.8751335144042969,0.0004532976308837533,17.087862014770508,2.5608502630643515,0
N6RGCMRicA8_038,0.8600572347640991,0.0007490569842047989,11.974903106689453,2.625072410120958,0
N6RGCMRicA8_039,0.023984182626008987,0.0007984917610883713,50.71261215209961,3.317235872651395,0
N6RGCMRicA8_040,0.5872169733047485,0.004670452792197466,23.668598175048828,2.6321860319105364,0
N6RGCMRicA8_041,0.8726456165313721,0.00035177849349565804,17.754131317138672,2.7150265031725427,0
N6RGCMRicA8_042,0.014568716287612915,0.0005805233959108591,65.90137481689453,3.29035360918961,0
N6RGCMRicA8_043,0.6825406551361084,0.0011205796618014574,23.27547836303711,2.582063086065306,0
N6RGCMRicA8_044,0.8660473227500916,0.00030827338923700154,17.666162490844727,2.60559660261969,0
N6RGCMRicA8_045,0.02348310872912407,0.0005149865173734725,59.78263854980469,2.857394270765021,0
N6RGCMRicA8_046,0.021868988871574402,0.0009773015044629574,46.9028205871582,3.218489113144954,0
N9MmykOnPAs_000,0.9096159934997559,0.0031632487662136555,13.997696876525879,2.3822356130746183,0
N9MmykOnPAs_001,0.7376424074172974,0.005215361248701811,15.130898475646973,2.2121055563205,0
N9MmykOnPAs_002,0.038014352321624756,0.001158524421043694,44.55791473388672,3.0766408356189667,0
N9MmykOnPAs_003,0.7630521059036255,0.01213542278856039,6.430412292480469,1.879932125361885,0
N9MmykOnPAs_004,0.9177829027175903,0.0010291992221027613,6.072316646575928,1.3258769012951745,0
NJjx5iKFXhI_000,0.8261734843254089,0.0012568029342219234,13.260933876037598,1.970494294121362,0
NJjx5iKFXhI_001,0.8578118085861206,0.010861862450838089,17.2766056060791,2.3422456534411285,0
NJjx5iKFXhI_002,0.9211991429328918,0.0009305017883889377,5.705552101135254,1.2221247026631399,0
NQ3iktgJ-bM_000,0.8660821318626404,0.09071054309606552,-0.023990238085389137,1.110708229869343,0
NQ3iktgJ-bM_001,0.8476123213768005,0.0744842141866684,-0.42805612087249756,1.1191506528070754,0
NQ3iktgJ-bM_002,0.8399357795715332,0.11440034955739975,-4.335476875305176,1.0968803149954174,0
NQ3iktgJ-bM_003,0.8639222979545593,0.06544181704521179,-1.4484788179397583,1.099504474395261,0
NQ3iktgJ-bM_004,0.8885402679443359,0.009229802526533604,10.285655975341797,1.9368034870763995,0
NQ3iktgJ-bM_005,0.8969558477401733,0.0009036030387505889,7.329665184020996,1.3586904818907821,0
NXhl-Lkoq6I_000,0.8073830604553223,0.00463105458766222,17.558073043823242,2.1483680585531197,0
NXhl-Lkoq6I_001,0.016771558672189713,0.0009366406011395156,24.98025894165039,2.7396051112977307,0
NXhl-Lkoq6I_002,0.8508374691009521,0.002762307645753026,17.966896057128906,2.6368073325737114,0
NXhl-Lkoq6I_003,0.8306600451469421,0.007131949067115784,6.377796649932861,1.7864261338447502,0
NXhl-Lkoq6I_004,0.9182412028312683,0.000994610134512186,6.742525577545166,1.1287418863759153,0
NYcSRGEKqX4_000,0.8909451961517334,0.014921930618584156,9.932076454162598,1.9827589300688633,0
NYcSRGEKqX4_001,0.902008593082428,0.00468113599345088,4.782536506652832,1.4038844729010154,0
NYcSRGEKqX4_002,0.9312206506729126,0.014616294763982296,5.374154567718506,1.1895660486204989,0
NYcSRGEKqX4_003,0.9166436195373535,0.0191486943513155,5.468837738037109,1.3048399682346326,0
NYcSRGEKqX4_004,0.8960793018341064,0.0018277307972311974,5.616689682006836,1.1289632639266938,0
NYcSRGEKqX4_005,0.9111252427101135,0.014404009096324444,6.390554904937744,1.1513793211256547,0
NYcSRGEKqX4_006,0.8203232884407043,0.014734871685504913,10.432892799377441,1.7871613513963232,0
NYcSRGEKqX4_007,0.86338871717453,0.0020557930693030357,4.165499687194824,1.4440659261848947,0
NYcSRGEKqX4_008,0.9091123938560486,0.007614328525960445,5.148949146270752,1.4351617093605504,0
NYcSRGEKqX4_009,0.8872021436691284,0.023251036182045937,5.906829357147217,1.3973002685239475,0
NYcSRGEKqX4_010,0.9153369069099426,0.02238214761018753,5.1580119132995605,1.5090519280673549,0
NYcSRGEKqX4_011,0.1755227893590927,0.003259747987613082,32.50789260864258,2.1104769260658607,0
NYcSRGEKqX4_012,0.042154461145401,0.001919326838105917,69.87663269042969,2.909140006643085,0
NYcSRGEKqX4_013,0.03614652156829834,0.0005085970042273402,47.687774658203125,3.1414160353519573,0
N_1jL8HEydM_000,0.7919934988021851,0.0042348457500338554,14.164270401000977,2.3521233499310603,0
N_1jL8HEydM_001,0.9022459387779236,0.004632219206541777,9.95265007019043,1.8675493397997294,0
N_1jL8HEydM_002,0.9015021324157715,0.0009787327144294977,10.344575881958008,2.396146002239582,0
N_1jL8HEydM_003,0.828926146030426,0.001258593867532909,15.8074312210083,2.214915811415971,0
N_1jL8HEydM_004,0.8511265516281128,0.0023083032574504614,13.51254653930664,2.435476392640367,0
N_1jL8HEydM_005,0.8940644264221191,0.0034894044511020184,3.7386279106140137,2.3991475946135026,0
NdYmoZh-0ek_000,0.8436110615730286,0.002585312118753791,18.914772033691406,2.11831218255452,0
NdYmoZh-0ek_001,0.8645454049110413,0.0038055062759667635,10.76533031463623,1.7078862651357987,0
NdYmoZh-0ek_002,0.9162972569465637,0.00287310010753572,8.590102195739746,1.4314815408903396,0
NdYmoZh-0ek_003,0.9046928286552429,0.010368631221354008,9.34777545928955,2.030597206265266,0
NdYmoZh-0ek_004,0.8352272510528564,0.008474141359329224,6.137158393859863,1.0791716713918005,0
NdYmoZh-0ek_005,0.9178171157836914,0.001036333036608994,5.88815975189209,1.1981046178863508,0
Ne7y4GDJl9Q_000,0.858360230922699,0.01733987033367157,14.653777122497559,2.4573481919012816,0
Ne7y4GDJl9Q_001,0.7897788286209106,0.024643830955028534,11.178370475769043,2.207893269062582,0
Ne7y4GDJl9Q_002,0.9075243473052979,0.0031251099426299334,6.917900085449219,1.0743786891542866,0
Ne7y4GDJl9Q_003,0.9026672840118408,0.017045076936483383,7.767319202423096,1.5295476935976682,0
Ne7y4GDJl9Q_004,0.8981235027313232,0.006897087208926678,6.334339141845703,1.2721539400468342,0
Ne7y4GDJl9Q_005,0.9087958335876465,0.0119625860825181,6.885981559753418,1.1107644786936004,0
Ne7y4GDJl9Q_006,0.8795952796936035,0.011642740108072758,33.9334831237793,2.6713115056747263,0
Ne7y4GDJl9Q_007,0.8444980978965759,0.011450997553765774,6.296377182006836,1.103791579202305,0
Ne7y4GDJl9Q_008,0.9201000332832336,0.0009396497625857592,5.65061092376709,1.3117556652800917,0
NgsJc52HpwM_000,0.019538069143891335,0.0005729336407966912,62.28105163574219,3.141760073702246,0
NgsJc52HpwM_001,0.022923149168491364,0.0010339140426367521,68.67179870605469,2.9430207806902287,0
NgsJc52HpwM_002,0.016898436471819878,0.0005137691041454673,69.00607299804688,3.146948834436859,0
NgsJc52HpwM_003,0.027507854625582695,0.0008074793731793761,47.55909729003906,3.353550680023558,0
NgsJc52HpwM_004,0.8165392875671387,0.001061792834661901,19.20697784423828,2.97890806312074,0
NgsJc52HpwM_005,0.02760007232427597,0.0008877195068635046,63.177005767822266,3.2911428592013885,0
NgsJc52HpwM_006,0.8593529462814331,0.000977225136011839,16.47011375427246,2.8788861041299216,0
NgsJc52HpwM_007,0.8903068900108337,0.0008557746186852455,18.145097732543945,2.7690030097259064,0
NgsJc52HpwM_008,0.024841779842972755,0.0007148385629989207,71.27365112304688,3.082632866320661,0
NlYiS7zp5Wc_000,0.8245587348937988,0.01951831765472889,15.551277160644531,2.303697625513596,0
NlYiS7zp5Wc_001,0.762056291103363,0.006754637695848942,14.867243766784668,2.318025249823986,0
NlYiS7zp5Wc_002,0.7543562054634094,0.024108396843075752,22.00419044494629,2.430011210412022,0
NlYiS7zp5Wc_003,0.8065174221992493,0.0012387495953589678,9.321742057800293,2.4587095410059363,0
Ns8OcnMPugY_000,0.7614191174507141,0.013562723062932491,16.85300064086914,2.2989387340359735,0
Ns8OcnMPugY_001,0.8843526244163513,0.002555068815127015,11.92152214050293,1.8399896134901506,0
Ns8OcnMPugY_002,0.840532124042511,0.029575008898973465,10.784963607788086,2.274787078943656,0
Ns8OcnMPugY_003,0.8376889824867249,0.008360094390809536,6.3134684562683105,1.894589489562607,0
Ns8OcnMPugY_004,0.9150585532188416,0.0010235800873488188,6.397920608520508,1.3918212787487214,0
O4NqkSzNSjE_000,0.8223773241043091,0.002124332357198,11.175780296325684,2.216436685067714,0
O4NqkSzNSjE_001,0.847083330154419,0.0031982760410755873,14.917314529418945,2.7180935347430855,0
O4NqkSzNSjE_002,0.7658364772796631,0.00877343863248825,24.463600158691406,2.603095559465172,0
O4NqkSzNSjE_003,0.922239363193512,0.0009643151424825191,5.9343791007995605,1.4336060743803571,0
OBARtsU9QnA_000,0.6956506967544556,0.005980698857456446,7.475651741027832,1.1898172776614035,0
OBARtsU9QnA_001,0.7213906645774841,0.008388509042561054,7.1992034912109375,1.1656850366291656,0
OBARtsU9QnA_002,0.6941119432449341,0.023939190432429314,8.373983383178711,1.4215883115513053,0
OBARtsU9QnA_003,0.7317134141921997,0.05013897269964218,10.298745155334473,2.1840834944312153,0
OBARtsU9QnA_004,0.8265213966369629,0.0065216184593737125,6.355001449584961,1.9731074098121082,0
OBARtsU9QnA_005,0.9175925254821777,0.0010428822133690119,5.786737442016602,1.4188989488019959,0
OCWhWWZ0AwY_000,0.861234188079834,0.1605144739151001,3.5956130027770996,1.2730196189172087,0
OCWhWWZ0AwY_001,0.829845666885376,0.013747167773544788,11.520193099975586,1.4340487873701242,0
OCWhWWZ0AwY_002,0.7832851409912109,0.02548130601644516,8.156448364257812,2.4459409351545154,0
OCWhWWZ0AwY_003,0.8947896361351013,0.0041900817304849625,10.761834144592285,1.252689867222168,0
OCWhWWZ0AwY_004,0.8601090908050537,0.03921499103307724,12.130085945129395,2.2489041923319606,0
OCWhWWZ0AwY_005,0.8618046045303345,0.010376340709626675,6.397865295410156,1.101933452635834,0
OCWhWWZ0AwY_006,0.9169909954071045,0.0008855584310367703,6.173783302307129,1.331816469557576,0
OFPi0ecSoI8_000,0.8243786692619324,0.009173540398478508,1.8189313411712646,1.3430851141170914,0
OFPi0ecSoI8_001,0.7370774745941162,0.034655001014471054,5.960778713226318,2.026007940895572,0
OFPi0ecSoI8_002,0.8611116409301758,0.0132429338991642,6.239539623260498,1.0526966764954497,0
OFPi0ecSoI8_003,0.9123619794845581,0.001400027540512383,6.254560470581055,1.5839484712343113,0
OfDo1fLztjs_000,0.046036247164011,0.0067046028561890125,50.23603820800781,3.3605108202627694,0
OfDo1fLztjs_001,0.7245773077011108,0.007197817787528038,9.832958221435547,2.280364173763988,0
OfDo1fLztjs_002,0.8227156400680542,0.0033632831182330847,9.858104705810547,2.4162030104004755,0
OfDo1fLztjs_003,0.8204745650291443,0.017841802909970284,14.375218391418457,2.7067400009244142,0
OfDo1fLztjs_004,0.8103848695755005,0.00376018020324409,9.621208190917969,1.3116643475967769,0
OfDo1fLztjs_005,0.7589386701583862,0.004210452549159527,8.298568725585938,1.3348447414773215,0
OfDo1fLztjs_006,0.8610748052597046,0.0023155470844358206,10.360032081604004,1.1121722318501959,0
OfDo1fLztjs_007,0.801726222038269,0.014283398166298866,9.906210899353027,1.118782348494999,0
OfDo1fLztjs_008,0.752101719379425,0.003199046477675438,6.320164680480957,1.1455726787800908,0
OfDo1fLztjs_009,0.6833308935165405,0.0008866703719832003,7.262874603271484,1.2121559615003734,0
OfDo1fLztjs_010,0.024038244038820267,0.0007058288319967687,71.3795394897461,3.0280082087339384,0
OfDo1fLztjs_011,0.030502617359161377,0.0004963540122844279,61.64314651489258,3.038136994430864,0
OlQ0UvbZqxs_000,0.9101353883743286,0.011098537594079971,14.83763599395752,2.4014652808994996,0
OlQ0UvbZqxs_001,0.9035757184028625,0.012177740223705769,11.12673568725586,2.370308312852016,0
OlQ0UvbZqxs_002,0.9013397097587585,0.0017579776467755437,12.734899520874023,2.4112510907673093,0
OlQ0UvbZqxs_003,0.021917760372161865,0.0009768710006028414,49.23250198364258,3.300257526159313,0
OlQ0UvbZqxs_004,0.028691139072179794,0.0007227781461551785,69.62161254882812,3.100142868944189,0
OlQ0UvbZqxs_005,0.037787239998579025,0.0006758113158866763,62.96227264404297,3.0838414816091007,0
OnK2taEbraM_000,0.02686699852347374,0.0031389081850647926,58.17409896850586,3.0672131815415837,0
OnK2taEbraM_001,0.040557000786066055,0.00025749477208592,13.864686012268066,2.5181594986163645,0
OnK2taEbraM_002,0.876615047454834,0.011416470631957054,20.21099090576172,2.381531410605409,0
OnK2taEbraM_003,0.9323346018791199,0.0005125609459355474,14.017861366271973,1.8779646653237247,0
OnK2taEbraM_004,0.8719697594642639,0.0015645467210561037,12.172579765319824,2.4426220286861753,0
OnK2taEbraM_005,0.8330404162406921,0.004894234240055084,15.028284072875977,2.9534577111581215,0
OnK2taEbraM_006,0.8887718319892883,0.0006864831084385514,15.935944557189941,2.354871552533699,0
OnK2taEbraM_007,0.8946154713630676,0.00045232143020257354,12.670157432556152,2.4668888479231112,0
OnK2taEbraM_008,0.8982442617416382,0.007144118659198284,15.516412734985352,2.3654245172013324,0
OnK2taEbraM_009,0.9159300923347473,0.001953592523932457,16.323041915893555,2.665582321497696,0
OnK2taEbraM_010,0.6176251769065857,0.002081684535369277,47.56040954589844,3.218201402103997,0
OnK2taEbraM_011,0.032582756131887436,0.0006672597373835742,62.416099548339844,2.9563269585766485,0
OqABmo1wQaE_000,0.023696519434452057,0.0012626552488654852,61.206485748291016,3.143351154231346,0
OqABmo1wQaE_001,0.024034839123487473,0.0006146377418190241,70.63821411132812,3.0259068778754727,0
OqABmo1wQaE_002,0.020004840567708015,0.0008262390620075166,70.9942626953125,3.3430436887035033,0
OqABmo1wQaE_003,0.019774185493588448,0.0007956969202496111,69.20178985595703,3.1464592664167137,0
OqABmo1wQaE_004,0.015606039203703403,0.0006232050363905728,68.2463607788086,3.3422387130973603,0
OqABmo1wQaE_005,0.8356896042823792,0.0018102851463481784,19.069679260253906,2.82294795886683,0
OqABmo1wQaE_006,0.9104713797569275,0.0004544619005173445,15.450600624084473,2.739251372031955,0
OqABmo1wQaE_007,0.8706608414649963,0.001510527217760682,14.398585319519043,2.0402555131819686,0
OqABmo1wQaE_008,0.9180242419242859,0.0004839337198063731,12.002371788024902,2.0742185221484646,0
OqABmo1wQaE_009,0.02474507875740528,0.0014767091488465667,70.03858184814453,3.3532006385264226,0
OqABmo1wQaE_010,0.037047237157821655,0.0067014847882092,68.23807525634766,2.583991308212075,0
OqABmo1wQaE_011,0.054627321660518646,0.003801788203418255,66.33718872070312,3.091154341688275,0
OqABmo1wQaE_012,0.01978796161711216,0.0005408991710282862,33.9534797668457,3.344839879335916,0
OqABmo1wQaE_013,0.017371520400047302,0.000516075233463198,70.34193420410156,3.0251081588811513,0
OqABmo1wQaE_014,0.026559073477983475,0.0006976260920055211,70.79837036132812,3.045183514692617,0
OqFfzz8sww4_000,0.019559528678655624,0.0006077807629480958,49.64373016357422,3.2476864855743632,0
OqFfzz8sww4_001,0.01852414943277836,0.0008801193325780332,62.374691009521484,3.33717477989518,0
OqFfzz8sww4_002,0.05146634951233864,0.0021794962231069803,71.62419891357422,3.273926582771343,0
OqFfzz8sww4_003,0.02252821996808052,0.0005168838542886078,60.00411605834961,3.1581095365480882,0
OqFfzz8sww4_004,0.0443263053894043,0.001532668829895556,73.24082946777344,3.156298083641131,0
OqFfzz8sww4_005,0.03631530702114105,0.0014584859600290656,69.19259643554688,3.316425633144391,0
OqFfzz8sww4_006,0.03822221979498863,0.0015145433135330677,72.61482238769531,3.079746209652222,0
OqFfzz8sww4_007,0.038104329258203506,0.0006296499632298946,66.17742919921875,3.2327850237409232,0
OqFfzz8sww4_008,0.01952868141233921,0.0008706871303729713,46.82501983642578,3.26588373690123,0
OqFfzz8sww4_009,0.022843021899461746,0.0006459382129833102,46.06914520263672,3.291336680072606,0
OqFfzz8sww4_010,0.022697657346725464,0.0021368900779634714,70.09687805175781,3.1285203165820477,0
OqFfzz8sww4_011,0.03245607018470764,0.0006324828136712313,64.10372161865234,3.079172287152973,0
OzrNqubstag_000,0.025509897619485855,0.0011971091153100133,70.52308654785156,3.1056069671529665,0
OzrNqubstag_001,0.8150576949119568,0.000895777833648026,14.335639953613281,2.5283422777103257,0
OzrNqubstag_002,0.022389154881238937,0.000548911455553025,60.04165267944336,2.906393479198248,0
P-jbyxAzsW8_000,0.025509897619485855,0.0011971091153100133,70.52308654785156,3.1056069671529665,0
P-jbyxAzsW8_001,0.04631146416068077,0.0015018199337646365,55.79030227661133,3.0240321704403272,0
P-jbyxAzsW8_002,0.0195002444088459,0.004431338980793953,56.494789123535156,2.730159687528316,0
P-jbyxAzsW8_003,0.04563964158296585,0.2597500681877136,57.14425277709961,3.2892616528355667,0
P-jbyxAzsW8_004,0.01932547427713871,0.0012187915854156017,66.52140808105469,3.356066262501751,0
P-jbyxAzsW8_005,0.015830213204026222,0.0003544527280610055,60.19239044189453,3.3254849416755334,0
P-jbyxAzsW8_006,0.025690697133541107,0.0005764801171608269,59.83060073852539,2.848899592880935,0
PBuicCInFfk_000,0.8260389566421509,0.0037031988613307476,16.605316162109375,2.2314812342082027,0
PBuicCInFfk_001,0.9137774109840393,0.001150981755927205,6.243417263031006,1.0680248479223524,0
PEFDCay69M8_000,0.013249414972960949,0.0004009238036815077,53.54282760620117,3.4028803710845312,0
PEFDCay69M8_001,0.8033941388130188,0.003975268919020891,14.623381614685059,2.8503232970024053,0
PEFDCay69M8_002,0.8400763869285583,0.0008800681680440903,12.949606895446777,2.4781513578357917,0
PEFDCay69M8_003,0.8261546492576599,0.0008726281230337918,14.982126235961914,2.953856616672041,0
PEFDCay69M8_004,0.8868322968482971,0.0012548646191135049,12.31591796875,2.7428164994384416,0
PEFDCay69M8_005,0.84679114818573,0.005657539237290621,12.286980628967285,2.3728561654979248,0
PEFDCay69M8_006,0.02559306100010872,0.0005787814734503627,71.47602081298828,3.032960814224589,0
PSz4Xf47C98_000,0.032142817974090576,0.0025536655448377132,66.6546630859375,3.1791875941941266,0
PSz4Xf47C98_001,0.03882957249879837,0.0011550631606951356,70.88958740234375,3.1678298817733404,0
PSz4Xf47C98_002,0.02789859101176262,0.0010031448910012841,69.99345397949219,3.19822913145988,0
PSz4Xf47C98_003,0.021866586059331894,0.0011395920300856233,68.22589874267578,3.330240682245563,0
PSz4Xf47C98_004,0.02767292596399784,0.0008061965345405042,48.188575744628906,3.328111263978259,0
PSz4Xf47C98_005,0.018345586955547333,0.001024599769152701,37.95125961303711,3.41983801694446,0
PSz4Xf47C98_006,0.7824201583862305,0.004438039846718311,4.308826446533203,1.1752664202293022,0
PSz4Xf47C98_007,0.850740909576416,0.12839701771736145,5.486239433288574,1.609188108981853,0
PSz4Xf47C98_008,0.896264374256134,0.2598888874053955,6.797665119171143,1.0974161824882729,0
PSz4Xf47C98_009,0.8858342170715332,0.1648625284433365,13.551015853881836,1.1756619231766643,0
PSz4Xf47C98_010,0.8718259334564209,0.011532045900821686,1.3706254959106445,1.1225674215097903,0
PSz4Xf47C98_011,0.8824999928474426,0.11628035455942154,1.7067979574203491,1.0685247195415024,0
PSz4Xf47C98_012,0.8888617753982544,0.32976391911506653,11.500252723693848,1.1365052686184158,0
PSz4Xf47C98_013,0.025059346109628677,0.0010726352920755744,68.6739501953125,2.923934352177133,0
PSz4Xf47C98_014,0.03004666231572628,0.0006257270579226315,63.962554931640625,3.105702206377255,0
PlLXRExhFhk_000,0.8005691170692444,0.03377710282802582,15.28075885772705,2.3317008969668884,0
PlLXRExhFhk_001,0.8649202585220337,0.007063694763928652,6.724380016326904,1.149674880309011,0
PlLXRExhFhk_002,0.9185234904289246,0.0011080865515396,6.406265735626221,1.438358319925866,0
Prlv_TA2KSM_000,0.8410963416099548,0.19456186890602112,4.273529529571533,1.431745842506443,0
Prlv_TA2KSM_001,0.734488844871521,0.2388760894536972,29.184242248535156,1.183330708698075,0
Prlv_TA2KSM_002,0.7446591854095459,0.17887666821479797,-4.254896640777588,1.090412688477152,0
Prlv_TA2KSM_003,0.8321550488471985,0.16756761074066162,-4.177431106567383,1.064062857051133,0
Prlv_TA2KSM_004,0.8289075493812561,0.35804396867752075,4.855862617492676,1.1142062496585536,0
Prlv_TA2KSM_005,0.1197836771607399,0.08464990556240082,58.31193542480469,2.8676446304324212,0
Prlv_TA2KSM_006,0.02098649926483631,0.0006519541493616998,60.34123611450195,3.0680327453623333,0
Prlv_TA2KSM_007,0.02838970348238945,0.0015446601901203394,64.61715698242188,3.108066130727891,0
Prlv_TA2KSM_008,0.03283793106675148,0.0006294522318057716,62.972923278808594,3.037467878090322,0
Q1DIEG8m_os_000,0.08136919885873795,0.01322160940617323,20.080280303955078,2.2646303240336056,0
Q1DIEG8m_os_001,0.03237439692020416,0.0017403399106115103,20.07054328918457,2.3852919742269134,0
Q1DIEG8m_os_002,0.020323684439063072,0.0008512905915267766,22.064807891845703,2.431614342130475,0
Q1DIEG8m_os_003,0.8881057500839233,0.0021739222574979067,15.481809616088867,2.13524506290663,0
Q1DIEG8m_os_004,0.7799333930015564,0.014215441420674324,6.606432914733887,1.6949940134152364,0
Q1DIEG8m_os_005,0.9173394441604614,0.0009557601297274232,6.088723659515381,1.121962451484214,0
QE6ZYem6rZc_000,0.03577931225299835,0.0018983976915478706,62.78826904296875,2.922158626384871,0
QE6ZYem6rZc_001,0.07153449207544327,0.0034668203443288803,66.3879623413086,2.7570122030730366,0
QE6ZYem6rZc_002,0.864311695098877,0.0038535124622285366,9.100394248962402,1.080452741714691,0
QE6ZYem6rZc_003,0.9020499587059021,0.001225984888151288,7.839202880859375,1.671699763221997,0
QFh7ktSHtsU_000,0.7598500847816467,0.0015581835759803653,12.620223999023438,2.076218072233798,0
QFh7ktSHtsU_001,0.8982829451560974,0.0014854548498988152,10.166962623596191,2.0654345074158162,0
QFh7ktSHtsU_002,0.9080968499183655,0.011873490177094936,10.377992630004883,2.006780859534374,0
QFh7ktSHtsU_003,0.43572965264320374,0.04236786812543869,21.41156768798828,1.9833951789517197,0
QFh7ktSHtsU_004,0.3231201767921448,0.009919095784425735,16.842308044433594,1.892613979338209,0
QFh7ktSHtsU_005,0.06824512034654617,0.0012050694786012173,26.125835418701172,2.320955681915735,0
QFh7ktSHtsU_006,0.024987636134028435,0.0008350456482730806,71.17932891845703,2.8738735531422983,0
QFh7ktSHtsU_007,0.027620941400527954,0.000536399835254997,65.59785461425781,3.1666510417927425,0
QMcQX7Yz53w_000,0.785163938999176,0.005260702222585678,17.56375503540039,2.2338758739174023,0
QMcQX7Yz53w_001,0.8841844201087952,0.0072713266126811504,9.32498550415039,1.7098479733557586,0
QMcQX7Yz53w_002,0.8973795771598816,0.003977296873927116,8.766916275024414,1.1308924304666121,0
QMcQX7Yz53w_003,0.8726922869682312,0.005218259058892727,11.190644264221191,2.1137177458477963,0
QMcQX7Yz53w_004,0.8994843363761902,0.0006613352452404797,9.658910751342773,2.3126370330042385,0
QgXuMcp2qJs_000,0.7498579025268555,0.007117040455341339,15.985076904296875,2.0032938671627805,0
QgXuMcp2qJs_001,0.8449526429176331,0.004083388019353151,8.059779167175293,1.9622421226051159,0
QgXuMcp2qJs_002,0.9021555781364441,0.005510708317160606,7.169358730316162,1.069825923619472,0
QgXuMcp2qJs_003,0.9087194204330444,0.004207918420433998,11.2423734664917,2.0901608304420085,0
QgXuMcp2qJs_004,0.9164083003997803,0.0012140619801357388,6.231125831604004,1.107025564902893,0
QjWjr1eyqDA_000,0.02556433528661728,0.0009952266700565815,65.81867218017578,3.2080186877545684,0
QjWjr1eyqDA_001,0.27812284231185913,0.0919179916381836,33.65970993041992,1.2198509300972555,0
QjWjr1eyqDA_002,0.3957410156726837,0.10005009174346924,1.6753921508789062,1.1656705608402846,0
QjWjr1eyqDA_003,0.35615044832229614,0.08646073192358017,5.1062774658203125,2.157172550820282,0
QjWjr1eyqDA_004,0.3922075033187866,0.19821861386299133,-3.514706611633301,1.1663107949755893,0
QjWjr1eyqDA_005,0.3261890411376953,0.0926831066608429,-3.008854866027832,1.855514568597449,0
QjWjr1eyqDA_006,0.6645231246948242,0.17827913165092468,1.8869653940200806,1.2902514988532874,0
QjWjr1eyqDA_007,0.18301908671855927,0.28321731090545654,5.705075740814209,1.3324413571361728,0
QjWjr1eyqDA_008,0.4956195056438446,0.3449193239212036,3.5902011394500732,1.9656037790714014,0
QjWjr1eyqDA_009,0.20034240186214447,0.10143470764160156,14.450202941894531,2.030832588535247,0
QjWjr1eyqDA_010,0.333551287651062,0.1889229118824005,4.039128303527832,2.379066770993093,0
QjWjr1eyqDA_011,0.31126803159713745,0.30298301577568054,26.62824821472168,1.2859118613009295,0
QjWjr1eyqDA_012,0.3347901701927185,0.09506148844957352,-4.137852191925049,2.339805006487918,0
QjWjr1eyqDA_013,0.2819318175315857,0.19961127638816833,2.2705087661743164,1.2231429353307843,0
QjWjr1eyqDA_014,0.46346721053123474,0.340082585811615,26.322669982910156,1.6095875835991253,0
QjWjr1eyqDA_015,0.7622277736663818,0.009353172965347767,6.672552108764648,1.8341187039742521,0
QjWjr1eyqDA_016,0.9169266223907471,0.0009269202710129321,6.554618835449219,1.2800184033630235,0
QjmVsoAbkB4_000,0.7363212704658508,0.00410496536642313,18.384037017822266,1.9685149894073104,0
QjmVsoAbkB4_001,0.8577167391777039,0.021747004240751266,12.516436576843262,2.2701966631318142,0
QjmVsoAbkB4_002,0.8418205380439758,0.03438325226306915,22.020660400390625,2.469262116189085,0
QjmVsoAbkB4_003,0.8567426204681396,0.008291708305478096,5.233709812164307,1.1087036174770861,0
QjmVsoAbkB4_004,0.9179968237876892,0.0011858760844916105,6.340285778045654,1.363846759661784,0
QqZnVpKZlaM_000,0.9168692231178284,0.005065673962235451,10.013855934143066,2.3540100869769627,0
QqZnVpKZlaM_001,0.8682993650436401,0.001116462517529726,12.967020034790039,1.795301948021501,0
QqZnVpKZlaM_002,0.9015452265739441,0.015050077810883522,8.673548698425293,2.3866151670202536,0
QqZnVpKZlaM_003,0.6861477494239807,0.007563821040093899,34.97651672363281,2.552521125502985,0
QqZnVpKZlaM_004,0.9172398447990417,0.0010381987085565925,6.019546031951904,1.243760616278582,0
R1-E5NeMTq0_000,0.823276937007904,0.003963084891438484,9.76313304901123,1.1331610876796967,0
R1-E5NeMTq0_001,0.8127328753471375,0.0032066383864730597,10.626168251037598,1.8956174147865117,0
R1-E5NeMTq0_002,0.8652012348175049,0.00463104760274291,10.675125122070312,2.2847868753085003,0
R1-E5NeMTq0_003,0.8285863995552063,0.005635283887386322,10.974263191223145,1.9732167856833829,0
R1-E5NeMTq0_004,0.8185943961143494,0.002022247761487961,10.489749908447266,1.71960620160115,0
R1-E5NeMTq0_005,0.848430335521698,0.005029058083891869,13.719937324523926,2.2597833571628274,0
R1-E5NeMTq0_006,0.8855541348457336,0.002483116229996085,7.0553436279296875,1.4222462597496075,0
R1-E5NeMTq0_007,0.7088750600814819,0.002630621427670121,8.64944839477539,1.6935038440151737,0
R1-E5NeMTq0_008,0.8062702417373657,0.007198243867605925,7.395059585571289,1.2714807212300958,0
R1-E5NeMTq0_009,0.8192124962806702,0.002057730918750167,6.099371910095215,1.2934549249682281,0
R1-E5NeMTq0_010,0.7507377862930298,0.0018646997632458806,8.980772018432617,2.1318614339293744,0
R1-E5NeMTq0_011,0.734854519367218,0.0045249443501234055,9.212690353393555,1.9208761163061228,0
R1-E5NeMTq0_012,0.8267257213592529,0.0033322731032967567,7.236181735992432,1.2948488770085118,0
R1-E5NeMTq0_013,0.7930839657783508,0.0022156010381877422,8.428954124450684,1.9685507160250444,0
R1-E5NeMTq0_014,0.7432385683059692,0.006070472300052643,7.623081207275391,1.8219127074464663,0
R1-E5NeMTq0_015,0.7568157911300659,0.0025398144498467445,9.814921379089355,1.5314243018546996,0
R1-E5NeMTq0_016,0.8496132493019104,0.004625193774700165,8.921311378479004,1.2343214360614876,0
R1-E5NeMTq0_017,0.4650481939315796,0.15802578628063202,24.689292907714844,2.0009973435134896,0
R1-E5NeMTq0_018,0.38126710057258606,0.2463274449110031,20.283998489379883,1.700274236728554,0
R1-E5NeMTq0_019,0.8248172402381897,0.007740751840174198,6.67251443862915,1.8253084659243477,0
R1-E5NeMTq0_020,0.9182721376419067,0.00105881760828197,6.191611289978027,1.1306036666102004,0
R43WTWwgYGY_000,0.8005524277687073,0.0022474536672234535,11.243938446044922,1.573766475698905,0
R43WTWwgYGY_001,0.854449987411499,0.0037773202639073133,8.410435676574707,1.2243868104563798,0
R43WTWwgYGY_002,0.780160129070282,0.0099291130900383,10.481228828430176,2.109277609839218,0
R43WTWwgYGY_003,0.9196162819862366,0.010310932993888855,6.694995403289795,1.704221667057027,0
R43WTWwgYGY_004,0.8915877938270569,0.003870694199576974,8.658086776733398,1.1674080421109791,0
R43WTWwgYGY_005,0.852886974811554,0.006658527534455061,8.195757865905762,1.7373600573491998,0
R43WTWwgYGY_006,0.889856219291687,0.0025899603497236967,8.428274154663086,1.2660006815883664,0
R43WTWwgYGY_007,0.9097355604171753,0.021472148597240448,10.59586238861084,1.3653510743224455,0
R43WTWwgYGY_008,0.8794514536857605,0.0030454134102910757,14.429024696350098,2.2286623385418673,0
R43WTWwgYGY_009,0.6128863096237183,0.0056387316435575485,12.386046409606934,2.346934521490757,0
R43WTWwgYGY_010,0.04238171502947807,0.001236016396433115,54.278804779052734,3.1016275748449114,0
R43WTWwgYGY_011,0.7873815298080444,0.019462687894701958,7.513564586639404,2.490463123611051,0
R43WTWwgYGY_012,0.9221563339233398,0.0010469640837982297,5.9695634841918945,1.2590202604188716,0
RMOyCOQSNIQ_000,0.025509897619485855,0.0011971091153100133,70.52308654785156,3.1056069671529665,0
RMOyCOQSNIQ_001,0.03771830350160599,0.0006676926859654486,49.04759216308594,1.9131437224980647,0
RMOyCOQSNIQ_002,0.021259861066937447,0.0007183829438872635,54.51404571533203,3.2255327962325446,0
RMOyCOQSNIQ_003,0.04202338308095932,0.002948487177491188,63.98779296875,2.5632542871671586,0
RMOyCOQSNIQ_004,0.02698436938226223,0.0009740976965986192,54.736385345458984,3.0889222096158093,0
RMOyCOQSNIQ_005,0.03036401979625225,0.007181426044553518,57.72990798950195,2.915476798161296,0
RMOyCOQSNIQ_006,0.029015250504016876,0.0006473880494013429,65.01087951660156,3.087526154551018,0
RMOyCOQSNIQ_007,0.02567274682223797,0.0016344509785994887,66.06324768066406,2.6195122495235204,0
RMOyCOQSNIQ_008,0.01932135410606861,0.0005709487595595419,61.40353775024414,3.060789803222501,0
RMOyCOQSNIQ_009,0.023273129016160965,0.0018346660071983933,51.634864807128906,2.998697132185328,0
RMOyCOQSNIQ_010,0.03226075693964958,0.002868624636903405,70.53617858886719,2.906323098325169,0
RMOyCOQSNIQ_011,0.031214453279972076,0.00196288013830781,63.23492431640625,3.026956497731225,0
RMOyCOQSNIQ_012,0.8415650725364685,0.0009723114199005067,14.521364212036133,2.351173081579483,0
RMOyCOQSNIQ_013,0.020009776577353477,0.001490111812017858,55.98090362548828,3.0900513717586184,0
RMOyCOQSNIQ_014,0.023688754066824913,0.0008997799013741314,54.927467346191406,3.114671274701046,0
RMOyCOQSNIQ_015,0.026983080431818962,0.000676973897498101,67.30936431884766,3.228401177388129,0
RMOyCOQSNIQ_016,0.025982500985264778,0.0004217879322823137,61.02665710449219,2.927464983567262,0
RTYjh4qhcEk_000,0.8591079115867615,0.0006447241175919771,16.916040420532227,2.1243930737723358,0
RTYjh4qhcEk_001,0.02706783264875412,0.0006637570913881063,67.7519760131836,2.700706572527693,0
RTYjh4qhcEk_002,0.9122525453567505,0.012238611467182636,10.994760513305664,2.3796205938241535,0
RTYjh4qhcEk_003,0.9217590093612671,0.0027871800120919943,12.104974746704102,2.0549956554432307,0
RTYjh4qhcEk_004,0.8699856400489807,0.007646217942237854,5.557910442352295,1.3247698217084733,0
RTYjh4qhcEk_005,0.9155218601226807,0.0009410608909092844,6.499570846557617,1.8428204757416813,0
RYFm405HgV4_000,0.8405392169952393,0.010780117474496365,13.70036506652832,2.3254748536883243,0
RYFm405HgV4_001,0.9208793044090271,0.0008282673661597073,6.328485012054443,1.4150349193185823,0
RZSN8vn4_1o_000,0.06705254316329956,0.002040556399151683,63.13117980957031,3.2330415040073874,0
RZSN8vn4_1o_001,0.8645861148834229,0.0019207012373954058,20.956144332885742,2.5130957027164262,0
RZSN8vn4_1o_002,0.8815094828605652,0.00165045156609267,13.960718154907227,2.4602039414308625,0
RZSN8vn4_1o_003,0.8742032647132874,0.00220246659591794,15.423965454101562,2.3613113581217244,0
RZSN8vn4_1o_004,0.9312260150909424,0.0013604823034256697,12.410679817199707,2.472360067924504,0
RZSN8vn4_1o_005,0.9143863916397095,0.004759500734508038,14.737607955932617,2.2964951500372304,0
RZSN8vn4_1o_006,0.917681872844696,0.0009710149024613202,11.647732734680176,2.0648815359803168,0
RZSN8vn4_1o_007,0.9283128380775452,0.0023690026719123125,12.411537170410156,2.0927459272225786,0
RZSN8vn4_1o_008,0.8905124664306641,0.0021582504268735647,13.708642959594727,2.267037902593318,0
RZSN8vn4_1o_009,0.8675969839096069,0.0009028672939166427,17.35744285583496,2.6954792293587464,0
RZSN8vn4_1o_010,0.9088754057884216,0.002615755656734109,12.96098518371582,2.46690134802557,0
RZSN8vn4_1o_011,0.8963798880577087,0.003968954551964998,14.461142539978027,1.8736203700704919,0
RZSN8vn4_1o_012,0.8894950151443481,0.001179037499241531,14.416329383850098,2.4180010440150634,0
RZSN8vn4_1o_013,0.8868145942687988,0.0006398152327165008,14.074140548706055,1.4977999219986906,0
RZSN8vn4_1o_014,0.02498621493577957,0.0007232118514366448,71.38383483886719,3.140943923416876,0
RZSN8vn4_1o_015,0.0321212075650692,0.0005025067366659641,62.17465591430664,3.055751298834521,0
Rke75Kw5GU8_000,0.025453388690948486,0.000622283318080008,63.25657653808594,3.224125262452766,0
Rke75Kw5GU8_001,0.6713052988052368,0.01060638576745987,22.812314987182617,2.6826058997319975,0
Rke75Kw5GU8_002,0.8305007219314575,0.017029743641614914,14.6204252243042,1.957254390464721,0
Rke75Kw5GU8_003,0.8970517516136169,0.03142136335372925,15.680472373962402,2.6136447243091974,0
Rke75Kw5GU8_004,0.8865881562232971,0.005237698554992676,16.59878921508789,2.5454326201021904,0
Rke75Kw5GU8_005,0.9089277982711792,0.009610133245587349,16.743379592895508,2.6662780803144766,0
Rke75Kw5GU8_006,0.8903499245643616,0.003129413351416588,13.375447273254395,1.6684364993688665,0
Rke75Kw5GU8_007,0.8882522583007812,0.011993499472737312,16.146446228027344,2.775565678006927,0
Rke75Kw5GU8_008,0.8893246650695801,0.012860454618930817,20.263975143432617,2.791985207024408,0
Rke75Kw5GU8_009,0.7532246112823486,0.004689011722803116,21.666248321533203,2.9144147693391793,0
Rke75Kw5GU8_010,0.8884755969047546,0.004385100211948156,19.12308692932129,2.6163522718995518,0
Rke75Kw5GU8_011,0.8668480515480042,0.015345962718129158,19.215482711791992,2.565211193029401,0
Rke75Kw5GU8_012,0.9013012647628784,0.004046333953738213,16.25360107421875,2.7742424030914696,0
Rke75Kw5GU8_013,0.899851381778717,0.008786572143435478,16.297340393066406,2.5844330656653747,0
Rke75Kw5GU8_014,0.9107504487037659,0.0030874721705913544,19.535869598388672,3.03715154462243,0
Rke75Kw5GU8_015,0.6505674719810486,0.005204305052757263,23.630504608154297,2.76227551861602,0
Rke75Kw5GU8_016,0.8981474041938782,0.012002282775938511,18.44387435913086,2.0019737706719685,0
Rke75Kw5GU8_017,0.7826641798019409,0.010201588273048401,17.761751174926758,2.5858382824542856,0
Rke75Kw5GU8_018,0.6323041319847107,0.0011877119541168213,30.696500778198242,2.899115956821311,0
Rke75Kw5GU8_019,0.8608887195587158,0.006186584010720253,17.852624893188477,3.1282193512466336,0
Rke75Kw5GU8_020,0.903140664100647,0.024511262774467468,16.740934371948242,2.499101054633848,0
Rke75Kw5GU8_021,0.8707743287086487,0.02963782660663128,22.901023864746094,2.738087903764511,0
Rke75Kw5GU8_022,0.8989191055297852,0.024479301646351814,17.43850326538086,2.5333604819186,0
Rke75Kw5GU8_023,0.02665901929140091,0.0005919943214394152,71.49215698242188,3.0179957937204906,0
Rke75Kw5GU8_024,0.03178293630480766,0.0006675549084320664,64.74894714355469,3.064325141056687,0
RnH3K-ddpjs_000,0.860564649105072,0.0020127955358475447,11.321269035339355,2.1249970251011097,0
RnH3K-ddpjs_001,0.9326314926147461,0.007391250226646662,7.9099507331848145,1.824335638376799,0
RnH3K-ddpjs_002,0.9090011715888977,0.49068722128868103,18.02623176574707,1.1288862307163146,0
RnH3K-ddpjs_003,0.6074503064155579,0.6126965284347534,-2.607257604598999,1.1580794463170332,0
RnH3K-ddpjs_004,0.8409026861190796,0.24679908156394958,17.163375854492188,1.0869326671825146,0
RnH3K-ddpjs_005,0.8333344459533691,0.5719227194786072,9.592314720153809,2.3828683318181785,0
RnH3K-ddpjs_006,0.3795410990715027,0.6615265607833862,-6.652294635772705,1.0863042225132624,0
RnH3K-ddpjs_007,0.3031531870365143,0.6064867973327637,-2.6956098079681396,1.7331184191503906,0
RnH3K-ddpjs_008,0.44792258739471436,0.3161308169364929,22.04185676574707,1.9153966406648295,0
RnH3K-ddpjs_009,0.468744158744812,0.4679813086986542,3.110313892364502,1.936558265177112,0
RnH3K-ddpjs_010,0.8561291694641113,0.011902975849807262,6.232126235961914,1.1355937442649133,0
RnH3K-ddpjs_011,0.9159767031669617,0.001037574838846922,5.789423942565918,1.0502395747056605,0
Rwq2tZR69No_000,0.02276715263724327,0.0008179269498214126,66.9524917602539,2.8135149428131845,0
Rwq2tZR69No_001,0.7524433135986328,0.0021918066777288914,27.520225524902344,2.7831459510057037,0
Rwq2tZR69No_002,0.8472391366958618,0.0011079029645770788,12.170713424682617,2.1706755364161925,0
Rwq2tZR69No_003,0.786087155342102,0.0007505299872718751,18.971939086914062,2.23493997061539,0
Rwq2tZR69No_004,0.8051145076751709,0.0015375774819403887,3.266602039337158,2.339988556470364,0
Rwq2tZR69No_005,0.840122640132904,0.0038179398979991674,13.960685729980469,1.9617608373688793,0
Rwq2tZR69No_006,0.8855466246604919,0.004481382668018341,11.378888130187988,1.5724669381950953,0
Rwq2tZR69No_007,0.8279119729995728,0.004440830554813147,8.051076889038086,1.342021256317678,0
Rwq2tZR69No_008,0.8160915970802307,0.007898909039795399,7.592225074768066,1.0531298367639037,0
Rwq2tZR69No_009,0.8549341559410095,0.016903506591916084,1.421390414237976,1.0886146275545656,0
Rwq2tZR69No_010,0.8278114199638367,0.015169118531048298,-0.25173619389533997,1.171299091947658,0
Rwq2tZR69No_011,0.8541147112846375,0.02029205858707428,5.8934783935546875,1.342545714658118,0
Rwq2tZR69No_012,0.8444792032241821,0.004045396577566862,8.06958293914795,2.13030102766048,0
Rwq2tZR69No_013,0.9085058569908142,0.0010202956618741155,5.6520161628723145,1.1706836916747236,0
Rx2pH_xbJwE_000,0.8904173970222473,0.003665376454591751,18.042007446289062,2.260371167749125,0
Rx2pH_xbJwE_001,0.8421204686164856,0.025369826704263687,13.403185844421387,2.4312344324398807,0
Rx2pH_xbJwE_002,0.8797786831855774,0.004068313632160425,14.816662788391113,2.357496029634877,0
Rx2pH_xbJwE_003,0.8916391730308533,0.007864374667406082,13.550265312194824,1.243696100380238,0
Rx2pH_xbJwE_004,0.9082635045051575,0.001998373307287693,13.582076072692871,1.875845886386573,0
Rx2pH_xbJwE_005,0.906356930732727,0.010258789174258709,12.46095085144043,2.159915637938045,0
Rx2pH_xbJwE_006,0.9047269821166992,0.009384519420564175,14.500133514404297,2.3117362616833113,0
Rx2pH_xbJwE_007,0.8365920186042786,0.02437518909573555,18.249414443969727,2.0214037620985263,0
Rx2pH_xbJwE_008,0.8977268934249878,0.011046038009226322,17.664953231811523,2.4022693555499655,0
Rx2pH_xbJwE_009,0.8857277631759644,0.00919362436980009,10.966161727905273,2.525836002905303,0
Rx2pH_xbJwE_010,0.8527935743331909,0.002444495912641287,9.02428150177002,2.7152163231066493,0
S41cxlpNcAc_000,0.8622467517852783,0.0069962418638169765,13.597756385803223,2.272822971052986,0
S41cxlpNcAc_001,0.9255222678184509,0.006205531302839518,11.004032135009766,1.9234659835842973,0
S41cxlpNcAc_002,0.8121946454048157,0.010234990157186985,6.319530963897705,2.0593414162852515,0
S41cxlpNcAc_003,0.9161281585693359,0.0011081293923780322,6.153719425201416,1.22930139413357,0
S7tdhuGEHLk_000,0.9016745090484619,0.004856525454670191,10.785676956176758,1.997173656104291,0
S7tdhuGEHLk_001,0.9072171449661255,0.0023357970640063286,6.236060619354248,1.4235792841652706,0
S7tdhuGEHLk_002,0.8675630688667297,0.0070169297978281975,13.401880264282227,1.938604655356303,0
S7tdhuGEHLk_003,0.8072353601455688,0.009426742792129517,28.308277130126953,2.595351252737173,0
S7tdhuGEHLk_004,0.9198246002197266,0.001187779358588159,5.8827972412109375,1.919859419100545,0
SFBrInCe1SM_000,0.030454089865088463,0.0008790498250164092,73.14309692382812,2.9924410165144146,0
SFBrInCe1SM_001,0.03165104240179062,0.0005567441112361848,62.41629409790039,3.089307460597652,0
SO3bKXmHRRY_000,0.9203280806541443,0.00849350355565548,8.72592830657959,2.548074903130241,0
SO3bKXmHRRY_001,0.8051339983940125,0.007993570528924465,10.832023620605469,2.2613807958875,0
SO3bKXmHRRY_002,0.9243870377540588,0.0010043331421911716,6.0032172203063965,1.731955406070405,0
SOtBjHRIAMU_000,0.8770158886909485,0.007763856090605259,6.92160701751709,1.2382752578042386,0
SOtBjHRIAMU_001,0.7493039965629578,0.0035740002058446407,12.15802001953125,1.3839864772746417,0
SOtBjHRIAMU_002,0.6317582726478577,0.002291173441335559,10.863879203796387,2.2447021887014698,0
SOtBjHRIAMU_003,0.8659619688987732,0.007811160758137703,6.316334247589111,1.2578107273315184,0
SOtBjHRIAMU_004,0.9100725054740906,0.0009331203764304519,5.865584850311279,1.5850587775870235,0
SRpa-WO48cQ_000,0.8973585367202759,0.01110540609806776,10.46898078918457,1.9172552995276455,0
SRpa-WO48cQ_001,0.8327733278274536,0.007932445965707302,13.704154968261719,2.512989144958467,0
SRpa-WO48cQ_002,0.8724307417869568,0.004523101728409529,7.990385055541992,1.6925103007073559,0
SRpa-WO48cQ_003,0.9259302616119385,0.002495011081919074,6.258491516113281,1.297733538937163,0
SRpa-WO48cQ_004,0.9104862213134766,0.016056908294558525,7.202789306640625,1.2717113196921226,0
SRpa-WO48cQ_005,0.8857430219650269,0.03407980129122734,6.233205318450928,1.9120893861082442,0
SRpa-WO48cQ_006,0.9119121432304382,0.004813419654965401,11.224492073059082,1.7008176074167594,0
SRpa-WO48cQ_007,0.90289705991745,0.0016331520164385438,7.5683207511901855,1.167558755156248,0
SRpa-WO48cQ_008,0.9222784638404846,0.0026667488273233175,4.9142022132873535,1.2936707992924708,0
SRpa-WO48cQ_009,0.9292150735855103,0.010687746107578278,7.013245582580566,1.4312059154286139,0
SRpa-WO48cQ_010,0.9159380793571472,0.0020824167877435684,5.845500946044922,1.1928924160408951,0
SRpa-WO48cQ_011,0.9374107122421265,0.008094296790659428,9.602906227111816,1.230212817447916,0
SRpa-WO48cQ_012,0.9143524765968323,0.009416453540325165,17.817216873168945,2.186507028825767,0
SRpa-WO48cQ_013,0.9192638397216797,0.003088162047788501,7.514505863189697,1.1428077995658212,0
SRpa-WO48cQ_014,0.37540146708488464,0.008440154604613781,29.83148193359375,1.0892477083213234,0
SRpa-WO48cQ_015,0.9225403666496277,0.008864481933414936,9.162422180175781,2.1992046328202917,0
SRpa-WO48cQ_016,0.8981771469116211,0.002402709098532796,13.493069648742676,2.0404157895230415,0
SRpa-WO48cQ_017,0.910761296749115,0.005266322288662195,7.298435688018799,1.5530876373810467,0
SRpa-WO48cQ_018,0.9394702911376953,0.004409679677337408,11.024931907653809,1.9692056219212126,0
SRpa-WO48cQ_019,0.7512463927268982,0.010475450195372105,9.725089073181152,2.3531642092618994,0
SRpa-WO48cQ_020,0.690443754196167,0.0002622593310661614,4.796561241149902,1.158818369571343,0
SRpa-WO48cQ_021,0.49572762846946716,0.0018542081816121936,61.4449577331543,2.213482173121147,0
SRpa-WO48cQ_022,0.03743322938680649,0.0008327187970280647,55.75211715698242,3.170530284097683,0
SRpa-WO48cQ_023,0.8787083625793457,0.009619909338653088,12.244091987609863,2.285267415091693,0
SRpa-WO48cQ_024,0.026730356737971306,0.0003088435041718185,4.704617023468018,2.3982116654020222,0
SRpa-WO48cQ_025,0.8516896367073059,0.011209534481167793,13.742938041687012,2.140837404809078,0
SRpa-WO48cQ_026,0.8726357221603394,0.008751222863793373,6.609802722930908,1.1719183393931614,0
SRpa-WO48cQ_027,0.9120896458625793,0.001031003426760435,6.581669807434082,1.4677819554252824,0
Sb_8xsOD9ps_000,0.8392754197120667,0.015599697828292847,12.642338752746582,2.0354250124638504,0
Sb_8xsOD9ps_001,0.9170812368392944,0.0010123488027602434,6.713149547576904,1.489969294597424,0
SheQHIKfZrA_000,0.0170938391238451,0.0010307133197784424,68.96373748779297,3.2367099004853332,0
SheQHIKfZrA_001,0.6520023345947266,0.0013458161847665906,18.088058471679688,2.722458689543608,0
SheQHIKfZrA_002,0.02724926918745041,0.0008241957984864712,71.23606872558594,3.0847517011411423,0
SkOPCvsnxsg_000,0.019170038402080536,0.000712414737790823,36.70024108886719,3.301859074010029,0
SkOPCvsnxsg_001,0.022879188880324364,0.0017247307114303112,69.49594116210938,3.307572552760728,0
SkOPCvsnxsg_002,0.9099065661430359,0.001494049676693976,14.358589172363281,2.3853706979071725,0
SkOPCvsnxsg_003,0.8803857564926147,0.0017848542192950845,9.634984970092773,2.2799059779493627,0
SkOPCvsnxsg_004,0.8601612448692322,0.0022828977089375257,8.290484428405762,1.3579097204341355,0
SkOPCvsnxsg_005,0.9192638397216797,0.0018168325768783689,10.109109878540039,2.2591364912147007,0
SkOPCvsnxsg_006,0.90191251039505,0.0012251128209754825,10.336983680725098,2.096540126377916,0
SkOPCvsnxsg_007,0.9009855389595032,0.002860283711925149,7.63599967956543,1.2070934334417276,0
SkOPCvsnxsg_008,0.755088746547699,0.0046683186665177345,22.864688873291016,2.9776500032589173,0
SkOPCvsnxsg_009,0.04297375679016113,0.0010117321508005261,14.781164169311523,2.731599726085843,0
SkOPCvsnxsg_010,0.04773637279868126,0.001171044772490859,26.064802169799805,3.056687120275954,0
SkOPCvsnxsg_011,0.09320876747369766,0.0016351458616554737,25.45393180847168,3.185041688629082,0
SkOPCvsnxsg_012,0.028212547302246094,0.0009478817810304463,20.573715209960938,3.077780040281721,0
SkOPCvsnxsg_013,0.0625702366232872,0.0008233261178247631,23.670682907104492,3.1871403671408802,0
SkOPCvsnxsg_014,0.03150998800992966,0.0010273570660501719,26.137544631958008,3.224543037529978,0
SkOPCvsnxsg_015,0.02873874455690384,0.0007413734565488994,19.052438735961914,2.717119658704022,0
SkOPCvsnxsg_016,0.026178499683737755,0.0006996431620791554,13.911576271057129,2.7235608068367037,0
SkOPCvsnxsg_017,0.04283226281404495,0.0010150654707103968,22.22228240966797,3.1632530471474474,0
SkOPCvsnxsg_018,0.028827082365751266,0.0009014626266434789,16.39406967163086,3.155235798958075,0
SkOPCvsnxsg_019,0.04787813499569893,0.0009214994497597218,18.46904182434082,2.845673435947909,0
SkOPCvsnxsg_020,0.038132522255182266,0.0008581369183957577,41.78829574584961,3.3279822940012824,0
SkOPCvsnxsg_021,0.013384138233959675,0.0005121256108395755,38.94438171386719,3.290231311421656,0
SkOPCvsnxsg_022,0.02455666847527027,0.0006131206173449755,36.01075744628906,3.254314800399926,0
SkOPCvsnxsg_023,0.0405564121901989,0.0014493431663140655,60.18518829345703,2.8881972538809477,0
SkOPCvsnxsg_024,0.05078844353556633,0.0011020246893167496,63.18257522583008,2.9840004149769115,0
SkOPCvsnxsg_025,0.036686766892671585,0.002050502458587289,55.370933532714844,3.2921857412387725,0
SkOPCvsnxsg_026,0.021839050576090813,0.0007407169905491173,44.61625671386719,2.97473589208755,0
SkOPCvsnxsg_027,0.018681542947888374,0.0010737399570643902,36.61845397949219,3.2444429075231858,0
SkOPCvsnxsg_028,0.036658965051174164,0.0017493072664365172,46.433990478515625,3.021882753693181,0
SkOPCvsnxsg_029,0.03221812844276428,0.002152245258912444,36.94557189941406,3.3584289828614855,0
SkOPCvsnxsg_030,0.028844038024544716,0.0009913330432027578,39.3223991394043,3.21227144617448,0
SkOPCvsnxsg_031,0.03860101476311684,0.0008341840584762394,38.48276901245117,3.251655318885983,0
SkOPCvsnxsg_032,0.766127347946167,0.001841946505010128,4.793210506439209,1.0940914129291814,0
SkOPCvsnxsg_033,0.8017593026161194,0.0027678892947733402,6.585846424102783,1.1076802445735479,0
SkOPCvsnxsg_034,0.8222705721855164,0.0038642885629087687,5.018551349639893,1.4008531880564825,0
SkOPCvsnxsg_035,0.7936667799949646,0.002815278246998787,10.7740478515625,2.200354342569763,0
SkOPCvsnxsg_036,0.8640844821929932,0.013450970873236656,5.710526943206787,1.4055992478403894,0
SkOPCvsnxsg_037,0.028118623420596123,0.0008428069413639605,70.42970275878906,2.9528106198240955,0
SkOPCvsnxsg_038,0.031235987320542336,0.0006218854687176645,62.6881103515625,3.127909585454607,0
T0Cup5Bdkf4_000,0.8430013060569763,0.005577383562922478,15.422330856323242,2.2642573891067075,0
T0Cup5Bdkf4_001,0.918743908405304,0.001274183625355363,12.883405685424805,1.180571611275135,0
T0Cup5Bdkf4_002,0.8307971954345703,0.016744231805205345,7.97674560546875,1.0293828200042938,0
T0Cup5Bdkf4_003,0.8634203672409058,0.0012305164709687233,7.964564800262451,2.257431381964587,0
T0Cup5Bdkf4_004,0.9128195643424988,0.030121935531497,8.342737197875977,1.0917366143751235,0
T0Cup5Bdkf4_005,0.9181820154190063,0.009024448692798615,8.308999061584473,1.3312135389278013,0
T0Cup5Bdkf4_006,0.9320120215415955,0.0063207317143678665,5.797351837158203,1.0708128690202934,0
T0Cup5Bdkf4_007,0.914582371711731,0.0015431746141985059,7.798463821411133,1.037175255531832,0
T0Cup5Bdkf4_008,0.875338077545166,0.003174274228513241,10.436346054077148,1.53341443440884,0
T0Cup5Bdkf4_009,0.884178102016449,0.01596108451485634,3.8409831523895264,1.1521849769603902,0
T0Cup5Bdkf4_010,0.8124618530273438,0.006013369653373957,4.397972583770752,1.1070684922406204,0
T0Cup5Bdkf4_011,0.7479488253593445,0.0012694884790107608,3.7896666526794434,2.3397920852693646,0
T9Yi2rohQUQ_000,0.02234700694680214,0.0005717939930036664,54.814788818359375,3.2884874933534767,0
T9Yi2rohQUQ_001,0.02108125016093254,0.0010258068796247244,70.3464584350586,3.329680057283161,0
T9Yi2rohQUQ_002,0.8156851530075073,0.0005404137191362679,15.448221206665039,2.8098864908505092,0
T9Yi2rohQUQ_003,0.8931688666343689,0.0003794156655203551,11.392221450805664,2.5688247134862814,0
T9Yi2rohQUQ_004,0.022387327626347542,0.0005012409528717399,64.79048919677734,3.3131245559430686,0
T9Yi2rohQUQ_005,0.8251142501831055,0.0009070668602362275,15.439974784851074,2.682832036279653,0
T9Yi2rohQUQ_006,0.022948088124394417,0.0011531838681548834,71.51122283935547,3.3775790109429784,0
T9Yi2rohQUQ_007,0.6846575736999512,0.00037892081309109926,14.934296607971191,2.8214594985183243,0
T9Yi2rohQUQ_008,0.02754850871860981,0.0008918708190321922,70.25050354003906,2.827129934257311,0
T9Yi2rohQUQ_009,0.01681758090853691,0.0005357963382266462,67.7971420288086,3.1806423323959208,0
T9Yi2rohQUQ_010,0.7207571268081665,0.0011699203168973327,18.798137664794922,2.75455724987349,0
T9Yi2rohQUQ_011,0.028597896918654442,0.000662577454932034,71.37158203125,3.0869897405725757,0
TA0W22-E_0M_000,0.9135099053382874,0.004832087550312281,7.867595195770264,2.3848907895431357,0
TA0W22-E_0M_001,0.07591906189918518,0.0021685161627829075,3.6609725952148438,1.1254012669595375,1
TA0W22-E_0M_002,0.03450394794344902,0.013069185428321362,51.065372467041016,3.1029163387104735,0
TA0W22-E_0M_003,0.015062099322676659,0.0021363471169024706,7.019658088684082,1.3601976607164554,0
TA0W22-E_0M_004,0.02915605902671814,0.00652883667498827,7.817361831665039,1.3910592198186156,0
TA0W22-E_0M_005,0.8443459272384644,0.07829320430755615,-2.744985342025757,1.0889010740975158,0
TA0W22-E_0M_006,0.8302310705184937,0.08350279182195663,25.701536178588867,1.0711142810125411,0
TA0W22-E_0M_007,0.8500953316688538,0.06787137687206268,-4.010669708251953,1.0814055546809476,0
TA0W22-E_0M_008,0.7898329496383667,0.011912484653294086,26.429946899414062,2.078990507552496,0
TA0W22-E_0M_009,0.918752908706665,0.001010627718642354,5.65786075592041,1.504073604270623,0
TGfr8DXepFM_000,0.8572045564651489,0.003706397023051977,-2.054993152618408,1.0876755039435515,0
TGfr8DXepFM_001,0.3704661726951599,0.0023739722091704607,23.049182891845703,2.6709821407460113,0
TGfr8DXepFM_002,0.8840120434761047,0.0082888538017869,6.011855125427246,1.3957796386853905,0
TGfr8DXepFM_003,0.9183236956596375,0.0010114503093063831,6.394485950469971,1.7318010017253596,0
TRnR3FYiJps_000,0.023472914472222328,0.0011869424488395452,14.802061080932617,2.034364570157161,0
TRnR3FYiJps_001,0.056149933487176895,0.0016442365013062954,14.786091804504395,2.036954055958891,0
TRnR3FYiJps_002,0.02932039089500904,0.0009442020673304796,14.299671173095703,2.3370033211980354,0
TRnR3FYiJps_003,0.027967963367700577,0.0015808428870514035,16.188724517822266,2.467121240603443,0
TRnR3FYiJps_004,0.8529318571090698,0.00836692750453949,6.190910816192627,1.0426517304248855,0
TRnR3FYiJps_005,0.9175461530685425,0.0009968361118808389,6.345364093780518,1.2200931968466435,0
TWoH_ijjAUk_000,0.7606837749481201,0.0057310620322823524,20.750900268554688,2.6337425478041463,0
TWoH_ijjAUk_001,0.8939577341079712,0.005428101401776075,22.94593048095703,2.72524447202572,0
TWoH_ijjAUk_002,0.8461148738861084,0.003715186845511198,19.841995239257812,2.776494980984728,0
TWoH_ijjAUk_003,0.8584019541740417,0.002671078545972705,22.26424789428711,2.563188682156699,0
TWoH_ijjAUk_004,0.8534771800041199,0.007499776314944029,17.525922775268555,2.4311534225908504,0
TWoH_ijjAUk_005,0.8318634033203125,0.022162145003676414,21.4877986907959,2.4693705460187685,0
TWoH_ijjAUk_006,0.8569996953010559,0.0018401237903162837,22.892860412597656,2.863021187396505,0
TWoH_ijjAUk_007,0.6401158571243286,0.003459982108324766,34.21452331542969,3.08143086863034,0
TWoH_ijjAUk_008,0.8826243281364441,0.013404435478150845,17.234224319458008,2.6009213105760978,0
TWoH_ijjAUk_009,0.8745765089988708,0.002374520990997553,18.143930435180664,2.7130659709740317,0
TWoH_ijjAUk_010,0.9110210537910461,0.0023296468425542116,21.254322052001953,2.8672274080806517,0
TWoH_ijjAUk_011,0.8053536415100098,0.001608587452210486,17.3426513671875,2.909609249190744,0
TWoH_ijjAUk_012,0.8907931447029114,0.003994612954556942,20.363677978515625,2.9218689595091902,0
TWoH_ijjAUk_013,0.7132554650306702,0.0022702969145029783,21.80101776123047,2.9193581280101375,0
TWoH_ijjAUk_014,0.9016921520233154,0.0050400118343532085,22.265445709228516,2.670261077416019,0
TWoH_ijjAUk_015,0.8478969931602478,0.014780420809984207,17.969404220581055,2.55324747127043,0
TWoH_ijjAUk_016,0.8466538190841675,0.002334280638024211,23.267763137817383,2.7968936177015813,0
TWoH_ijjAUk_017,0.7629466652870178,0.0015267987037077546,11.665769577026367,1.8792534681005346,0
TWoH_ijjAUk_018,0.8780978322029114,0.002708663698285818,20.326560974121094,2.6676373103565547,0
TWoH_ijjAUk_019,0.8896981477737427,0.003895916510373354,22.572046279907227,2.5463923302455456,0
TWoH_ijjAUk_020,0.8333947062492371,0.0030908670742064714,26.412931442260742,2.8586142289475736,0
TWoH_ijjAUk_021,0.7882125377655029,0.005363555625081062,17.11086082458496,2.847119987410426,0
TWoH_ijjAUk_022,0.8215227127075195,0.004769926890730858,28.751163482666016,2.783938950357738,0
TWoH_ijjAUk_023,0.8038646578788757,0.006976174656301737,20.20317268371582,2.513666279442573,0
TWoH_ijjAUk_024,0.8499805927276611,0.0026295145507901907,21.505474090576172,3.0083686202205353,0
TWoH_ijjAUk_025,0.8833025693893433,0.0007293226080946624,20.41473960876465,2.802958547095438,0
TWoH_ijjAUk_026,0.9085814356803894,0.004531089216470718,22.33644676208496,2.80430898953011,0
TWoH_ijjAUk_027,0.7437612414360046,0.0048166182823479176,22.021421432495117,2.980978712995625,0
TWoH_ijjAUk_028,0.8360947370529175,0.004518574103713036,22.856975555419922,2.7962999623655818,0
TWoH_ijjAUk_029,0.879166841506958,0.010413408279418945,21.595672607421875,2.2544776225917555,0
TWoH_ijjAUk_030,0.8879896998405457,0.005721054971218109,19.812358856201172,2.844735723706299,0
TWoH_ijjAUk_031,0.8379708528518677,0.00889128353446722,21.953815460205078,2.650495162051469,0
TWoH_ijjAUk_032,0.8853506445884705,0.0040293727070093155,16.933748245239258,2.411930441508391,0
TWoH_ijjAUk_033,0.8590993881225586,0.0033737618941813707,17.358169555664062,2.667052994970002,0
TWoH_ijjAUk_034,0.8660361766815186,0.0036811644677072763,18.652259826660156,2.8202373716401965,0
TWoH_ijjAUk_035,0.874462366104126,0.002964610932394862,21.46222686767578,2.8459092955283,0
TWoH_ijjAUk_036,0.8357409834861755,0.003922285046428442,14.205069541931152,2.6370077022446994,0
TWoH_ijjAUk_037,0.8357149362564087,0.03795362263917923,21.53165054321289,2.4247725572102707,0
TWoH_ijjAUk_038,0.9036973714828491,0.004497450776398182,19.230350494384766,2.8795515582385933,0
TWoH_ijjAUk_039,0.7947808504104614,0.003924293909221888,23.689504623413086,2.7729352374954828,0
TWoH_ijjAUk_040,0.8975424766540527,0.00662266043946147,21.302616119384766,2.7622061292394005,0
TWoH_ijjAUk_041,0.8430135846138,0.00481014046818018,12.886251449584961,2.4147245504044714,0
TWoH_ijjAUk_042,0.027660930529236794,0.000688993080984801,71.14888000488281,3.0392519774835165,0
TWoH_ijjAUk_043,0.03295295685529709,0.0005460302345454693,64.81480407714844,3.086322571235138,0
TpKyBapvTbE_000,0.7206178307533264,0.004366638138890266,11.942011833190918,1.969604179978753,0
TpKyBapvTbE_001,0.6894681453704834,0.0055269524455070496,14.372458457946777,1.3600200435070362,0
TpKyBapvTbE_002,0.762211263179779,0.006958699319511652,14.834430694580078,2.3921366354383866,0
TpKyBapvTbE_003,0.7766013741493225,0.008952741511166096,12.574578285217285,1.47382943384277,0
TpKyBapvTbE_004,0.812403678894043,0.011255646124482155,13.025116920471191,1.9904292801440469,0
TpKyBapvTbE_005,0.8725388646125793,0.008127002976834774,6.266550064086914,1.084198548729958,0
TpKyBapvTbE_006,0.9155797958374023,0.0008518914110027254,6.338865280151367,1.354008322747173,0
TrLtHAYYW2c_000,0.8846096396446228,0.003819398581981659,3.868736982345581,1.8086559490778304,0
TrLtHAYYW2c_001,0.7982586622238159,0.015466646291315556,5.5057454109191895,1.127806355494573,0
TrLtHAYYW2c_002,0.7645986080169678,0.008577258326113224,17.38445281982422,1.389779990665514,0
TrLtHAYYW2c_003,0.7918384075164795,0.0028174836188554764,36.40239334106445,2.5631688251569202,0
TrLtHAYYW2c_004,0.03987399488687515,0.0007725978503003716,61.82766342163086,3.0993364314067207,0
U36zHkmhn-c_000,0.8352662324905396,0.002861079527065158,12.827237129211426,2.156587950194636,0
U36zHkmhn-c_001,0.6509045362472534,0.013662726618349552,0.2161726951599121,1.9443640933314128,0
U36zHkmhn-c_002,0.020317094400525093,0.0032384495716542006,17.270401000976562,1.9540951603704548,0
U36zHkmhn-c_003,0.021907955408096313,0.0007468163967132568,21.43731689453125,2.4895298753611064,0
U36zHkmhn-c_004,0.01708189956843853,0.0009120648028329015,21.624130249023438,2.5099507272737895,0
U36zHkmhn-c_005,0.033107202500104904,0.0007717994740232825,22.04756736755371,2.0636921045598298,0
U36zHkmhn-c_006,0.014001606032252312,0.0012106846552342176,16.94959259033203,2.4324090110664622,0
U36zHkmhn-c_007,0.016657868400216103,0.0012333461781963706,18.643239974975586,2.490896424311828,0
U36zHkmhn-c_008,0.019482217729091644,0.00028096430469304323,14.300585746765137,1.9594401695253199,0
U36zHkmhn-c_009,0.030238302424550056,0.0008038312080316246,18.4857120513916,2.074432246332254,0
U36zHkmhn-c_010,0.019954832270741463,0.0008844764670357108,24.81475257873535,2.8100089514984385,0
U36zHkmhn-c_011,0.022751472890377045,0.0004194831126369536,15.20483684539795,2.693278690933768,0
U36zHkmhn-c_012,0.08198125660419464,0.0007314078975468874,18.449438095092773,2.6299499566088134,0
U36zHkmhn-c_013,0.535880446434021,0.0006535149295814335,4.0809149742126465,1.128856687845293,0
U36zHkmhn-c_014,0.4767276346683502,0.0015257580671459436,14.20061206817627,2.0710304680494724,0
U36zHkmhn-c_015,0.7305420637130737,0.010044143535196781,6.0390238761901855,1.1198064088319926,0
U36zHkmhn-c_016,0.6897454261779785,0.001269076718017459,1.9547345638275146,1.103680034424913,0
U36zHkmhn-c_017,0.905393660068512,0.002094107447192073,30.88921356201172,1.0990336898271238,0
U36zHkmhn-c_018,0.653706967830658,0.0014101946726441383,10.326087951660156,2.6630443868722717,0
U36zHkmhn-c_019,0.6426914930343628,0.0014353954466059804,10.134440422058105,2.407358961047438,0
U36zHkmhn-c_020,0.24225831031799316,0.0019205294083803892,13.886597633361816,2.380755639306676,0
U36zHkmhn-c_021,0.7296130061149597,0.002914236392825842,8.000571250915527,1.5876708225276404,0
U36zHkmhn-c_022,0.869943380355835,0.0004989635199308395,0.057911086827516556,1.1120967870198626,0
U36zHkmhn-c_023,0.2760374844074249,0.0008670423412695527,5.383081912994385,1.0996604589385484,0
U36zHkmhn-c_024,0.7415622472763062,0.0005114414379931986,6.22617769241333,1.0956838743394155,0
U36zHkmhn-c_025,0.6930850744247437,0.0022299063857644796,5.40909481048584,1.2997053516239312,0
U36zHkmhn-c_026,0.7974973320960999,0.027063006535172462,16.746065139770508,2.396378044633568,0
U36zHkmhn-c_027,0.9226531982421875,0.0009016180993057787,6.325016498565674,1.162332785365008,0
U6kEU5fVy8M_000,0.02936769835650921,0.001329200342297554,73.02130889892578,3.1207220049624302,0
U6kEU5fVy8M_001,0.02044917643070221,0.0009738114895299077,73.34779357910156,3.387161412097935,0
U6kEU5fVy8M_002,0.020314333960413933,0.0009267388959415257,73.13935852050781,3.336947505641867,0
U6kEU5fVy8M_003,0.044276632368564606,0.0025153427850455046,62.53624725341797,3.1623057840549564,0
U6kEU5fVy8M_004,0.05061855912208557,0.005489821080118418,56.1706428527832,3.421227619984692,0
U6kEU5fVy8M_005,0.7994009852409363,0.004319397732615471,18.723073959350586,2.416098172863068,0
U6kEU5fVy8M_006,0.8740204572677612,0.002013065852224827,17.61952018737793,2.861602521117619,0
U6kEU5fVy8M_007,0.8894225358963013,0.0013830297393724322,15.62729549407959,2.628684205864017,0
U6kEU5fVy8M_008,0.9268971085548401,0.001030527288094163,11.759483337402344,2.656200287826827,0
U6kEU5fVy8M_009,0.8885890245437622,0.002032035030424595,11.609472274780273,2.406736930373451,0
U6kEU5fVy8M_010,0.9314272403717041,0.0009046471677720547,9.50522518157959,2.7442605700517286,0
U6kEU5fVy8M_011,0.9180352687835693,0.00036877309321425855,10.167132377624512,1.9886780105310156,0
U6kEU5fVy8M_012,0.020160922780632973,0.0007106270059011877,73.63214111328125,3.1193046093537866,0
U6kEU5fVy8M_013,0.035603880882263184,0.0006104454514570534,63.882144927978516,3.147808653998019,0
UAsnU0Vn_go_000,0.020276693627238274,0.0011892856564372778,61.266571044921875,3.169152569243545,0
UAsnU0Vn_go_001,0.016288338229060173,0.0004326436319388449,56.588741302490234,3.291253109834972,0
UAsnU0Vn_go_002,0.0195303987711668,0.0007343243923969567,63.901947021484375,3.361362133871732,0
UAsnU0Vn_go_003,0.023716820403933525,0.0010595269268378615,73.13616180419922,3.142033652744929,0
UAsnU0Vn_go_004,0.018746552988886833,0.0006717901560477912,52.4471549987793,3.3197260818255026,0
UAsnU0Vn_go_005,0.02887711301445961,0.0006252003950066864,70.2359848022461,3.19667655623392,0
UAsnU0Vn_go_006,0.8339047431945801,0.0007375796558335423,25.165651321411133,2.9261731171849505,0
UAsnU0Vn_go_007,0.906467616558075,0.0001920845970744267,16.887861251831055,2.864908259168455,0
UAsnU0Vn_go_008,0.9092210531234741,0.003068674122914672,18.805036544799805,2.8459453433327813,0
UAsnU0Vn_go_009,0.020489299669861794,0.0009723429684527218,58.29872512817383,3.44986092911935,0
UAsnU0Vn_go_010,0.012695616111159325,0.0004203537537250668,57.438621520996094,3.3907415627372446,0
UAsnU0Vn_go_011,0.021760080009698868,0.0006395646487362683,57.26245880126953,3.391261459558393,0
UAsnU0Vn_go_012,0.017901794984936714,0.0006178813637234271,56.657432556152344,3.347198002900581,0
UAsnU0Vn_go_013,0.021860795095562935,0.000637365214060992,73.27430725097656,3.315373600371887,0
UAsnU0Vn_go_014,0.02409266121685505,0.0027150383684784174,70.08878326416016,3.123732209022549,0
UAsnU0Vn_go_015,0.03537793457508087,0.0006098005105741322,63.3377799987793,3.159038848351462,0
UE2Yh076-V0_000,0.861397922039032,0.0029880236834287643,13.512795448303223,2.04328950722898,0
UE2Yh076-V0_001,0.8103485107421875,0.005255143623799086,9.327753067016602,2.1326811728495074,0
UE2Yh076-V0_002,0.9219825267791748,0.0008679193560965359,6.871715068817139,1.231202020059636,0
ULm0hQPi1FA_000,0.023577669635415077,0.003297085640951991,69.34361267089844,3.172872639240365,0
ULm0hQPi1FA_001,0.018948230892419815,0.0004834899154957384,54.04745101928711,3.3657337811982275,0
ULm0hQPi1FA_002,0.019124401733279228,0.001049602054990828,56.43941879272461,3.42778549022063,0
ULm0hQPi1FA_003,0.03163161873817444,0.000825205584987998,63.433345794677734,3.3585070131475647,0
ULm0hQPi1FA_004,0.021325236186385155,0.0009133117273449898,67.59002685546875,3.316276506292797,0
ULm0hQPi1FA_005,0.013812540099024773,0.0005785120301879942,56.53557586669922,3.369133875053878,0
ULm0hQPi1FA_006,0.03281644359230995,0.0006090103415772319,63.29524612426758,3.037632625356548,0
UYQD1u6EOj4_000,0.025179415941238403,0.0008805764373391867,47.44765090942383,3.311207293606479,0
UYQD1u6EOj4_001,0.036225683987140656,0.006192309316247702,61.50412368774414,3.0861394859041877,0
UYQD1u6EOj4_002,0.7166993021965027,0.008078527636826038,10.307080268859863,2.231321265528517,0
UYQD1u6EOj4_003,0.7282148599624634,0.002511796774342656,9.244891166687012,1.3205641703129138,0
UYQD1u6EOj4_004,0.7613874673843384,0.0011093990178778768,16.565492630004883,2.2416481187951316,0
UYQD1u6EOj4_005,0.7960589528083801,0.009369348175823689,10.133488655090332,2.1402366737878795,0
UYQD1u6EOj4_006,0.7934775352478027,0.0029426952823996544,10.794507026672363,2.1528228369171942,0
UYQD1u6EOj4_007,0.8200012445449829,0.009340611286461353,8.946578979492188,1.118919705765811,0
UYQD1u6EOj4_008,0.7663410305976868,0.005556563381105661,8.378365516662598,1.112512433546921,0
UYQD1u6EOj4_009,0.8155012726783752,0.012411410920321941,9.8684663772583,1.2598241663345213,0
UYQD1u6EOj4_010,0.8204931020736694,0.0015168071258813143,13.329255104064941,1.9820998539680414,0
UYQD1u6EOj4_011,0.8193368911743164,0.005230218172073364,12.705795288085938,1.7663065958854718,0
UYQD1u6EOj4_012,0.025997551158070564,0.0006427504122257233,71.31417083740234,3.106934932796142,0
UYQD1u6EOj4_013,0.032196953892707825,0.0005832943134009838,63.5162239074707,3.122120620991748,0
Ue3PasbN4c4_000,0.025509897619485855,0.0011971091153100133,70.52308654785156,3.1056069671529665,0
Ue3PasbN4c4_001,0.027276817709207535,0.0018616599263623357,70.76078033447266,3.2831692913314234,0
Ue3PasbN4c4_002,0.875430166721344,0.0004371103714220226,17.270095825195312,2.5565999637615664,0
Ue3PasbN4c4_003,0.871296763420105,0.0006748944870196283,11.9166841506958,2.7634564523411465,0
Ue3PasbN4c4_004,0.8124302625656128,0.0019573885947465897,15.830206871032715,2.8762801119349275,0
Ue3PasbN4c4_005,0.9143928289413452,0.00048431073082610965,11.870039939880371,2.665069889728511,0
Ue3PasbN4c4_006,0.879891574382782,0.0006459410069510341,14.40706729888916,2.583421597367757,0
Ue3PasbN4c4_007,0.8976048231124878,0.0002666636719368398,12.13362979888916,2.6417390671349614,0
Ue3PasbN4c4_008,0.02480289526283741,0.0003829110646620393,59.97924041748047,2.8842394331798036,0
Uw_m6F9DL8Q_000,0.829846978187561,0.02301878109574318,8.326981544494629,1.6497978620346225,0
Uw_m6F9DL8Q_001,0.8344986438751221,0.003497156547382474,8.504234313964844,1.2080858619165835,0
Uw_m6F9DL8Q_002,0.8734961748123169,0.017394864931702614,7.781063079833984,1.4176011697723647,0
Uw_m6F9DL8Q_003,0.8459722995758057,0.006802139803767204,8.598481178283691,1.3880424822623083,0
Uw_m6F9DL8Q_004,0.8216624855995178,0.0034917499870061874,9.571778297424316,1.0958835226044172,0
Uw_m6F9DL8Q_005,0.8111104965209961,0.0009444261086173356,6.464348793029785,1.2378179414600665,0
Uw_m6F9DL8Q_006,0.6302746534347534,0.0032233973033726215,17.777175903320312,2.217533768017629,0
Uw_m6F9DL8Q_007,0.875044584274292,0.00879930704832077,6.294215202331543,1.1822931580661054,0
Uw_m6F9DL8Q_008,0.9151473045349121,0.000988291809335351,6.590128421783447,1.4531975905215164,0
V5rV2K_PbJI_000,0.034712232649326324,0.0007408412056975067,51.53006362915039,3.284706602403899,0
V5rV2K_PbJI_001,0.8831140995025635,0.002388595137745142,21.516996383666992,2.5960332050342934,0
V5rV2K_PbJI_002,0.03149764984846115,0.0016759176505729556,39.01475524902344,3.1822913775899417,0
V5rV2K_PbJI_003,0.8671457171440125,0.001160324551165104,16.496463775634766,2.5763424572789884,0
V5rV2K_PbJI_004,0.9129912853240967,0.001880180323496461,15.223965644836426,2.568021526556071,0
V5rV2K_PbJI_005,0.9172071814537048,0.0013267883332446218,16.778060913085938,2.691788759777222,0
V5rV2K_PbJI_006,0.9135363698005676,0.004208142403513193,16.1743106842041,2.5943413894997063,0
V5rV2K_PbJI_007,0.8854193091392517,0.0012398437829688191,11.75860595703125,2.4154552416565576,0
V5rV2K_PbJI_008,0.8900593519210815,0.0012491708621382713,12.866375923156738,2.5083884283744062,0
V5rV2K_PbJI_009,0.9097425937652588,0.0009197219042107463,14.104930877685547,2.2566517170572573,0
V5rV2K_PbJI_010,0.9011932015419006,0.0030418166425079107,13.982501983642578,2.447652412511343,0
V5rV2K_PbJI_011,0.9311310648918152,0.0010012296261265874,11.436136245727539,2.592293147398194,0
V5rV2K_PbJI_012,0.9380519986152649,0.002742236480116844,13.845632553100586,2.50908963321722,0
V5rV2K_PbJI_013,0.8730825781822205,0.004124072380363941,20.704147338867188,2.857975068658496,0
V5rV2K_PbJI_014,0.8956263065338135,0.00297861872240901,14.743417739868164,2.507351743827209,0
V5rV2K_PbJI_015,0.024232137948274612,0.0007942829397507012,71.04449462890625,2.966050698879708,0
V5rV2K_PbJI_016,0.030697636306285858,0.0006416123360395432,63.25965118408203,3.066347701008315,0
V65IV4tY3S0_000,0.023577669635415077,0.003297085640951991,69.34361267089844,3.172872639240365,0
V65IV4tY3S0_001,0.018948230892419815,0.0004834899154957384,54.04745101928711,3.3657337811982275,0
V65IV4tY3S0_002,0.019124401733279228,0.001049602054990828,56.43941879272461,3.42778549022063,0
V65IV4tY3S0_003,0.03163161873817444,0.000825205584987998,63.433345794677734,3.3585070131475647,0
V65IV4tY3S0_004,0.021325236186385155,0.0009133117273449898,67.59002685546875,3.316276506292797,0
V65IV4tY3S0_005,0.013812540099024773,0.0005785120301879942,56.53557586669922,3.369133875053878,0
V65IV4tY3S0_006,0.03281644359230995,0.0006090103415772319,63.29524612426758,3.037632625356548,0
VIXesMqwTbk_000,0.7593300342559814,0.06265299022197723,-2.725151538848877,1.099253603011254,0
VIXesMqwTbk_001,0.8939430713653564,0.09650907665491104,-2.297100782394409,1.0913669883956274,0
VIXesMqwTbk_002,0.8624513745307922,0.0018366343574598432,17.977033615112305,2.2118962946859817,0
VIXesMqwTbk_003,0.12784770131111145,0.11451349407434464,5.587436676025391,2.2772386331289316,0
VIXesMqwTbk_004,0.15734359622001648,0.06175932288169861,11.655590057373047,2.128262237078535,0
VIXesMqwTbk_005,0.11976899206638336,0.06741045415401459,26.54250144958496,2.548797966836542,0
VIXesMqwTbk_006,0.1614799052476883,0.35931605100631714,4.212451457977295,1.5848900761226925,0
VIXesMqwTbk_007,0.7682322263717651,0.012627077288925648,6.371240615844727,1.999147043226805,0
VIXesMqwTbk_008,0.9176362752914429,0.0011751250131055713,5.97893762588501,1.1466911982114216,0
VOlUzFvL6OY_000,0.9078945517539978,0.00065083202207461,12.018658638000488,2.489407916537082,0
VOlUzFvL6OY_001,0.929959237575531,0.0022390244994312525,5.218058109283447,1.9713935960051336,0
VOlUzFvL6OY_002,0.9091711044311523,0.0028717482928186655,6.521846771240234,1.1356611526990839,0
VOlUzFvL6OY_003,0.9192686676979065,0.009063410572707653,6.1837849617004395,1.1182640553948209,0
VOlUzFvL6OY_004,0.8835625052452087,0.0012910485966131091,4.5807342529296875,1.1283411117959055,0
VOlUzFvL6OY_005,0.02743692696094513,0.0009154820581898093,70.64055633544922,3.109603724776513,0
VOlUzFvL6OY_006,0.0355965793132782,0.0006416444666683674,65.0434341430664,3.1804942794749294,0
VSRNkjL-Rs8_000,0.04444364085793495,0.001254907576367259,60.7474365234375,3.0528895409325196,0
VSRNkjL-Rs8_001,0.04946814104914665,0.0077690850012004375,26.973876953125,2.8873909629801413,0
VSRNkjL-Rs8_002,0.03309643641114235,0.0057567874900996685,56.30082702636719,3.1400555578999714,0
VSRNkjL-Rs8_003,0.01839274726808071,0.0006692037568427622,47.26665115356445,3.305698993127115,0
VSRNkjL-Rs8_004,0.028014834970235825,0.0010224018478766084,55.90081024169922,3.0467660686214537,0
VSRNkjL-Rs8_005,0.026279078796505928,0.0019208082230761647,56.21576690673828,3.2002570110900415,0
VSRNkjL-Rs8_006,0.029819346964359283,0.0007926411344669759,70.44831848144531,2.9950144690491194,0
VSRNkjL-Rs8_007,0.02775748074054718,0.0004876867460552603,65.2259292602539,3.0649892457788668,0
VV08vrYsfEc_000,0.8086346983909607,0.013373872265219688,19.15049934387207,2.554344404900209,0
VV08vrYsfEc_001,0.5044590830802917,0.003425092436373234,11.327251434326172,1.8185371486447315,0
VV08vrYsfEc_002,0.8710982203483582,0.003542454680427909,10.387272834777832,2.3659732702753735,0
VV08vrYsfEc_003,0.8616663217544556,0.005572717171162367,9.169099807739258,2.322037211240466,0
VV08vrYsfEc_004,0.9165123105049133,0.0008368614362552762,6.2417707443237305,1.9757981071901591,0
V_HbhFRv6l4_000,0.025428472086787224,0.0011645411141216755,55.473812103271484,2.9626482693219574,0
V_HbhFRv6l4_001,0.8608896732330322,0.02884404920041561,13.710183143615723,2.1916879107529845,0
V_HbhFRv6l4_002,0.9251358509063721,0.0033081339206546545,17.140085220336914,2.067549568095708,0
V_HbhFRv6l4_003,0.8944188952445984,0.005962795577943325,17.663089752197266,2.4719122049526177,0
V_HbhFRv6l4_004,0.9022941589355469,0.005561490077525377,13.085445404052734,1.3628113704983051,0
V_HbhFRv6l4_005,0.8968560099601746,0.008890872821211815,14.113435745239258,2.638592925411919,0
V_HbhFRv6l4_006,0.8962584733963013,0.0027487040497362614,17.222328186035156,2.708426516390835,0
V_HbhFRv6l4_007,0.896426796913147,0.006783786229789257,15.682025909423828,2.625957533006383,0
V_HbhFRv6l4_008,0.901930570602417,0.007927310653030872,13.70185661315918,2.4238306748277845,0
V_HbhFRv6l4_009,0.9204516410827637,0.005657206755131483,11.712248802185059,2.7876104729928515,0
V_HbhFRv6l4_010,0.9190958738327026,0.0048513226211071014,12.844298362731934,2.0922630674558085,0
V_HbhFRv6l4_011,0.8970779180526733,0.0028243176639080048,11.202631950378418,1.1265318243371631,0
V_HbhFRv6l4_012,0.03173649683594704,0.0006973831332288682,70.96317291259766,3.1080940375322172,0
V_HbhFRv6l4_013,0.03153775632381439,0.0005941332783550024,64.89835357666016,3.143186958615798,0
Vw6jr6ClWSo_000,0.8989039063453674,0.03172599896788597,5.69858980178833,1.2536294620068336,0
Vw6jr6ClWSo_001,0.9142695665359497,0.024777727201581,5.375990867614746,1.9026840397029214,0
Vw6jr6ClWSo_002,0.8652029633522034,0.006577655673027039,5.839353084564209,1.373133970600581,0
Vw6jr6ClWSo_003,0.91669100522995,0.0009673057356849313,6.942596435546875,1.7437533779272665,0
W3L1YQiN-vs_000,0.0170938391238451,0.0010307133197784424,68.96373748779297,3.2367099004853332,0
W3L1YQiN-vs_001,0.6839367747306824,0.0025697581004351377,14.402068138122559,2.769627308063786,0
W3L1YQiN-vs_002,0.03140866011381149,0.0006052274839021266,60.80409622192383,3.133814783102866,0
W3t3MS0YG8Q_000,0.8937135338783264,0.0010562882525846362,12.944585800170898,2.4569015597115778,0
W3t3MS0YG8Q_001,0.9053799510002136,0.0008033239282667637,4.320957660675049,1.263190829739341,0
W3t3MS0YG8Q_002,0.8439216017723083,0.002881249412894249,7.077306747436523,1.9105998271690996,0
W3t3MS0YG8Q_003,0.9121842980384827,0.0008548545301891863,7.1192169189453125,1.079789321035061,0
W3t3MS0YG8Q_004,0.8921197056770325,0.0021468368358910084,5.153200626373291,1.638110889696951,0
W3t3MS0YG8Q_005,0.7391024827957153,0.004755272064357996,10.247994422912598,1.6896431666669076,0
W3t3MS0YG8Q_006,0.8776915669441223,0.0005713366554118693,14.099716186523438,2.4874193273936482,0
W3t3MS0YG8Q_007,0.7990298271179199,0.0062182568944990635,22.060291290283203,2.1133307947557007,0
W3t3MS0YG8Q_008,0.9209011197090149,0.0010971135925501585,6.411433696746826,1.1278464946265674,0
W6q_eMvdJ1Y_000,0.0561973862349987,0.004953449591994286,60.5318489074707,3.2807400660890473,0
W6q_eMvdJ1Y_001,0.025713607668876648,0.001608559163287282,72.38080596923828,3.295428540694343,0
W6q_eMvdJ1Y_002,0.01613103225827217,0.0006202777731232345,47.56085205078125,3.3007984859272654,0
W6q_eMvdJ1Y_003,0.010047828778624535,0.0006506918580271304,47.741294860839844,3.1464486099418334,0
W6q_eMvdJ1Y_004,0.015116523019969463,0.0007223357679322362,54.51034927368164,3.2382615302740865,1
W6q_eMvdJ1Y_005,0.015593569725751877,0.0008120288257487118,57.05055236816406,3.3988450962524017,0
W6q_eMvdJ1Y_006,0.015476522035896778,0.0010613882914185524,51.06358337402344,3.199814463071288,0
W6q_eMvdJ1Y_007,0.014833391644060612,0.0005212190444581211,56.67282485961914,2.940168510420677,0
W6q_eMvdJ1Y_008,0.0240983534604311,0.0007355984416790307,71.53704833984375,3.0210714023191283,0
W6q_eMvdJ1Y_009,0.0293593667447567,0.0005038162926211953,65.3506851196289,3.0928762147798694,0
WCpDbhSyK7k_000,0.8896832466125488,0.16310924291610718,0.951629638671875,1.40573206775074,0
WCpDbhSyK7k_001,0.8188960552215576,0.004084972199052572,14.45295238494873,2.103050594103366,0
WCpDbhSyK7k_002,0.8572771549224854,0.1775486171245575,2.1821656227111816,1.0904102139949656,0
WCpDbhSyK7k_003,0.8686602711677551,0.10971799492835999,7.137669086456299,1.6661177404674639,0
WCpDbhSyK7k_004,0.9010152816772461,0.014581461437046528,14.16308879852295,2.3101824937920337,0
WCpDbhSyK7k_005,0.7917702794075012,0.1028166115283966,4.417685508728027,1.1081869774604154,0
WCpDbhSyK7k_006,0.8594363331794739,0.08851096779108047,2.9955432415008545,1.0947261229356655,0
WCpDbhSyK7k_007,0.8711004257202148,0.08073239028453827,0.623678982257843,1.1566976410646386,0
WCpDbhSyK7k_008,0.8578760623931885,0.14261898398399353,0.48988842964172363,1.1096420592174217,0
WCpDbhSyK7k_009,0.7843851447105408,0.0835227519273758,3.1521053314208984,1.0352438427309183,0
WCpDbhSyK7k_010,0.8441541790962219,0.14092494547367096,-0.6973417401313782,1.1065062324421227,0
WCpDbhSyK7k_011,0.8292739987373352,0.0717448741197586,0.546637237071991,1.0369634284888318,0
WCpDbhSyK7k_012,0.8381069302558899,0.08626095205545425,-0.9697288274765015,1.0916462488824477,0
WCpDbhSyK7k_013,0.8431294560432434,0.08788731694221497,9.042671203613281,1.0846764623574126,0
WCpDbhSyK7k_014,0.7624274492263794,0.01030628103762865,6.520068645477295,2.15861860771009,0
WCpDbhSyK7k_015,0.9207849502563477,0.0009827623143792152,6.6167192459106445,1.4380604025367143,0
WFtzJD_UhfU_000,0.8168520331382751,0.03240542858839035,10.745834350585938,1.3038086882241116,0
WFtzJD_UhfU_001,0.8052278757095337,0.03929785266518593,3.735217809677124,1.683170137109481,0
WFtzJD_UhfU_002,0.8021649122238159,0.011323492042720318,13.316542625427246,1.198700354475073,0
WFtzJD_UhfU_003,0.8657037615776062,0.008196724578738213,5.8796000480651855,1.0270375772441664,0
WFtzJD_UhfU_004,0.9145785570144653,0.0010198389645665884,5.9735870361328125,1.3837307927112796,0
WceS1ddqRLI_000,0.40237686038017273,0.10975430905818939,9.580424308776855,1.1300509672743024,0
WceS1ddqRLI_001,0.16124318540096283,0.042720139026641846,-2.0089569091796875,1.5805885387163134,0
WceS1ddqRLI_002,0.20838657021522522,0.12657462060451508,26.497011184692383,1.3500564959508359,0
WceS1ddqRLI_003,0.7848396301269531,0.005425280891358852,10.1146240234375,1.107840300930265,0
WceS1ddqRLI_004,0.881040632724762,0.0049627842381596565,10.823826789855957,2.0796029679882264,0
WceS1ddqRLI_005,0.8733829855918884,0.023766599595546722,12.048319816589355,1.590834766205908,0
WceS1ddqRLI_006,0.8880971074104309,0.010232358239591122,6.241633892059326,1.245531547094882,0
WceS1ddqRLI_007,0.9191793203353882,0.0010856842854991555,6.005712509155273,1.7131352580702022,0
Whvy26QDqpk_000,0.8423633575439453,0.005051964893937111,9.269393920898438,2.051182424025318,0
Whvy26QDqpk_001,0.9015622735023499,0.00671430816873908,6.574008941650391,1.1155671658042088,0
Whvy26QDqpk_002,0.7257878184318542,0.007602307014167309,27.12947654724121,2.4354501568978164,0
Whvy26QDqpk_003,0.9104907512664795,0.0008529371698386967,6.44405460357666,1.1686953660570196,0
Ws-kE2loi9E_000,0.8473355770111084,0.003271118039265275,16.296117782592773,2.2282066381109518,0
Ws-kE2loi9E_001,0.8798989057540894,0.00582236610352993,14.304133415222168,2.1166551598764887,0
Ws-kE2loi9E_002,0.8460736870765686,0.034224413335323334,4.031527996063232,1.1033752998423985,0
Ws-kE2loi9E_003,0.922367513179779,0.0010259691625833511,5.962223052978516,1.4232576009406828,0
WzFTOmosXpg_000,0.860925018787384,0.029350442811846733,13.850675582885742,2.1525914873776117,0
WzFTOmosXpg_001,0.780209481716156,0.35058045387268066,-0.04603971168398857,1.0959502412132112,0
WzFTOmosXpg_002,0.9123303294181824,0.009981808252632618,10.772300720214844,1.952870549465511,0
WzFTOmosXpg_003,0.8543363213539124,0.006746015045791864,20.18199348449707,2.350576533807494,0
WzFTOmosXpg_004,0.9184138178825378,0.0008674332057125866,6.4480719566345215,1.416928585411168,0
X0KbsvCMKPY_000,0.7613739967346191,0.0032229868229478598,13.243215560913086,2.235160987529794,0
X0KbsvCMKPY_001,0.8210113048553467,0.004340238403528929,17.151874542236328,2.4118897236777697,0
X0KbsvCMKPY_002,0.8397813439369202,0.011003219522535801,19.075897216796875,2.010530858302528,0
X0KbsvCMKPY_003,0.8663853406906128,0.009352849796414375,6.063568592071533,1.2583345202702176,0
X0KbsvCMKPY_004,0.9156425595283508,0.0009333275957033038,6.29785680770874,1.3850643218610939,0
X0OHN5iUdWk_000,0.8824942111968994,0.0021895221434533596,16.12160873413086,2.2281714460999678,0
X0OHN5iUdWk_001,0.5235852003097534,0.0012112862896174192,58.3940315246582,3.188811648063443,0
X0OHN5iUdWk_002,0.0335744172334671,0.0019862460903823376,59.824520111083984,2.9348536940548002,0
X0OHN5iUdWk_003,0.047921136021614075,0.0008523883298039436,61.416072845458984,3.4385849624142817,0
X0OHN5iUdWk_004,0.7867958545684814,0.019542427733540535,26.617828369140625,2.242338797642364,0
X0OHN5iUdWk_005,0.9128279089927673,0.0010680763516575098,6.346780300140381,1.3942326386894874,0
X0gS6HRSeVw_000,0.7798758745193481,0.001784460968337953,9.450677871704102,1.221501090369899,0
X0gS6HRSeVw_001,0.910648763179779,0.002084125764667988,11.693731307983398,1.098030462925871,0
X0gS6HRSeVw_002,0.8902062177658081,0.0037625799886882305,14.231817245483398,2.4018508603610855,0
X0gS6HRSeVw_003,0.8670222163200378,0.015041117556393147,10.106863021850586,2.1718766623126333,0
X0gS6HRSeVw_004,0.9171493053436279,0.0009708377765491605,5.580189228057861,2.3781620389819067,0
X1jILspAmNs_000,0.7905550599098206,0.0034807485062628984,15.330611228942871,2.244250609062768,0
X1jILspAmNs_001,0.039612654596567154,0.0014494556235149503,36.85718536376953,2.1455052380242505,0
X1jILspAmNs_002,0.701916515827179,0.02572663128376007,16.32494354248047,1.7012892796064838,0
X1jILspAmNs_003,0.7420675158500671,0.0024479704443365335,5.600992202758789,1.1055271368158723,0
X1jILspAmNs_004,0.8763260245323181,0.015597529709339142,-0.7631418108940125,1.0744070544651523,0
X1jILspAmNs_005,0.8325007557868958,0.005368963815271854,8.17392349243164,2.250092697487509,0
X1jILspAmNs_006,0.03237901255488396,0.0016285047167912126,16.33280372619629,2.3271183256800088,0
X1jILspAmNs_007,0.805594265460968,0.06115551292896271,17.89097785949707,2.4778717544883473,0
X1jILspAmNs_008,0.8922073245048523,0.013823638670146465,13.285395622253418,2.313664602756643,0
X1jILspAmNs_009,0.8756389617919922,0.008606315590441227,6.1602559089660645,1.1349028702245159,0
X1jILspAmNs_010,0.9178999662399292,0.0010297161061316729,5.931345462799072,1.193590472758647,0
X7Q_g9P-Pa4_000,0.8644769787788391,0.00391408009454608,12.116517066955566,2.1697713674383237,0
X7Q_g9P-Pa4_001,0.8425301909446716,0.013700556010007858,6.241988658905029,2.3009874649127533,0
X7Q_g9P-Pa4_002,0.8988252282142639,0.004385164938867092,33.33586502075195,2.754398381726946,0
X7Q_g9P-Pa4_003,0.8167734742164612,0.006743900012224913,13.962079048156738,2.131296820360674,0
X7Q_g9P-Pa4_004,0.8552182912826538,0.003646775148808956,13.102147102355957,1.2318646820347035,0
X7Q_g9P-Pa4_005,0.8280530571937561,0.007800816558301449,17.642539978027344,2.310875647427756,0
X7Q_g9P-Pa4_006,0.830855667591095,0.026760853826999664,16.477338790893555,2.2950484128740256,0
X7Q_g9P-Pa4_007,0.8681291937828064,0.012362347915768623,9.737661361694336,1.3795821717918226,0
X7Q_g9P-Pa4_008,0.8381282091140747,0.0475923977792263,8.319722175598145,2.059837631829624,0
X7Q_g9P-Pa4_009,0.8212876915931702,0.04723886400461197,11.966043472290039,2.0472302259853974,0
X7Q_g9P-Pa4_010,0.8661139607429504,0.005772206466645002,17.73090362548828,2.317201823016997,0
X7Q_g9P-Pa4_011,0.838070809841156,0.004840507637709379,2.9364120960235596,2.041681426960802,0
X7Q_g9P-Pa4_012,0.9059794545173645,0.0012919970322400331,5.6218438148498535,1.1063796792632095,0
XBgO4iQ6JwY_000,0.796808123588562,0.0071510751731693745,24.395957946777344,2.395692507698849,0
XBgO4iQ6JwY_001,0.7589805126190186,0.004340469371527433,26.548803329467773,2.5845676943129634,0
XBgO4iQ6JwY_002,0.7847372889518738,0.0034465475473552942,23.659503936767578,2.585318191378177,0
XBgO4iQ6JwY_003,0.7601099610328674,0.0051919142715632915,26.05203628540039,2.814335265482687,0
XBgO4iQ6JwY_004,0.8308138847351074,0.0035497199278324842,28.740509033203125,2.4327384042273392,0
XBgO4iQ6JwY_005,0.743587851524353,0.004922604188323021,25.19261932373047,2.7567905579410685,0
XBgO4iQ6JwY_006,0.6133631467819214,0.004029548726975918,43.70085906982422,2.6584734421621006,0
XBgO4iQ6JwY_007,0.024460401386022568,0.0015495893312618136,24.215639114379883,2.8080163135755707,0
XBgO4iQ6JwY_008,0.028035156428813934,0.0008260395261459053,70.4397964477539,2.8887510741395404,0
XBgO4iQ6JwY_009,0.0322820320725441,0.0006736641516909003,64.31542205810547,3.036520601292961,0
XHHm38uL7Rs_000,0.8367419838905334,0.0011686444049701095,14.874489784240723,2.3484731850316556,0
XHHm38uL7Rs_001,0.8854911923408508,0.0035782617051154375,9.152251243591309,1.4862538446145859,0
XHHm38uL7Rs_002,0.9257127642631531,0.004000585991889238,8.385579109191895,1.4596663410648678,0
XHHm38uL7Rs_003,0.9277204871177673,0.00463152676820755,10.289740562438965,1.2212190596779624,0
XNW1Cjr6bLg_000,0.8487412333488464,0.0017693510744720697,16.293563842773438,2.4379756963092913,0
XNW1Cjr6bLg_001,0.8721373081207275,0.11226462572813034,10.198384284973145,2.0162109195463587,0
XNW1Cjr6bLg_002,0.47471967339515686,0.5099191069602966,4.601684093475342,2.26106041145628,0
XNW1Cjr6bLg_003,0.11182264983654022,0.1135597676038742,13.794795036315918,2.2948590692997257,0
XNW1Cjr6bLg_004,0.20350149273872375,0.21213912963867188,8.026239395141602,1.5697240755668493,0
XNW1Cjr6bLg_005,0.5304961800575256,0.6309643387794495,9.963342666625977,1.6236871010501595,0
XNW1Cjr6bLg_006,0.3024531602859497,0.5600711107254028,-1.9023405313491821,1.140480942931813,0
XNW1Cjr6bLg_007,0.25705498456954956,0.5860586762428284,12.658927917480469,2.4136858867888655,0
XNW1Cjr6bLg_008,0.8181689977645874,0.004796136170625687,12.19681453704834,2.4252261212439405,0
XNW1Cjr6bLg_009,0.8695921897888184,0.005105383228510618,4.765813827514648,1.1697134962268503,0
XNW1Cjr6bLg_010,0.9180879592895508,0.0010320933070033789,5.794498920440674,1.2373351101244896,0
XQx_179B1l8_000,0.8584914803504944,0.005467962473630905,10.80978775024414,2.268952373163903,0
XQx_179B1l8_001,0.8907495737075806,0.022515716031193733,7.254478931427002,1.3836708132056015,0
XQx_179B1l8_002,0.9134016036987305,0.004030775744467974,6.563292503356934,1.2278491723569944,0
XQx_179B1l8_003,0.8685126304626465,0.004527604207396507,5.7602314949035645,1.1212505439233682,0
XQx_179B1l8_004,0.9333959817886353,0.0020868349820375443,10.604735374450684,1.7262564853589686,0
XQx_179B1l8_005,0.8239319920539856,0.012858770787715912,12.00983715057373,2.4506846425850592,0
XQx_179B1l8_006,0.6573792099952698,0.011206775903701782,3.1671340465545654,1.9389337848000803,0
XQx_179B1l8_007,0.8672589063644409,0.007990250363945961,11.284741401672363,2.139035919435893,0
XQx_179B1l8_008,0.9140190482139587,0.0011287986999377608,6.283363342285156,1.7229053582622704,0
XfuquiAUeSY_000,0.8454598784446716,0.009371393360197544,17.297191619873047,2.587558555941336,0
XfuquiAUeSY_001,0.8661350607872009,0.022128049284219742,13.713628768920898,1.894518746322116,0
XfuquiAUeSY_002,0.8452145457267761,0.005266479682177305,12.376195907592773,2.23908836457314,0
XfuquiAUeSY_003,0.8637468814849854,0.016942068934440613,8.675060272216797,1.2407168542922917,0
XfuquiAUeSY_004,0.032513685524463654,0.0006851536454632878,64.39108276367188,3.0893022359698348,0
XhjXPvA0FhU_000,0.04268987849354744,0.007237548474222422,51.127479553222656,3.34416728609632,0
XhjXPvA0FhU_001,0.02603023871779442,0.0005845861160196364,71.27404022216797,3.1229401449497605,0
XhjXPvA0FhU_002,0.029567528516054153,0.0005863866535946727,64.34445190429688,3.0029812176016457,0
XhtThcouRjo_000,0.9080596566200256,0.04095365107059479,5.709488868713379,2.0334480024802244,0
XhtThcouRjo_001,0.8892663717269897,0.014661146327853203,5.08230447769165,1.2715745038244914,0
XhtThcouRjo_002,0.883736789226532,0.006806284189224243,12.261530876159668,2.4241571166097446,0
XhtThcouRjo_003,0.8568240404129028,0.006342145148664713,4.888068675994873,1.043674356697059,0
XhtThcouRjo_004,0.9185106158256531,0.0009383762371726334,5.954397201538086,1.4342362494977727,0
XoSr_UFugbc_000,0.8686546087265015,0.001630099373869598,11.010011672973633,2.1910063358887744,0
XoSr_UFugbc_001,0.8078120350837708,0.0016118154162541032,14.00465202331543,1.047151751356139,0
XoSr_UFugbc_002,0.8622509241104126,0.0022949466947466135,5.7831268310546875,1.252162120502536,0
XoSr_UFugbc_003,0.9102131128311157,0.00435505248606205,8.375455856323242,2.358254536263201,0
XoSr_UFugbc_004,0.8685281872749329,0.006078588310629129,6.100819110870361,1.1412382334621411,0
XoSr_UFugbc_005,0.8628003001213074,0.006715118885040283,5.7139997482299805,1.1243040161467097,0
XoSr_UFugbc_006,0.9018126726150513,0.012389500625431538,5.797367572784424,1.113105208856936,0
XoSr_UFugbc_007,0.9207484722137451,0.0016855514841154218,1.3944165706634521,1.0872021560065714,0
XoSr_UFugbc_008,0.9091558456420898,0.01263467688113451,4.4212870597839355,1.1214177257984128,0
XoSr_UFugbc_009,0.8462966084480286,0.0023136530071496964,0.6545968055725098,1.086448270865535,0
XoSr_UFugbc_010,0.8882111310958862,0.0031483666971325874,7.090610504150391,1.1394832772197356,0
XoSr_UFugbc_011,0.9160236120223999,0.0025028344243764877,3.3235251903533936,1.2273513532718943,0
XoSr_UFugbc_012,0.9124460220336914,0.01115646306425333,3.9112815856933594,1.106370163090227,0
XoSr_UFugbc_013,0.9066472053527832,0.020525267347693443,4.473320484161377,1.1158586786003353,0
XoSr_UFugbc_014,0.9222089648246765,0.008278782479465008,6.897341251373291,1.1003814017006752,0
XoSr_UFugbc_015,0.8677119612693787,0.027277899906039238,4.738490581512451,1.0998807701556523,0
XoSr_UFugbc_016,0.8879497647285461,0.06644031405448914,5.538241386413574,2.2265095115243767,0
XoSr_UFugbc_017,0.8458327651023865,0.02423977665603161,7.413753032684326,1.0792646375016917,0
XoSr_UFugbc_018,0.8871876001358032,0.0023118716198951006,3.7370193004608154,1.1092705014597606,0
XoSr_UFugbc_019,0.9045529365539551,0.009378408081829548,3.526005268096924,1.124524741731683,0
XoSr_UFugbc_020,0.8855028748512268,0.028694529086351395,5.67405891418457,2.1745422813483333,0
XoSr_UFugbc_021,0.8792853951454163,0.009956393390893936,6.1241068840026855,1.223896148222114,0
XoSr_UFugbc_022,0.7053892612457275,0.004633749835193157,39.89312744140625,3.010322664607977,0
XoSr_UFugbc_023,0.034115664660930634,0.0006228128913789988,64.64436340332031,3.1786535810875045,0
XrKoDnOcgmk_000,0.8814051747322083,0.002076206263154745,14.387940406799316,2.6072294183319045,0
XrKoDnOcgmk_001,0.8214403390884399,0.0030712499283254147,14.148441314697266,2.1688296170991865,0
XrKoDnOcgmk_002,0.7309221625328064,0.0021105180494487286,15.730048179626465,2.7607962177073118,0
XrKoDnOcgmk_003,0.861093282699585,0.008934715762734413,4.618114948272705,1.2621601238908482,0
XrKoDnOcgmk_004,0.9165350198745728,0.0010980959050357342,6.623659133911133,1.4012501600795317,0
Y0Ldjrv-EK0_000,0.0170938391238451,0.0010307133197784424,68.96373748779297,3.2367099004853332,0
Y0Ldjrv-EK0_001,0.6678776741027832,0.002317426959052682,16.40296173095703,2.874337614443186,0
Y0Ldjrv-EK0_002,0.024684220552444458,0.0007036944152787328,70.93022155761719,3.13384349961052,0
YBk5juEYqLk_000,0.8143103122711182,0.00882464088499546,11.915648460388184,2.3235113609088813,0
YBk5juEYqLk_001,0.882450520992279,0.00906754843890667,11.46477222442627,2.2490899063373777,0
YBk5juEYqLk_002,0.9298537969589233,0.001616794615983963,14.89975357055664,2.2368393576155383,0
YBk5juEYqLk_003,0.867095947265625,0.010211753658950329,6.393146991729736,1.1226491412470962,0
YBk5juEYqLk_004,0.9160711169242859,0.0008285494986921549,5.87738561630249,1.3801367275997556,0
YE84Iy5vwHc_000,0.82752925157547,0.015378808602690697,12.385830879211426,2.4024018619605934,0
YE84Iy5vwHc_001,0.8654026389122009,0.006050675641745329,8.249237060546875,2.135990563530955,0
YE84Iy5vwHc_002,0.7702364921569824,0.009116996079683304,6.660970211029053,2.2947758577192343,0
YE84Iy5vwHc_003,0.9177042841911316,0.000987912411801517,5.584343910217285,1.2046557499777248,0
YNw8-7yDYqQ_000,0.1361827403306961,0.19905434548854828,28.122167587280273,3.033614223121941,0
YNw8-7yDYqQ_001,0.6801259517669678,0.04690234735608101,25.807201385498047,1.5652526241221463,0
YNw8-7yDYqQ_002,0.0216226764023304,0.0017634135438129306,72.0973129272461,3.1449285640043527,0
YNw8-7yDYqQ_003,0.07831140607595444,0.16858185827732086,38.329097747802734,3.125049783144931,0
YNw8-7yDYqQ_004,0.09105099737644196,0.3798322081565857,39.40726852416992,2.92954946657445,0
YNw8-7yDYqQ_005,0.13027937710285187,0.6536856293678284,52.389564514160156,3.2309865177745087,0
YNw8-7yDYqQ_006,0.08847399055957794,0.3674810826778412,42.6577033996582,2.627478946606259,0
YNw8-7yDYqQ_007,0.12335571646690369,0.38980117440223694,29.308914184570312,2.723061310388427,0
YNw8-7yDYqQ_008,0.16876302659511566,0.31028687953948975,23.91231918334961,2.3457367928087725,0
YNw8-7yDYqQ_009,0.1857820451259613,0.2993820607662201,5.063260078430176,2.3055901239548704,0
YNw8-7yDYqQ_010,0.3026888072490692,0.21991907060146332,0.06120941787958145,2.3459262831907135,0
YNw8-7yDYqQ_011,0.06264244019985199,0.1816912591457367,39.73585891723633,2.599895358993617,0
YNw8-7yDYqQ_012,0.0710752084851265,0.24239803850650787,26.6998291015625,2.2720346107350724,0
YNw8-7yDYqQ_013,0.21670646965503693,0.0038956310600042343,59.68628692626953,2.069037063226123,0
YNw8-7yDYqQ_014,0.035183899104595184,0.0015379589749500155,71.081787109375,3.0209489578674864,0
YNw8-7yDYqQ_015,0.12616953253746033,0.05180981382727623,33.5716552734375,2.4691008921396684,0
YNw8-7yDYqQ_016,0.11556796729564667,0.18454384803771973,40.09074783325195,2.298266415942987,0
YNw8-7yDYqQ_017,0.806226909160614,0.009509115479886532,20.666770935058594,2.074771662375899,0
YNw8-7yDYqQ_018,0.015300116501748562,0.000557613733690232,15.234395027160645,2.142675788185088,0
YNw8-7yDYqQ_019,0.018604617565870285,0.0010738023556768894,46.36166763305664,2.9659842728358425,0
YNw8-7yDYqQ_020,0.03959730267524719,0.0014675403945147991,42.091800689697266,2.7968776931274184,0
YNw8-7yDYqQ_021,0.04029863700270653,0.006786787416785955,7.961650848388672,1.6688695172038492,0
YNw8-7yDYqQ_022,0.02863626927137375,0.006027600262314081,11.11357307434082,2.3330141142054592,0
YNw8-7yDYqQ_023,0.8698729872703552,0.011201942339539528,12.84768295288086,1.7434801421713142,0
YNw8-7yDYqQ_024,0.8758359551429749,0.009425682947039604,5.881657123565674,1.1877778478485677,0
YNw8-7yDYqQ_025,0.9170607924461365,0.0008927359012886882,6.013596057891846,1.0672674536682163,0
YV9XuD-BsfY_000,0.05951105058193207,0.007580742239952087,57.13887023925781,3.2248069600963194,0
YV9XuD-BsfY_001,0.9177019596099854,0.0020103096030652523,13.867082595825195,2.3833906848630235,0
YV9XuD-BsfY_002,0.897996187210083,0.0006589674740098417,9.985276222229004,1.572373138092544,0
YV9XuD-BsfY_003,0.9211257100105286,0.0007371071260422468,8.61224365234375,1.2865584179479623,0
YV9XuD-BsfY_004,0.91441410779953,0.0006769922329112887,6.127487659454346,1.1381961482368046,0
YV9XuD-BsfY_005,0.8872835636138916,0.0009820883860811591,8.27574634552002,1.4706562186170762,0
YV9XuD-BsfY_006,0.9024327397346497,0.0011950123589485884,5.303034782409668,1.0229860957876067,0
YV9XuD-BsfY_007,0.8815606832504272,0.0012844164157286286,9.640963554382324,2.204662617947494,0
YV9XuD-BsfY_008,0.9070220589637756,0.0007828279631212354,7.625251293182373,1.097771379739314,0
YV9XuD-BsfY_009,0.9295487999916077,0.0008995857206173241,7.996994972229004,1.6313186169145573,0
YV9XuD-BsfY_010,0.9256663918495178,0.0015225028619170189,7.415850639343262,1.2703677220584566,0
YV9XuD-BsfY_011,0.028115978464484215,0.0006718189106322825,71.18013763427734,3.1292653973917783,0
YV9XuD-BsfY_012,0.03501228243112564,0.000571181473787874,64.88363647460938,3.1028222025426673,0
YZwJFoSGjX8_000,0.7521741986274719,0.027725456282496452,15.553564071655273,2.292852959755626,0
YZwJFoSGjX8_001,0.8555757403373718,0.005109461490064859,14.647492408752441,2.221389170798185,0
YZwJFoSGjX8_002,0.8350085616111755,0.004365651402622461,16.8037109375,1.6791774580120813,0
YZwJFoSGjX8_003,0.8769354224205017,0.00864900927990675,6.008223056793213,1.1794313134466552,0
YZwJFoSGjX8_004,0.920263946056366,0.0010975677287206054,6.673230171203613,1.3169110970738143,0
YcdvhG8bY2M_000,0.8430030345916748,0.0035169553011655807,21.82499885559082,2.701737196260684,0
YcdvhG8bY2M_001,0.8881312012672424,0.001399522298015654,12.092059135437012,1.6767325581108314,0
YcdvhG8bY2M_002,0.8172639608383179,0.02912525273859501,17.84229278564453,2.355399684554785,0
YcdvhG8bY2M_003,0.2521486282348633,0.000787446100730449,39.07474899291992,3.0565702410980755,0
YjCvF8VfjV4_000,0.06774081289768219,0.0026663243770599365,32.48518753051758,2.756013592204681,0
YjCvF8VfjV4_001,0.020175017416477203,0.002295833546668291,37.83348083496094,2.732470297170364,0
YjCvF8VfjV4_002,0.030430348590016365,0.0038610794581472874,40.65237808227539,3.1602118404147514,0
YjCvF8VfjV4_003,0.7902010679244995,0.002885230351239443,10.962048530578613,2.4186186126608162,0
YjCvF8VfjV4_004,0.7776364684104919,0.008377517573535442,8.325124740600586,1.3952996662977148,0
YjCvF8VfjV4_005,0.7999046444892883,0.0035577791277319193,8.051969528198242,1.634357851985643,0
YjCvF8VfjV4_006,0.7414627075195312,0.0024016716051846743,9.964118957519531,1.7952275725891653,0
YjCvF8VfjV4_007,0.7475559711456299,0.005028552375733852,9.393254280090332,2.356522429791036,0
YjCvF8VfjV4_008,0.6929100155830383,0.0015850465279072523,9.032571792602539,2.6806205000508627,0
YjCvF8VfjV4_009,0.7831060886383057,0.003200728911906481,12.14820671081543,2.4566477791097,0
YjCvF8VfjV4_010,0.7620680928230286,0.00535738468170166,7.483987331390381,1.2700364647547528,0
YjCvF8VfjV4_011,0.7750064730644226,0.010878114961087704,12.596353530883789,2.4396740918206636,0
YjCvF8VfjV4_012,0.6899881362915039,0.008797060698270798,9.123370170593262,2.506167836216837,0
YjCvF8VfjV4_013,0.7988048791885376,0.002372011309489608,8.401141166687012,1.3598452631011462,0
YjCvF8VfjV4_014,0.7440120577812195,0.0052476306445896626,8.982098579406738,1.8139244741657548,0
YjCvF8VfjV4_015,0.4106197655200958,0.0012267318088561296,65.78308868408203,3.0044090375508175,0
YjCvF8VfjV4_016,0.030361991375684738,0.0006476534181274474,62.329551696777344,3.0888622528188585,0
ZLG2nJtty3c_000,0.0335080660879612,0.0007933034212328494,49.43943405151367,2.9699354370266198,0
ZLG2nJtty3c_001,0.05438000336289406,0.01331288367509842,51.93152618408203,2.740611394187365,0
ZLG2nJtty3c_002,0.859995424747467,0.007681288290768862,10.164922714233398,1.7367207587418663,0
ZLG2nJtty3c_003,0.8929684162139893,0.007868107408285141,6.033411979675293,1.4379480308491401,0
ZLG2nJtty3c_004,0.9330052137374878,0.0015146356308832765,8.37990951538086,1.1804336162812652,0
ZLG2nJtty3c_005,0.9264503717422485,0.0022239170502871275,8.746830940246582,2.2572902703686037,0
ZLG2nJtty3c_006,0.9154074192047119,0.024008963257074356,8.590123176574707,2.32327813582847,0
ZLG2nJtty3c_007,0.8641445636749268,0.009578131139278412,11.962040901184082,2.1426839459911173,0
ZLG2nJtty3c_008,0.919403612613678,0.0010919730411842465,6.342402935028076,1.4889151752917587,0
ZMunEzpO-TY_000,0.7606712579727173,0.10955659300088882,3.0132367610931396,1.086178287638383,0
ZMunEzpO-TY_001,0.8843546509742737,0.15484067797660828,-2.231590986251831,1.1091550832305705,0
ZMunEzpO-TY_002,0.882865846157074,0.21791143715381622,-1.7676060199737549,1.1206599300547422,0
ZMunEzpO-TY_003,0.8549960255622864,0.14764124155044556,0.5802102088928223,1.0441199262601029,0
ZMunEzpO-TY_004,0.8785583972930908,0.07873788475990295,-2.125009298324585,1.3570411744930289,0
ZMunEzpO-TY_005,0.8787146210670471,0.021661967039108276,10.921599388122559,1.7235793509338153,0
ZMunEzpO-TY_006,0.840383768081665,0.038865361362695694,7.76335334777832,1.8693975918757761,0
ZMunEzpO-TY_007,0.8168717622756958,0.009847331792116165,8.526233673095703,2.041909255358882,0
ZMunEzpO-TY_008,0.8565745949745178,0.007752891629934311,6.044129848480225,1.0851817428883326,0
ZMunEzpO-TY_009,0.9129414558410645,0.0010784550104290247,6.562022686004639,1.613814856989528,0
ZXl6sv6TAU4_000,0.031212100759148598,0.0013176691718399525,64.5440673828125,3.1022642423409112,0
ZXl6sv6TAU4_001,0.01643301732838154,0.0005463608540594578,51.5120849609375,3.3269376981762098,0
ZXl6sv6TAU4_002,0.013610133901238441,0.0004342211177572608,43.81889343261719,3.29898242384277,0
ZXl6sv6TAU4_003,0.02907009795308113,0.005631615873426199,45.5333137512207,3.480724379249259,0
ZXl6sv6TAU4_004,0.8512148261070251,0.008218709379434586,19.150108337402344,1.8271864220768665,0
ZXl6sv6TAU4_005,0.860477089881897,0.10816098749637604,8.682645797729492,1.0655485768486872,0
ZXl6sv6TAU4_006,0.8916361927986145,0.28289157152175903,13.69268798828125,1.4860930053607675,0
ZXl6sv6TAU4_007,0.8732219338417053,0.060353659093379974,15.787973403930664,1.7302921224897883,0
ZXl6sv6TAU4_008,0.8321902751922607,0.15602156519889832,13.136663436889648,1.2977920829812923,0
ZXl6sv6TAU4_009,0.8806036114692688,0.19020546972751617,11.250896453857422,1.122237875860987,0
ZXl6sv6TAU4_010,0.883095383644104,0.2755720019340515,19.30809211730957,1.0694270877132255,0
ZXl6sv6TAU4_011,0.8582682013511658,0.2190842479467392,13.294032096862793,1.1923295511810827,0
ZXl6sv6TAU4_012,0.027303341776132584,0.0011461442336440086,68.67100524902344,3.112866888860649,0
ZXl6sv6TAU4_013,0.03085572086274624,0.0005125055322423577,62.964786529541016,3.0297462076907706,0
Zcd4ihNEu0U_000,0.0170938391238451,0.0010307133197784424,68.96373748779297,3.2367099004853332,0
Zcd4ihNEu0U_001,0.6839367747306824,0.0025697581004351377,14.402068138122559,2.769627308063786,0
Zcd4ihNEu0U_002,0.03140866011381149,0.0006052274839021266,60.80409622192383,3.133814783102866,0
ZmSQd7naNi0_000,0.8088305592536926,0.009580854326486588,10.916094779968262,1.612371796291031,0
ZmSQd7naNi0_001,0.7832120060920715,0.009248178452253342,39.547183990478516,2.776786259137783,0
ZmSQd7naNi0_002,0.9159767031669617,0.001066963654011488,6.323704242706299,1.3564411676451975,0
Zv4HCXYAayY_000,0.8677011728286743,0.010936002247035503,10.440703392028809,2.151745348638091,0
Zv4HCXYAayY_001,0.8753293752670288,0.009594900533556938,5.430266857147217,1.1804174283162847,0
Zv4HCXYAayY_002,0.9154345989227295,0.0009369663894176483,6.128352165222168,1.6371634544580556,0
ZxkifjASQvo_000,0.872302770614624,0.0042943754233419895,13.263758659362793,2.5176436564428273,0
ZxkifjASQvo_001,0.9037526845932007,0.008980772458016872,5.725498676300049,1.949825949183691,0
ZxkifjASQvo_002,0.7176034450531006,0.001652347855269909,17.922590255737305,2.3367670913039253,0
ZxkifjASQvo_003,0.8288949131965637,0.0011044139973819256,9.839096069335938,2.393228650948688,0
ZyoJBRKfpT4_000,0.8061323165893555,0.004965891130268574,5.003955841064453,1.1888751037796412,0
ZyoJBRKfpT4_001,0.8528542518615723,0.004756411537528038,4.27137565612793,1.1032436434498072,0
ZyoJBRKfpT4_002,0.8342256546020508,0.001198811107315123,3.209669589996338,1.2987777601774957,0
ZyoJBRKfpT4_003,0.8102990388870239,0.001113665639422834,2.902531862258911,1.0831803259914143,0
ZyoJBRKfpT4_004,0.8648703694343567,0.011676639318466187,6.3802337646484375,1.0809037385039486,0
ZyoJBRKfpT4_005,0.9120815396308899,0.0010163869010284543,5.837892532348633,1.419944759665663,0
_1tbZHzRh6w_000,0.8837594985961914,0.0018822476267814636,9.952463150024414,1.8707865704900255,0
_1tbZHzRh6w_001,0.8172731995582581,0.0008391476585529745,17.08153533935547,2.532902543879978,0
_1tbZHzRh6w_002,0.7814622521400452,0.0015105725033208728,8.31433391571045,2.263186533239449,0
_1tbZHzRh6w_003,0.9122891426086426,0.005496782250702381,10.886406898498535,2.4802965644938006,0
_1tbZHzRh6w_004,0.8043743968009949,0.007168633863329887,6.63505220413208,1.827241770503188,0
_1tbZHzRh6w_005,0.9189392924308777,0.0009148934623226523,6.310685634613037,1.467836878225109,0
_CW_GxIMvZ8_000,0.029376616701483727,0.0015800670953467488,51.034812927246094,3.2534542385333203,0
_CW_GxIMvZ8_001,0.025929756462574005,0.0008496923837810755,70.89543151855469,3.1017596662944014,0
_CW_GxIMvZ8_002,0.029072104021906853,0.000606470974162221,62.05182647705078,3.1502758669851905,0
_MKywUp3-0E_000,0.03647955134510994,0.002666546031832695,20.7542781829834,1.8403638291126883,0
_MKywUp3-0E_001,0.067311130464077,0.0024154235143214464,18.199527740478516,2.3255727679080804,0
_MKywUp3-0E_002,0.8712030649185181,0.012565693818032742,6.113109111785889,1.126888549757591,0
_MKywUp3-0E_003,0.9208120703697205,0.0008150902576744556,5.868767261505127,1.8881883756851197,0
_ZKOMeSl9F0_000,0.9285905957221985,0.0011647475184872746,12.913759231567383,2.143974074756754,0
_ZKOMeSl9F0_001,0.8942304849624634,0.0012142134364694357,7.351309299468994,1.3498457782809152,0
_ZKOMeSl9F0_002,0.7850675582885742,0.0026683981996029615,25.65157699584961,2.04628406324698,0
_ZKOMeSl9F0_003,0.9148697257041931,0.000986513332463801,5.964210510253906,1.4109181341100934,0
_dwdlOSiQKY_000,0.8416935801506042,0.0044106789864599705,14.748741149902344,2.19102122480724,0
_dwdlOSiQKY_001,0.8650053143501282,0.011234322562813759,5.719405651092529,1.108667374107914,0
_dwdlOSiQKY_002,0.914858877658844,0.0009835041128098965,5.933049201965332,1.1623529962411272,0
_eL6hS9KBGs_000,0.9203478693962097,0.004263863433152437,6.420314311981201,1.2684165834459544,0
_eL6hS9KBGs_001,0.8996396660804749,0.00922451913356781,5.0540995597839355,1.118305212738131,0
_eL6hS9KBGs_002,0.8995238542556763,0.004064684733748436,7.085813999176025,1.317912962596119,0
_eL6hS9KBGs_003,0.9044880867004395,0.01145938877016306,6.5740790367126465,1.0629014258448362,0
_eL6hS9KBGs_004,0.8679347634315491,0.0015986793441697955,2.733492851257324,1.4548131688810872,0
_eL6hS9KBGs_005,0.9098949432373047,0.020084690302610397,11.854308128356934,1.5609417973412967,0
_eL6hS9KBGs_006,0.8855940699577332,0.0240048635751009,10.804479598999023,2.368889782990361,0
_eL6hS9KBGs_007,0.8707507252693176,0.008845866657793522,5.16283655166626,1.191813548196932,0
_eL6hS9KBGs_008,0.9201988577842712,0.0009028143249452114,6.144275665283203,1.0309617340094999,0
_nXeSpzB4BE_000,0.10023940354585648,0.0024065799079835415,17.13779640197754,2.3629505317201094,0
_nXeSpzB4BE_001,0.8766316771507263,0.005523604340851307,12.039325714111328,2.324842191686602,0
_nXeSpzB4BE_002,0.8620025515556335,0.006295284256339073,5.274836540222168,1.10717757175962,0
_nXeSpzB4BE_003,0.9184656143188477,0.0009947929065674543,6.112682819366455,1.1294384471530474,0
a5L4ABWx3cA_000,0.028478872030973434,0.004378206562250853,43.86711120605469,3.4123106531233818,0
a5L4ABWx3cA_001,0.017974043264985085,0.0008532034116797149,74.04436492919922,3.3786695365532204,0
a5L4ABWx3cA_002,0.017586642876267433,0.0005251749535091221,74.71976470947266,2.879259207459551,0
a5L4ABWx3cA_003,0.04007098823785782,0.0033968642819672823,42.379905700683594,3.169889044645892,0
a9BeX-xILGo_000,0.6058833599090576,0.0072745042853057384,11.444428443908691,1.66080188104164,0
a9BeX-xILGo_001,0.8750373125076294,0.008864369243383408,5.848910331726074,1.1456790068703113,0
a9BeX-xILGo_002,0.9052200317382812,0.0013567525893449783,5.940909385681152,1.5721496191658944,0
aKAdn_mUAKA_000,0.025509897619485855,0.0011971091153100133,70.52308654785156,3.1056069671529665,0
aKAdn_mUAKA_001,0.03771830350160599,0.0006676926859654486,49.04759216308594,1.9131437224980647,0
aKAdn_mUAKA_002,0.02365400828421116,0.0014604789903387427,69.08586120605469,2.8207976964001458,0
aKAdn_mUAKA_003,0.025897853076457977,0.0022850458044558764,70.24993896484375,3.295932112872776,0
aKAdn_mUAKA_004,0.018255217000842094,0.0008622445166110992,59.605167388916016,2.8615010074400447,0
aKAdn_mUAKA_005,0.04495789483189583,0.014870451763272285,67.24085235595703,3.205805411483589,0
aKAdn_mUAKA_006,0.05415862053632736,0.005624346900731325,24.101911544799805,2.869237592609507,0
aKAdn_mUAKA_007,0.03057166375219822,0.0009066435159184039,64.15547180175781,3.0189273694137833,0
aKAdn_mUAKA_008,0.04579314962029457,0.0006309213349595666,70.42949676513672,2.603435856464544,0
aKAdn_mUAKA_009,0.04040045291185379,0.0023602512665092945,69.26318359375,3.169706109667297,0
aKAdn_mUAKA_010,0.03287044167518616,0.0011748626129701734,72.78733825683594,3.1193036339541966,0
aKAdn_mUAKA_011,0.022548062726855278,0.0010080375941470265,59.382843017578125,3.2880715794709174,0
aKAdn_mUAKA_012,0.026204591616988182,0.0006359778344631195,69.3309097290039,2.93142562094777,0
aKAdn_mUAKA_013,0.02669120393693447,0.0003588128602132201,62.35893249511719,2.5413706960011155,0
aKAdn_mUAKA_014,0.03498222306370735,0.001956420950591564,56.46370315551758,2.804329866076324,0
aKAdn_mUAKA_015,0.020875023677945137,0.0008640774176456034,25.843807220458984,2.7287150698079916,0
aKAdn_mUAKA_016,0.01731809228658676,0.0044502150267362595,54.36474609375,2.669913596707912,0
aKAdn_mUAKA_017,0.04014280065894127,0.012904051691293716,51.538936614990234,2.891686867164968,0
aKAdn_mUAKA_018,0.037342619150877,0.25180310010910034,56.460716247558594,3.3104224320456344,0
aKAdn_mUAKA_019,0.02382693625986576,0.0021175676956772804,58.90184783935547,3.190272290430473,0
aKAdn_mUAKA_020,0.0429404191672802,0.013629192486405373,63.4713249206543,3.13173627025324,0
aKAdn_mUAKA_021,0.021560924127697945,0.0012757891090586782,66.62496948242188,3.382253003368079,0
aKAdn_mUAKA_022,0.015536061488091946,0.0004046398098580539,59.46853256225586,3.2707638186048005,0
aKAdn_mUAKA_023,0.03224162012338638,0.0017009993316605687,62.43602752685547,3.1833662691618168,0
aKAdn_mUAKA_024,0.046975813806056976,0.1267462819814682,50.16621017456055,3.2557503580722282,0
aKAdn_mUAKA_025,0.7542517185211182,0.014875013381242752,27.561540603637695,1.6026069206312727,0
aKAdn_mUAKA_026,0.05723375082015991,0.0015902271261438727,61.47174072265625,2.944874843013601,0
aKAdn_mUAKA_027,0.02864011749625206,0.0010598746594041586,68.40242767333984,2.5279286190549572,0
aKAdn_mUAKA_028,0.736007809638977,0.04213189706206322,-4.7984185218811035,2.493337270345081,0
aKAdn_mUAKA_029,0.023976273834705353,0.0008086193702183664,70.50187683105469,3.2181212729625823,0
aKAdn_mUAKA_030,0.036725014448165894,0.001551639405079186,55.270912170410156,3.342087313066425,0
aKAdn_mUAKA_031,0.015339601784944534,0.000678257376421243,67.17340087890625,3.33169714132667,0
aKAdn_mUAKA_032,0.026547236368060112,0.0006706480053253472,67.82465362548828,3.283070028020842,0
aKAdn_mUAKA_033,0.02750031091272831,0.00040960885235108435,60.38451385498047,2.838806347563956,0
aMDLcjgAuOs_000,0.8136789202690125,0.0010477009927853942,14.256240844726562,2.188852299303846,0
aMDLcjgAuOs_001,0.8593822717666626,0.0011243487242609262,16.199443817138672,2.1709123211088133,0
aMDLcjgAuOs_002,0.8866029381752014,0.0037167263217270374,9.025616645812988,1.7964289078393705,0
aMDLcjgAuOs_003,0.8784769773483276,0.0029595850501209497,9.452037811279297,1.1111286614655658,0
aMDLcjgAuOs_004,0.8921576738357544,0.0019276407547295094,7.073631286621094,1.1505579481668788,0
aMDLcjgAuOs_005,0.8995810747146606,0.0030889755580574274,6.969491004943848,1.085772122025961,0
aMDLcjgAuOs_006,0.9257724285125732,0.009235608391463757,8.352936744689941,1.0950786198746354,0
aMDLcjgAuOs_007,0.9035832285881042,0.0012627039104700089,9.553150177001953,1.0929248484549021,0
aMDLcjgAuOs_008,0.9062827825546265,0.01101741474121809,7.752494812011719,1.1350645431558495,0
aMDLcjgAuOs_009,0.9318214654922485,0.0018222861690446734,9.42758846282959,1.6533068339650645,0
aMDLcjgAuOs_010,0.9159597158432007,0.0017512408085167408,7.312900543212891,1.079404291741599,0
aMDLcjgAuOs_011,0.9091588854789734,0.0024497187696397305,11.724949836730957,1.733172875098592,0
aMDLcjgAuOs_012,0.8290833234786987,0.0074764434248209,15.630187034606934,2.5128459914461128,0
aMDLcjgAuOs_013,0.9175203442573547,0.0011301387567073107,5.756494998931885,1.3646223545193816,0
aTEVklcre_U_000,0.6982256770133972,0.002314469777047634,51.65868377685547,3.250849688275446,0
aTEVklcre_U_001,0.8511714339256287,0.0055103241465985775,8.189227104187012,2.065114653675489,0
aTEVklcre_U_002,0.9208319783210754,0.0010814679553732276,5.6165971755981445,1.8727196696634498,0
aVO__VrMWVE_000,0.8872944712638855,0.001678049098700285,11.50894832611084,2.2932178228118314,0
aVO__VrMWVE_001,0.888645589351654,0.0010360793676227331,11.124595642089844,2.4558593335990238,0
aVO__VrMWVE_002,0.9269100427627563,0.001318991300649941,9.687688827514648,1.2766084665162798,0
aVO__VrMWVE_003,0.9246174097061157,0.0017398180207237601,10.030241012573242,2.29225077510792,0
aVO__VrMWVE_004,0.9100520014762878,0.0017471935134381056,14.009170532226562,2.418596751060736,0
aVO__VrMWVE_005,0.22386573255062103,0.002613196847960353,66.72217559814453,3.1957424884384698,0
aVO__VrMWVE_006,0.03300051391124725,0.0006261047092266381,63.38826370239258,2.980580000243369,0
abLpB3cQe0c_000,0.03268258273601532,0.0033501223661005497,44.22330856323242,3.2190988582218645,0
abLpB3cQe0c_001,0.03755617141723633,0.004743941128253937,58.431617736816406,3.056927310700893,0
abLpB3cQe0c_002,0.5670405030250549,0.007582898251712322,25.56453514099121,2.4273592230148684,0
abLpB3cQe0c_003,0.8128306865692139,0.003386707743629813,11.231825828552246,2.588713925051155,0
abLpB3cQe0c_004,0.7623371481895447,0.006550863850861788,18.310522079467773,2.7647609391122483,0
abLpB3cQe0c_005,0.888945996761322,0.003961605951189995,14.026284217834473,2.753353930587107,0
abLpB3cQe0c_006,0.8714625835418701,0.006750908680260181,12.971981048583984,1.1193500845241662,0
abLpB3cQe0c_007,0.890971302986145,0.0027244645170867443,11.945080757141113,2.5307641562226526,0
abLpB3cQe0c_008,0.8486125469207764,0.0038379852194339037,8.988365173339844,2.6015971528552364,0
abLpB3cQe0c_009,0.8803927302360535,0.004506281111389399,17.88184356689453,3.155836139107724,0
abLpB3cQe0c_010,0.9086059331893921,0.006158932112157345,9.108463287353516,2.6475096924045154,0
abLpB3cQe0c_011,0.84158855676651,0.004712922032922506,15.800816535949707,2.3222455270035107,0
abLpB3cQe0c_012,0.8771682381629944,0.005842538550496101,12.629303932189941,2.801397889842333,0
abLpB3cQe0c_013,0.8670300245285034,0.008132239803671837,11.860078811645508,1.6608249294666642,0
abLpB3cQe0c_014,0.028268594294786453,0.0008479934767819941,68.44590759277344,2.927886046267718,0
abLpB3cQe0c_015,0.030198482796549797,0.0005426318966783583,64.10930633544922,3.1200573810210805,0
adnjR-MPkAI_000,0.7897995710372925,0.0005923372227698565,15.376081466674805,2.2523013417147295,0
adnjR-MPkAI_001,0.8526512384414673,0.0011160653084516525,18.154008865356445,2.2193273746461166,0
adnjR-MPkAI_002,0.9032996892929077,0.00029775314033031464,9.268269538879395,1.0995331902860066,0
adnjR-MPkAI_003,0.861402153968811,0.0024533746764063835,0.26230281591415405,1.0879229568389535,0
adnjR-MPkAI_004,0.8536170125007629,0.000719348550774157,8.165406227111816,1.3462032381304736,0
adnjR-MPkAI_005,0.8861868381500244,0.00367364683188498,8.327434539794922,1.8663697099626215,0
adnjR-MPkAI_006,0.9286614060401917,0.0008602541056461632,10.722474098205566,1.775367429082332,0
adnjR-MPkAI_007,0.8880611658096313,0.0011092583881691098,7.3654351234436035,1.2789245372111067,0
adnjR-MPkAI_008,0.9179280996322632,0.0008409571019001305,12.617115020751953,2.245856545307676,0
adnjR-MPkAI_009,0.8176432847976685,0.009810549207031727,17.492826461791992,2.0392295410619035,0
adnjR-MPkAI_010,0.9161763787269592,0.0010442754719406366,6.137261390686035,1.7286929649996738,0
ahl9j91UU30_000,0.8760231137275696,0.0030433801002800465,3.7667407989501953,1.1197125420668987,0
ahl9j91UU30_001,0.8584728837013245,0.00890444591641426,-0.6116725206375122,1.0958226000942388,0
ahl9j91UU30_002,0.8914809823036194,0.03046279214322567,-1.0404729843139648,1.1236854265349907,0
ahl9j91UU30_003,0.9192513823509216,0.010619685053825378,4.262711524963379,1.1114023795687749,0
ahl9j91UU30_004,0.8878863453865051,0.0578266903758049,2.12865948677063,1.0996561024311322,0
ahl9j91UU30_005,0.9046284556388855,0.011819690465927124,7.65659761428833,1.3993442104015394,0
ahl9j91UU30_006,0.9083150029182434,0.0067031895741820335,5.25636100769043,1.0627126293976408,0
ahl9j91UU30_007,0.9281208515167236,0.01146022044122219,4.412102699279785,1.1235131937760667,0
ahl9j91UU30_008,0.873715877532959,0.014198945835232735,5.233092784881592,1.2990308432689,0
ahl9j91UU30_009,0.03707406297326088,0.0006819804548285902,69.81377410888672,2.9085091795680644,0
ahl9j91UU30_010,0.0320691354572773,0.0006098415469750762,66.32772827148438,3.1255331768172367,0
am5t5f9S3Z8_000,0.8229045867919922,0.0019530737772583961,13.837682723999023,2.2434245539480875,0
am5t5f9S3Z8_001,0.8661459684371948,0.02938043512403965,15.518028259277344,1.9228240822155704,0
am5t5f9S3Z8_002,0.21665851771831512,0.39661455154418945,23.226497650146484,2.1669565944952356,0
am5t5f9S3Z8_003,0.4801146388053894,0.33606860041618347,20.799985885620117,2.307475433908197,0
am5t5f9S3Z8_004,0.4304026961326599,0.09611478447914124,27.098785400390625,2.2984821181913304,0
am5t5f9S3Z8_005,0.28354334831237793,0.4016684889793396,24.490554809570312,2.297954622485769,0
am5t5f9S3Z8_006,0.18695466220378876,0.0938640683889389,23.40634536743164,2.22004866960118,1
am5t5f9S3Z8_007,0.804757833480835,0.010188428685069084,13.14614486694336,2.3221051771569265,0
am5t5f9S3Z8_008,0.9177769422531128,0.0009266099077649415,6.086826801300049,1.5301481476361927,0
apbsLp3NA1M_000,0.8579123616218567,0.0017586732283234596,6.2823100090026855,2.121463947440268,0
apbsLp3NA1M_001,0.8746582865715027,0.0008973223157227039,7.543010711669922,2.1886355629218843,0
apbsLp3NA1M_002,0.8889139294624329,0.0045224083587527275,9.609508514404297,1.1085961232282748,0
apbsLp3NA1M_003,0.916043221950531,0.0020777173340320587,3.0884106159210205,1.3650059431664658,0
apbsLp3NA1M_004,0.9080643653869629,0.010320006869733334,2.1535563468933105,1.115519993748155,0
apbsLp3NA1M_005,0.8983123898506165,0.005417572800070047,2.277665376663208,1.1130161317232241,0
apbsLp3NA1M_006,0.890004575252533,0.002783503383398056,4.880754470825195,1.0994655164269014,0
apbsLp3NA1M_007,0.9058035612106323,0.0049323467537760735,3.1876766681671143,1.1021403081814831,0
apbsLp3NA1M_008,0.8914738297462463,0.0027497762348502874,3.031195640563965,1.1175465586560616,0
apbsLp3NA1M_009,0.9121401309967041,0.0016406179638579488,3.4951534271240234,1.3071542308477613,0
apbsLp3NA1M_010,0.8650646209716797,0.004504347685724497,10.225837707519531,1.955348850086131,0
apbsLp3NA1M_011,0.03433771803975105,0.0006058054277673364,65.18183898925781,3.199439032064806,0
aucZvpth7pA_000,0.03413858264684677,0.0022873058915138245,39.319602966308594,3.1570337256862655,0
aucZvpth7pA_001,0.024618742987513542,0.0011262010084465146,44.431602478027344,3.133191558198937,0
aucZvpth7pA_002,0.8636599183082581,0.0011866501299664378,7.83441162109375,1.255225088728443,0
aucZvpth7pA_003,0.9120016694068909,0.021495822817087173,9.15516471862793,2.5800097969534557,0
aucZvpth7pA_004,0.9033282399177551,0.007263688836246729,6.804900169372559,1.065136233711398,0
aucZvpth7pA_005,0.8357353806495667,0.008978523313999176,10.339300155639648,2.0195606322529995,0
aucZvpth7pA_006,0.05595756322145462,0.0012796499067917466,67.70906066894531,3.1093950452928234,0
aucZvpth7pA_007,0.030621351674199104,0.000652515736874193,60.785736083984375,3.0398918400982176,0
b1u2bztBNdw_000,0.8639073967933655,0.001654895837418735,16.040802001953125,2.4951259561891264,0
b1u2bztBNdw_001,0.9089867472648621,0.00254903850145638,7.382710933685303,1.1406714155361095,0
b1u2bztBNdw_002,0.86100172996521,0.004302863497287035,15.646299362182617,2.209347481789897,0
b1u2bztBNdw_003,0.7614094018936157,0.0016385215567424893,19.976425170898438,2.15745749181757,0
b1u2bztBNdw_004,0.8114569783210754,0.0016747086774557829,14.258159637451172,2.2236901638667543,0
b1u2bztBNdw_005,0.24776268005371094,0.0007353702676482499,34.96263122558594,3.1122015023130074,0
b7my089a90U_000,0.8953590989112854,0.08088990300893784,19.78219985961914,2.5461853150388696,0
b7my089a90U_001,0.8549475073814392,0.013349991291761398,22.72974967956543,2.608652827668983,0
b7my089a90U_002,0.8604234457015991,0.02301405556499958,17.493450164794922,2.5221096789003963,0
b7my089a90U_003,0.8952009677886963,0.009902882389724255,23.32861328125,2.5253299379121037,0
b7my089a90U_004,0.8533826470375061,0.0029157069511711597,23.161853790283203,2.654993488098631,0
b7my089a90U_005,0.8333043456077576,0.02715061604976654,19.379697799682617,2.641649913512828,0
b7my089a90U_006,0.8707923889160156,0.019153138622641563,16.660131454467773,2.722977803897707,0
b7my089a90U_007,0.9145291447639465,0.004093972034752369,7.849063396453857,2.0566905838583875,0
b9A0OA0DWNY_000,0.04178008437156677,0.001515069860033691,17.5117130279541,2.097570047423429,0
b9A0OA0DWNY_001,0.0350777804851532,0.0009422648581676185,6.300778388977051,1.5268233331375523,0
b9A0OA0DWNY_002,0.8635535836219788,0.0006958760786801577,3.0272369384765625,1.4177315027214625,0
b9A0OA0DWNY_003,0.8065494894981384,0.14548060297966003,1.702560544013977,1.1382859096487743,0
b9A0OA0DWNY_004,0.8347702622413635,0.006933977361768484,18.1611270904541,2.2432000510635124,0
b9A0OA0DWNY_005,0.8647974729537964,0.011003296822309494,17.03515625,2.496699677575558,0
b9A0OA0DWNY_006,0.8852137923240662,0.01387888565659523,15.964194297790527,2.548935142359677,0
b9A0OA0DWNY_007,0.7731600999832153,0.002773885615170002,14.206119537353516,2.547049215099866,0
b9A0OA0DWNY_008,0.8353109955787659,0.005173058249056339,13.346521377563477,2.330931814766843,0
b9A0OA0DWNY_009,0.8260895609855652,0.0019126092083752155,13.016975402832031,2.207766608699081,0
b9A0OA0DWNY_010,0.8449501991271973,0.011443314142525196,12.728311538696289,2.0274144153382627,0
b9A0OA0DWNY_011,0.8349023461341858,0.04227927327156067,10.595173835754395,1.6885530505803485,0
b9A0OA0DWNY_012,0.837372362613678,0.006014316342771053,16.36302947998047,2.3463703621568675,0
b9A0OA0DWNY_013,0.026249049231410027,0.003339672228321433,67.35426330566406,3.1897340416520406,0
b9A0OA0DWNY_014,0.0325843021273613,0.000563224486541003,62.198333740234375,3.058162003141615,0
bLPcb0JEuQU_000,0.03386327996850014,0.003238845383748412,59.44838333129883,3.158640780849334,0
bLPcb0JEuQU_001,0.7617574334144592,0.01862991601228714,17.180694580078125,1.5663486347247857,0
bLPcb0JEuQU_002,0.9318863749504089,0.005018158815801144,14.234631538391113,2.3895027243798395,0
bLPcb0JEuQU_003,0.8388968706130981,0.012080930173397064,21.185688018798828,2.148517412983058,0
bLPcb0JEuQU_004,0.8994114398956299,0.009597166441380978,17.056840896606445,1.698588941848353,0
bLPcb0JEuQU_005,0.8186712265014648,0.005560487974435091,18.077136993408203,2.4924844790365035,0
bLPcb0JEuQU_006,0.8785645365715027,0.006965430919080973,17.981679916381836,2.5820887957003706,0
bLPcb0JEuQU_007,0.8458674550056458,0.021464787423610687,17.76297378540039,2.782666726332017,0
bLPcb0JEuQU_008,0.8791027069091797,0.003099132562056184,19.432323455810547,2.83933867953445,0
bLPcb0JEuQU_009,0.907277524471283,0.015918593853712082,17.795738220214844,2.701889296325489,0
bLPcb0JEuQU_010,0.9100030064582825,0.008662687614560127,15.110520362854004,2.70632260083134,0
bLPcb0JEuQU_011,0.9021173715591431,0.004568168893456459,13.606011390686035,2.642219824889213,0
bLPcb0JEuQU_012,0.9068490862846375,0.012791554443538189,17.493309020996094,2.1109214899925957,0
bLPcb0JEuQU_013,0.9093721508979797,0.003289220854640007,15.565755844116211,2.7529473929550194,0
bLPcb0JEuQU_014,0.8921136260032654,0.006724056322127581,18.491003036499023,2.7790670138107845,0
bLPcb0JEuQU_015,0.8115747570991516,0.006877169478684664,19.729652404785156,2.6502220026575585,0
bLPcb0JEuQU_016,0.858244001865387,0.0037892120890319347,12.309042930603027,2.7696539231279056,0
bLPcb0JEuQU_017,0.893053412437439,0.006117183715105057,12.943253517150879,2.722133185333239,0
bLPcb0JEuQU_018,0.8813474774360657,0.008569760248064995,18.50845718383789,2.7498595021750254,0
bLPcb0JEuQU_019,0.03097766824066639,0.0006991892005316913,68.86297607421875,2.9038183674624363,0
bLPcb0JEuQU_020,0.029841965064406395,0.00055258086649701,61.65284729003906,3.103767418676531,0
bOPZAme1kGA_000,0.8579769730567932,0.0036000229883939028,10.989991188049316,1.2773024338232217,0
bOPZAme1kGA_001,0.8974854350090027,0.009109314531087875,6.296411514282227,1.2270930438639231,0
bOPZAme1kGA_002,0.923238217830658,0.019677402451634407,5.815903663635254,1.1363718607547628,0
bOPZAme1kGA_003,0.9244739413261414,0.001374484389089048,5.596571445465088,1.1552558229043632,0
bOPZAme1kGA_004,0.8698312044143677,0.0027176837902516127,10.096325874328613,2.224163011582729,0
bOPZAme1kGA_005,0.922179102897644,0.0009611821733415127,6.322502613067627,1.5694772881443793,0
bV9ttkn0vCo_000,0.8802410960197449,0.01266334019601345,11.78110408782959,2.060887044746041,0
bV9ttkn0vCo_001,0.873538076877594,0.007875972427427769,6.086636543273926,1.1662823452653994,0
bV9ttkn0vCo_002,0.9162667393684387,0.0012927546631544828,6.124998569488525,1.8010400648629186,0
bWLJ15GJdxs_000,0.7686511278152466,0.006136699113994837,19.04758071899414,2.013928032714004,0
bWLJ15GJdxs_001,0.8999989628791809,0.007000466343015432,6.59356689453125,1.1480595605358292,0
bWLJ15GJdxs_002,0.015408961102366447,0.0018116635037586093,18.97708511352539,2.462440760491174,0
bWLJ15GJdxs_003,0.8274918794631958,0.3186454176902771,29.247514724731445,1.2375073150588247,0
bWLJ15GJdxs_004,0.8348450064659119,0.15199214220046997,18.458927154541016,1.0719375616528042,0
bWLJ15GJdxs_005,0.8504528403282166,0.19159559905529022,21.011272430419922,1.0798740686799002,0
bWLJ15GJdxs_006,0.8343200087547302,0.25841039419174194,17.111732482910156,1.2001045785317177,0
bWLJ15GJdxs_007,0.8611143827438354,0.28364863991737366,19.781932830810547,1.1019816822373423,0
bWLJ15GJdxs_008,0.8504507541656494,0.2785603702068329,4.545006275177002,1.0844245737130747,0
bWLJ15GJdxs_009,0.8694823980331421,0.2993418574333191,13.516219139099121,1.157982234720394,0
bWLJ15GJdxs_010,0.8512325882911682,0.2516365051269531,20.103609085083008,1.1746053334371729,0
bWLJ15GJdxs_011,0.8585771918296814,0.2817791700363159,19.571622848510742,1.0132478962548044,0
bWLJ15GJdxs_012,0.8143934011459351,0.26469144225120544,14.147348403930664,1.086571498468852,0
bWLJ15GJdxs_013,0.860140323638916,0.2541031837463379,23.602994918823242,1.1994430581298674,0
bWLJ15GJdxs_014,0.8607056140899658,0.2739904224872589,27.778566360473633,1.3360466461787337,0
bWLJ15GJdxs_015,0.8953153491020203,0.028036877512931824,12.068676948547363,2.251444648751954,0
bWLJ15GJdxs_016,0.8663108944892883,0.008022305555641651,6.216131687164307,1.0446488433659322,0
bWLJ15GJdxs_017,0.9182729721069336,0.0011688487138599157,6.540440082550049,1.0448399328504112,0
bWOtkWFeuxA_000,0.826884388923645,0.019978392869234085,17.59569549560547,1.9443347309185706,0
bWOtkWFeuxA_001,0.759869396686554,0.002242982154712081,14.700206756591797,1.70131576182106,0
bWOtkWFeuxA_002,0.8739457130432129,0.009889618493616581,5.933393478393555,1.2764009906007252,0
bWOtkWFeuxA_003,0.9206647276878357,0.0008242079638876021,6.0862884521484375,1.8052599685145208,0
bcl_x1qdZv0_000,0.8317312598228455,0.005188373848795891,20.842321395874023,2.194669990195197,0
bcl_x1qdZv0_001,0.8523023724555969,0.007593731861561537,8.241883277893066,2.369790898105935,0
bcl_x1qdZv0_002,0.9192724823951721,0.000898023194167763,6.1495680809021,1.2740642969282872,0
bf4_37oPUw0_000,0.8385223746299744,0.010247010737657547,9.07285213470459,1.996232780406505,0
bf4_37oPUw0_001,0.8220471143722534,0.004821292590349913,22.24464225769043,2.2093745339546853,0
bf4_37oPUw0_002,0.10588295012712479,0.0028877679724246264,8.190815925598145,1.839025556231891,0
bf4_37oPUw0_003,0.030047496780753136,0.002908505732193589,22.062788009643555,1.8494468463479057,0
bf4_37oPUw0_004,0.7365566492080688,0.002892092103138566,27.792888641357422,2.308482431583671,0
bf4_37oPUw0_005,0.039811961352825165,0.003250219626352191,17.466405868530273,2.1052475254550167,0
bf4_37oPUw0_006,0.9215708374977112,0.010214047506451607,8.754152297973633,1.9448708157679921,0
bf4_37oPUw0_007,0.9025251269340515,0.013262150809168816,7.309428691864014,2.0124563823804515,0
bf4_37oPUw0_008,0.9077166318893433,0.012561434879899025,6.840274333953857,1.7899089610842205,0
bf4_37oPUw0_009,0.8876197934150696,0.005484894849359989,6.756906032562256,1.8944873397981725,0
bf4_37oPUw0_010,0.02544562891125679,0.0007556054042652249,70.96984100341797,2.9039032782498078,0
bf4_37oPUw0_011,0.025864770635962486,0.0005854933406226337,66.24530792236328,3.1201450563620097,0
bjqcBrcSL9Q_000,0.03019207902252674,0.001338392379693687,25.337326049804688,2.070163529500791,0
bjqcBrcSL9Q_001,0.8373517394065857,0.011790936812758446,19.432043075561523,2.3330880913095884,0
bjqcBrcSL9Q_002,0.8945387601852417,0.0030779438093304634,15.388937950134277,2.2360144069706673,0
bjqcBrcSL9Q_003,0.8494402170181274,0.011740456335246563,13.69922161102295,2.42684138314274,0
bjqcBrcSL9Q_004,0.9128903746604919,0.0011227427748963237,5.853332042694092,1.1214672590200294,0
buwWhzfDTb4_000,0.04684434086084366,0.013636438176035881,35.08440017700195,2.911621662229001,0
buwWhzfDTb4_001,0.03258689492940903,0.001336382352747023,58.839107513427734,3.132865466275017,0
buwWhzfDTb4_002,0.02626754157245159,0.0013741074362769723,52.52537155151367,3.0727549800108194,0
buwWhzfDTb4_003,0.015137196518480778,0.0011058652307838202,58.976295471191406,3.2543643837572067,0
buwWhzfDTb4_004,0.024816537275910378,0.0015493120299652219,51.67981719970703,3.1837738702647638,0
buwWhzfDTb4_005,0.02571921981871128,0.0014239074662327766,48.354042053222656,3.243325490521414,0
buwWhzfDTb4_006,0.024601373821496964,0.0007107174606062472,71.28797912597656,3.0366290409166456,0
buwWhzfDTb4_007,0.029099944978952408,0.0005357332993298769,64.92579650878906,3.0789425188581183,0
bx9LH22ymwg_000,0.8164433240890503,0.012791481800377369,11.429919242858887,2.068267700974226,0
bx9LH22ymwg_001,0.8740717172622681,0.014566205441951752,10.132502555847168,2.202039009475374,0
bx9LH22ymwg_002,0.9177693128585815,0.0009880973957479,6.7123870849609375,1.1476462667742788,0
bxZQeJ-hKE8_000,0.053127873688936234,0.0037881722673773766,41.4495849609375,2.618198527839099,0
bxZQeJ-hKE8_001,0.037211060523986816,0.00792656373232603,39.70273208618164,2.6650697407362176,0
bxZQeJ-hKE8_002,0.8746429681777954,0.01011006161570549,5.502509117126465,1.7080795445243695,0
bxZQeJ-hKE8_003,0.9240449070930481,0.0009085753699764609,6.42441987991333,1.749024845690818,0
bxc4FmaqjRI_000,0.8403342366218567,0.0025610229931771755,16.48969841003418,2.477275927990772,0
bxc4FmaqjRI_001,0.9161269664764404,0.006303913425654173,14.339198112487793,2.420467891689843,0
bxc4FmaqjRI_002,0.8755126595497131,0.0032515174243599176,11.318203926086426,2.385382931849648,0
bxc4FmaqjRI_003,0.9138215780258179,0.00160373339895159,9.963443756103516,2.5177455094587526,0
bxc4FmaqjRI_004,0.8943905830383301,0.019049648195505142,11.952657699584961,1.5384855367997923,0
bxc4FmaqjRI_005,0.8828796148300171,0.00509968027472496,13.186447143554688,1.8934281131010564,0
bxc4FmaqjRI_006,0.8187634348869324,0.002086023800075054,15.566819190979004,1.7475201043934796,0
bxc4FmaqjRI_007,0.8588553071022034,0.008016000501811504,15.217934608459473,2.379358780407063,0
bxc4FmaqjRI_008,0.8554835915565491,0.0019761172588914633,12.982421875,2.4190704687764923,0
bxc4FmaqjRI_009,0.8614897131919861,0.00856667011976242,10.609625816345215,1.8802842534191864,0
bxc4FmaqjRI_010,0.9310188293457031,0.0022264737635850906,2.454540729522705,1.2321903678143402,0
c0DEMuw4n1A_000,0.8394924402236938,0.00395276490598917,16.697566986083984,2.184660230329615,0
c0DEMuw4n1A_001,0.565071165561676,0.007940972223877907,11.00052261352539,1.5707143543537683,0
c0DEMuw4n1A_002,0.8652294278144836,0.013315847143530846,13.96372127532959,2.287295404124876,0
c0DEMuw4n1A_003,0.8904637098312378,0.011783137917518616,8.114239692687988,1.5574826857251536,0
c0DEMuw4n1A_004,0.9178938269615173,0.011126271449029446,8.437265396118164,1.710949332843971,0
c0DEMuw4n1A_005,0.6177279949188232,0.008545094169676304,13.43717098236084,2.1556634998192097,0
c0DEMuw4n1A_006,0.8247446417808533,0.00381238735280931,13.804774284362793,2.6297219448473874,0
c0DEMuw4n1A_007,0.9145784974098206,0.000987995183095336,5.762335300445557,1.4093525325405816,0
c8dFl2bw9JM_000,0.8890296220779419,0.004474382381886244,5.394818305969238,1.3767750596880588,0
c8dFl2bw9JM_001,0.8553621172904968,0.011568712070584297,6.889302730560303,1.2181635715168178,0
c8dFl2bw9JM_002,0.5855180621147156,0.004160856828093529,18.616613388061523,2.3018325069044527,0
c8dFl2bw9JM_003,0.8149166703224182,0.0016107530100271106,17.10744285583496,2.5488537084502694,0
c8dFl2bw9JM_004,0.740240752696991,0.0014487614389508963,12.635065078735352,2.33245709536713,0
c8dFl2bw9JM_005,0.7256656289100647,0.00516160624101758,13.070709228515625,2.0439245209942714,0
c8dFl2bw9JM_006,0.7180506587028503,0.0053205713629722595,13.844115257263184,1.2396702752571827,0
c8dFl2bw9JM_007,0.7879661917686462,0.005877546034753323,16.90802574157715,1.905013202214716,0
c8dFl2bw9JM_008,0.8465847969055176,0.00829333160072565,14.362552642822266,2.2404008193038236,0
c8dFl2bw9JM_009,0.9174202084541321,0.0010536485351622105,6.444322109222412,1.3730045533912663,0
cJy5pDkgDpw_000,0.9141212105751038,0.001250488101504743,12.824326515197754,1.6079623168439046,0
cJy5pDkgDpw_001,0.869849443435669,0.004174153320491314,9.834297180175781,1.1039846811884095,0
cJy5pDkgDpw_002,0.8786739706993103,0.0020351153798401356,11.479619979858398,2.0645846067998335,0
cJy5pDkgDpw_003,0.9198040962219238,0.001355136395432055,4.4753851890563965,1.441912979002602,0
cJy5pDkgDpw_004,0.8302578330039978,0.0010917504550889134,8.408300399780273,1.119838791283611,0
cJy5pDkgDpw_005,0.9111785888671875,0.008712269365787506,4.697094440460205,1.8508977408580964,0
cJy5pDkgDpw_006,0.876304030418396,0.0017626070184633136,3.293370246887207,1.0907493615501562,0
cJy5pDkgDpw_007,0.8911876678466797,0.010258009657263756,6.083311557769775,1.370473279593659,0
cJy5pDkgDpw_008,0.907439649105072,0.0017746082739904523,6.476075172424316,1.129109625601037,0
cJy5pDkgDpw_009,0.9094155430793762,0.0019171952735632658,5.36993408203125,1.1180214598788183,0
cJy5pDkgDpw_010,0.9116175174713135,0.001707339775748551,4.912482261657715,1.1634249023506311,0
cJy5pDkgDpw_011,0.9180554747581482,0.006756186485290527,4.449357509613037,2.0182201570682436,0
cJy5pDkgDpw_012,0.9341644644737244,0.004924795124679804,4.472631454467773,1.1352755526482066,0
cJy5pDkgDpw_013,0.025739343836903572,0.001233496586792171,71.24320983886719,3.072491785582031,0
cJy5pDkgDpw_014,0.029263779520988464,0.0005391974118538201,64.74744415283203,3.100593369714916,0
cNQ43QUtn_4_000,0.05406438931822777,0.0028815509285777807,52.59180450439453,3.3801068462682933,0
cNQ43QUtn_4_001,0.03285998851060867,0.0006883186870254576,66.14325714111328,3.0625555349367835,0
cQc9X41V8xQ_000,0.9203751087188721,0.0008666099747642875,8.570520401000977,1.8455378723585514,0
cQc9X41V8xQ_001,0.8629981875419617,0.008561810478568077,7.53469181060791,1.9115870509954118,0
cQc9X41V8xQ_002,0.9068771004676819,0.010359080508351326,6.103399276733398,1.079062817437167,0
cQc9X41V8xQ_003,0.9185197949409485,0.007287262473255396,6.971099376678467,1.068159805233582,0
cQc9X41V8xQ_004,0.922525942325592,0.0019519280176609755,6.055904865264893,1.13057803244168,0
cQc9X41V8xQ_005,0.8742885589599609,0.0022782236337661743,6.5321173667907715,1.1150994224792612,0
cQc9X41V8xQ_006,0.9256439805030823,0.006160823628306389,6.098208904266357,1.6551690591351143,0
cQc9X41V8xQ_007,0.885707676410675,0.0029335343278944492,8.447572708129883,2.3443046608567135,0
cQc9X41V8xQ_008,0.8991294503211975,0.0014062130358070135,12.174423217773438,1.6531711080166847,0
cQc9X41V8xQ_009,0.8571624159812927,0.0013120538787916303,12.016449928283691,1.860183446611418,0
cQc9X41V8xQ_010,0.8856768012046814,0.0071393270045518875,7.884176731109619,1.3631954132593953,0
cQc9X41V8xQ_011,0.6790013313293457,0.00738860946148634,45.57793426513672,3.0177236032108348,0
cQc9X41V8xQ_012,0.033311616629362106,0.0005949008045718074,60.84847640991211,3.1188015430619864,0
cXiZxKCrbyQ_000,0.7951992750167847,0.0032969366293400526,20.487150192260742,2.2354448857871203,0
cXiZxKCrbyQ_001,0.8360589742660522,0.0024350641760975122,10.326301574707031,2.038546699688678,0
cXiZxKCrbyQ_002,0.8632951378822327,0.008705037645995617,6.162786483764648,1.123503359392935,0
cXiZxKCrbyQ_003,0.9155600070953369,0.0009482440655119717,6.271580696105957,1.0542014102176733,0
crC6p5qzKvI_000,0.8208481073379517,0.006462994031608105,5.99172830581665,2.1399746236767543,0
crC6p5qzKvI_001,0.8559710383415222,0.02407613955438137,11.70132827758789,2.2317662762628796,0
crC6p5qzKvI_002,0.9153152704238892,0.000916806748136878,6.392100811004639,1.0984736317844446,0
d5zTJ6WtNaA_000,0.030466517433524132,0.0015140848699957132,40.80197525024414,2.6229394736070484,0
d5zTJ6WtNaA_001,0.8563809990882874,0.002066168002784252,17.841726303100586,2.5755515153418203,0
d5zTJ6WtNaA_002,0.8760956525802612,0.013123994693160057,11.211113929748535,2.0230611771091787,0
d5zTJ6WtNaA_003,0.8267921805381775,0.007040912285447121,-2.0793933868408203,1.3623750839938116,0
d5zTJ6WtNaA_004,0.9232372045516968,0.0014739780453965068,2.2932140827178955,1.1650769454283882,0
d6Pn3NXtw7U_000,0.8250161409378052,0.014470684342086315,11.597782135009766,2.287564539758629,0
d6Pn3NXtw7U_001,0.7935331463813782,0.03596543148159981,1.1368129253387451,1.1001469212714874,0
d6Pn3NXtw7U_002,0.4913707673549652,0.010121416300535202,3.1280174255371094,1.4745373377845645,0
d6Pn3NXtw7U_003,0.8010603785514832,0.01337569672614336,1.796229600906372,1.087970435129721,0
d6Pn3NXtw7U_004,0.7556033730506897,0.018607232719659805,1.1415082216262817,1.0994764756287114,0
d6Pn3NXtw7U_005,0.37628015875816345,0.006713226903229952,-1.7730995416641235,1.067793418300148,0
d6Pn3NXtw7U_006,0.7627679705619812,0.012462569400668144,4.451659679412842,1.1188095677926513,0
d6Pn3NXtw7U_007,0.5250622630119324,0.0028277751989662647,-0.3430601954460144,1.0525838727508043,0
d6Pn3NXtw7U_008,0.8635457754135132,0.009275941178202629,5.8948540687561035,1.1346215829302173,0
d6Pn3NXtw7U_009,0.9181950688362122,0.0009244124521501362,6.176578044891357,1.1355708957220834,0
d77p7E17EtY_000,0.8860160112380981,0.019512198865413666,12.783965110778809,2.3881541524519307,0
d77p7E17EtY_001,0.8839365243911743,0.002358892932534218,15.614236831665039,2.304191634872481,0
d77p7E17EtY_002,0.862999677658081,0.002720791148021817,16.773487091064453,2.547058577781929,0
d77p7E17EtY_003,0.9175373315811157,0.001037180540151894,6.009422779083252,1.2382783384270157,0
d9DN-AWVK9U_000,0.8730970025062561,0.002625609515234828,9.54804515838623,1.9700763489283475,0
d9DN-AWVK9U_001,0.9052323698997498,0.006900272332131863,5.952673435211182,1.3178185930680306,0
d9DN-AWVK9U_002,0.929950475692749,0.006495305802673101,6.9394450187683105,1.1591438810634342,0
d9DN-AWVK9U_003,0.8760170340538025,0.0018660190980881453,7.8748979568481445,1.2659602476774965,0
d9DN-AWVK9U_004,0.8661810159683228,0.006395937409251928,5.722799777984619,1.304689879965139,0
d9DN-AWVK9U_005,0.022349031642079353,0.001037072273902595,71.87075805664062,3.1460929421178605,0
d9DN-AWVK9U_006,0.023540040478110313,0.0004934440949000418,68.69517517089844,3.0135994218419992,0
d9DN-AWVK9U_007,0.017248911783099174,0.0006564610521309078,73.37271118164062,3.0201146863874193,0
d9DN-AWVK9U_008,0.7944378852844238,0.001167026348412037,13.242008209228516,1.7685515346140226,0
d9DN-AWVK9U_009,0.8924294114112854,0.008554904721677303,6.39298152923584,1.2850297016875152,0
d9DN-AWVK9U_010,0.9283583760261536,0.006937189027667046,6.132206439971924,1.0793602662198762,0
d9DN-AWVK9U_011,0.8225315809249878,0.013546012341976166,21.02782440185547,2.2232582760303004,0
d9DN-AWVK9U_012,0.9101300835609436,0.0012346456060186028,5.777665615081787,1.760968044279274,0
dF-JxO9T-i8_000,0.8238983154296875,0.0038955570198595524,12.950507164001465,2.0845832448354846,0
dF-JxO9T-i8_001,0.9208231568336487,0.002989053726196289,7.514588356018066,1.5322556126437248,0
dF-JxO9T-i8_002,0.9558355808258057,0.008787187747657299,9.370349884033203,1.465392075911193,0
dF-JxO9T-i8_003,0.856269359588623,0.14915384352207184,-1.9264276027679443,1.1812125696465214,0
dF-JxO9T-i8_004,0.8363853693008423,0.23687054216861725,0.33475998044013977,1.3512526727992,0
dF-JxO9T-i8_005,0.8534889817237854,0.18775217235088348,26.990781784057617,1.1319287045048603,0
dF-JxO9T-i8_006,0.7061334252357483,0.18559691309928894,-1.2967561483383179,2.072190722554449,0
dF-JxO9T-i8_007,0.8198704719543457,0.09756533056497574,-1.9575142860412598,1.0810116003697736,0
dF-JxO9T-i8_008,0.8058139681816101,0.15588879585266113,0.4441359341144562,1.3424415529234854,0
dF-JxO9T-i8_009,0.8525975346565247,0.15553128719329834,-2.69203519821167,1.0236447083075373,0
dF-JxO9T-i8_010,0.830634355545044,0.009066828526556492,12.067440032958984,2.4437075996532123,0
dF-JxO9T-i8_011,0.9177176356315613,0.001372686354443431,6.115842819213867,1.331696459440737,0
dNDCR59vuR0_000,0.025509897619485855,0.0011971091153100133,70.52308654785156,3.1056069671529665,0
dNDCR59vuR0_001,0.031129756942391396,0.0013231377815827727,69.36648559570312,3.211604488825828,0
dNDCR59vuR0_002,0.015652066096663475,0.0006403062725439668,52.31312561035156,3.383964241687156,0
dNDCR59vuR0_003,0.025617055594921112,0.00036754627944901586,60.627769470214844,2.9405279391404497,0
ddrPXAcwXJQ_000,0.9231442213058472,0.012599700130522251,34.48894119262695,2.735670686917581,0
ddrPXAcwXJQ_001,0.8882833123207092,0.097004733979702,4.765110492706299,1.0700613471479832,0
ddrPXAcwXJQ_002,0.9032174944877625,0.03165310248732567,1.627326488494873,1.2445143190745365,0
ddrPXAcwXJQ_003,0.8686436414718628,0.03286535665392876,5.900928974151611,1.5603406496127499,0
ddrPXAcwXJQ_004,0.8097841739654541,0.004030060023069382,11.017237663269043,1.474159562217346,0
ddrPXAcwXJQ_005,0.8339207172393799,0.0008845094125717878,14.539043426513672,2.138055048751949,0
ddrPXAcwXJQ_006,0.9145413041114807,0.004213784821331501,8.81235122680664,2.313492757465488,0
ddrPXAcwXJQ_007,0.7706383466720581,0.0017038405640050769,39.251197814941406,2.7359037404065507,0
ddrPXAcwXJQ_008,0.9200734496116638,0.002654165029525757,7.5196075439453125,1.8764048382302985,0
ddrPXAcwXJQ_009,0.907069742679596,0.002209005644544959,10.294268608093262,1.7897025375694084,0
ddrPXAcwXJQ_010,0.06782584637403488,0.03080817312002182,67.19149780273438,2.3478270347632346,0
ddrPXAcwXJQ_011,0.8673743605613708,0.004578243475407362,4.994318962097168,1.2235860140327504,0
ddrPXAcwXJQ_012,0.9164918661117554,0.0009559632744640112,6.068761348724365,1.3103581788781915,0
dfe2AOEcCcg_000,0.8556402325630188,0.0028177504427731037,12.489618301391602,2.1179234365921693,0
dfe2AOEcCcg_001,0.9188710451126099,0.005102484952658415,6.874599933624268,2.1779348909362484,0
dfe2AOEcCcg_002,0.9350401759147644,0.006045307032763958,12.595952987670898,1.6245424164274802,0
dfe2AOEcCcg_003,0.9399371147155762,0.00331658567301929,8.042278289794922,1.6292717015209146,0
dfe2AOEcCcg_004,0.925255537033081,0.0016668139724060893,4.308533668518066,1.1126869066060217,0
dfe2AOEcCcg_005,0.9260042905807495,0.0011718174209818244,5.028213024139404,1.109381145923296,0
dfe2AOEcCcg_006,0.9517223238945007,0.004602039232850075,8.925573348999023,1.2883391670964146,0
dfe2AOEcCcg_007,0.04346052184700966,0.004847164265811443,7.706081867218018,1.8602835936972248,0
dfe2AOEcCcg_008,0.0378350205719471,0.0021669885609298944,-2.8921453952789307,1.0181939443397459,0
dfe2AOEcCcg_009,0.02380896545946598,0.0014620758593082428,2.8485405445098877,1.6516200149541809,0
dfe2AOEcCcg_010,0.8486862182617188,0.006008745636790991,9.579689025878906,2.308776986547394,0
dfe2AOEcCcg_011,0.9144070744514465,0.0009761973051354289,6.027755260467529,1.05302865699724,0
dop-VxchVZo_000,0.8894332647323608,0.0026361269410699606,9.804259300231934,1.8725163339563435,0
dop-VxchVZo_001,0.8612349033355713,0.006334150675684214,14.958182334899902,1.937943568722858,0
dop-VxchVZo_002,0.7184082269668579,0.0042444136925041676,12.621264457702637,2.1791532346901823,0
dop-VxchVZo_003,0.9187905192375183,0.0011067241430282593,6.205429553985596,1.129655937521188,0
eBBmjbSfzKA_000,0.8171347975730896,0.0007967352285049856,16.86257553100586,2.521629203748931,0
eBBmjbSfzKA_001,0.9025933742523193,0.0017014082986861467,9.565017700195312,1.1199390755473786,0
eBBmjbSfzKA_002,0.9195932745933533,0.0019256225787103176,7.552716255187988,1.2021155234332697,0
eBBmjbSfzKA_003,0.9333409667015076,0.020450402051210403,8.162762641906738,1.0965000102399816,0
eBBmjbSfzKA_004,0.9176859855651855,0.002521341433748603,7.364412307739258,1.4401392496674004,0
eBBmjbSfzKA_005,0.8706055283546448,0.005341107025742531,9.012734413146973,1.397295323965806,0
eBBmjbSfzKA_006,0.9108695983886719,0.0027950501535087824,9.321263313293457,1.144652059531676,0
eBBmjbSfzKA_007,0.8345681428909302,0.00787633378058672,11.045144081115723,2.3493289052921162,0
eBBmjbSfzKA_008,0.9239659309387207,0.0011506496230140328,5.530584812164307,1.3112360274683688,0
eC7uNp3FMvA_000,0.07401008903980255,0.00153238361235708,27.398845672607422,2.8538730646040427,0
eC7uNp3FMvA_001,0.8865243196487427,0.004177359398454428,22.247148513793945,2.3684075556289512,0
eC7uNp3FMvA_002,0.8509883880615234,0.002347072586417198,15.264984130859375,2.300082795506117,0
eC7uNp3FMvA_003,0.8651021122932434,0.008380829356610775,5.111942291259766,1.1448350471323796,0
eC7uNp3FMvA_004,0.9182883501052856,0.0008755685994401574,6.421720027923584,1.3945402194952827,0
eRvrg_rPpdw_000,0.04094124585390091,0.002397325122728944,18.20760726928711,2.402500338184812,0
eRvrg_rPpdw_001,0.2235548496246338,0.003556612879037857,12.78177547454834,1.9185951068581317,0
eRvrg_rPpdw_002,0.28305938839912415,0.0043638115748763084,2.684370279312134,1.1091454472493596,0
eRvrg_rPpdw_003,0.884468138217926,0.006171436049044132,13.64432430267334,2.2199435246714945,0
eRvrg_rPpdw_004,0.9080672264099121,0.010681147687137127,12.092848777770996,2.3787248769926905,0
eRvrg_rPpdw_005,0.857768177986145,0.014709029346704483,9.483335494995117,2.3667642158312816,0
eRvrg_rPpdw_006,0.9185790419578552,0.0009082698379643261,6.831463813781738,1.1319380036285873,0
eXXV3LUohig_000,0.02106619067490101,0.0001567839935887605,9.221392631530762,2.2235919376158377,0
eXXV3LUohig_001,0.0221957229077816,0.0002720503252930939,10.084086418151855,2.1692625209554324,0
eXXV3LUohig_002,0.9345569014549255,0.021200355142354965,7.21771240234375,1.732941543599855,0
eXXV3LUohig_003,0.9047307372093201,0.01904277876019478,6.83950662612915,2.197315435348723,0
eXXV3LUohig_004,0.900937557220459,0.03394287824630737,3.886002540588379,1.1557957877039953,0
eXXV3LUohig_005,0.029113231226801872,0.0007142386166378856,70.77616882324219,2.80920687749263,0
eXXV3LUohig_006,0.025342440232634544,0.0005323551595211029,64.74298858642578,3.0721386318300605,0
ebFxWLJbxMY_000,0.863522469997406,0.0026547268498688936,9.952463150024414,2.1405885555225375,0
ebFxWLJbxMY_001,0.21631206572055817,0.006903465371578932,2.2096738815307617,1.0966033255783316,0
ebFxWLJbxMY_002,0.9044873118400574,0.06198246777057648,0.04775825887918472,1.1328483540386751,0
ebFxWLJbxMY_003,0.06300075352191925,0.0023845036048442125,-0.7700865268707275,1.4194754580252893,0
ebFxWLJbxMY_004,0.04820214956998825,0.0011765699600800872,3.002937078475952,1.1044132131949327,0
ebFxWLJbxMY_005,0.04981308802962303,0.0006140285404399037,0.21595381200313568,1.1458237620461824,0
ebFxWLJbxMY_006,0.8154609799385071,0.004666903056204319,5.465847492218018,1.3392711088434663,0
ebFxWLJbxMY_007,0.9171300530433655,0.0009590403642505407,6.478651523590088,1.5575603025241074,0
ebmOk6AafNI_000,0.025509897619485855,0.0011971091153100133,70.52308654785156,3.1056069671529665,0
ebmOk6AafNI_001,0.038332290947437286,0.0026698641013354063,70.2742919921875,2.528573475679498,0
ebmOk6AafNI_002,0.02084788680076599,0.0007311663939617574,49.543338775634766,3.348014094705434,0
ebmOk6AafNI_003,0.021084154024720192,0.0021850834600627422,67.50718688964844,3.3389726925383814,0
ebmOk6AafNI_004,0.016811393201351166,0.000556983461137861,69.0431137084961,3.4565808617457225,0
ebmOk6AafNI_005,0.026588985696434975,0.0004239903937559575,59.66715621948242,3.0042094407750586,0
emQWsE0DfhY_000,0.03385811671614647,0.003152368124574423,46.92298126220703,2.9939575786496855,0
emQWsE0DfhY_001,0.04682518169283867,0.002216485794633627,68.80066680908203,2.8679737136048886,0
emQWsE0DfhY_002,0.04853835329413414,0.0024703131057322025,42.5668830871582,3.3109538546130426,0
emQWsE0DfhY_003,0.8598820567131042,0.01659482717514038,14.448062896728516,2.4302430106765547,0
emQWsE0DfhY_004,0.8873904943466187,0.009347770363092422,10.9617338180542,1.8449191242845384,0
emQWsE0DfhY_005,0.8691073656082153,0.003188778180629015,11.446989059448242,1.8963953768550503,0
emQWsE0DfhY_006,0.760246753692627,0.0015748131554573774,14.79517650604248,1.932470483260086,0
emQWsE0DfhY_007,0.8688132166862488,0.002618582686409354,10.40205192565918,2.136435878415206,0
emQWsE0DfhY_008,0.8075771331787109,0.012442169710993767,13.804176330566406,2.2023747903837823,0
emQWsE0DfhY_009,0.8334265947341919,0.013375294394791126,8.840744972229004,1.348058840136989,0
emQWsE0DfhY_010,0.028006592765450478,0.0007253036019392312,71.31197357177734,3.060403061571338,0
emQWsE0DfhY_011,0.031127769500017166,0.0005806562257930636,63.26331329345703,3.133874204428322,0
f0Lzp4tSKOI_000,0.02712564542889595,0.0012049730867147446,68.20826721191406,3.2645410575688723,0
f0Lzp4tSKOI_001,0.03203129023313522,0.004539659712463617,73.97335815429688,3.317404040804113,0
f0Lzp4tSKOI_002,0.02309495583176613,0.0014020816888660192,67.13448333740234,3.28254060355887,0
f0Lzp4tSKOI_003,0.012782405130565166,0.0006776173831894994,49.65077209472656,3.2971543554285945,0
f0Lzp4tSKOI_004,0.03745538368821144,0.0008096008677966893,46.619258880615234,3.265134888503708,0
f0Lzp4tSKOI_005,0.02462124079465866,0.0007339837029576302,71.5339126586914,2.9736676521545182,0
f0Lzp4tSKOI_006,0.03430856764316559,0.0006432152003981173,60.01229476928711,3.074827935138586,0
fEC439V-FM8_000,0.03598111495375633,0.0037668291479349136,49.505550384521484,3.189822638574886,0
fEC439V-FM8_001,0.014755208976566792,0.0007412763079628348,41.857608795166016,3.33660648191006,0
fEC439V-FM8_002,0.026214541867375374,0.0007893133442848921,43.47547912597656,3.173307290862783,0
fEC439V-FM8_003,0.02529073879122734,0.0007172087789513171,36.59010696411133,3.3697590907342905,0
fEC439V-FM8_004,0.8514366149902344,0.0037569731939584017,11.71558952331543,2.576174716603471,0
fEC439V-FM8_005,0.7094561457633972,0.004890185780823231,9.257265090942383,1.133596976323917,0
fEC439V-FM8_006,0.8561266660690308,0.0015308668371289968,12.857434272766113,2.362525879138755,0
fEC439V-FM8_007,0.8353663086891174,0.005280447192490101,13.794655799865723,2.440411568507855,0
fEC439V-FM8_008,0.7535309791564941,0.003680919762700796,12.146890640258789,2.2484003346197645,0
fEC439V-FM8_009,0.8573516607284546,0.010826672427356243,9.27249526977539,2.4337008855327755,0
fEC439V-FM8_010,0.8800283670425415,0.009130731225013733,9.783015251159668,2.6306826114383735,0
fEC439V-FM8_011,0.7862884998321533,0.021297432482242584,9.83073616027832,1.45475596168062,0
fEC439V-FM8_012,0.8439157009124756,0.035651542246341705,7.6098222732543945,1.1123332201690792,0
fEC439V-FM8_013,0.836103081703186,0.003492856863886118,8.669840812683105,1.1270080507471942,0
fEC439V-FM8_014,0.7793043851852417,0.0013187307631596923,10.864435195922852,1.085884335095644,0
fEC439V-FM8_015,0.7322283983230591,0.00662035821005702,16.18197250366211,2.732703499926471,0
fEC439V-FM8_016,0.707956850528717,0.0019611555617302656,7.815038204193115,1.8475561617138514,0
fEC439V-FM8_017,0.8423945903778076,0.0025750433560460806,7.917366027832031,2.201700067174131,0
fEC439V-FM8_018,0.8017249703407288,0.006177817936986685,9.24055004119873,1.6558924604818384,0
fEC439V-FM8_019,0.8622784614562988,0.003100669477134943,6.411689758300781,1.1884981784231485,0
fEC439V-FM8_020,0.8538195490837097,0.004305622540414333,8.616914749145508,1.1940959777489297,0
fEC439V-FM8_021,0.7771264910697937,0.009882169775664806,5.839858531951904,1.1610378966722854,0
fEC439V-FM8_022,0.8454455733299255,0.011162946000695229,6.301022529602051,1.168809474716069,0
fEC439V-FM8_023,0.8500709533691406,0.006538319867104292,10.93597412109375,1.9362880551595405,0
fEC439V-FM8_024,0.7988327145576477,0.005630991421639919,11.73646354675293,2.295852687925828,0
fEC439V-FM8_025,0.6400911211967468,0.0012466859770938754,66.01223754882812,2.909804501828347,0
fEC439V-FM8_026,0.029648469761013985,0.0005710377590730786,62.9886360168457,3.0775080237739374,0
fERSC9-tvZw_000,0.8413878083229065,0.15609975159168243,-0.9081658720970154,1.146167438950097,0
fERSC9-tvZw_001,0.8904845714569092,0.11699070781469345,-1.6421699523925781,1.0655910415633916,0
fERSC9-tvZw_002,0.8453795909881592,0.012574145570397377,9.924676895141602,2.02532387738695,0
fERSC9-tvZw_003,0.854759693145752,0.028150523081421852,3.329639196395874,1.0948622327091198,0
fERSC9-tvZw_004,0.912713348865509,0.001078836852684617,6.896576881408691,1.1087610157126877,0
fEmmmt_FFtQ_000,0.02197510376572609,0.0015547038055956364,49.521854400634766,3.214751778299671,0
fEmmmt_FFtQ_001,0.04675913229584694,0.004968893714249134,19.01648712158203,2.821518991991519,0
fEmmmt_FFtQ_002,0.014393730089068413,0.0006214819732122123,55.81035232543945,3.2711396342359627,0
fEmmmt_FFtQ_003,0.017284449189901352,0.0004589454911183566,58.49971389770508,3.472027522672305,0
fEmmmt_FFtQ_004,0.022694382816553116,0.0009662616648711264,53.75092315673828,3.3834830618003156,0
fEmmmt_FFtQ_005,0.02472802624106407,0.0016605707351118326,55.9166145324707,3.152091806402763,0
fEmmmt_FFtQ_006,0.02291441522538662,0.0006346681038849056,67.18426513671875,3.254083102038117,0
fEmmmt_FFtQ_007,0.024739239364862442,0.0008144896710291505,71.20989227294922,3.0298835596295133,0
fJJiM5XAPjE_000,0.836295485496521,0.003263550577685237,10.432048797607422,1.3221950058867855,0
fJJiM5XAPjE_001,0.9335491061210632,0.0015891834627836943,1.7718616724014282,1.1373394756270938,0
fJJiM5XAPjE_002,0.7711666822433472,0.002179000759497285,10.78303337097168,1.6388304160516354,0
fJJiM5XAPjE_003,0.847716748714447,0.007281218655407429,6.241235256195068,1.8788677688216566,0
fJJiM5XAPjE_004,0.9184549450874329,0.0007989879813976586,6.107384204864502,1.1216250691238794,0
fLFCU4gQJm0_000,0.8805942535400391,0.009067865088582039,14.811619758605957,2.3975926137658403,0
fLFCU4gQJm0_001,0.8411580920219421,0.0023856551852077246,14.905529022216797,2.4789397556957833,0
fLFCU4gQJm0_002,0.900290310382843,0.02013986185193062,12.304800987243652,2.415714799985481,0
fLFCU4gQJm0_003,0.9062215089797974,0.006742635276168585,11.326138496398926,2.201236739158993,0
fLFCU4gQJm0_004,0.9078575372695923,0.005610815715044737,13.066878318786621,1.922368616063208,0
fLFCU4gQJm0_005,0.8513547778129578,0.008093148469924927,14.140412330627441,2.4649437479802,0
fLFCU4gQJm0_006,0.856961190700531,0.018133174628019333,16.006023406982422,2.5775540538482007,0
fLFCU4gQJm0_007,0.848947286605835,0.008894028142094612,14.39307689666748,2.2448495594580096,0
fLFCU4gQJm0_008,0.9071657657623291,0.008477027527987957,12.180761337280273,2.436640827515049,0
fLFCU4gQJm0_009,0.869317352771759,0.004960430320352316,5.1895527839660645,1.0718393044596795,0
fLFCU4gQJm0_010,0.030680140480399132,0.0005835551419295371,62.65726852416992,3.131771553547294,0
fMIikT9DuQ8_000,0.8841105699539185,0.05279873311519623,13.354437828063965,2.2705451263279595,0
fMIikT9DuQ8_001,0.8973164558410645,0.0203927680850029,14.547798156738281,2.3815382847008877,0
fMIikT9DuQ8_002,0.8615018725395203,0.008720477111637592,6.444657802581787,1.1513744953514666,0
fMIikT9DuQ8_003,0.9172422885894775,0.0009799811523407698,6.076464653015137,1.1214041954675191,0
fXwE9_IWH-c_000,0.025026265531778336,0.0012491358211264014,45.51847457885742,3.373158123860422,0
fXwE9_IWH-c_001,0.03664024546742439,0.000993624096736312,61.585426330566406,3.2649368666552108,0
fXwE9_IWH-c_002,0.017793668434023857,0.0007757582934573293,50.21778106689453,3.4168911943275115,0
fXwE9_IWH-c_003,0.025308512151241302,0.0038357344456017017,43.56056594848633,3.3838335153828676,0
fXwE9_IWH-c_004,0.015476873144507408,0.0007011730340309441,45.11824035644531,3.309763497441753,0
fXwE9_IWH-c_005,0.032375533133745193,0.0004280272696632892,72.23626708984375,3.133519874188131,0
fXwE9_IWH-c_006,0.02883821539580822,0.0007186715956777334,50.98117446899414,3.2569048824864746,0
fXwE9_IWH-c_007,0.03754465654492378,0.0015087805222719908,56.663021087646484,3.241150967092072,0
fXwE9_IWH-c_008,0.0327409952878952,0.002102592494338751,66.68797302246094,3.108616063066273,0
fXwE9_IWH-c_009,0.02418731525540352,0.0025446631480008364,70.43533325195312,3.069055737033432,0
fXwE9_IWH-c_010,0.03101995959877968,0.0006030494696460664,64.8307876586914,3.171156102364718,0
f_-Qv6gOOnQ_000,0.7009361982345581,0.0024800803512334824,21.343812942504883,2.204379337189783,0
f_-Qv6gOOnQ_001,0.8230991363525391,0.0019485923694446683,38.21348571777344,2.661443654341515,0
f_-Qv6gOOnQ_002,0.8819175958633423,0.0011210291413590312,10.645797729492188,2.4379408231515027,0
f_-Qv6gOOnQ_003,0.8655794262886047,0.0007063864031806588,13.574557304382324,2.2850666553266334,0
f_-Qv6gOOnQ_004,0.7601279020309448,0.0010258195688948035,12.497477531433105,2.463884677695951,0
f_-Qv6gOOnQ_005,0.8292750716209412,0.02406693808734417,12.182875633239746,2.1955048963260313,0
f_-Qv6gOOnQ_006,0.9003608226776123,0.004688541870564222,6.809663772583008,1.1124841582436813,0
f_-Qv6gOOnQ_007,0.8429070115089417,0.026823541149497032,11.224893569946289,2.0938413975685854,0
f_-Qv6gOOnQ_008,0.8617981672286987,0.003667788812890649,6.18271017074585,1.5729894576418026,0
f_-Qv6gOOnQ_009,0.8839481472969055,0.0028465185314416885,7.793951988220215,1.3627863234495898,0
f_-Qv6gOOnQ_010,0.9073445200920105,0.001447745831683278,9.309704780578613,1.933720361469204,0
f_-Qv6gOOnQ_011,0.8484792709350586,0.009589445777237415,9.349568367004395,2.333339604138818,0
f_-Qv6gOOnQ_012,0.9145843386650085,0.0009784754365682602,6.096005916595459,1.39193048607878,0
fenMDk7Ms8o_000,0.6993862390518188,0.009320367127656937,5.877887725830078,1.1158376777085033,0
fenMDk7Ms8o_001,0.8282672762870789,0.0013837182195857167,8.360188484191895,1.5169543155924046,0
fenMDk7Ms8o_002,0.9166508913040161,0.00212585530243814,11.649092674255371,2.5203914561346243,0
fenMDk7Ms8o_003,0.9169962406158447,0.000977564137428999,10.132179260253906,2.6192566593293765,0
fenMDk7Ms8o_004,0.9174886345863342,0.001530962297692895,9.740995407104492,1.45197930691984,0
fenMDk7Ms8o_005,0.9190164804458618,0.007000622805207968,12.323675155639648,2.573465436906836,0
fenMDk7Ms8o_006,0.8955754637718201,0.0021289496216923,13.656096458435059,2.798789604216546,0
fenMDk7Ms8o_007,0.9118382930755615,0.0005647611105814576,12.339001655578613,2.4924850794393794,0
fenMDk7Ms8o_008,0.9141711592674255,0.005909085273742676,12.343440055847168,2.558719784963008,0
fenMDk7Ms8o_009,0.9129745960235596,0.0015921148005872965,12.744532585144043,1.6939017540557852,0
fenMDk7Ms8o_010,0.19852060079574585,0.001892204163596034,63.087886810302734,3.0569893317899224,0
fenMDk7Ms8o_011,0.034488461911678314,0.0006327734445221722,65.05924987792969,3.179227692628144,0
fndyN2fitf0_000,0.8165320158004761,0.024504927918314934,27.87992286682129,1.4569949774137416,0
fndyN2fitf0_001,0.63219153881073,0.013487587682902813,7.711817264556885,1.5378332526633434,0
fndyN2fitf0_002,0.8359435200691223,0.13347917795181274,-2.351962089538574,1.1285766753773916,0
fndyN2fitf0_003,0.033715590834617615,0.0019117038464173675,68.41434478759766,2.9403864298140396,0
fndyN2fitf0_004,0.029868368059396744,0.000615352822933346,63.04016876220703,3.120304877787863,0
fs9REzDRlp0_000,0.8660973310470581,0.014218615368008614,3.9595510959625244,1.8011563584345613,0
fs9REzDRlp0_001,0.8290227651596069,0.029619114473462105,3.2433481216430664,1.1334924080883466,0
fs9REzDRlp0_002,0.026722995564341545,0.0009464059257879853,70.84061431884766,3.0870486980306664,0
fs9REzDRlp0_003,0.026419557631015778,0.0005954893422313035,63.77079772949219,3.035375380868335,0
fsICD5cvIl8_000,0.17721587419509888,0.00398453650996089,12.142257690429688,2.294541115627486,0
fsICD5cvIl8_001,0.8640533089637756,0.0049511282704770565,16.841663360595703,2.3659680961584866,0
fsICD5cvIl8_002,0.8887708187103271,0.0051548113115131855,19.202062606811523,2.2747678465886545,0
fsICD5cvIl8_003,0.24129366874694824,0.001577336573973298,18.414318084716797,2.102291618098638,0
fsICD5cvIl8_004,0.8028526306152344,0.006237031426280737,10.950364112854004,2.3373789682524153,0
fsICD5cvIl8_005,0.9166090488433838,0.0009174703154712915,6.300687789916992,2.038926742715246,0
ftKWA_gAzTo_000,0.03107263147830963,0.0033217519521713257,11.796236038208008,2.4471092155240934,0
ftKWA_gAzTo_001,0.5345001220703125,0.010643784888088703,38.078826904296875,2.5101956991400973,0
ftKWA_gAzTo_002,0.9372947216033936,0.006476627197116613,4.726126670837402,1.1357567096418468,0
ftKWA_gAzTo_003,0.92010897397995,0.00286073237657547,8.231756210327148,1.0751405107616674,0
ftKWA_gAzTo_004,0.8620543479919434,0.0076790968887507915,13.826800346374512,1.1015952114068817,0
ftKWA_gAzTo_005,0.030807597562670708,0.0005905575817450881,62.91267776489258,3.109950972209878,0
fuf6qp-uaHA_000,0.05302143096923828,0.002069955924525857,24.016775131225586,2.6981434611330224,0
fuf6qp-uaHA_001,0.27649635076522827,0.0010568005964159966,13.149438858032227,1.7098779658400678,0
fuf6qp-uaHA_002,0.21539242565631866,0.0041696918196976185,-2.3398990631103516,1.0887671442968667,0
fuf6qp-uaHA_003,0.03992003947496414,0.0013452747371047735,19.695924758911133,2.89078562049841,0
fuf6qp-uaHA_004,0.028410829603672028,0.004805547650903463,14.3624906539917,2.5036371320608546,0
fuf6qp-uaHA_005,0.1828925609588623,0.010683038271963596,17.627729415893555,2.205198472376738,0
fuf6qp-uaHA_006,0.0291121993213892,0.0009991846745833755,6.960394859313965,1.7995610752338576,0
fuf6qp-uaHA_007,0.03573156148195267,0.0013338373973965645,27.35503578186035,2.3293791365862817,0
fuf6qp-uaHA_008,0.046548593789339066,0.001153445802628994,30.355276107788086,2.929603345492152,0
fuf6qp-uaHA_009,0.8961961269378662,0.03820212930440903,8.683384895324707,1.6853847387805192,0
fuf6qp-uaHA_010,0.8686341047286987,0.0037927418015897274,7.984269142150879,1.3900731720142883,0
fuf6qp-uaHA_011,0.9136160612106323,0.001098964479751885,6.559849262237549,1.1113603596927788,0
g3qdsdztDqQ_000,0.7482553124427795,0.00263593764975667,10.903061866760254,2.1653870362262118,0
g3qdsdztDqQ_001,0.7689211368560791,0.009332258254289627,11.569901466369629,2.339840263263369,0
g3qdsdztDqQ_002,0.8292993903160095,0.0029119900427758694,12.170916557312012,2.2385882044493157,0
g3qdsdztDqQ_003,0.832955002784729,0.0020460919477045536,13.21910285949707,2.4640482594547257,0
g3qdsdztDqQ_004,0.806320071220398,0.0235014408826828,12.012765884399414,1.8219227140862548,0
g3qdsdztDqQ_005,0.8349963426589966,0.008350584656000137,6.440232753753662,1.7082029241528678,0
g3qdsdztDqQ_006,0.9197762608528137,0.0009143958450295031,5.674152851104736,1.4477904865073414,0
g4tMvJTPtnc_000,0.799329936504364,0.22554773092269897,3.826885461807251,1.1347807232337368,0
g4tMvJTPtnc_001,0.8082725405693054,0.0318690724670887,20.712825775146484,2.1072280647591524,0
g4tMvJTPtnc_002,0.7647750973701477,0.022108163684606552,4.878078460693359,2.204099378793497,0
g4tMvJTPtnc_003,0.8109983205795288,0.008177507668733597,7.837192058563232,2.1481573003910444,0
g4tMvJTPtnc_004,0.9031072854995728,0.07648898661136627,10.453944206237793,1.7420889761921716,0
g4tMvJTPtnc_005,0.9552508592605591,0.016202112659811974,10.581915855407715,2.0375525044849456,0
g4tMvJTPtnc_006,0.9315739274024963,0.020694082602858543,13.72945785522461,2.2590165566492617,0
g4tMvJTPtnc_007,0.9250349998474121,0.0025358686689287424,19.52923011779785,2.2208759157319555,0
g4tMvJTPtnc_008,0.8992565870285034,0.003429122967645526,11.243487358093262,2.381416788109424,0
g4tMvJTPtnc_009,0.8748692870140076,0.0026648789644241333,16.36133575439453,2.436317310806174,0
g4tMvJTPtnc_010,0.8652675747871399,0.0030556663405150175,19.9036808013916,2.11057885126406,0
g4tMvJTPtnc_011,0.8687812685966492,0.004526680335402489,15.093297004699707,2.096128985017117,0
g4tMvJTPtnc_012,0.9166121482849121,0.008541729301214218,9.154194831848145,2.2069626395475073,0
g4tMvJTPtnc_013,0.9064080715179443,0.03389209136366844,9.176799774169922,2.080238444923874,0
g4tMvJTPtnc_014,0.8753818869590759,0.009166166186332703,6.355498790740967,1.1546886083212577,0
g4tMvJTPtnc_015,0.9159060716629028,0.00102962926030159,5.835564613342285,1.4514070506982846,0
gOTeY1Br7Ns_000,0.016070716083049774,0.0004547520074993372,53.16066360473633,3.2742235857063897,0
gOTeY1Br7Ns_001,0.8589991927146912,0.00037235571653582156,15.931275367736816,2.911190932496038,0
gOTeY1Br7Ns_002,0.9005767703056335,0.0006719479570165277,8.954889297485352,2.2213184344536288,0
gOTeY1Br7Ns_003,0.02339441515505314,0.0007329529616981745,73.32080078125,3.2803136345255677,0
gOTeY1Br7Ns_004,0.8462502360343933,0.00041727497591637075,14.6030855178833,1.3635347423598716,0
gOTeY1Br7Ns_005,0.8919841647148132,0.0005768258706666529,11.190768241882324,2.7300534705808923,0
gOTeY1Br7Ns_006,0.882541298866272,0.0011657631257548928,9.705212593078613,2.527857252432081,0
gOTeY1Br7Ns_007,0.9093721508979797,0.0006907148635946214,11.213529586791992,2.0918291156272693,0
gOTeY1Br7Ns_008,0.031213758513331413,0.0006571192061528563,51.80626678466797,3.24111257166514,0
gOTeY1Br7Ns_009,0.011973033659160137,0.0004312952805776149,41.62498092651367,3.312032807289351,0
gOTeY1Br7Ns_010,0.018633604049682617,0.0008044223650358617,38.81652069091797,3.3445838942552655,0
gOTeY1Br7Ns_011,0.018962090834975243,0.0009084213525056839,45.04600143432617,3.170972217452382,0
gOTeY1Br7Ns_012,0.037804875522851944,0.0007130607264116406,38.83128356933594,3.1898919243685295,0
gOTeY1Br7Ns_013,0.02319936640560627,0.0009147126693278551,45.927581787109375,3.2085073356622913,0
gOTeY1Br7Ns_014,0.016528502106666565,0.0004142862744629383,37.64317321777344,3.384613443033196,0
gOTeY1Br7Ns_015,0.024326076731085777,0.0005887605366297066,39.843650817871094,3.313887390956304,0
gOTeY1Br7Ns_016,0.015749936923384666,0.0004260792920831591,59.985435485839844,3.220699281934041,0
gOTeY1Br7Ns_017,0.013877736404538155,0.0010238747345283628,54.03907775878906,3.4584209285651544,0
gOTeY1Br7Ns_018,0.048314642161130905,0.0009105291683226824,23.228111267089844,2.912704956807353,0
gOTeY1Br7Ns_019,0.0412231981754303,0.0015061127487570047,12.950662612915039,1.6646749243827963,0
gOTeY1Br7Ns_020,0.03712060675024986,0.0005280579207465053,15.556893348693848,2.2740845998299446,0
gOTeY1Br7Ns_021,0.03079180419445038,0.0012362536508589983,48.81325149536133,3.1546418616425362,0
gOTeY1Br7Ns_022,0.059282347559928894,0.001748485490679741,58.392295837402344,3.169879180137201,0
gOTeY1Br7Ns_023,0.03937828540802002,0.0006034643156453967,45.11664581298828,2.663456447381987,0
gOTeY1Br7Ns_024,0.06205478683114052,0.0025462806224823,66.13663482666016,3.239434161820305,0
gOTeY1Br7Ns_025,0.015596915036439896,0.00036532297963276505,39.07295608520508,3.293988487749118,0
gOTeY1Br7Ns_026,0.023400653153657913,0.0026094140484929085,70.2974853515625,3.1268104420678626,0
gOTeY1Br7Ns_027,0.03156062215566635,0.0006551194237545133,64.26506805419922,3.045368134593236,0
gT1H1O2UpUQ_000,0.018798427656292915,0.0010460438206791878,43.24256134033203,3.4691509383824988,0
gT1H1O2UpUQ_001,0.047430701553821564,0.0012817381648346782,44.358802795410156,3.4267935902075966,0
gT1H1O2UpUQ_002,0.021415065973997116,0.0009466633782722056,47.38846206665039,3.337791321784871,0
gT1H1O2UpUQ_003,0.024160712957382202,0.00241458835080266,46.823246002197266,3.282313995298693,0
gT1H1O2UpUQ_004,0.03538302704691887,0.0018131471006199718,69.3005142211914,2.230660737762191,0
gT1H1O2UpUQ_005,0.03961936756968498,0.0010454381117597222,49.2635612487793,2.504053503115365,0
gT1H1O2UpUQ_006,0.028716320171952248,0.0038250121288001537,49.38232421875,3.2700664665730255,0
gT1H1O2UpUQ_007,0.020936865359544754,0.0012449428904801607,47.18555450439453,3.3433011422379115,0
gT1H1O2UpUQ_008,0.021936461329460144,0.0009202281944453716,55.31843566894531,2.883062908428609,0
gT1H1O2UpUQ_009,0.0278763547539711,0.0012571668485179543,54.69362258911133,3.132385900636354,0
gT1H1O2UpUQ_010,0.035164520144462585,0.002269347896799445,70.22970581054688,3.153048633587586,0
gT1H1O2UpUQ_011,0.030237412080168724,0.001992166507989168,58.05442428588867,3.0594114493078646,0
gT1H1O2UpUQ_012,0.03208564221858978,0.0018406440503895283,43.80085372924805,3.150140104373132,0
gT1H1O2UpUQ_013,0.02524431422352791,0.0012963926419615746,58.4170036315918,3.4061855795607476,0
gT1H1O2UpUQ_014,0.03183731436729431,0.0031951230484992266,47.21364212036133,3.3125493984071204,0
gT1H1O2UpUQ_015,0.024913376197218895,0.0015866063768044114,48.46852493286133,3.362725796459103,0
gT1H1O2UpUQ_016,0.019126182422041893,0.0010888344841077924,51.62460708618164,3.2715805967798013,0
gT1H1O2UpUQ_017,0.024147866293787956,0.000810024852398783,70.90129089355469,3.047155345918246,0
gT1H1O2UpUQ_018,0.029955431818962097,0.00061679573263973,60.668277740478516,3.001437570201269,0
gX9MTnDCHKM_000,0.6138814091682434,0.007800240535289049,9.951919555664062,1.1198055317159497,0
gX9MTnDCHKM_001,0.824559211730957,0.00785321369767189,16.236989974975586,1.525577598032405,0
gX9MTnDCHKM_002,0.7031564712524414,0.002957327524200082,16.21099281311035,2.5404544357128414,0
gX9MTnDCHKM_003,0.8494883179664612,0.008374115452170372,6.229133129119873,1.119324382338347,0
gX9MTnDCHKM_004,0.9169952273368835,0.0010178389493376017,6.133904933929443,1.3121024134305357,0
gZUV6ni1EPA_000,0.025509897619485855,0.0011971091153100133,70.52308654785156,3.1056069671529665,0
gZUV6ni1EPA_001,0.033871036022901535,0.0020117899402976036,67.3137435913086,3.277258696405732,0
gZUV6ni1EPA_002,0.7921678423881531,0.012472579255700111,19.046674728393555,2.4529481914944076,0
gZUV6ni1EPA_003,0.8559889793395996,0.0007175424252636731,14.727144241333008,2.763769511924367,0
gZUV6ni1EPA_004,0.8995049595832825,0.0002959257981274277,12.898767471313477,2.494918795662145,0
gZUV6ni1EPA_005,0.9183794260025024,0.007061955519020557,15.735782623291016,2.7546657655168505,0
gZUV6ni1EPA_006,0.8810922503471375,0.000903485924936831,14.627943992614746,2.0692356730460286,0
gZUV6ni1EPA_007,0.9084646105766296,0.00034540658816695213,12.966524124145508,2.810511967916114,0
gZUV6ni1EPA_008,0.8137730956077576,0.0022410470992326736,14.240306854248047,2.4781455928590894,0
gZUV6ni1EPA_009,0.8772314190864563,0.0005798432393930852,13.600534439086914,1.9384538355365941,0
gZUV6ni1EPA_010,0.8025594353675842,0.0014926580479368567,23.110048294067383,2.302870473292547,0
gZUV6ni1EPA_011,0.916566789150238,0.000535574508830905,17.224504470825195,2.50288669171929,0
gZUV6ni1EPA_012,0.8691926598548889,0.0008925267029553652,13.683380126953125,2.746318963664924,0
gZUV6ni1EPA_013,0.9163395762443542,0.0004643090651370585,11.900636672973633,2.471043162632079,0
gZUV6ni1EPA_014,0.8488309979438782,0.0013056222815066576,16.1053524017334,2.6511620861912193,0
gZUV6ni1EPA_015,0.025196777656674385,0.0005930201732553542,60.757137298583984,2.9622790944016315,0
gbN1E89g7yc_000,0.6997188329696655,0.021290531381964684,13.044195175170898,2.0897304041963247,0
gbN1E89g7yc_001,0.7119002938270569,0.01265981700271368,13.50644588470459,1.9308259348295835,0
gbN1E89g7yc_002,0.8093396425247192,0.007550709880888462,13.217907905578613,2.116969302920514,0
gbN1E89g7yc_003,0.9157432913780212,0.001162238884717226,6.532099723815918,1.5321480585923624,0
gbrLzyVC-t0_000,0.728412389755249,0.000723077857401222,35.50990295410156,2.439637523838114,0
gbrLzyVC-t0_001,0.7912364602088928,0.005436708685010672,42.54886245727539,3.3248132495180083,0
gbrLzyVC-t0_002,0.9104342460632324,0.0010754192480817437,6.591963291168213,1.838268973068459,0
ghJ7QzFKpXU_000,0.9183198809623718,0.0028099219780415297,4.838698863983154,1.109156258721173,0
ghJ7QzFKpXU_001,0.8811625242233276,0.004608200863003731,5.618478298187256,1.9561844235517818,0
ghJ7QzFKpXU_002,0.9230949878692627,0.0007479099440388381,5.244253635406494,1.3285690149415583,0
ghJ7QzFKpXU_003,0.9212995171546936,0.0032591300550848246,3.464254856109619,1.1079071945176282,0
ghJ7QzFKpXU_004,0.9064671993255615,0.0036295573227107525,8.96921443939209,1.120853365940573,0
ghJ7QzFKpXU_005,0.8250564336776733,0.00339422095566988,9.052464485168457,1.1043268788580358,0
ghJ7QzFKpXU_006,0.041264310479164124,0.0007368283113464713,70.30834197998047,3.1444008593480306,0
ghJ7QzFKpXU_007,0.0329267717897892,0.0005834386101923883,63.05931854248047,2.976786352726331,0
gkrMlAAbfXY_000,0.8992706537246704,0.0016001216135919094,16.78951072692871,2.2888104144858987,0
gkrMlAAbfXY_001,0.8500922322273254,0.0055434126406908035,26.133298873901367,2.9713646196895325,0
gkrMlAAbfXY_002,0.847510576248169,0.00681412173435092,8.066208839416504,1.2892877178844664,0
gkrMlAAbfXY_003,0.9122809767723083,0.0036151940003037453,7.396126747131348,1.3200022229744346,0
gkrMlAAbfXY_004,0.9118226766586304,0.0035507541615515947,9.787008285522461,1.5539717289512713,0
gkrMlAAbfXY_005,0.7918762564659119,0.007829001173377037,6.109344005584717,1.9407153283358658,0
gkrMlAAbfXY_006,0.9191681742668152,0.0010518457274883986,6.584895610809326,1.1308724313753231,0
gmggwZTArDs_000,0.03931408375501633,0.002323469612747431,66.60475158691406,3.3224595195693025,0
gmggwZTArDs_001,0.023467082530260086,0.0012019863352179527,50.422508239746094,3.0847927807025513,0
gmggwZTArDs_002,0.027282942086458206,0.0009524861234240234,64.71512603759766,3.2542382893811626,0
gmggwZTArDs_003,0.026075454428792,0.0014927568845450878,63.76112365722656,3.0495045320505065,0
gmggwZTArDs_004,0.8062178492546082,0.01888876035809517,12.396872520446777,1.6863575964144129,0
gmggwZTArDs_005,0.8377153277397156,0.015113741159439087,8.156421661376953,1.1505003497593667,0
gmggwZTArDs_006,0.834652841091156,0.0023912780452519655,8.592591285705566,1.3052465053432758,0
gmggwZTArDs_007,0.8465930819511414,0.01238643191754818,11.305758476257324,1.653111497158147,0
gmggwZTArDs_008,0.8885251879692078,0.008140459656715393,9.263447761535645,1.9058313687232733,0
gmggwZTArDs_009,0.8594078421592712,0.004106753505766392,8.496259689331055,2.358311792213063,0
gmggwZTArDs_010,0.8316339254379272,0.008933542296290398,17.503747940063477,1.4262497734820216,0
gmggwZTArDs_011,0.03430316969752312,0.0006323683192022145,64.08084869384766,2.994131259875363,0
h0ZHAVQQ9O8_000,0.7983993291854858,0.008473292924463749,9.863777160644531,1.345698750349811,0
h0ZHAVQQ9O8_001,0.8162927627563477,0.001997358864173293,7.969627857208252,1.187338889374647,0
h0ZHAVQQ9O8_002,0.8495986461639404,0.007653417531400919,6.516318321228027,1.1842372921588857,0
h0ZHAVQQ9O8_003,0.8786125779151917,0.030668962746858597,9.31313419342041,1.5651875747966084,0
h0ZHAVQQ9O8_004,0.8016613125801086,0.0022633515764027834,6.033860206604004,1.6564440390071808,0
h0ZHAVQQ9O8_005,0.8414694666862488,0.013395179994404316,12.815152168273926,1.8406105389858076,0
hAQyH9W-0o4_000,0.023439977318048477,0.0010235484223812819,47.581756591796875,3.349406281094521,0
hCUGY3-RIB4_000,0.030038200318813324,0.009141859598457813,53.692405700683594,3.2991393600755177,0
hCUGY3-RIB4_001,0.030861830338835716,0.005183852277696133,17.912019729614258,2.722387454516985,0
hCUGY3-RIB4_002,0.025042179971933365,0.000870145158842206,52.97798156738281,3.3106374214654486,0
hCUGY3-RIB4_003,0.023664934560656548,0.001509505440481007,70.65377044677734,3.0961413531345574,0
hCUGY3-RIB4_004,0.01876748539507389,0.001404104637913406,64.34565734863281,3.065957374636325,0
hCUGY3-RIB4_005,0.03816695511341095,0.003390798345208168,61.914161682128906,3.1382943291470182,0
hCUGY3-RIB4_006,0.04323285073041916,0.0019876654259860516,57.913021087646484,3.442275739154137,0
hCUGY3-RIB4_007,0.028419768437743187,0.0006814434891566634,72.86792755126953,2.9897389398178245,0
hCUGY3-RIB4_008,0.02809187024831772,0.0005241490434855223,46.8017578125,2.946430781517771,0
hIDlXK7K7jk_000,0.8892739415168762,0.0031651814933866262,16.36598777770996,2.5415260993987046,0
hIDlXK7K7jk_001,0.8242048025131226,0.0013721034629270434,11.214913368225098,2.4504415520393588,0
hIDlXK7K7jk_002,0.8092656135559082,0.027005279436707497,8.66340446472168,1.4688826126403671,0
hIDlXK7K7jk_003,0.8937522172927856,0.004637107253074646,9.067716598510742,1.62996796362479,0
hIDlXK7K7jk_004,0.894855797290802,0.0012744276318699121,7.0688395500183105,1.1067542197103277,0
hIDlXK7K7jk_005,0.8987195491790771,0.008001480251550674,7.238852024078369,1.0987300519712884,0
hIDlXK7K7jk_006,0.9244956374168396,0.0008425443666055799,6.457292556762695,1.1578017035598676,0
hIDlXK7K7jk_007,0.918632447719574,0.002471518935635686,8.160811424255371,1.3304118937735863,0
hIDlXK7K7jk_008,0.9244742393493652,0.0009488562936894596,8.699748992919922,1.1179039799205217,0
hIDlXK7K7jk_009,0.9337822794914246,0.0029640542343258858,5.5340256690979,1.3220378152449688,0
hIDlXK7K7jk_010,0.9244067668914795,0.006181775126606226,7.878247261047363,1.487896788887423,0
hIDlXK7K7jk_011,0.8372513651847839,0.004784738179296255,17.31340980529785,1.584786056600352,0
hIDlXK7K7jk_012,0.03296094387769699,0.0005822040257044137,64.34796142578125,3.1259404234371853,0
hYXJOBBpFHg_000,0.8439865708351135,0.002281955210492015,18.919038772583008,2.3927345450735684,0
hYXJOBBpFHg_001,0.8655714988708496,0.016663242131471634,26.165904998779297,1.134359619676854,0
hYXJOBBpFHg_002,0.9118644595146179,0.0009159938199445605,5.373551368713379,2.034641057339681,0
hguzTBqAszY_000,0.026055958122015,0.0011600052239373326,54.248897552490234,2.953094690400037,0
hguzTBqAszY_001,0.032825782895088196,0.0015235658502206206,44.628028869628906,3.193592350647876,0
hguzTBqAszY_002,0.03833300992846489,0.0008156438125297427,51.98451614379883,3.0513607650747865,0
hguzTBqAszY_003,0.024357188493013382,0.002867897506803274,70.38876342773438,3.0782452876602533,0
hguzTBqAszY_004,0.030675550922751427,0.0006105806678533554,64.72169494628906,3.104045651488963,0
hjBzl1XMgfo_000,0.9109504818916321,0.010631274431943893,15.346437454223633,2.208673625675331,0
hjBzl1XMgfo_001,0.9000300765037537,0.007504260633140802,12.313169479370117,1.958290944499423,0
hjBzl1XMgfo_002,0.8986471891403198,0.0023076983634382486,10.113941192626953,2.2484322384851554,0
hjBzl1XMgfo_003,0.913533091545105,0.002787311328575015,11.399215698242188,2.2170766736887897,0
hjBzl1XMgfo_004,0.8714573979377747,0.0018229072447866201,13.761643409729004,2.2128919712505217,0
hjBzl1XMgfo_005,0.02914971113204956,0.0007630927138961852,71.42485809326172,2.838385066973604,0
hjBzl1XMgfo_006,0.02960893325507641,0.0005523262079805136,66.02562713623047,3.1427634058031155,0
hm2Hm93gCjU_000,0.8394451141357422,0.008810626342892647,13.219743728637695,2.1877806182233344,0
hm2Hm93gCjU_001,0.9001603722572327,0.003277271054685116,6.589613437652588,1.9143181975959453,0
hm2Hm93gCjU_002,0.9099077582359314,0.007720557507127523,7.2117509841918945,1.1542221369241406,0
hm2Hm93gCjU_003,0.9128109812736511,0.0009477160638198256,6.267648220062256,1.1253279131359555,0
huOpj7AJpas_000,0.8434550166130066,0.0318312831223011,11.073918342590332,2.045426513030388,0
huOpj7AJpas_001,0.8505051732063293,0.017286553978919983,11.002785682678223,2.0556154142572693,0
huOpj7AJpas_002,0.9216989278793335,0.0009904035832732916,5.848614692687988,1.5303126780351202,0
hxmM5bL2g0k_000,0.8705977201461792,0.0030424688011407852,12.087163925170898,2.3281115478094705,0
hxmM5bL2g0k_001,0.8493054509162903,0.0007455289596691728,16.94928741455078,2.2747258503461723,0
hxmM5bL2g0k_002,0.913760781288147,0.00126475072465837,7.191154956817627,1.146022210717355,0
hxmM5bL2g0k_003,0.827657163143158,0.0032986027654260397,10.652300834655762,2.5920424697269255,0
hxmM5bL2g0k_004,0.9134702086448669,0.0008426624117419124,6.0050740242004395,1.1191372286564105,0
hxmM5bL2g0k_005,0.9051107168197632,0.0077241635881364346,8.743851661682129,1.5694527052718859,0
hxmM5bL2g0k_006,0.9328587055206299,0.004856106359511614,5.994760990142822,1.171986507761689,0
hxmM5bL2g0k_007,0.9465245604515076,0.0011809439165517688,6.125690460205078,1.0521258256182904,0
hxmM5bL2g0k_008,0.9074491858482361,0.003932236693799496,4.7288594245910645,1.1128181058544757,0
hxmM5bL2g0k_009,0.8987951278686523,0.0021823032293468714,5.496009826660156,1.113093648333131,0
hxmM5bL2g0k_010,0.921549379825592,0.00799332745373249,6.388379096984863,1.0725321286379526,0
hxmM5bL2g0k_011,0.903226912021637,0.0012722979299724102,6.138491153717041,1.2296705535739003,0
hxmM5bL2g0k_012,0.923460066318512,0.002865790156647563,5.837934970855713,1.1956172849579345,0
hxmM5bL2g0k_013,0.8968450427055359,0.005237149074673653,11.275527000427246,1.8214743660458355,0
hxmM5bL2g0k_014,0.4905324876308441,0.0025424722116440535,57.36408615112305,3.0284769740194024,0
hxmM5bL2g0k_015,0.029936129227280617,0.0005883603007532656,66.80680084228516,3.145082292030009,0
i-8A7MoeZrg_000,0.05609686300158501,0.0017520979745313525,11.876701354980469,2.611559138414344,0
i-8A7MoeZrg_001,0.018232140690088272,0.0009763280977495015,21.73528289794922,3.1277589202136973,0
i-8A7MoeZrg_002,0.0300812516361475,0.0008026887662708759,45.4044075012207,3.160138565018076,0
i-8A7MoeZrg_003,0.03056304156780243,0.0017153606750071049,61.716732025146484,3.1611079498279744,0
i-8A7MoeZrg_004,0.020103270187973976,0.0008544652373529971,45.05311584472656,3.412324197003117,0
i-8A7MoeZrg_005,0.02476751245558262,0.0011917016236111522,71.59185028076172,3.247954550374333,0
i-8A7MoeZrg_006,0.02568558230996132,0.0008108759648166597,71.04792022705078,3.3240583054041175,0
i-8A7MoeZrg_007,0.02826976776123047,0.0014259611489251256,68.92666625976562,3.289818592350504,0
i-8A7MoeZrg_008,0.03183076158165932,0.0007809414528310299,64.51075744628906,3.3295243858749757,0
i-8A7MoeZrg_009,0.015533597208559513,0.0005622151074931026,42.560855865478516,3.3049195704126393,0
i-8A7MoeZrg_010,0.024858778342604637,0.00074712501373142,70.97663879394531,3.096162730696527,0
i0edA9BkOjc_000,0.7963614463806152,0.004185641184449196,12.742072105407715,2.044047392833499,0
i0edA9BkOjc_001,0.8037152886390686,0.025126146152615547,3.544649839401245,1.1092664415470375,0
i0edA9BkOjc_002,0.8546487092971802,0.00826229341328144,6.618774890899658,1.2270375346727762,0
i0edA9BkOjc_003,0.9150169491767883,0.001045996556058526,6.639167308807373,1.1746205478240603,0
i1As-EBabRc_000,0.7961962819099426,0.0022477423772215843,17.308818817138672,1.1261305456191684,0
i1As-EBabRc_001,0.8267927765846252,0.0036056393291801214,10.218851089477539,2.228621295110849,0
i1As-EBabRc_002,0.8230709433555603,0.0017470712773501873,14.768074989318848,1.395669294652632,0
i1As-EBabRc_003,0.8115884065628052,0.004687372129410505,16.80876922607422,2.2222883930496784,0
i1As-EBabRc_004,0.8854232430458069,0.0031375684775412083,4.696716785430908,1.5428949730725918,0
i1As-EBabRc_005,0.9266594648361206,0.0037270784378051758,4.681828022003174,1.2311828881352795,0
i1As-EBabRc_006,0.9092610478401184,0.003932654857635498,6.528033256530762,1.585933011446149,0
i1As-EBabRc_007,0.9062111377716064,0.01081245020031929,5.745652198791504,1.4260952187557034,0
i1As-EBabRc_008,0.9403872489929199,0.005110462661832571,6.581727504730225,2.4165514140150424,0
i1As-EBabRc_009,0.8824923038482666,0.006719359662383795,10.07713508605957,2.4157807007096515,0
i1As-EBabRc_010,0.8868527412414551,0.0016999624203890562,5.186944484710693,1.1268092440905435,0
i1As-EBabRc_011,0.9211850762367249,0.017488611862063408,6.181318283081055,1.292132095844477,0
i1As-EBabRc_012,0.8987017273902893,0.006463924888521433,6.940781116485596,1.5293150268723144,0
i1As-EBabRc_013,0.8844079971313477,0.00243743066675961,6.520209312438965,1.3990151949824952,0
i1As-EBabRc_014,0.9207577705383301,0.0017737537855282426,6.2256999015808105,1.0548240450645823,0
i1As-EBabRc_015,0.9183347821235657,0.007371461484581232,5.180978298187256,1.1214188296273608,0
i1As-EBabRc_016,0.9020276069641113,0.0033824488054960966,8.288443565368652,2.1692127824600353,0
i1As-EBabRc_017,0.061838120222091675,0.012571149505674839,11.987091064453125,1.9018220392541578,0
i1As-EBabRc_018,0.06967925280332565,0.0654854029417038,13.35403823852539,2.198657453006192,0
i1As-EBabRc_019,0.02565680257976055,0.000726832018699497,71.10987854003906,2.967802687129662,0
i1As-EBabRc_020,0.028405236080288887,0.000583455606829375,61.294952392578125,3.0177817607135218,0
iFub1JSiYC4_000,0.8824363946914673,0.005483958870172501,15.916507720947266,2.2220691465020255,0
iFub1JSiYC4_001,0.8688433766365051,0.22331321239471436,1.9551784992218018,1.0779175420264935,0
iFub1JSiYC4_002,0.8714467287063599,0.007791594602167606,6.427619457244873,1.1678836943321345,0
iFub1JSiYC4_003,0.9116042852401733,0.0009931792737916112,5.940568923950195,1.7035265371191024,0
iG1olu8M82U_000,0.807390034198761,0.005776969715952873,7.5942063331604,1.5568121944344577,0
iG1olu8M82U_001,0.2652539610862732,0.45415815711021423,32.172584533691406,2.696698493396358,0
iG1olu8M82U_002,0.3737682104110718,0.26479190587997437,41.0008659362793,2.0236026519626997,1
iG1olu8M82U_003,0.21686208248138428,0.2562224566936493,31.248327255249023,2.594526555018382,0
iG1olu8M82U_004,0.16823257505893707,0.4470407962799072,7.898157596588135,2.1735493135985196,0
iG1olu8M82U_005,0.7696283459663391,0.009862900711596012,13.035957336425781,2.3214596957715874,0
iG1olu8M82U_006,0.9129757285118103,0.0011493433266878128,6.557352066040039,1.1238062111821618,0
iIA9xASDxSE_000,0.8879963755607605,0.006895562168210745,9.363686561584473,1.957555453946166,0
iIA9xASDxSE_001,0.8869730830192566,0.005192066542804241,12.6477632522583,2.131199586956742,0
iIA9xASDxSE_002,0.046760473400354385,0.002712368266656995,54.158512115478516,2.8648833826735847,0
iIA9xASDxSE_003,0.7968261241912842,0.011571460403501987,9.409758567810059,2.360895115077086,0
iIA9xASDxSE_004,0.9204802513122559,0.0007965565309859812,6.082859992980957,1.5049914452077617,0
iL4TJUbaAFM_000,0.6329888701438904,0.00754412030801177,39.54336166381836,3.207458633161241,0
iL4TJUbaAFM_001,0.9110479354858398,0.010635457932949066,6.178983688354492,2.682724149563613,0
iL4TJUbaAFM_002,0.8849512934684753,0.01662231981754303,6.375909805297852,2.0388645219235504,0
iL4TJUbaAFM_003,0.9238340258598328,0.00838592741638422,4.028045654296875,2.625947243221627,0
iL4TJUbaAFM_004,0.8993693590164185,0.005078624933958054,8.436054229736328,2.124088314255505,0
iL4TJUbaAFM_005,0.9184017181396484,0.0064633795991539955,7.264941692352295,2.572845188204733,0
iL4TJUbaAFM_006,0.9063864350318909,0.006468890700489283,8.975992202758789,2.421316595819557,0
iL4TJUbaAFM_007,0.7459043860435486,0.003325912868604064,56.56619644165039,2.561728869831705,0
iL4TJUbaAFM_008,0.03350013121962547,0.000643508043140173,63.563690185546875,3.1095841102447346,0
iNmjK7_7Dto_000,0.028319336473941803,0.000979952747002244,54.64213562011719,3.0548736496485565,0
iNmjK7_7Dto_001,0.03133746236562729,0.0016875272849574685,48.271541595458984,2.4363459121749482,0
iNmjK7_7Dto_002,0.02155195362865925,0.0021686069667339325,7.459616184234619,1.8883991778542972,0
iNmjK7_7Dto_003,0.06874594837427139,0.012378618121147156,0.0406782291829586,1.1135493751253176,0
iNmjK7_7Dto_004,0.8310783505439758,0.0013707379112020135,20.562280654907227,2.1892137602366217,0
iNmjK7_7Dto_005,0.8280337452888489,0.0055044060572981834,14.33115291595459,2.164005561400089,0
iNmjK7_7Dto_006,0.9178522825241089,0.0010086760157719254,6.635654926300049,1.9436248929329827,0
iQA9WwEzrgE_000,0.04907001927495003,0.0016723147127777338,51.238624572753906,3.003651321405474,0
iQA9WwEzrgE_001,0.9226590991020203,0.0140333641320467,11.069416046142578,2.249033170498149,0
iQA9WwEzrgE_002,0.8620653748512268,0.012982002459466457,6.458866596221924,1.103274478002798,0
iQA9WwEzrgE_003,0.9215203523635864,0.0011182394810020924,6.812751770019531,1.0885355548331592,0
ilsOhyrLOAY_000,0.8582416772842407,0.001241421326994896,16.806894302368164,2.4373104510806733,0
ilsOhyrLOAY_001,0.9229677319526672,0.0020497278310358524,8.080541610717773,1.9794802619010443,0
ilsOhyrLOAY_002,0.8687832355499268,0.01880337856709957,9.65219783782959,2.650255798555747,0
ilsOhyrLOAY_003,0.8591426610946655,0.038041409105062485,10.955409049987793,1.3487516182696155,0
ilsOhyrLOAY_004,0.9022388458251953,0.011034943163394928,8.041954040527344,1.0771019884307194,0
ilsOhyrLOAY_005,0.5663086175918579,0.0017457635840401053,69.31278991699219,3.0370829782157616,0
ilsOhyrLOAY_006,0.02899760752916336,0.0005499604158103466,62.62079620361328,3.137227277275264,0
iuZrOt4-KdU_000,0.841733455657959,0.001043907948769629,17.51761245727539,2.4076001379537115,0
iuZrOt4-KdU_001,0.7632752060890198,0.01088022906333208,6.623237133026123,1.545045126934097,0
iuZrOt4-KdU_002,0.915638267993927,0.0010310540674254298,6.442754745483398,1.132223977407434,0
ivS-TeGCbNc_000,0.7041814923286438,0.01071528997272253,10.697042465209961,2.2680079645806446,0
ivS-TeGCbNc_001,0.8978172540664673,0.005175117403268814,7.771965980529785,1.4363525939433435,0
ivS-TeGCbNc_002,0.8140208125114441,0.009960268624126911,12.878984451293945,2.2151471019277826,0
ivS-TeGCbNc_003,0.798030436038971,0.026972321793437004,15.581868171691895,2.33214702769233,0
ivS-TeGCbNc_004,0.9253438115119934,0.0009134362917393446,6.11160135269165,1.4962621066673247,0
ivVpXH_ZU8A_000,0.025509897619485855,0.0011971091153100133,70.52308654785156,3.1056069671529665,0
ivVpXH_ZU8A_001,0.030261335894465446,0.0013059037737548351,66.42240905761719,3.2905892396122276,0
ivVpXH_ZU8A_002,0.016641801223158836,0.00043239459046162665,52.805763244628906,3.5134937957658696,0
ivVpXH_ZU8A_003,0.009923171252012253,0.0002545880852267146,56.87709426879883,3.3284394756935014,0
ivVpXH_ZU8A_004,0.02361336164176464,0.0005627332720905542,59.3372802734375,3.1819334838421747,0
iz2lF-IiOZw_000,0.025546666234731674,0.0009425756288692355,48.17209243774414,3.3147418274636333,0
iz2lF-IiOZw_001,0.023064259439706802,0.0021989482920616865,64.12051391601562,3.3377718483461014,0
iz2lF-IiOZw_002,0.673549473285675,0.0035062695387750864,8.729799270629883,2.095646463056088,0
iz2lF-IiOZw_003,0.7985132336616516,0.008844679221510887,6.149052143096924,1.4555654311883113,0
iz2lF-IiOZw_004,0.8333853483200073,0.006624084897339344,7.488161563873291,1.1240390661357613,0
iz2lF-IiOZw_005,0.795566976070404,0.010795041918754578,5.80332088470459,1.4377185072922904,0
iz2lF-IiOZw_006,0.6675947904586792,0.009456434287130833,6.913118839263916,1.1767963999646194,0
iz2lF-IiOZw_007,0.89142245054245,0.08546692878007889,8.787276268005371,2.636764161835028,0
iz2lF-IiOZw_008,0.2795933187007904,0.000722178490832448,41.87163162231445,3.262574108265437,0
iz2lF-IiOZw_009,0.030771153047680855,0.0005574171082116663,62.08176040649414,3.044444434431606,0
jGHOoOwKQdI_000,0.1741020530462265,0.15497411787509918,32.321075439453125,1.464926239219116,0
jGHOoOwKQdI_001,0.7283096313476562,0.20196406543254852,14.112186431884766,1.8420089808305338,0
jGHOoOwKQdI_002,0.42304500937461853,0.20823058485984802,20.55188751220703,2.344049909494278,0
jGHOoOwKQdI_003,0.2926280200481415,0.2305283397436142,14.395614624023438,1.1093199722477138,0
jGHOoOwKQdI_004,0.4091969430446625,0.317748099565506,0.8342259526252747,1.5800261805009495,0
jGHOoOwKQdI_005,0.35075289011001587,0.4446007013320923,27.742706298828125,1.276224917457373,0
jGHOoOwKQdI_006,0.8381309509277344,0.004736326634883881,11.340797424316406,2.4581127445242106,0
jGHOoOwKQdI_007,0.9195449948310852,0.001101238070987165,6.220736026763916,1.7702955413491228,0
jNM5arBwwvY_000,0.8079103827476501,0.005689442623406649,6.171853065490723,1.140523127578064,0
jNM5arBwwvY_001,0.8845232725143433,0.0041952780447900295,4.239192485809326,1.1743291590337939,0
jNM5arBwwvY_002,0.8943998217582703,0.0039686039090156555,2.298959970474243,1.156259865785104,0
jNM5arBwwvY_003,0.8803818225860596,0.017527712509036064,3.407846450805664,1.114665769794831,0
jNM5arBwwvY_004,0.9155436158180237,0.0009388152975589037,5.82590913772583,1.0504551189461904,0
jSQXgyb1vKY_000,0.8725565075874329,0.008543211966753006,13.144918441772461,1.895151815919663,0
jSQXgyb1vKY_001,0.8671123385429382,0.054044123739004135,3.5511932373046875,1.2084662116772298,0
jSQXgyb1vKY_002,0.9281244874000549,0.008227312006056309,1.3542702198028564,1.1229214362147841,0
jSQXgyb1vKY_003,0.021934008225798607,0.0011943448334932327,29.508737564086914,2.879235632407734,0
jSQXgyb1vKY_004,0.015599103644490242,0.0008072320488281548,25.31279754638672,2.694236772122375,0
jSQXgyb1vKY_005,0.8028019666671753,0.026338020339608192,15.731247901916504,2.8061713260578007,0
jSQXgyb1vKY_006,0.11598168313503265,0.008258054964244366,19.142459869384766,2.515036736103109,0
jSQXgyb1vKY_007,0.8413199782371521,0.025191500782966614,19.306364059448242,2.7991464219230817,0
jSQXgyb1vKY_008,0.7805744409561157,0.004891836084425449,7.701711654663086,1.8040623531340672,0
jSQXgyb1vKY_009,0.9140235185623169,0.0010188226588070393,6.341923713684082,1.9111095642798144,0
jlAsU6rCaFU_000,0.8610585331916809,0.0020537464879453182,-2.4796688556671143,1.0972810172499667,0
jlAsU6rCaFU_001,0.877092719078064,0.01616746000945568,7.017635345458984,2.3182688777404605,0
jlAsU6rCaFU_002,0.8092851638793945,0.004695853218436241,15.317862510681152,2.3210206745388278,0
jlAsU6rCaFU_003,0.9050343632698059,0.02102833427488804,4.430517196655273,1.131583735270018,0
jlAsU6rCaFU_004,0.8666832447052002,0.0032587270252406597,4.499364376068115,1.2563730011677814,0
jlAsU6rCaFU_005,0.9294228553771973,0.0015349122695624828,5.599379062652588,1.1068513146752683,0
jlAsU6rCaFU_006,0.9410445690155029,0.00356617895886302,5.242696285247803,1.0856871253225961,0
jlAsU6rCaFU_007,0.8630139827728271,0.022367820143699646,11.272321701049805,2.1065634582419497,0
jlAsU6rCaFU_008,0.6907491087913513,0.003422316862270236,50.2279167175293,3.025986396293538,0
jlAsU6rCaFU_009,0.029848581179976463,0.0006513551343232393,63.86103057861328,3.0697727525833223,0
jlBAcCH1jEI_000,0.01318711880594492,0.0005232118419371545,49.94676971435547,3.276114801522931,0
jlBAcCH1jEI_001,0.6810734868049622,0.0011042819824069738,38.5516357421875,2.5114900281018158,0
jlBAcCH1jEI_002,0.02121707983314991,0.0010283127194270492,72.21003723144531,3.2487908270257515,0
jlBAcCH1jEI_003,0.016660038381814957,0.0006968416855670512,71.04246520996094,2.850974573200096,0
jlBAcCH1jEI_004,0.024226302281022072,0.000966652063652873,65.50508880615234,3.2818880539021067,0
jlBAcCH1jEI_005,0.02219437249004841,0.0008675414719618857,72.92427825927734,3.0096274435157446,0
jlBAcCH1jEI_006,0.01931622251868248,0.0009362489217892289,48.672359466552734,3.37972098526809,0
jlBAcCH1jEI_007,0.02032753825187683,0.0009263764950446784,74.10132598876953,2.8928456266578957,0
jlBAcCH1jEI_008,0.018498046323657036,0.00034468359081074595,49.50273132324219,3.4455721967831936,0
jlBAcCH1jEI_009,0.04567981883883476,0.0011396261397749186,73.70242309570312,3.2693679266581643,0
jlBAcCH1jEI_010,0.019219107925891876,0.0006090576644055545,46.31194305419922,3.384406710499676,0
jlBAcCH1jEI_011,0.04767704755067825,0.0012345644645392895,66.21375274658203,3.295413065901379,0
jlBAcCH1jEI_012,0.024477660655975342,0.0036789649166166782,70.42532348632812,3.0240348240811823,0
jlBAcCH1jEI_013,0.029665185138583183,0.0005768860573880374,62.47307586669922,3.1568393005367272,0
jsbMIaUjAOo_000,0.8502182960510254,0.007809738628566265,10.4246826171875,1.6812122664263034,0
jsbMIaUjAOo_001,0.9037603735923767,0.003388964803889394,5.685835838317871,1.3141345042852925,0
jsbMIaUjAOo_002,0.8953996300697327,0.005424113012850285,6.383967399597168,1.4531529507152017,0
jsbMIaUjAOo_003,0.8585190773010254,0.008115222677588463,5.766671657562256,2.0347372552221556,0
jsbMIaUjAOo_004,0.9164542555809021,0.0009789393516257405,5.557981014251709,1.6379987401102414,0
jvknMvR2iVs_000,0.029191533103585243,0.003728264942765236,24.155824661254883,2.799508762453949,0
jvknMvR2iVs_001,0.8289481401443481,0.020368667319417,5.489430904388428,1.789614961022166,0
jvknMvR2iVs_002,0.8014369010925293,0.004380154889076948,6.430154323577881,1.2174268815980178,0
jvknMvR2iVs_003,0.03502776473760605,0.0010168246226385236,59.49299240112305,3.271862097231532,0
jvknMvR2iVs_004,0.8046233654022217,0.005099390167742968,21.557029724121094,1.3690040045420147,0
jvknMvR2iVs_005,0.7575459480285645,0.030682934448122978,1.7875744104385376,1.1270966415460588,0
jvknMvR2iVs_006,0.8771239519119263,0.0035275761038064957,17.813236236572266,2.641064986575789,0
jvknMvR2iVs_007,0.8699527978897095,0.012793554924428463,15.032113075256348,1.9576128404266344,0
jvknMvR2iVs_008,0.9098270535469055,0.0011064285645261407,5.986227512359619,1.2900246455301894,0
k9vrs-N106Q_000,0.025475746020674706,0.0003859495627693832,20.054346084594727,2.2475412841925384,0
k9vrs-N106Q_001,0.8071001768112183,0.005622496362775564,17.7898006439209,2.16935284886855,0
k9vrs-N106Q_002,0.8282753825187683,0.0016372380778193474,20.665769577026367,2.313984420455563,0
k9vrs-N106Q_003,0.7815225124359131,0.0011476846411824226,16.043930053710938,2.4121814081935176,0
k9vrs-N106Q_004,0.9109269380569458,0.0008014513878151774,11.202402114868164,2.58959384111007,0
kEYlLb7TH9o_000,0.921812117099762,0.004866872448474169,11.681560516357422,2.15884582970548,0
kEYlLb7TH9o_001,0.877945065498352,0.009781870990991592,5.999385356903076,1.0667417915271789,0
kEYlLb7TH9o_002,0.9188732504844666,0.0009082114556804299,6.438554286956787,1.7263333536738228,0
kEjwIjbrwv8_000,0.7999098300933838,0.011605880223214626,16.007631301879883,2.6170668602819336,0
kEjwIjbrwv8_001,0.8489871621131897,0.007707253098487854,17.980745315551758,2.6238505596179076,0
kEjwIjbrwv8_002,0.7958767414093018,0.003186540212482214,18.553081512451172,2.5565494095741323,0
kEjwIjbrwv8_003,0.9042264223098755,0.017873063683509827,16.194915771484375,2.9183503909124693,0
kEjwIjbrwv8_004,0.8678296208381653,0.007915900088846684,18.790746688842773,2.8299149796864773,0
kEjwIjbrwv8_005,0.8806176781654358,0.007014242932200432,17.348079681396484,2.626622497900501,0
kEjwIjbrwv8_006,0.6510215997695923,0.0032352868001908064,66.90962219238281,2.9788940020434125,0
kEjwIjbrwv8_007,0.031758908182382584,0.0006355188670568168,65.25947570800781,3.1513341720647183,0
kEnambyROA4_000,0.02251328155398369,0.0005598413990810513,69.43489837646484,3.242729282852847,0
kEnambyROA4_001,0.028587792068719864,0.0011439594672992826,74.64947509765625,3.2376467235832815,0
kEnambyROA4_002,0.022328132763504982,0.0010582810500636697,74.57298278808594,3.2345467970846165,0
kEnambyROA4_003,0.023769687861204147,0.001088145887479186,71.33723449707031,3.1593112216678167,0
kEnambyROA4_004,0.026010578498244286,0.0017784424126148224,46.03912353515625,3.3468361765280648,0
kEnambyROA4_005,0.014522232115268707,0.0006670366274192929,55.64530944824219,3.2419340240213343,0
kEnambyROA4_006,0.018898064270615578,0.0005936937523074448,57.269866943359375,3.3485161695650687,0
kEnambyROA4_007,0.02122877910733223,0.0005943335127085447,53.18032455444336,3.3234475019845626,0
kEnambyROA4_008,0.0269079077988863,0.001196372788399458,49.11212158203125,3.303147240945342,0
kEnambyROA4_009,0.018043890595436096,0.0008582526352256536,57.14060974121094,3.241851707923586,0
kEnambyROA4_010,0.0219870712608099,0.0009751706384122372,61.55488586425781,3.274173416569095,0
kEnambyROA4_011,0.01698252372443676,0.0012270392617210746,50.58447265625,3.367203409601584,0
kEnambyROA4_012,0.02117597497999668,0.0003792466304730624,49.00266647338867,3.3228270779896913,0
kEnambyROA4_013,0.031080635264515877,0.0008947349851951003,66.0282974243164,3.27269704501921,0
kEnambyROA4_014,0.04312581196427345,0.002200209302827716,50.99537658691406,3.27052433554695,0
kEnambyROA4_015,0.02760578691959381,0.0007014971924945712,63.16911315917969,3.1940838640561706,0
kEnambyROA4_016,0.0226439218968153,0.0005974060040898621,50.634029388427734,3.0094607921607897,0
kEnambyROA4_017,0.039924561977386475,0.018920116126537323,69.15031433105469,3.370332787644672,0
kEnambyROA4_018,0.03336850181221962,0.0012832240900024772,40.5494270324707,3.328615778200848,0
kEnambyROA4_019,0.024436959996819496,0.0008543716394342482,71.07907104492188,3.0023931661060552,0
kEnambyROA4_020,0.029553964734077454,0.0005759468767791986,60.98106002807617,3.0562732494118223,0
kUqvem6B2VY_000,0.025509897619485855,0.0011971091153100133,70.52308654785156,3.1056069671529665,0
kUqvem6B2VY_001,0.027276817709207535,0.0018616599263623357,70.76078033447266,3.2831692913314234,0
kUqvem6B2VY_002,0.875430166721344,0.0004371103714220226,17.270095825195312,2.5565999637615664,0
kUqvem6B2VY_003,0.871296763420105,0.0006748944870196283,11.9166841506958,2.7634564523411465,0
kUqvem6B2VY_004,0.8124302625656128,0.0019573885947465897,15.830206871032715,2.8762801119349275,0
kUqvem6B2VY_005,0.9143928289413452,0.00048431073082610965,11.870039939880371,2.665069889728511,0
kUqvem6B2VY_006,0.879891574382782,0.0006459410069510341,14.40706729888916,2.583421597367757,0
kUqvem6B2VY_007,0.8976048231124878,0.0002666636719368398,12.13362979888916,2.6417390671349614,0
kUqvem6B2VY_008,0.02480289526283741,0.0003829110646620393,59.97924041748047,2.8842394331798036,0
kdoFevWmZms_000,0.025509897619485855,0.0011971091153100133,70.52308654785156,3.1056069671529665,0
kdoFevWmZms_001,0.03519773483276367,0.001923915115185082,42.58985137939453,3.235674371139933,0
kdoFevWmZms_002,0.019814254716038704,0.0003957871813327074,53.94520950317383,3.4143276054172538,0
kdoFevWmZms_003,0.02858252264559269,0.00039271076093427837,60.82921600341797,2.918125354529742,0
kipF8C4tuLA_000,0.8943068385124207,0.007409281563013792,9.411803245544434,1.5714473818921844,0
kipF8C4tuLA_001,0.8588407039642334,0.030196918174624443,12.82391357421875,2.3864047331999974,0
kipF8C4tuLA_002,0.8759883642196655,0.007976210676133633,6.430871963500977,1.124137216281601,0
kipF8C4tuLA_003,0.914499819278717,0.0010466958628967404,6.698679447174072,1.4845464136845912,0
kpDQ-6ifdHQ_000,0.8777844905853271,0.0030144506599754095,5.867190837860107,2.2966934055234396,0
kpDQ-6ifdHQ_001,0.8935341835021973,0.0031054546125233173,4.3752641677856445,1.2154325892331483,0
kpDQ-6ifdHQ_002,0.8294528722763062,0.011294984258711338,9.7076416015625,1.1397662053483435,0
kpDQ-6ifdHQ_003,0.8775606751441956,0.011449906975030899,4.7275071144104,1.0624453940062768,0
kpDQ-6ifdHQ_004,0.8627336621284485,0.007156467065215111,6.44174337387085,1.0408974647382883,0
kpDQ-6ifdHQ_005,0.9209962487220764,0.0010981617961078882,6.742356777191162,1.2001767752470804,0
kwcy-9CHGdk_000,0.7916291356086731,0.07511661946773529,26.513591766357422,3.1912026850250492,0
kwcy-9CHGdk_001,0.8762065768241882,0.20201228559017181,4.654925346374512,1.1260872786194567,0
kwcy-9CHGdk_002,0.851624608039856,0.07648713886737823,-0.7009381055831909,1.0901242365455337,0
kwcy-9CHGdk_003,0.6919426918029785,0.08233051002025604,28.16626739501953,1.9392498553487258,0
kwcy-9CHGdk_004,0.03834781423211098,0.0016895473236218095,32.3056755065918,2.91261956656687,0
kwcy-9CHGdk_005,0.04284641891717911,0.0015441285213455558,49.33541488647461,3.3281219746119377,0
kwcy-9CHGdk_006,0.03323809802532196,0.0006084234919399023,62.51864242553711,3.0664948584616085,0
l0h9wUTrNbI_000,0.028697339817881584,0.0009021998848766088,70.71310424804688,3.068729161445828,0
l0h9wUTrNbI_001,0.03720057010650635,0.000501075410284102,64.10582733154297,3.065948695101147,0
l3maA9F6wt0_000,0.03437140956521034,0.0015393493231385946,15.533787727355957,2.839577100774121,0
l3maA9F6wt0_001,0.0205483827739954,0.0006231240113265812,71.30047607421875,3.2362982629284796,0
l3maA9F6wt0_002,0.01800992526113987,0.0008060160907916725,65.35369110107422,3.1703296442789846,0
l3maA9F6wt0_003,0.8093433976173401,0.0007212451891973615,9.565319061279297,2.7149327460322388,0
l3maA9F6wt0_004,0.022524721920490265,0.000874740129802376,66.64331817626953,3.288243982031075,0
l3maA9F6wt0_005,0.7903121113777161,0.0008586088661104441,10.418966293334961,2.2581414007307705,0
l3maA9F6wt0_006,0.03294403851032257,0.0012491875095292926,63.62971878051758,3.4040470239565637,0
l3maA9F6wt0_007,0.7587593793869019,0.0011187210911884904,13.634442329406738,2.041135894519215,0
l3maA9F6wt0_008,0.03456070274114609,0.0013429071987047791,60.27678298950195,3.289600825793927,0
l3maA9F6wt0_009,0.8144388794898987,0.0007977563072927296,10.817338943481445,1.9828778362768806,0
l3maA9F6wt0_010,0.03326338157057762,0.001033186330460012,60.54112243652344,3.19155170463925,0
l3maA9F6wt0_011,0.8255137205123901,0.000906699220649898,9.090627670288086,1.3278181051437035,0
l3maA9F6wt0_012,0.8641788959503174,0.00046968067181296647,9.48985767364502,1.8318074202512857,0
l3maA9F6wt0_013,0.02353573963046074,0.0007472243160009384,71.33773040771484,3.096832635266182,0
l5I1tLaBdDA_000,0.8907391428947449,0.01880912110209465,13.242168426513672,2.149503979192011,0
l5I1tLaBdDA_001,0.8792404532432556,0.025587471202015877,7.670347690582275,1.475521121980368,0
l5I1tLaBdDA_002,0.8809441924095154,0.02257990650832653,5.577658176422119,1.254329213948178,0
l5I1tLaBdDA_003,0.8903859853744507,0.03354562819004059,7.128543376922607,1.6011971815717032,0
l5I1tLaBdDA_004,0.8910706639289856,0.003917850088328123,6.056506156921387,1.1017551799194467,0
l5I1tLaBdDA_005,0.8530804514884949,0.014963045716285706,6.611501693725586,1.0313617237220196,0
l5I1tLaBdDA_006,0.9159190654754639,0.000947143358644098,5.774881839752197,1.1032408134113736,0
lLRQzWscCQ8_000,0.025509897619485855,0.0011971091153100133,70.52308654785156,3.1056069671529665,0
lLRQzWscCQ8_001,0.8150576949119568,0.000895777833648026,14.335639953613281,2.5283422777103257,0
lLRQzWscCQ8_002,0.022389154881238937,0.000548911455553025,60.04165267944336,2.906393479198248,0
lO5UnkHDgE0_000,0.023670107126235962,0.004966501146554947,54.9379997253418,3.331600809406737,0
lO5UnkHDgE0_001,0.10876675695180893,0.0007868212996982038,21.08832550048828,1.9456622248112758,0
lO5UnkHDgE0_002,0.03639661893248558,0.0010945508256554604,19.453508377075195,1.2843425619885114,0
lO5UnkHDgE0_003,0.03262639418244362,0.0010718359844759107,30.970802307128906,2.806717753837049,0
lO5UnkHDgE0_004,0.03429625183343887,0.0016140814404934645,31.728090286254883,2.6316702258565865,0
lO5UnkHDgE0_005,0.05655136704444885,0.003337988629937172,33.677223205566406,3.257288644401815,0
lO5UnkHDgE0_006,0.024431725963950157,0.0010472384747117758,39.8800163269043,3.0783785414115576,0
lO5UnkHDgE0_007,0.03601393476128578,0.0006554588908329606,63.57081985473633,3.117345852977188,0
lQ9Ptj6nQCE_000,0.8764493465423584,0.0006141368066892028,12.660529136657715,2.596739007041905,0
lQ9Ptj6nQCE_001,0.8866550326347351,0.003935771994292736,9.797477722167969,2.3813503343974283,0
lQ9Ptj6nQCE_002,0.9182977080345154,0.0011577531695365906,6.955901622772217,1.038136654337236,0
lSPNfjuh5ho_000,0.8488522171974182,0.002580178901553154,16.502952575683594,2.396058758712144,0
lSPNfjuh5ho_001,0.8352721929550171,0.00715264305472374,13.342177391052246,2.047742452664433,0
lSPNfjuh5ho_002,0.8972911238670349,0.004999010358005762,10.112997055053711,2.0412670149117775,0
lSPNfjuh5ho_003,0.8553957939147949,0.00962735339999199,9.805818557739258,1.3088501450782553,0
lSPNfjuh5ho_004,0.8416604995727539,0.015449990518391132,9.03140926361084,1.1655727297037466,0
lSPNfjuh5ho_005,0.03067464753985405,0.0005814232281409204,59.66648864746094,2.989731039208466,0
lZZoMgE8On4_000,0.05525582656264305,0.005364208947867155,56.794063568115234,3.2167312175032516,0
lZZoMgE8On4_001,0.8560272455215454,0.002443350851535797,16.73369026184082,1.7414660274602127,0
lZZoMgE8On4_002,0.8732491135597229,0.000558428349904716,15.20083236694336,1.112727170405556,0
lZZoMgE8On4_003,0.8798131942749023,0.0014624656178057194,12.307186126708984,1.9375588738602736,0
lZZoMgE8On4_004,0.8858085870742798,0.0007499650819227099,6.967296123504639,1.1364146719947334,0
lZZoMgE8On4_005,0.8864377737045288,0.0029168245382606983,7.479763507843018,1.292620732650347,0
lZZoMgE8On4_006,0.9092889428138733,0.000871154828928411,11.464191436767578,1.8898434511482016,0
lZZoMgE8On4_007,0.9372369647026062,0.0004661554703488946,7.645405292510986,1.41402324652045,0
lZZoMgE8On4_008,0.8664551377296448,0.002681536367163062,4.163045406341553,2.27991929486042,0
lZZoMgE8On4_009,0.9152643084526062,0.0008580731810070574,7.296356678009033,1.1135954630559377,0
lZZoMgE8On4_010,0.8926185965538025,0.0008151232614181936,10.071560859680176,2.4509727098282785,0
lZZoMgE8On4_011,0.9265094995498657,0.00041732611134648323,6.624255657196045,1.1363558332266381,0
lZZoMgE8On4_012,0.8861773610115051,0.0014242755714803934,12.810303688049316,2.473373068205862,0
lZZoMgE8On4_013,0.9015437960624695,0.0011963037541136146,8.490816116333008,2.304648265993714,0
lZZoMgE8On4_014,0.9044676423072815,0.0024006161838769913,7.8195624351501465,1.4468258555402704,0
lZZoMgE8On4_015,0.9146808981895447,0.0006562849157489836,10.945755004882812,1.3748251186491436,0
lZZoMgE8On4_016,0.02515803836286068,0.0006879465654492378,70.58151245117188,2.9690800840885587,0
lZZoMgE8On4_017,0.03628912195563316,0.0006052557146176696,65.39984893798828,3.171705134945539,0
m6OSbnAy7zw_000,0.04754211753606796,0.006460302975028753,64.11988830566406,3.1485601924077447,0
m6OSbnAy7zw_001,0.03449634090065956,0.003092467552050948,62.18858337402344,3.0022851928729746,0
m6OSbnAy7zw_002,0.7693494558334351,0.015388603322207928,14.164161682128906,2.2388316882824455,0
m6OSbnAy7zw_003,0.9198074340820312,0.0011777578620240092,5.818604946136475,1.1886803538555402,0
mAY9rHmQCFE_000,0.8954338431358337,0.02382912114262581,4.8189167976379395,1.34853190717056,0
mAY9rHmQCFE_001,0.8183730244636536,0.019787970930337906,12.624505043029785,1.5805551712729642,0
mAY9rHmQCFE_002,0.9136195182800293,0.0010628500021994114,6.547338008880615,1.3158842345535626,0
mh2gkX1tceE_000,0.025509897619485855,0.0011971091153100133,70.52308654785156,3.1056069671529665,0
mh2gkX1tceE_001,0.02069900743663311,0.0007637725793756545,68.7796859741211,3.2678044613076933,0
mh2gkX1tceE_002,0.020181581377983093,0.0008788350387476385,52.882408142089844,3.353614434001301,0
mh2gkX1tceE_003,0.023976029828190804,0.0004111096786800772,60.3489990234375,3.0949278233085185,0
mlNSL9Bt5dw_000,0.7789163589477539,0.006225214805454016,16.057117462158203,2.3892324610734548,0
mlNSL9Bt5dw_001,0.025923747569322586,0.0010433506686240435,36.597957611083984,2.6693242957446555,1
mlNSL9Bt5dw_002,0.8456140160560608,0.003637339686974883,17.226333618164062,2.310912786910124,0
mlNSL9Bt5dw_003,0.8459525108337402,0.008381860330700874,9.08740234375,1.6311423342997,0
mlNSL9Bt5dw_004,0.8906192183494568,0.007146263029426336,7.64229679107666,1.5483969764164063,0
mlNSL9Bt5dw_005,0.9302631616592407,0.0064482674933969975,7.41750431060791,1.546181767474615,0
mlNSL9Bt5dw_006,0.022368086501955986,0.0023520656395703554,26.331113815307617,2.791616586604588,0
mlNSL9Bt5dw_007,0.81182861328125,0.006844156887382269,23.06184959411621,2.9335178645961593,0
mlNSL9Bt5dw_008,0.9097241163253784,0.0012342104455456138,6.261888027191162,1.2230465053613973,0
myyXZNJtXoM_000,0.8489116430282593,0.002132042543962598,5.292119979858398,1.4283669411685247,0
myyXZNJtXoM_001,0.8580654263496399,0.0182265006005764,8.995946884155273,1.4304530697854823,0
myyXZNJtXoM_002,0.9160277843475342,0.0010286164470016956,6.994427680969238,1.8538026921621784,0
n3ZQI3jtmuE_000,0.031728703528642654,0.001076418673619628,22.69778823852539,2.2493097742216515,0
n3ZQI3jtmuE_001,0.667464017868042,0.0011565042659640312,15.046843528747559,2.0343850906232084,0
n3ZQI3jtmuE_002,0.8076473474502563,0.0013128438731655478,8.121561050415039,2.45554610289342,0
n584e3exz7Y_000,0.023530391976237297,0.0019222339615225792,74.14374542236328,2.9814475044134374,0
n584e3exz7Y_001,0.8785831332206726,0.0005645264755003154,26.508947372436523,2.753283931534247,0
n584e3exz7Y_002,0.8409352898597717,0.0017478123772889376,15.863971710205078,2.7312092908296837,0
n584e3exz7Y_003,0.03324047476053238,0.0016334388637915254,73.21027374267578,3.21128778140559,0
n584e3exz7Y_004,0.8215441107749939,0.001158858765847981,25.270275115966797,2.8212136905765255,0
n584e3exz7Y_005,0.018853001296520233,0.0010971396695822477,74.144775390625,3.3421761115123956,0
n584e3exz7Y_006,0.01903698407113552,0.0005755794118158519,49.5488166809082,3.298631565959387,0
n584e3exz7Y_007,0.020336370915174484,0.0006427853950299323,50.46998596191406,3.218472697916463,0
n584e3exz7Y_008,0.025123191997408867,0.0007237624377012253,68.24739837646484,3.142808847799566,0
n584e3exz7Y_009,0.024364721029996872,0.0022727944888174534,71.41315460205078,2.781315861475599,0
n584e3exz7Y_010,0.015025089494884014,0.00045099260751158,46.550880432128906,3.3763771930200854,0
n584e3exz7Y_011,0.01825093664228916,0.0017045194981619716,73.85057067871094,3.0638575335936364,0
n584e3exz7Y_012,0.029828060418367386,0.0020631577353924513,43.80717849731445,3.43931857551366,0
n584e3exz7Y_013,0.03501978889107704,0.0022534483578056097,74.98225402832031,3.209367088706554,0
n584e3exz7Y_014,0.021845271810889244,0.0017437688075006008,73.36692810058594,3.1631499170710518,0
n584e3exz7Y_015,0.02344178408384323,0.0009042584570124745,54.73464584350586,3.185803454909415,0
n584e3exz7Y_016,0.027602925896644592,0.0012026402400806546,74.07615661621094,2.917895682979343,0
n584e3exz7Y_017,0.018428999930620193,0.0009797856910154223,69.58012390136719,3.2791200569280416,0
n584e3exz7Y_018,0.029511936008930206,0.0010610056342557073,74.12432861328125,2.9480588938507664,0
n584e3exz7Y_019,0.02780459262430668,0.0008619307191111147,51.655174255371094,3.2299272137767314,0
n584e3exz7Y_020,0.03157881647348404,0.001336097251623869,73.9843978881836,2.9937375407474747,0
n584e3exz7Y_021,0.03266607224941254,0.0022326060570776463,52.52848434448242,3.3674316513925673,0
n584e3exz7Y_022,0.029832758009433746,0.002738740062341094,73.18048858642578,2.9008876126470358,0
n584e3exz7Y_023,0.022651806473731995,0.001248293207027018,72.33583068847656,3.2769755969066714,0
n584e3exz7Y_024,0.027912596240639687,0.0017655821284279227,72.624267578125,3.007577850604698,0
n584e3exz7Y_025,0.02910787984728813,0.0010719519341364503,72.5999755859375,3.2940354178916564,0
n584e3exz7Y_026,0.02791721001267433,0.0016607611905783415,74.45523834228516,2.909735394452772,0
n584e3exz7Y_027,0.029946086928248405,0.0008937998209148645,72.2232437133789,3.220726941987635,0
n584e3exz7Y_028,0.04000725969672203,0.0037298575043678284,73.97596740722656,3.2378913885565197,0
n584e3exz7Y_029,0.02013542875647545,0.0007368124788627028,71.09893798828125,3.3203929803906256,0
n584e3exz7Y_030,0.026972077786922455,0.0008564708987250924,69.41918182373047,3.313075866380698,0
n584e3exz7Y_031,0.021572142839431763,0.000583584071137011,65.46061706542969,3.0160250642223536,0
n584e3exz7Y_032,0.02127590961754322,0.0015381609555333853,68.18899536132812,3.28815223379079,0
n584e3exz7Y_033,0.018791744485497475,0.0015636314637959003,70.81305694580078,2.8364318181863215,0
n584e3exz7Y_034,0.026350317522883415,0.0010511946165934205,72.16067504882812,3.4432484923774744,0
n584e3exz7Y_035,0.016341930255293846,0.0009446748299524188,50.079227447509766,3.3579297952357114,0
n584e3exz7Y_036,0.022056695073843002,0.0024987012147903442,70.11173248291016,3.1473947040663943,0
n584e3exz7Y_037,0.033100154250860214,0.0005653228145092726,61.47686767578125,3.0730216081796367,0
nCgFcwX9xMw_000,0.8673031330108643,0.00590473972260952,13.003362655639648,2.1096563606342684,0
nCgFcwX9xMw_001,0.909272313117981,0.0025528348051011562,13.268954277038574,1.6119556626648184,0
nCgFcwX9xMw_002,0.828832745552063,0.018072029575705528,11.196070671081543,1.1516420504970768,0
nCgFcwX9xMw_003,0.8519254326820374,0.0017821132205426693,11.933478355407715,2.184048486511247,0
nCgFcwX9xMw_004,0.1543794870376587,0.0006274821935221553,40.68880844116211,3.133420289126399,0
nKEgFhap4q0_000,0.017868367955088615,0.0007915877504274249,70.80382537841797,3.1640738046363888,0
nKEgFhap4q0_001,0.026321766898036003,0.0008479636162519455,68.52661895751953,3.265949322377553,0
nKEgFhap4q0_002,0.028414888307452202,0.0019266228191554546,53.209007263183594,3.2683111084369045,0
nKEgFhap4q0_003,0.02606186456978321,0.0008051646873354912,60.472900390625,3.3417177993475136,0
nKEgFhap4q0_004,0.863561749458313,0.0004765079647768289,13.748919486999512,2.7727404621577953,0
nKEgFhap4q0_005,0.9342016577720642,0.0002910224720835686,10.116043090820312,2.6531454076240846,0
nKEgFhap4q0_006,0.9257509708404541,0.0008596649277023971,10.627902030944824,1.8654517693719483,0
nKEgFhap4q0_007,0.890831470489502,0.0006509809172712266,13.1071138381958,2.5961581411516454,0
nKEgFhap4q0_008,0.019233854487538338,0.0007524151005782187,48.98395919799805,3.3499333939909013,0
nKEgFhap4q0_009,0.7629883885383606,0.0007574849878437817,14.94897747039795,2.669977639599712,0
nKEgFhap4q0_010,0.901334285736084,0.0004967774148099124,8.8100004196167,1.547976435506831,0
nKEgFhap4q0_011,0.01949460059404373,0.0007377188303507864,65.4280014038086,3.072630661974534,0
nKEgFhap4q0_012,0.02750547043979168,0.0006022292654961348,62.023658752441406,3.0348795482830937,0
naqbrcuqhYc_000,0.8656331300735474,0.004745435900986195,12.834735870361328,2.6555828153900225,0
naqbrcuqhYc_001,0.8838298916816711,0.0024965829215943813,7.510353088378906,1.7098550378489712,0
naqbrcuqhYc_002,0.8553902506828308,0.0044037094339728355,9.250858306884766,2.453791192269991,0
naqbrcuqhYc_003,0.9338131546974182,0.00166422373149544,7.40409517288208,1.8515002666419924,0
naqbrcuqhYc_004,0.9309375286102295,0.008736059069633484,8.277957916259766,1.3203360526840227,0
naqbrcuqhYc_005,0.9136954545974731,0.0026218187995254993,7.990931987762451,1.503215271228359,0
naqbrcuqhYc_006,0.9200228452682495,0.0012048709904775023,7.243104934692383,2.271217368485993,0
naqbrcuqhYc_007,0.8899164795875549,0.0068762218579649925,6.708413600921631,1.236038229154292,0
naqbrcuqhYc_008,0.8958630561828613,0.00551307899877429,7.856893062591553,1.100837283666894,0
naqbrcuqhYc_009,0.897243320941925,0.0038617050740867853,8.351384162902832,1.9439339800629252,0
naqbrcuqhYc_010,0.9198477864265442,0.0021527635399252176,4.787347793579102,1.1097120075249058,0
naqbrcuqhYc_011,0.9051888585090637,0.004940284416079521,9.027376174926758,1.0926090182007488,0
naqbrcuqhYc_012,0.8969825506210327,0.001734973513521254,6.732794761657715,1.4844438455208784,0
naqbrcuqhYc_013,0.8881834149360657,0.008255884051322937,13.13692855834961,2.0940147298993224,0
naqbrcuqhYc_014,0.4296056032180786,0.004529390949755907,55.091941833496094,3.0749965165813524,0
naqbrcuqhYc_015,0.029613235965371132,0.0005132596124894917,62.41383743286133,3.1554393670026095,0
ncIeYYcpTHQ_000,0.7431513071060181,0.0019627821166068316,41.873294830322266,2.2935479501361264,0
ncIeYYcpTHQ_001,0.8405307531356812,0.003747789654880762,10.540735244750977,2.2268397703269924,0
ncIeYYcpTHQ_002,0.9225311279296875,0.006450723856687546,7.288129806518555,1.532197693133301,0
ncIeYYcpTHQ_003,0.9098139405250549,0.006420986261218786,7.9234113693237305,1.0984757649313743,0
ncIeYYcpTHQ_004,0.9199904203414917,0.0009506348869763315,6.598971843719482,1.2961089033110758,0
nfRHPZcp-0Y_000,0.8784226775169373,0.012408209964632988,3.732684373855591,1.3715661745632173,0
nfRHPZcp-0Y_001,0.8730584383010864,0.004412574227899313,5.282104969024658,1.0867766349604258,0
nfRHPZcp-0Y_002,0.8635085225105286,0.006413294468075037,6.280448913574219,1.153083784559376,0
nfRHPZcp-0Y_003,0.9205030798912048,0.0009639312047511339,5.9661865234375,1.1882588346217065,0
ngkZnFdgUGo_000,0.8177302479743958,0.001710892771370709,11.26968765258789,2.416962290610683,0
ngkZnFdgUGo_001,0.9357845783233643,0.003283945843577385,6.44248104095459,1.4600234020555372,0
ngkZnFdgUGo_002,0.9231888651847839,0.00236313184723258,5.958536624908447,1.1445057976819109,0
ngkZnFdgUGo_003,0.9110561013221741,0.007988988421857357,5.316854953765869,1.1432139257746754,0
ngkZnFdgUGo_004,0.9356397986412048,0.006100857630372047,6.58540678024292,1.4978346020445792,0
ngkZnFdgUGo_005,0.9183542728424072,0.0009199953055940568,7.095614910125732,1.83481396965611,0
ngkZnFdgUGo_006,0.9219304323196411,0.0010017056483775377,9.266937255859375,1.3847052790255696,0
ngkZnFdgUGo_007,0.883455216884613,0.0019131501903757453,5.420077800750732,1.2100997119300938,0
ngkZnFdgUGo_008,0.9263949394226074,0.0028489285614341497,4.998690605163574,1.0712725902022433,0
ngkZnFdgUGo_009,0.8586815595626831,0.0026654659304767847,10.29648494720459,1.2045343874913266,0
ngkZnFdgUGo_010,0.37115347385406494,0.003058516187593341,57.82026672363281,3.1146354753003176,0
ngkZnFdgUGo_011,0.03246880695223808,0.0006378730176948011,65.63880920410156,3.142269248095111,0
nvTbhTrDJI0_000,0.789652943611145,0.0010874392464756966,16.11669158935547,2.348273500865557,0
nvTbhTrDJI0_001,0.8582967519760132,0.0011636008275672793,18.4473819732666,2.2333343211185896,0
nvTbhTrDJI0_002,0.8608067035675049,0.005009533371776342,7.265829563140869,1.008883856259655,0
nvTbhTrDJI0_003,0.8745766878128052,0.0025926644448190928,5.275089740753174,1.0874280626945731,0
nvTbhTrDJI0_004,0.875186562538147,0.015118014067411423,3.9786202907562256,1.0670200316744374,0
nvTbhTrDJI0_005,0.9095273613929749,0.00030416465597227216,8.143086433410645,1.4633726262601008,0
nvTbhTrDJI0_006,0.9076494574546814,0.0032765811774879694,8.93908405303955,1.344669612822294,0
nvTbhTrDJI0_007,0.8978568315505981,0.0009961326140910387,8.46226692199707,1.1966823237827835,0
nvTbhTrDJI0_008,0.906244695186615,0.006028551608324051,13.180535316467285,1.5401935435111487,0
nvTbhTrDJI0_009,0.8982765078544617,0.0008802090305835009,11.94791316986084,2.007201880143384,0
nvTbhTrDJI0_010,0.8578798174858093,0.012973781675100327,6.457178115844727,1.3091071187160306,0
nvTbhTrDJI0_011,0.9162477254867554,0.0010052032303065062,5.873851776123047,1.1231335895800072,0
nx01uWRkqlQ_000,0.02199471741914749,0.0008489329484291375,54.34379196166992,3.178241029568046,0
nx01uWRkqlQ_001,0.7770477533340454,0.004404131788760424,11.69688892364502,2.1004599780330113,0
nx01uWRkqlQ_002,0.7872021794319153,0.009613859467208385,8.445815086364746,2.2716918613387667,0
nx01uWRkqlQ_003,0.8046011328697205,0.004072527401149273,9.972146034240723,2.107594423467794,0
nx01uWRkqlQ_004,0.7613570690155029,0.001154400990344584,12.85842227935791,2.0200005352535073,0
nx01uWRkqlQ_005,0.8053553700447083,0.004375426564365625,8.120609283447266,2.0180441862679213,0
nx01uWRkqlQ_006,0.843474805355072,0.0070544336922466755,6.891007900238037,1.5548238463529707,0
nx01uWRkqlQ_007,0.8383458852767944,0.0012842848664149642,5.833341121673584,1.1145989797004154,0
nx01uWRkqlQ_008,0.8007223010063171,0.006734181195497513,9.916526794433594,1.98848103081771,0
nx01uWRkqlQ_009,0.8018115758895874,0.006840812973678112,7.399619102478027,1.0788838747035672,0
nx01uWRkqlQ_010,0.8286519646644592,0.0019996347837150097,8.315502166748047,2.53142932337748,0
nx01uWRkqlQ_011,0.6827467679977417,0.006388193462044001,10.72895336151123,2.484002191864469,0
nx01uWRkqlQ_012,0.838954508304596,0.00265806564129889,10.592242240905762,2.094069528375614,0
nx01uWRkqlQ_013,0.026726219803094864,0.000903988431673497,70.83169555664062,3.02658950315596,0
nx01uWRkqlQ_014,0.02902456745505333,0.0005408239085227251,64.09248352050781,3.104008429219584,0
o0tTotoFe5M_000,0.7561801671981812,0.07388968020677567,8.339985847473145,1.758237438434999,0
o0tTotoFe5M_001,0.9019777774810791,0.017936166375875473,11.699211120605469,2.526173039406298,0
o0tTotoFe5M_002,0.6930368542671204,0.011409316211938858,21.49959373474121,2.744983188194755,0
o0tTotoFe5M_003,0.889536440372467,0.03448600322008133,8.347253799438477,1.1072761650972194,0
o0tTotoFe5M_004,0.8554291725158691,0.009062283672392368,10.634842872619629,2.3519646713061437,0
o0tTotoFe5M_005,0.8885791897773743,0.012553601525723934,10.093599319458008,2.150345719252245,0
o0tTotoFe5M_006,0.9088866114616394,0.012735585682094097,7.88823938369751,2.5095483404500585,0
o0tTotoFe5M_007,0.8681386113166809,0.004184538498520851,9.606033325195312,2.601428304078449,0
o0tTotoFe5M_008,0.9015911817550659,0.011807560920715332,10.861417770385742,2.4737190612159634,0
o0tTotoFe5M_009,0.9201663136482239,0.028222687542438507,12.286803245544434,2.476611005087777,0
o0tTotoFe5M_010,0.8969853520393372,0.009425647556781769,10.276056289672852,2.1537031773535196,0
o0tTotoFe5M_011,0.8470869660377502,0.03759049251675606,13.730658531188965,1.5657378977254361,0
o0tTotoFe5M_012,0.03365880250930786,0.0010143215768039227,5.594002723693848,1.4067067321157078,0
o0tTotoFe5M_013,0.03690267726778984,0.0011953094508498907,4.748159408569336,1.1123608083999423,0
o0tTotoFe5M_014,0.02213366888463497,0.0011197440326213837,6.104963779449463,2.0730906711003123,0
o0tTotoFe5M_015,0.03372945263981819,0.0013997415080666542,11.174283027648926,2.363376248782953,0
o0tTotoFe5M_016,0.05267105996608734,0.002950123744085431,12.157914161682129,2.3491743086208445,0
o0tTotoFe5M_017,0.03121897391974926,0.0010986060369759798,11.505806922912598,2.3480435700125586,0
o0tTotoFe5M_018,0.02112882025539875,0.0009599046315997839,14.249931335449219,2.1334177174923203,0
o0tTotoFe5M_019,0.03092370182275772,0.002573625650256872,12.353246688842773,2.099840979141162,0
o0tTotoFe5M_020,0.02893512323498726,0.0011478125816211104,13.247579574584961,1.9632101549735923,0
o0tTotoFe5M_021,0.036468591541051865,0.0010094575118273497,14.874955177307129,2.4605041766654,0
o0tTotoFe5M_022,0.9125760197639465,0.005775258410722017,11.261991500854492,2.5546136452492814,0
o0tTotoFe5M_023,0.8370697498321533,0.01269553229212761,11.183704376220703,2.6521049497641327,0
o0tTotoFe5M_024,0.8961421251296997,0.03321503847837448,17.403011322021484,2.550995946570602,0
o0tTotoFe5M_025,0.8712605237960815,0.006246241740882397,14.193107604980469,2.093419593124725,0
o0tTotoFe5M_026,0.9128803610801697,0.0045302980579435825,13.909268379211426,2.856815287092453,0
o0tTotoFe5M_027,0.8733526468276978,0.029237600043416023,16.73564910888672,2.4768100862444755,0
o0tTotoFe5M_028,0.910603404045105,0.015016448684036732,12.575216293334961,2.5823424438165836,0
o0tTotoFe5M_029,0.025212934240698814,0.0011084392899647355,71.35134887695312,3.066650509528036,0
o0tTotoFe5M_030,0.029373202472925186,0.0005644868942908943,62.93889617919922,3.106609629736047,0
oHqPUYmq_Ug_000,0.8133335709571838,0.001529655884951353,35.834930419921875,3.011410978528039,0
oHqPUYmq_Ug_001,0.8959802389144897,0.0023371221031993628,19.621620178222656,2.4797524543591773,0
oHqPUYmq_Ug_002,0.8116220831871033,0.0013950989814475179,5.136940956115723,2.5296274487127626,0
oHqPUYmq_Ug_003,0.8711088299751282,0.000976824900135398,7.994651794433594,2.3567656708180564,0
oHqPUYmq_Ug_004,0.8326389193534851,0.009291318245232105,6.426297187805176,1.6050858647094208,0
oHqPUYmq_Ug_005,0.9204658269882202,0.000985240563750267,6.070815086364746,1.4415513139602787,0
oRhMEzUTOYU_000,0.8325052261352539,0.006832925137132406,10.700282096862793,1.7444881126356482,0
oRhMEzUTOYU_001,0.8235585689544678,0.006258572917431593,9.64130973815918,2.192183917764786,0
oRhMEzUTOYU_002,0.919596791267395,0.000762168609071523,5.552226543426514,1.2145744702629113,0
o__z0xfi-DY_000,0.025005685165524483,0.005518367979675531,60.45425796508789,3.422513018959571,0
o__z0xfi-DY_001,0.025148337706923485,0.0006480482988990843,71.26527404785156,3.038507362598528,0
o__z0xfi-DY_002,0.03145730122923851,0.0006381378043442965,64.83240509033203,3.067071012129048,0
ofwQOtQzB_M_000,0.022192291915416718,0.001246386906132102,73.39400482177734,3.2867436101695438,0
ofwQOtQzB_M_001,0.6070831418037415,0.0010774527909234166,11.466297149658203,2.302114355245218,0
ofwQOtQzB_M_002,0.7221217155456543,0.001455020043067634,8.198393821716309,2.6519857532523132,0
ofwQOtQzB_M_003,0.6163578629493713,0.001033978071063757,11.46117115020752,2.763562902931412,0
ofwQOtQzB_M_004,0.5476882457733154,0.0009301609243266284,7.716737747192383,2.3972111224959605,0
ofwQOtQzB_M_005,0.021075217053294182,0.0006478676223196089,73.53059387207031,3.329598949984674,0
ofwQOtQzB_M_006,0.02017180435359478,0.0009336816146969795,72.2556381225586,2.9201874327019324,0
ofwQOtQzB_M_007,0.03547677770256996,0.0005830447771586478,63.437076568603516,3.12196576447109,0
p-QSXN8bce4_000,0.9207699298858643,0.0025660917162895203,1.7529233694076538,1.1071591772976777,0
p-QSXN8bce4_001,0.8839040398597717,0.012025675736367702,12.532561302185059,2.197521223338833,0
p-QSXN8bce4_002,0.8964918851852417,0.002984581980854273,10.479674339294434,1.6643175944131285,0
p-QSXN8bce4_003,0.9016676545143127,0.005900039803236723,10.724815368652344,2.1186978085467927,0
p-QSXN8bce4_004,0.8897913098335266,0.054280318319797516,12.306605339050293,1.0840201059041337,0
p-QSXN8bce4_005,0.02885701321065426,0.0006956711877137423,68.18209838867188,3.017673379092855,0
p-QSXN8bce4_006,0.031029868870973587,0.0005824510008096695,65.84562683105469,3.185077353963763,0
p0JmhpXQ2rw_000,0.8180536031723022,0.014269131235778332,15.086370468139648,2.285609421444703,0
p0JmhpXQ2rw_001,0.8863616585731506,0.08857123553752899,29.205659866333008,1.0731621148191002,0
p0JmhpXQ2rw_002,0.8695707321166992,0.007021097466349602,6.528990268707275,1.3402582396286185,0
p0JmhpXQ2rw_003,0.9198608994483948,0.0008964907610788941,6.3593573570251465,1.1306060543637078,0
p4Lb0PUk7U4_000,0.8840804696083069,0.00995140802115202,7.707946300506592,1.9440176469048533,0
p4Lb0PUk7U4_001,0.8902361392974854,0.0031009716913104057,9.051125526428223,1.7996666875929859,0
p4Lb0PUk7U4_002,0.8598175048828125,0.02864902652800083,10.21810531616211,2.4323222140113083,0
p4Lb0PUk7U4_003,0.857021689414978,0.009326554834842682,5.870606899261475,1.1977525630596129,0
p4Lb0PUk7U4_004,0.9183441400527954,0.001013820176012814,5.915187358856201,1.1241219935352433,0
pHbtsTczrrc_000,0.7152513265609741,0.015758654102683067,10.248974800109863,1.3351206608534913,0
pHbtsTczrrc_001,0.7540152072906494,0.0116047328338027,9.789957046508789,1.6808531213820999,0
pHbtsTczrrc_002,0.7613582611083984,0.012593342922627926,6.475663661956787,1.689912147569985,0
pHbtsTczrrc_003,0.917546272277832,0.0009974444983527064,5.854191780090332,1.6917634346194876,0
pObiqaGBlZk_000,0.783301591873169,0.0023214390967041254,7.612301349639893,2.1212766273271533,0
pObiqaGBlZk_001,0.8670012950897217,0.008739115670323372,11.302555084228516,1.2107853200327157,0
pObiqaGBlZk_002,0.7163459658622742,0.008529155515134335,11.517631530761719,2.409739928507137,0
pObiqaGBlZk_003,0.8364434242248535,0.006038110703229904,6.327600002288818,1.0603502032844454,0
pObiqaGBlZk_004,0.9248558282852173,0.0008493904606439173,6.330015659332275,1.5883009912281247,0
pR4PVYPBNGI_000,0.8852381706237793,0.0009934920817613602,18.012208938598633,2.342561375781078,0
pR4PVYPBNGI_001,0.931343674659729,0.0023313143756240606,5.748244285583496,1.4074578647502527,0
pR4PVYPBNGI_002,0.8658263683319092,0.0010942098451778293,10.003890991210938,2.3155995506013074,0
pR4PVYPBNGI_003,0.872369110584259,0.0010878382017835975,12.716814041137695,1.8273681556592658,0
pR4PVYPBNGI_004,0.8233608603477478,0.0023940280079841614,16.340871810913086,2.4585002503893585,0
pR4PVYPBNGI_005,0.8568102121353149,0.004961072932928801,16.048824310302734,2.23645248270475,0
pR4PVYPBNGI_006,0.8179370164871216,0.00610913522541523,18.14607810974121,2.306773122415765,0
pR4PVYPBNGI_007,0.7815037369728088,0.0032326814252883196,12.693659782409668,2.064227041209284,0
pR4PVYPBNGI_008,0.8049245476722717,0.0068356990814208984,11.907381057739258,2.377954728661663,0
pR4PVYPBNGI_009,0.8649224042892456,0.0048581687733531,8.145013809204102,2.1158721676631007,0
pR4PVYPBNGI_010,0.9176246523857117,0.0011384940007701516,5.4280314445495605,1.6315198456765696,0
pSywdH596jI_000,0.0351557619869709,0.0013793394900858402,16.895099639892578,2.1858616406551343,0
pSywdH596jI_001,0.8021235466003418,0.012229576706886292,17.067995071411133,1.8969215713313385,0
pSywdH596jI_002,0.82664954662323,0.014462260529398918,17.167070388793945,2.3457824560899585,0
pSywdH596jI_003,0.8303396105766296,0.01253644097596407,20.56852149963379,2.3879048956191715,0
pSywdH596jI_004,0.8664619326591492,0.012137715704739094,6.1738362312316895,1.1288073598078128,0
pSywdH596jI_005,0.9204199314117432,0.001130970660597086,6.056993007659912,1.1321729541766576,0
pVn529r5yWc_000,0.8396099209785461,0.0029037250205874443,32.64717102050781,2.2695996942230017,0
pVn529r5yWc_001,0.8853026032447815,0.003940606955438852,23.249492645263672,2.078125688861697,1
pVn529r5yWc_002,0.8685569167137146,0.002010895172134042,11.072103500366211,2.302281293953574,0
pVn529r5yWc_003,0.8657060861587524,0.005307327024638653,5.1369404792785645,1.222997304965668,0
pVn529r5yWc_004,0.9176616668701172,0.0010294414823874831,5.964264392852783,1.5158743869108477,0
papSH97_ASI_000,0.02640642412006855,0.0012222526129335165,67.7773208618164,3.1934794024225273,0
papSH97_ASI_001,0.7933419346809387,0.0009729410521686077,22.589515686035156,2.586136188938439,0
papSH97_ASI_002,0.03125011920928955,0.0025460119359195232,67.87355041503906,3.3815217746224455,0
papSH97_ASI_003,0.8234083652496338,0.0005358660710044205,18.55181884765625,2.9065881427075584,0
papSH97_ASI_004,0.026885787025094032,0.0007182850386016071,57.990631103515625,3.4351197722206863,0
papSH97_ASI_005,0.018452312797307968,0.0007961690425872803,65.82682037353516,3.0219021911282327,0
papSH97_ASI_006,0.03477704897522926,0.0006121881306171417,62.45442581176758,3.1104838482486405,0
ph0ZsgRG4w0_000,0.8866192698478699,0.0014777804026380181,9.761263847351074,1.1465399101767306,0
ph0ZsgRG4w0_001,0.9094110727310181,0.0018833257490769029,5.810473918914795,1.3488802507557014,0
ph0ZsgRG4w0_002,0.8991038203239441,0.0057592689990997314,4.382850170135498,1.642800816933258,0
ph0ZsgRG4w0_003,0.8799481391906738,0.027553489431738853,6.996114730834961,2.470362243249767,0
ph0ZsgRG4w0_004,0.9184302091598511,0.001115509425289929,6.033925533294678,1.5517489039099075,0
pkdxwDYU9Bo_000,0.8543145060539246,0.0035843688528984785,11.542826652526855,2.1317801532349434,0
pkdxwDYU9Bo_001,0.8946325778961182,0.002620599465444684,10.391596794128418,1.7260934642853853,0
pkdxwDYU9Bo_002,0.04033467546105385,0.0015533993719145656,1.7696995735168457,1.6131546250861415,0
pkdxwDYU9Bo_003,0.8600733280181885,0.0007679192931391299,10.579011917114258,1.1983468058947149,0
pkdxwDYU9Bo_004,0.8693307638168335,0.0016210234025493264,13.152332305908203,1.4685018793207518,0
pkdxwDYU9Bo_005,0.8339576125144958,0.011024332605302334,12.36942195892334,1.4736691322813524,0
pkdxwDYU9Bo_006,0.05386742204427719,0.0037098799366503954,41.011539459228516,3.1960990962280493,0
pkdxwDYU9Bo_007,0.02677278406918049,0.0006558366003446281,71.11946105957031,3.1170151721713024,0
pkdxwDYU9Bo_008,0.03307586535811424,0.0005482027772814035,62.04461669921875,3.0639983959310464,0
pu2RV-9xVtk_000,0.8226057887077332,0.16289952397346497,5.032503604888916,1.2515440934138067,0
pu2RV-9xVtk_001,0.8614444136619568,0.13418498635292053,-0.9815654158592224,1.1073107231639752,0
pu2RV-9xVtk_002,0.9089433550834656,0.014738166704773903,8.982308387756348,1.9521942433465707,0
pu2RV-9xVtk_003,0.8841428160667419,0.02971716597676277,8.899275779724121,2.0903062999881423,0
pu2RV-9xVtk_004,0.7433898448944092,0.00223165238276124,7.65228271484375,1.5648855487238051,0
pu2RV-9xVtk_005,0.8657775521278381,0.004483542405068874,11.49390983581543,1.716790579236788,0
pu2RV-9xVtk_006,0.8244330286979675,0.006262123119086027,6.568486213684082,1.8790752495577965,0
pu2RV-9xVtk_007,0.9193686246871948,0.0010886493837460876,5.996184825897217,1.0642126942833727,0
q6CTRjrHToY_000,0.8951365947723389,0.0014036219799891114,6.76669454574585,1.4170702053158155,0
q6CTRjrHToY_001,0.8869397640228271,0.0019157433416694403,8.94643783569336,1.5351156874457768,0
q6CTRjrHToY_002,0.025716764852404594,0.0008101634448394179,59.40149688720703,3.3180873946907323,0
q6CTRjrHToY_003,0.7486089468002319,0.008507964201271534,36.81096267700195,2.738619712801111,0
q6CTRjrHToY_004,0.916907787322998,0.0010100785875692964,6.5196852684021,1.2349417795913304,0
q8Uuu6cSgDg_000,0.8774006366729736,0.0012876580003648996,12.34302043914795,2.235851725559768,0
q8Uuu6cSgDg_001,0.18039920926094055,0.18947042524814606,31.647279739379883,1.5611408158583648,0
q8Uuu6cSgDg_002,0.3770087659358978,0.2426988184452057,37.900726318359375,1.9950745198110529,0
q8Uuu6cSgDg_003,0.218689426779747,0.2803504168987274,11.180370330810547,1.7816335324979973,0
q8Uuu6cSgDg_004,0.1951473504304886,0.17036092281341553,25.53369903564453,2.305071887016172,0
q8Uuu6cSgDg_005,0.24094942212104797,0.251158207654953,19.17164421081543,1.948031944807876,0
q8Uuu6cSgDg_006,0.20831184089183807,0.24759161472320557,25.184226989746094,1.8169586523128505,0
q8Uuu6cSgDg_007,0.7709112167358398,0.016111981123685837,6.201455593109131,1.9574841953251538,0
q8Uuu6cSgDg_008,0.9174671769142151,0.0010283798910677433,6.491987705230713,1.8022859552469968,0
qFwfiOIRZbg_000,0.7844140529632568,0.04059945419430733,17.55643081665039,2.1657357625601374,0
qFwfiOIRZbg_001,0.8664270639419556,0.006675191223621368,6.138804912567139,1.1079467906891878,0
qFwfiOIRZbg_002,0.9191873669624329,0.0010390060488134623,6.66680908203125,1.6795257142280977,0
qT1RaTk0Puw_000,0.037644997239112854,0.0024941556621342897,37.008174896240234,3.0614573386466417,0
qT1RaTk0Puw_001,0.050486866384744644,0.003158444305881858,73.17782592773438,3.178270907909059,0
qT1RaTk0Puw_002,0.05274984613060951,0.002339260885491967,46.98027420043945,3.2531663420030896,0
qT1RaTk0Puw_003,0.8766902685165405,0.001868681749328971,17.364479064941406,2.5355822145432296,0
qT1RaTk0Puw_004,0.9066840410232544,0.0021242282819002867,7.923215389251709,2.3629587119130955,0
qT1RaTk0Puw_005,0.7787278890609741,0.013222286477684975,12.645696640014648,1.1879534852867464,0
qT1RaTk0Puw_006,0.8381795287132263,0.0033649348188191652,10.452006340026855,1.85948905894277,0
qT1RaTk0Puw_007,0.8790760040283203,0.015366539359092712,9.94340991973877,1.0684957569076603,0
qT1RaTk0Puw_008,0.8138176202774048,0.03312365338206291,21.284212112426758,2.163449786108654,0
qT1RaTk0Puw_009,0.8917826414108276,0.002721839351579547,14.435338973999023,2.527026668115062,0
qT1RaTk0Puw_010,0.7975260615348816,0.008602231740951538,14.366366386413574,2.256781719950721,0
qT1RaTk0Puw_011,0.8401241898536682,0.011405916884541512,16.89197540283203,2.4739295755315855,0
qT1RaTk0Puw_012,0.8637940287590027,0.004666781052947044,11.995681762695312,1.4404684580545695,0
qT1RaTk0Puw_013,0.7818652987480164,0.004036815837025642,12.810775756835938,1.5622466641856376,0
qT1RaTk0Puw_014,0.8634046316146851,0.0073957438580691814,14.64975357055664,2.3044470077387564,0
qT1RaTk0Puw_015,0.8240121006965637,0.030338745564222336,16.737546920776367,1.7370652698130915,0
qT1RaTk0Puw_016,0.8608798980712891,0.0016088224947452545,14.128798484802246,1.7672032235520814,0
qT1RaTk0Puw_017,0.8399742841720581,0.004223243333399296,15.52105712890625,2.3739187629374334,0
qT1RaTk0Puw_018,0.025420621037483215,0.0006793290376663208,70.83861541748047,3.0812508047574374,0
qT1RaTk0Puw_019,0.02812827005982399,0.0005765064852312207,64.2020263671875,3.084127067662813,0
qbSDBzawSIw_000,0.9013239145278931,0.03837002068758011,0.9111214280128479,1.1043185379582148,0
qbSDBzawSIw_001,0.9076723456382751,0.006101100239902735,-0.30368471145629883,1.143967668092783,0
qbSDBzawSIw_002,0.8907844424247742,0.011737430468201637,2.6997323036193848,1.0949628102476177,0
qbSDBzawSIw_003,0.7052111625671387,0.0019904589280486107,7.098700046539307,1.140740224199449,0
qbSDBzawSIw_004,0.8734763860702515,0.0038620021659880877,-0.8318261504173279,1.1519026620100858,0
qbSDBzawSIw_005,0.8801460862159729,0.020921368151903152,2.7920496463775635,1.3240210830608221,0
qbSDBzawSIw_006,0.9120355844497681,0.005169393494725227,7.767797470092773,1.0820749416931232,0
qbSDBzawSIw_007,0.9194973111152649,0.0025143022648990154,8.190617561340332,1.0627670311264164,0
qbSDBzawSIw_008,0.8928779363632202,0.0007293295348063111,7.795263767242432,1.1124529423388656,0
qbSDBzawSIw_009,0.9007444381713867,0.0014333908911794424,9.41015625,1.915450556957715,0
qbSDBzawSIw_010,0.9093204736709595,0.002300491090863943,9.013606071472168,1.1912599634903198,0
qbSDBzawSIw_011,0.7165953516960144,0.004878766369074583,42.38166427612305,2.8501866273066754,0
qbSDBzawSIw_012,0.03215022012591362,0.0006591014680452645,63.589141845703125,3.068334594584204,0
qsF93-MjAXQ_000,0.8978407979011536,0.009718182496726513,9.015637397766113,1.6888783349637906,0
qsF93-MjAXQ_001,0.8984313607215881,0.0034534381702542305,6.001287937164307,1.5787792253497643,0
qsF93-MjAXQ_002,0.9120506644248962,0.0073196981102228165,6.410758972167969,1.1029070646412151,0
qsF93-MjAXQ_003,0.9156457781791687,0.01119203306734562,5.01426887512207,1.1377307319814345,0
qsF93-MjAXQ_004,0.911850094795227,0.0015149068785831332,9.826362609863281,1.3822014405774043,0
qsF93-MjAXQ_005,0.07598284631967545,0.0027553115505725145,8.159832000732422,2.1783773813372744,0
qsF93-MjAXQ_006,0.10050211101770401,0.0019076702883467078,5.6922478675842285,2.264858453644654,0
qsF93-MjAXQ_007,0.25591376423835754,0.002371334470808506,4.49621057510376,2.3930194162777902,0
qsF93-MjAXQ_008,0.04661121591925621,0.0027342946268618107,0.9825779795646667,1.112026206400457,0
qsF93-MjAXQ_009,0.057788874953985214,0.0024769585579633713,12.003600120544434,1.7963787438015952,0
qsF93-MjAXQ_010,0.8983260989189148,0.01572316512465477,6.762301445007324,1.1157104868937373,0
qsF93-MjAXQ_011,0.8756503462791443,0.025578098371624947,12.247214317321777,2.1451549073714475,0
qsF93-MjAXQ_012,0.7238325476646423,0.008061724714934826,54.38132095336914,2.8677825570714077,0
qsF93-MjAXQ_013,0.030827200040221214,0.0006280625821091235,62.67341232299805,3.101297630756782,0
qxx187UEnMQ_000,0.020908460021018982,0.000975392758846283,54.75506591796875,3.2336165538793327,0
qxx187UEnMQ_001,0.7652636766433716,0.0025041205808520317,11.46799373626709,2.3997809074719236,0
qxx187UEnMQ_002,0.7825382351875305,0.010678917169570923,8.519954681396484,2.0671503264294655,0
qxx187UEnMQ_003,0.7959657907485962,0.004272733815014362,10.041759490966797,1.5403948196834156,0
qxx187UEnMQ_004,0.7789633274078369,0.0012061065062880516,12.927345275878906,2.4369772032666845,0
qxx187UEnMQ_005,0.7800774574279785,0.003202279331162572,8.16585636138916,1.873711178669369,0
qxx187UEnMQ_006,0.8389699459075928,0.00827858317643404,6.788074970245361,1.8262577454566276,0
qxx187UEnMQ_007,0.8374439477920532,0.0009972631232813,5.587494373321533,1.138267346464197,0
qxx187UEnMQ_008,0.8075162768363953,0.0068316152319312096,9.66102409362793,1.953781254890248,0
qxx187UEnMQ_009,0.7807033658027649,0.005273301620036364,7.06236457824707,1.21004307899311,0
qxx187UEnMQ_010,0.695772647857666,0.005592544563114643,10.70392894744873,2.60007265069778,0
qxx187UEnMQ_011,0.8448418378829956,0.001779866637662053,10.550151824951172,1.0796676405110153,0
qxx187UEnMQ_012,0.030143683776259422,0.0012012418592348695,65.03543090820312,3.0000985107760614,0
qxx187UEnMQ_013,0.03068244457244873,0.0005820567021146417,65.8679428100586,3.123199723312286,0
qyI11NALuMs_000,0.8377146124839783,0.0023270761594176292,10.30502986907959,1.409062258626676,0
qyI11NALuMs_001,0.931151807308197,0.005814835429191589,6.4590163230896,2.1191641540894874,0
qyI11NALuMs_002,0.8843597173690796,0.009794534184038639,5.847564697265625,1.216381738205824,0
qyI11NALuMs_003,0.9141159653663635,0.0009340072283521295,6.095723628997803,1.218436262841686,0
qzm-lyaKGkg_000,0.8190678358078003,0.2922767996788025,-4.078807353973389,1.084485301827515,0
qzm-lyaKGkg_001,0.748892068862915,0.006386109162122011,11.06059455871582,2.1052337422670115,0
qzm-lyaKGkg_002,0.7783636450767517,0.007522967644035816,12.714426040649414,2.2040146351508714,0
qzm-lyaKGkg_003,0.6680827736854553,0.004589335061609745,16.944021224975586,2.471584790115376,0
qzm-lyaKGkg_004,0.7186779975891113,0.005273896269500256,15.410892486572266,1.858474024084431,0
qzm-lyaKGkg_005,0.8418929576873779,0.0019047291716560721,16.29799461364746,2.428262381073439,0
qzm-lyaKGkg_006,0.7805551886558533,0.007219470571726561,12.6997652053833,2.453751854558684,0
qzm-lyaKGkg_007,0.8678605556488037,0.013591998256742954,5.3863677978515625,1.1158731339230519,0
qzm-lyaKGkg_008,0.9186621308326721,0.0008274836000055075,6.0149245262146,1.761249897768262,0
r30aV9fQcr0_000,0.8874667286872864,0.00203568278811872,15.045881271362305,1.735475989853451,0
r30aV9fQcr0_001,0.1924080103635788,0.003150113858282566,7.0490007400512695,1.2034409506906183,0
r30aV9fQcr0_002,0.06044520065188408,0.0024059582501649857,36.42574691772461,2.218622185053158,0
r30aV9fQcr0_003,0.046625107526779175,0.0036009482573717833,48.522064208984375,2.9952884359123138,0
r30aV9fQcr0_004,0.039359189569950104,0.0015418438706547022,56.04487228393555,3.1275160818073218,0
r30aV9fQcr0_005,0.35823866724967957,0.5044968128204346,29.580310821533203,2.7578115478367295,0
r30aV9fQcr0_006,0.717197597026825,0.003779833437874913,59.83115768432617,2.1575500179899914,0
r30aV9fQcr0_007,0.02905229851603508,0.0007784086046740413,55.37211227416992,3.164032732370992,0
r30aV9fQcr0_008,0.9056362509727478,0.005981787107884884,8.394519805908203,1.3157028301979405,0
r30aV9fQcr0_009,0.8376124501228333,0.008243992924690247,13.90347671508789,2.569588762789544,0
r30aV9fQcr0_010,0.8660324811935425,0.010313686914741993,7.605277061462402,1.984023473114089,0
r30aV9fQcr0_011,0.8625354170799255,0.011610974557697773,6.305428981781006,1.1134249355942878,0
r30aV9fQcr0_012,0.9167282581329346,0.0009642434306442738,5.671535015106201,1.9584748304429176,0
r37jvdvehRQ_000,0.8106629252433777,0.003161359578371048,16.392215728759766,2.237020990924624,0
r37jvdvehRQ_001,0.9145190715789795,0.0010715695098042488,10.261240005493164,1.8771670689905975,0
r37jvdvehRQ_002,0.8411924242973328,0.021870136260986328,36.69059753417969,3.0198256815203384,0
r37jvdvehRQ_003,0.916618287563324,0.0010199681855738163,5.93075704574585,1.2780442237011478,0
r68V8aBfZD8_000,0.8737929463386536,0.02088659442961216,13.403306007385254,2.182048501882826,0
r68V8aBfZD8_001,0.8517477512359619,0.019707586616277695,21.07270050048828,2.7548643475046894,0
r68V8aBfZD8_002,0.8770175576210022,0.05379568785429001,-1.1977157592773438,1.2003815281957118,0
r68V8aBfZD8_003,0.9107255339622498,0.1348106861114502,25.940736770629883,1.1150186623103522,0
r68V8aBfZD8_004,0.7992947697639465,0.004889281000941992,2.1024019718170166,1.5447696425794641,0
r68V8aBfZD8_005,0.882185161113739,0.007563101593405008,13.028875350952148,2.4516700376897007,0
r68V8aBfZD8_006,0.9047497510910034,0.0077257100492715836,9.234004974365234,1.9332412698610006,0
r68V8aBfZD8_007,0.9230635762214661,0.003476923331618309,7.052487850189209,2.3083044877410575,0
r68V8aBfZD8_008,0.8841328024864197,0.005192419048398733,9.088272094726562,1.7842103953373405,0
r68V8aBfZD8_009,0.9018283486366272,0.00714007718488574,10.984626770019531,1.4182261015282303,0
r68V8aBfZD8_010,0.8254778385162354,0.006184649188071489,6.417121410369873,1.6828808379065237,0
r68V8aBfZD8_011,0.9199082255363464,0.0008887388394214213,6.057377815246582,1.259270358834389,0
r7ZgEKq-UVQ_000,0.01911679282784462,0.0009110611863434315,61.18722915649414,3.0378040656609615,0
r7ZgEKq-UVQ_001,0.8952111005783081,0.0070229824632406235,5.160523891448975,1.127916589084351,0
r7ZgEKq-UVQ_002,0.9186973571777344,0.0010037204483523965,6.1707444190979,1.4848191499863443,0
rSk0-BdtAok_000,0.0170938391238451,0.0010307133197784424,68.96373748779297,3.2367099004853332,0
rSk0-BdtAok_001,0.6014898419380188,0.002108753426000476,16.03816032409668,2.711204783444286,0
rSk0-BdtAok_002,0.026950867846608162,0.0007440714980475605,71.37520599365234,3.083417420512101,0
rWbXz8eei7Q_000,0.024039072915911674,0.000712936685886234,57.91720199584961,2.9808764459402743,0
rWbXz8eei7Q_001,0.7047261595726013,0.011839204467833042,17.243188858032227,2.2761160004115677,0
rWbXz8eei7Q_002,0.8591500520706177,0.01292357500642538,23.403596878051758,2.4756704279323674,0
rWbXz8eei7Q_003,0.9053841829299927,0.0648515596985817,14.466094970703125,2.0777217084729567,0
rWbXz8eei7Q_004,0.874722957611084,0.004741820972412825,18.139259338378906,2.839955738354486,0
rWbXz8eei7Q_005,0.8590901494026184,0.0023979225661605597,16.021934509277344,2.686573186319985,0
rWbXz8eei7Q_006,0.8710857629776001,0.009340271353721619,13.890308380126953,2.9251788849083438,0
rWbXz8eei7Q_007,0.8797857761383057,0.006864843890070915,16.146102905273438,2.842357014238439,0
rWbXz8eei7Q_008,0.9045478701591492,0.009184997528791428,13.617305755615234,2.5633645475852256,0
rWbXz8eei7Q_009,0.9266918897628784,0.0077898260205984116,12.659834861755371,2.5228109111708332,0
rWbXz8eei7Q_010,0.926379382610321,0.003428650787100196,18.107322692871094,2.8787264593388904,0
rWbXz8eei7Q_011,0.9110745787620544,0.015144760720431805,13.827738761901855,2.65493858704422,0
rWbXz8eei7Q_012,0.8850775361061096,0.009438660927116871,18.559093475341797,2.625357487944645,0
rWbXz8eei7Q_013,0.8657727241516113,0.004996458999812603,21.9768123626709,2.983999343985674,0
rWbXz8eei7Q_014,0.8881857395172119,0.004315780010074377,16.00583839416504,2.5303317839923123,0
rWbXz8eei7Q_015,0.02558177337050438,0.0012715528719127178,71.15689086914062,3.1014280989367973,0
rWbXz8eei7Q_016,0.03028896637260914,0.0004884308436885476,64.74461364746094,3.023427757008143,0
rgJOFwBIlsI_000,0.8495213389396667,0.01984957419335842,7.219200134277344,1.5484741026650137,0
rgJOFwBIlsI_001,0.8985601663589478,0.003376695793122053,8.404810905456543,1.0442531509553485,0
rgJOFwBIlsI_002,0.9005725383758545,0.006788282655179501,6.5605549812316895,1.1238084065680762,0
rgJOFwBIlsI_003,0.9265192747116089,0.002145773731172085,4.728097438812256,1.1405934506777475,0
rgJOFwBIlsI_004,0.8781843781471252,0.00164875912014395,3.4717483520507812,1.298369141620825,0
rgJOFwBIlsI_005,0.9265268445014954,0.003675478044897318,6.665658950805664,2.551695239131225,0
rgJOFwBIlsI_006,0.9182765483856201,0.0017542920541018248,5.991307735443115,1.0896400677673819,0
rgJOFwBIlsI_007,0.9285884499549866,0.01901816949248314,4.730739116668701,1.122213645611929,0
rgJOFwBIlsI_008,0.8948988318443298,0.0019304566085338593,6.70070743560791,1.4488552274646644,0
rgJOFwBIlsI_009,0.9133153557777405,0.002705221762880683,7.116428852081299,1.1647060577158013,0
rgJOFwBIlsI_010,0.9007295966148376,0.004901401232928038,7.666834354400635,1.818365586463399,0
rgJOFwBIlsI_011,0.09787881374359131,0.0007800091407261789,70.27396392822266,3.0668466004099866,0
rgJOFwBIlsI_012,0.0315091572701931,0.0006085075438022614,65.72391510009766,3.1430363454766224,0
rhugJ6AP5Yk_000,0.9194605350494385,0.0012958550360053778,11.22524642944336,2.3712912958309995,0
rhugJ6AP5Yk_001,0.8829057812690735,0.004773242399096489,4.986887454986572,1.1491722241105393,0
rhugJ6AP5Yk_002,0.8438007235527039,0.010289019905030727,12.741620063781738,1.3730906925281554,0
rhugJ6AP5Yk_003,0.738647997379303,0.0030235485173761845,12.270524978637695,2.5158513275686487,0
rhugJ6AP5Yk_004,0.7590206861495972,0.017754560336470604,24.25045394897461,2.568600903734739,0
rhugJ6AP5Yk_005,0.6609284281730652,0.006869012489914894,8.895061492919922,1.7643215356194004,0
rhugJ6AP5Yk_006,0.759730875492096,0.001847048755735159,10.35500431060791,1.0988589784120053,0
rhugJ6AP5Yk_007,0.0311245359480381,0.0011159281712025404,69.34297180175781,3.1983815915697296,0
rhugJ6AP5Yk_008,0.02872222661972046,0.0006166317616589367,61.161746978759766,3.037599955112327,0
rqqxzCLau5g_000,0.8245884776115417,0.0012297701323404908,16.987060546875,2.358696497945425,0
rqqxzCLau5g_001,0.9133278727531433,0.08036624640226364,1.5739556550979614,1.1218641468693666,0
rqqxzCLau5g_002,0.9245311617851257,0.002133105881512165,8.819900512695312,1.6907981618521537,0
rqqxzCLau5g_003,0.9364532828330994,0.0058472855016589165,9.641135215759277,2.30571806579978,0
rqqxzCLau5g_004,0.9165311455726624,0.0056254141964018345,8.614986419677734,1.6739441341925771,0
rqqxzCLau5g_005,0.9323920011520386,0.001306325662881136,7.706633567810059,1.88852670059792,0
rqqxzCLau5g_006,0.9010925889015198,0.000623636762611568,6.1461381912231445,1.1739042207435737,0
rqqxzCLau5g_007,0.8654917478561401,0.031130090355873108,10.169351577758789,2.0798158215792824,0
rqqxzCLau5g_008,0.8861919641494751,0.01183168776333332,14.03633975982666,2.1997540946201184,0
rqqxzCLau5g_009,0.8537795543670654,0.005630329251289368,14.097850799560547,2.2893266270139065,0
rqqxzCLau5g_010,0.21429136395454407,0.0012108410010114312,66.62434387207031,3.039596417343135,0
rqqxzCLau5g_011,0.03154481202363968,0.0005689450772479177,63.028804779052734,3.1335932253497556,0
s1Hxy1SKwNg_000,0.7850264310836792,0.0034282663837075233,19.785675048828125,2.5558650497633617,0
s1Hxy1SKwNg_001,0.8663456439971924,0.009881735779345036,11.530977249145508,2.407377899001335,0
s1Hxy1SKwNg_002,0.8438369631767273,0.007269911468029022,14.241788864135742,2.6097360351836056,0
s1Hxy1SKwNg_003,0.887361466884613,0.005278238095343113,12.38351058959961,2.5679133820364264,0
s1Hxy1SKwNg_004,0.9084864854812622,0.005287795793265104,13.51254940032959,2.531521198367962,0
s1Hxy1SKwNg_005,0.870246946811676,0.011409289203584194,13.820219039916992,2.698306633376862,0
s1Hxy1SKwNg_006,0.9130153656005859,0.02763017639517784,13.5997314453125,2.3973870602626968,0
s1Hxy1SKwNg_007,0.8741424083709717,0.020140839740633965,14.612414360046387,2.8219065387415103,0
s1Hxy1SKwNg_008,0.8222858309745789,0.007663941942155361,6.241591930389404,1.9760075308954337,0
s1Hxy1SKwNg_009,0.920049250125885,0.0010777576826512814,5.840866565704346,1.2957984245820344,0
s4lX4_WNRic_000,0.860918402671814,0.0018322006799280643,4.459860324859619,1.117301678834189,0
s4lX4_WNRic_001,0.8675938844680786,0.003781293286010623,6.649886131286621,1.3614454574614256,0
s4lX4_WNRic_002,0.8620838522911072,0.0016929872799664736,10.560417175292969,1.099165587009053,0
s4lX4_WNRic_003,0.13217797875404358,0.0029447132255882025,34.766075134277344,2.7001561257954405,0
s4lX4_WNRic_004,0.05204996466636658,0.0006478571449406445,11.004719734191895,2.134932594259291,0
s4lX4_WNRic_005,0.8690335750579834,0.0038537522777915,7.624183654785156,1.1370757868593704,0
s4lX4_WNRic_006,0.9144009947776794,0.0011146574979647994,6.268836498260498,1.06187126240605,0
sOQ01mpqfs0_000,0.8886961340904236,0.007413210812956095,2.445996046066284,1.5517098301126342,0
sOQ01mpqfs0_001,0.8249789476394653,0.0046449447982013226,5.254623889923096,1.541819115620127,0
sOQ01mpqfs0_002,0.7921203374862671,0.0046465652994811535,0.8506577610969543,1.1714455646899726,0
sOQ01mpqfs0_003,0.7977043390274048,0.009112345054745674,2.2282283306121826,1.5561479654434127,0
sOQ01mpqfs0_004,0.8741515874862671,0.00692082941532135,5.51153564453125,1.1873195202415012,0
sOQ01mpqfs0_005,0.9194899797439575,0.0009916664566844702,6.640231609344482,1.1470980208733763,0
swwK7bQDriw_000,0.613508939743042,0.0033410105388611555,2.2006826400756836,1.09961718736985,0
swwK7bQDriw_001,0.0699077770113945,0.001907098339870572,-1.7716279029846191,1.0995716556972097,0
swwK7bQDriw_002,0.06656548380851746,0.00216856156475842,6.827799320220947,1.1542464261090837,0
swwK7bQDriw_003,0.03997483104467392,0.0016669289907440543,3.4529800415039062,1.3471694065494326,0
swwK7bQDriw_004,0.01730106770992279,0.0034998529590666294,25.221508026123047,2.5787839744579877,0
swwK7bQDriw_005,0.673652172088623,0.013792360201478004,8.935935974121094,1.840238324357878,0
swwK7bQDriw_006,0.8681883811950684,0.006715930067002773,11.987360954284668,2.3078367988247,0
swwK7bQDriw_007,0.8913174867630005,0.028744250535964966,8.709982872009277,2.44697275256694,0
swwK7bQDriw_008,0.8584017753601074,0.007938087917864323,6.132531642913818,1.1370268530942356,0
swwK7bQDriw_009,0.9181371927261353,0.0011490372708067298,6.554074287414551,1.2283751879389182,0
t4BuTm6iF-I_000,0.023577669635415077,0.003297085640951991,69.34361267089844,3.172872639240365,0
t4BuTm6iF-I_001,0.03108265995979309,0.0014781681820750237,71.69117736816406,3.361968475557467,0
t4BuTm6iF-I_002,0.03692548722028732,0.001957813510671258,65.36766052246094,3.1919790210340957,0
t4BuTm6iF-I_003,0.028620731085538864,0.000568428251426667,43.28510665893555,3.415782116818815,0
t4BuTm6iF-I_004,0.030670329928398132,0.0006292951293289661,64.88561248779297,2.962156540382717,0
t6scQL95LAM_000,0.7186627388000488,0.0017773023573681712,11.788925170898438,2.178702205622397,0
t6scQL95LAM_001,0.8599070310592651,0.0068471780978143215,6.831941604614258,1.2538679781836564,0
t6scQL95LAM_002,0.9202783703804016,0.007077476941049099,6.786196231842041,1.5477378102728638,0
t6scQL95LAM_003,0.8964915871620178,0.009151716716587543,9.359493255615234,2.2194322975647234,0
t6scQL95LAM_004,0.8468771576881409,0.055058300495147705,-0.5119231343269348,1.0880340523401644,0
t6scQL95LAM_005,0.8015264272689819,0.11883257329463959,1.3208924531936646,1.106930303402793,0
t6scQL95LAM_006,0.8113701939582825,0.09765779972076416,0.49645116925239563,1.197257391915527,0
t6scQL95LAM_007,0.761110246181488,0.011462165974080563,6.488307476043701,2.0488819321058998,0
t6scQL95LAM_008,0.9204264283180237,0.0010288413614034653,6.377684116363525,1.7008041744343207,0
tKdmT0JtFhY_000,0.7902141213417053,0.01584581471979618,16.65400505065918,2.2275807341843445,0
tKdmT0JtFhY_001,0.766838550567627,0.005952307488769293,14.202028274536133,2.2588164095370153,0
tKdmT0JtFhY_002,0.748482882976532,0.001453131902962923,16.769210815429688,2.361561524883846,0
tKdmT0JtFhY_003,0.8113389015197754,0.0012628452386707067,8.713001251220703,2.4896699018696538,0
tMvCw-t6-Uc_000,0.8832464814186096,0.0026351981796324253,11.059636116027832,2.0896469490832597,0
tMvCw-t6-Uc_001,0.8738371133804321,0.030193405225872993,16.207239151000977,1.621581793118338,1
tMvCw-t6-Uc_002,0.09531648457050323,0.16600915789604187,50.576786041259766,3.008359990586023,0
tMvCw-t6-Uc_003,0.9172334671020508,0.06369084864854813,6.294278621673584,1.9723974845939334,0
tMvCw-t6-Uc_004,0.8770615458488464,0.24077697098255157,14.636353492736816,1.119432411774718,1
tMvCw-t6-Uc_005,0.8689960241317749,0.2730673551559448,-1.6245391368865967,1.0959826976777967,0
tMvCw-t6-Uc_006,0.9158660769462585,0.007321998476982117,5.8637847900390625,2.0933411774598474,0
tMvCw-t6-Uc_007,0.04326989874243736,0.002809567842632532,19.19810676574707,1.9187511157451431,0
tMvCw-t6-Uc_008,0.014740887098014355,0.0005856554489582777,33.98031234741211,2.104802409258173,0
tMvCw-t6-Uc_009,0.9405871629714966,0.014437087811529636,5.961820125579834,1.7527482416324014,0
tMvCw-t6-Uc_010,0.045405928045511246,0.0013651092303916812,31.303062438964844,2.585728122018985,0
tMvCw-t6-Uc_011,0.038220811635255814,0.0009210105054080486,40.06462478637695,2.6680511262012283,0
tMvCw-t6-Uc_012,0.03612395003437996,0.00090317043941468,36.19316101074219,2.933012482736795,0
tMvCw-t6-Uc_013,0.03698165342211723,0.0012319021625444293,36.661678314208984,2.922273347411508,0
tMvCw-t6-Uc_014,0.020198209211230278,0.0005607882631011307,47.18904495239258,2.7954879818236886,0
tMvCw-t6-Uc_015,0.868297278881073,0.013753493316471577,16.550825119018555,2.2539400932410043,0
tMvCw-t6-Uc_016,0.0382632352411747,0.0017919163219630718,73.06658935546875,2.9400361533530486,0
tMvCw-t6-Uc_017,0.025973552837967873,0.00051351502770558,65.65054321289062,3.109144733901789,0
t_Yba4h9w4c_000,0.8671323657035828,0.011334489099681377,14.340041160583496,2.2016625463470856,0
t_Yba4h9w4c_001,0.8809674382209778,0.003977801185101271,8.912887573242188,2.219739924004482,0
t_Yba4h9w4c_002,0.8604440093040466,0.01178298331797123,13.785852432250977,2.1381432815994503,0
t_Yba4h9w4c_003,0.887198269367218,0.004518161993473768,9.141600608825684,2.357644278423633,0
t_Yba4h9w4c_004,0.8710623979568481,0.00259021925739944,16.920637130737305,2.6773132879101795,0
t_Yba4h9w4c_005,0.8059585094451904,0.008574756793677807,16.300264358520508,2.219319547760114,0
t_Yba4h9w4c_006,0.9119527339935303,0.00105538300704211,6.224030017852783,1.348148726459744,0
tcPb6iRCaJA_000,0.809561014175415,0.006189924199134111,22.230152130126953,2.4872939314772298,0
tcPb6iRCaJA_001,0.04254059121012688,0.001937112188898027,40.336265563964844,2.6624653169753456,0
tcPb6iRCaJA_002,0.18574665486812592,0.00032278342405334115,14.771020889282227,2.3406596198216847,0
tcPb6iRCaJA_003,0.0223286934196949,0.0008435693453066051,10.540398597717285,2.578486572455626,0
tcPb6iRCaJA_004,0.04455981403589249,0.0009752514306455851,10.065869331359863,2.431534360826848,0
tcPb6iRCaJA_005,0.821567952632904,0.007123688235878944,8.192648887634277,2.4998331452703297,0
tcPb6iRCaJA_006,0.8149512410163879,0.008281394839286804,7.357572078704834,1.6524400634598129,0
tcPb6iRCaJA_007,0.9160436391830444,0.0011253415141254663,5.5181708335876465,1.4870046945707855,0
tghzGEXcWME_000,0.04006903991103172,0.002211904153227806,66.46739959716797,3.2792837941732733,0
tghzGEXcWME_001,0.030513083562254906,0.0016173134790733457,57.49459457397461,2.7879391112732774,0
tghzGEXcWME_002,0.029507087543606758,0.0020002867095172405,59.90476608276367,3.0970706834572126,0
tghzGEXcWME_003,0.04814064875245094,0.002078699180856347,49.71439743041992,3.2837750956409884,0
tghzGEXcWME_004,0.8689104914665222,0.003965406678617001,11.253302574157715,2.508636350232161,0
tghzGEXcWME_005,0.8831129670143127,0.012064936570823193,10.290714263916016,1.554176290179224,0
tghzGEXcWME_006,0.8377339839935303,0.0014397515915334225,11.815861701965332,1.7480590871534674,0
tghzGEXcWME_007,0.8588342666625977,0.008692619390785694,10.15002727508545,1.8274200698145535,0
tghzGEXcWME_008,0.850127637386322,0.0015778165543451905,12.658919334411621,2.1395815770526454,0
tghzGEXcWME_009,0.8161136507987976,0.004088514484465122,11.891999244689941,1.1386200734914793,0
tghzGEXcWME_010,0.7688727974891663,0.003024704521521926,10.067777633666992,1.2942140067669983,0
tghzGEXcWME_011,0.8279750943183899,0.0298150647431612,4.7761688232421875,1.2054157830884231,0
tghzGEXcWME_012,0.024466032162308693,0.0007048656116239727,71.2879867553711,3.1440644580764383,0
tghzGEXcWME_013,0.033902741968631744,0.0006181546486914158,59.085960388183594,3.145504068749346,0
tiAZXns5K2o_000,0.8134497404098511,0.0019022467313334346,18.3638916015625,2.3128162207024303,0
tiAZXns5K2o_001,0.5628643035888672,0.0017492539482191205,38.23159408569336,2.4218936360572316,0
tiAZXns5K2o_002,0.8280321359634399,0.00180989655200392,21.74372673034668,2.230302178851432,0
tiAZXns5K2o_003,0.9038880467414856,0.0815480425953865,-2.0240142345428467,1.0962479185073781,0
tiAZXns5K2o_004,0.8550949692726135,0.003906854894012213,19.165559768676758,2.321796974944731,0
tiAZXns5K2o_005,0.7841736078262329,0.00023892160970717669,19.280757904052734,2.4743135846483755,0
tiAZXns5K2o_006,0.8561126589775085,0.16548210382461548,-6.411286354064941,1.0824696873747084,0
tiAZXns5K2o_007,0.826022744178772,0.00683265645056963,15.898683547973633,2.241281586043632,0
tiAZXns5K2o_008,0.9237509369850159,0.0011681063333526254,5.743415355682373,1.5064510674643812,0
tpE-yiRudx4_000,0.8376681208610535,0.0019869229290634394,11.383431434631348,2.069825447089014,0
tpE-yiRudx4_001,0.8723505735397339,0.0026030379813164473,13.9353609085083,2.0444862915861313,0
tpE-yiRudx4_002,0.8894620537757874,0.0011944671859964728,6.83148717880249,1.1194869290855962,0
tpE-yiRudx4_003,0.8904376029968262,0.0020251444075256586,9.935215950012207,2.287388100996212,0
tpE-yiRudx4_004,0.8635033965110779,0.007263960782438517,8.172317504882812,1.6799022367062388,0
tpE-yiRudx4_005,0.9125484228134155,0.011162041686475277,6.929422378540039,1.0907879062117358,0
tpE-yiRudx4_006,0.879957914352417,0.004014439880847931,7.285623073577881,1.1269925245979788,0
tpE-yiRudx4_007,0.94221031665802,0.0014029317535459995,6.22494649887085,1.1216945810886971,0
tpE-yiRudx4_008,0.9108470678329468,0.0030450571794062853,6.537686347961426,1.7376514364016915,0
tpE-yiRudx4_009,0.9293804168701172,0.007826719433069229,7.3972601890563965,1.4998519962095611,0
tpE-yiRudx4_010,0.9021406173706055,0.0015360942343249917,9.495551109313965,2.0896569117116144,0
tpE-yiRudx4_011,0.6907649636268616,0.005063564050942659,53.454254150390625,3.044248924745634,0
tpE-yiRudx4_012,0.030610324814915657,0.0005272821290418506,60.78083038330078,3.1282315136244017,0
txj-nvyhNeQ_000,0.8668256998062134,0.002159853233024478,7.675765514373779,1.4324054989118977,0
txj-nvyhNeQ_001,0.9093543887138367,0.0019981851801276207,6.161059379577637,1.1246840048191469,0
txj-nvyhNeQ_002,0.9113042950630188,0.010939241386950016,3.088520050048828,1.1148912388292131,0
txj-nvyhNeQ_003,0.9289884567260742,0.0072539267130196095,3.167145013809204,1.2116761430870313,0
txj-nvyhNeQ_004,0.9187676906585693,0.0088393809273839,4.7736711502075195,1.1090276145758744,0
txj-nvyhNeQ_005,0.8779944181442261,0.007905025035142899,8.570077896118164,1.0974138004538403,0
txj-nvyhNeQ_006,0.028158538043498993,0.0009418331901542842,70.86404418945312,3.06166941366799,0
txj-nvyhNeQ_007,0.0329267717897892,0.0005834386101923883,63.05931854248047,2.976786352726331,0
uMm5I9C7MDQ_000,0.027863092720508575,0.0006924711051397026,56.6124382019043,3.0624861709633637,0
uMm5I9C7MDQ_001,0.026744993403553963,0.006962321698665619,7.686241149902344,1.2436329647533944,0
uMm5I9C7MDQ_002,0.8117843866348267,0.001374951098114252,12.14928150177002,2.186523714426543,0
uMm5I9C7MDQ_003,0.9136747717857361,0.007139371242374182,10.45423698425293,2.384479204060059,0
uMm5I9C7MDQ_004,0.06840889900922775,0.012580369599163532,13.963447570800781,1.8591975879750404,0
uMm5I9C7MDQ_005,0.03805549070239067,0.0022727856412529945,11.372753143310547,1.7961238502948835,1
uMm5I9C7MDQ_006,0.026708154007792473,0.0031219457741826773,22.31269073486328,1.9793070648339182,0
uMm5I9C7MDQ_007,0.01913151517510414,0.0016815635608509183,21.877565383911133,2.6540158419107,0
uMm5I9C7MDQ_008,0.025986963883042336,0.0020895744673907757,23.689973831176758,2.392277209377905,0
uMm5I9C7MDQ_009,0.024402590468525887,0.0012955155689269304,21.722728729248047,2.368558792577133,0
uMm5I9C7MDQ_010,0.8184257745742798,0.07314205914735794,29.32441520690918,2.4552041127912805,0
uMm5I9C7MDQ_011,0.36705127358436584,0.011781273409724236,17.743621826171875,2.105426007279699,0
uMm5I9C7MDQ_012,0.1914883404970169,0.022626599296927452,5.507017135620117,1.128994455730289,0
uMm5I9C7MDQ_013,0.1855010986328125,0.019520945847034454,5.690227508544922,1.235093421492744,0
uMm5I9C7MDQ_014,0.8632345795631409,0.022046755999326706,19.68473243713379,2.148647582959436,0
uMm5I9C7MDQ_015,0.9118794798851013,0.0010575091000646353,6.612361431121826,1.351382980128222,0
uQ-mD4O0Lpw_000,0.8251354694366455,0.014075730927288532,15.345039367675781,2.214706666247585,0
uQ-mD4O0Lpw_001,0.6137266159057617,0.002241802169010043,11.747701644897461,1.2410487545252185,0
uQ-mD4O0Lpw_002,0.874026894569397,0.00849914737045765,11.652305603027344,1.8238092601900453,0
uQ-mD4O0Lpw_003,0.8254615068435669,0.014333256520330906,14.903188705444336,2.2902219867725413,0
uQ-mD4O0Lpw_004,0.871772289276123,0.00733846565708518,6.30392599105835,1.1039437479070031,0
uQ-mD4O0Lpw_005,0.9139797687530518,0.0008028123411349952,6.338025093078613,1.1591136282119143,0
uQUaBEoMIHg_000,0.849223256111145,0.005292633082717657,15.981181144714355,2.3421475995680052,0
uQUaBEoMIHg_001,0.8815577030181885,0.01111424807459116,17.3094425201416,2.3769434760331642,0
uQUaBEoMIHg_002,0.9015785455703735,0.003962873946875334,11.60345458984375,2.017930389473013,0
uQUaBEoMIHg_003,0.9150025248527527,0.009032994508743286,11.655837059020996,1.529245911022838,0
uQUaBEoMIHg_004,0.023819778114557266,0.0007304226164706051,71.38345336914062,3.0774756929382905,0
uQUaBEoMIHg_005,0.03168044611811638,0.0005341289797797799,61.49594497680664,3.115946311507207,0
uYN_9pBHKG0_000,0.7153604626655579,0.0005065999575890601,46.09339141845703,2.4142385666942685,0
uYN_9pBHKG0_001,0.015217998996376991,0.000628198788035661,73.65939331054688,3.060106636281487,0
uYN_9pBHKG0_002,0.8372238874435425,0.006558526773005724,10.481087684631348,1.9318354507726867,0
uYN_9pBHKG0_003,0.8794073462486267,0.0072471583262085915,8.559223175048828,1.8624829516134458,0
uYN_9pBHKG0_004,0.9126848578453064,0.021302981302142143,6.6138386726379395,1.4191076409448098,0
uYN_9pBHKG0_005,0.8469265103340149,0.03325521945953369,11.125581741333008,1.891134589660524,0
uYN_9pBHKG0_006,0.6284995079040527,0.009569788351655006,-2.770561933517456,1.0849627682456229,0
uYN_9pBHKG0_007,0.43944916129112244,0.000806292227935046,6.4500532150268555,1.082883937054141,0
uYN_9pBHKG0_008,0.5580688714981079,0.010750608518719673,27.933866500854492,1.3421520773053068,0
uYN_9pBHKG0_009,0.6152688264846802,0.01055727619677782,-4.094651699066162,1.0910146485581875,0
uYN_9pBHKG0_010,0.4870258867740631,0.006594493053853512,57.258514404296875,3.0472028420423376,0
uYN_9pBHKG0_011,0.032097700983285904,0.0016375420382246375,43.411827087402344,2.72953363956902,0
uYN_9pBHKG0_012,0.8679673671722412,0.008174499496817589,6.18913459777832,1.2304247340301209,0
uYN_9pBHKG0_013,0.9176924228668213,0.0010814855340868235,5.893726348876953,1.2219012955945046,0
ue8-iO-aX5I_000,0.03612150996923447,0.0014150140341371298,67.15560913085938,3.220173931331245,0
ue8-iO-aX5I_001,0.023730989545583725,0.00047152527258731425,63.511131286621094,3.0900895881138424,0
ue8-iO-aX5I_002,0.8633170127868652,0.009156236425042152,14.226917266845703,2.745046545697155,0
ue8-iO-aX5I_003,0.865871012210846,0.00598443578928709,14.735258102416992,2.3932495148311737,0
ue8-iO-aX5I_004,0.8848376870155334,0.016778307035565376,14.596412658691406,2.1578842601086117,0
ue8-iO-aX5I_005,0.840813159942627,0.009183861315250397,31.935436248779297,2.5369049962158234,0
ue8-iO-aX5I_006,0.028704525902867317,0.0005314233130775392,64.1789779663086,3.0635278593776083,0
un9ybvOfMdM_000,0.8357303142547607,0.007583002559840679,12.813559532165527,2.5756631488039368,0
un9ybvOfMdM_001,0.8630544543266296,0.0044541251845657825,8.837028503417969,1.9411121298292762,0
un9ybvOfMdM_002,0.9034454226493835,0.0006620087078772485,7.379680156707764,2.3754500813410755,0
upCziR9Dj5Y_000,0.016624892130494118,0.0006223556702025235,54.567230224609375,3.322156373827333,0
upCziR9Dj5Y_001,0.8131775856018066,0.07169973105192184,11.47898006439209,2.5539304742399063,0
upCziR9Dj5Y_002,0.8937747478485107,0.007103292737156153,10.806602478027344,2.8602876699638986,0
upCziR9Dj5Y_003,0.9192813634872437,0.006393492687493563,9.785557746887207,1.0903639264769382,0
upCziR9Dj5Y_004,0.8806658387184143,0.004704081919044256,15.837358474731445,2.7473728038716843,0
upCziR9Dj5Y_005,0.8795293569564819,0.008666693232953548,7.897855758666992,1.0044228041051675,0
upCziR9Dj5Y_006,0.8903118968009949,0.009300878271460533,9.403367042541504,2.6965136566511902,0
upCziR9Dj5Y_007,0.8428557515144348,0.02272850088775158,15.255663871765137,2.583617413962669,0
upCziR9Dj5Y_008,0.8698357343673706,0.014327559620141983,11.528868675231934,2.7747785211041704,0
upCziR9Dj5Y_009,0.9049223065376282,0.0220075324177742,10.473342895507812,2.525885842419679,0
upCziR9Dj5Y_010,0.8288437128067017,0.004940389655530453,15.531868934631348,3.0288303917735107,0
upCziR9Dj5Y_011,0.8950620889663696,0.021731723099946976,11.25688362121582,2.5898751429053264,0
upCziR9Dj5Y_012,0.25962430238723755,0.0009308347362093627,68.82254028320312,2.9657768216760285,0
upCziR9Dj5Y_013,0.029922541230916977,0.0005796318873763084,66.5671157836914,3.0733982918785188,0
v0NnwIvVtjI_000,0.9012078046798706,0.03141062706708908,6.788331031799316,1.627702835644919,0
v0NnwIvVtjI_001,0.8407952189445496,0.025880325585603714,5.820976734161377,1.7221636495398336,0
v0NnwIvVtjI_002,0.8700613975524902,0.005083961877971888,2.398689031600952,1.1268023449809499,0
v5Wx3MKlBuM_000,0.7682324051856995,0.002562473062425852,13.962980270385742,2.37165276950954,0
v5Wx3MKlBuM_001,0.9141366481781006,0.004880327265709639,6.097857475280762,1.0997413036062669,0
v5Wx3MKlBuM_002,0.8963368535041809,0.00233836960978806,8.449718475341797,1.423847154496116,0
v5Wx3MKlBuM_003,0.853964626789093,0.0005968451150692999,15.437906265258789,2.367516434331524,0
v5Wx3MKlBuM_004,0.8580272197723389,0.005192630924284458,12.437215805053711,1.0594897016634726,0
v5Wx3MKlBuM_005,0.9237216114997864,0.013330666348338127,7.846685409545898,1.3623040700619076,0
v5Wx3MKlBuM_006,0.8433083891868591,0.00380386202596128,15.16199779510498,2.444460801678946,0
v5Wx3MKlBuM_007,0.03363403305411339,0.00040433614049106836,56.99623489379883,3.173395994736216,0
v5Wx3MKlBuM_008,0.024673277512192726,0.000741626019589603,41.9056282043457,3.007652642202368,0
v5Wx3MKlBuM_009,0.0398169681429863,0.0010856934823095798,18.07874870300293,2.9234077079793117,0
v5Wx3MKlBuM_010,0.7674357891082764,0.0073494333773851395,26.189586639404297,2.5810881536600685,0
v5Wx3MKlBuM_011,0.8529439568519592,0.0010989351430907845,12.096673965454102,2.320660994609298,0
v5Wx3MKlBuM_012,0.8351759910583496,0.007355961948633194,6.447259902954102,1.7769597655424316,0
v5Wx3MKlBuM_013,0.9132805466651917,0.0011836201883852482,6.2600998878479,1.1280010823494264,0
v78MkgYvOrQ_000,0.7837738990783691,0.011766270734369755,9.29344367980957,2.26493842542737,0
v78MkgYvOrQ_001,0.7101566791534424,0.007658620364964008,8.978976249694824,2.2876973682741872,0
v78MkgYvOrQ_002,0.7768722176551819,0.011727401055395603,8.518250465393066,1.7558936958360367,0
v78MkgYvOrQ_003,0.7224831581115723,0.006657613441348076,8.079418182373047,2.1885112685540697,0
v78MkgYvOrQ_004,0.6848623752593994,0.007730646524578333,8.754900932312012,2.238501508195,0
v78MkgYvOrQ_005,0.8307330012321472,0.004870975390076637,8.26622486114502,2.2255402123039065,0
v78MkgYvOrQ_006,0.7662416696548462,0.009030976332724094,5.683854579925537,2.0830099540435234,0
v78MkgYvOrQ_007,0.6267483234405518,0.007400600239634514,7.1158013343811035,2.0766457483759875,0
v78MkgYvOrQ_008,0.6615261435508728,0.003502537962049246,5.906427383422852,1.6665698806771818,0
v78MkgYvOrQ_009,0.7779903411865234,0.011769992299377918,6.658221244812012,1.7418224830912759,0
v78MkgYvOrQ_010,0.7669563293457031,0.004364851396530867,4.666501998901367,1.6429930408614337,0
v78MkgYvOrQ_011,0.7430316209793091,0.010902266018092632,6.318060874938965,2.022633671101509,0
v78MkgYvOrQ_012,0.6164121031761169,0.012415854260325432,5.53541898727417,1.9465925440634526,0
v78MkgYvOrQ_013,0.7225704789161682,0.005591170862317085,5.607440948486328,2.2094693689979192,0
v78MkgYvOrQ_014,0.7406399250030518,0.00973433442413807,6.78227424621582,2.0020966536101747,0
v78MkgYvOrQ_015,0.6309384703636169,0.008726237341761589,5.612107753753662,1.8892386636866523,0
v78MkgYvOrQ_016,0.6703447699546814,0.008891724981367588,5.98396110534668,1.9161985673086843,0
v78MkgYvOrQ_017,0.8268014788627625,0.004943543579429388,4.307487964630127,2.0309952369750315,0
v78MkgYvOrQ_018,0.4677702486515045,0.1524384319782257,25.65544319152832,1.955492066287047,0
v78MkgYvOrQ_019,0.30252906680107117,0.23338007926940918,20.34248924255371,1.289531854962648,0
vFrMK-oxuV4_000,0.8750595450401306,0.007128485478460789,13.707526206970215,1.9401525305581022,0
vFrMK-oxuV4_001,0.9333454370498657,0.003143822308629751,6.83812952041626,1.163848771028978,0
vFrMK-oxuV4_002,0.9044747352600098,0.006791890598833561,8.130803108215332,1.2511582661188985,0
vFrMK-oxuV4_003,0.8781219720840454,0.018920691683888435,7.645151138305664,1.6854456165613187,0
vFrMK-oxuV4_004,0.7402758002281189,0.011696173809468746,14.084266662597656,2.366080188896209,0
vFrMK-oxuV4_005,0.9150668382644653,0.001040158444084227,5.886756896972656,1.147231819115584,0
vJimNzAr-lo_000,0.8599507212638855,0.0082263657823205,18.226396560668945,2.534410846815998,0
vJimNzAr-lo_001,0.8797864317893982,0.003977544605731964,11.85733699798584,2.54376277802341,0
vJimNzAr-lo_002,0.8807079195976257,0.018689872696995735,13.309948921203613,2.2958131715385424,0
vJimNzAr-lo_003,0.8737064599990845,0.001989608397707343,14.699593544006348,2.5077274476804647,0
vJimNzAr-lo_004,0.8908829092979431,0.00172587635461241,13.855694770812988,2.3542331051485577,0
vJimNzAr-lo_005,0.9107905030250549,0.00801545474678278,12.336067199707031,1.8910680825946895,0
vJimNzAr-lo_006,0.9206474423408508,0.015342943370342255,11.933012008666992,1.3208420931407636,0
vJimNzAr-lo_007,0.8622862696647644,0.020338010042905807,12.392887115478516,2.3901582050049353,0
vJimNzAr-lo_008,0.8794516921043396,0.00859762541949749,13.617155075073242,2.3674120344952336,0
vJimNzAr-lo_009,0.9016483426094055,0.01818656362593174,9.842068672180176,2.4517091101160533,0
vJimNzAr-lo_010,0.9143938422203064,0.003154997481033206,1.996307611465454,1.1474558798959171,0
vhvzzWnTK_Y_000,0.726730227470398,0.0031742563005536795,24.89855194091797,2.534428030027186,0
vhvzzWnTK_Y_001,0.030797911807894707,0.000762441020924598,58.99919128417969,3.2159628276141503,0
vhvzzWnTK_Y_002,0.03029884770512581,0.0017450583400204778,68.44471740722656,2.417224078663606,0
vhvzzWnTK_Y_003,0.2616867423057556,0.014713045209646225,6.729125499725342,1.7290325946023875,0
vhvzzWnTK_Y_004,0.04398271441459656,0.00150231271982193,48.9609489440918,2.971538415275509,0
vhvzzWnTK_Y_005,0.047633495181798935,0.004383878782391548,52.91902542114258,3.0298459517712453,0
vhvzzWnTK_Y_006,0.9053446054458618,0.17138886451721191,-4.390443325042725,1.0987379903626255,0
vhvzzWnTK_Y_007,0.72818922996521,0.004448964726179838,15.484394073486328,1.64261884367293,0
vhvzzWnTK_Y_008,0.835389256477356,0.004313926212489605,16.62596893310547,2.407902563947621,0
vhvzzWnTK_Y_009,0.8679129481315613,0.008193522691726685,6.260477066040039,1.1292876114448307,0
vhvzzWnTK_Y_010,0.9151257276535034,0.0010978359496220946,6.613955497741699,1.2309612980673192,0
vwzpuyvZSdI_000,0.057712800800800323,0.004750197287648916,60.59805679321289,3.217356267213854,0
vwzpuyvZSdI_001,0.9217788577079773,0.003660955699160695,21.19192123413086,2.7056924065028523,0
vwzpuyvZSdI_002,0.7975640296936035,0.013551244512200356,19.341815948486328,2.780827350253124,0
vwzpuyvZSdI_003,0.9153661727905273,0.006025680340826511,19.768352508544922,2.5860579989581662,0
vwzpuyvZSdI_004,0.9142042994499207,0.0028206605929881334,21.34937286376953,2.855354650403468,0
vwzpuyvZSdI_005,0.6851382255554199,0.006444599945098162,29.856746673583984,2.705037196492803,0
vwzpuyvZSdI_006,0.906152606010437,0.006991333793848753,19.579936981201172,2.8415561346310905,0
vwzpuyvZSdI_007,0.8283449411392212,0.019867729395627975,15.75335693359375,2.3973049967611737,0
vwzpuyvZSdI_008,0.6572904586791992,0.0025304961018264294,12.3808012008667,2.9044585809853074,0
vwzpuyvZSdI_009,0.8645045757293701,0.009037605486810207,17.24873924255371,2.809077633117061,0
vwzpuyvZSdI_010,0.7756336331367493,0.0019381607417017221,13.022523880004883,1.5932435651870402,0
vwzpuyvZSdI_011,0.8933984637260437,0.0024714721366763115,14.099930763244629,2.709760838418212,0
vwzpuyvZSdI_012,0.8755373954772949,0.012231633067131042,16.684459686279297,2.731645667329934,0
vwzpuyvZSdI_013,0.8329645991325378,0.009446278214454651,23.198659896850586,2.5640396930426803,0
vwzpuyvZSdI_014,0.8448820114135742,0.0049817804247140884,12.031257629394531,2.4944541725618445,0
vwzpuyvZSdI_015,0.8516035079956055,0.007007437292486429,17.27987289428711,2.6739781197950347,0
vwzpuyvZSdI_016,0.9325738549232483,0.006629050709307194,13.351594924926758,2.3229759607795835,0
vwzpuyvZSdI_017,0.8548828363418579,0.005833461415022612,19.509933471679688,2.716921313721411,0
vwzpuyvZSdI_018,0.8999577760696411,0.004959258250892162,19.318944931030273,2.7995392465191093,0
vwzpuyvZSdI_019,0.8517006039619446,0.0036090980283915997,21.49395179748535,2.7076488854139247,0
vwzpuyvZSdI_020,0.9224140048027039,0.012146552093327045,19.568321228027344,2.7185676962375243,0
vwzpuyvZSdI_021,0.9188896417617798,0.010319052264094353,17.492942810058594,2.4467265524452997,0
vwzpuyvZSdI_022,0.8574082851409912,0.006170322187244892,18.83595085144043,2.8431914232382294,0
vwzpuyvZSdI_023,0.8222664594650269,0.003944274969398975,18.88071632385254,2.742808671126543,0
vwzpuyvZSdI_024,0.02522629126906395,0.0006815152592025697,71.15098571777344,3.060737742169004,0
vwzpuyvZSdI_025,0.03147078678011894,0.0005954995867796242,66.41900634765625,3.183156866648934,0
w4hCyh2PlaI_000,0.8200041651725769,0.020129766315221786,45.80899429321289,3.2995513226887825,0
w4hCyh2PlaI_001,0.9160215854644775,0.0009984704665839672,5.972634792327881,1.8523104534108155,0
wEaQoL1empQ_000,0.689647912979126,0.05215894430875778,12.952031135559082,1.6566732127985135,0
wEaQoL1empQ_001,0.1312801092863083,0.38370481133461,38.146034240722656,2.497257497564647,0
wEaQoL1empQ_002,0.2280150055885315,0.37984517216682434,17.25322914123535,2.6035485834958463,0
wEaQoL1empQ_003,0.41498860716819763,0.4789365530014038,42.15432357788086,2.1222816293334965,0
wEaQoL1empQ_004,0.23525141179561615,0.46643730998039246,18.853567123413086,2.6313070692465157,0
wEaQoL1empQ_005,0.857075035572052,0.01008631568402052,6.031968593597412,1.0786269841872502,0
wEaQoL1empQ_006,0.9212848544120789,0.0011067051673308015,5.956368923187256,1.2340166752168102,0
wIdnUCjEssQ_000,0.8744851350784302,0.017075566574931145,10.126837730407715,1.5954600169150868,0
wIdnUCjEssQ_001,0.8094983696937561,0.004115409683436155,10.553546905517578,1.8421934294575826,0
wIdnUCjEssQ_002,0.7726819515228271,0.0022364414762705564,7.941859245300293,2.0426316600935124,0
wIdnUCjEssQ_003,0.8135539293289185,0.010796335525810719,12.232407569885254,1.9849770997525724,0
wIdnUCjEssQ_004,0.7588284015655518,0.021335702389478683,14.719911575317383,2.3722884904030686,0
wIdnUCjEssQ_005,0.6190251111984253,0.0053117466159164906,20.45269203186035,2.043579590665805,0
wIdnUCjEssQ_006,0.8186395168304443,0.0010398473823443055,20.48055648803711,2.1352408764902484,0
wIdnUCjEssQ_007,0.8417601585388184,0.007906273938715458,6.084782600402832,1.8539566151535898,0
wIdnUCjEssQ_008,0.9235937595367432,0.0008747197571210563,5.745499134063721,1.2302586529928312,0
wKnZonmRm_0_000,0.9229212999343872,0.0011449940502643585,9.050997734069824,1.5139338988152722,0
wKnZonmRm_0_001,0.8414419889450073,0.0013816205319017172,4.881271839141846,1.9216494970317683,0
wKnZonmRm_0_002,0.9018702507019043,0.005621446296572685,7.012091159820557,1.0463542433840214,0
wKnZonmRm_0_003,0.9264790415763855,0.0019913569558411837,5.6320037841796875,1.5126254199409002,0
wKnZonmRm_0_004,0.9300698637962341,0.004202676936984062,4.3922319412231445,1.138622341448803,0
wKnZonmRm_0_005,0.8929722309112549,0.0034115593880414963,4.117382049560547,1.1337520039969535,0
wKnZonmRm_0_006,0.8979076743125916,0.00279887393116951,4.805418491363525,1.0782965509404456,0
wKnZonmRm_0_007,0.8999575972557068,0.001944577437825501,6.096691608428955,1.1308151510151587,0
wKnZonmRm_0_008,0.901823878288269,0.005945514887571335,4.474817276000977,1.158739187406932,0
wKnZonmRm_0_009,0.870479941368103,0.0017538912361487746,12.796769142150879,1.2986158524454179,0
wKnZonmRm_0_010,0.6956082582473755,0.005915242247283459,46.59784698486328,3.121958700956868,0
wKnZonmRm_0_011,0.03057914413511753,0.0005804891115985811,63.804290771484375,3.1359657678884125,0
wToq891_0Ew_000,0.0170938391238451,0.0010307133197784424,68.96373748779297,3.2367099004853332,0
wToq891_0Ew_001,0.49701303243637085,0.001416259678080678,21.377586364746094,2.834487112343204,0
wToq891_0Ew_002,0.03233632445335388,0.0006097243749536574,63.66670608520508,3.108394341166307,0
wme62WSv6_Q_000,0.028896428644657135,0.0019083605147898197,48.041378021240234,2.794164587317479,0
wme62WSv6_Q_001,0.7557970285415649,0.009087411686778069,5.337278842926025,1.0786118927047708,0
wme62WSv6_Q_002,0.7061819434165955,0.0028752689249813557,2.792313575744629,1.0799480685621983,0
wme62WSv6_Q_003,0.7942945957183838,0.07963492721319199,-1.2105166912078857,1.079588686931488,0
wme62WSv6_Q_004,0.026264993473887444,0.0008185288752429187,71.52191925048828,2.925962278937023,0
wme62WSv6_Q_005,0.027740655466914177,0.0005188578506931663,65.31875610351562,3.130462705207096,0
wmsBUAfxcpc_000,0.8410456776618958,0.006031918805092573,8.921492576599121,2.010165872700845,0
wmsBUAfxcpc_001,0.8514247536659241,0.04953136295080185,32.13670349121094,2.6275551983608114,0
wmsBUAfxcpc_002,0.8766473531723022,0.008119180798530579,5.849453926086426,1.15523260592484,0
wmsBUAfxcpc_003,0.9198553562164307,0.001027240534313023,6.468011379241943,1.4294939179383261,0
wrZW3zFKKG8_000,0.02648947201669216,0.0006495041307061911,71.24190521240234,3.0567106249783746,0
wrZW3zFKKG8_001,0.028336239978671074,0.001444391906261444,67.94039916992188,3.326674312454824,0
wrZW3zFKKG8_002,0.01846766658127308,0.00045663921628147364,52.270320892333984,3.4717979542453246,0
wrZW3zFKKG8_003,0.010680584236979485,0.0002784068346954882,57.08845901489258,3.3267711040311623,0
wrZW3zFKKG8_004,0.025969844311475754,0.0004116777272429317,60.50447082519531,3.0505578983811525,0
x07083qMjr4_000,0.883680522441864,0.01444566622376442,11.733237266540527,1.978199140095238,0
x07083qMjr4_001,0.7856936454772949,0.004664556123316288,18.60741424560547,2.3599651652546076,0
x07083qMjr4_002,0.7905864715576172,0.0029544467106461525,13.553486824035645,2.4324579333380925,0
x07083qMjr4_003,0.8274938464164734,0.0027382932603359222,7.593854904174805,2.112323766887378,0
x07083qMjr4_004,0.9044690728187561,0.0011894250055775046,7.6772613525390625,2.3829131367616183,0
x3lXIRulmQk_000,0.027772748842835426,0.001026249723508954,58.583213806152344,2.9492380955202018,0
x3lXIRulmQk_001,0.8587077856063843,0.0039305915124714375,11.047221183776855,2.098116238664927,0
x3lXIRulmQk_002,0.9018597602844238,0.00200065434910357,10.550775527954102,2.3193047893281773,0
x3lXIRulmQk_003,0.8703325390815735,0.0013070412678644061,5.89406156539917,1.2784469459695067,0
x3lXIRulmQk_004,0.9188989996910095,0.00570196658372879,7.265095233917236,1.1468390760440548,0
x3lXIRulmQk_005,0.016425171867012978,0.0008060302934609354,12.89769458770752,3.1822688379376207,0
x3lXIRulmQk_006,0.8677465915679932,0.005150950979441404,23.049354553222656,2.6326088875155933,0
x3lXIRulmQk_007,0.7637916207313538,0.0221087746322155,5.0721940994262695,1.5407794832741375,0
x3lXIRulmQk_008,0.8656386137008667,0.01719645783305168,5.9667582511901855,1.1185979852566088,0
x3lXIRulmQk_009,0.9117733240127563,0.001118635293096304,5.765516757965088,1.6556255817043315,0
x6fHdDGHnpg_000,0.05366130918264389,0.0006117040175013244,5.711548805236816,2.4655776937112868,0
x6fHdDGHnpg_001,0.031089788302779198,0.0011370346182957292,13.490926742553711,2.7748497259467975,0
x6fHdDGHnpg_002,0.029112467542290688,0.0007486280519515276,69.34519958496094,3.2634961196063843,0
x6fHdDGHnpg_003,0.03340958431363106,0.0006316352519206703,46.17164611816406,3.3064525833776655,0
x6fHdDGHnpg_004,0.02731148526072502,0.0006165069644339383,60.06035232543945,3.2307136578086717,0
x6fHdDGHnpg_005,0.011672737076878548,0.0003300771932117641,56.0167236328125,3.3695887928388086,0
x6fHdDGHnpg_006,0.023013053461909294,0.0007356397691182792,71.57122802734375,3.136122958676917,0
xGhoDgFe8GQ_000,0.04422398656606674,0.001789526198990643,46.94843292236328,3.0860186867874515,0
xGhoDgFe8GQ_001,0.8690001368522644,0.054983675479888916,1.0904769897460938,1.4169762895442806,0
xGhoDgFe8GQ_002,0.8689053058624268,0.003572663990780711,13.162854194641113,2.4163960022602877,0
xGhoDgFe8GQ_003,0.8226478099822998,0.033811166882514954,8.775619506835938,1.2697136118567294,0
xGhoDgFe8GQ_004,0.8480168581008911,0.06545254588127136,23.68319320678711,2.2386662783363156,0
xGhoDgFe8GQ_005,0.8124492168426514,0.078236885368824,11.392858505249023,2.0468928881770023,0
xGhoDgFe8GQ_006,0.8827724456787109,0.017990611493587494,9.80135726928711,2.7137684418502137,0
xGhoDgFe8GQ_007,0.8887597918510437,0.0032172014471143484,8.129396438598633,1.7239342255701828,0
xGhoDgFe8GQ_008,0.8826645016670227,0.001515388721600175,6.361111164093018,1.9646036730143934,0
xGhoDgFe8GQ_009,0.8782935738563538,0.0009147732052952051,6.673704147338867,1.06712312186629,0
xaGu8VdP9nU_000,0.08354537189006805,0.011866459622979164,32.22490692138672,3.0087289351181785,0
xaGu8VdP9nU_001,0.03185487911105156,0.002352289389818907,36.39733123779297,3.3254391825650473,0
xaGu8VdP9nU_002,0.5620071887969971,0.0020164386369287968,43.5245361328125,3.118354857178611,0
xaGu8VdP9nU_003,0.8595809936523438,0.027178874239325523,3.941802978515625,1.1486632188848387,0
xaGu8VdP9nU_004,0.8915930986404419,0.025303155183792114,2.8764729499816895,1.1078964454440081,0
xaGu8VdP9nU_005,0.889631450176239,0.03931758925318718,4.907472133636475,1.0947246312863383,0
xaGu8VdP9nU_006,0.8974643349647522,0.03857087716460228,2.7339441776275635,1.1527643054368206,0
xaGu8VdP9nU_007,0.8774570822715759,0.04424731433391571,3.8055078983306885,1.0300339888502275,0
xaGu8VdP9nU_008,0.9017050266265869,0.008368447422981262,6.414294242858887,1.0604785555652192,0
xaGu8VdP9nU_009,0.8750366568565369,0.028912104666233063,5.946380615234375,1.6108429377450264,0
xaGu8VdP9nU_010,0.858723521232605,0.0073903095908463,9.428412437438965,2.347725393722237,0
xaGu8VdP9nU_011,0.021122245118021965,0.0006546273361891508,72.52299499511719,2.8280963197821904,0
xaGu8VdP9nU_012,0.04918815940618515,0.0005437901127152145,37.69557189941406,3.0772218802739664,0
xmEDLJqNCK0_000,0.025509897619485855,0.0011971091153100133,70.52308654785156,3.1056069671529665,0
xmEDLJqNCK0_001,0.03519773483276367,0.001923915115185082,42.58985137939453,3.235674371139933,0
xmEDLJqNCK0_002,0.019814254716038704,0.0003957871813327074,53.94520950317383,3.4143276054172538,0
xmEDLJqNCK0_003,0.02858252264559269,0.00039271076093427837,60.82921600341797,2.918125354529742,0
yMiOxRdFGjg_000,0.8338871598243713,0.004140866454690695,14.541672706604004,2.3118541342149705,0
yMiOxRdFGjg_001,0.787213921546936,0.010941414162516594,13.94068717956543,2.291123382325246,0
yMiOxRdFGjg_002,0.04541637375950813,0.002090783789753914,10.171980857849121,1.763901858539912,0
yMiOxRdFGjg_003,0.09237668663263321,0.004041346721351147,-2.8591389656066895,2.2285098098592604,0
yMiOxRdFGjg_004,0.020357662811875343,0.0011734399013221264,7.302427291870117,1.6834568071194698,0
yMiOxRdFGjg_005,0.07149337232112885,0.0027141424361616373,11.206927299499512,2.313640673931123,0
yMiOxRdFGjg_006,0.051498450338840485,0.00902970414608717,2.3601200580596924,1.9955693333950528,0
yMiOxRdFGjg_007,0.02601681835949421,0.0007830779650248587,70.8782730102539,3.0767511474194005,0
yMiOxRdFGjg_008,0.029069647192955017,0.0006034335237927735,62.1970100402832,3.091030199155982,0
yOaVkjAxMAs_000,0.8411897420883179,0.021931037306785583,13.796072959899902,2.2544853023359863,0
yOaVkjAxMAs_001,0.8761188983917236,0.015608949586749077,11.5668306350708,2.125659239493372,0
yOaVkjAxMAs_002,0.9219942688941956,0.014261245727539062,10.266383171081543,1.9320225495344592,0
yOaVkjAxMAs_003,0.8382837176322937,0.010791538283228874,22.876937866210938,2.148957967254312,0
yOaVkjAxMAs_004,0.031874626874923706,0.0005969992489553988,64.206298828125,3.114281812188859,0
yQX1MseKbh0_000,0.8092116117477417,0.03189690411090851,6.087037563323975,1.7396052585794861,0
yQX1MseKbh0_001,0.8914304375648499,0.06759505718946457,9.539074897766113,2.159865788382923,0
yQX1MseKbh0_002,0.8384090662002563,0.04764045774936676,10.831941604614258,1.2433145051588874,0
yQX1MseKbh0_003,0.8376567363739014,0.043835852295160294,8.27548885345459,1.8268232260956327,0
yQX1MseKbh0_004,0.6686103343963623,0.0018101902678608894,15.544862747192383,2.3991736395713543,0
yQX1MseKbh0_005,0.03740575909614563,0.0006329631432890892,12.16712474822998,2.2457157673408905,0
yQX1MseKbh0_006,0.6823204755783081,0.00043991461279802024,9.014791488647461,1.323435320075149,0
yQX1MseKbh0_007,0.8029981851577759,0.003539066296070814,-0.9080517292022705,1.1350494523580037,0
yQX1MseKbh0_008,0.6358227729797363,0.0014880918897688389,9.993853569030762,2.111702165237761,0
yQX1MseKbh0_009,0.6501188278198242,0.0022293715737760067,6.792929172515869,2.2625481124479965,0
yQX1MseKbh0_010,0.6630297303199768,0.0031668113078922033,5.403801441192627,2.086039893405392,0
yQX1MseKbh0_011,0.6618437170982361,0.0013514013262465596,7.526969909667969,2.214347799127129,0
yQX1MseKbh0_012,0.20154617726802826,0.005120560061186552,8.767922401428223,1.276723116520339,0
yQX1MseKbh0_013,0.3972768783569336,0.001293141976930201,9.470475196838379,1.4420987698563388,0
yQX1MseKbh0_014,0.363751083612442,0.003262426471337676,12.861076354980469,1.8031600634724345,0
yQX1MseKbh0_015,0.8284211158752441,0.0025316227693110704,-1.4087259769439697,1.0944535497550778,0
yQX1MseKbh0_016,0.8732678294181824,0.0015286984853446484,9.941035270690918,1.1248454958724179,0
yQX1MseKbh0_017,0.7811509966850281,0.002125675091519952,-0.5948312282562256,1.0992591928586577,0
yQX1MseKbh0_018,0.8404589891433716,0.004044793080538511,6.703535079956055,1.7251153346879733,0
yQX1MseKbh0_019,0.5462217330932617,0.001824399339966476,14.909843444824219,1.5122318665656111,0
yQX1MseKbh0_020,0.803683340549469,0.0029912639874964952,10.801167488098145,1.1032540285485564,0
yQX1MseKbh0_021,0.73879474401474,0.005755834747105837,14.15140438079834,2.168814576296455,0
yQX1MseKbh0_022,0.9152234792709351,0.0010460782796144485,6.343147277832031,1.3054340096314694,0
yUsY5ZWOUMs_000,0.8631525039672852,0.005570522043853998,13.128436088562012,2.341740734402909,0
yUsY5ZWOUMs_001,0.8307319283485413,0.0061880494467914104,12.308609962463379,1.464674744571437,0
yUsY5ZWOUMs_002,0.8726213574409485,0.01564691588282585,15.659244537353516,2.069924105672208,0
yUsY5ZWOUMs_003,0.8191630244255066,0.019826464354991913,15.06374454498291,1.9916170046366304,0
yUsY5ZWOUMs_004,0.829034686088562,0.005986033007502556,6.238553524017334,2.0684142513261543,0
yUsY5ZWOUMs_005,0.9221022725105286,0.001107678166590631,6.921147346496582,1.5627336112107744,0
yazBjEzVozc_000,0.8231830596923828,0.0018905110191553831,13.140266418457031,2.1594473844486304,0
yazBjEzVozc_001,0.8162398338317871,0.01905657723546028,26.42194175720215,2.19419916248627,0
yazBjEzVozc_002,0.7487637996673584,0.004900141153484583,26.144712448120117,2.324522249059694,0
yazBjEzVozc_003,0.8420189023017883,0.0031629286240786314,15.857998847961426,2.1408650240090394,0
yazBjEzVozc_004,0.879091203212738,0.005589559208601713,17.15940284729004,2.0782434843074102,0
yazBjEzVozc_005,0.8560382127761841,0.002280999906361103,18.601076126098633,2.3481666412681528,0
yazBjEzVozc_006,0.9050621390342712,0.0018235996831208467,7.212304592132568,2.2513627461884487,0
yeRdDP5GqMA_000,0.032702382653951645,0.0008189236978068948,60.19366455078125,3.055215029007374,0
yeRdDP5GqMA_001,0.8094330430030823,0.02213548868894577,15.078812599182129,2.263626179346747,0
yeRdDP5GqMA_002,0.8960763216018677,0.013765684328973293,16.545808792114258,2.6505913161242782,0
yeRdDP5GqMA_003,0.6263421773910522,0.00739912549033761,10.172173500061035,2.1156149454833133,0
yeRdDP5GqMA_004,0.5722319483757019,0.010195552371442318,14.813079833984375,2.518764517600357,0
yeRdDP5GqMA_005,0.7415699362754822,0.01389304082840681,21.424413681030273,1.8119313427466939,0
yeRdDP5GqMA_006,0.7740764021873474,0.011238964274525642,6.308427333831787,1.9266044881937034,0
yeRdDP5GqMA_007,0.9202524423599243,0.0010006474331021309,6.283238887786865,1.8169313680973371,0
yfl_B98gb7o_000,0.0170938391238451,0.0010307133197784424,68.96373748779297,3.2367099004853332,0
yfl_B98gb7o_001,0.6455048322677612,0.002693578600883484,16.945972442626953,2.784014003968204,0
yfl_B98gb7o_002,0.024399379268288612,0.000735974928829819,71.43543243408203,3.138842544161384,0
ynuA9DgE3oM_000,0.8695296049118042,0.010986278764903545,9.218533515930176,2.0625551850565924,0
ynuA9DgE3oM_001,0.8875550627708435,0.02058541588485241,5.8561835289001465,2.205327198077546,0
ynuA9DgE3oM_002,0.8502264618873596,0.06328833103179932,3.575444459915161,1.0813847111563204,0
ynuA9DgE3oM_003,0.8835667967796326,0.0020422320812940598,29.73760414123535,1.9916310754655324,0
ynuA9DgE3oM_004,0.9073253870010376,0.03205348551273346,13.295178413391113,2.37782746360643,0
ynuA9DgE3oM_005,0.8424955606460571,0.01230656448751688,6.160956859588623,1.1270126033388677,0
ynuA9DgE3oM_006,0.9144764542579651,0.001040919334627688,6.041186332702637,1.7439535376708306,0
z-FTJewy3vA_000,0.8850930333137512,0.0030040028505027294,-2.899672508239746,1.1413188023926433,0
z-FTJewy3vA_001,0.04257809370756149,0.005587007384747267,70.59093475341797,3.3335235621778945,0
z-FTJewy3vA_002,0.8305130004882812,0.014287373051047325,17.013416290283203,2.3943331572618334,0
z-FTJewy3vA_003,0.8829612731933594,0.00204346957616508,14.787125587463379,2.2675663566604527,0
z-FTJewy3vA_004,0.8890511393547058,0.019889453426003456,17.641056060791016,2.547549686175129,0
z-FTJewy3vA_005,0.825756311416626,0.002812810707837343,12.778850555419922,2.3911962969838028,0
z-FTJewy3vA_006,0.8573158979415894,0.004216544795781374,14.705282211303711,2.4750633799015818,0
z-FTJewy3vA_007,0.8505390286445618,0.0033445197623223066,12.351725578308105,2.267945525231764,0
z-FTJewy3vA_008,0.8844398856163025,0.04811277613043785,14.313959121704102,2.222261486612036,0
z-FTJewy3vA_009,0.8929494023323059,0.033670056611299515,13.4498929977417,1.224219296728375,0
z-FTJewy3vA_010,0.02471965365111828,0.0007073092856444418,70.85199737548828,3.0975703234871945,0
z-FTJewy3vA_011,0.03433625400066376,0.0006108685629442334,62.93809127807617,2.9707454526875225,0
z0d7n9QxYiE_000,0.7342568039894104,0.004512619227170944,12.600010871887207,1.427770509256303,0
z0d7n9QxYiE_001,0.25916096568107605,0.29542070627212524,48.31600570678711,2.5397147511525557,0
z0d7n9QxYiE_002,0.4822560250759125,0.12322410196065903,16.72047996520996,2.132569156371065,0
z0d7n9QxYiE_003,0.3024645149707794,0.4631045460700989,16.37445640563965,3.1006229759936126,0
z0d7n9QxYiE_004,0.23976804316043854,0.43417030572891235,58.087196350097656,2.972857716540933,0
z0d7n9QxYiE_005,0.30574411153793335,0.14038723707199097,33.93857192993164,2.994630487001911,0
z0d7n9QxYiE_006,0.24846215546131134,0.363311231136322,17.019901275634766,2.6708555843548973,0
z0d7n9QxYiE_007,0.18225844204425812,0.19681599736213684,20.41275405883789,2.057670028229765,0
z0d7n9QxYiE_008,0.2897089421749115,0.7038180232048035,14.15416145324707,1.9818849340523366,0
z0d7n9QxYiE_009,0.1925821155309677,0.3384808599948883,27.60965347290039,2.6079565148060793,0
z0d7n9QxYiE_010,0.21222153306007385,0.3760364055633545,21.845321655273438,2.8949881051684585,0
z0d7n9QxYiE_011,0.8108892440795898,0.092621810734272,28.957809448242188,2.536776013708046,0
z0d7n9QxYiE_012,0.9159569144248962,0.001134278136305511,5.786736011505127,1.1276749804116502,0
zDY3f_JU2Mw_000,0.8922485113143921,0.0022803652100265026,15.490970611572266,2.139867360114811,0
zDY3f_JU2Mw_001,0.9274555444717407,0.009392030537128448,8.641007423400879,1.8993321306562219,0
zDY3f_JU2Mw_002,0.8920160531997681,0.004228952340781689,11.201315879821777,1.5478170783357919,0
zDY3f_JU2Mw_003,0.6647043228149414,0.007434320170432329,11.63537311553955,2.008746710289505,0
zDY3f_JU2Mw_004,0.9078332781791687,0.0016846554353833199,10.141368865966797,1.6821516150752178,0
zDY3f_JU2Mw_005,0.9086232781410217,0.025694366544485092,9.501768112182617,1.7318040509407375,0
zDY3f_JU2Mw_006,0.8900526165962219,0.004117604810744524,9.983023643493652,2.004021286469007,0
zDY3f_JU2Mw_007,0.9368169903755188,0.0009419229463674128,6.253469944000244,1.153791426135511,0
zDY3f_JU2Mw_008,0.9300498366355896,0.01478715892881155,5.8095855712890625,1.5761813568041276,0
zDY3f_JU2Mw_009,0.9685347080230713,0.001698621199466288,7.526957035064697,1.8972467109197542,0
zDY3f_JU2Mw_010,0.8021344542503357,0.0074080899357795715,9.673454284667969,2.0976042202789396,0
zDY3f_JU2Mw_011,0.9205902218818665,0.0010789477964863181,6.035913467407227,1.359534724444347,0
zLH6UBjv7iM_000,0.02307221107184887,0.0008561746799387038,57.8194465637207,3.1940326846393625,0
zLH6UBjv7iM_001,0.70851731300354,0.0017104246653616428,19.97276496887207,2.6094823742141022,0
zLH6UBjv7iM_002,0.7697696685791016,0.0020184586755931377,19.851430892944336,2.6524182454728433,0
zLH6UBjv7iM_003,0.7961649894714355,0.0008951856871135533,17.287437438964844,2.7994942205243336,0
zLH6UBjv7iM_004,0.023251773789525032,0.0007386276847682893,71.11320495605469,3.1426310018113757,0
zLH6UBjv7iM_005,0.03365679457783699,0.0006643750821240246,61.76148986816406,3.0842422227530277,0
zQ74tQFIXZU_000,0.8744579553604126,0.001035342225804925,6.066751956939697,1.2757223116598198,0
zQvwsDGr9JU_000,0.02765701524913311,0.001146902795881033,50.22733688354492,3.465562597767015,0
zQvwsDGr9JU_001,0.024540523067116737,0.0007231977651827037,71.47237396240234,3.1466625075662513,0
zQvwsDGr9JU_002,0.03180054947733879,0.0005575327086262405,63.26096725463867,3.1671008026708027,0
zUPrQBxS2NM_000,0.8598748445510864,0.0036819095257669687,10.740272521972656,1.8058075313801052,0
zUPrQBxS2NM_001,0.8871465921401978,0.006495075300335884,7.401453018188477,1.871545250274886,0
zUPrQBxS2NM_002,0.02657458186149597,0.0008533992804586887,70.8054428100586,2.9743478924674007,0
zUPrQBxS2NM_003,0.027293207123875618,0.0005341172800399363,66.74507904052734,3.1749548847641678,0
za1OqKsqiCc_000,0.8500893115997314,0.006126165855675936,12.909223556518555,2.7694821692063134,0
za1OqKsqiCc_001,0.8898720145225525,0.013306879438459873,10.136247634887695,2.2778985546479635,0
za1OqKsqiCc_002,0.8370051383972168,0.004913582466542721,10.634132385253906,2.343038982858143,0
za1OqKsqiCc_003,0.7569325566291809,0.0017592842923477292,16.88020133972168,2.760801930657081,0
za1OqKsqiCc_004,0.8860732913017273,0.005659999325871468,8.164443016052246,1.6609888649365434,0
za1OqKsqiCc_005,0.8468824625015259,0.03662664070725441,17.67215919494629,2.5162911631010787,0
za1OqKsqiCc_006,0.9061746001243591,0.0914464220404625,11.488579750061035,2.3480037002103007,0
za1OqKsqiCc_007,0.7877144813537598,0.011223998852074146,6.042047500610352,1.670088617323291,0
za1OqKsqiCc_008,0.9179001450538635,0.0010494270827621222,6.271329402923584,1.193671325866853,0
zh0-UdbZ2UE_000,0.8258088827133179,0.010810256004333496,14.015703201293945,2.168021431224042,0
zh0-UdbZ2UE_001,0.8754469752311707,0.008716755546629429,5.4393439292907715,1.1006261129731347,0
zh0-UdbZ2UE_002,0.9157674908638,0.0009882545564323664,6.065330505371094,1.4628273097430637,0
zhkldou_CKY_000,0.8691750168800354,0.07390554249286652,19.69647216796875,2.458002048029271,0
zhkldou_CKY_001,0.8098893761634827,0.0010893512517213821,13.18061637878418,1.7486401959565054,0
zhkldou_CKY_002,0.9276933670043945,0.0008447695872746408,7.684217929840088,1.2098039715519116,0
zhkldou_CKY_003,0.8246411681175232,0.001922721741721034,13.169633865356445,2.223970625488922,0
zhkldou_CKY_004,0.9118101596832275,0.03600906953215599,9.178953170776367,1.9598641746582286,0
zhkldou_CKY_005,0.03633653745055199,0.018006257712841034,19.383060455322266,2.1000282187906003,0
zhkldou_CKY_006,0.06869328767061234,0.04765231907367706,30.26251983642578,2.1557551440527147,0
zhkldou_CKY_007,0.20127102732658386,0.3065570294857025,22.96034049987793,1.1432442150629467,0
zhkldou_CKY_008,0.8564080595970154,0.008611121214926243,6.540128707885742,1.7932376087905604,0
zhkldou_CKY_009,0.9183561205863953,0.000967899919487536,6.524531364440918,1.399434293021936,0
zjYZCFQI84s_000,0.8862003684043884,0.043013956397771835,13.347349166870117,2.222646115279154,0
zjYZCFQI84s_001,0.8824840784072876,0.008259929716587067,11.060822486877441,2.656263594969151,0
zjYZCFQI84s_002,0.89722740650177,0.02628476358950138,11.993658065795898,2.6268636834231947,0
zjYZCFQI84s_003,0.8968180418014526,0.006014353130012751,10.74143123626709,2.4008420151094603,0
zjYZCFQI84s_004,0.8698439598083496,0.024691523984074593,14.998226165771484,2.4901093420317375,0
zjYZCFQI84s_005,0.901128888130188,0.015496859326958656,14.674781799316406,2.576610020267433,0
zjYZCFQI84s_006,0.9070895314216614,0.005246724933385849,5.891770839691162,2.763176437366705,0
zp3LxJr8aJA_000,0.8513960838317871,0.009244163520634174,12.446003913879395,1.9923856618800029,0
zp3LxJr8aJA_001,0.8311023712158203,0.005127899348735809,10.277000427246094,1.5631408701580851,0
zp3LxJr8aJA_002,0.8235740065574646,0.007701067719608545,9.554099082946777,1.3397476333685068,0
zp3LxJr8aJA_003,0.8505050539970398,0.006889158394187689,9.017611503601074,1.793484250728657,0
zp3LxJr8aJA_004,0.8817737102508545,0.006863660179078579,5.021980285644531,1.1758796125797872,0
zp3LxJr8aJA_005,0.9124539494514465,0.0009814093355089426,6.140388488769531,1.4692548138822932,0
ztXD5GSX13o_000,0.02029225416481495,0.0013789152726531029,26.94354248046875,2.7786329167808503,0
ztXD5GSX13o_001,0.021004080772399902,0.006038477644324303,20.950498580932617,3.0905362242537406,0
ztXD5GSX13o_002,0.021942347288131714,0.0007227109745144844,25.187864303588867,2.902768573455149,0
ztXD5GSX13o_003,0.055606141686439514,0.0025559489149600267,22.69538116455078,2.8607421970632037,0
ztXD5GSX13o_004,0.04669025540351868,0.002517958404496312,25.917625427246094,2.933302448134613,0
ztXD5GSX13o_005,0.7078455090522766,0.002418951131403446,20.273378372192383,2.5139273138358424,0
ztXD5GSX13o_006,0.8720682859420776,0.00789636466652155,6.1272873878479,1.2240016616453655,0
ztXD5GSX13o_007,0.9126633405685425,0.0009725397685542703,6.085095405578613,1.1184887681449465,0
zu5ZVRnnRVQ_000,0.8505336046218872,0.013060701079666615,16.8630428314209,2.5846652427374233,0
zu5ZVRnnRVQ_001,0.8318584561347961,0.028792213648557663,15.368549346923828,2.298397720865944,0
zu5ZVRnnRVQ_002,0.904547393321991,0.001660054549574852,12.725594520568848,2.174777820060969,0
zu5ZVRnnRVQ_003,0.9275930523872375,0.013075011782348156,10.018593788146973,2.2396745591523377,0
zu5ZVRnnRVQ_004,0.8527076840400696,0.003690068144351244,30.06546974182129,2.132886448152044,0
zu5ZVRnnRVQ_005,0.029725080356001854,0.0006262664101086557,62.569786071777344,3.0085982647962575,0
