Weight download estimate for laion/larger_clap_music_and_speech: 779815910 bytes (0.726 GiB); cap=2147483648
Loading laion/larger_clap_music_and_speech on CPU...
[1/4911] -3BTKFtZldo_000.flac
[2/4911] -3BTKFtZldo_001.flac
[3/4911] -3BTKFtZldo_002.flac
[4/4911] -9oY4_qcCfg_000.flac
[5/4911] -9oY4_qcCfg_001.flac
[6/4911] -9oY4_qcCfg_002.flac
[7/4911] -9oY4_qcCfg_003.flac
[8/4911] -9oY4_qcCfg_004.flac
[9/4911] -9oY4_qcCfg_005.flac
[10/4911] -9oY4_qcCfg_006.flac
[11/4911] -9oY4_qcCfg_007.flac
[12/4911] -9oY4_qcCfg_008.flac
[13/4911] -9oY4_qcCfg_009.flac
[14/4911] -9oY4_qcCfg_010.flac
[15/4911] -9oY4_qcCfg_011.flac
[16/4911] -9oY4_qcCfg_012.flac
[17/4911] -9oY4_qcCfg_013.flac
[18/4911] -9oY4_qcCfg_014.flac
[19/4911] -9oY4_qcCfg_015.flac
[20/4911] -RGj8xb9R8A_000.flac
[21/4911] -RGj8xb9R8A_001.flac
[22/4911] -RGj8xb9R8A_002.flac
[23/4911] -RGj8xb9R8A_003.flac
[24/4911] -ZzrfGa0S0w_000.flac
[25/4911] -ZzrfGa0S0w_001.flac
[26/4911] -ZzrfGa0S0w_002.flac
[27/4911] -ZzrfGa0S0w_003.flac
[28/4911] -ZzrfGa0S0w_004.flac
[29/4911] -ZzrfGa0S0w_005.flac
[30/4911] -ZzrfGa0S0w_006.flac
[31/4911] -ZzrfGa0S0w_007.flac
[32/4911] -ZzrfGa0S0w_008.flac
[33/4911] -ZzrfGa0S0w_009.flac
[34/4911] -ZzrfGa0S0w_010.flac
[35/4911] -ZzrfGa0S0w_011.flac
[36/4911] -ZzrfGa0S0w_012.flac
[37/4911] -agnQ40mEM8_000.flac
[38/4911] -agnQ40mEM8_001.flac
[39/4911] -agnQ40mEM8_002.flac
[40/4911] -duPp9s1JzQ_000.flac
[41/4911] -duPp9s1JzQ_001.flac
[42/4911] -duPp9s1JzQ_002.flac
[43/4911] -duPp9s1JzQ_003.flac
[44/4911] -duPp9s1JzQ_004.flac
[45/4911] -duPp9s1JzQ_005.flac
[46/4911] -duPp9s1JzQ_006.flac
[47/4911] -duPp9s1JzQ_007.flac
[48/4911] -duPp9s1JzQ_008.flac
[49/4911] -duPp9s1JzQ_009.flac
[50/4911] -duPp9s1JzQ_010.flac
[51/4911] -duPp9s1JzQ_011.flac
[52/4911] -duPp9s1JzQ_012.flac
[53/4911] -uB4Z9Vdv3E_000.flac
[54/4911] -uB4Z9Vdv3E_001.flac
[55/4911] -uB4Z9Vdv3E_002.flac
[56/4911] -uB4Z9Vdv3E_003.flac
[57/4911] 01cBqZ4P68A_000.flac
[58/4911] 01cBqZ4P68A_001.flac
[59/4911] 01cBqZ4P68A_002.flac
[60/4911] 0Hqy8SIu8QM_000.flac
[61/4911] 0Hqy8SIu8QM_001.flac
[62/4911] 0Hqy8SIu8QM_002.flac
[63/4911] 0Hqy8SIu8QM_003.flac
[64/4911] 0QZPlWu3n7Q_000.flac
[65/4911] 0QZPlWu3n7Q_001.flac
[66/4911] 0QZPlWu3n7Q_002.flac
[67/4911] 0QZPlWu3n7Q_003.flac
[68/4911] 0QZPlWu3n7Q_004.flac
[69/4911] 0bxiKSqEZlU_000.flac
[70/4911] 0bxiKSqEZlU_001.flac
[71/4911] 0bxiKSqEZlU_002.flac
[72/4911] 0bxiKSqEZlU_003.flac
[73/4911] 0oa0RJE4db8_000.flac
[74/4911] 0oa0RJE4db8_001.flac
[75/4911] 0oa0RJE4db8_002.flac
[76/4911] 0oa0RJE4db8_003.flac
[77/4911] 0oa0RJE4db8_004.flac
[78/4911] 0oa0RJE4db8_005.flac
[79/4911] 0tOUk3VfuGg_000.flac
[80/4911] 0tOUk3VfuGg_001.flac
[81/4911] 0tOUk3VfuGg_002.flac
[82/4911] 0tOUk3VfuGg_003.flac
[83/4911] 0tOUk3VfuGg_004.flac
[84/4911] 0tOUk3VfuGg_005.flac
[85/4911] 0tOUk3VfuGg_006.flac
[86/4911] 0tOUk3VfuGg_007.flac
[87/4911] 0tOUk3VfuGg_008.flac
[88/4911] 0tOUk3VfuGg_009.flac
[89/4911] 0tOUk3VfuGg_010.flac
[90/4911] 0tOUk3VfuGg_011.flac
[91/4911] 0tOUk3VfuGg_012.flac
[92/4911] 0tOUk3VfuGg_013.flac
[93/4911] 0tOUk3VfuGg_014.flac
[94/4911] 0tOUk3VfuGg_015.flac
[95/4911] 0tOUk3VfuGg_016.flac
[96/4911] 0xkI0AW6xfQ_000.flac
[97/4911] 0xkI0AW6xfQ_001.flac
[98/4911] 0xkI0AW6xfQ_002.flac
[99/4911] 0xkI0AW6xfQ_003.flac
[100/4911] 0xkI0AW6xfQ_004.flac
[101/4911] 0xkI0AW6xfQ_005.flac
[102/4911] 0xkI0AW6xfQ_006.flac
[103/4911] 0xkI0AW6xfQ_007.flac
[104/4911] 0xkI0AW6xfQ_008.flac
[105/4911] 0xkI0AW6xfQ_009.flac
[106/4911] 0xkI0AW6xfQ_010.flac
[107/4911] 0xkI0AW6xfQ_011.flac
[108/4911] 0xkI0AW6xfQ_012.flac
[109/4911] 0xkI0AW6xfQ_013.flac
[110/4911] 0xkI0AW6xfQ_014.flac
[111/4911] 0xkI0AW6xfQ_015.flac
[112/4911] 0xkI0AW6xfQ_016.flac
[113/4911] 0xkI0AW6xfQ_017.flac
[114/4911] 0xkI0AW6xfQ_018.flac
[115/4911] 0xkI0AW6xfQ_019.flac
[116/4911] 10G-1WZq5jc_000.flac
[117/4911] 10G-1WZq5jc_001.flac
[118/4911] 10G-1WZq5jc_002.flac
[119/4911] 10G-1WZq5jc_003.flac
[120/4911] 10G-1WZq5jc_004.flac
[121/4911] 10G-1WZq5jc_005.flac
[122/4911] 10G-1WZq5jc_006.flac
[123/4911] 10G-1WZq5jc_007.flac
[124/4911] 10G-1WZq5jc_008.flac
[125/4911] 10G-1WZq5jc_009.flac
[126/4911] 10G-1WZq5jc_010.flac
[127/4911] 10G-1WZq5jc_011.flac
[128/4911] 10G-1WZq5jc_012.flac
[129/4911] 10G-1WZq5jc_013.flac
[130/4911] 10G-1WZq5jc_014.flac
[131/4911] 10G-1WZq5jc_015.flac
[132/4911] 10G-1WZq5jc_016.flac
[133/4911] 10G-1WZq5jc_017.flac
[134/4911] 10G-1WZq5jc_018.flac
[135/4911] 1Hj6ncrJr0c_000.flac
[136/4911] 1Hj6ncrJr0c_001.flac
[137/4911] 1Hj6ncrJr0c_002.flac
[138/4911] 1Hj6ncrJr0c_003.flac
[139/4911] 1Hj6ncrJr0c_004.flac
[140/4911] 1Hj6ncrJr0c_005.flac
[141/4911] 1Mz-sKyoEy8_000.flac
[142/4911] 1Mz-sKyoEy8_001.flac
[143/4911] 1Mz-sKyoEy8_002.flac
[144/4911] 1Mz-sKyoEy8_003.flac
[145/4911] 1Mz-sKyoEy8_004.flac
[146/4911] 1VbNiBxwg9M_000.flac
[147/4911] 1VbNiBxwg9M_001.flac
[148/4911] 1VbNiBxwg9M_002.flac
[149/4911] 1VbNiBxwg9M_003.flac
[150/4911] 1VbNiBxwg9M_004.flac
[151/4911] 1VbNiBxwg9M_005.flac
[152/4911] 1VbNiBxwg9M_006.flac
[153/4911] 1VbNiBxwg9M_007.flac
[154/4911] 1VbNiBxwg9M_008.flac
[155/4911] 1VbNiBxwg9M_009.flac
[156/4911] 1VbNiBxwg9M_010.flac
[157/4911] 1VbNiBxwg9M_011.flac
[158/4911] 1VbNiBxwg9M_012.flac
[159/4911] 1VbNiBxwg9M_013.flac
[160/4911] 1VbNiBxwg9M_014.flac
[161/4911] 1VbNiBxwg9M_015.flac
[162/4911] 1VbNiBxwg9M_016.flac
[163/4911] 1VbNiBxwg9M_017.flac
[164/4911] 1VbNiBxwg9M_018.flac
[165/4911] 1VbNiBxwg9M_019.flac
[166/4911] 1VbNiBxwg9M_020.flac
[167/4911] 1W1EWr_0bg8_000.flac
[168/4911] 1W1EWr_0bg8_001.flac
[169/4911] 1W1EWr_0bg8_002.flac
[170/4911] 1W1EWr_0bg8_003.flac
[171/4911] 1W1EWr_0bg8_004.flac
[172/4911] 1W1EWr_0bg8_005.flac
[173/4911] 1W1EWr_0bg8_006.flac
[174/4911] 1WefYlPx6ok_000.flac
[175/4911] 1WefYlPx6ok_001.flac
[176/4911] 1WefYlPx6ok_002.flac
[177/4911] 1WefYlPx6ok_003.flac
[178/4911] 1WefYlPx6ok_004.flac
[179/4911] 1WefYlPx6ok_005.flac
[180/4911] 1WefYlPx6ok_006.flac
[181/4911] 1WefYlPx6ok_007.flac
[182/4911] 1WefYlPx6ok_008.flac
[183/4911] 1WefYlPx6ok_009.flac
[184/4911] 1WefYlPx6ok_010.flac
[185/4911] 1WefYlPx6ok_011.flac
[186/4911] 1WefYlPx6ok_012.flac
[187/4911] 1WefYlPx6ok_013.flac
[188/4911] 1WefYlPx6ok_014.flac
[189/4911] 1qtodTd6UME_000.flac
[190/4911] 1qtodTd6UME_001.flac
[191/4911] 1qtodTd6UME_002.flac
[192/4911] 1uc4tqpk9o0_000.flac
[193/4911] 1uc4tqpk9o0_001.flac
[194/4911] 1uc4tqpk9o0_002.flac
[195/4911] 1uc4tqpk9o0_003.flac
[196/4911] 1uc4tqpk9o0_004.flac
[197/4911] 1uc4tqpk9o0_005.flac
[198/4911] 1uc4tqpk9o0_006.flac
[199/4911] 1uc4tqpk9o0_007.flac
[200/4911] 1uc4tqpk9o0_008.flac
[201/4911] 238-IIxY3Pw_000.flac
[202/4911] 238-IIxY3Pw_001.flac
[203/4911] 238-IIxY3Pw_002.flac
[204/4911] 238-IIxY3Pw_003.flac
[205/4911] 238-IIxY3Pw_004.flac
[206/4911] 238-IIxY3Pw_005.flac
[207/4911] 238-IIxY3Pw_006.flac
[208/4911] 238-IIxY3Pw_007.flac
[209/4911] 238-IIxY3Pw_008.flac
[210/4911] 238-IIxY3Pw_009.flac
[211/4911] 238-IIxY3Pw_010.flac
[212/4911] 238-IIxY3Pw_011.flac
[213/4911] 238-IIxY3Pw_012.flac
[214/4911] 238-IIxY3Pw_013.flac
[215/4911] 2VLM3MhnyEE_000.flac
[216/4911] 2VLM3MhnyEE_001.flac
[217/4911] 2VLM3MhnyEE_002.flac
[218/4911] 2VLM3MhnyEE_003.flac
[219/4911] 2VLM3MhnyEE_004.flac
[220/4911] 2VLM3MhnyEE_005.flac
[221/4911] 2VLM3MhnyEE_006.flac
[222/4911] 2VLM3MhnyEE_007.flac
[223/4911] 2VLM3MhnyEE_008.flac
[224/4911] 2VLM3MhnyEE_009.flac
[225/4911] 2VLM3MhnyEE_010.flac
[226/4911] 2VmuNpNnUEU_000.flac
[227/4911] 2VmuNpNnUEU_001.flac
[228/4911] 2VmuNpNnUEU_002.flac
[229/4911] 2VmuNpNnUEU_003.flac
[230/4911] 2Y6itphxVyc_000.flac
[231/4911] 2Y6itphxVyc_001.flac
[232/4911] 2Y6itphxVyc_002.flac
[233/4911] 2Y6itphxVyc_003.flac
[234/4911] 2Y6itphxVyc_004.flac
[235/4911] 2Y6itphxVyc_005.flac
[236/4911] 2Y6itphxVyc_006.flac
[237/4911] 2Y6itphxVyc_007.flac
[238/4911] 2Y6itphxVyc_008.flac
[239/4911] 2a1fdlEvm-s_000.flac
[240/4911] 2a1fdlEvm-s_001.flac
[241/4911] 2a1fdlEvm-s_002.flac
[242/4911] 2a1fdlEvm-s_003.flac
[243/4911] 2anuRVG0ZBc_000.flac
[244/4911] 2anuRVG0ZBc_001.flac
[245/4911] 2anuRVG0ZBc_002.flac
[246/4911] 2anuRVG0ZBc_003.flac
[247/4911] 2anuRVG0ZBc_004.flac
[248/4911] 2anuRVG0ZBc_005.flac
[249/4911] 2oJ2qkdgZTw_000.flac
[250/4911] 2oJ2qkdgZTw_001.flac
[251/4911] 2oJ2qkdgZTw_002.flac
[252/4911] 2wdfJrsnKME_000.flac
[253/4911] 2wdfJrsnKME_001.flac
[254/4911] 2wdfJrsnKME_002.flac
[255/4911] 2wdfJrsnKME_003.flac
[256/4911] 2wdfJrsnKME_004.flac
[257/4911] 2wdfJrsnKME_005.flac
[258/4911] 2wdfJrsnKME_006.flac
[259/4911] 389l_ackzDg_000.flac
[260/4911] 389l_ackzDg_001.flac
[261/4911] 389l_ackzDg_002.flac
[262/4911] 389l_ackzDg_003.flac
[263/4911] 389l_ackzDg_004.flac
[264/4911] 3KG2fqfQMG4_000.flac
[265/4911] 3KG2fqfQMG4_001.flac
[266/4911] 3KG2fqfQMG4_002.flac
[267/4911] 3KG2fqfQMG4_003.flac
[268/4911] 3KG2fqfQMG4_004.flac
[269/4911] 3KG2fqfQMG4_005.flac
[270/4911] 3TNcMupTFTQ_000.flac
[271/4911] 3TNcMupTFTQ_001.flac
[272/4911] 3TNcMupTFTQ_002.flac
[273/4911] 3TNcMupTFTQ_003.flac
[274/4911] 3TNcMupTFTQ_004.flac
[275/4911] 3TNcMupTFTQ_005.flac
[276/4911] 3aBRmQ-C51o_000.flac
[277/4911] 3aBRmQ-C51o_001.flac
[278/4911] 3aBRmQ-C51o_002.flac
[279/4911] 3aBRmQ-C51o_003.flac
[280/4911] 3g0OEhAgPHw_000.flac
[281/4911] 3g0OEhAgPHw_001.flac
[282/4911] 3g0OEhAgPHw_002.flac
[283/4911] 3g0OEhAgPHw_003.flac
[284/4911] 3g0OEhAgPHw_004.flac
[285/4911] 3gtSu-CaA6o_000.flac
[286/4911] 3gtSu-CaA6o_001.flac
[287/4911] 3gtSu-CaA6o_002.flac
[288/4911] 3gtSu-CaA6o_003.flac
[289/4911] 3gtSu-CaA6o_004.flac
[290/4911] 3gtSu-CaA6o_005.flac
[291/4911] 3gtSu-CaA6o_006.flac
[292/4911] 3gtSu-CaA6o_007.flac
[293/4911] 3gtSu-CaA6o_008.flac
[294/4911] 3gtSu-CaA6o_009.flac
[295/4911] 3gtSu-CaA6o_010.flac
[296/4911] 3kTKtsSunlg_000.flac
[297/4911] 3kTKtsSunlg_001.flac
[298/4911] 3kTKtsSunlg_002.flac
[299/4911] 3kTKtsSunlg_003.flac
[300/4911] 3kTKtsSunlg_004.flac
[301/4911] 3kTKtsSunlg_005.flac
[302/4911] 3kTKtsSunlg_006.flac
[303/4911] 3kTKtsSunlg_007.flac
[304/4911] 3kTKtsSunlg_008.flac
[305/4911] 3kTKtsSunlg_009.flac
[306/4911] 3kTKtsSunlg_010.flac
[307/4911] 3kTKtsSunlg_011.flac
[308/4911] 3kTKtsSunlg_012.flac
[309/4911] 3kTKtsSunlg_013.flac
[310/4911] 3kTKtsSunlg_014.flac
[311/4911] 3kTKtsSunlg_015.flac
[312/4911] 3kTKtsSunlg_016.flac
[313/4911] 3kTKtsSunlg_017.flac
[314/4911] 3kTKtsSunlg_018.flac
[315/4911] 3kTKtsSunlg_019.flac
[316/4911] 3kTKtsSunlg_020.flac
[317/4911] 3kTKtsSunlg_021.flac
[318/4911] 3kTKtsSunlg_022.flac
[319/4911] 3kTKtsSunlg_023.flac
[320/4911] 3kTKtsSunlg_024.flac
[321/4911] 3kTKtsSunlg_025.flac
[322/4911] 3kTKtsSunlg_026.flac
[323/4911] 3kTKtsSunlg_027.flac
[324/4911] 3kTKtsSunlg_028.flac
[325/4911] 3kTKtsSunlg_029.flac
[326/4911] 3kTKtsSunlg_030.flac
[327/4911] 3kTKtsSunlg_031.flac
[328/4911] 3kTKtsSunlg_032.flac
[329/4911] 3kTKtsSunlg_033.flac
[330/4911] 3zxz0AndPt0_000.flac
[331/4911] 3zxz0AndPt0_001.flac
[332/4911] 47F3lTVpOxc_000.flac
[333/4911] 47F3lTVpOxc_001.flac
[334/4911] 47F3lTVpOxc_002.flac
[335/4911] 47F3lTVpOxc_003.flac
[336/4911] 47F3lTVpOxc_004.flac
[337/4911] 47F3lTVpOxc_005.flac
[338/4911] 47F3lTVpOxc_006.flac
[339/4911] 4BE3O130ubk_000.flac
[340/4911] 4BE3O130ubk_001.flac
[341/4911] 4BE3O130ubk_002.flac
[342/4911] 4BE3O130ubk_003.flac
[343/4911] 4BE3O130ubk_004.flac
[344/4911] 4BE3O130ubk_005.flac
[345/4911] 4Eyz895ZCwE_000.flac
[346/4911] 4Eyz895ZCwE_001.flac
[347/4911] 4Eyz895ZCwE_002.flac
[348/4911] 4Eyz895ZCwE_003.flac
[349/4911] 4FiG0IQi__Y_000.flac
[350/4911] 4FiG0IQi__Y_001.flac
[351/4911] 4FiG0IQi__Y_002.flac
[352/4911] 4FiG0IQi__Y_003.flac
[353/4911] 4FiG0IQi__Y_004.flac
[354/4911] 4YsyGfojh30_000.flac
[355/4911] 4YsyGfojh30_001.flac
[356/4911] 4YsyGfojh30_002.flac
[357/4911] 4bPrey4Dpqo_000.flac
[358/4911] 4bPrey4Dpqo_001.flac
[359/4911] 4bPrey4Dpqo_002.flac
[360/4911] 4bPrey4Dpqo_003.flac
[361/4911] 4bPrey4Dpqo_004.flac
[362/4911] 4bPrey4Dpqo_005.flac
[363/4911] 4bPrey4Dpqo_006.flac
[364/4911] 4bPrey4Dpqo_007.flac
[365/4911] 4fkaKsVNx9I_000.flac
[366/4911] 4fkaKsVNx9I_001.flac
[367/4911] 4fkaKsVNx9I_002.flac
[368/4911] 4fkaKsVNx9I_003.flac
[369/4911] 4fkaKsVNx9I_004.flac
[370/4911] 4fkaKsVNx9I_005.flac
[371/4911] 4fkaKsVNx9I_006.flac
[372/4911] 4fkaKsVNx9I_007.flac
[373/4911] 4fkaKsVNx9I_008.flac
[374/4911] 4fkaKsVNx9I_009.flac
[375/4911] 4fkaKsVNx9I_010.flac
[376/4911] 4iTUm1J-v0Q_000.flac
[377/4911] 4iTUm1J-v0Q_001.flac
[378/4911] 4iTUm1J-v0Q_002.flac
[379/4911] 4iTUm1J-v0Q_003.flac
[380/4911] 4iTUm1J-v0Q_004.flac
[381/4911] 4iTUm1J-v0Q_005.flac
[382/4911] 4iTUm1J-v0Q_006.flac
[383/4911] 4iTUm1J-v0Q_007.flac
[384/4911] 4iTUm1J-v0Q_008.flac
[385/4911] 4iTUm1J-v0Q_009.flac
[386/4911] 4iTUm1J-v0Q_010.flac
[387/4911] 4iTUm1J-v0Q_011.flac
[388/4911] 4kMF-rVbqAc_000.flac
[389/4911] 4kMF-rVbqAc_001.flac
[390/4911] 4kMF-rVbqAc_002.flac
[391/4911] 4kMF-rVbqAc_003.flac
[392/4911] 4kMF-rVbqAc_004.flac
[393/4911] 4kMF-rVbqAc_005.flac
[394/4911] 4kMF-rVbqAc_006.flac
[395/4911] 4kMF-rVbqAc_007.flac
[396/4911] 4kMF-rVbqAc_008.flac
[397/4911] 4kMF-rVbqAc_009.flac
[398/4911] 4kMF-rVbqAc_010.flac
[399/4911] 4kMF-rVbqAc_011.flac
[400/4911] 4kMF-rVbqAc_012.flac
[401/4911] 4kMF-rVbqAc_013.flac
[402/4911] 4kMF-rVbqAc_014.flac
[403/4911] 4kMF-rVbqAc_015.flac
[404/4911] 4kMF-rVbqAc_016.flac
[405/4911] 4kMF-rVbqAc_017.flac
[406/4911] 4kMF-rVbqAc_018.flac
[407/4911] 4kMF-rVbqAc_019.flac
[408/4911] 4kMF-rVbqAc_020.flac
[409/4911] 4kMF-rVbqAc_021.flac
[410/4911] 4kMF-rVbqAc_022.flac
[411/4911] 4kMF-rVbqAc_023.flac
[412/4911] 4mGjUrWl1mg_000.flac
[413/4911] 4mGjUrWl1mg_001.flac
[414/4911] 4mGjUrWl1mg_002.flac
[415/4911] 4mGjUrWl1mg_003.flac
[416/4911] 4mGjUrWl1mg_004.flac
[417/4911] 4n7T0KeQohU_000.flac
[418/4911] 4n7T0KeQohU_001.flac
[419/4911] 4n7T0KeQohU_002.flac
[420/4911] 4n7T0KeQohU_003.flac
[421/4911] 4n7T0KeQohU_004.flac
[422/4911] 4n7T0KeQohU_005.flac
[423/4911] 4n7T0KeQohU_006.flac
[424/4911] 4n7T0KeQohU_007.flac
[425/4911] 4n7T0KeQohU_008.flac
[426/4911] 4n7T0KeQohU_009.flac
[427/4911] 4n7T0KeQohU_010.flac
[428/4911] 4n7T0KeQohU_011.flac
[429/4911] 4wZ7DlNlsc0_000.flac
[430/4911] 4wZ7DlNlsc0_001.flac
[431/4911] 4wZ7DlNlsc0_002.flac
[432/4911] 4wZ7DlNlsc0_003.flac
[433/4911] 4wZ7DlNlsc0_004.flac
[434/4911] 4wZ7DlNlsc0_005.flac
[435/4911] 4wZ7DlNlsc0_006.flac
[436/4911] 506blxP58ts_000.flac
[437/4911] 506blxP58ts_001.flac
[438/4911] 506blxP58ts_002.flac
[439/4911] 506blxP58ts_003.flac
[440/4911] 506blxP58ts_004.flac
[441/4911] 506blxP58ts_005.flac
[442/4911] 506blxP58ts_006.flac
[443/4911] 506blxP58ts_007.flac
[444/4911] 506blxP58ts_008.flac
[445/4911] 5AOk21eO0qQ_000.flac
[446/4911] 5AOk21eO0qQ_001.flac
[447/4911] 5AOk21eO0qQ_002.flac
[448/4911] 5AOk21eO0qQ_003.flac
[449/4911] 5AOk21eO0qQ_004.flac
[450/4911] 5AOk21eO0qQ_005.flac
[451/4911] 5AOk21eO0qQ_006.flac
[452/4911] 5AOk21eO0qQ_007.flac
[453/4911] 5AOk21eO0qQ_008.flac
[454/4911] 5AOk21eO0qQ_009.flac
[455/4911] 5AZhNz5cx2U_000.flac
[456/4911] 5AZhNz5cx2U_001.flac
[457/4911] 5AZhNz5cx2U_002.flac
[458/4911] 5AZhNz5cx2U_003.flac
[459/4911] 5LoulL1GewE_000.flac
[460/4911] 5LoulL1GewE_001.flac
[461/4911] 5LoulL1GewE_002.flac
[462/4911] 5LoulL1GewE_003.flac
[463/4911] 5RR0aZa2rYA_000.flac
[464/4911] 5RR0aZa2rYA_001.flac
[465/4911] 5RR0aZa2rYA_002.flac
[466/4911] 5RR0aZa2rYA_003.flac
[467/4911] 5RR0aZa2rYA_004.flac
[468/4911] 5RR0aZa2rYA_005.flac
[469/4911] 5RR0aZa2rYA_006.flac
[470/4911] 5RR0aZa2rYA_007.flac
[471/4911] 5RR0aZa2rYA_008.flac
[472/4911] 5RR0aZa2rYA_009.flac
[473/4911] 5RR0aZa2rYA_010.flac
[474/4911] 5RR0aZa2rYA_011.flac
[475/4911] 5RR0aZa2rYA_012.flac
[476/4911] 5RR0aZa2rYA_013.flac
[477/4911] 5RR0aZa2rYA_014.flac
[478/4911] 5RR0aZa2rYA_015.flac
[479/4911] 5T2Qgn2fXJQ_000.flac
[480/4911] 5T2Qgn2fXJQ_001.flac
[481/4911] 5T2Qgn2fXJQ_002.flac
[482/4911] 5T2Qgn2fXJQ_003.flac
[483/4911] 5T2Qgn2fXJQ_004.flac
[484/4911] 5T2Qgn2fXJQ_005.flac
[485/4911] 5T2Qgn2fXJQ_006.flac
[486/4911] 5T2Qgn2fXJQ_007.flac
[487/4911] 5T2Qgn2fXJQ_008.flac
[488/4911] 5T2Qgn2fXJQ_009.flac
[489/4911] 5T2Qgn2fXJQ_010.flac
[490/4911] 5T2Qgn2fXJQ_011.flac
[491/4911] 5T2Qgn2fXJQ_012.flac
[492/4911] 5V8WhI7pCx8_000.flac
[493/4911] 5V8WhI7pCx8_001.flac
[494/4911] 5V8WhI7pCx8_002.flac
[495/4911] 5V8WhI7pCx8_003.flac
[496/4911] 5V8WhI7pCx8_004.flac
[497/4911] 5V8WhI7pCx8_005.flac
[498/4911] 5V8WhI7pCx8_006.flac
[499/4911] 5V8WhI7pCx8_007.flac
[500/4911] 5V8WhI7pCx8_008.flac
[501/4911] 5V8WhI7pCx8_009.flac
[502/4911] 5V8WhI7pCx8_010.flac
[503/4911] 5V8WhI7pCx8_011.flac
[504/4911] 5V8WhI7pCx8_012.flac
[505/4911] 5V8WhI7pCx8_013.flac
[506/4911] 5V8WhI7pCx8_014.flac
[507/4911] 5V8WhI7pCx8_015.flac
[508/4911] 5V8WhI7pCx8_016.flac
[509/4911] 5V8WhI7pCx8_017.flac
[510/4911] 5V8WhI7pCx8_018.flac
[511/4911] 5X3tKt091aE_000.flac
[512/4911] 5X3tKt091aE_001.flac
[513/4911] 5X3tKt091aE_002.flac
[514/4911] 5X3tKt091aE_003.flac
[515/4911] 5X3tKt091aE_004.flac
[516/4911] 5X3tKt091aE_005.flac
[517/4911] 5X3tKt091aE_006.flac
[518/4911] 5X3tKt091aE_007.flac
[519/4911] 5X3tKt091aE_008.flac
[520/4911] 5X3tKt091aE_009.flac
[521/4911] 5X3tKt091aE_010.flac
[522/4911] 5_K4QNe6E6o_000.flac
[523/4911] 5_K4QNe6E6o_001.flac
[524/4911] 5_K4QNe6E6o_002.flac
[525/4911] 5_K4QNe6E6o_003.flac
[526/4911] 5_K4QNe6E6o_004.flac
[527/4911] 5_K4QNe6E6o_005.flac
[528/4911] 5_K4QNe6E6o_006.flac
[529/4911] 5_K4QNe6E6o_007.flac
[530/4911] 5_K4QNe6E6o_008.flac
[531/4911] 5_K4QNe6E6o_009.flac
[532/4911] 5_K4QNe6E6o_010.flac
[533/4911] 5_K4QNe6E6o_011.flac
[534/4911] 5_K4QNe6E6o_012.flac
[535/4911] 5_K4QNe6E6o_013.flac
[536/4911] 5cfJTCXcEw0_000.flac
[537/4911] 5cfJTCXcEw0_001.flac
[538/4911] 5cfJTCXcEw0_002.flac
[539/4911] 5cfJTCXcEw0_003.flac
[540/4911] 5hG8TnYMs60_000.flac
[541/4911] 5hG8TnYMs60_001.flac
[542/4911] 5hG8TnYMs60_002.flac
[543/4911] 5hG8TnYMs60_003.flac
[544/4911] 5hG8TnYMs60_004.flac
[545/4911] 5hG8TnYMs60_005.flac
[546/4911] 5hG8TnYMs60_006.flac
[547/4911] 5hG8TnYMs60_007.flac
[548/4911] 5hG8TnYMs60_008.flac
[549/4911] 5hG8TnYMs60_009.flac
[550/4911] 5hG8TnYMs60_010.flac
[551/4911] 5hG8TnYMs60_011.flac
[552/4911] 5hG8TnYMs60_012.flac
[553/4911] 5hG8TnYMs60_013.flac
[554/4911] 5hG8TnYMs60_014.flac
[555/4911] 5hG8TnYMs60_015.flac
[556/4911] 5hG8TnYMs60_016.flac
[557/4911] 5hG8TnYMs60_017.flac
[558/4911] 5hG8TnYMs60_018.flac
[559/4911] 5hG8TnYMs60_019.flac
[560/4911] 5hG8TnYMs60_020.flac
[561/4911] 5hG8TnYMs60_021.flac
[562/4911] 5hG8TnYMs60_022.flac
[563/4911] 5hG8TnYMs60_023.flac
[564/4911] 5ihVDACK8xo_000.flac
[565/4911] 5ihVDACK8xo_001.flac
[566/4911] 5ihVDACK8xo_002.flac
[567/4911] 5ihVDACK8xo_003.flac
[568/4911] 5ihVDACK8xo_004.flac
[569/4911] 5j651zUx6q4_000.flac
[570/4911] 5j651zUx6q4_001.flac
[571/4911] 5j651zUx6q4_002.flac
[572/4911] 5j651zUx6q4_003.flac
[573/4911] 5j651zUx6q4_004.flac
[574/4911] 5j651zUx6q4_005.flac
[575/4911] 5j651zUx6q4_006.flac
[576/4911] 5j651zUx6q4_007.flac
[577/4911] 5j651zUx6q4_008.flac
[578/4911] 5j651zUx6q4_009.flac
[579/4911] 5j651zUx6q4_010.flac
[580/4911] 5j651zUx6q4_011.flac
[581/4911] 5j651zUx6q4_012.flac
[582/4911] 5j651zUx6q4_013.flac
[583/4911] 5j651zUx6q4_014.flac
[584/4911] 5j651zUx6q4_015.flac
[585/4911] 5j651zUx6q4_016.flac
[586/4911] 5o1doRRWOUA_000.flac
[587/4911] 5o1doRRWOUA_001.flac
[588/4911] 5o1doRRWOUA_002.flac
[589/4911] 5o1doRRWOUA_003.flac
[590/4911] 5o1doRRWOUA_004.flac
[591/4911] 5o1doRRWOUA_005.flac
[592/4911] 5p4bNH4gnH0_000.flac
[593/4911] 5p4bNH4gnH0_001.flac
[594/4911] 5p4bNH4gnH0_002.flac
[595/4911] 5p4bNH4gnH0_003.flac
[596/4911] 5p4bNH4gnH0_004.flac
[597/4911] 5wSWQYFvHwk_000.flac
[598/4911] 5wSWQYFvHwk_001.flac
[599/4911] 5wSWQYFvHwk_002.flac
[600/4911] 5wSWQYFvHwk_003.flac
[601/4911] 5y6wjeJR5Cg_000.flac
[602/4911] 5y6wjeJR5Cg_001.flac
[603/4911] 5y6wjeJR5Cg_002.flac
[604/4911] 6-mh40eytMI_000.flac
[605/4911] 6-mh40eytMI_001.flac
[606/4911] 6-mh40eytMI_002.flac
[607/4911] 6-mh40eytMI_003.flac
[608/4911] 67euLhPd3ro_000.flac
[609/4911] 67euLhPd3ro_001.flac
[610/4911] 67euLhPd3ro_002.flac
[611/4911] 6DmMwkK_tSo_000.flac
[612/4911] 6DmMwkK_tSo_001.flac
[613/4911] 6DmMwkK_tSo_002.flac
[614/4911] 6DmMwkK_tSo_003.flac
[615/4911] 6DmMwkK_tSo_004.flac
[616/4911] 6E6uYzwHRcg_000.flac
[617/4911] 6E6uYzwHRcg_001.flac
[618/4911] 6E6uYzwHRcg_002.flac
[619/4911] 6E6uYzwHRcg_003.flac
[620/4911] 6E6uYzwHRcg_004.flac
[621/4911] 6E6uYzwHRcg_005.flac
[622/4911] 6E6uYzwHRcg_006.flac
[623/4911] 6E6uYzwHRcg_007.flac
[624/4911] 6E6uYzwHRcg_008.flac
[625/4911] 6E6uYzwHRcg_009.flac
[626/4911] 6E6uYzwHRcg_010.flac
[627/4911] 6E6uYzwHRcg_011.flac
[628/4911] 6E6uYzwHRcg_012.flac
[629/4911] 6E6uYzwHRcg_013.flac
[630/4911] 6E6uYzwHRcg_014.flac
[631/4911] 6E6uYzwHRcg_015.flac
[632/4911] 6E6uYzwHRcg_016.flac
[633/4911] 6E6uYzwHRcg_017.flac
[634/4911] 6E6uYzwHRcg_018.flac
[635/4911] 6E6uYzwHRcg_019.flac
[636/4911] 6E6uYzwHRcg_020.flac
[637/4911] 6E6uYzwHRcg_021.flac
[638/4911] 6E6uYzwHRcg_022.flac
[639/4911] 6E6uYzwHRcg_023.flac
[640/4911] 6E6uYzwHRcg_024.flac
[641/4911] 6E6uYzwHRcg_025.flac
[642/4911] 6E6uYzwHRcg_026.flac
[643/4911] 6E6uYzwHRcg_027.flac
[644/4911] 6IsyZ4tTrp8_000.flac
[645/4911] 6IsyZ4tTrp8_001.flac
[646/4911] 6IsyZ4tTrp8_002.flac
[647/4911] 6IsyZ4tTrp8_003.flac
[648/4911] 6SwkF4lY6gI_000.flac
[649/4911] 6SwkF4lY6gI_001.flac
[650/4911] 6SwkF4lY6gI_002.flac
[651/4911] 6SwkF4lY6gI_003.flac
[652/4911] 6SwkF4lY6gI_004.flac
[653/4911] 6SwkF4lY6gI_005.flac
[654/4911] 6SwkF4lY6gI_006.flac
[655/4911] 6SwkF4lY6gI_007.flac
[656/4911] 6SwkF4lY6gI_008.flac
[657/4911] 6SwkF4lY6gI_009.flac
[658/4911] 6SwkF4lY6gI_010.flac
[659/4911] 6SwkF4lY6gI_011.flac
[660/4911] 6SwkF4lY6gI_012.flac
[661/4911] 6SwkF4lY6gI_013.flac
[662/4911] 6b_trwoU-Bs_000.flac
[663/4911] 6b_trwoU-Bs_001.flac
[664/4911] 6b_trwoU-Bs_002.flac
[665/4911] 6b_trwoU-Bs_003.flac
[666/4911] 6b_trwoU-Bs_004.flac
[667/4911] 6klshR-YtEw_000.flac
[668/4911] 6klshR-YtEw_001.flac
[669/4911] 6klshR-YtEw_002.flac
[670/4911] 6klshR-YtEw_003.flac
[671/4911] 6klshR-YtEw_004.flac
[672/4911] 6klshR-YtEw_005.flac
[673/4911] 6klshR-YtEw_006.flac
[674/4911] 6klshR-YtEw_007.flac
[675/4911] 6klshR-YtEw_008.flac
[676/4911] 6klshR-YtEw_009.flac
[677/4911] 6klshR-YtEw_010.flac
[678/4911] 6klshR-YtEw_011.flac
[679/4911] 6klshR-YtEw_012.flac
[680/4911] 6klshR-YtEw_013.flac
[681/4911] 6klshR-YtEw_014.flac
[682/4911] 6klshR-YtEw_015.flac
[683/4911] 6klshR-YtEw_016.flac
[684/4911] 6klshR-YtEw_017.flac
[685/4911] 6klshR-YtEw_018.flac
[686/4911] 6kxnMsvfArE_000.flac
[687/4911] 6kxnMsvfArE_001.flac
[688/4911] 6kxnMsvfArE_002.flac
[689/4911] 6kxnMsvfArE_003.flac
[690/4911] 6kxnMsvfArE_004.flac
[691/4911] 6kxnMsvfArE_005.flac
[692/4911] 6qI6TJvLEFI_000.flac
[693/4911] 6qI6TJvLEFI_001.flac
[694/4911] 6qI6TJvLEFI_002.flac
[695/4911] 6qI6TJvLEFI_003.flac
[696/4911] 6qI6TJvLEFI_004.flac
[697/4911] 6qI6TJvLEFI_005.flac
[698/4911] 6qI6TJvLEFI_006.flac
[699/4911] 6qI6TJvLEFI_007.flac
[700/4911] 6qI6TJvLEFI_008.flac
[701/4911] 6qbasnLUeLs_000.flac
[702/4911] 6qbasnLUeLs_001.flac
[703/4911] 6qbasnLUeLs_002.flac
[704/4911] 6qbasnLUeLs_003.flac
[705/4911] 6qbasnLUeLs_004.flac
[706/4911] 6qbasnLUeLs_005.flac
[707/4911] 6qbasnLUeLs_006.flac
[708/4911] 6qbasnLUeLs_007.flac
[709/4911] 6qbasnLUeLs_008.flac
[710/4911] 6qbasnLUeLs_009.flac
[711/4911] 6rmTqvCtEuM_000.flac
[712/4911] 6rmTqvCtEuM_001.flac
[713/4911] 6rmTqvCtEuM_002.flac
[714/4911] 6zVyUvw0JfU_000.flac
[715/4911] 6zVyUvw0JfU_001.flac
[716/4911] 6zVyUvw0JfU_002.flac
[717/4911] 6zVyUvw0JfU_003.flac
[718/4911] 6zVyUvw0JfU_004.flac
[719/4911] 6zVyUvw0JfU_005.flac
[720/4911] 7CGgQCUOJbw_000.flac
[721/4911] 7CGgQCUOJbw_001.flac
[722/4911] 7CGgQCUOJbw_002.flac
[723/4911] 7LuAjOjXab4_000.flac
[724/4911] 7LuAjOjXab4_001.flac
[725/4911] 7LuAjOjXab4_002.flac
[726/4911] 7LuAjOjXab4_003.flac
[727/4911] 7LuAjOjXab4_004.flac
[728/4911] 7MLzvAy3CuM_000.flac
[729/4911] 7MLzvAy3CuM_001.flac
[730/4911] 7MLzvAy3CuM_002.flac
[731/4911] 7MLzvAy3CuM_003.flac
[732/4911] 7MLzvAy3CuM_004.flac
[733/4911] 7MLzvAy3CuM_005.flac
[734/4911] 7MLzvAy3CuM_006.flac
[735/4911] 7MLzvAy3CuM_007.flac
[736/4911] 7MLzvAy3CuM_008.flac
[737/4911] 7MLzvAy3CuM_009.flac
[738/4911] 7MLzvAy3CuM_010.flac
[739/4911] 7N9pz7fZQ4E_000.flac
[740/4911] 7N9pz7fZQ4E_001.flac
[741/4911] 7N9pz7fZQ4E_002.flac
[742/4911] 7N9pz7fZQ4E_003.flac
[743/4911] 7N9pz7fZQ4E_004.flac
[744/4911] 7U3LKpXaBds_000.flac
[745/4911] 7U3LKpXaBds_001.flac
[746/4911] 7U3LKpXaBds_002.flac
[747/4911] 7U3LKpXaBds_003.flac
[748/4911] 7U3LKpXaBds_004.flac
[749/4911] 7ZDZVThmWfA_000.flac
[750/4911] 7ZDZVThmWfA_001.flac
[751/4911] 7ZDZVThmWfA_002.flac
[752/4911] 7ZDZVThmWfA_003.flac
[753/4911] 7ZDZVThmWfA_004.flac
[754/4911] 7ZDZVThmWfA_005.flac
[755/4911] 7ZDZVThmWfA_006.flac
[756/4911] 7ZDZVThmWfA_007.flac
[757/4911] 7kWXOgdcn4c_000.flac
[758/4911] 7kWXOgdcn4c_001.flac
[759/4911] 7kWXOgdcn4c_002.flac
[760/4911] 7kWXOgdcn4c_003.flac
[761/4911] 7kWXOgdcn4c_004.flac
[762/4911] 7qisH4fL9qY_000.flac
[763/4911] 7qisH4fL9qY_001.flac
[764/4911] 7uMXWgvf_IU_000.flac
[765/4911] 7uMXWgvf_IU_001.flac
[766/4911] 7uMXWgvf_IU_002.flac
[767/4911] 7uMXWgvf_IU_003.flac
[768/4911] 7uMXWgvf_IU_004.flac
[769/4911] 7uMXWgvf_IU_005.flac
[770/4911] 7uMXWgvf_IU_006.flac
[771/4911] 7uMXWgvf_IU_007.flac
[772/4911] 7uMXWgvf_IU_008.flac
[773/4911] 7uMXWgvf_IU_009.flac
[774/4911] 83ipAZp4hr8_000.flac
[775/4911] 83ipAZp4hr8_001.flac
[776/4911] 83ipAZp4hr8_002.flac
[777/4911] 88h7OzVLzeI_000.flac
[778/4911] 88h7OzVLzeI_001.flac
[779/4911] 88h7OzVLzeI_002.flac
[780/4911] 88h7OzVLzeI_003.flac
[781/4911] 88h7OzVLzeI_004.flac
[782/4911] 88h7OzVLzeI_005.flac
[783/4911] 88h7OzVLzeI_006.flac
[784/4911] 88h7OzVLzeI_007.flac
[785/4911] 88h7OzVLzeI_008.flac
[786/4911] 88h7OzVLzeI_009.flac
[787/4911] 88h7OzVLzeI_010.flac
[788/4911] 8G6DH4n9U9Y_000.flac
[789/4911] 8G6DH4n9U9Y_001.flac
[790/4911] 8G6DH4n9U9Y_002.flac
[791/4911] 8G6DH4n9U9Y_003.flac
[792/4911] 8fXeD7pKbWI_000.flac
[793/4911] 8fXeD7pKbWI_001.flac
[794/4911] 8fXeD7pKbWI_002.flac
[795/4911] 8jJY637fQik_000.flac
[796/4911] 8jJY637fQik_001.flac
[797/4911] 8jJY637fQik_002.flac
[798/4911] 8jJY637fQik_003.flac
[799/4911] 8jJY637fQik_004.flac
[800/4911] 8jJY637fQik_005.flac
[801/4911] 8sDvUH7x4iw_000.flac
[802/4911] 8sDvUH7x4iw_001.flac
[803/4911] 8sDvUH7x4iw_002.flac
[804/4911] 8sDvUH7x4iw_003.flac
[805/4911] 8sDvUH7x4iw_004.flac
[806/4911] 8sDvUH7x4iw_005.flac
[807/4911] 8sDvUH7x4iw_006.flac
[808/4911] 8sDvUH7x4iw_007.flac
[809/4911] 8sDvUH7x4iw_008.flac
[810/4911] 8wflrDLxY84_000.flac
[811/4911] 8wflrDLxY84_001.flac
[812/4911] 8wflrDLxY84_002.flac
[813/4911] 8x5JiKy8RFY_000.flac
[814/4911] 8x5JiKy8RFY_001.flac
[815/4911] 8x5JiKy8RFY_002.flac
[816/4911] 8x5JiKy8RFY_003.flac
[817/4911] 8x5JiKy8RFY_004.flac
[818/4911] 8x5JiKy8RFY_005.flac
[819/4911] 8x5JiKy8RFY_006.flac
[820/4911] 8x5JiKy8RFY_007.flac
[821/4911] 8x5JiKy8RFY_008.flac
[822/4911] 8x5JiKy8RFY_009.flac
[823/4911] 8x5JiKy8RFY_010.flac
[824/4911] 8x5JiKy8RFY_011.flac
[825/4911] 8x5JiKy8RFY_012.flac
[826/4911] 8x5JiKy8RFY_013.flac
[827/4911] 8x5JiKy8RFY_014.flac
[828/4911] 8x5JiKy8RFY_015.flac
[829/4911] 8x5JiKy8RFY_016.flac
[830/4911] 8xIvuJoS5Pg_000.flac
[831/4911] 8xIvuJoS5Pg_001.flac
[832/4911] 8xIvuJoS5Pg_002.flac
[833/4911] 8xIvuJoS5Pg_003.flac
[834/4911] 8xIvuJoS5Pg_004.flac
[835/4911] 9GKnaIpqSRA_000.flac
[836/4911] 9GKnaIpqSRA_001.flac
[837/4911] 9GKnaIpqSRA_002.flac
[838/4911] 9GKnaIpqSRA_003.flac
[839/4911] 9GKnaIpqSRA_004.flac
[840/4911] 9GKnaIpqSRA_005.flac
[841/4911] 9GKnaIpqSRA_006.flac
[842/4911] 9GKnaIpqSRA_007.flac
[843/4911] 9GKnaIpqSRA_008.flac
[844/4911] 9GKnaIpqSRA_009.flac
[845/4911] 9GKnaIpqSRA_010.flac
[846/4911] 9GKnaIpqSRA_011.flac
[847/4911] 9GKnaIpqSRA_012.flac
[848/4911] 9GKnaIpqSRA_013.flac
[849/4911] 9T8KWGl2ZZQ_000.flac
[850/4911] 9T8KWGl2ZZQ_001.flac
[851/4911] 9oz0BewUmo4_000.flac
[852/4911] 9oz0BewUmo4_001.flac
[853/4911] 9oz0BewUmo4_002.flac
[854/4911] 9oz0BewUmo4_003.flac
[855/4911] 9oz0BewUmo4_004.flac
[856/4911] 9oz0BewUmo4_005.flac
[857/4911] 9oz0BewUmo4_006.flac
[858/4911] 9oz0BewUmo4_007.flac
[859/4911] 9oz0BewUmo4_008.flac
[860/4911] 9oz0BewUmo4_009.flac
[861/4911] 9oz0BewUmo4_010.flac
[862/4911] 9oz0BewUmo4_011.flac
[863/4911] 9oz0BewUmo4_012.flac
[864/4911] 9oz0BewUmo4_013.flac
[865/4911] 9oz0BewUmo4_014.flac
[866/4911] 9oz0BewUmo4_015.flac
[867/4911] 9oz0BewUmo4_016.flac
[868/4911] 9oz0BewUmo4_017.flac
[869/4911] 9oz0BewUmo4_018.flac
[870/4911] 9oz0BewUmo4_019.flac
[871/4911] 9oz0BewUmo4_020.flac
[872/4911] 9oz0BewUmo4_021.flac
[873/4911] 9oz0BewUmo4_022.flac
[874/4911] 9oz0BewUmo4_023.flac
[875/4911] 9oz0BewUmo4_024.flac
[876/4911] 9saz0VPG-To_000.flac
[877/4911] 9saz0VPG-To_001.flac
[878/4911] 9saz0VPG-To_002.flac
[879/4911] 9saz0VPG-To_003.flac
[880/4911] 9saz0VPG-To_004.flac
[881/4911] AOgZUuWbLoE_000.flac
[882/4911] AOgZUuWbLoE_001.flac
[883/4911] AOgZUuWbLoE_002.flac
[884/4911] AOgZUuWbLoE_003.flac
[885/4911] AOgZUuWbLoE_004.flac
[886/4911] AOgZUuWbLoE_005.flac
[887/4911] AP22Vghq_58_000.flac
[888/4911] AP22Vghq_58_001.flac
[889/4911] AP22Vghq_58_002.flac
[890/4911] AP22Vghq_58_003.flac
[891/4911] AP22Vghq_58_004.flac
[892/4911] AP22Vghq_58_005.flac
[893/4911] AP22Vghq_58_006.flac
[894/4911] AYmhFCZIO0w_000.flac
[895/4911] AYmhFCZIO0w_001.flac
[896/4911] AYmhFCZIO0w_002.flac
[897/4911] AYmhFCZIO0w_003.flac
[898/4911] AYmhFCZIO0w_004.flac
[899/4911] AYmhFCZIO0w_005.flac
[900/4911] A_iOhZBEuPQ_000.flac
[901/4911] A_iOhZBEuPQ_001.flac
[902/4911] A_iOhZBEuPQ_002.flac
[903/4911] A_iOhZBEuPQ_003.flac
[904/4911] A_iOhZBEuPQ_004.flac
[905/4911] Ac1e1ibIHpk_000.flac
[906/4911] Ac1e1ibIHpk_001.flac
[907/4911] Ac1e1ibIHpk_002.flac
[908/4911] Ac1e1ibIHpk_003.flac
[909/4911] AiKOYN8H1EU_000.flac
[910/4911] AiKOYN8H1EU_001.flac
[911/4911] AiKOYN8H1EU_002.flac
[912/4911] AiKOYN8H1EU_003.flac
[913/4911] AiKOYN8H1EU_004.flac
[914/4911] AiKOYN8H1EU_005.flac
[915/4911] AiKOYN8H1EU_006.flac
[916/4911] AiKOYN8H1EU_007.flac
[917/4911] AiKOYN8H1EU_008.flac
[918/4911] AiKOYN8H1EU_009.flac
[919/4911] AiKOYN8H1EU_010.flac
[920/4911] AiKOYN8H1EU_011.flac
[921/4911] AiKOYN8H1EU_012.flac
[922/4911] AiKOYN8H1EU_013.flac
[923/4911] AmHA9dbYFy0_000.flac
[924/4911] AmHA9dbYFy0_001.flac
[925/4911] AmHA9dbYFy0_002.flac
[926/4911] AmHA9dbYFy0_003.flac
[927/4911] AmHA9dbYFy0_004.flac
[928/4911] BHn7eeA0BVo_000.flac
[929/4911] BHn7eeA0BVo_001.flac
[930/4911] BHn7eeA0BVo_002.flac
[931/4911] BHn7eeA0BVo_003.flac
[932/4911] BHn7eeA0BVo_004.flac
[933/4911] BHn7eeA0BVo_005.flac
[934/4911] BKWMXVpYcP4_000.flac
[935/4911] BKWMXVpYcP4_001.flac
[936/4911] BKWMXVpYcP4_002.flac
[937/4911] BKWMXVpYcP4_003.flac
[938/4911] BQysXN0mc0g_000.flac
[939/4911] BQysXN0mc0g_001.flac
[940/4911] BQysXN0mc0g_002.flac
[941/4911] BQysXN0mc0g_003.flac
[942/4911] BQysXN0mc0g_004.flac
[943/4911] BUL3p_uvehs_000.flac
[944/4911] BUL3p_uvehs_001.flac
[945/4911] BWbT_CqORko_000.flac
[946/4911] BWbT_CqORko_001.flac
[947/4911] BWbT_CqORko_002.flac
[948/4911] BWbT_CqORko_003.flac
[949/4911] BWbT_CqORko_004.flac
[950/4911] BZ4zd3idtVY_000.flac
[951/4911] BZ4zd3idtVY_001.flac
[952/4911] BZ4zd3idtVY_002.flac
[953/4911] BZ4zd3idtVY_003.flac
[954/4911] BZ4zd3idtVY_004.flac
[955/4911] BZ4zd3idtVY_005.flac
[956/4911] BgtPMo7NmOs_000.flac
[957/4911] BgtPMo7NmOs_001.flac
[958/4911] BgtPMo7NmOs_002.flac
[959/4911] BgtPMo7NmOs_003.flac
[960/4911] Bwm3SWdYJnQ_000.flac
[961/4911] Bwm3SWdYJnQ_001.flac
[962/4911] Bwm3SWdYJnQ_002.flac
[963/4911] Bwm3SWdYJnQ_003.flac
[964/4911] CHlnwI3VY6E_000.flac
[965/4911] CHlnwI3VY6E_001.flac
[966/4911] CHlnwI3VY6E_002.flac
[967/4911] CHlnwI3VY6E_003.flac
[968/4911] CHlnwI3VY6E_004.flac
[969/4911] CHlnwI3VY6E_005.flac
[970/4911] CHlnwI3VY6E_006.flac
[971/4911] CHlnwI3VY6E_007.flac
[972/4911] CHlnwI3VY6E_008.flac
[973/4911] CHlnwI3VY6E_009.flac
[974/4911] CMRF9UwRKpY_000.flac
[975/4911] CMRF9UwRKpY_001.flac
[976/4911] CMRF9UwRKpY_002.flac
[977/4911] CMRF9UwRKpY_003.flac
[978/4911] CMRF9UwRKpY_004.flac
[979/4911] CMRF9UwRKpY_005.flac
[980/4911] CMRF9UwRKpY_006.flac
[981/4911] CdhQt9XM4G0_000.flac
[982/4911] CdhQt9XM4G0_001.flac
[983/4911] CdhQt9XM4G0_002.flac
[984/4911] CdhQt9XM4G0_003.flac
[985/4911] CdhQt9XM4G0_004.flac
[986/4911] CfZWjk-lBJs_000.flac
[987/4911] CfZWjk-lBJs_001.flac
[988/4911] CfZWjk-lBJs_002.flac
[989/4911] CfZWjk-lBJs_003.flac
[990/4911] CfZWjk-lBJs_004.flac
[991/4911] CfZWjk-lBJs_005.flac
[992/4911] CfZWjk-lBJs_006.flac
[993/4911] CfZWjk-lBJs_007.flac
[994/4911] CfZWjk-lBJs_008.flac
[995/4911] CfZWjk-lBJs_009.flac
[996/4911] CfZWjk-lBJs_010.flac
[997/4911] CfZWjk-lBJs_011.flac
[998/4911] CfZWjk-lBJs_012.flac
[999/4911] ChuWKGky328_000.flac
[1000/4911] ChuWKGky328_001.flac
[1001/4911] ChuWKGky328_002.flac
[1002/4911] ChuWKGky328_003.flac
[1003/4911] ChuWKGky328_004.flac
[1004/4911] ChuWKGky328_005.flac
[1005/4911] ChuWKGky328_006.flac
[1006/4911] ChuWKGky328_007.flac
[1007/4911] ChuWKGky328_008.flac
[1008/4911] ChuWKGky328_009.flac
[1009/4911] ChuWKGky328_010.flac
[1010/4911] ChuWKGky328_011.flac
[1011/4911] Clf5BfnM9Jw_000.flac
[1012/4911] Clf5BfnM9Jw_001.flac
[1013/4911] Clf5BfnM9Jw_002.flac
[1014/4911] Clf5BfnM9Jw_003.flac
[1015/4911] Clf5BfnM9Jw_004.flac
[1016/4911] Clf5BfnM9Jw_005.flac
[1017/4911] Clf5BfnM9Jw_006.flac
[1018/4911] Clf5BfnM9Jw_007.flac
[1019/4911] Clf5BfnM9Jw_008.flac
[1020/4911] D4tcSVKiT5s_000.flac
[1021/4911] D4tcSVKiT5s_001.flac
[1022/4911] DJBEpeA9Vrw_000.flac
[1023/4911] DJBEpeA9Vrw_001.flac
[1024/4911] DJBEpeA9Vrw_002.flac
[1025/4911] DJBEpeA9Vrw_003.flac
[1026/4911] DJBEpeA9Vrw_004.flac
[1027/4911] DJBEpeA9Vrw_005.flac
[1028/4911] DJBEpeA9Vrw_006.flac
[1029/4911] DJBEpeA9Vrw_007.flac
[1030/4911] DJBEpeA9Vrw_008.flac
[1031/4911] DJBEpeA9Vrw_009.flac
[1032/4911] DJBEpeA9Vrw_010.flac
[1033/4911] DJBEpeA9Vrw_011.flac
[1034/4911] DJBEpeA9Vrw_012.flac
[1035/4911] DJBEpeA9Vrw_013.flac
[1036/4911] DJBEpeA9Vrw_014.flac
[1037/4911] DJBEpeA9Vrw_015.flac
[1038/4911] DJBEpeA9Vrw_016.flac
[1039/4911] DJBEpeA9Vrw_017.flac
[1040/4911] DJBEpeA9Vrw_018.flac
[1041/4911] DJBEpeA9Vrw_019.flac
[1042/4911] DJBEpeA9Vrw_020.flac
[1043/4911] DJBEpeA9Vrw_021.flac
[1044/4911] DJBEpeA9Vrw_022.flac
[1045/4911] DKWM_Jesc2E_000.flac
[1046/4911] DKWM_Jesc2E_001.flac
[1047/4911] DKWM_Jesc2E_002.flac
[1048/4911] DS1XikAPAvI_000.flac
[1049/4911] DS1XikAPAvI_001.flac
[1050/4911] DS1XikAPAvI_002.flac
[1051/4911] DS1XikAPAvI_003.flac
[1052/4911] DS1XikAPAvI_004.flac
[1053/4911] DS1XikAPAvI_005.flac
[1054/4911] DS1XikAPAvI_006.flac
[1055/4911] DS1XikAPAvI_007.flac
[1056/4911] DS1XikAPAvI_008.flac
[1057/4911] DS1XikAPAvI_009.flac
[1058/4911] DS1XikAPAvI_010.flac
[1059/4911] DS1XikAPAvI_011.flac
[1060/4911] DS1XikAPAvI_012.flac
[1061/4911] DS1XikAPAvI_013.flac
[1062/4911] DS1XikAPAvI_014.flac
[1063/4911] DS1XikAPAvI_015.flac
[1064/4911] DUsvDjI7DQY_000.flac
[1065/4911] DUsvDjI7DQY_001.flac
[1066/4911] DUsvDjI7DQY_002.flac
[1067/4911] DUsvDjI7DQY_003.flac
[1068/4911] DXevfNOda1Y_000.flac
[1069/4911] DXevfNOda1Y_001.flac
[1070/4911] DXevfNOda1Y_002.flac
[1071/4911] DXevfNOda1Y_003.flac
[1072/4911] DXevfNOda1Y_004.flac
[1073/4911] DXevfNOda1Y_005.flac
[1074/4911] DXevfNOda1Y_006.flac
[1075/4911] DXevfNOda1Y_007.flac
[1076/4911] DXevfNOda1Y_008.flac
[1077/4911] DcQSQOjoUvs_000.flac
[1078/4911] DcQSQOjoUvs_001.flac
[1079/4911] DcQSQOjoUvs_002.flac
[1080/4911] DcQSQOjoUvs_003.flac
[1081/4911] DcQSQOjoUvs_004.flac
[1082/4911] DcQSQOjoUvs_005.flac
[1083/4911] DcQSQOjoUvs_006.flac
[1084/4911] DcQSQOjoUvs_007.flac
[1085/4911] DcQSQOjoUvs_008.flac
[1086/4911] DcQSQOjoUvs_009.flac
[1087/4911] DcQSQOjoUvs_010.flac
[1088/4911] DlTr0cIV3pI_000.flac
[1089/4911] DlTr0cIV3pI_001.flac
[1090/4911] DlTr0cIV3pI_002.flac
[1091/4911] DlTr0cIV3pI_003.flac
[1092/4911] DlTr0cIV3pI_004.flac
[1093/4911] DlTr0cIV3pI_005.flac
[1094/4911] DlTr0cIV3pI_006.flac
[1095/4911] DlTr0cIV3pI_007.flac
[1096/4911] DlTr0cIV3pI_008.flac
[1097/4911] DlTr0cIV3pI_009.flac
[1098/4911] DlTr0cIV3pI_010.flac
[1099/4911] Dx2wTJvIagk_000.flac
[1100/4911] Dx2wTJvIagk_001.flac
[1101/4911] Dx2wTJvIagk_002.flac
[1102/4911] Dx2wTJvIagk_003.flac
[1103/4911] Dx2wTJvIagk_004.flac
[1104/4911] Dx2wTJvIagk_005.flac
[1105/4911] Dx2wTJvIagk_006.flac
[1106/4911] DxIZchf4AhY_000.flac
[1107/4911] DxIZchf4AhY_001.flac
[1108/4911] DxIZchf4AhY_002.flac
[1109/4911] DxIZchf4AhY_003.flac
[1110/4911] DxIZchf4AhY_004.flac
[1111/4911] DxIZchf4AhY_005.flac
[1112/4911] DxIZchf4AhY_006.flac
[1113/4911] DxIZchf4AhY_007.flac
[1114/4911] DxIZchf4AhY_008.flac
[1115/4911] DxIZchf4AhY_009.flac
[1116/4911] DxIZchf4AhY_010.flac
[1117/4911] DxIZchf4AhY_011.flac
[1118/4911] E38mAVkj75o_000.flac
[1119/4911] E38mAVkj75o_001.flac
[1120/4911] E38mAVkj75o_002.flac
[1121/4911] E38mAVkj75o_003.flac
[1122/4911] E38mAVkj75o_004.flac
[1123/4911] E38mAVkj75o_005.flac
[1124/4911] E38mAVkj75o_006.flac
[1125/4911] E38mAVkj75o_007.flac
[1126/4911] E38mAVkj75o_008.flac
[1127/4911] E38mAVkj75o_009.flac
[1128/4911] E9t_dwH76xA_000.flac
[1129/4911] E9t_dwH76xA_001.flac
[1130/4911] E9t_dwH76xA_002.flac
[1131/4911] E9t_dwH76xA_003.flac
[1132/4911] E9t_dwH76xA_004.flac
[1133/4911] E9t_dwH76xA_005.flac
[1134/4911] E_-8NpZvgX8_000.flac
[1135/4911] E_-8NpZvgX8_001.flac
[1136/4911] E_-8NpZvgX8_002.flac
[1137/4911] EeylsOcnkV0_000.flac
[1138/4911] EeylsOcnkV0_001.flac
[1139/4911] EjuEqBFmEec_000.flac
[1140/4911] EjuEqBFmEec_001.flac
[1141/4911] EjuEqBFmEec_002.flac
[1142/4911] EjuEqBFmEec_003.flac
[1143/4911] EjuEqBFmEec_004.flac
[1144/4911] EjuEqBFmEec_005.flac
[1145/4911] EjuEqBFmEec_006.flac
[1146/4911] EmrhZY6LBz8_000.flac
[1147/4911] EmrhZY6LBz8_001.flac
[1148/4911] EmrhZY6LBz8_002.flac
[1149/4911] EmrhZY6LBz8_003.flac
[1150/4911] EsZChyzmWBk_000.flac
[1151/4911] EsZChyzmWBk_001.flac
[1152/4911] EsZChyzmWBk_002.flac
[1153/4911] EsZChyzmWBk_003.flac
[1154/4911] EsZChyzmWBk_004.flac
[1155/4911] EsZChyzmWBk_005.flac
[1156/4911] EsZChyzmWBk_006.flac
[1157/4911] EsZChyzmWBk_007.flac
[1158/4911] EsZChyzmWBk_008.flac
[1159/4911] EsZChyzmWBk_009.flac
[1160/4911] EsZChyzmWBk_010.flac
[1161/4911] F38e7ixY4a4_000.flac
[1162/4911] F38e7ixY4a4_001.flac
[1163/4911] F38e7ixY4a4_002.flac
[1164/4911] F38e7ixY4a4_003.flac
[1165/4911] F38e7ixY4a4_004.flac
[1166/4911] F38e7ixY4a4_005.flac
[1167/4911] F38e7ixY4a4_006.flac
[1168/4911] F8HqdV6ZH6M_000.flac
[1169/4911] F8HqdV6ZH6M_001.flac
[1170/4911] F8HqdV6ZH6M_002.flac
[1171/4911] F8HqdV6ZH6M_003.flac
[1172/4911] F8HqdV6ZH6M_004.flac
[1173/4911] F8HqdV6ZH6M_005.flac
[1174/4911] F8HqdV6ZH6M_006.flac
[1175/4911] FQbcVgnA-Iw_000.flac
[1176/4911] FQbcVgnA-Iw_001.flac
[1177/4911] FQbcVgnA-Iw_002.flac
[1178/4911] FQbcVgnA-Iw_003.flac
[1179/4911] G1CmViCBoyE_000.flac
[1180/4911] G1CmViCBoyE_001.flac
[1181/4911] G1CmViCBoyE_002.flac
[1182/4911] G1CmViCBoyE_003.flac
[1183/4911] G4HXoD0Za0U_000.flac
[1184/4911] G4HXoD0Za0U_001.flac
[1185/4911] G4HXoD0Za0U_002.flac
[1186/4911] G4HXoD0Za0U_003.flac
[1187/4911] G4HXoD0Za0U_004.flac
[1188/4911] G4HXoD0Za0U_005.flac
[1189/4911] G4HXoD0Za0U_006.flac
[1190/4911] G4HXoD0Za0U_007.flac
[1191/4911] G4HXoD0Za0U_008.flac
[1192/4911] G4HXoD0Za0U_009.flac
[1193/4911] G4HXoD0Za0U_010.flac
[1194/4911] G4HXoD0Za0U_011.flac
[1195/4911] G4HXoD0Za0U_012.flac
[1196/4911] G4HXoD0Za0U_013.flac
[1197/4911] G4HXoD0Za0U_014.flac
[1198/4911] G4HXoD0Za0U_015.flac
[1199/4911] G4HXoD0Za0U_016.flac
[1200/4911] G4HXoD0Za0U_017.flac
[1201/4911] G4HXoD0Za0U_018.flac
[1202/4911] G4HXoD0Za0U_019.flac
[1203/4911] G4HXoD0Za0U_020.flac
[1204/4911] G4HXoD0Za0U_021.flac
[1205/4911] GEIQJZJwm1k_000.flac
[1206/4911] GEIQJZJwm1k_001.flac
[1207/4911] GEIQJZJwm1k_002.flac
[1208/4911] GEIQJZJwm1k_003.flac
[1209/4911] GEIQJZJwm1k_004.flac
[1210/4911] GEIQJZJwm1k_005.flac
[1211/4911] GEIQJZJwm1k_006.flac
[1212/4911] GEIQJZJwm1k_007.flac
[1213/4911] GEIQJZJwm1k_008.flac
[1214/4911] GEIQJZJwm1k_009.flac
[1215/4911] GEIQJZJwm1k_010.flac
[1216/4911] GFVh0R4C_Bw_000.flac
[1217/4911] GFVh0R4C_Bw_001.flac
[1218/4911] GFVh0R4C_Bw_002.flac
[1219/4911] GFVh0R4C_Bw_003.flac
[1220/4911] GFVh0R4C_Bw_004.flac
[1221/4911] GFVh0R4C_Bw_005.flac
[1222/4911] GMkEvBXdQvQ_000.flac
[1223/4911] GMkEvBXdQvQ_001.flac
[1224/4911] GMkEvBXdQvQ_002.flac
[1225/4911] GMkEvBXdQvQ_003.flac
[1226/4911] GMkEvBXdQvQ_004.flac
[1227/4911] GMkEvBXdQvQ_005.flac
[1228/4911] GMkEvBXdQvQ_006.flac
[1229/4911] GQvPGbh4Wcs_000.flac
[1230/4911] GQvPGbh4Wcs_001.flac
[1231/4911] GQvPGbh4Wcs_002.flac
[1232/4911] GQvPGbh4Wcs_003.flac
[1233/4911] GQvPGbh4Wcs_004.flac
[1234/4911] GQvPGbh4Wcs_005.flac
[1235/4911] GVMVx2z4_2w_000.flac
[1236/4911] GVMVx2z4_2w_001.flac
[1237/4911] GVMVx2z4_2w_002.flac
[1238/4911] GjammNDiAvI_000.flac
[1239/4911] GjammNDiAvI_001.flac
[1240/4911] GjammNDiAvI_002.flac
[1241/4911] GjammNDiAvI_003.flac
[1242/4911] GjammNDiAvI_004.flac
[1243/4911] Gv-5FWKl3Is_000.flac
[1244/4911] Gv-5FWKl3Is_001.flac
[1245/4911] Gv-5FWKl3Is_002.flac
[1246/4911] Gv-5FWKl3Is_003.flac
[1247/4911] Gv-5FWKl3Is_004.flac
[1248/4911] GyF3MkvI5_Q_000.flac
[1249/4911] GyF3MkvI5_Q_001.flac
[1250/4911] GyF3MkvI5_Q_002.flac
[1251/4911] GyF3MkvI5_Q_003.flac
[1252/4911] GyF3MkvI5_Q_004.flac
[1253/4911] GyF3MkvI5_Q_005.flac
[1254/4911] GyF3MkvI5_Q_006.flac
[1255/4911] GyF3MkvI5_Q_007.flac
[1256/4911] GyF3MkvI5_Q_008.flac
[1257/4911] GyF3MkvI5_Q_009.flac
[1258/4911] GyF3MkvI5_Q_010.flac
[1259/4911] GyF3MkvI5_Q_011.flac
[1260/4911] GyF3MkvI5_Q_012.flac
[1261/4911] GyF3MkvI5_Q_013.flac
[1262/4911] GyF3MkvI5_Q_014.flac
[1263/4911] GyF3MkvI5_Q_015.flac
[1264/4911] GyF3MkvI5_Q_016.flac
[1265/4911] GyF3MkvI5_Q_017.flac
[1266/4911] H76OGYLhQ3k_000.flac
[1267/4911] H76OGYLhQ3k_001.flac
[1268/4911] H76OGYLhQ3k_002.flac
[1269/4911] H76OGYLhQ3k_003.flac
[1270/4911] H76OGYLhQ3k_004.flac
[1271/4911] H76OGYLhQ3k_005.flac
[1272/4911] H8P8xQmhwNc_000.flac
[1273/4911] H8P8xQmhwNc_001.flac
[1274/4911] H8P8xQmhwNc_002.flac
[1275/4911] HWBsd3FAzc0_000.flac
[1276/4911] HWBsd3FAzc0_001.flac
[1277/4911] HWBsd3FAzc0_002.flac
[1278/4911] HWBsd3FAzc0_003.flac
[1279/4911] HWBsd3FAzc0_004.flac
[1280/4911] HWBsd3FAzc0_005.flac
[1281/4911] HWBsd3FAzc0_006.flac
[1282/4911] HWBsd3FAzc0_007.flac
[1283/4911] HWBsd3FAzc0_008.flac
[1284/4911] HaFoIJ9r5BA_000.flac
[1285/4911] HaFoIJ9r5BA_001.flac
[1286/4911] HaFoIJ9r5BA_002.flac
[1287/4911] HaFoIJ9r5BA_003.flac
[1288/4911] HaFoIJ9r5BA_004.flac
[1289/4911] HaFoIJ9r5BA_005.flac
[1290/4911] HaFoIJ9r5BA_006.flac
[1291/4911] HudUFSsgtdY_000.flac
[1292/4911] HudUFSsgtdY_001.flac
[1293/4911] HudUFSsgtdY_002.flac
[1294/4911] HudUFSsgtdY_003.flac
[1295/4911] HudUFSsgtdY_004.flac
[1296/4911] HudUFSsgtdY_005.flac
[1297/4911] HvzKA_f6270_000.flac
[1298/4911] HvzKA_f6270_001.flac
[1299/4911] HvzKA_f6270_002.flac
[1300/4911] HvzKA_f6270_003.flac
[1301/4911] HvzKA_f6270_004.flac
[1302/4911] HvzKA_f6270_005.flac
[1303/4911] HvzKA_f6270_006.flac
[1304/4911] HvzKA_f6270_007.flac
[1305/4911] HvzKA_f6270_008.flac
[1306/4911] HvzKA_f6270_009.flac
[1307/4911] HvzKA_f6270_010.flac
[1308/4911] HvzKA_f6270_011.flac
[1309/4911] I25mx9obTao_000.flac
[1310/4911] I25mx9obTao_001.flac
[1311/4911] I25mx9obTao_002.flac
[1312/4911] I25mx9obTao_003.flac
[1313/4911] I25mx9obTao_004.flac
[1314/4911] I4PruxwTvMI_000.flac
[1315/4911] I4PruxwTvMI_001.flac
[1316/4911] I4PruxwTvMI_002.flac
[1317/4911] I4PruxwTvMI_003.flac
[1318/4911] I4PruxwTvMI_004.flac
[1319/4911] I4PruxwTvMI_005.flac
[1320/4911] I4PruxwTvMI_006.flac
[1321/4911] I4PruxwTvMI_007.flac
[1322/4911] I4PruxwTvMI_008.flac
[1323/4911] IDxcTUrnsv4_000.flac
[1324/4911] IDxcTUrnsv4_001.flac
[1325/4911] IDxcTUrnsv4_002.flac
[1326/4911] IDxcTUrnsv4_003.flac
[1327/4911] IDxcTUrnsv4_004.flac
[1328/4911] IDxcTUrnsv4_005.flac
[1329/4911] IDxcTUrnsv4_006.flac
[1330/4911] IDxcTUrnsv4_007.flac
[1331/4911] IDxcTUrnsv4_008.flac
[1332/4911] IDxcTUrnsv4_009.flac
[1333/4911] IDxcTUrnsv4_010.flac
[1334/4911] IDxcTUrnsv4_011.flac
[1335/4911] IDxcTUrnsv4_012.flac
[1336/4911] IDxcTUrnsv4_013.flac
[1337/4911] IDxcTUrnsv4_014.flac
[1338/4911] IDxcTUrnsv4_015.flac
[1339/4911] IDxcTUrnsv4_016.flac
[1340/4911] IDxcTUrnsv4_017.flac
[1341/4911] IDxcTUrnsv4_018.flac
[1342/4911] IDxcTUrnsv4_019.flac
[1343/4911] IDxcTUrnsv4_020.flac
[1344/4911] IKvAudm2wXs_000.flac
[1345/4911] IKvAudm2wXs_001.flac
[1346/4911] IKvAudm2wXs_002.flac
[1347/4911] INvijfl8Wyk_000.flac
[1348/4911] INvijfl8Wyk_001.flac
[1349/4911] INvijfl8Wyk_002.flac
[1350/4911] INvijfl8Wyk_003.flac
[1351/4911] INvijfl8Wyk_004.flac
[1352/4911] INvijfl8Wyk_005.flac
[1353/4911] INvijfl8Wyk_006.flac
[1354/4911] INvijfl8Wyk_007.flac
[1355/4911] INvijfl8Wyk_008.flac
[1356/4911] INvijfl8Wyk_009.flac
[1357/4911] INvijfl8Wyk_010.flac
[1358/4911] INvijfl8Wyk_011.flac
[1359/4911] INvijfl8Wyk_012.flac
[1360/4911] INvijfl8Wyk_013.flac
[1361/4911] INvijfl8Wyk_014.flac
[1362/4911] INvijfl8Wyk_015.flac
[1363/4911] I_jBx-DrsvA_000.flac
[1364/4911] I_jBx-DrsvA_001.flac
[1365/4911] I_jBx-DrsvA_002.flac
[1366/4911] I_jBx-DrsvA_003.flac
[1367/4911] IcBQQKO3XYs_000.flac
[1368/4911] IcBQQKO3XYs_001.flac
[1369/4911] IcBQQKO3XYs_002.flac
[1370/4911] IcBQQKO3XYs_003.flac
[1371/4911] IcBQQKO3XYs_004.flac
[1372/4911] IcBQQKO3XYs_005.flac
[1373/4911] IcBQQKO3XYs_006.flac
[1374/4911] IcBQQKO3XYs_007.flac
[1375/4911] IcBQQKO3XYs_008.flac
[1376/4911] IcBQQKO3XYs_009.flac
[1377/4911] IcBQQKO3XYs_010.flac
[1378/4911] IcBQQKO3XYs_011.flac
[1379/4911] IcBQQKO3XYs_012.flac
[1380/4911] IcBQQKO3XYs_013.flac
[1381/4911] IcBQQKO3XYs_014.flac
[1382/4911] IcBQQKO3XYs_015.flac
[1383/4911] IcBQQKO3XYs_016.flac
[1384/4911] IcBQQKO3XYs_017.flac
[1385/4911] IhZRs2KfY38_000.flac
[1386/4911] IhZRs2KfY38_001.flac
[1387/4911] IhZRs2KfY38_002.flac
[1388/4911] IjWra_3iNgc_000.flac
[1389/4911] IjWra_3iNgc_001.flac
[1390/4911] IjWra_3iNgc_002.flac
[1391/4911] IrQWplUZbAo_000.flac
[1392/4911] IrQWplUZbAo_001.flac
[1393/4911] IrQWplUZbAo_002.flac
[1394/4911] IzqSRRMta9w_000.flac
[1395/4911] IzqSRRMta9w_001.flac
[1396/4911] IzqSRRMta9w_002.flac
[1397/4911] IzqSRRMta9w_003.flac
[1398/4911] IzqSRRMta9w_004.flac
[1399/4911] IzqSRRMta9w_005.flac
[1400/4911] IzqSRRMta9w_006.flac
[1401/4911] IzqSRRMta9w_007.flac
[1402/4911] IzqSRRMta9w_008.flac
[1403/4911] IzqSRRMta9w_009.flac
[1404/4911] JIGLmiix5EU_000.flac
[1405/4911] JIGLmiix5EU_001.flac
[1406/4911] JIGLmiix5EU_002.flac
[1407/4911] JIGLmiix5EU_003.flac
[1408/4911] JIGLmiix5EU_004.flac
[1409/4911] JIGLmiix5EU_005.flac
[1410/4911] JIGLmiix5EU_006.flac
[1411/4911] JIGLmiix5EU_007.flac
[1412/4911] JOwokgIDeyw_000.flac
[1413/4911] JOwokgIDeyw_001.flac
[1414/4911] JOwokgIDeyw_002.flac
[1415/4911] JOwokgIDeyw_003.flac
[1416/4911] JOwokgIDeyw_004.flac
[1417/4911] JV2q-Wiq6k4_000.flac
[1418/4911] JV2q-Wiq6k4_001.flac
[1419/4911] JV2q-Wiq6k4_002.flac
[1420/4911] JV2q-Wiq6k4_003.flac
[1421/4911] JZUiihE418Q_000.flac
[1422/4911] JZUiihE418Q_001.flac
[1423/4911] JZUiihE418Q_002.flac
[1424/4911] JZUiihE418Q_003.flac
[1425/4911] JZUiihE418Q_004.flac
[1426/4911] JZUiihE418Q_005.flac
[1427/4911] JZUiihE418Q_006.flac
[1428/4911] JZUiihE418Q_007.flac
[1429/4911] JZUiihE418Q_008.flac
[1430/4911] JZUiihE418Q_009.flac
[1431/4911] JZUiihE418Q_010.flac
[1432/4911] J_wNNblannQ_000.flac
[1433/4911] J_wNNblannQ_001.flac
[1434/4911] J_wNNblannQ_002.flac
[1435/4911] J_wNNblannQ_003.flac
[1436/4911] Jdz6NtNhg_s_000.flac
[1437/4911] Jdz6NtNhg_s_001.flac
[1438/4911] Jdz6NtNhg_s_002.flac
[1439/4911] Jdz6NtNhg_s_003.flac
[1440/4911] Jdz6NtNhg_s_004.flac
[1441/4911] Jdz6NtNhg_s_005.flac
[1442/4911] Jdz6NtNhg_s_006.flac
[1443/4911] Jdz6NtNhg_s_007.flac
[1444/4911] Jdz6NtNhg_s_008.flac
[1445/4911] Jdz6NtNhg_s_009.flac
[1446/4911] Jr-hyQLu1_A_000.flac
[1447/4911] Jr-hyQLu1_A_001.flac
[1448/4911] Jr-hyQLu1_A_002.flac
[1449/4911] Jr-hyQLu1_A_003.flac
[1450/4911] K-X5GQcBnTw_000.flac
[1451/4911] K-X5GQcBnTw_001.flac
[1452/4911] K-X5GQcBnTw_002.flac
[1453/4911] K-X5GQcBnTw_003.flac
[1454/4911] KCYPmc59G24_000.flac
[1455/4911] KCYPmc59G24_001.flac
[1456/4911] KCYPmc59G24_002.flac
[1457/4911] KENXYyppSeI_000.flac
[1458/4911] KENXYyppSeI_001.flac
[1459/4911] KENXYyppSeI_002.flac
[1460/4911] KENXYyppSeI_003.flac
[1461/4911] KENXYyppSeI_004.flac
[1462/4911] KENXYyppSeI_005.flac
[1463/4911] KYZMOHEXvdk_000.flac
[1464/4911] KYZMOHEXvdk_001.flac
[1465/4911] KYZMOHEXvdk_002.flac
[1466/4911] KYZMOHEXvdk_003.flac
[1467/4911] KYZMOHEXvdk_004.flac
[1468/4911] KYZMOHEXvdk_005.flac
[1469/4911] KZMmfNaj9RY_000.flac
[1470/4911] KZMmfNaj9RY_001.flac
[1471/4911] KZMmfNaj9RY_002.flac
[1472/4911] KZMmfNaj9RY_003.flac
[1473/4911] KZMmfNaj9RY_004.flac
[1474/4911] KZMmfNaj9RY_005.flac
[1475/4911] KZMmfNaj9RY_006.flac
[1476/4911] KZMmfNaj9RY_007.flac
[1477/4911] KZMmfNaj9RY_008.flac
[1478/4911] KmXNJMVQ5Og_000.flac
[1479/4911] KmXNJMVQ5Og_001.flac
[1480/4911] KmXNJMVQ5Og_002.flac
[1481/4911] KwklVl7E6Ec_000.flac
[1482/4911] KwklVl7E6Ec_001.flac
[1483/4911] KwklVl7E6Ec_002.flac
[1484/4911] KwklVl7E6Ec_003.flac
[1485/4911] KwklVl7E6Ec_004.flac
[1486/4911] KwklVl7E6Ec_005.flac
[1487/4911] KwklVl7E6Ec_006.flac
[1488/4911] Kx_gGVMiiKk_000.flac
[1489/4911] Kx_gGVMiiKk_001.flac
[1490/4911] Kx_gGVMiiKk_002.flac
[1491/4911] Kx_gGVMiiKk_003.flac
[1492/4911] Kx_gGVMiiKk_004.flac
[1493/4911] Kx_gGVMiiKk_005.flac
[1494/4911] Kx_gGVMiiKk_006.flac
[1495/4911] KxhJLL93qwM_000.flac
[1496/4911] KxhJLL93qwM_001.flac
[1497/4911] KxhJLL93qwM_002.flac
[1498/4911] KxhJLL93qwM_003.flac
[1499/4911] KxhJLL93qwM_004.flac
[1500/4911] KxhJLL93qwM_005.flac
[1501/4911] KxhJLL93qwM_006.flac
[1502/4911] KxhJLL93qwM_007.flac
[1503/4911] KxhJLL93qwM_008.flac
[1504/4911] KxhJLL93qwM_009.flac
[1505/4911] KxhJLL93qwM_010.flac
[1506/4911] KxhJLL93qwM_011.flac
[1507/4911] KxhJLL93qwM_012.flac
[1508/4911] KxhJLL93qwM_013.flac
[1509/4911] L0lBCEIo_mM_000.flac
[1510/4911] L0lBCEIo_mM_001.flac
[1511/4911] L0lBCEIo_mM_002.flac
[1512/4911] L0lBCEIo_mM_003.flac
[1513/4911] L5BsAkSMLkI_000.flac
[1514/4911] L5BsAkSMLkI_001.flac
[1515/4911] L5BsAkSMLkI_002.flac
[1516/4911] L5BsAkSMLkI_003.flac
[1517/4911] L5BsAkSMLkI_004.flac
[1518/4911] LDZOYnu-vyw_000.flac
[1519/4911] LDZOYnu-vyw_001.flac
[1520/4911] LDZOYnu-vyw_002.flac
[1521/4911] LDZOYnu-vyw_003.flac
[1522/4911] LDZOYnu-vyw_004.flac
[1523/4911] LDZOYnu-vyw_005.flac
[1524/4911] LDZOYnu-vyw_006.flac
[1525/4911] LDZOYnu-vyw_007.flac
[1526/4911] LFUl2V-6ZLA_000.flac
[1527/4911] LFUl2V-6ZLA_001.flac
[1528/4911] LFUl2V-6ZLA_002.flac
[1529/4911] LFUl2V-6ZLA_003.flac
[1530/4911] LFUl2V-6ZLA_004.flac
[1531/4911] LSd2tyfd6KI_000.flac
[1532/4911] LSd2tyfd6KI_001.flac
[1533/4911] LSd2tyfd6KI_002.flac
[1534/4911] LSd2tyfd6KI_003.flac
[1535/4911] LSd2tyfd6KI_004.flac
[1536/4911] LSd2tyfd6KI_005.flac
[1537/4911] LSd2tyfd6KI_006.flac
[1538/4911] LSd2tyfd6KI_007.flac
[1539/4911] LSd2tyfd6KI_008.flac
[1540/4911] LSd2tyfd6KI_009.flac
[1541/4911] LVOqQ1EJm5k_000.flac
[1542/4911] LVOqQ1EJm5k_001.flac
[1543/4911] LVOqQ1EJm5k_002.flac
[1544/4911] LVOqQ1EJm5k_003.flac
[1545/4911] LVOqQ1EJm5k_004.flac
[1546/4911] LVOqQ1EJm5k_005.flac
[1547/4911] LVOqQ1EJm5k_006.flac
[1548/4911] LVOqQ1EJm5k_007.flac
[1549/4911] LVOqQ1EJm5k_008.flac
[1550/4911] LVOqQ1EJm5k_009.flac
[1551/4911] LVOqQ1EJm5k_010.flac
[1552/4911] LVOqQ1EJm5k_011.flac
[1553/4911] LVOqQ1EJm5k_012.flac
[1554/4911] Lbms7nr19f0_000.flac
[1555/4911] Lbms7nr19f0_001.flac
[1556/4911] Lbms7nr19f0_002.flac
[1557/4911] Lbms7nr19f0_003.flac
[1558/4911] Lbms7nr19f0_004.flac
[1559/4911] Lbms7nr19f0_005.flac
[1560/4911] Lbms7nr19f0_006.flac
[1561/4911] Lbms7nr19f0_007.flac
[1562/4911] LpzKTGMmCyA_000.flac
[1563/4911] LpzKTGMmCyA_001.flac
[1564/4911] LpzKTGMmCyA_002.flac
[1565/4911] LpzKTGMmCyA_003.flac
[1566/4911] LpzKTGMmCyA_004.flac
[1567/4911] LpzKTGMmCyA_005.flac
[1568/4911] LpzKTGMmCyA_006.flac
[1569/4911] LpzKTGMmCyA_007.flac
[1570/4911] LpzKTGMmCyA_008.flac
[1571/4911] LpzKTGMmCyA_009.flac
[1572/4911] Lv9TPbpnAYo_000.flac
[1573/4911] Lv9TPbpnAYo_001.flac
[1574/4911] Lv9TPbpnAYo_002.flac
[1575/4911] Lv9TPbpnAYo_003.flac
[1576/4911] Lv9TPbpnAYo_004.flac
[1577/4911] MBHkFxvbVy0_000.flac
[1578/4911] MBHkFxvbVy0_001.flac
[1579/4911] MBHkFxvbVy0_002.flac
[1580/4911] MBHkFxvbVy0_003.flac
[1581/4911] MBHkFxvbVy0_004.flac
[1582/4911] MBHkFxvbVy0_005.flac
[1583/4911] MBHkFxvbVy0_006.flac
[1584/4911] MBHkFxvbVy0_007.flac
[1585/4911] MDNBEqwzQTA_000.flac
[1586/4911] MDNBEqwzQTA_001.flac
[1587/4911] MDNBEqwzQTA_002.flac
[1588/4911] MDNBEqwzQTA_003.flac
[1589/4911] MDNBEqwzQTA_004.flac
[1590/4911] MDNBEqwzQTA_005.flac
[1591/4911] MDNBEqwzQTA_006.flac
[1592/4911] MDNBEqwzQTA_007.flac
[1593/4911] MDNBEqwzQTA_008.flac
[1594/4911] MDNBEqwzQTA_009.flac
[1595/4911] MDNBEqwzQTA_010.flac
[1596/4911] MDNBEqwzQTA_011.flac
[1597/4911] MDNBEqwzQTA_012.flac
[1598/4911] MDNBEqwzQTA_013.flac
[1599/4911] MDNBEqwzQTA_014.flac
[1600/4911] MKF8KnsyaJs_000.flac
[1601/4911] MKF8KnsyaJs_001.flac
[1602/4911] MKF8KnsyaJs_002.flac
[1603/4911] MKF8KnsyaJs_003.flac
[1604/4911] MKF8KnsyaJs_004.flac
[1605/4911] MKF8KnsyaJs_005.flac
[1606/4911] MKF8KnsyaJs_006.flac
[1607/4911] MKF8KnsyaJs_007.flac
[1608/4911] MKF8KnsyaJs_008.flac
[1609/4911] MR_pKvMisRk_000.flac
[1610/4911] MR_pKvMisRk_001.flac
[1611/4911] MR_pKvMisRk_002.flac
[1612/4911] MR_pKvMisRk_003.flac
[1613/4911] MSV39CPq9kg_000.flac
[1614/4911] MSV39CPq9kg_001.flac
[1615/4911] MSV39CPq9kg_002.flac
[1616/4911] MSV39CPq9kg_003.flac
[1617/4911] MSV39CPq9kg_004.flac
[1618/4911] MT-FHleifxc_000.flac
[1619/4911] MT-FHleifxc_001.flac
[1620/4911] MUch03ZpJQ4_000.flac
[1621/4911] MUch03ZpJQ4_001.flac
[1622/4911] MUch03ZpJQ4_002.flac
[1623/4911] MUch03ZpJQ4_003.flac
[1624/4911] MUch03ZpJQ4_004.flac
[1625/4911] MUch03ZpJQ4_005.flac
[1626/4911] MUch03ZpJQ4_006.flac
[1627/4911] MUch03ZpJQ4_007.flac
[1628/4911] MUch03ZpJQ4_008.flac
[1629/4911] MUch03ZpJQ4_009.flac
[1630/4911] MUch03ZpJQ4_010.flac
[1631/4911] MUch03ZpJQ4_011.flac
[1632/4911] MUch03ZpJQ4_012.flac
[1633/4911] MUch03ZpJQ4_013.flac
[1634/4911] MUch03ZpJQ4_014.flac
[1635/4911] MUch03ZpJQ4_015.flac
[1636/4911] MUch03ZpJQ4_016.flac
[1637/4911] MUch03ZpJQ4_017.flac
[1638/4911] MUch03ZpJQ4_018.flac
[1639/4911] MUch03ZpJQ4_019.flac
[1640/4911] MUch03ZpJQ4_020.flac
[1641/4911] MUch03ZpJQ4_021.flac
[1642/4911] MUch03ZpJQ4_022.flac
[1643/4911] MUch03ZpJQ4_023.flac
[1644/4911] MUch03ZpJQ4_024.flac
[1645/4911] MUch03ZpJQ4_025.flac
[1646/4911] MUch03ZpJQ4_026.flac
[1647/4911] MUch03ZpJQ4_027.flac
[1648/4911] MUch03ZpJQ4_028.flac
[1649/4911] MUch03ZpJQ4_029.flac
[1650/4911] MUch03ZpJQ4_030.flac
[1651/4911] MUch03ZpJQ4_031.flac
[1652/4911] MUch03ZpJQ4_032.flac
[1653/4911] MUch03ZpJQ4_033.flac
[1654/4911] MUch03ZpJQ4_034.flac
[1655/4911] MUch03ZpJQ4_035.flac
[1656/4911] MUch03ZpJQ4_036.flac
[1657/4911] MUch03ZpJQ4_037.flac
[1658/4911] MUch03ZpJQ4_038.flac
[1659/4911] MUch03ZpJQ4_039.flac
[1660/4911] MUch03ZpJQ4_040.flac
[1661/4911] MUch03ZpJQ4_041.flac
[1662/4911] MUch03ZpJQ4_042.flac
[1663/4911] MUch03ZpJQ4_043.flac
[1664/4911] MUch03ZpJQ4_044.flac
[1665/4911] MUch03ZpJQ4_045.flac
[1666/4911] MUch03ZpJQ4_046.flac
[1667/4911] MUch03ZpJQ4_047.flac
[1668/4911] MUch03ZpJQ4_048.flac
[1669/4911] MUch03ZpJQ4_049.flac
[1670/4911] MUch03ZpJQ4_050.flac
[1671/4911] MUch03ZpJQ4_051.flac
[1672/4911] MUch03ZpJQ4_052.flac
[1673/4911] MUch03ZpJQ4_053.flac
[1674/4911] MUch03ZpJQ4_054.flac
[1675/4911] MUch03ZpJQ4_055.flac
[1676/4911] MUch03ZpJQ4_056.flac
[1677/4911] MUch03ZpJQ4_057.flac
[1678/4911] MUch03ZpJQ4_058.flac
[1679/4911] MUch03ZpJQ4_059.flac
[1680/4911] MUch03ZpJQ4_060.flac
[1681/4911] MUch03ZpJQ4_061.flac
[1682/4911] MUch03ZpJQ4_062.flac
[1683/4911] MUch03ZpJQ4_063.flac
[1684/4911] MUch03ZpJQ4_064.flac
[1685/4911] MUch03ZpJQ4_065.flac
[1686/4911] MUch03ZpJQ4_066.flac
[1687/4911] MUch03ZpJQ4_067.flac
[1688/4911] MUch03ZpJQ4_068.flac
[1689/4911] MUch03ZpJQ4_069.flac
[1690/4911] MUch03ZpJQ4_070.flac
[1691/4911] MX0Rr0G3OGA_000.flac
[1692/4911] MX0Rr0G3OGA_001.flac
[1693/4911] MX0Rr0G3OGA_002.flac
[1694/4911] MX0Rr0G3OGA_003.flac
[1695/4911] MX0Rr0G3OGA_004.flac
[1696/4911] MX0Rr0G3OGA_005.flac
[1697/4911] MX0Rr0G3OGA_006.flac
[1698/4911] MX0Rr0G3OGA_007.flac
[1699/4911] MX0Rr0G3OGA_008.flac
[1700/4911] MX0Rr0G3OGA_009.flac
[1701/4911] MX0Rr0G3OGA_010.flac
[1702/4911] MX0Rr0G3OGA_011.flac
[1703/4911] MX0Rr0G3OGA_012.flac
[1704/4911] MYWedTctdeg_000.flac
[1705/4911] MYWedTctdeg_001.flac
[1706/4911] MYWedTctdeg_002.flac
[1707/4911] MYWedTctdeg_003.flac
[1708/4911] MYWedTctdeg_004.flac
[1709/4911] N6RGCMRicA8_000.flac
[1710/4911] N6RGCMRicA8_001.flac
[1711/4911] N6RGCMRicA8_002.flac
[1712/4911] N6RGCMRicA8_003.flac
[1713/4911] N6RGCMRicA8_004.flac
[1714/4911] N6RGCMRicA8_005.flac
[1715/4911] N6RGCMRicA8_006.flac
[1716/4911] N6RGCMRicA8_007.flac
[1717/4911] N6RGCMRicA8_008.flac
[1718/4911] N6RGCMRicA8_009.flac
[1719/4911] N6RGCMRicA8_010.flac
[1720/4911] N6RGCMRicA8_011.flac
[1721/4911] N6RGCMRicA8_012.flac
[1722/4911] N6RGCMRicA8_013.flac
[1723/4911] N6RGCMRicA8_014.flac
[1724/4911] N6RGCMRicA8_015.flac
[1725/4911] N6RGCMRicA8_016.flac
[1726/4911] N6RGCMRicA8_017.flac
[1727/4911] N6RGCMRicA8_018.flac
[1728/4911] N6RGCMRicA8_019.flac
[1729/4911] N6RGCMRicA8_020.flac
[1730/4911] N6RGCMRicA8_021.flac
[1731/4911] N6RGCMRicA8_022.flac
[1732/4911] N6RGCMRicA8_023.flac
[1733/4911] N6RGCMRicA8_024.flac
[1734/4911] N6RGCMRicA8_025.flac
[1735/4911] N6RGCMRicA8_026.flac
[1736/4911] N6RGCMRicA8_027.flac
[1737/4911] N6RGCMRicA8_028.flac
[1738/4911] N6RGCMRicA8_029.flac
[1739/4911] N6RGCMRicA8_030.flac
[1740/4911] N6RGCMRicA8_031.flac
[1741/4911] N6RGCMRicA8_032.flac
[1742/4911] N6RGCMRicA8_033.flac
[1743/4911] N6RGCMRicA8_034.flac
[1744/4911] N6RGCMRicA8_035.flac
[1745/4911] N6RGCMRicA8_036.flac
[1746/4911] N6RGCMRicA8_037.flac
[1747/4911] N6RGCMRicA8_038.flac
[1748/4911] N6RGCMRicA8_039.flac
[1749/4911] N6RGCMRicA8_040.flac
[1750/4911] N6RGCMRicA8_041.flac
[1751/4911] N6RGCMRicA8_042.flac
[1752/4911] N6RGCMRicA8_043.flac
[1753/4911] N6RGCMRicA8_044.flac
[1754/4911] N6RGCMRicA8_045.flac
[1755/4911] N6RGCMRicA8_046.flac
[1756/4911] N9MmykOnPAs_000.flac
[1757/4911] N9MmykOnPAs_001.flac
[1758/4911] N9MmykOnPAs_002.flac
[1759/4911] N9MmykOnPAs_003.flac
[1760/4911] N9MmykOnPAs_004.flac
[1761/4911] NJjx5iKFXhI_000.flac
[1762/4911] NJjx5iKFXhI_001.flac
[1763/4911] NJjx5iKFXhI_002.flac
[1764/4911] NQ3iktgJ-bM_000.flac
[1765/4911] NQ3iktgJ-bM_001.flac
[1766/4911] NQ3iktgJ-bM_002.flac
[1767/4911] NQ3iktgJ-bM_003.flac
[1768/4911] NQ3iktgJ-bM_004.flac
[1769/4911] NQ3iktgJ-bM_005.flac
[1770/4911] NXhl-Lkoq6I_000.flac
[1771/4911] NXhl-Lkoq6I_001.flac
[1772/4911] NXhl-Lkoq6I_002.flac
[1773/4911] NXhl-Lkoq6I_003.flac
[1774/4911] NXhl-Lkoq6I_004.flac
[1775/4911] NYcSRGEKqX4_000.flac
[1776/4911] NYcSRGEKqX4_001.flac
[1777/4911] NYcSRGEKqX4_002.flac
[1778/4911] NYcSRGEKqX4_003.flac
[1779/4911] NYcSRGEKqX4_004.flac
[1780/4911] NYcSRGEKqX4_005.flac
[1781/4911] NYcSRGEKqX4_006.flac
[1782/4911] NYcSRGEKqX4_007.flac
[1783/4911] NYcSRGEKqX4_008.flac
[1784/4911] NYcSRGEKqX4_009.flac
[1785/4911] NYcSRGEKqX4_010.flac
[1786/4911] NYcSRGEKqX4_011.flac
[1787/4911] NYcSRGEKqX4_012.flac
[1788/4911] NYcSRGEKqX4_013.flac
[1789/4911] N_1jL8HEydM_000.flac
[1790/4911] N_1jL8HEydM_001.flac
[1791/4911] N_1jL8HEydM_002.flac
[1792/4911] N_1jL8HEydM_003.flac
[1793/4911] N_1jL8HEydM_004.flac
[1794/4911] N_1jL8HEydM_005.flac
[1795/4911] NdYmoZh-0ek_000.flac
[1796/4911] NdYmoZh-0ek_001.flac
[1797/4911] NdYmoZh-0ek_002.flac
[1798/4911] NdYmoZh-0ek_003.flac
[1799/4911] NdYmoZh-0ek_004.flac
[1800/4911] NdYmoZh-0ek_005.flac
[1801/4911] Ne7y4GDJl9Q_000.flac
[1802/4911] Ne7y4GDJl9Q_001.flac
[1803/4911] Ne7y4GDJl9Q_002.flac
[1804/4911] Ne7y4GDJl9Q_003.flac
[1805/4911] Ne7y4GDJl9Q_004.flac
[1806/4911] Ne7y4GDJl9Q_005.flac
[1807/4911] Ne7y4GDJl9Q_006.flac
[1808/4911] Ne7y4GDJl9Q_007.flac
[1809/4911] Ne7y4GDJl9Q_008.flac
[1810/4911] NgsJc52HpwM_000.flac
[1811/4911] NgsJc52HpwM_001.flac
[1812/4911] NgsJc52HpwM_002.flac
[1813/4911] NgsJc52HpwM_003.flac
[1814/4911] NgsJc52HpwM_004.flac
[1815/4911] NgsJc52HpwM_005.flac
[1816/4911] NgsJc52HpwM_006.flac
[1817/4911] NgsJc52HpwM_007.flac
[1818/4911] NgsJc52HpwM_008.flac
[1819/4911] NlYiS7zp5Wc_000.flac
[1820/4911] NlYiS7zp5Wc_001.flac
[1821/4911] NlYiS7zp5Wc_002.flac
[1822/4911] NlYiS7zp5Wc_003.flac
[1823/4911] Ns8OcnMPugY_000.flac
[1824/4911] Ns8OcnMPugY_001.flac
[1825/4911] Ns8OcnMPugY_002.flac
[1826/4911] Ns8OcnMPugY_003.flac
[1827/4911] Ns8OcnMPugY_004.flac
[1828/4911] O4NqkSzNSjE_000.flac
[1829/4911] O4NqkSzNSjE_001.flac
[1830/4911] O4NqkSzNSjE_002.flac
[1831/4911] O4NqkSzNSjE_003.flac
[1832/4911] OBARtsU9QnA_000.flac
[1833/4911] OBARtsU9QnA_001.flac
[1834/4911] OBARtsU9QnA_002.flac
[1835/4911] OBARtsU9QnA_003.flac
[1836/4911] OBARtsU9QnA_004.flac
[1837/4911] OBARtsU9QnA_005.flac
[1838/4911] OCWhWWZ0AwY_000.flac
[1839/4911] OCWhWWZ0AwY_001.flac
[1840/4911] OCWhWWZ0AwY_002.flac
[1841/4911] OCWhWWZ0AwY_003.flac
[1842/4911] OCWhWWZ0AwY_004.flac
[1843/4911] OCWhWWZ0AwY_005.flac
[1844/4911] OCWhWWZ0AwY_006.flac
[1845/4911] OFPi0ecSoI8_000.flac
[1846/4911] OFPi0ecSoI8_001.flac
[1847/4911] OFPi0ecSoI8_002.flac
[1848/4911] OFPi0ecSoI8_003.flac
[1849/4911] OfDo1fLztjs_000.flac
[1850/4911] OfDo1fLztjs_001.flac
[1851/4911] OfDo1fLztjs_002.flac
[1852/4911] OfDo1fLztjs_003.flac
[1853/4911] OfDo1fLztjs_004.flac
[1854/4911] OfDo1fLztjs_005.flac
[1855/4911] OfDo1fLztjs_006.flac
[1856/4911] OfDo1fLztjs_007.flac
[1857/4911] OfDo1fLztjs_008.flac
[1858/4911] OfDo1fLztjs_009.flac
[1859/4911] OfDo1fLztjs_010.flac
[1860/4911] OfDo1fLztjs_011.flac
[1861/4911] OlQ0UvbZqxs_000.flac
[1862/4911] OlQ0UvbZqxs_001.flac
[1863/4911] OlQ0UvbZqxs_002.flac
[1864/4911] OlQ0UvbZqxs_003.flac
[1865/4911] OlQ0UvbZqxs_004.flac
[1866/4911] OlQ0UvbZqxs_005.flac
[1867/4911] OnK2taEbraM_000.flac
[1868/4911] OnK2taEbraM_001.flac
[1869/4911] OnK2taEbraM_002.flac
[1870/4911] OnK2taEbraM_003.flac
[1871/4911] OnK2taEbraM_004.flac
[1872/4911] OnK2taEbraM_005.flac
[1873/4911] OnK2taEbraM_006.flac
[1874/4911] OnK2taEbraM_007.flac
[1875/4911] OnK2taEbraM_008.flac
[1876/4911] OnK2taEbraM_009.flac
[1877/4911] OnK2taEbraM_010.flac
[1878/4911] OnK2taEbraM_011.flac
[1879/4911] OqABmo1wQaE_000.flac
[1880/4911] OqABmo1wQaE_001.flac
[1881/4911] OqABmo1wQaE_002.flac
[1882/4911] OqABmo1wQaE_003.flac
[1883/4911] OqABmo1wQaE_004.flac
[1884/4911] OqABmo1wQaE_005.flac
[1885/4911] OqABmo1wQaE_006.flac
[1886/4911] OqABmo1wQaE_007.flac
[1887/4911] OqABmo1wQaE_008.flac
[1888/4911] OqABmo1wQaE_009.flac
[1889/4911] OqABmo1wQaE_010.flac
[1890/4911] OqABmo1wQaE_011.flac
[1891/4911] OqABmo1wQaE_012.flac
[1892/4911] OqABmo1wQaE_013.flac
[1893/4911] OqABmo1wQaE_014.flac
[1894/4911] OqFfzz8sww4_000.flac
[1895/4911] OqFfzz8sww4_001.flac
[1896/4911] OqFfzz8sww4_002.flac
[1897/4911] OqFfzz8sww4_003.flac
[1898/4911] OqFfzz8sww4_004.flac
[1899/4911] OqFfzz8sww4_005.flac
[1900/4911] OqFfzz8sww4_006.flac
[1901/4911] OqFfzz8sww4_007.flac
[1902/4911] OqFfzz8sww4_008.flac
[1903/4911] OqFfzz8sww4_009.flac
[1904/4911] OqFfzz8sww4_010.flac
[1905/4911] OqFfzz8sww4_011.flac
[1906/4911] OzrNqubstag_000.flac
[1907/4911] OzrNqubstag_001.flac
[1908/4911] OzrNqubstag_002.flac
[1909/4911] P-jbyxAzsW8_000.flac
[1910/4911] P-jbyxAzsW8_001.flac
[1911/4911] P-jbyxAzsW8_002.flac
[1912/4911] P-jbyxAzsW8_003.flac
[1913/4911] P-jbyxAzsW8_004.flac
[1914/4911] P-jbyxAzsW8_005.flac
[1915/4911] P-jbyxAzsW8_006.flac
[1916/4911] PBuicCInFfk_000.flac
[1917/4911] PBuicCInFfk_001.flac
[1918/4911] PEFDCay69M8_000.flac
[1919/4911] PEFDCay69M8_001.flac
[1920/4911] PEFDCay69M8_002.flac
[1921/4911] PEFDCay69M8_003.flac
[1922/4911] PEFDCay69M8_004.flac
[1923/4911] PEFDCay69M8_005.flac
[1924/4911] PEFDCay69M8_006.flac
[1925/4911] PSz4Xf47C98_000.flac
[1926/4911] PSz4Xf47C98_001.flac
[1927/4911] PSz4Xf47C98_002.flac
[1928/4911] PSz4Xf47C98_003.flac
[1929/4911] PSz4Xf47C98_004.flac
[1930/4911] PSz4Xf47C98_005.flac
[1931/4911] PSz4Xf47C98_006.flac
[1932/4911] PSz4Xf47C98_007.flac
[1933/4911] PSz4Xf47C98_008.flac
[1934/4911] PSz4Xf47C98_009.flac
[1935/4911] PSz4Xf47C98_010.flac
[1936/4911] PSz4Xf47C98_011.flac
[1937/4911] PSz4Xf47C98_012.flac
[1938/4911] PSz4Xf47C98_013.flac
[1939/4911] PSz4Xf47C98_014.flac
[1940/4911] PlLXRExhFhk_000.flac
[1941/4911] PlLXRExhFhk_001.flac
[1942/4911] PlLXRExhFhk_002.flac
[1943/4911] Prlv_TA2KSM_000.flac
[1944/4911] Prlv_TA2KSM_001.flac
[1945/4911] Prlv_TA2KSM_002.flac
[1946/4911] Prlv_TA2KSM_003.flac
[1947/4911] Prlv_TA2KSM_004.flac
[1948/4911] Prlv_TA2KSM_005.flac
[1949/4911] Prlv_TA2KSM_006.flac
[1950/4911] Prlv_TA2KSM_007.flac
[1951/4911] Prlv_TA2KSM_008.flac
[1952/4911] Q1DIEG8m_os_000.flac
[1953/4911] Q1DIEG8m_os_001.flac
[1954/4911] Q1DIEG8m_os_002.flac
[1955/4911] Q1DIEG8m_os_003.flac
[1956/4911] Q1DIEG8m_os_004.flac
[1957/4911] Q1DIEG8m_os_005.flac
[1958/4911] QE6ZYem6rZc_000.flac
[1959/4911] QE6ZYem6rZc_001.flac
[1960/4911] QE6ZYem6rZc_002.flac
[1961/4911] QE6ZYem6rZc_003.flac
[1962/4911] QFh7ktSHtsU_000.flac
[1963/4911] QFh7ktSHtsU_001.flac
[1964/4911] QFh7ktSHtsU_002.flac
[1965/4911] QFh7ktSHtsU_003.flac
[1966/4911] QFh7ktSHtsU_004.flac
[1967/4911] QFh7ktSHtsU_005.flac
[1968/4911] QFh7ktSHtsU_006.flac
[1969/4911] QFh7ktSHtsU_007.flac
[1970/4911] QMcQX7Yz53w_000.flac
[1971/4911] QMcQX7Yz53w_001.flac
[1972/4911] QMcQX7Yz53w_002.flac
[1973/4911] QMcQX7Yz53w_003.flac
[1974/4911] QMcQX7Yz53w_004.flac
[1975/4911] QgXuMcp2qJs_000.flac
[1976/4911] QgXuMcp2qJs_001.flac
[1977/4911] QgXuMcp2qJs_002.flac
[1978/4911] QgXuMcp2qJs_003.flac
[1979/4911] QgXuMcp2qJs_004.flac
[1980/4911] QjWjr1eyqDA_000.flac
[1981/4911] QjWjr1eyqDA_001.flac
[1982/4911] QjWjr1eyqDA_002.flac
[1983/4911] QjWjr1eyqDA_003.flac
[1984/4911] QjWjr1eyqDA_004.flac
[1985/4911] QjWjr1eyqDA_005.flac
[1986/4911] QjWjr1eyqDA_006.flac
[1987/4911] QjWjr1eyqDA_007.flac
[1988/4911] QjWjr1eyqDA_008.flac
[1989/4911] QjWjr1eyqDA_009.flac
[1990/4911] QjWjr1eyqDA_010.flac
[1991/4911] QjWjr1eyqDA_011.flac
[1992/4911] QjWjr1eyqDA_012.flac
[1993/4911] QjWjr1eyqDA_013.flac
[1994/4911] QjWjr1eyqDA_014.flac
[1995/4911] QjWjr1eyqDA_015.flac
[1996/4911] QjWjr1eyqDA_016.flac
[1997/4911] QjmVsoAbkB4_000.flac
[1998/4911] QjmVsoAbkB4_001.flac
[1999/4911] QjmVsoAbkB4_002.flac
[2000/4911] QjmVsoAbkB4_003.flac
[2001/4911] QjmVsoAbkB4_004.flac
[2002/4911] QqZnVpKZlaM_000.flac
[2003/4911] QqZnVpKZlaM_001.flac
[2004/4911] QqZnVpKZlaM_002.flac
[2005/4911] QqZnVpKZlaM_003.flac
[2006/4911] QqZnVpKZlaM_004.flac
[2007/4911] R1-E5NeMTq0_000.flac
[2008/4911] R1-E5NeMTq0_001.flac
[2009/4911] R1-E5NeMTq0_002.flac
[2010/4911] R1-E5NeMTq0_003.flac
[2011/4911] R1-E5NeMTq0_004.flac
[2012/4911] R1-E5NeMTq0_005.flac
[2013/4911] R1-E5NeMTq0_006.flac
[2014/4911] R1-E5NeMTq0_007.flac
[2015/4911] R1-E5NeMTq0_008.flac
[2016/4911] R1-E5NeMTq0_009.flac
[2017/4911] R1-E5NeMTq0_010.flac
[2018/4911] R1-E5NeMTq0_011.flac
[2019/4911] R1-E5NeMTq0_012.flac
[2020/4911] R1-E5NeMTq0_013.flac
[2021/4911] R1-E5NeMTq0_014.flac
[2022/4911] R1-E5NeMTq0_015.flac
[2023/4911] R1-E5NeMTq0_016.flac
[2024/4911] R1-E5NeMTq0_017.flac
[2025/4911] R1-E5NeMTq0_018.flac
[2026/4911] R1-E5NeMTq0_019.flac
[2027/4911] R1-E5NeMTq0_020.flac
[2028/4911] R43WTWwgYGY_000.flac
[2029/4911] R43WTWwgYGY_001.flac
[2030/4911] R43WTWwgYGY_002.flac
[2031/4911] R43WTWwgYGY_003.flac
[2032/4911] R43WTWwgYGY_004.flac
[2033/4911] R43WTWwgYGY_005.flac
[2034/4911] R43WTWwgYGY_006.flac
[2035/4911] R43WTWwgYGY_007.flac
[2036/4911] R43WTWwgYGY_008.flac
[2037/4911] R43WTWwgYGY_009.flac
[2038/4911] R43WTWwgYGY_010.flac
[2039/4911] R43WTWwgYGY_011.flac
[2040/4911] R43WTWwgYGY_012.flac
[2041/4911] RMOyCOQSNIQ_000.flac
[2042/4911] RMOyCOQSNIQ_001.flac
[2043/4911] RMOyCOQSNIQ_002.flac
[2044/4911] RMOyCOQSNIQ_003.flac
[2045/4911] RMOyCOQSNIQ_004.flac
[2046/4911] RMOyCOQSNIQ_005.flac
[2047/4911] RMOyCOQSNIQ_006.flac
[2048/4911] RMOyCOQSNIQ_007.flac
[2049/4911] RMOyCOQSNIQ_008.flac
[2050/4911] RMOyCOQSNIQ_009.flac
[2051/4911] RMOyCOQSNIQ_010.flac
[2052/4911] RMOyCOQSNIQ_011.flac
[2053/4911] RMOyCOQSNIQ_012.flac
[2054/4911] RMOyCOQSNIQ_013.flac
[2055/4911] RMOyCOQSNIQ_014.flac
[2056/4911] RMOyCOQSNIQ_015.flac
[2057/4911] RMOyCOQSNIQ_016.flac
[2058/4911] RTYjh4qhcEk_000.flac
[2059/4911] RTYjh4qhcEk_001.flac
[2060/4911] RTYjh4qhcEk_002.flac
[2061/4911] RTYjh4qhcEk_003.flac
[2062/4911] RTYjh4qhcEk_004.flac
[2063/4911] RTYjh4qhcEk_005.flac
[2064/4911] RYFm405HgV4_000.flac
[2065/4911] RYFm405HgV4_001.flac
[2066/4911] RZSN8vn4_1o_000.flac
[2067/4911] RZSN8vn4_1o_001.flac
[2068/4911] RZSN8vn4_1o_002.flac
[2069/4911] RZSN8vn4_1o_003.flac
[2070/4911] RZSN8vn4_1o_004.flac
[2071/4911] RZSN8vn4_1o_005.flac
[2072/4911] RZSN8vn4_1o_006.flac
[2073/4911] RZSN8vn4_1o_007.flac
[2074/4911] RZSN8vn4_1o_008.flac
[2075/4911] RZSN8vn4_1o_009.flac
[2076/4911] RZSN8vn4_1o_010.flac
[2077/4911] RZSN8vn4_1o_011.flac
[2078/4911] RZSN8vn4_1o_012.flac
[2079/4911] RZSN8vn4_1o_013.flac
[2080/4911] RZSN8vn4_1o_014.flac
[2081/4911] RZSN8vn4_1o_015.flac
[2082/4911] Rke75Kw5GU8_000.flac
[2083/4911] Rke75Kw5GU8_001.flac
[2084/4911] Rke75Kw5GU8_002.flac
[2085/4911] Rke75Kw5GU8_003.flac
[2086/4911] Rke75Kw5GU8_004.flac
[2087/4911] Rke75Kw5GU8_005.flac
[2088/4911] Rke75Kw5GU8_006.flac
[2089/4911] Rke75Kw5GU8_007.flac
[2090/4911] Rke75Kw5GU8_008.flac
[2091/4911] Rke75Kw5GU8_009.flac
[2092/4911] Rke75Kw5GU8_010.flac
[2093/4911] Rke75Kw5GU8_011.flac
[2094/4911] Rke75Kw5GU8_012.flac
[2095/4911] Rke75Kw5GU8_013.flac
[2096/4911] Rke75Kw5GU8_014.flac
[2097/4911] Rke75Kw5GU8_015.flac
[2098/4911] Rke75Kw5GU8_016.flac
[2099/4911] Rke75Kw5GU8_017.flac
[2100/4911] Rke75Kw5GU8_018.flac
[2101/4911] Rke75Kw5GU8_019.flac
[2102/4911] Rke75Kw5GU8_020.flac
[2103/4911] Rke75Kw5GU8_021.flac
[2104/4911] Rke75Kw5GU8_022.flac
[2105/4911] Rke75Kw5GU8_023.flac
[2106/4911] Rke75Kw5GU8_024.flac
[2107/4911] RnH3K-ddpjs_000.flac
[2108/4911] RnH3K-ddpjs_001.flac
[2109/4911] RnH3K-ddpjs_002.flac
[2110/4911] RnH3K-ddpjs_003.flac
[2111/4911] RnH3K-ddpjs_004.flac
[2112/4911] RnH3K-ddpjs_005.flac
[2113/4911] RnH3K-ddpjs_006.flac
[2114/4911] RnH3K-ddpjs_007.flac
[2115/4911] RnH3K-ddpjs_008.flac
[2116/4911] RnH3K-ddpjs_009.flac
[2117/4911] RnH3K-ddpjs_010.flac
[2118/4911] RnH3K-ddpjs_011.flac
[2119/4911] Rwq2tZR69No_000.flac
[2120/4911] Rwq2tZR69No_001.flac
[2121/4911] Rwq2tZR69No_002.flac
[2122/4911] Rwq2tZR69No_003.flac
[2123/4911] Rwq2tZR69No_004.flac
[2124/4911] Rwq2tZR69No_005.flac
[2125/4911] Rwq2tZR69No_006.flac
[2126/4911] Rwq2tZR69No_007.flac
[2127/4911] Rwq2tZR69No_008.flac
[2128/4911] Rwq2tZR69No_009.flac
[2129/4911] Rwq2tZR69No_010.flac
[2130/4911] Rwq2tZR69No_011.flac
[2131/4911] Rwq2tZR69No_012.flac
[2132/4911] Rwq2tZR69No_013.flac
[2133/4911] Rx2pH_xbJwE_000.flac
[2134/4911] Rx2pH_xbJwE_001.flac
[2135/4911] Rx2pH_xbJwE_002.flac
[2136/4911] Rx2pH_xbJwE_003.flac
[2137/4911] Rx2pH_xbJwE_004.flac
[2138/4911] Rx2pH_xbJwE_005.flac
[2139/4911] Rx2pH_xbJwE_006.flac
[2140/4911] Rx2pH_xbJwE_007.flac
[2141/4911] Rx2pH_xbJwE_008.flac
[2142/4911] Rx2pH_xbJwE_009.flac
[2143/4911] Rx2pH_xbJwE_010.flac
[2144/4911] S41cxlpNcAc_000.flac
[2145/4911] S41cxlpNcAc_001.flac
[2146/4911] S41cxlpNcAc_002.flac
[2147/4911] S41cxlpNcAc_003.flac
[2148/4911] S7tdhuGEHLk_000.flac
[2149/4911] S7tdhuGEHLk_001.flac
[2150/4911] S7tdhuGEHLk_002.flac
[2151/4911] S7tdhuGEHLk_003.flac
[2152/4911] S7tdhuGEHLk_004.flac
[2153/4911] SFBrInCe1SM_000.flac
[2154/4911] SFBrInCe1SM_001.flac
[2155/4911] SO3bKXmHRRY_000.flac
[2156/4911] SO3bKXmHRRY_001.flac
[2157/4911] SO3bKXmHRRY_002.flac
[2158/4911] SOtBjHRIAMU_000.flac
[2159/4911] SOtBjHRIAMU_001.flac
[2160/4911] SOtBjHRIAMU_002.flac
[2161/4911] SOtBjHRIAMU_003.flac
[2162/4911] SOtBjHRIAMU_004.flac
[2163/4911] SRpa-WO48cQ_000.flac
[2164/4911] SRpa-WO48cQ_001.flac
[2165/4911] SRpa-WO48cQ_002.flac
[2166/4911] SRpa-WO48cQ_003.flac
[2167/4911] SRpa-WO48cQ_004.flac
[2168/4911] SRpa-WO48cQ_005.flac
[2169/4911] SRpa-WO48cQ_006.flac
[2170/4911] SRpa-WO48cQ_007.flac
[2171/4911] SRpa-WO48cQ_008.flac
[2172/4911] SRpa-WO48cQ_009.flac
[2173/4911] SRpa-WO48cQ_010.flac
[2174/4911] SRpa-WO48cQ_011.flac
[2175/4911] SRpa-WO48cQ_012.flac
[2176/4911] SRpa-WO48cQ_013.flac
[2177/4911] SRpa-WO48cQ_014.flac
[2178/4911] SRpa-WO48cQ_015.flac
[2179/4911] SRpa-WO48cQ_016.flac
[2180/4911] SRpa-WO48cQ_017.flac
[2181/4911] SRpa-WO48cQ_018.flac
[2182/4911] SRpa-WO48cQ_019.flac
[2183/4911] SRpa-WO48cQ_020.flac
[2184/4911] SRpa-WO48cQ_021.flac
[2185/4911] SRpa-WO48cQ_022.flac
[2186/4911] SRpa-WO48cQ_023.flac
[2187/4911] SRpa-WO48cQ_024.flac
[2188/4911] SRpa-WO48cQ_025.flac
[2189/4911] SRpa-WO48cQ_026.flac
[2190/4911] SRpa-WO48cQ_027.flac
[2191/4911] Sb_8xsOD9ps_000.flac
[2192/4911] Sb_8xsOD9ps_001.flac
[2193/4911] SheQHIKfZrA_000.flac
[2194/4911] SheQHIKfZrA_001.flac
[2195/4911] SheQHIKfZrA_002.flac
[2196/4911] SkOPCvsnxsg_000.flac
[2197/4911] SkOPCvsnxsg_001.flac
[2198/4911] SkOPCvsnxsg_002.flac
[2199/4911] SkOPCvsnxsg_003.flac
[2200/4911] SkOPCvsnxsg_004.flac
[2201/4911] SkOPCvsnxsg_005.flac
[2202/4911] SkOPCvsnxsg_006.flac
[2203/4911] SkOPCvsnxsg_007.flac
[2204/4911] SkOPCvsnxsg_008.flac
[2205/4911] SkOPCvsnxsg_009.flac
[2206/4911] SkOPCvsnxsg_010.flac
[2207/4911] SkOPCvsnxsg_011.flac
[2208/4911] SkOPCvsnxsg_012.flac
[2209/4911] SkOPCvsnxsg_013.flac
[2210/4911] SkOPCvsnxsg_014.flac
[2211/4911] SkOPCvsnxsg_015.flac
[2212/4911] SkOPCvsnxsg_016.flac
[2213/4911] SkOPCvsnxsg_017.flac
[2214/4911] SkOPCvsnxsg_018.flac
[2215/4911] SkOPCvsnxsg_019.flac
[2216/4911] SkOPCvsnxsg_020.flac
[2217/4911] SkOPCvsnxsg_021.flac
[2218/4911] SkOPCvsnxsg_022.flac
[2219/4911] SkOPCvsnxsg_023.flac
[2220/4911] SkOPCvsnxsg_024.flac
[2221/4911] SkOPCvsnxsg_025.flac
[2222/4911] SkOPCvsnxsg_026.flac
[2223/4911] SkOPCvsnxsg_027.flac
[2224/4911] SkOPCvsnxsg_028.flac
[2225/4911] SkOPCvsnxsg_029.flac
[2226/4911] SkOPCvsnxsg_030.flac
[2227/4911] SkOPCvsnxsg_031.flac
[2228/4911] SkOPCvsnxsg_032.flac
[2229/4911] SkOPCvsnxsg_033.flac
[2230/4911] SkOPCvsnxsg_034.flac
[2231/4911] SkOPCvsnxsg_035.flac
[2232/4911] SkOPCvsnxsg_036.flac
[2233/4911] SkOPCvsnxsg_037.flac
[2234/4911] SkOPCvsnxsg_038.flac
[2235/4911] T0Cup5Bdkf4_000.flac
[2236/4911] T0Cup5Bdkf4_001.flac
[2237/4911] T0Cup5Bdkf4_002.flac
[2238/4911] T0Cup5Bdkf4_003.flac
[2239/4911] T0Cup5Bdkf4_004.flac
[2240/4911] T0Cup5Bdkf4_005.flac
[2241/4911] T0Cup5Bdkf4_006.flac
[2242/4911] T0Cup5Bdkf4_007.flac
[2243/4911] T0Cup5Bdkf4_008.flac
[2244/4911] T0Cup5Bdkf4_009.flac
[2245/4911] T0Cup5Bdkf4_010.flac
[2246/4911] T0Cup5Bdkf4_011.flac
[2247/4911] T9Yi2rohQUQ_000.flac
[2248/4911] T9Yi2rohQUQ_001.flac
[2249/4911] T9Yi2rohQUQ_002.flac
[2250/4911] T9Yi2rohQUQ_003.flac
[2251/4911] T9Yi2rohQUQ_004.flac
[2252/4911] T9Yi2rohQUQ_005.flac
[2253/4911] T9Yi2rohQUQ_006.flac
[2254/4911] T9Yi2rohQUQ_007.flac
[2255/4911] T9Yi2rohQUQ_008.flac
[2256/4911] T9Yi2rohQUQ_009.flac
[2257/4911] T9Yi2rohQUQ_010.flac
[2258/4911] T9Yi2rohQUQ_011.flac
[2259/4911] TA0W22-E_0M_000.flac
[2260/4911] TA0W22-E_0M_001.flac
[2261/4911] TA0W22-E_0M_002.flac
[2262/4911] TA0W22-E_0M_003.flac
[2263/4911] TA0W22-E_0M_004.flac
[2264/4911] TA0W22-E_0M_005.flac
[2265/4911] TA0W22-E_0M_006.flac
[2266/4911] TA0W22-E_0M_007.flac
[2267/4911] TA0W22-E_0M_008.flac
[2268/4911] TA0W22-E_0M_009.flac
[2269/4911] TGfr8DXepFM_000.flac
[2270/4911] TGfr8DXepFM_001.flac
[2271/4911] TGfr8DXepFM_002.flac
[2272/4911] TGfr8DXepFM_003.flac
[2273/4911] TRnR3FYiJps_000.flac
[2274/4911] TRnR3FYiJps_001.flac
[2275/4911] TRnR3FYiJps_002.flac
[2276/4911] TRnR3FYiJps_003.flac
[2277/4911] TRnR3FYiJps_004.flac
[2278/4911] TRnR3FYiJps_005.flac
[2279/4911] TWoH_ijjAUk_000.flac
[2280/4911] TWoH_ijjAUk_001.flac
[2281/4911] TWoH_ijjAUk_002.flac
[2282/4911] TWoH_ijjAUk_003.flac
[2283/4911] TWoH_ijjAUk_004.flac
[2284/4911] TWoH_ijjAUk_005.flac
[2285/4911] TWoH_ijjAUk_006.flac
[2286/4911] TWoH_ijjAUk_007.flac
[2287/4911] TWoH_ijjAUk_008.flac
[2288/4911] TWoH_ijjAUk_009.flac
[2289/4911] TWoH_ijjAUk_010.flac
[2290/4911] TWoH_ijjAUk_011.flac
[2291/4911] TWoH_ijjAUk_012.flac
[2292/4911] TWoH_ijjAUk_013.flac
[2293/4911] TWoH_ijjAUk_014.flac
[2294/4911] TWoH_ijjAUk_015.flac
[2295/4911] TWoH_ijjAUk_016.flac
[2296/4911] TWoH_ijjAUk_017.flac
[2297/4911] TWoH_ijjAUk_018.flac
[2298/4911] TWoH_ijjAUk_019.flac
[2299/4911] TWoH_ijjAUk_020.flac
[2300/4911] TWoH_ijjAUk_021.flac
[2301/4911] TWoH_ijjAUk_022.flac
[2302/4911] TWoH_ijjAUk_023.flac
[2303/4911] TWoH_ijjAUk_024.flac
[2304/4911] TWoH_ijjAUk_025.flac
[2305/4911] TWoH_ijjAUk_026.flac
[2306/4911] TWoH_ijjAUk_027.flac
[2307/4911] TWoH_ijjAUk_028.flac
[2308/4911] TWoH_ijjAUk_029.flac
[2309/4911] TWoH_ijjAUk_030.flac
[2310/4911] TWoH_ijjAUk_031.flac
[2311/4911] TWoH_ijjAUk_032.flac
[2312/4911] TWoH_ijjAUk_033.flac
[2313/4911] TWoH_ijjAUk_034.flac
[2314/4911] TWoH_ijjAUk_035.flac
[2315/4911] TWoH_ijjAUk_036.flac
[2316/4911] TWoH_ijjAUk_037.flac
[2317/4911] TWoH_ijjAUk_038.flac
[2318/4911] TWoH_ijjAUk_039.flac
[2319/4911] TWoH_ijjAUk_040.flac
[2320/4911] TWoH_ijjAUk_041.flac
[2321/4911] TWoH_ijjAUk_042.flac
[2322/4911] TWoH_ijjAUk_043.flac
[2323/4911] TpKyBapvTbE_000.flac
[2324/4911] TpKyBapvTbE_001.flac
[2325/4911] TpKyBapvTbE_002.flac
[2326/4911] TpKyBapvTbE_003.flac
[2327/4911] TpKyBapvTbE_004.flac
[2328/4911] TpKyBapvTbE_005.flac
[2329/4911] TpKyBapvTbE_006.flac
[2330/4911] TrLtHAYYW2c_000.flac
[2331/4911] TrLtHAYYW2c_001.flac
[2332/4911] TrLtHAYYW2c_002.flac
[2333/4911] TrLtHAYYW2c_003.flac
[2334/4911] TrLtHAYYW2c_004.flac
[2335/4911] U36zHkmhn-c_000.flac
[2336/4911] U36zHkmhn-c_001.flac
[2337/4911] U36zHkmhn-c_002.flac
[2338/4911] U36zHkmhn-c_003.flac
[2339/4911] U36zHkmhn-c_004.flac
[2340/4911] U36zHkmhn-c_005.flac
[2341/4911] U36zHkmhn-c_006.flac
[2342/4911] U36zHkmhn-c_007.flac
[2343/4911] U36zHkmhn-c_008.flac
[2344/4911] U36zHkmhn-c_009.flac
[2345/4911] U36zHkmhn-c_010.flac
[2346/4911] U36zHkmhn-c_011.flac
[2347/4911] U36zHkmhn-c_012.flac
[2348/4911] U36zHkmhn-c_013.flac
[2349/4911] U36zHkmhn-c_014.flac
[2350/4911] U36zHkmhn-c_015.flac
[2351/4911] U36zHkmhn-c_016.flac
[2352/4911] U36zHkmhn-c_017.flac
[2353/4911] U36zHkmhn-c_018.flac
[2354/4911] U36zHkmhn-c_019.flac
[2355/4911] U36zHkmhn-c_020.flac
[2356/4911] U36zHkmhn-c_021.flac
[2357/4911] U36zHkmhn-c_022.flac
[2358/4911] U36zHkmhn-c_023.flac
[2359/4911] U36zHkmhn-c_024.flac
[2360/4911] U36zHkmhn-c_025.flac
[2361/4911] U36zHkmhn-c_026.flac
[2362/4911] U36zHkmhn-c_027.flac
[2363/4911] U6kEU5fVy8M_000.flac
[2364/4911] U6kEU5fVy8M_001.flac
[2365/4911] U6kEU5fVy8M_002.flac
[2366/4911] U6kEU5fVy8M_003.flac
[2367/4911] U6kEU5fVy8M_004.flac
[2368/4911] U6kEU5fVy8M_005.flac
[2369/4911] U6kEU5fVy8M_006.flac
[2370/4911] U6kEU5fVy8M_007.flac
[2371/4911] U6kEU5fVy8M_008.flac
[2372/4911] U6kEU5fVy8M_009.flac
[2373/4911] U6kEU5fVy8M_010.flac
[2374/4911] U6kEU5fVy8M_011.flac
[2375/4911] U6kEU5fVy8M_012.flac
[2376/4911] U6kEU5fVy8M_013.flac
[2377/4911] UAsnU0Vn_go_000.flac
[2378/4911] UAsnU0Vn_go_001.flac
[2379/4911] UAsnU0Vn_go_002.flac
[2380/4911] UAsnU0Vn_go_003.flac
[2381/4911] UAsnU0Vn_go_004.flac
[2382/4911] UAsnU0Vn_go_005.flac
[2383/4911] UAsnU0Vn_go_006.flac
[2384/4911] UAsnU0Vn_go_007.flac
[2385/4911] UAsnU0Vn_go_008.flac
[2386/4911] UAsnU0Vn_go_009.flac
[2387/4911] UAsnU0Vn_go_010.flac
[2388/4911] UAsnU0Vn_go_011.flac
[2389/4911] UAsnU0Vn_go_012.flac
[2390/4911] UAsnU0Vn_go_013.flac
[2391/4911] UAsnU0Vn_go_014.flac
[2392/4911] UAsnU0Vn_go_015.flac
[2393/4911] UE2Yh076-V0_000.flac
[2394/4911] UE2Yh076-V0_001.flac
[2395/4911] UE2Yh076-V0_002.flac
[2396/4911] ULm0hQPi1FA_000.flac
[2397/4911] ULm0hQPi1FA_001.flac
[2398/4911] ULm0hQPi1FA_002.flac
[2399/4911] ULm0hQPi1FA_003.flac
[2400/4911] ULm0hQPi1FA_004.flac
[2401/4911] ULm0hQPi1FA_005.flac
[2402/4911] ULm0hQPi1FA_006.flac
[2403/4911] UYQD1u6EOj4_000.flac
[2404/4911] UYQD1u6EOj4_001.flac
[2405/4911] UYQD1u6EOj4_002.flac
[2406/4911] UYQD1u6EOj4_003.flac
[2407/4911] UYQD1u6EOj4_004.flac
[2408/4911] UYQD1u6EOj4_005.flac
[2409/4911] UYQD1u6EOj4_006.flac
[2410/4911] UYQD1u6EOj4_007.flac
[2411/4911] UYQD1u6EOj4_008.flac
[2412/4911] UYQD1u6EOj4_009.flac
[2413/4911] UYQD1u6EOj4_010.flac
[2414/4911] UYQD1u6EOj4_011.flac
[2415/4911] UYQD1u6EOj4_012.flac
[2416/4911] UYQD1u6EOj4_013.flac
[2417/4911] Ue3PasbN4c4_000.flac
[2418/4911] Ue3PasbN4c4_001.flac
[2419/4911] Ue3PasbN4c4_002.flac
[2420/4911] Ue3PasbN4c4_003.flac
[2421/4911] Ue3PasbN4c4_004.flac
[2422/4911] Ue3PasbN4c4_005.flac
[2423/4911] Ue3PasbN4c4_006.flac
[2424/4911] Ue3PasbN4c4_007.flac
[2425/4911] Ue3PasbN4c4_008.flac
[2426/4911] Uw_m6F9DL8Q_000.flac
[2427/4911] Uw_m6F9DL8Q_001.flac
[2428/4911] Uw_m6F9DL8Q_002.flac
[2429/4911] Uw_m6F9DL8Q_003.flac
[2430/4911] Uw_m6F9DL8Q_004.flac
[2431/4911] Uw_m6F9DL8Q_005.flac
[2432/4911] Uw_m6F9DL8Q_006.flac
[2433/4911] Uw_m6F9DL8Q_007.flac
[2434/4911] Uw_m6F9DL8Q_008.flac
[2435/4911] V5rV2K_PbJI_000.flac
[2436/4911] V5rV2K_PbJI_001.flac
[2437/4911] V5rV2K_PbJI_002.flac
[2438/4911] V5rV2K_PbJI_003.flac
[2439/4911] V5rV2K_PbJI_004.flac
[2440/4911] V5rV2K_PbJI_005.flac
[2441/4911] V5rV2K_PbJI_006.flac
[2442/4911] V5rV2K_PbJI_007.flac
[2443/4911] V5rV2K_PbJI_008.flac
[2444/4911] V5rV2K_PbJI_009.flac
[2445/4911] V5rV2K_PbJI_010.flac
[2446/4911] V5rV2K_PbJI_011.flac
[2447/4911] V5rV2K_PbJI_012.flac
[2448/4911] V5rV2K_PbJI_013.flac
[2449/4911] V5rV2K_PbJI_014.flac
[2450/4911] V5rV2K_PbJI_015.flac
[2451/4911] V5rV2K_PbJI_016.flac
[2452/4911] V65IV4tY3S0_000.flac
[2453/4911] V65IV4tY3S0_001.flac
[2454/4911] V65IV4tY3S0_002.flac
[2455/4911] V65IV4tY3S0_003.flac
[2456/4911] V65IV4tY3S0_004.flac
[2457/4911] V65IV4tY3S0_005.flac
[2458/4911] V65IV4tY3S0_006.flac
[2459/4911] VIXesMqwTbk_000.flac
[2460/4911] VIXesMqwTbk_001.flac
[2461/4911] VIXesMqwTbk_002.flac
[2462/4911] VIXesMqwTbk_003.flac
[2463/4911] VIXesMqwTbk_004.flac
[2464/4911] VIXesMqwTbk_005.flac
[2465/4911] VIXesMqwTbk_006.flac
[2466/4911] VIXesMqwTbk_007.flac
[2467/4911] VIXesMqwTbk_008.flac
[2468/4911] VOlUzFvL6OY_000.flac
[2469/4911] VOlUzFvL6OY_001.flac
[2470/4911] VOlUzFvL6OY_002.flac
[2471/4911] VOlUzFvL6OY_003.flac
[2472/4911] VOlUzFvL6OY_004.flac
[2473/4911] VOlUzFvL6OY_005.flac
[2474/4911] VOlUzFvL6OY_006.flac
[2475/4911] VSRNkjL-Rs8_000.flac
[2476/4911] VSRNkjL-Rs8_001.flac
[2477/4911] VSRNkjL-Rs8_002.flac
[2478/4911] VSRNkjL-Rs8_003.flac
[2479/4911] VSRNkjL-Rs8_004.flac
[2480/4911] VSRNkjL-Rs8_005.flac
[2481/4911] VSRNkjL-Rs8_006.flac
[2482/4911] VSRNkjL-Rs8_007.flac
[2483/4911] VV08vrYsfEc_000.flac
[2484/4911] VV08vrYsfEc_001.flac
[2485/4911] VV08vrYsfEc_002.flac
[2486/4911] VV08vrYsfEc_003.flac
[2487/4911] VV08vrYsfEc_004.flac
[2488/4911] V_HbhFRv6l4_000.flac
[2489/4911] V_HbhFRv6l4_001.flac
[2490/4911] V_HbhFRv6l4_002.flac
[2491/4911] V_HbhFRv6l4_003.flac
[2492/4911] V_HbhFRv6l4_004.flac
[2493/4911] V_HbhFRv6l4_005.flac
[2494/4911] V_HbhFRv6l4_006.flac
[2495/4911] V_HbhFRv6l4_007.flac
[2496/4911] V_HbhFRv6l4_008.flac
[2497/4911] V_HbhFRv6l4_009.flac
[2498/4911] V_HbhFRv6l4_010.flac
[2499/4911] V_HbhFRv6l4_011.flac
[2500/4911] V_HbhFRv6l4_012.flac
[2501/4911] V_HbhFRv6l4_013.flac
[2502/4911] Vw6jr6ClWSo_000.flac
[2503/4911] Vw6jr6ClWSo_001.flac
[2504/4911] Vw6jr6ClWSo_002.flac
[2505/4911] Vw6jr6ClWSo_003.flac
[2506/4911] W3L1YQiN-vs_000.flac
[2507/4911] W3L1YQiN-vs_001.flac
[2508/4911] W3L1YQiN-vs_002.flac
[2509/4911] W3t3MS0YG8Q_000.flac
[2510/4911] W3t3MS0YG8Q_001.flac
[2511/4911] W3t3MS0YG8Q_002.flac
[2512/4911] W3t3MS0YG8Q_003.flac
[2513/4911] W3t3MS0YG8Q_004.flac
[2514/4911] W3t3MS0YG8Q_005.flac
[2515/4911] W3t3MS0YG8Q_006.flac
[2516/4911] W3t3MS0YG8Q_007.flac
[2517/4911] W3t3MS0YG8Q_008.flac
[2518/4911] W6q_eMvdJ1Y_000.flac
[2519/4911] W6q_eMvdJ1Y_001.flac
[2520/4911] W6q_eMvdJ1Y_002.flac
[2521/4911] W6q_eMvdJ1Y_003.flac
[2522/4911] W6q_eMvdJ1Y_004.flac
[2523/4911] W6q_eMvdJ1Y_005.flac
[2524/4911] W6q_eMvdJ1Y_006.flac
[2525/4911] W6q_eMvdJ1Y_007.flac
[2526/4911] W6q_eMvdJ1Y_008.flac
[2527/4911] W6q_eMvdJ1Y_009.flac
[2528/4911] WCpDbhSyK7k_000.flac
[2529/4911] WCpDbhSyK7k_001.flac
[2530/4911] WCpDbhSyK7k_002.flac
[2531/4911] WCpDbhSyK7k_003.flac
[2532/4911] WCpDbhSyK7k_004.flac
[2533/4911] WCpDbhSyK7k_005.flac
[2534/4911] WCpDbhSyK7k_006.flac
[2535/4911] WCpDbhSyK7k_007.flac
[2536/4911] WCpDbhSyK7k_008.flac
[2537/4911] WCpDbhSyK7k_009.flac
[2538/4911] WCpDbhSyK7k_010.flac
[2539/4911] WCpDbhSyK7k_011.flac
[2540/4911] WCpDbhSyK7k_012.flac
[2541/4911] WCpDbhSyK7k_013.flac
[2542/4911] WCpDbhSyK7k_014.flac
[2543/4911] WCpDbhSyK7k_015.flac
[2544/4911] WFtzJD_UhfU_000.flac
[2545/4911] WFtzJD_UhfU_001.flac
[2546/4911] WFtzJD_UhfU_002.flac
[2547/4911] WFtzJD_UhfU_003.flac
[2548/4911] WFtzJD_UhfU_004.flac
[2549/4911] WceS1ddqRLI_000.flac
[2550/4911] WceS1ddqRLI_001.flac
[2551/4911] WceS1ddqRLI_002.flac
[2552/4911] WceS1ddqRLI_003.flac
[2553/4911] WceS1ddqRLI_004.flac
[2554/4911] WceS1ddqRLI_005.flac
[2555/4911] WceS1ddqRLI_006.flac
[2556/4911] WceS1ddqRLI_007.flac
[2557/4911] Whvy26QDqpk_000.flac
[2558/4911] Whvy26QDqpk_001.flac
[2559/4911] Whvy26QDqpk_002.flac
[2560/4911] Whvy26QDqpk_003.flac
[2561/4911] Ws-kE2loi9E_000.flac
[2562/4911] Ws-kE2loi9E_001.flac
[2563/4911] Ws-kE2loi9E_002.flac
[2564/4911] Ws-kE2loi9E_003.flac
[2565/4911] WzFTOmosXpg_000.flac
[2566/4911] WzFTOmosXpg_001.flac
[2567/4911] WzFTOmosXpg_002.flac
[2568/4911] WzFTOmosXpg_003.flac
[2569/4911] WzFTOmosXpg_004.flac
[2570/4911] X0KbsvCMKPY_000.flac
[2571/4911] X0KbsvCMKPY_001.flac
[2572/4911] X0KbsvCMKPY_002.flac
[2573/4911] X0KbsvCMKPY_003.flac
[2574/4911] X0KbsvCMKPY_004.flac
[2575/4911] X0OHN5iUdWk_000.flac
[2576/4911] X0OHN5iUdWk_001.flac
[2577/4911] X0OHN5iUdWk_002.flac
[2578/4911] X0OHN5iUdWk_003.flac
[2579/4911] X0OHN5iUdWk_004.flac
[2580/4911] X0OHN5iUdWk_005.flac
[2581/4911] X0gS6HRSeVw_000.flac
[2582/4911] X0gS6HRSeVw_001.flac
[2583/4911] X0gS6HRSeVw_002.flac
[2584/4911] X0gS6HRSeVw_003.flac
[2585/4911] X0gS6HRSeVw_004.flac
[2586/4911] X1jILspAmNs_000.flac
[2587/4911] X1jILspAmNs_001.flac
[2588/4911] X1jILspAmNs_002.flac
[2589/4911] X1jILspAmNs_003.flac
[2590/4911] X1jILspAmNs_004.flac
[2591/4911] X1jILspAmNs_005.flac
[2592/4911] X1jILspAmNs_006.flac
[2593/4911] X1jILspAmNs_007.flac
[2594/4911] X1jILspAmNs_008.flac
[2595/4911] X1jILspAmNs_009.flac
[2596/4911] X1jILspAmNs_010.flac
[2597/4911] X7Q_g9P-Pa4_000.flac
[2598/4911] X7Q_g9P-Pa4_001.flac
[2599/4911] X7Q_g9P-Pa4_002.flac
[2600/4911] X7Q_g9P-Pa4_003.flac
[2601/4911] X7Q_g9P-Pa4_004.flac
[2602/4911] X7Q_g9P-Pa4_005.flac
[2603/4911] X7Q_g9P-Pa4_006.flac
[2604/4911] X7Q_g9P-Pa4_007.flac
[2605/4911] X7Q_g9P-Pa4_008.flac
[2606/4911] X7Q_g9P-Pa4_009.flac
[2607/4911] X7Q_g9P-Pa4_010.flac
[2608/4911] X7Q_g9P-Pa4_011.flac
[2609/4911] X7Q_g9P-Pa4_012.flac
[2610/4911] XBgO4iQ6JwY_000.flac
[2611/4911] XBgO4iQ6JwY_001.flac
[2612/4911] XBgO4iQ6JwY_002.flac
[2613/4911] XBgO4iQ6JwY_003.flac
[2614/4911] XBgO4iQ6JwY_004.flac
[2615/4911] XBgO4iQ6JwY_005.flac
[2616/4911] XBgO4iQ6JwY_006.flac
[2617/4911] XBgO4iQ6JwY_007.flac
[2618/4911] XBgO4iQ6JwY_008.flac
[2619/4911] XBgO4iQ6JwY_009.flac
[2620/4911] XHHm38uL7Rs_000.flac
[2621/4911] XHHm38uL7Rs_001.flac
[2622/4911] XHHm38uL7Rs_002.flac
[2623/4911] XHHm38uL7Rs_003.flac
[2624/4911] XNW1Cjr6bLg_000.flac
[2625/4911] XNW1Cjr6bLg_001.flac
[2626/4911] XNW1Cjr6bLg_002.flac
[2627/4911] XNW1Cjr6bLg_003.flac
[2628/4911] XNW1Cjr6bLg_004.flac
[2629/4911] XNW1Cjr6bLg_005.flac
[2630/4911] XNW1Cjr6bLg_006.flac
[2631/4911] XNW1Cjr6bLg_007.flac
[2632/4911] XNW1Cjr6bLg_008.flac
[2633/4911] XNW1Cjr6bLg_009.flac
[2634/4911] XNW1Cjr6bLg_010.flac
[2635/4911] XQx_179B1l8_000.flac
[2636/4911] XQx_179B1l8_001.flac
[2637/4911] XQx_179B1l8_002.flac
[2638/4911] XQx_179B1l8_003.flac
[2639/4911] XQx_179B1l8_004.flac
[2640/4911] XQx_179B1l8_005.flac
[2641/4911] XQx_179B1l8_006.flac
[2642/4911] XQx_179B1l8_007.flac
[2643/4911] XQx_179B1l8_008.flac
[2644/4911] XfuquiAUeSY_000.flac
[2645/4911] XfuquiAUeSY_001.flac
[2646/4911] XfuquiAUeSY_002.flac
[2647/4911] XfuquiAUeSY_003.flac
[2648/4911] XfuquiAUeSY_004.flac
[2649/4911] XhjXPvA0FhU_000.flac
[2650/4911] XhjXPvA0FhU_001.flac
[2651/4911] XhjXPvA0FhU_002.flac
[2652/4911] XhtThcouRjo_000.flac
[2653/4911] XhtThcouRjo_001.flac
[2654/4911] XhtThcouRjo_002.flac
[2655/4911] XhtThcouRjo_003.flac
[2656/4911] XhtThcouRjo_004.flac
[2657/4911] XoSr_UFugbc_000.flac
[2658/4911] XoSr_UFugbc_001.flac
[2659/4911] XoSr_UFugbc_002.flac
[2660/4911] XoSr_UFugbc_003.flac
[2661/4911] XoSr_UFugbc_004.flac
[2662/4911] XoSr_UFugbc_005.flac
[2663/4911] XoSr_UFugbc_006.flac
[2664/4911] XoSr_UFugbc_007.flac
[2665/4911] XoSr_UFugbc_008.flac
[2666/4911] XoSr_UFugbc_009.flac
[2667/4911] XoSr_UFugbc_010.flac
[2668/4911] XoSr_UFugbc_011.flac
[2669/4911] XoSr_UFugbc_012.flac
[2670/4911] XoSr_UFugbc_013.flac
[2671/4911] XoSr_UFugbc_014.flac
[2672/4911] XoSr_UFugbc_015.flac
[2673/4911] XoSr_UFugbc_016.flac
[2674/4911] XoSr_UFugbc_017.flac
[2675/4911] XoSr_UFugbc_018.flac
[2676/4911] XoSr_UFugbc_019.flac
[2677/4911] XoSr_UFugbc_020.flac
[2678/4911] XoSr_UFugbc_021.flac
[2679/4911] XoSr_UFugbc_022.flac
[2680/4911] XoSr_UFugbc_023.flac
[2681/4911] XrKoDnOcgmk_000.flac
[2682/4911] XrKoDnOcgmk_001.flac
[2683/4911] XrKoDnOcgmk_002.flac
[2684/4911] XrKoDnOcgmk_003.flac
[2685/4911] XrKoDnOcgmk_004.flac
[2686/4911] Y0Ldjrv-EK0_000.flac
[2687/4911] Y0Ldjrv-EK0_001.flac
[2688/4911] Y0Ldjrv-EK0_002.flac
[2689/4911] YBk5juEYqLk_000.flac
[2690/4911] YBk5juEYqLk_001.flac
[2691/4911] YBk5juEYqLk_002.flac
[2692/4911] YBk5juEYqLk_003.flac
[2693/4911] YBk5juEYqLk_004.flac
[2694/4911] YE84Iy5vwHc_000.flac
[2695/4911] YE84Iy5vwHc_001.flac
[2696/4911] YE84Iy5vwHc_002.flac
[2697/4911] YE84Iy5vwHc_003.flac
[2698/4911] YNw8-7yDYqQ_000.flac
[2699/4911] YNw8-7yDYqQ_001.flac
[2700/4911] YNw8-7yDYqQ_002.flac
[2701/4911] YNw8-7yDYqQ_003.flac
[2702/4911] YNw8-7yDYqQ_004.flac
[2703/4911] YNw8-7yDYqQ_005.flac
[2704/4911] YNw8-7yDYqQ_006.flac
[2705/4911] YNw8-7yDYqQ_007.flac
[2706/4911] YNw8-7yDYqQ_008.flac
[2707/4911] YNw8-7yDYqQ_009.flac
[2708/4911] YNw8-7yDYqQ_010.flac
[2709/4911] YNw8-7yDYqQ_011.flac
[2710/4911] YNw8-7yDYqQ_012.flac
[2711/4911] YNw8-7yDYqQ_013.flac
[2712/4911] YNw8-7yDYqQ_014.flac
[2713/4911] YNw8-7yDYqQ_015.flac
[2714/4911] YNw8-7yDYqQ_016.flac
[2715/4911] YNw8-7yDYqQ_017.flac
[2716/4911] YNw8-7yDYqQ_018.flac
[2717/4911] YNw8-7yDYqQ_019.flac
[2718/4911] YNw8-7yDYqQ_020.flac
[2719/4911] YNw8-7yDYqQ_021.flac
[2720/4911] YNw8-7yDYqQ_022.flac
[2721/4911] YNw8-7yDYqQ_023.flac
[2722/4911] YNw8-7yDYqQ_024.flac
[2723/4911] YNw8-7yDYqQ_025.flac
[2724/4911] YV9XuD-BsfY_000.flac
[2725/4911] YV9XuD-BsfY_001.flac
[2726/4911] YV9XuD-BsfY_002.flac
[2727/4911] YV9XuD-BsfY_003.flac
[2728/4911] YV9XuD-BsfY_004.flac
[2729/4911] YV9XuD-BsfY_005.flac
[2730/4911] YV9XuD-BsfY_006.flac
[2731/4911] YV9XuD-BsfY_007.flac
[2732/4911] YV9XuD-BsfY_008.flac
[2733/4911] YV9XuD-BsfY_009.flac
[2734/4911] YV9XuD-BsfY_010.flac
[2735/4911] YV9XuD-BsfY_011.flac
[2736/4911] YV9XuD-BsfY_012.flac
[2737/4911] YZwJFoSGjX8_000.flac
[2738/4911] YZwJFoSGjX8_001.flac
[2739/4911] YZwJFoSGjX8_002.flac
[2740/4911] YZwJFoSGjX8_003.flac
[2741/4911] YZwJFoSGjX8_004.flac
[2742/4911] YcdvhG8bY2M_000.flac
[2743/4911] YcdvhG8bY2M_001.flac
[2744/4911] YcdvhG8bY2M_002.flac
[2745/4911] YcdvhG8bY2M_003.flac
[2746/4911] YjCvF8VfjV4_000.flac
[2747/4911] YjCvF8VfjV4_001.flac
[2748/4911] YjCvF8VfjV4_002.flac
[2749/4911] YjCvF8VfjV4_003.flac
[2750/4911] YjCvF8VfjV4_004.flac
[2751/4911] YjCvF8VfjV4_005.flac
[2752/4911] YjCvF8VfjV4_006.flac
[2753/4911] YjCvF8VfjV4_007.flac
[2754/4911] YjCvF8VfjV4_008.flac
[2755/4911] YjCvF8VfjV4_009.flac
[2756/4911] YjCvF8VfjV4_010.flac
[2757/4911] YjCvF8VfjV4_011.flac
[2758/4911] YjCvF8VfjV4_012.flac
[2759/4911] YjCvF8VfjV4_013.flac
[2760/4911] YjCvF8VfjV4_014.flac
[2761/4911] YjCvF8VfjV4_015.flac
[2762/4911] YjCvF8VfjV4_016.flac
[2763/4911] ZLG2nJtty3c_000.flac
[2764/4911] ZLG2nJtty3c_001.flac
[2765/4911] ZLG2nJtty3c_002.flac
[2766/4911] ZLG2nJtty3c_003.flac
[2767/4911] ZLG2nJtty3c_004.flac
[2768/4911] ZLG2nJtty3c_005.flac
[2769/4911] ZLG2nJtty3c_006.flac
[2770/4911] ZLG2nJtty3c_007.flac
[2771/4911] ZLG2nJtty3c_008.flac
[2772/4911] ZMunEzpO-TY_000.flac
[2773/4911] ZMunEzpO-TY_001.flac
[2774/4911] ZMunEzpO-TY_002.flac
[2775/4911] ZMunEzpO-TY_003.flac
[2776/4911] ZMunEzpO-TY_004.flac
[2777/4911] ZMunEzpO-TY_005.flac
[2778/4911] ZMunEzpO-TY_006.flac
[2779/4911] ZMunEzpO-TY_007.flac
[2780/4911] ZMunEzpO-TY_008.flac
[2781/4911] ZMunEzpO-TY_009.flac
[2782/4911] ZXl6sv6TAU4_000.flac
[2783/4911] ZXl6sv6TAU4_001.flac
[2784/4911] ZXl6sv6TAU4_002.flac
[2785/4911] ZXl6sv6TAU4_003.flac
[2786/4911] ZXl6sv6TAU4_004.flac
[2787/4911] ZXl6sv6TAU4_005.flac
[2788/4911] ZXl6sv6TAU4_006.flac
[2789/4911] ZXl6sv6TAU4_007.flac
[2790/4911] ZXl6sv6TAU4_008.flac
[2791/4911] ZXl6sv6TAU4_009.flac
[2792/4911] ZXl6sv6TAU4_010.flac
[2793/4911] ZXl6sv6TAU4_011.flac
[2794/4911] ZXl6sv6TAU4_012.flac
[2795/4911] ZXl6sv6TAU4_013.flac
[2796/4911] Zcd4ihNEu0U_000.flac
[2797/4911] Zcd4ihNEu0U_001.flac
[2798/4911] Zcd4ihNEu0U_002.flac
[2799/4911] ZmSQd7naNi0_000.flac
[2800/4911] ZmSQd7naNi0_001.flac
[2801/4911] ZmSQd7naNi0_002.flac
[2802/4911] Zv4HCXYAayY_000.flac
[2803/4911] Zv4HCXYAayY_001.flac
[2804/4911] Zv4HCXYAayY_002.flac
[2805/4911] ZxkifjASQvo_000.flac
[2806/4911] ZxkifjASQvo_001.flac
[2807/4911] ZxkifjASQvo_002.flac
[2808/4911] ZxkifjASQvo_003.flac
[2809/4911] ZyoJBRKfpT4_000.flac
[2810/4911] ZyoJBRKfpT4_001.flac
[2811/4911] ZyoJBRKfpT4_002.flac
[2812/4911] ZyoJBRKfpT4_003.flac
[2813/4911] ZyoJBRKfpT4_004.flac
[2814/4911] ZyoJBRKfpT4_005.flac
[2815/4911] _1tbZHzRh6w_000.flac
[2816/4911] _1tbZHzRh6w_001.flac
[2817/4911] _1tbZHzRh6w_002.flac
[2818/4911] _1tbZHzRh6w_003.flac
[2819/4911] _1tbZHzRh6w_004.flac
[2820/4911] _1tbZHzRh6w_005.flac
[2821/4911] _CW_GxIMvZ8_000.flac
[2822/4911] _CW_GxIMvZ8_001.flac
[2823/4911] _CW_GxIMvZ8_002.flac
[2824/4911] _MKywUp3-0E_000.flac
[2825/4911] _MKywUp3-0E_001.flac
[2826/4911] _MKywUp3-0E_002.flac
[2827/4911] _MKywUp3-0E_003.flac
[2828/4911] _ZKOMeSl9F0_000.flac
[2829/4911] _ZKOMeSl9F0_001.flac
[2830/4911] _ZKOMeSl9F0_002.flac
[2831/4911] _ZKOMeSl9F0_003.flac
[2832/4911] _dwdlOSiQKY_000.flac
[2833/4911] _dwdlOSiQKY_001.flac
[2834/4911] _dwdlOSiQKY_002.flac
[2835/4911] _eL6hS9KBGs_000.flac
[2836/4911] _eL6hS9KBGs_001.flac
[2837/4911] _eL6hS9KBGs_002.flac
[2838/4911] _eL6hS9KBGs_003.flac
[2839/4911] _eL6hS9KBGs_004.flac
[2840/4911] _eL6hS9KBGs_005.flac
[2841/4911] _eL6hS9KBGs_006.flac
[2842/4911] _eL6hS9KBGs_007.flac
[2843/4911] _eL6hS9KBGs_008.flac
[2844/4911] _nXeSpzB4BE_000.flac
[2845/4911] _nXeSpzB4BE_001.flac
[2846/4911] _nXeSpzB4BE_002.flac
[2847/4911] _nXeSpzB4BE_003.flac
[2848/4911] a5L4ABWx3cA_000.flac
[2849/4911] a5L4ABWx3cA_001.flac
[2850/4911] a5L4ABWx3cA_002.flac
[2851/4911] a5L4ABWx3cA_003.flac
[2852/4911] a9BeX-xILGo_000.flac
[2853/4911] a9BeX-xILGo_001.flac
[2854/4911] a9BeX-xILGo_002.flac
[2855/4911] aKAdn_mUAKA_000.flac
[2856/4911] aKAdn_mUAKA_001.flac
[2857/4911] aKAdn_mUAKA_002.flac
[2858/4911] aKAdn_mUAKA_003.flac
[2859/4911] aKAdn_mUAKA_004.flac
[2860/4911] aKAdn_mUAKA_005.flac
[2861/4911] aKAdn_mUAKA_006.flac
[2862/4911] aKAdn_mUAKA_007.flac
[2863/4911] aKAdn_mUAKA_008.flac
[2864/4911] aKAdn_mUAKA_009.flac
[2865/4911] aKAdn_mUAKA_010.flac
[2866/4911] aKAdn_mUAKA_011.flac
[2867/4911] aKAdn_mUAKA_012.flac
[2868/4911] aKAdn_mUAKA_013.flac
[2869/4911] aKAdn_mUAKA_014.flac
[2870/4911] aKAdn_mUAKA_015.flac
[2871/4911] aKAdn_mUAKA_016.flac
[2872/4911] aKAdn_mUAKA_017.flac
[2873/4911] aKAdn_mUAKA_018.flac
[2874/4911] aKAdn_mUAKA_019.flac
[2875/4911] aKAdn_mUAKA_020.flac
[2876/4911] aKAdn_mUAKA_021.flac
[2877/4911] aKAdn_mUAKA_022.flac
[2878/4911] aKAdn_mUAKA_023.flac
[2879/4911] aKAdn_mUAKA_024.flac
[2880/4911] aKAdn_mUAKA_025.flac
[2881/4911] aKAdn_mUAKA_026.flac
[2882/4911] aKAdn_mUAKA_027.flac
[2883/4911] aKAdn_mUAKA_028.flac
[2884/4911] aKAdn_mUAKA_029.flac
[2885/4911] aKAdn_mUAKA_030.flac
[2886/4911] aKAdn_mUAKA_031.flac
[2887/4911] aKAdn_mUAKA_032.flac
[2888/4911] aKAdn_mUAKA_033.flac
[2889/4911] aMDLcjgAuOs_000.flac
[2890/4911] aMDLcjgAuOs_001.flac
[2891/4911] aMDLcjgAuOs_002.flac
[2892/4911] aMDLcjgAuOs_003.flac
[2893/4911] aMDLcjgAuOs_004.flac
[2894/4911] aMDLcjgAuOs_005.flac
[2895/4911] aMDLcjgAuOs_006.flac
[2896/4911] aMDLcjgAuOs_007.flac
[2897/4911] aMDLcjgAuOs_008.flac
[2898/4911] aMDLcjgAuOs_009.flac
[2899/4911] aMDLcjgAuOs_010.flac
[2900/4911] aMDLcjgAuOs_011.flac
[2901/4911] aMDLcjgAuOs_012.flac
[2902/4911] aMDLcjgAuOs_013.flac
[2903/4911] aTEVklcre_U_000.flac
[2904/4911] aTEVklcre_U_001.flac
[2905/4911] aTEVklcre_U_002.flac
[2906/4911] aVO__VrMWVE_000.flac
[2907/4911] aVO__VrMWVE_001.flac
[2908/4911] aVO__VrMWVE_002.flac
[2909/4911] aVO__VrMWVE_003.flac
[2910/4911] aVO__VrMWVE_004.flac
[2911/4911] aVO__VrMWVE_005.flac
[2912/4911] aVO__VrMWVE_006.flac
[2913/4911] abLpB3cQe0c_000.flac
[2914/4911] abLpB3cQe0c_001.flac
[2915/4911] abLpB3cQe0c_002.flac
[2916/4911] abLpB3cQe0c_003.flac
[2917/4911] abLpB3cQe0c_004.flac
[2918/4911] abLpB3cQe0c_005.flac
[2919/4911] abLpB3cQe0c_006.flac
[2920/4911] abLpB3cQe0c_007.flac
[2921/4911] abLpB3cQe0c_008.flac
[2922/4911] abLpB3cQe0c_009.flac
[2923/4911] abLpB3cQe0c_010.flac
[2924/4911] abLpB3cQe0c_011.flac
[2925/4911] abLpB3cQe0c_012.flac
[2926/4911] abLpB3cQe0c_013.flac
[2927/4911] abLpB3cQe0c_014.flac
[2928/4911] abLpB3cQe0c_015.flac
[2929/4911] adnjR-MPkAI_000.flac
[2930/4911] adnjR-MPkAI_001.flac
[2931/4911] adnjR-MPkAI_002.flac
[2932/4911] adnjR-MPkAI_003.flac
[2933/4911] adnjR-MPkAI_004.flac
[2934/4911] adnjR-MPkAI_005.flac
[2935/4911] adnjR-MPkAI_006.flac
[2936/4911] adnjR-MPkAI_007.flac
[2937/4911] adnjR-MPkAI_008.flac
[2938/4911] adnjR-MPkAI_009.flac
[2939/4911] adnjR-MPkAI_010.flac
[2940/4911] ahl9j91UU30_000.flac
[2941/4911] ahl9j91UU30_001.flac
[2942/4911] ahl9j91UU30_002.flac
[2943/4911] ahl9j91UU30_003.flac
[2944/4911] ahl9j91UU30_004.flac
[2945/4911] ahl9j91UU30_005.flac
[2946/4911] ahl9j91UU30_006.flac
[2947/4911] ahl9j91UU30_007.flac
[2948/4911] ahl9j91UU30_008.flac
[2949/4911] ahl9j91UU30_009.flac
[2950/4911] ahl9j91UU30_010.flac
[2951/4911] am5t5f9S3Z8_000.flac
[2952/4911] am5t5f9S3Z8_001.flac
[2953/4911] am5t5f9S3Z8_002.flac
[2954/4911] am5t5f9S3Z8_003.flac
[2955/4911] am5t5f9S3Z8_004.flac
[2956/4911] am5t5f9S3Z8_005.flac
[2957/4911] am5t5f9S3Z8_006.flac
[2958/4911] am5t5f9S3Z8_007.flac
[2959/4911] am5t5f9S3Z8_008.flac
[2960/4911] apbsLp3NA1M_000.flac
[2961/4911] apbsLp3NA1M_001.flac
[2962/4911] apbsLp3NA1M_002.flac
[2963/4911] apbsLp3NA1M_003.flac
[2964/4911] apbsLp3NA1M_004.flac
[2965/4911] apbsLp3NA1M_005.flac
[2966/4911] apbsLp3NA1M_006.flac
[2967/4911] apbsLp3NA1M_007.flac
[2968/4911] apbsLp3NA1M_008.flac
[2969/4911] apbsLp3NA1M_009.flac
[2970/4911] apbsLp3NA1M_010.flac
[2971/4911] apbsLp3NA1M_011.flac
[2972/4911] aucZvpth7pA_000.flac
[2973/4911] aucZvpth7pA_001.flac
[2974/4911] aucZvpth7pA_002.flac
[2975/4911] aucZvpth7pA_003.flac
[2976/4911] aucZvpth7pA_004.flac
[2977/4911] aucZvpth7pA_005.flac
[2978/4911] aucZvpth7pA_006.flac
[2979/4911] aucZvpth7pA_007.flac
[2980/4911] b1u2bztBNdw_000.flac
[2981/4911] b1u2bztBNdw_001.flac
[2982/4911] b1u2bztBNdw_002.flac
[2983/4911] b1u2bztBNdw_003.flac
[2984/4911] b1u2bztBNdw_004.flac
[2985/4911] b1u2bztBNdw_005.flac
[2986/4911] b7my089a90U_000.flac
[2987/4911] b7my089a90U_001.flac
[2988/4911] b7my089a90U_002.flac
[2989/4911] b7my089a90U_003.flac
[2990/4911] b7my089a90U_004.flac
[2991/4911] b7my089a90U_005.flac
[2992/4911] b7my089a90U_006.flac
[2993/4911] b7my089a90U_007.flac
[2994/4911] b9A0OA0DWNY_000.flac
[2995/4911] b9A0OA0DWNY_001.flac
[2996/4911] b9A0OA0DWNY_002.flac
[2997/4911] b9A0OA0DWNY_003.flac
[2998/4911] b9A0OA0DWNY_004.flac
[2999/4911] b9A0OA0DWNY_005.flac
[3000/4911] b9A0OA0DWNY_006.flac
[3001/4911] b9A0OA0DWNY_007.flac
[3002/4911] b9A0OA0DWNY_008.flac
[3003/4911] b9A0OA0DWNY_009.flac
[3004/4911] b9A0OA0DWNY_010.flac
[3005/4911] b9A0OA0DWNY_011.flac
[3006/4911] b9A0OA0DWNY_012.flac
[3007/4911] b9A0OA0DWNY_013.flac
[3008/4911] b9A0OA0DWNY_014.flac
[3009/4911] bLPcb0JEuQU_000.flac
[3010/4911] bLPcb0JEuQU_001.flac
[3011/4911] bLPcb0JEuQU_002.flac
[3012/4911] bLPcb0JEuQU_003.flac
[3013/4911] bLPcb0JEuQU_004.flac
[3014/4911] bLPcb0JEuQU_005.flac
[3015/4911] bLPcb0JEuQU_006.flac
[3016/4911] bLPcb0JEuQU_007.flac
[3017/4911] bLPcb0JEuQU_008.flac
[3018/4911] bLPcb0JEuQU_009.flac
[3019/4911] bLPcb0JEuQU_010.flac
[3020/4911] bLPcb0JEuQU_011.flac
[3021/4911] bLPcb0JEuQU_012.flac
[3022/4911] bLPcb0JEuQU_013.flac
[3023/4911] bLPcb0JEuQU_014.flac
[3024/4911] bLPcb0JEuQU_015.flac
[3025/4911] bLPcb0JEuQU_016.flac
[3026/4911] bLPcb0JEuQU_017.flac
[3027/4911] bLPcb0JEuQU_018.flac
[3028/4911] bLPcb0JEuQU_019.flac
[3029/4911] bLPcb0JEuQU_020.flac
[3030/4911] bOPZAme1kGA_000.flac
[3031/4911] bOPZAme1kGA_001.flac
[3032/4911] bOPZAme1kGA_002.flac
[3033/4911] bOPZAme1kGA_003.flac
[3034/4911] bOPZAme1kGA_004.flac
[3035/4911] bOPZAme1kGA_005.flac
[3036/4911] bV9ttkn0vCo_000.flac
[3037/4911] bV9ttkn0vCo_001.flac
[3038/4911] bV9ttkn0vCo_002.flac
[3039/4911] bWLJ15GJdxs_000.flac
[3040/4911] bWLJ15GJdxs_001.flac
[3041/4911] bWLJ15GJdxs_002.flac
[3042/4911] bWLJ15GJdxs_003.flac
[3043/4911] bWLJ15GJdxs_004.flac
[3044/4911] bWLJ15GJdxs_005.flac
[3045/4911] bWLJ15GJdxs_006.flac
[3046/4911] bWLJ15GJdxs_007.flac
[3047/4911] bWLJ15GJdxs_008.flac
[3048/4911] bWLJ15GJdxs_009.flac
[3049/4911] bWLJ15GJdxs_010.flac
[3050/4911] bWLJ15GJdxs_011.flac
[3051/4911] bWLJ15GJdxs_012.flac
[3052/4911] bWLJ15GJdxs_013.flac
[3053/4911] bWLJ15GJdxs_014.flac
[3054/4911] bWLJ15GJdxs_015.flac
[3055/4911] bWLJ15GJdxs_016.flac
[3056/4911] bWLJ15GJdxs_017.flac
[3057/4911] bWOtkWFeuxA_000.flac
[3058/4911] bWOtkWFeuxA_001.flac
[3059/4911] bWOtkWFeuxA_002.flac
[3060/4911] bWOtkWFeuxA_003.flac
[3061/4911] bcl_x1qdZv0_000.flac
[3062/4911] bcl_x1qdZv0_001.flac
[3063/4911] bcl_x1qdZv0_002.flac
[3064/4911] bf4_37oPUw0_000.flac
[3065/4911] bf4_37oPUw0_001.flac
[3066/4911] bf4_37oPUw0_002.flac
[3067/4911] bf4_37oPUw0_003.flac
[3068/4911] bf4_37oPUw0_004.flac
[3069/4911] bf4_37oPUw0_005.flac
[3070/4911] bf4_37oPUw0_006.flac
[3071/4911] bf4_37oPUw0_007.flac
[3072/4911] bf4_37oPUw0_008.flac
[3073/4911] bf4_37oPUw0_009.flac
[3074/4911] bf4_37oPUw0_010.flac
[3075/4911] bf4_37oPUw0_011.flac
[3076/4911] bjqcBrcSL9Q_000.flac
[3077/4911] bjqcBrcSL9Q_001.flac
[3078/4911] bjqcBrcSL9Q_002.flac
[3079/4911] bjqcBrcSL9Q_003.flac
[3080/4911] bjqcBrcSL9Q_004.flac
[3081/4911] buwWhzfDTb4_000.flac
[3082/4911] buwWhzfDTb4_001.flac
[3083/4911] buwWhzfDTb4_002.flac
[3084/4911] buwWhzfDTb4_003.flac
[3085/4911] buwWhzfDTb4_004.flac
[3086/4911] buwWhzfDTb4_005.flac
[3087/4911] buwWhzfDTb4_006.flac
[3088/4911] buwWhzfDTb4_007.flac
[3089/4911] bx9LH22ymwg_000.flac
[3090/4911] bx9LH22ymwg_001.flac
[3091/4911] bx9LH22ymwg_002.flac
[3092/4911] bxZQeJ-hKE8_000.flac
[3093/4911] bxZQeJ-hKE8_001.flac
[3094/4911] bxZQeJ-hKE8_002.flac
[3095/4911] bxZQeJ-hKE8_003.flac
[3096/4911] bxc4FmaqjRI_000.flac
[3097/4911] bxc4FmaqjRI_001.flac
[3098/4911] bxc4FmaqjRI_002.flac
[3099/4911] bxc4FmaqjRI_003.flac
[3100/4911] bxc4FmaqjRI_004.flac
[3101/4911] bxc4FmaqjRI_005.flac
[3102/4911] bxc4FmaqjRI_006.flac
[3103/4911] bxc4FmaqjRI_007.flac
[3104/4911] bxc4FmaqjRI_008.flac
[3105/4911] bxc4FmaqjRI_009.flac
[3106/4911] bxc4FmaqjRI_010.flac
[3107/4911] c0DEMuw4n1A_000.flac
[3108/4911] c0DEMuw4n1A_001.flac
[3109/4911] c0DEMuw4n1A_002.flac
[3110/4911] c0DEMuw4n1A_003.flac
[3111/4911] c0DEMuw4n1A_004.flac
[3112/4911] c0DEMuw4n1A_005.flac
[3113/4911] c0DEMuw4n1A_006.flac
[3114/4911] c0DEMuw4n1A_007.flac
[3115/4911] c8dFl2bw9JM_000.flac
[3116/4911] c8dFl2bw9JM_001.flac
[3117/4911] c8dFl2bw9JM_002.flac
[3118/4911] c8dFl2bw9JM_003.flac
[3119/4911] c8dFl2bw9JM_004.flac
[3120/4911] c8dFl2bw9JM_005.flac
[3121/4911] c8dFl2bw9JM_006.flac
[3122/4911] c8dFl2bw9JM_007.flac
[3123/4911] c8dFl2bw9JM_008.flac
[3124/4911] c8dFl2bw9JM_009.flac
[3125/4911] cJy5pDkgDpw_000.flac
[3126/4911] cJy5pDkgDpw_001.flac
[3127/4911] cJy5pDkgDpw_002.flac
[3128/4911] cJy5pDkgDpw_003.flac
[3129/4911] cJy5pDkgDpw_004.flac
[3130/4911] cJy5pDkgDpw_005.flac
[3131/4911] cJy5pDkgDpw_006.flac
[3132/4911] cJy5pDkgDpw_007.flac
[3133/4911] cJy5pDkgDpw_008.flac
[3134/4911] cJy5pDkgDpw_009.flac
[3135/4911] cJy5pDkgDpw_010.flac
[3136/4911] cJy5pDkgDpw_011.flac
[3137/4911] cJy5pDkgDpw_012.flac
[3138/4911] cJy5pDkgDpw_013.flac
[3139/4911] cJy5pDkgDpw_014.flac
[3140/4911] cNQ43QUtn_4_000.flac
[3141/4911] cNQ43QUtn_4_001.flac
[3142/4911] cQc9X41V8xQ_000.flac
[3143/4911] cQc9X41V8xQ_001.flac
[3144/4911] cQc9X41V8xQ_002.flac
[3145/4911] cQc9X41V8xQ_003.flac
[3146/4911] cQc9X41V8xQ_004.flac
[3147/4911] cQc9X41V8xQ_005.flac
[3148/4911] cQc9X41V8xQ_006.flac
[3149/4911] cQc9X41V8xQ_007.flac
[3150/4911] cQc9X41V8xQ_008.flac
[3151/4911] cQc9X41V8xQ_009.flac
[3152/4911] cQc9X41V8xQ_010.flac
[3153/4911] cQc9X41V8xQ_011.flac
[3154/4911] cQc9X41V8xQ_012.flac
[3155/4911] cXiZxKCrbyQ_000.flac
[3156/4911] cXiZxKCrbyQ_001.flac
[3157/4911] cXiZxKCrbyQ_002.flac
[3158/4911] cXiZxKCrbyQ_003.flac
[3159/4911] crC6p5qzKvI_000.flac
[3160/4911] crC6p5qzKvI_001.flac
[3161/4911] crC6p5qzKvI_002.flac
[3162/4911] d5zTJ6WtNaA_000.flac
[3163/4911] d5zTJ6WtNaA_001.flac
[3164/4911] d5zTJ6WtNaA_002.flac
[3165/4911] d5zTJ6WtNaA_003.flac
[3166/4911] d5zTJ6WtNaA_004.flac
[3167/4911] d6Pn3NXtw7U_000.flac
[3168/4911] d6Pn3NXtw7U_001.flac
[3169/4911] d6Pn3NXtw7U_002.flac
[3170/4911] d6Pn3NXtw7U_003.flac
[3171/4911] d6Pn3NXtw7U_004.flac
[3172/4911] d6Pn3NXtw7U_005.flac
[3173/4911] d6Pn3NXtw7U_006.flac
[3174/4911] d6Pn3NXtw7U_007.flac
[3175/4911] d6Pn3NXtw7U_008.flac
[3176/4911] d6Pn3NXtw7U_009.flac
[3177/4911] d77p7E17EtY_000.flac
[3178/4911] d77p7E17EtY_001.flac
[3179/4911] d77p7E17EtY_002.flac
[3180/4911] d77p7E17EtY_003.flac
[3181/4911] d9DN-AWVK9U_000.flac
[3182/4911] d9DN-AWVK9U_001.flac
[3183/4911] d9DN-AWVK9U_002.flac
[3184/4911] d9DN-AWVK9U_003.flac
[3185/4911] d9DN-AWVK9U_004.flac
[3186/4911] d9DN-AWVK9U_005.flac
[3187/4911] d9DN-AWVK9U_006.flac
[3188/4911] d9DN-AWVK9U_007.flac
[3189/4911] d9DN-AWVK9U_008.flac
[3190/4911] d9DN-AWVK9U_009.flac
[3191/4911] d9DN-AWVK9U_010.flac
[3192/4911] d9DN-AWVK9U_011.flac
[3193/4911] d9DN-AWVK9U_012.flac
[3194/4911] dF-JxO9T-i8_000.flac
[3195/4911] dF-JxO9T-i8_001.flac
[3196/4911] dF-JxO9T-i8_002.flac
[3197/4911] dF-JxO9T-i8_003.flac
[3198/4911] dF-JxO9T-i8_004.flac
[3199/4911] dF-JxO9T-i8_005.flac
[3200/4911] dF-JxO9T-i8_006.flac
[3201/4911] dF-JxO9T-i8_007.flac
[3202/4911] dF-JxO9T-i8_008.flac
[3203/4911] dF-JxO9T-i8_009.flac
[3204/4911] dF-JxO9T-i8_010.flac
[3205/4911] dF-JxO9T-i8_011.flac
[3206/4911] dNDCR59vuR0_000.flac
[3207/4911] dNDCR59vuR0_001.flac
[3208/4911] dNDCR59vuR0_002.flac
[3209/4911] dNDCR59vuR0_003.flac
[3210/4911] ddrPXAcwXJQ_000.flac
[3211/4911] ddrPXAcwXJQ_001.flac
[3212/4911] ddrPXAcwXJQ_002.flac
[3213/4911] ddrPXAcwXJQ_003.flac
[3214/4911] ddrPXAcwXJQ_004.flac
[3215/4911] ddrPXAcwXJQ_005.flac
[3216/4911] ddrPXAcwXJQ_006.flac
[3217/4911] ddrPXAcwXJQ_007.flac
[3218/4911] ddrPXAcwXJQ_008.flac
[3219/4911] ddrPXAcwXJQ_009.flac
[3220/4911] ddrPXAcwXJQ_010.flac
[3221/4911] ddrPXAcwXJQ_011.flac
[3222/4911] ddrPXAcwXJQ_012.flac
[3223/4911] dfe2AOEcCcg_000.flac
[3224/4911] dfe2AOEcCcg_001.flac
[3225/4911] dfe2AOEcCcg_002.flac
[3226/4911] dfe2AOEcCcg_003.flac
[3227/4911] dfe2AOEcCcg_004.flac
[3228/4911] dfe2AOEcCcg_005.flac
[3229/4911] dfe2AOEcCcg_006.flac
[3230/4911] dfe2AOEcCcg_007.flac
[3231/4911] dfe2AOEcCcg_008.flac
[3232/4911] dfe2AOEcCcg_009.flac
[3233/4911] dfe2AOEcCcg_010.flac
[3234/4911] dfe2AOEcCcg_011.flac
[3235/4911] dop-VxchVZo_000.flac
[3236/4911] dop-VxchVZo_001.flac
[3237/4911] dop-VxchVZo_002.flac
[3238/4911] dop-VxchVZo_003.flac
[3239/4911] eBBmjbSfzKA_000.flac
[3240/4911] eBBmjbSfzKA_001.flac
[3241/4911] eBBmjbSfzKA_002.flac
[3242/4911] eBBmjbSfzKA_003.flac
[3243/4911] eBBmjbSfzKA_004.flac
[3244/4911] eBBmjbSfzKA_005.flac
[3245/4911] eBBmjbSfzKA_006.flac
[3246/4911] eBBmjbSfzKA_007.flac
[3247/4911] eBBmjbSfzKA_008.flac
[3248/4911] eC7uNp3FMvA_000.flac
[3249/4911] eC7uNp3FMvA_001.flac
[3250/4911] eC7uNp3FMvA_002.flac
[3251/4911] eC7uNp3FMvA_003.flac
[3252/4911] eC7uNp3FMvA_004.flac
[3253/4911] eRvrg_rPpdw_000.flac
[3254/4911] eRvrg_rPpdw_001.flac
[3255/4911] eRvrg_rPpdw_002.flac
[3256/4911] eRvrg_rPpdw_003.flac
[3257/4911] eRvrg_rPpdw_004.flac
[3258/4911] eRvrg_rPpdw_005.flac
[3259/4911] eRvrg_rPpdw_006.flac
[3260/4911] eXXV3LUohig_000.flac
[3261/4911] eXXV3LUohig_001.flac
[3262/4911] eXXV3LUohig_002.flac
[3263/4911] eXXV3LUohig_003.flac
[3264/4911] eXXV3LUohig_004.flac
[3265/4911] eXXV3LUohig_005.flac
[3266/4911] eXXV3LUohig_006.flac
[3267/4911] ebFxWLJbxMY_000.flac
[3268/4911] ebFxWLJbxMY_001.flac
[3269/4911] ebFxWLJbxMY_002.flac
[3270/4911] ebFxWLJbxMY_003.flac
[3271/4911] ebFxWLJbxMY_004.flac
[3272/4911] ebFxWLJbxMY_005.flac
[3273/4911] ebFxWLJbxMY_006.flac
[3274/4911] ebFxWLJbxMY_007.flac
[3275/4911] ebmOk6AafNI_000.flac
[3276/4911] ebmOk6AafNI_001.flac
[3277/4911] ebmOk6AafNI_002.flac
[3278/4911] ebmOk6AafNI_003.flac
[3279/4911] ebmOk6AafNI_004.flac
[3280/4911] ebmOk6AafNI_005.flac
[3281/4911] emQWsE0DfhY_000.flac
[3282/4911] emQWsE0DfhY_001.flac
[3283/4911] emQWsE0DfhY_002.flac
[3284/4911] emQWsE0DfhY_003.flac
[3285/4911] emQWsE0DfhY_004.flac
[3286/4911] emQWsE0DfhY_005.flac
[3287/4911] emQWsE0DfhY_006.flac
[3288/4911] emQWsE0DfhY_007.flac
[3289/4911] emQWsE0DfhY_008.flac
[3290/4911] emQWsE0DfhY_009.flac
[3291/4911] emQWsE0DfhY_010.flac
[3292/4911] emQWsE0DfhY_011.flac
[3293/4911] f0Lzp4tSKOI_000.flac
[3294/4911] f0Lzp4tSKOI_001.flac
[3295/4911] f0Lzp4tSKOI_002.flac
[3296/4911] f0Lzp4tSKOI_003.flac
[3297/4911] f0Lzp4tSKOI_004.flac
[3298/4911] f0Lzp4tSKOI_005.flac
[3299/4911] f0Lzp4tSKOI_006.flac
[3300/4911] fEC439V-FM8_000.flac
[3301/4911] fEC439V-FM8_001.flac
[3302/4911] fEC439V-FM8_002.flac
[3303/4911] fEC439V-FM8_003.flac
[3304/4911] fEC439V-FM8_004.flac
[3305/4911] fEC439V-FM8_005.flac
[3306/4911] fEC439V-FM8_006.flac
[3307/4911] fEC439V-FM8_007.flac
[3308/4911] fEC439V-FM8_008.flac
[3309/4911] fEC439V-FM8_009.flac
[3310/4911] fEC439V-FM8_010.flac
[3311/4911] fEC439V-FM8_011.flac
[3312/4911] fEC439V-FM8_012.flac
[3313/4911] fEC439V-FM8_013.flac
[3314/4911] fEC439V-FM8_014.flac
[3315/4911] fEC439V-FM8_015.flac
[3316/4911] fEC439V-FM8_016.flac
[3317/4911] fEC439V-FM8_017.flac
[3318/4911] fEC439V-FM8_018.flac
[3319/4911] fEC439V-FM8_019.flac
[3320/4911] fEC439V-FM8_020.flac
[3321/4911] fEC439V-FM8_021.flac
[3322/4911] fEC439V-FM8_022.flac
[3323/4911] fEC439V-FM8_023.flac
[3324/4911] fEC439V-FM8_024.flac
[3325/4911] fEC439V-FM8_025.flac
[3326/4911] fEC439V-FM8_026.flac
[3327/4911] fERSC9-tvZw_000.flac
[3328/4911] fERSC9-tvZw_001.flac
[3329/4911] fERSC9-tvZw_002.flac
[3330/4911] fERSC9-tvZw_003.flac
[3331/4911] fERSC9-tvZw_004.flac
[3332/4911] fEmmmt_FFtQ_000.flac
[3333/4911] fEmmmt_FFtQ_001.flac
[3334/4911] fEmmmt_FFtQ_002.flac
[3335/4911] fEmmmt_FFtQ_003.flac
[3336/4911] fEmmmt_FFtQ_004.flac
[3337/4911] fEmmmt_FFtQ_005.flac
[3338/4911] fEmmmt_FFtQ_006.flac
[3339/4911] fEmmmt_FFtQ_007.flac
[3340/4911] fJJiM5XAPjE_000.flac
[3341/4911] fJJiM5XAPjE_001.flac
[3342/4911] fJJiM5XAPjE_002.flac
[3343/4911] fJJiM5XAPjE_003.flac
[3344/4911] fJJiM5XAPjE_004.flac
[3345/4911] fLFCU4gQJm0_000.flac
[3346/4911] fLFCU4gQJm0_001.flac
[3347/4911] fLFCU4gQJm0_002.flac
[3348/4911] fLFCU4gQJm0_003.flac
[3349/4911] fLFCU4gQJm0_004.flac
[3350/4911] fLFCU4gQJm0_005.flac
[3351/4911] fLFCU4gQJm0_006.flac
[3352/4911] fLFCU4gQJm0_007.flac
[3353/4911] fLFCU4gQJm0_008.flac
[3354/4911] fLFCU4gQJm0_009.flac
[3355/4911] fLFCU4gQJm0_010.flac
[3356/4911] fMIikT9DuQ8_000.flac
[3357/4911] fMIikT9DuQ8_001.flac
[3358/4911] fMIikT9DuQ8_002.flac
[3359/4911] fMIikT9DuQ8_003.flac
[3360/4911] fXwE9_IWH-c_000.flac
[3361/4911] fXwE9_IWH-c_001.flac
[3362/4911] fXwE9_IWH-c_002.flac
[3363/4911] fXwE9_IWH-c_003.flac
[3364/4911] fXwE9_IWH-c_004.flac
[3365/4911] fXwE9_IWH-c_005.flac
[3366/4911] fXwE9_IWH-c_006.flac
[3367/4911] fXwE9_IWH-c_007.flac
[3368/4911] fXwE9_IWH-c_008.flac
[3369/4911] fXwE9_IWH-c_009.flac
[3370/4911] fXwE9_IWH-c_010.flac
[3371/4911] f_-Qv6gOOnQ_000.flac
[3372/4911] f_-Qv6gOOnQ_001.flac
[3373/4911] f_-Qv6gOOnQ_002.flac
[3374/4911] f_-Qv6gOOnQ_003.flac
[3375/4911] f_-Qv6gOOnQ_004.flac
[3376/4911] f_-Qv6gOOnQ_005.flac
[3377/4911] f_-Qv6gOOnQ_006.flac
[3378/4911] f_-Qv6gOOnQ_007.flac
[3379/4911] f_-Qv6gOOnQ_008.flac
[3380/4911] f_-Qv6gOOnQ_009.flac
[3381/4911] f_-Qv6gOOnQ_010.flac
[3382/4911] f_-Qv6gOOnQ_011.flac
[3383/4911] f_-Qv6gOOnQ_012.flac
[3384/4911] fenMDk7Ms8o_000.flac
[3385/4911] fenMDk7Ms8o_001.flac
[3386/4911] fenMDk7Ms8o_002.flac
[3387/4911] fenMDk7Ms8o_003.flac
[3388/4911] fenMDk7Ms8o_004.flac
[3389/4911] fenMDk7Ms8o_005.flac
[3390/4911] fenMDk7Ms8o_006.flac
[3391/4911] fenMDk7Ms8o_007.flac
[3392/4911] fenMDk7Ms8o_008.flac
[3393/4911] fenMDk7Ms8o_009.flac
[3394/4911] fenMDk7Ms8o_010.flac
[3395/4911] fenMDk7Ms8o_011.flac
[3396/4911] fndyN2fitf0_000.flac
[3397/4911] fndyN2fitf0_001.flac
[3398/4911] fndyN2fitf0_002.flac
[3399/4911] fndyN2fitf0_003.flac
[3400/4911] fndyN2fitf0_004.flac
[3401/4911] fs9REzDRlp0_000.flac
[3402/4911] fs9REzDRlp0_001.flac
[3403/4911] fs9REzDRlp0_002.flac
[3404/4911] fs9REzDRlp0_003.flac
[3405/4911] fsICD5cvIl8_000.flac
[3406/4911] fsICD5cvIl8_001.flac
[3407/4911] fsICD5cvIl8_002.flac
[3408/4911] fsICD5cvIl8_003.flac
[3409/4911] fsICD5cvIl8_004.flac
[3410/4911] fsICD5cvIl8_005.flac
[3411/4911] ftKWA_gAzTo_000.flac
[3412/4911] ftKWA_gAzTo_001.flac
[3413/4911] ftKWA_gAzTo_002.flac
[3414/4911] ftKWA_gAzTo_003.flac
[3415/4911] ftKWA_gAzTo_004.flac
[3416/4911] ftKWA_gAzTo_005.flac
[3417/4911] fuf6qp-uaHA_000.flac
[3418/4911] fuf6qp-uaHA_001.flac
[3419/4911] fuf6qp-uaHA_002.flac
[3420/4911] fuf6qp-uaHA_003.flac
[3421/4911] fuf6qp-uaHA_004.flac
[3422/4911] fuf6qp-uaHA_005.flac
[3423/4911] fuf6qp-uaHA_006.flac
[3424/4911] fuf6qp-uaHA_007.flac
[3425/4911] fuf6qp-uaHA_008.flac
[3426/4911] fuf6qp-uaHA_009.flac
[3427/4911] fuf6qp-uaHA_010.flac
[3428/4911] fuf6qp-uaHA_011.flac
[3429/4911] g3qdsdztDqQ_000.flac
[3430/4911] g3qdsdztDqQ_001.flac
[3431/4911] g3qdsdztDqQ_002.flac
[3432/4911] g3qdsdztDqQ_003.flac
[3433/4911] g3qdsdztDqQ_004.flac
[3434/4911] g3qdsdztDqQ_005.flac
[3435/4911] g3qdsdztDqQ_006.flac
[3436/4911] g4tMvJTPtnc_000.flac
[3437/4911] g4tMvJTPtnc_001.flac
[3438/4911] g4tMvJTPtnc_002.flac
[3439/4911] g4tMvJTPtnc_003.flac
[3440/4911] g4tMvJTPtnc_004.flac
[3441/4911] g4tMvJTPtnc_005.flac
[3442/4911] g4tMvJTPtnc_006.flac
[3443/4911] g4tMvJTPtnc_007.flac
[3444/4911] g4tMvJTPtnc_008.flac
[3445/4911] g4tMvJTPtnc_009.flac
[3446/4911] g4tMvJTPtnc_010.flac
[3447/4911] g4tMvJTPtnc_011.flac
[3448/4911] g4tMvJTPtnc_012.flac
[3449/4911] g4tMvJTPtnc_013.flac
[3450/4911] g4tMvJTPtnc_014.flac
[3451/4911] g4tMvJTPtnc_015.flac
[3452/4911] gOTeY1Br7Ns_000.flac
[3453/4911] gOTeY1Br7Ns_001.flac
[3454/4911] gOTeY1Br7Ns_002.flac
[3455/4911] gOTeY1Br7Ns_003.flac
[3456/4911] gOTeY1Br7Ns_004.flac
[3457/4911] gOTeY1Br7Ns_005.flac
[3458/4911] gOTeY1Br7Ns_006.flac
[3459/4911] gOTeY1Br7Ns_007.flac
[3460/4911] gOTeY1Br7Ns_008.flac
[3461/4911] gOTeY1Br7Ns_009.flac
[3462/4911] gOTeY1Br7Ns_010.flac
[3463/4911] gOTeY1Br7Ns_011.flac
[3464/4911] gOTeY1Br7Ns_012.flac
[3465/4911] gOTeY1Br7Ns_013.flac
[3466/4911] gOTeY1Br7Ns_014.flac
[3467/4911] gOTeY1Br7Ns_015.flac
[3468/4911] gOTeY1Br7Ns_016.flac
[3469/4911] gOTeY1Br7Ns_017.flac
[3470/4911] gOTeY1Br7Ns_018.flac
[3471/4911] gOTeY1Br7Ns_019.flac
[3472/4911] gOTeY1Br7Ns_020.flac
[3473/4911] gOTeY1Br7Ns_021.flac
[3474/4911] gOTeY1Br7Ns_022.flac
[3475/4911] gOTeY1Br7Ns_023.flac
[3476/4911] gOTeY1Br7Ns_024.flac
[3477/4911] gOTeY1Br7Ns_025.flac
[3478/4911] gOTeY1Br7Ns_026.flac
[3479/4911] gOTeY1Br7Ns_027.flac
[3480/4911] gT1H1O2UpUQ_000.flac
[3481/4911] gT1H1O2UpUQ_001.flac
[3482/4911] gT1H1O2UpUQ_002.flac
[3483/4911] gT1H1O2UpUQ_003.flac
[3484/4911] gT1H1O2UpUQ_004.flac
[3485/4911] gT1H1O2UpUQ_005.flac
[3486/4911] gT1H1O2UpUQ_006.flac
[3487/4911] gT1H1O2UpUQ_007.flac
[3488/4911] gT1H1O2UpUQ_008.flac
[3489/4911] gT1H1O2UpUQ_009.flac
[3490/4911] gT1H1O2UpUQ_010.flac
[3491/4911] gT1H1O2UpUQ_011.flac
[3492/4911] gT1H1O2UpUQ_012.flac
[3493/4911] gT1H1O2UpUQ_013.flac
[3494/4911] gT1H1O2UpUQ_014.flac
[3495/4911] gT1H1O2UpUQ_015.flac
[3496/4911] gT1H1O2UpUQ_016.flac
[3497/4911] gT1H1O2UpUQ_017.flac
[3498/4911] gT1H1O2UpUQ_018.flac
[3499/4911] gX9MTnDCHKM_000.flac
[3500/4911] gX9MTnDCHKM_001.flac
[3501/4911] gX9MTnDCHKM_002.flac
[3502/4911] gX9MTnDCHKM_003.flac
[3503/4911] gX9MTnDCHKM_004.flac
[3504/4911] gZUV6ni1EPA_000.flac
[3505/4911] gZUV6ni1EPA_001.flac
[3506/4911] gZUV6ni1EPA_002.flac
[3507/4911] gZUV6ni1EPA_003.flac
[3508/4911] gZUV6ni1EPA_004.flac
[3509/4911] gZUV6ni1EPA_005.flac
[3510/4911] gZUV6ni1EPA_006.flac
[3511/4911] gZUV6ni1EPA_007.flac
[3512/4911] gZUV6ni1EPA_008.flac
[3513/4911] gZUV6ni1EPA_009.flac
[3514/4911] gZUV6ni1EPA_010.flac
[3515/4911] gZUV6ni1EPA_011.flac
[3516/4911] gZUV6ni1EPA_012.flac
[3517/4911] gZUV6ni1EPA_013.flac
[3518/4911] gZUV6ni1EPA_014.flac
[3519/4911] gZUV6ni1EPA_015.flac
[3520/4911] gbN1E89g7yc_000.flac
[3521/4911] gbN1E89g7yc_001.flac
[3522/4911] gbN1E89g7yc_002.flac
[3523/4911] gbN1E89g7yc_003.flac
[3524/4911] gbrLzyVC-t0_000.flac
[3525/4911] gbrLzyVC-t0_001.flac
[3526/4911] gbrLzyVC-t0_002.flac
[3527/4911] ghJ7QzFKpXU_000.flac
[3528/4911] ghJ7QzFKpXU_001.flac
[3529/4911] ghJ7QzFKpXU_002.flac
[3530/4911] ghJ7QzFKpXU_003.flac
[3531/4911] ghJ7QzFKpXU_004.flac
[3532/4911] ghJ7QzFKpXU_005.flac
[3533/4911] ghJ7QzFKpXU_006.flac
[3534/4911] ghJ7QzFKpXU_007.flac
[3535/4911] gkrMlAAbfXY_000.flac
[3536/4911] gkrMlAAbfXY_001.flac
[3537/4911] gkrMlAAbfXY_002.flac
[3538/4911] gkrMlAAbfXY_003.flac
[3539/4911] gkrMlAAbfXY_004.flac
[3540/4911] gkrMlAAbfXY_005.flac
[3541/4911] gkrMlAAbfXY_006.flac
[3542/4911] gmggwZTArDs_000.flac
[3543/4911] gmggwZTArDs_001.flac
[3544/4911] gmggwZTArDs_002.flac
[3545/4911] gmggwZTArDs_003.flac
[3546/4911] gmggwZTArDs_004.flac
[3547/4911] gmggwZTArDs_005.flac
[3548/4911] gmggwZTArDs_006.flac
[3549/4911] gmggwZTArDs_007.flac
[3550/4911] gmggwZTArDs_008.flac
[3551/4911] gmggwZTArDs_009.flac
[3552/4911] gmggwZTArDs_010.flac
[3553/4911] gmggwZTArDs_011.flac
[3554/4911] h0ZHAVQQ9O8_000.flac
[3555/4911] h0ZHAVQQ9O8_001.flac
[3556/4911] h0ZHAVQQ9O8_002.flac
[3557/4911] h0ZHAVQQ9O8_003.flac
[3558/4911] h0ZHAVQQ9O8_004.flac
[3559/4911] h0ZHAVQQ9O8_005.flac
[3560/4911] hAQyH9W-0o4_000.flac
[3561/4911] hCUGY3-RIB4_000.flac
[3562/4911] hCUGY3-RIB4_001.flac
[3563/4911] hCUGY3-RIB4_002.flac
[3564/4911] hCUGY3-RIB4_003.flac
[3565/4911] hCUGY3-RIB4_004.flac
[3566/4911] hCUGY3-RIB4_005.flac
[3567/4911] hCUGY3-RIB4_006.flac
[3568/4911] hCUGY3-RIB4_007.flac
[3569/4911] hCUGY3-RIB4_008.flac
[3570/4911] hIDlXK7K7jk_000.flac
[3571/4911] hIDlXK7K7jk_001.flac
[3572/4911] hIDlXK7K7jk_002.flac
[3573/4911] hIDlXK7K7jk_003.flac
[3574/4911] hIDlXK7K7jk_004.flac
[3575/4911] hIDlXK7K7jk_005.flac
[3576/4911] hIDlXK7K7jk_006.flac
[3577/4911] hIDlXK7K7jk_007.flac
[3578/4911] hIDlXK7K7jk_008.flac
[3579/4911] hIDlXK7K7jk_009.flac
[3580/4911] hIDlXK7K7jk_010.flac
[3581/4911] hIDlXK7K7jk_011.flac
[3582/4911] hIDlXK7K7jk_012.flac
[3583/4911] hYXJOBBpFHg_000.flac
[3584/4911] hYXJOBBpFHg_001.flac
[3585/4911] hYXJOBBpFHg_002.flac
[3586/4911] hguzTBqAszY_000.flac
[3587/4911] hguzTBqAszY_001.flac
[3588/4911] hguzTBqAszY_002.flac
[3589/4911] hguzTBqAszY_003.flac
[3590/4911] hguzTBqAszY_004.flac
[3591/4911] hjBzl1XMgfo_000.flac
[3592/4911] hjBzl1XMgfo_001.flac
[3593/4911] hjBzl1XMgfo_002.flac
[3594/4911] hjBzl1XMgfo_003.flac
[3595/4911] hjBzl1XMgfo_004.flac
[3596/4911] hjBzl1XMgfo_005.flac
[3597/4911] hjBzl1XMgfo_006.flac
[3598/4911] hm2Hm93gCjU_000.flac
[3599/4911] hm2Hm93gCjU_001.flac
[3600/4911] hm2Hm93gCjU_002.flac
[3601/4911] hm2Hm93gCjU_003.flac
[3602/4911] huOpj7AJpas_000.flac
[3603/4911] huOpj7AJpas_001.flac
[3604/4911] huOpj7AJpas_002.flac
[3605/4911] hxmM5bL2g0k_000.flac
[3606/4911] hxmM5bL2g0k_001.flac
[3607/4911] hxmM5bL2g0k_002.flac
[3608/4911] hxmM5bL2g0k_003.flac
[3609/4911] hxmM5bL2g0k_004.flac
[3610/4911] hxmM5bL2g0k_005.flac
[3611/4911] hxmM5bL2g0k_006.flac
[3612/4911] hxmM5bL2g0k_007.flac
[3613/4911] hxmM5bL2g0k_008.flac
[3614/4911] hxmM5bL2g0k_009.flac
[3615/4911] hxmM5bL2g0k_010.flac
[3616/4911] hxmM5bL2g0k_011.flac
[3617/4911] hxmM5bL2g0k_012.flac
[3618/4911] hxmM5bL2g0k_013.flac
[3619/4911] hxmM5bL2g0k_014.flac
[3620/4911] hxmM5bL2g0k_015.flac
[3621/4911] i-8A7MoeZrg_000.flac
[3622/4911] i-8A7MoeZrg_001.flac
[3623/4911] i-8A7MoeZrg_002.flac
[3624/4911] i-8A7MoeZrg_003.flac
[3625/4911] i-8A7MoeZrg_004.flac
[3626/4911] i-8A7MoeZrg_005.flac
[3627/4911] i-8A7MoeZrg_006.flac
[3628/4911] i-8A7MoeZrg_007.flac
[3629/4911] i-8A7MoeZrg_008.flac
[3630/4911] i-8A7MoeZrg_009.flac
[3631/4911] i-8A7MoeZrg_010.flac
[3632/4911] i0edA9BkOjc_000.flac
[3633/4911] i0edA9BkOjc_001.flac
[3634/4911] i0edA9BkOjc_002.flac
[3635/4911] i0edA9BkOjc_003.flac
[3636/4911] i1As-EBabRc_000.flac
[3637/4911] i1As-EBabRc_001.flac
[3638/4911] i1As-EBabRc_002.flac
[3639/4911] i1As-EBabRc_003.flac
[3640/4911] i1As-EBabRc_004.flac
[3641/4911] i1As-EBabRc_005.flac
[3642/4911] i1As-EBabRc_006.flac
[3643/4911] i1As-EBabRc_007.flac
[3644/4911] i1As-EBabRc_008.flac
[3645/4911] i1As-EBabRc_009.flac
[3646/4911] i1As-EBabRc_010.flac
[3647/4911] i1As-EBabRc_011.flac
[3648/4911] i1As-EBabRc_012.flac
[3649/4911] i1As-EBabRc_013.flac
[3650/4911] i1As-EBabRc_014.flac
[3651/4911] i1As-EBabRc_015.flac
[3652/4911] i1As-EBabRc_016.flac
[3653/4911] i1As-EBabRc_017.flac
[3654/4911] i1As-EBabRc_018.flac
[3655/4911] i1As-EBabRc_019.flac
[3656/4911] i1As-EBabRc_020.flac
[3657/4911] iFub1JSiYC4_000.flac
[3658/4911] iFub1JSiYC4_001.flac
[3659/4911] iFub1JSiYC4_002.flac
[3660/4911] iFub1JSiYC4_003.flac
[3661/4911] iG1olu8M82U_000.flac
[3662/4911] iG1olu8M82U_001.flac
[3663/4911] iG1olu8M82U_002.flac
[3664/4911] iG1olu8M82U_003.flac
[3665/4911] iG1olu8M82U_004.flac
[3666/4911] iG1olu8M82U_005.flac
[3667/4911] iG1olu8M82U_006.flac
[3668/4911] iIA9xASDxSE_000.flac
[3669/4911] iIA9xASDxSE_001.flac
[3670/4911] iIA9xASDxSE_002.flac
[3671/4911] iIA9xASDxSE_003.flac
[3672/4911] iIA9xASDxSE_004.flac
[3673/4911] iL4TJUbaAFM_000.flac
[3674/4911] iL4TJUbaAFM_001.flac
[3675/4911] iL4TJUbaAFM_002.flac
[3676/4911] iL4TJUbaAFM_003.flac
[3677/4911] iL4TJUbaAFM_004.flac
[3678/4911] iL4TJUbaAFM_005.flac
[3679/4911] iL4TJUbaAFM_006.flac
[3680/4911] iL4TJUbaAFM_007.flac
[3681/4911] iL4TJUbaAFM_008.flac
[3682/4911] iNmjK7_7Dto_000.flac
[3683/4911] iNmjK7_7Dto_001.flac
[3684/4911] iNmjK7_7Dto_002.flac
[3685/4911] iNmjK7_7Dto_003.flac
[3686/4911] iNmjK7_7Dto_004.flac
[3687/4911] iNmjK7_7Dto_005.flac
[3688/4911] iNmjK7_7Dto_006.flac
[3689/4911] iQA9WwEzrgE_000.flac
[3690/4911] iQA9WwEzrgE_001.flac
[3691/4911] iQA9WwEzrgE_002.flac
[3692/4911] iQA9WwEzrgE_003.flac
[3693/4911] ilsOhyrLOAY_000.flac
[3694/4911] ilsOhyrLOAY_001.flac
[3695/4911] ilsOhyrLOAY_002.flac
[3696/4911] ilsOhyrLOAY_003.flac
[3697/4911] ilsOhyrLOAY_004.flac
[3698/4911] ilsOhyrLOAY_005.flac
[3699/4911] ilsOhyrLOAY_006.flac
[3700/4911] iuZrOt4-KdU_000.flac
[3701/4911] iuZrOt4-KdU_001.flac
[3702/4911] iuZrOt4-KdU_002.flac
[3703/4911] ivS-TeGCbNc_000.flac
[3704/4911] ivS-TeGCbNc_001.flac
[3705/4911] ivS-TeGCbNc_002.flac
[3706/4911] ivS-TeGCbNc_003.flac
[3707/4911] ivS-TeGCbNc_004.flac
[3708/4911] ivVpXH_ZU8A_000.flac
[3709/4911] ivVpXH_ZU8A_001.flac
[3710/4911] ivVpXH_ZU8A_002.flac
[3711/4911] ivVpXH_ZU8A_003.flac
[3712/4911] ivVpXH_ZU8A_004.flac
[3713/4911] iz2lF-IiOZw_000.flac
[3714/4911] iz2lF-IiOZw_001.flac
[3715/4911] iz2lF-IiOZw_002.flac
[3716/4911] iz2lF-IiOZw_003.flac
[3717/4911] iz2lF-IiOZw_004.flac
[3718/4911] iz2lF-IiOZw_005.flac
[3719/4911] iz2lF-IiOZw_006.flac
[3720/4911] iz2lF-IiOZw_007.flac
[3721/4911] iz2lF-IiOZw_008.flac
[3722/4911] iz2lF-IiOZw_009.flac
[3723/4911] jGHOoOwKQdI_000.flac
[3724/4911] jGHOoOwKQdI_001.flac
[3725/4911] jGHOoOwKQdI_002.flac
[3726/4911] jGHOoOwKQdI_003.flac
[3727/4911] jGHOoOwKQdI_004.flac
[3728/4911] jGHOoOwKQdI_005.flac
[3729/4911] jGHOoOwKQdI_006.flac
[3730/4911] jGHOoOwKQdI_007.flac
[3731/4911] jNM5arBwwvY_000.flac
[3732/4911] jNM5arBwwvY_001.flac
[3733/4911] jNM5arBwwvY_002.flac
[3734/4911] jNM5arBwwvY_003.flac
[3735/4911] jNM5arBwwvY_004.flac
[3736/4911] jSQXgyb1vKY_000.flac
[3737/4911] jSQXgyb1vKY_001.flac
[3738/4911] jSQXgyb1vKY_002.flac
[3739/4911] jSQXgyb1vKY_003.flac
[3740/4911] jSQXgyb1vKY_004.flac
[3741/4911] jSQXgyb1vKY_005.flac
[3742/4911] jSQXgyb1vKY_006.flac
[3743/4911] jSQXgyb1vKY_007.flac
[3744/4911] jSQXgyb1vKY_008.flac
[3745/4911] jSQXgyb1vKY_009.flac
[3746/4911] jlAsU6rCaFU_000.flac
[3747/4911] jlAsU6rCaFU_001.flac
[3748/4911] jlAsU6rCaFU_002.flac
[3749/4911] jlAsU6rCaFU_003.flac
[3750/4911] jlAsU6rCaFU_004.flac
[3751/4911] jlAsU6rCaFU_005.flac
[3752/4911] jlAsU6rCaFU_006.flac
[3753/4911] jlAsU6rCaFU_007.flac
[3754/4911] jlAsU6rCaFU_008.flac
[3755/4911] jlAsU6rCaFU_009.flac
[3756/4911] jlBAcCH1jEI_000.flac
[3757/4911] jlBAcCH1jEI_001.flac
[3758/4911] jlBAcCH1jEI_002.flac
[3759/4911] jlBAcCH1jEI_003.flac
[3760/4911] jlBAcCH1jEI_004.flac
[3761/4911] jlBAcCH1jEI_005.flac
[3762/4911] jlBAcCH1jEI_006.flac
[3763/4911] jlBAcCH1jEI_007.flac
[3764/4911] jlBAcCH1jEI_008.flac
[3765/4911] jlBAcCH1jEI_009.flac
[3766/4911] jlBAcCH1jEI_010.flac
[3767/4911] jlBAcCH1jEI_011.flac
[3768/4911] jlBAcCH1jEI_012.flac
[3769/4911] jlBAcCH1jEI_013.flac
[3770/4911] jsbMIaUjAOo_000.flac
[3771/4911] jsbMIaUjAOo_001.flac
[3772/4911] jsbMIaUjAOo_002.flac
[3773/4911] jsbMIaUjAOo_003.flac
[3774/4911] jsbMIaUjAOo_004.flac
[3775/4911] jvknMvR2iVs_000.flac
[3776/4911] jvknMvR2iVs_001.flac
[3777/4911] jvknMvR2iVs_002.flac
[3778/4911] jvknMvR2iVs_003.flac
[3779/4911] jvknMvR2iVs_004.flac
[3780/4911] jvknMvR2iVs_005.flac
[3781/4911] jvknMvR2iVs_006.flac
[3782/4911] jvknMvR2iVs_007.flac
[3783/4911] jvknMvR2iVs_008.flac
[3784/4911] k9vrs-N106Q_000.flac
[3785/4911] k9vrs-N106Q_001.flac
[3786/4911] k9vrs-N106Q_002.flac
[3787/4911] k9vrs-N106Q_003.flac
[3788/4911] k9vrs-N106Q_004.flac
[3789/4911] kEYlLb7TH9o_000.flac
[3790/4911] kEYlLb7TH9o_001.flac
[3791/4911] kEYlLb7TH9o_002.flac
[3792/4911] kEjwIjbrwv8_000.flac
[3793/4911] kEjwIjbrwv8_001.flac
[3794/4911] kEjwIjbrwv8_002.flac
[3795/4911] kEjwIjbrwv8_003.flac
[3796/4911] kEjwIjbrwv8_004.flac
[3797/4911] kEjwIjbrwv8_005.flac
[3798/4911] kEjwIjbrwv8_006.flac
[3799/4911] kEjwIjbrwv8_007.flac
[3800/4911] kEnambyROA4_000.flac
[3801/4911] kEnambyROA4_001.flac
[3802/4911] kEnambyROA4_002.flac
[3803/4911] kEnambyROA4_003.flac
[3804/4911] kEnambyROA4_004.flac
[3805/4911] kEnambyROA4_005.flac
[3806/4911] kEnambyROA4_006.flac
[3807/4911] kEnambyROA4_007.flac
[3808/4911] kEnambyROA4_008.flac
[3809/4911] kEnambyROA4_009.flac
[3810/4911] kEnambyROA4_010.flac
[3811/4911] kEnambyROA4_011.flac
[3812/4911] kEnambyROA4_012.flac
[3813/4911] kEnambyROA4_013.flac
[3814/4911] kEnambyROA4_014.flac
[3815/4911] kEnambyROA4_015.flac
[3816/4911] kEnambyROA4_016.flac
[3817/4911] kEnambyROA4_017.flac
[3818/4911] kEnambyROA4_018.flac
[3819/4911] kEnambyROA4_019.flac
[3820/4911] kEnambyROA4_020.flac
[3821/4911] kUqvem6B2VY_000.flac
[3822/4911] kUqvem6B2VY_001.flac
[3823/4911] kUqvem6B2VY_002.flac
[3824/4911] kUqvem6B2VY_003.flac
[3825/4911] kUqvem6B2VY_004.flac
[3826/4911] kUqvem6B2VY_005.flac
[3827/4911] kUqvem6B2VY_006.flac
[3828/4911] kUqvem6B2VY_007.flac
[3829/4911] kUqvem6B2VY_008.flac
[3830/4911] kdoFevWmZms_000.flac
[3831/4911] kdoFevWmZms_001.flac
[3832/4911] kdoFevWmZms_002.flac
[3833/4911] kdoFevWmZms_003.flac
[3834/4911] kipF8C4tuLA_000.flac
[3835/4911] kipF8C4tuLA_001.flac
[3836/4911] kipF8C4tuLA_002.flac
[3837/4911] kipF8C4tuLA_003.flac
[3838/4911] kpDQ-6ifdHQ_000.flac
[3839/4911] kpDQ-6ifdHQ_001.flac
[3840/4911] kpDQ-6ifdHQ_002.flac
[3841/4911] kpDQ-6ifdHQ_003.flac
[3842/4911] kpDQ-6ifdHQ_004.flac
[3843/4911] kpDQ-6ifdHQ_005.flac
[3844/4911] kwcy-9CHGdk_000.flac
[3845/4911] kwcy-9CHGdk_001.flac
[3846/4911] kwcy-9CHGdk_002.flac
[3847/4911] kwcy-9CHGdk_003.flac
[3848/4911] kwcy-9CHGdk_004.flac
[3849/4911] kwcy-9CHGdk_005.flac
[3850/4911] kwcy-9CHGdk_006.flac
[3851/4911] l0h9wUTrNbI_000.flac
[3852/4911] l0h9wUTrNbI_001.flac
[3853/4911] l3maA9F6wt0_000.flac
[3854/4911] l3maA9F6wt0_001.flac
[3855/4911] l3maA9F6wt0_002.flac
[3856/4911] l3maA9F6wt0_003.flac
[3857/4911] l3maA9F6wt0_004.flac
[3858/4911] l3maA9F6wt0_005.flac
[3859/4911] l3maA9F6wt0_006.flac
[3860/4911] l3maA9F6wt0_007.flac
[3861/4911] l3maA9F6wt0_008.flac
[3862/4911] l3maA9F6wt0_009.flac
[3863/4911] l3maA9F6wt0_010.flac
[3864/4911] l3maA9F6wt0_011.flac
[3865/4911] l3maA9F6wt0_012.flac
[3866/4911] l3maA9F6wt0_013.flac
[3867/4911] l5I1tLaBdDA_000.flac
[3868/4911] l5I1tLaBdDA_001.flac
[3869/4911] l5I1tLaBdDA_002.flac
[3870/4911] l5I1tLaBdDA_003.flac
[3871/4911] l5I1tLaBdDA_004.flac
[3872/4911] l5I1tLaBdDA_005.flac
[3873/4911] l5I1tLaBdDA_006.flac
[3874/4911] lLRQzWscCQ8_000.flac
[3875/4911] lLRQzWscCQ8_001.flac
[3876/4911] lLRQzWscCQ8_002.flac
[3877/4911] lO5UnkHDgE0_000.flac
[3878/4911] lO5UnkHDgE0_001.flac
[3879/4911] lO5UnkHDgE0_002.flac
[3880/4911] lO5UnkHDgE0_003.flac
[3881/4911] lO5UnkHDgE0_004.flac
[3882/4911] lO5UnkHDgE0_005.flac
[3883/4911] lO5UnkHDgE0_006.flac
[3884/4911] lO5UnkHDgE0_007.flac
[3885/4911] lQ9Ptj6nQCE_000.flac
[3886/4911] lQ9Ptj6nQCE_001.flac
[3887/4911] lQ9Ptj6nQCE_002.flac
[3888/4911] lSPNfjuh5ho_000.flac
[3889/4911] lSPNfjuh5ho_001.flac
[3890/4911] lSPNfjuh5ho_002.flac
[3891/4911] lSPNfjuh5ho_003.flac
[3892/4911] lSPNfjuh5ho_004.flac
[3893/4911] lSPNfjuh5ho_005.flac
[3894/4911] lZZoMgE8On4_000.flac
[3895/4911] lZZoMgE8On4_001.flac
[3896/4911] lZZoMgE8On4_002.flac
[3897/4911] lZZoMgE8On4_003.flac
[3898/4911] lZZoMgE8On4_004.flac
[3899/4911] lZZoMgE8On4_005.flac
[3900/4911] lZZoMgE8On4_006.flac
[3901/4911] lZZoMgE8On4_007.flac
[3902/4911] lZZoMgE8On4_008.flac
[3903/4911] lZZoMgE8On4_009.flac
[3904/4911] lZZoMgE8On4_010.flac
[3905/4911] lZZoMgE8On4_011.flac
[3906/4911] lZZoMgE8On4_012.flac
[3907/4911] lZZoMgE8On4_013.flac
[3908/4911] lZZoMgE8On4_014.flac
[3909/4911] lZZoMgE8On4_015.flac
[3910/4911] lZZoMgE8On4_016.flac
[3911/4911] lZZoMgE8On4_017.flac
[3912/4911] m6OSbnAy7zw_000.flac
[3913/4911] m6OSbnAy7zw_001.flac
[3914/4911] m6OSbnAy7zw_002.flac
[3915/4911] m6OSbnAy7zw_003.flac
[3916/4911] mAY9rHmQCFE_000.flac
[3917/4911] mAY9rHmQCFE_001.flac
[3918/4911] mAY9rHmQCFE_002.flac
[3919/4911] mh2gkX1tceE_000.flac
[3920/4911] mh2gkX1tceE_001.flac
[3921/4911] mh2gkX1tceE_002.flac
[3922/4911] mh2gkX1tceE_003.flac
[3923/4911] mlNSL9Bt5dw_000.flac
[3924/4911] mlNSL9Bt5dw_001.flac
[3925/4911] mlNSL9Bt5dw_002.flac
[3926/4911] mlNSL9Bt5dw_003.flac
[3927/4911] mlNSL9Bt5dw_004.flac
[3928/4911] mlNSL9Bt5dw_005.flac
[3929/4911] mlNSL9Bt5dw_006.flac
[3930/4911] mlNSL9Bt5dw_007.flac
[3931/4911] mlNSL9Bt5dw_008.flac
[3932/4911] myyXZNJtXoM_000.flac
[3933/4911] myyXZNJtXoM_001.flac
[3934/4911] myyXZNJtXoM_002.flac
[3935/4911] n3ZQI3jtmuE_000.flac
[3936/4911] n3ZQI3jtmuE_001.flac
[3937/4911] n3ZQI3jtmuE_002.flac
[3938/4911] n584e3exz7Y_000.flac
[3939/4911] n584e3exz7Y_001.flac
[3940/4911] n584e3exz7Y_002.flac
[3941/4911] n584e3exz7Y_003.flac
[3942/4911] n584e3exz7Y_004.flac
[3943/4911] n584e3exz7Y_005.flac
[3944/4911] n584e3exz7Y_006.flac
[3945/4911] n584e3exz7Y_007.flac
[3946/4911] n584e3exz7Y_008.flac
[3947/4911] n584e3exz7Y_009.flac
[3948/4911] n584e3exz7Y_010.flac
[3949/4911] n584e3exz7Y_011.flac
[3950/4911] n584e3exz7Y_012.flac
[3951/4911] n584e3exz7Y_013.flac
[3952/4911] n584e3exz7Y_014.flac
[3953/4911] n584e3exz7Y_015.flac
[3954/4911] n584e3exz7Y_016.flac
[3955/4911] n584e3exz7Y_017.flac
[3956/4911] n584e3exz7Y_018.flac
[3957/4911] n584e3exz7Y_019.flac
[3958/4911] n584e3exz7Y_020.flac
[3959/4911] n584e3exz7Y_021.flac
[3960/4911] n584e3exz7Y_022.flac
[3961/4911] n584e3exz7Y_023.flac
[3962/4911] n584e3exz7Y_024.flac
[3963/4911] n584e3exz7Y_025.flac
[3964/4911] n584e3exz7Y_026.flac
[3965/4911] n584e3exz7Y_027.flac
[3966/4911] n584e3exz7Y_028.flac
[3967/4911] n584e3exz7Y_029.flac
[3968/4911] n584e3exz7Y_030.flac
[3969/4911] n584e3exz7Y_031.flac
[3970/4911] n584e3exz7Y_032.flac
[3971/4911] n584e3exz7Y_033.flac
[3972/4911] n584e3exz7Y_034.flac
[3973/4911] n584e3exz7Y_035.flac
[3974/4911] n584e3exz7Y_036.flac
[3975/4911] n584e3exz7Y_037.flac
[3976/4911] nCgFcwX9xMw_000.flac
[3977/4911] nCgFcwX9xMw_001.flac
[3978/4911] nCgFcwX9xMw_002.flac
[3979/4911] nCgFcwX9xMw_003.flac
[3980/4911] nCgFcwX9xMw_004.flac
[3981/4911] nKEgFhap4q0_000.flac
[3982/4911] nKEgFhap4q0_001.flac
[3983/4911] nKEgFhap4q0_002.flac
[3984/4911] nKEgFhap4q0_003.flac
[3985/4911] nKEgFhap4q0_004.flac
[3986/4911] nKEgFhap4q0_005.flac
[3987/4911] nKEgFhap4q0_006.flac
[3988/4911] nKEgFhap4q0_007.flac
[3989/4911] nKEgFhap4q0_008.flac
[3990/4911] nKEgFhap4q0_009.flac
[3991/4911] nKEgFhap4q0_010.flac
[3992/4911] nKEgFhap4q0_011.flac
[3993/4911] nKEgFhap4q0_012.flac
[3994/4911] naqbrcuqhYc_000.flac
[3995/4911] naqbrcuqhYc_001.flac
[3996/4911] naqbrcuqhYc_002.flac
[3997/4911] naqbrcuqhYc_003.flac
[3998/4911] naqbrcuqhYc_004.flac
[3999/4911] naqbrcuqhYc_005.flac
[4000/4911] naqbrcuqhYc_006.flac
[4001/4911] naqbrcuqhYc_007.flac
[4002/4911] naqbrcuqhYc_008.flac
[4003/4911] naqbrcuqhYc_009.flac
[4004/4911] naqbrcuqhYc_010.flac
[4005/4911] naqbrcuqhYc_011.flac
[4006/4911] naqbrcuqhYc_012.flac
[4007/4911] naqbrcuqhYc_013.flac
[4008/4911] naqbrcuqhYc_014.flac
[4009/4911] naqbrcuqhYc_015.flac
[4010/4911] ncIeYYcpTHQ_000.flac
[4011/4911] ncIeYYcpTHQ_001.flac
[4012/4911] ncIeYYcpTHQ_002.flac
[4013/4911] ncIeYYcpTHQ_003.flac
[4014/4911] ncIeYYcpTHQ_004.flac
[4015/4911] nfRHPZcp-0Y_000.flac
[4016/4911] nfRHPZcp-0Y_001.flac
[4017/4911] nfRHPZcp-0Y_002.flac
[4018/4911] nfRHPZcp-0Y_003.flac
[4019/4911] ngkZnFdgUGo_000.flac
[4020/4911] ngkZnFdgUGo_001.flac
[4021/4911] ngkZnFdgUGo_002.flac
[4022/4911] ngkZnFdgUGo_003.flac
[4023/4911] ngkZnFdgUGo_004.flac
[4024/4911] ngkZnFdgUGo_005.flac
[4025/4911] ngkZnFdgUGo_006.flac
[4026/4911] ngkZnFdgUGo_007.flac
[4027/4911] ngkZnFdgUGo_008.flac
[4028/4911] ngkZnFdgUGo_009.flac
[4029/4911] ngkZnFdgUGo_010.flac
[4030/4911] ngkZnFdgUGo_011.flac
[4031/4911] nvTbhTrDJI0_000.flac
[4032/4911] nvTbhTrDJI0_001.flac
[4033/4911] nvTbhTrDJI0_002.flac
[4034/4911] nvTbhTrDJI0_003.flac
[4035/4911] nvTbhTrDJI0_004.flac
[4036/4911] nvTbhTrDJI0_005.flac
[4037/4911] nvTbhTrDJI0_006.flac
[4038/4911] nvTbhTrDJI0_007.flac
[4039/4911] nvTbhTrDJI0_008.flac
[4040/4911] nvTbhTrDJI0_009.flac
[4041/4911] nvTbhTrDJI0_010.flac
[4042/4911] nvTbhTrDJI0_011.flac
[4043/4911] nx01uWRkqlQ_000.flac
[4044/4911] nx01uWRkqlQ_001.flac
[4045/4911] nx01uWRkqlQ_002.flac
[4046/4911] nx01uWRkqlQ_003.flac
[4047/4911] nx01uWRkqlQ_004.flac
[4048/4911] nx01uWRkqlQ_005.flac
[4049/4911] nx01uWRkqlQ_006.flac
[4050/4911] nx01uWRkqlQ_007.flac
[4051/4911] nx01uWRkqlQ_008.flac
[4052/4911] nx01uWRkqlQ_009.flac
[4053/4911] nx01uWRkqlQ_010.flac
[4054/4911] nx01uWRkqlQ_011.flac
[4055/4911] nx01uWRkqlQ_012.flac
[4056/4911] nx01uWRkqlQ_013.flac
[4057/4911] nx01uWRkqlQ_014.flac
[4058/4911] o0tTotoFe5M_000.flac
[4059/4911] o0tTotoFe5M_001.flac
[4060/4911] o0tTotoFe5M_002.flac
[4061/4911] o0tTotoFe5M_003.flac
[4062/4911] o0tTotoFe5M_004.flac
[4063/4911] o0tTotoFe5M_005.flac
[4064/4911] o0tTotoFe5M_006.flac
[4065/4911] o0tTotoFe5M_007.flac
[4066/4911] o0tTotoFe5M_008.flac
[4067/4911] o0tTotoFe5M_009.flac
[4068/4911] o0tTotoFe5M_010.flac
[4069/4911] o0tTotoFe5M_011.flac
[4070/4911] o0tTotoFe5M_012.flac
[4071/4911] o0tTotoFe5M_013.flac
[4072/4911] o0tTotoFe5M_014.flac
[4073/4911] o0tTotoFe5M_015.flac
[4074/4911] o0tTotoFe5M_016.flac
[4075/4911] o0tTotoFe5M_017.flac
[4076/4911] o0tTotoFe5M_018.flac
[4077/4911] o0tTotoFe5M_019.flac
[4078/4911] o0tTotoFe5M_020.flac
[4079/4911] o0tTotoFe5M_021.flac
[4080/4911] o0tTotoFe5M_022.flac
[4081/4911] o0tTotoFe5M_023.flac
[4082/4911] o0tTotoFe5M_024.flac
[4083/4911] o0tTotoFe5M_025.flac
[4084/4911] o0tTotoFe5M_026.flac
[4085/4911] o0tTotoFe5M_027.flac
[4086/4911] o0tTotoFe5M_028.flac
[4087/4911] o0tTotoFe5M_029.flac
[4088/4911] o0tTotoFe5M_030.flac
[4089/4911] oHqPUYmq_Ug_000.flac
[4090/4911] oHqPUYmq_Ug_001.flac
[4091/4911] oHqPUYmq_Ug_002.flac
[4092/4911] oHqPUYmq_Ug_003.flac
[4093/4911] oHqPUYmq_Ug_004.flac
[4094/4911] oHqPUYmq_Ug_005.flac
[4095/4911] oRhMEzUTOYU_000.flac
[4096/4911] oRhMEzUTOYU_001.flac
[4097/4911] oRhMEzUTOYU_002.flac
[4098/4911] o__z0xfi-DY_000.flac
[4099/4911] o__z0xfi-DY_001.flac
[4100/4911] o__z0xfi-DY_002.flac
[4101/4911] ofwQOtQzB_M_000.flac
[4102/4911] ofwQOtQzB_M_001.flac
[4103/4911] ofwQOtQzB_M_002.flac
[4104/4911] ofwQOtQzB_M_003.flac
[4105/4911] ofwQOtQzB_M_004.flac
[4106/4911] ofwQOtQzB_M_005.flac
[4107/4911] ofwQOtQzB_M_006.flac
[4108/4911] ofwQOtQzB_M_007.flac
[4109/4911] p-QSXN8bce4_000.flac
[4110/4911] p-QSXN8bce4_001.flac
[4111/4911] p-QSXN8bce4_002.flac
[4112/4911] p-QSXN8bce4_003.flac
[4113/4911] p-QSXN8bce4_004.flac
[4114/4911] p-QSXN8bce4_005.flac
[4115/4911] p-QSXN8bce4_006.flac
[4116/4911] p0JmhpXQ2rw_000.flac
[4117/4911] p0JmhpXQ2rw_001.flac
[4118/4911] p0JmhpXQ2rw_002.flac
[4119/4911] p0JmhpXQ2rw_003.flac
[4120/4911] p4Lb0PUk7U4_000.flac
[4121/4911] p4Lb0PUk7U4_001.flac
[4122/4911] p4Lb0PUk7U4_002.flac
[4123/4911] p4Lb0PUk7U4_003.flac
[4124/4911] p4Lb0PUk7U4_004.flac
[4125/4911] pHbtsTczrrc_000.flac
[4126/4911] pHbtsTczrrc_001.flac
[4127/4911] pHbtsTczrrc_002.flac
[4128/4911] pHbtsTczrrc_003.flac
[4129/4911] pObiqaGBlZk_000.flac
[4130/4911] pObiqaGBlZk_001.flac
[4131/4911] pObiqaGBlZk_002.flac
[4132/4911] pObiqaGBlZk_003.flac
[4133/4911] pObiqaGBlZk_004.flac
[4134/4911] pR4PVYPBNGI_000.flac
[4135/4911] pR4PVYPBNGI_001.flac
[4136/4911] pR4PVYPBNGI_002.flac
[4137/4911] pR4PVYPBNGI_003.flac
[4138/4911] pR4PVYPBNGI_004.flac
[4139/4911] pR4PVYPBNGI_005.flac
[4140/4911] pR4PVYPBNGI_006.flac
[4141/4911] pR4PVYPBNGI_007.flac
[4142/4911] pR4PVYPBNGI_008.flac
[4143/4911] pR4PVYPBNGI_009.flac
[4144/4911] pR4PVYPBNGI_010.flac
[4145/4911] pSywdH596jI_000.flac
[4146/4911] pSywdH596jI_001.flac
[4147/4911] pSywdH596jI_002.flac
[4148/4911] pSywdH596jI_003.flac
[4149/4911] pSywdH596jI_004.flac
[4150/4911] pSywdH596jI_005.flac
[4151/4911] pVn529r5yWc_000.flac
[4152/4911] pVn529r5yWc_001.flac
[4153/4911] pVn529r5yWc_002.flac
[4154/4911] pVn529r5yWc_003.flac
[4155/4911] pVn529r5yWc_004.flac
[4156/4911] papSH97_ASI_000.flac
[4157/4911] papSH97_ASI_001.flac
[4158/4911] papSH97_ASI_002.flac
[4159/4911] papSH97_ASI_003.flac
[4160/4911] papSH97_ASI_004.flac
[4161/4911] papSH97_ASI_005.flac
[4162/4911] papSH97_ASI_006.flac
[4163/4911] ph0ZsgRG4w0_000.flac
[4164/4911] ph0ZsgRG4w0_001.flac
[4165/4911] ph0ZsgRG4w0_002.flac
[4166/4911] ph0ZsgRG4w0_003.flac
[4167/4911] ph0ZsgRG4w0_004.flac
[4168/4911] pkdxwDYU9Bo_000.flac
[4169/4911] pkdxwDYU9Bo_001.flac
[4170/4911] pkdxwDYU9Bo_002.flac
[4171/4911] pkdxwDYU9Bo_003.flac
[4172/4911] pkdxwDYU9Bo_004.flac
[4173/4911] pkdxwDYU9Bo_005.flac
[4174/4911] pkdxwDYU9Bo_006.flac
[4175/4911] pkdxwDYU9Bo_007.flac
[4176/4911] pkdxwDYU9Bo_008.flac
[4177/4911] pu2RV-9xVtk_000.flac
[4178/4911] pu2RV-9xVtk_001.flac
[4179/4911] pu2RV-9xVtk_002.flac
[4180/4911] pu2RV-9xVtk_003.flac
[4181/4911] pu2RV-9xVtk_004.flac
[4182/4911] pu2RV-9xVtk_005.flac
[4183/4911] pu2RV-9xVtk_006.flac
[4184/4911] pu2RV-9xVtk_007.flac
[4185/4911] q6CTRjrHToY_000.flac
[4186/4911] q6CTRjrHToY_001.flac
[4187/4911] q6CTRjrHToY_002.flac
[4188/4911] q6CTRjrHToY_003.flac
[4189/4911] q6CTRjrHToY_004.flac
[4190/4911] q8Uuu6cSgDg_000.flac
[4191/4911] q8Uuu6cSgDg_001.flac
[4192/4911] q8Uuu6cSgDg_002.flac
[4193/4911] q8Uuu6cSgDg_003.flac
[4194/4911] q8Uuu6cSgDg_004.flac
[4195/4911] q8Uuu6cSgDg_005.flac
[4196/4911] q8Uuu6cSgDg_006.flac
[4197/4911] q8Uuu6cSgDg_007.flac
[4198/4911] q8Uuu6cSgDg_008.flac
[4199/4911] qFwfiOIRZbg_000.flac
[4200/4911] qFwfiOIRZbg_001.flac
[4201/4911] qFwfiOIRZbg_002.flac
[4202/4911] qT1RaTk0Puw_000.flac
[4203/4911] qT1RaTk0Puw_001.flac
[4204/4911] qT1RaTk0Puw_002.flac
[4205/4911] qT1RaTk0Puw_003.flac
[4206/4911] qT1RaTk0Puw_004.flac
[4207/4911] qT1RaTk0Puw_005.flac
[4208/4911] qT1RaTk0Puw_006.flac
[4209/4911] qT1RaTk0Puw_007.flac
[4210/4911] qT1RaTk0Puw_008.flac
[4211/4911] qT1RaTk0Puw_009.flac
[4212/4911] qT1RaTk0Puw_010.flac
[4213/4911] qT1RaTk0Puw_011.flac
[4214/4911] qT1RaTk0Puw_012.flac
[4215/4911] qT1RaTk0Puw_013.flac
[4216/4911] qT1RaTk0Puw_014.flac
[4217/4911] qT1RaTk0Puw_015.flac
[4218/4911] qT1RaTk0Puw_016.flac
[4219/4911] qT1RaTk0Puw_017.flac
[4220/4911] qT1RaTk0Puw_018.flac
[4221/4911] qT1RaTk0Puw_019.flac
[4222/4911] qbSDBzawSIw_000.flac
[4223/4911] qbSDBzawSIw_001.flac
[4224/4911] qbSDBzawSIw_002.flac
[4225/4911] qbSDBzawSIw_003.flac
[4226/4911] qbSDBzawSIw_004.flac
[4227/4911] qbSDBzawSIw_005.flac
[4228/4911] qbSDBzawSIw_006.flac
[4229/4911] qbSDBzawSIw_007.flac
[4230/4911] qbSDBzawSIw_008.flac
[4231/4911] qbSDBzawSIw_009.flac
[4232/4911] qbSDBzawSIw_010.flac
[4233/4911] qbSDBzawSIw_011.flac
[4234/4911] qbSDBzawSIw_012.flac
[4235/4911] qsF93-MjAXQ_000.flac
[4236/4911] qsF93-MjAXQ_001.flac
[4237/4911] qsF93-MjAXQ_002.flac
[4238/4911] qsF93-MjAXQ_003.flac
[4239/4911] qsF93-MjAXQ_004.flac
[4240/4911] qsF93-MjAXQ_005.flac
[4241/4911] qsF93-MjAXQ_006.flac
[4242/4911] qsF93-MjAXQ_007.flac
[4243/4911] qsF93-MjAXQ_008.flac
[4244/4911] qsF93-MjAXQ_009.flac
[4245/4911] qsF93-MjAXQ_010.flac
[4246/4911] qsF93-MjAXQ_011.flac
[4247/4911] qsF93-MjAXQ_012.flac
[4248/4911] qsF93-MjAXQ_013.flac
[4249/4911] qxx187UEnMQ_000.flac
[4250/4911] qxx187UEnMQ_001.flac
[4251/4911] qxx187UEnMQ_002.flac
[4252/4911] qxx187UEnMQ_003.flac
[4253/4911] qxx187UEnMQ_004.flac
[4254/4911] qxx187UEnMQ_005.flac
[4255/4911] qxx187UEnMQ_006.flac
[4256/4911] qxx187UEnMQ_007.flac
[4257/4911] qxx187UEnMQ_008.flac
[4258/4911] qxx187UEnMQ_009.flac
[4259/4911] qxx187UEnMQ_010.flac
[4260/4911] qxx187UEnMQ_011.flac
[4261/4911] qxx187UEnMQ_012.flac
[4262/4911] qxx187UEnMQ_013.flac
[4263/4911] qyI11NALuMs_000.flac
[4264/4911] qyI11NALuMs_001.flac
[4265/4911] qyI11NALuMs_002.flac
[4266/4911] qyI11NALuMs_003.flac
[4267/4911] qzm-lyaKGkg_000.flac
[4268/4911] qzm-lyaKGkg_001.flac
[4269/4911] qzm-lyaKGkg_002.flac
[4270/4911] qzm-lyaKGkg_003.flac
[4271/4911] qzm-lyaKGkg_004.flac
[4272/4911] qzm-lyaKGkg_005.flac
[4273/4911] qzm-lyaKGkg_006.flac
[4274/4911] qzm-lyaKGkg_007.flac
[4275/4911] qzm-lyaKGkg_008.flac
[4276/4911] r30aV9fQcr0_000.flac
[4277/4911] r30aV9fQcr0_001.flac
[4278/4911] r30aV9fQcr0_002.flac
[4279/4911] r30aV9fQcr0_003.flac
[4280/4911] r30aV9fQcr0_004.flac
[4281/4911] r30aV9fQcr0_005.flac
[4282/4911] r30aV9fQcr0_006.flac
[4283/4911] r30aV9fQcr0_007.flac
[4284/4911] r30aV9fQcr0_008.flac
[4285/4911] r30aV9fQcr0_009.flac
[4286/4911] r30aV9fQcr0_010.flac
[4287/4911] r30aV9fQcr0_011.flac
[4288/4911] r30aV9fQcr0_012.flac
[4289/4911] r37jvdvehRQ_000.flac
[4290/4911] r37jvdvehRQ_001.flac
[4291/4911] r37jvdvehRQ_002.flac
[4292/4911] r37jvdvehRQ_003.flac
[4293/4911] r68V8aBfZD8_000.flac
[4294/4911] r68V8aBfZD8_001.flac
[4295/4911] r68V8aBfZD8_002.flac
[4296/4911] r68V8aBfZD8_003.flac
[4297/4911] r68V8aBfZD8_004.flac
[4298/4911] r68V8aBfZD8_005.flac
[4299/4911] r68V8aBfZD8_006.flac
[4300/4911] r68V8aBfZD8_007.flac
[4301/4911] r68V8aBfZD8_008.flac
[4302/4911] r68V8aBfZD8_009.flac
[4303/4911] r68V8aBfZD8_010.flac
[4304/4911] r68V8aBfZD8_011.flac
[4305/4911] r7ZgEKq-UVQ_000.flac
[4306/4911] r7ZgEKq-UVQ_001.flac
[4307/4911] r7ZgEKq-UVQ_002.flac
[4308/4911] rSk0-BdtAok_000.flac
[4309/4911] rSk0-BdtAok_001.flac
[4310/4911] rSk0-BdtAok_002.flac
[4311/4911] rWbXz8eei7Q_000.flac
[4312/4911] rWbXz8eei7Q_001.flac
[4313/4911] rWbXz8eei7Q_002.flac
[4314/4911] rWbXz8eei7Q_003.flac
[4315/4911] rWbXz8eei7Q_004.flac
[4316/4911] rWbXz8eei7Q_005.flac
[4317/4911] rWbXz8eei7Q_006.flac
[4318/4911] rWbXz8eei7Q_007.flac
[4319/4911] rWbXz8eei7Q_008.flac
[4320/4911] rWbXz8eei7Q_009.flac
[4321/4911] rWbXz8eei7Q_010.flac
[4322/4911] rWbXz8eei7Q_011.flac
[4323/4911] rWbXz8eei7Q_012.flac
[4324/4911] rWbXz8eei7Q_013.flac
[4325/4911] rWbXz8eei7Q_014.flac
[4326/4911] rWbXz8eei7Q_015.flac
[4327/4911] rWbXz8eei7Q_016.flac
[4328/4911] rgJOFwBIlsI_000.flac
[4329/4911] rgJOFwBIlsI_001.flac
[4330/4911] rgJOFwBIlsI_002.flac
[4331/4911] rgJOFwBIlsI_003.flac
[4332/4911] rgJOFwBIlsI_004.flac
[4333/4911] rgJOFwBIlsI_005.flac
[4334/4911] rgJOFwBIlsI_006.flac
[4335/4911] rgJOFwBIlsI_007.flac
[4336/4911] rgJOFwBIlsI_008.flac
[4337/4911] rgJOFwBIlsI_009.flac
[4338/4911] rgJOFwBIlsI_010.flac
[4339/4911] rgJOFwBIlsI_011.flac
[4340/4911] rgJOFwBIlsI_012.flac
[4341/4911] rhugJ6AP5Yk_000.flac
[4342/4911] rhugJ6AP5Yk_001.flac
[4343/4911] rhugJ6AP5Yk_002.flac
[4344/4911] rhugJ6AP5Yk_003.flac
[4345/4911] rhugJ6AP5Yk_004.flac
[4346/4911] rhugJ6AP5Yk_005.flac
[4347/4911] rhugJ6AP5Yk_006.flac
[4348/4911] rhugJ6AP5Yk_007.flac
[4349/4911] rhugJ6AP5Yk_008.flac
[4350/4911] rqqxzCLau5g_000.flac
[4351/4911] rqqxzCLau5g_001.flac
[4352/4911] rqqxzCLau5g_002.flac
[4353/4911] rqqxzCLau5g_003.flac
[4354/4911] rqqxzCLau5g_004.flac
[4355/4911] rqqxzCLau5g_005.flac
[4356/4911] rqqxzCLau5g_006.flac
[4357/4911] rqqxzCLau5g_007.flac
[4358/4911] rqqxzCLau5g_008.flac
[4359/4911] rqqxzCLau5g_009.flac
[4360/4911] rqqxzCLau5g_010.flac
[4361/4911] rqqxzCLau5g_011.flac
[4362/4911] s1Hxy1SKwNg_000.flac
[4363/4911] s1Hxy1SKwNg_001.flac
[4364/4911] s1Hxy1SKwNg_002.flac
[4365/4911] s1Hxy1SKwNg_003.flac
[4366/4911] s1Hxy1SKwNg_004.flac
[4367/4911] s1Hxy1SKwNg_005.flac
[4368/4911] s1Hxy1SKwNg_006.flac
[4369/4911] s1Hxy1SKwNg_007.flac
[4370/4911] s1Hxy1SKwNg_008.flac
[4371/4911] s1Hxy1SKwNg_009.flac
[4372/4911] s4lX4_WNRic_000.flac
[4373/4911] s4lX4_WNRic_001.flac
[4374/4911] s4lX4_WNRic_002.flac
[4375/4911] s4lX4_WNRic_003.flac
[4376/4911] s4lX4_WNRic_004.flac
[4377/4911] s4lX4_WNRic_005.flac
[4378/4911] s4lX4_WNRic_006.flac
[4379/4911] sOQ01mpqfs0_000.flac
[4380/4911] sOQ01mpqfs0_001.flac
[4381/4911] sOQ01mpqfs0_002.flac
[4382/4911] sOQ01mpqfs0_003.flac
[4383/4911] sOQ01mpqfs0_004.flac
[4384/4911] sOQ01mpqfs0_005.flac
[4385/4911] swwK7bQDriw_000.flac
[4386/4911] swwK7bQDriw_001.flac
[4387/4911] swwK7bQDriw_002.flac
[4388/4911] swwK7bQDriw_003.flac
[4389/4911] swwK7bQDriw_004.flac
[4390/4911] swwK7bQDriw_005.flac
[4391/4911] swwK7bQDriw_006.flac
[4392/4911] swwK7bQDriw_007.flac
[4393/4911] swwK7bQDriw_008.flac
[4394/4911] swwK7bQDriw_009.flac
[4395/4911] t4BuTm6iF-I_000.flac
[4396/4911] t4BuTm6iF-I_001.flac
[4397/4911] t4BuTm6iF-I_002.flac
[4398/4911] t4BuTm6iF-I_003.flac
[4399/4911] t4BuTm6iF-I_004.flac
[4400/4911] t6scQL95LAM_000.flac
[4401/4911] t6scQL95LAM_001.flac
[4402/4911] t6scQL95LAM_002.flac
[4403/4911] t6scQL95LAM_003.flac
[4404/4911] t6scQL95LAM_004.flac
[4405/4911] t6scQL95LAM_005.flac
[4406/4911] t6scQL95LAM_006.flac
[4407/4911] t6scQL95LAM_007.flac
[4408/4911] t6scQL95LAM_008.flac
[4409/4911] tKdmT0JtFhY_000.flac
[4410/4911] tKdmT0JtFhY_001.flac
[4411/4911] tKdmT0JtFhY_002.flac
[4412/4911] tKdmT0JtFhY_003.flac
[4413/4911] tMvCw-t6-Uc_000.flac
[4414/4911] tMvCw-t6-Uc_001.flac
[4415/4911] tMvCw-t6-Uc_002.flac
[4416/4911] tMvCw-t6-Uc_003.flac
[4417/4911] tMvCw-t6-Uc_004.flac
[4418/4911] tMvCw-t6-Uc_005.flac
[4419/4911] tMvCw-t6-Uc_006.flac
[4420/4911] tMvCw-t6-Uc_007.flac
[4421/4911] tMvCw-t6-Uc_008.flac
[4422/4911] tMvCw-t6-Uc_009.flac
[4423/4911] tMvCw-t6-Uc_010.flac
[4424/4911] tMvCw-t6-Uc_011.flac
[4425/4911] tMvCw-t6-Uc_012.flac
[4426/4911] tMvCw-t6-Uc_013.flac
[4427/4911] tMvCw-t6-Uc_014.flac
[4428/4911] tMvCw-t6-Uc_015.flac
[4429/4911] tMvCw-t6-Uc_016.flac
[4430/4911] tMvCw-t6-Uc_017.flac
[4431/4911] t_Yba4h9w4c_000.flac
[4432/4911] t_Yba4h9w4c_001.flac
[4433/4911] t_Yba4h9w4c_002.flac
[4434/4911] t_Yba4h9w4c_003.flac
[4435/4911] t_Yba4h9w4c_004.flac
[4436/4911] t_Yba4h9w4c_005.flac
[4437/4911] t_Yba4h9w4c_006.flac
[4438/4911] tcPb6iRCaJA_000.flac
[4439/4911] tcPb6iRCaJA_001.flac
[4440/4911] tcPb6iRCaJA_002.flac
[4441/4911] tcPb6iRCaJA_003.flac
[4442/4911] tcPb6iRCaJA_004.flac
[4443/4911] tcPb6iRCaJA_005.flac
[4444/4911] tcPb6iRCaJA_006.flac
[4445/4911] tcPb6iRCaJA_007.flac
[4446/4911] tghzGEXcWME_000.flac
[4447/4911] tghzGEXcWME_001.flac
[4448/4911] tghzGEXcWME_002.flac
[4449/4911] tghzGEXcWME_003.flac
[4450/4911] tghzGEXcWME_004.flac
[4451/4911] tghzGEXcWME_005.flac
[4452/4911] tghzGEXcWME_006.flac
[4453/4911] tghzGEXcWME_007.flac
[4454/4911] tghzGEXcWME_008.flac
[4455/4911] tghzGEXcWME_009.flac
[4456/4911] tghzGEXcWME_010.flac
[4457/4911] tghzGEXcWME_011.flac
[4458/4911] tghzGEXcWME_012.flac
[4459/4911] tghzGEXcWME_013.flac
[4460/4911] tiAZXns5K2o_000.flac
[4461/4911] tiAZXns5K2o_001.flac
[4462/4911] tiAZXns5K2o_002.flac
[4463/4911] tiAZXns5K2o_003.flac
[4464/4911] tiAZXns5K2o_004.flac
[4465/4911] tiAZXns5K2o_005.flac
[4466/4911] tiAZXns5K2o_006.flac
[4467/4911] tiAZXns5K2o_007.flac
[4468/4911] tiAZXns5K2o_008.flac
[4469/4911] tpE-yiRudx4_000.flac
[4470/4911] tpE-yiRudx4_001.flac
[4471/4911] tpE-yiRudx4_002.flac
[4472/4911] tpE-yiRudx4_003.flac
[4473/4911] tpE-yiRudx4_004.flac
[4474/4911] tpE-yiRudx4_005.flac
[4475/4911] tpE-yiRudx4_006.flac
[4476/4911] tpE-yiRudx4_007.flac
[4477/4911] tpE-yiRudx4_008.flac
[4478/4911] tpE-yiRudx4_009.flac
[4479/4911] tpE-yiRudx4_010.flac
[4480/4911] tpE-yiRudx4_011.flac
[4481/4911] tpE-yiRudx4_012.flac
[4482/4911] txj-nvyhNeQ_000.flac
[4483/4911] txj-nvyhNeQ_001.flac
[4484/4911] txj-nvyhNeQ_002.flac
[4485/4911] txj-nvyhNeQ_003.flac
[4486/4911] txj-nvyhNeQ_004.flac
[4487/4911] txj-nvyhNeQ_005.flac
[4488/4911] txj-nvyhNeQ_006.flac
[4489/4911] txj-nvyhNeQ_007.flac
[4490/4911] uMm5I9C7MDQ_000.flac
[4491/4911] uMm5I9C7MDQ_001.flac
[4492/4911] uMm5I9C7MDQ_002.flac
[4493/4911] uMm5I9C7MDQ_003.flac
[4494/4911] uMm5I9C7MDQ_004.flac
[4495/4911] uMm5I9C7MDQ_005.flac
[4496/4911] uMm5I9C7MDQ_006.flac
[4497/4911] uMm5I9C7MDQ_007.flac
[4498/4911] uMm5I9C7MDQ_008.flac
[4499/4911] uMm5I9C7MDQ_009.flac
[4500/4911] uMm5I9C7MDQ_010.flac
[4501/4911] uMm5I9C7MDQ_011.flac
[4502/4911] uMm5I9C7MDQ_012.flac
[4503/4911] uMm5I9C7MDQ_013.flac
[4504/4911] uMm5I9C7MDQ_014.flac
[4505/4911] uMm5I9C7MDQ_015.flac
[4506/4911] uQ-mD4O0Lpw_000.flac
[4507/4911] uQ-mD4O0Lpw_001.flac
[4508/4911] uQ-mD4O0Lpw_002.flac
[4509/4911] uQ-mD4O0Lpw_003.flac
[4510/4911] uQ-mD4O0Lpw_004.flac
[4511/4911] uQ-mD4O0Lpw_005.flac
[4512/4911] uQUaBEoMIHg_000.flac
[4513/4911] uQUaBEoMIHg_001.flac
[4514/4911] uQUaBEoMIHg_002.flac
[4515/4911] uQUaBEoMIHg_003.flac
[4516/4911] uQUaBEoMIHg_004.flac
[4517/4911] uQUaBEoMIHg_005.flac
[4518/4911] uYN_9pBHKG0_000.flac
[4519/4911] uYN_9pBHKG0_001.flac
[4520/4911] uYN_9pBHKG0_002.flac
[4521/4911] uYN_9pBHKG0_003.flac
[4522/4911] uYN_9pBHKG0_004.flac
[4523/4911] uYN_9pBHKG0_005.flac
[4524/4911] uYN_9pBHKG0_006.flac
[4525/4911] uYN_9pBHKG0_007.flac
[4526/4911] uYN_9pBHKG0_008.flac
[4527/4911] uYN_9pBHKG0_009.flac
[4528/4911] uYN_9pBHKG0_010.flac
[4529/4911] uYN_9pBHKG0_011.flac
[4530/4911] uYN_9pBHKG0_012.flac
[4531/4911] uYN_9pBHKG0_013.flac
[4532/4911] ue8-iO-aX5I_000.flac
[4533/4911] ue8-iO-aX5I_001.flac
[4534/4911] ue8-iO-aX5I_002.flac
[4535/4911] ue8-iO-aX5I_003.flac
[4536/4911] ue8-iO-aX5I_004.flac
[4537/4911] ue8-iO-aX5I_005.flac
[4538/4911] ue8-iO-aX5I_006.flac
[4539/4911] un9ybvOfMdM_000.flac
[4540/4911] un9ybvOfMdM_001.flac
[4541/4911] un9ybvOfMdM_002.flac
[4542/4911] upCziR9Dj5Y_000.flac
[4543/4911] upCziR9Dj5Y_001.flac
[4544/4911] upCziR9Dj5Y_002.flac
[4545/4911] upCziR9Dj5Y_003.flac
[4546/4911] upCziR9Dj5Y_004.flac
[4547/4911] upCziR9Dj5Y_005.flac
[4548/4911] upCziR9Dj5Y_006.flac
[4549/4911] upCziR9Dj5Y_007.flac
[4550/4911] upCziR9Dj5Y_008.flac
[4551/4911] upCziR9Dj5Y_009.flac
[4552/4911] upCziR9Dj5Y_010.flac
[4553/4911] upCziR9Dj5Y_011.flac
[4554/4911] upCziR9Dj5Y_012.flac
[4555/4911] upCziR9Dj5Y_013.flac
[4556/4911] v0NnwIvVtjI_000.flac
[4557/4911] v0NnwIvVtjI_001.flac
[4558/4911] v0NnwIvVtjI_002.flac
[4559/4911] v5Wx3MKlBuM_000.flac
[4560/4911] v5Wx3MKlBuM_001.flac
[4561/4911] v5Wx3MKlBuM_002.flac
[4562/4911] v5Wx3MKlBuM_003.flac
[4563/4911] v5Wx3MKlBuM_004.flac
[4564/4911] v5Wx3MKlBuM_005.flac
[4565/4911] v5Wx3MKlBuM_006.flac
[4566/4911] v5Wx3MKlBuM_007.flac
[4567/4911] v5Wx3MKlBuM_008.flac
[4568/4911] v5Wx3MKlBuM_009.flac
[4569/4911] v5Wx3MKlBuM_010.flac
[4570/4911] v5Wx3MKlBuM_011.flac
[4571/4911] v5Wx3MKlBuM_012.flac
[4572/4911] v5Wx3MKlBuM_013.flac
[4573/4911] v78MkgYvOrQ_000.flac
[4574/4911] v78MkgYvOrQ_001.flac
[4575/4911] v78MkgYvOrQ_002.flac
[4576/4911] v78MkgYvOrQ_003.flac
[4577/4911] v78MkgYvOrQ_004.flac
[4578/4911] v78MkgYvOrQ_005.flac
[4579/4911] v78MkgYvOrQ_006.flac
[4580/4911] v78MkgYvOrQ_007.flac
[4581/4911] v78MkgYvOrQ_008.flac
[4582/4911] v78MkgYvOrQ_009.flac
[4583/4911] v78MkgYvOrQ_010.flac
[4584/4911] v78MkgYvOrQ_011.flac
[4585/4911] v78MkgYvOrQ_012.flac
[4586/4911] v78MkgYvOrQ_013.flac
[4587/4911] v78MkgYvOrQ_014.flac
[4588/4911] v78MkgYvOrQ_015.flac
[4589/4911] v78MkgYvOrQ_016.flac
[4590/4911] v78MkgYvOrQ_017.flac
[4591/4911] v78MkgYvOrQ_018.flac
[4592/4911] v78MkgYvOrQ_019.flac
[4593/4911] vFrMK-oxuV4_000.flac
[4594/4911] vFrMK-oxuV4_001.flac
[4595/4911] vFrMK-oxuV4_002.flac
[4596/4911] vFrMK-oxuV4_003.flac
[4597/4911] vFrMK-oxuV4_004.flac
[4598/4911] vFrMK-oxuV4_005.flac
[4599/4911] vJimNzAr-lo_000.flac
[4600/4911] vJimNzAr-lo_001.flac
[4601/4911] vJimNzAr-lo_002.flac
[4602/4911] vJimNzAr-lo_003.flac
[4603/4911] vJimNzAr-lo_004.flac
[4604/4911] vJimNzAr-lo_005.flac
[4605/4911] vJimNzAr-lo_006.flac
[4606/4911] vJimNzAr-lo_007.flac
[4607/4911] vJimNzAr-lo_008.flac
[4608/4911] vJimNzAr-lo_009.flac
[4609/4911] vJimNzAr-lo_010.flac
[4610/4911] vhvzzWnTK_Y_000.flac
[4611/4911] vhvzzWnTK_Y_001.flac
[4612/4911] vhvzzWnTK_Y_002.flac
[4613/4911] vhvzzWnTK_Y_003.flac
[4614/4911] vhvzzWnTK_Y_004.flac
[4615/4911] vhvzzWnTK_Y_005.flac
[4616/4911] vhvzzWnTK_Y_006.flac
[4617/4911] vhvzzWnTK_Y_007.flac
[4618/4911] vhvzzWnTK_Y_008.flac
[4619/4911] vhvzzWnTK_Y_009.flac
[4620/4911] vhvzzWnTK_Y_010.flac
[4621/4911] vwzpuyvZSdI_000.flac
[4622/4911] vwzpuyvZSdI_001.flac
[4623/4911] vwzpuyvZSdI_002.flac
[4624/4911] vwzpuyvZSdI_003.flac
[4625/4911] vwzpuyvZSdI_004.flac
[4626/4911] vwzpuyvZSdI_005.flac
[4627/4911] vwzpuyvZSdI_006.flac
[4628/4911] vwzpuyvZSdI_007.flac
[4629/4911] vwzpuyvZSdI_008.flac
[4630/4911] vwzpuyvZSdI_009.flac
[4631/4911] vwzpuyvZSdI_010.flac
[4632/4911] vwzpuyvZSdI_011.flac
[4633/4911] vwzpuyvZSdI_012.flac
[4634/4911] vwzpuyvZSdI_013.flac
[4635/4911] vwzpuyvZSdI_014.flac
[4636/4911] vwzpuyvZSdI_015.flac
[4637/4911] vwzpuyvZSdI_016.flac
[4638/4911] vwzpuyvZSdI_017.flac
[4639/4911] vwzpuyvZSdI_018.flac
[4640/4911] vwzpuyvZSdI_019.flac
[4641/4911] vwzpuyvZSdI_020.flac
[4642/4911] vwzpuyvZSdI_021.flac
[4643/4911] vwzpuyvZSdI_022.flac
[4644/4911] vwzpuyvZSdI_023.flac
[4645/4911] vwzpuyvZSdI_024.flac
[4646/4911] vwzpuyvZSdI_025.flac
[4647/4911] w4hCyh2PlaI_000.flac
[4648/4911] w4hCyh2PlaI_001.flac
[4649/4911] wEaQoL1empQ_000.flac
[4650/4911] wEaQoL1empQ_001.flac
[4651/4911] wEaQoL1empQ_002.flac
[4652/4911] wEaQoL1empQ_003.flac
[4653/4911] wEaQoL1empQ_004.flac
[4654/4911] wEaQoL1empQ_005.flac
[4655/4911] wEaQoL1empQ_006.flac
[4656/4911] wIdnUCjEssQ_000.flac
[4657/4911] wIdnUCjEssQ_001.flac
[4658/4911] wIdnUCjEssQ_002.flac
[4659/4911] wIdnUCjEssQ_003.flac
[4660/4911] wIdnUCjEssQ_004.flac
[4661/4911] wIdnUCjEssQ_005.flac
[4662/4911] wIdnUCjEssQ_006.flac
[4663/4911] wIdnUCjEssQ_007.flac
[4664/4911] wIdnUCjEssQ_008.flac
[4665/4911] wKnZonmRm_0_000.flac
[4666/4911] wKnZonmRm_0_001.flac
[4667/4911] wKnZonmRm_0_002.flac
[4668/4911] wKnZonmRm_0_003.flac
[4669/4911] wKnZonmRm_0_004.flac
[4670/4911] wKnZonmRm_0_005.flac
[4671/4911] wKnZonmRm_0_006.flac
[4672/4911] wKnZonmRm_0_007.flac
[4673/4911] wKnZonmRm_0_008.flac
[4674/4911] wKnZonmRm_0_009.flac
[4675/4911] wKnZonmRm_0_010.flac
[4676/4911] wKnZonmRm_0_011.flac
[4677/4911] wToq891_0Ew_000.flac
[4678/4911] wToq891_0Ew_001.flac
[4679/4911] wToq891_0Ew_002.flac
[4680/4911] wme62WSv6_Q_000.flac
[4681/4911] wme62WSv6_Q_001.flac
[4682/4911] wme62WSv6_Q_002.flac
[4683/4911] wme62WSv6_Q_003.flac
[4684/4911] wme62WSv6_Q_004.flac
[4685/4911] wme62WSv6_Q_005.flac
[4686/4911] wmsBUAfxcpc_000.flac
[4687/4911] wmsBUAfxcpc_001.flac
[4688/4911] wmsBUAfxcpc_002.flac
[4689/4911] wmsBUAfxcpc_003.flac
[4690/4911] wrZW3zFKKG8_000.flac
[4691/4911] wrZW3zFKKG8_001.flac
[4692/4911] wrZW3zFKKG8_002.flac
[4693/4911] wrZW3zFKKG8_003.flac
[4694/4911] wrZW3zFKKG8_004.flac
[4695/4911] x07083qMjr4_000.flac
[4696/4911] x07083qMjr4_001.flac
[4697/4911] x07083qMjr4_002.flac
[4698/4911] x07083qMjr4_003.flac
[4699/4911] x07083qMjr4_004.flac
[4700/4911] x3lXIRulmQk_000.flac
[4701/4911] x3lXIRulmQk_001.flac
[4702/4911] x3lXIRulmQk_002.flac
[4703/4911] x3lXIRulmQk_003.flac
[4704/4911] x3lXIRulmQk_004.flac
[4705/4911] x3lXIRulmQk_005.flac
[4706/4911] x3lXIRulmQk_006.flac
[4707/4911] x3lXIRulmQk_007.flac
[4708/4911] x3lXIRulmQk_008.flac
[4709/4911] x3lXIRulmQk_009.flac
[4710/4911] x6fHdDGHnpg_000.flac
[4711/4911] x6fHdDGHnpg_001.flac
[4712/4911] x6fHdDGHnpg_002.flac
[4713/4911] x6fHdDGHnpg_003.flac
[4714/4911] x6fHdDGHnpg_004.flac
[4715/4911] x6fHdDGHnpg_005.flac
[4716/4911] x6fHdDGHnpg_006.flac
[4717/4911] xGhoDgFe8GQ_000.flac
[4718/4911] xGhoDgFe8GQ_001.flac
[4719/4911] xGhoDgFe8GQ_002.flac
[4720/4911] xGhoDgFe8GQ_003.flac
[4721/4911] xGhoDgFe8GQ_004.flac
[4722/4911] xGhoDgFe8GQ_005.flac
[4723/4911] xGhoDgFe8GQ_006.flac
[4724/4911] xGhoDgFe8GQ_007.flac
[4725/4911] xGhoDgFe8GQ_008.flac
[4726/4911] xGhoDgFe8GQ_009.flac
[4727/4911] xaGu8VdP9nU_000.flac
[4728/4911] xaGu8VdP9nU_001.flac
[4729/4911] xaGu8VdP9nU_002.flac
[4730/4911] xaGu8VdP9nU_003.flac
[4731/4911] xaGu8VdP9nU_004.flac
[4732/4911] xaGu8VdP9nU_005.flac
[4733/4911] xaGu8VdP9nU_006.flac
[4734/4911] xaGu8VdP9nU_007.flac
[4735/4911] xaGu8VdP9nU_008.flac
[4736/4911] xaGu8VdP9nU_009.flac
[4737/4911] xaGu8VdP9nU_010.flac
[4738/4911] xaGu8VdP9nU_011.flac
[4739/4911] xaGu8VdP9nU_012.flac
[4740/4911] xmEDLJqNCK0_000.flac
[4741/4911] xmEDLJqNCK0_001.flac
[4742/4911] xmEDLJqNCK0_002.flac
[4743/4911] xmEDLJqNCK0_003.flac
[4744/4911] yMiOxRdFGjg_000.flac
[4745/4911] yMiOxRdFGjg_001.flac
[4746/4911] yMiOxRdFGjg_002.flac
[4747/4911] yMiOxRdFGjg_003.flac
[4748/4911] yMiOxRdFGjg_004.flac
[4749/4911] yMiOxRdFGjg_005.flac
[4750/4911] yMiOxRdFGjg_006.flac
[4751/4911] yMiOxRdFGjg_007.flac
[4752/4911] yMiOxRdFGjg_008.flac
[4753/4911] yOaVkjAxMAs_000.flac
[4754/4911] yOaVkjAxMAs_001.flac
[4755/4911] yOaVkjAxMAs_002.flac
[4756/4911] yOaVkjAxMAs_003.flac
[4757/4911] yOaVkjAxMAs_004.flac
[4758/4911] yQX1MseKbh0_000.flac
[4759/4911] yQX1MseKbh0_001.flac
[4760/4911] yQX1MseKbh0_002.flac
[4761/4911] yQX1MseKbh0_003.flac
[4762/4911] yQX1MseKbh0_004.flac
[4763/4911] yQX1MseKbh0_005.flac
[4764/4911] yQX1MseKbh0_006.flac
[4765/4911] yQX1MseKbh0_007.flac
[4766/4911] yQX1MseKbh0_008.flac
[4767/4911] yQX1MseKbh0_009.flac
[4768/4911] yQX1MseKbh0_010.flac
[4769/4911] yQX1MseKbh0_011.flac
[4770/4911] yQX1MseKbh0_012.flac
[4771/4911] yQX1MseKbh0_013.flac
[4772/4911] yQX1MseKbh0_014.flac
[4773/4911] yQX1MseKbh0_015.flac
[4774/4911] yQX1MseKbh0_016.flac
[4775/4911] yQX1MseKbh0_017.flac
[4776/4911] yQX1MseKbh0_018.flac
[4777/4911] yQX1MseKbh0_019.flac
[4778/4911] yQX1MseKbh0_020.flac
[4779/4911] yQX1MseKbh0_021.flac
[4780/4911] yQX1MseKbh0_022.flac
[4781/4911] yUsY5ZWOUMs_000.flac
[4782/4911] yUsY5ZWOUMs_001.flac
[4783/4911] yUsY5ZWOUMs_002.flac
[4784/4911] yUsY5ZWOUMs_003.flac
[4785/4911] yUsY5ZWOUMs_004.flac
[4786/4911] yUsY5ZWOUMs_005.flac
[4787/4911] yazBjEzVozc_000.flac
[4788/4911] yazBjEzVozc_001.flac
[4789/4911] yazBjEzVozc_002.flac
[4790/4911] yazBjEzVozc_003.flac
[4791/4911] yazBjEzVozc_004.flac
[4792/4911] yazBjEzVozc_005.flac
[4793/4911] yazBjEzVozc_006.flac
[4794/4911] yeRdDP5GqMA_000.flac
[4795/4911] yeRdDP5GqMA_001.flac
[4796/4911] yeRdDP5GqMA_002.flac
[4797/4911] yeRdDP5GqMA_003.flac
[4798/4911] yeRdDP5GqMA_004.flac
[4799/4911] yeRdDP5GqMA_005.flac
[4800/4911] yeRdDP5GqMA_006.flac
[4801/4911] yeRdDP5GqMA_007.flac
[4802/4911] yfl_B98gb7o_000.flac
[4803/4911] yfl_B98gb7o_001.flac
[4804/4911] yfl_B98gb7o_002.flac
[4805/4911] ynuA9DgE3oM_000.flac
[4806/4911] ynuA9DgE3oM_001.flac
[4807/4911] ynuA9DgE3oM_002.flac
[4808/4911] ynuA9DgE3oM_003.flac
[4809/4911] ynuA9DgE3oM_004.flac
[4810/4911] ynuA9DgE3oM_005.flac
[4811/4911] ynuA9DgE3oM_006.flac
[4812/4911] z-FTJewy3vA_000.flac
[4813/4911] z-FTJewy3vA_001.flac
[4814/4911] z-FTJewy3vA_002.flac
[4815/4911] z-FTJewy3vA_003.flac
[4816/4911] z-FTJewy3vA_004.flac
[4817/4911] z-FTJewy3vA_005.flac
[4818/4911] z-FTJewy3vA_006.flac
[4819/4911] z-FTJewy3vA_007.flac
[4820/4911] z-FTJewy3vA_008.flac
[4821/4911] z-FTJewy3vA_009.flac
[4822/4911] z-FTJewy3vA_010.flac
[4823/4911] z-FTJewy3vA_011.flac
[4824/4911] z0d7n9QxYiE_000.flac
[4825/4911] z0d7n9QxYiE_001.flac
[4826/4911] z0d7n9QxYiE_002.flac
[4827/4911] z0d7n9QxYiE_003.flac
[4828/4911] z0d7n9QxYiE_004.flac
[4829/4911] z0d7n9QxYiE_005.flac
[4830/4911] z0d7n9QxYiE_006.flac
[4831/4911] z0d7n9QxYiE_007.flac
[4832/4911] z0d7n9QxYiE_008.flac
[4833/4911] z0d7n9QxYiE_009.flac
[4834/4911] z0d7n9QxYiE_010.flac
[4835/4911] z0d7n9QxYiE_011.flac
[4836/4911] z0d7n9QxYiE_012.flac
[4837/4911] zDY3f_JU2Mw_000.flac
[4838/4911] zDY3f_JU2Mw_001.flac
[4839/4911] zDY3f_JU2Mw_002.flac
[4840/4911] zDY3f_JU2Mw_003.flac
[4841/4911] zDY3f_JU2Mw_004.flac
[4842/4911] zDY3f_JU2Mw_005.flac
[4843/4911] zDY3f_JU2Mw_006.flac
[4844/4911] zDY3f_JU2Mw_007.flac
[4845/4911] zDY3f_JU2Mw_008.flac
[4846/4911] zDY3f_JU2Mw_009.flac
[4847/4911] zDY3f_JU2Mw_010.flac
[4848/4911] zDY3f_JU2Mw_011.flac
[4849/4911] zLH6UBjv7iM_000.flac
[4850/4911] zLH6UBjv7iM_001.flac
[4851/4911] zLH6UBjv7iM_002.flac
[4852/4911] zLH6UBjv7iM_003.flac
[4853/4911] zLH6UBjv7iM_004.flac
[4854/4911] zLH6UBjv7iM_005.flac
[4855/4911] zQ74tQFIXZU_000.flac
[4856/4911] zQvwsDGr9JU_000.flac
[4857/4911] zQvwsDGr9JU_001.flac
[4858/4911] zQvwsDGr9JU_002.flac
[4859/4911] zUPrQBxS2NM_000.flac
[4860/4911] zUPrQBxS2NM_001.flac
[4861/4911] zUPrQBxS2NM_002.flac
[4862/4911] zUPrQBxS2NM_003.flac
[4863/4911] za1OqKsqiCc_000.flac
[4864/4911] za1OqKsqiCc_001.flac
[4865/4911] za1OqKsqiCc_002.flac
[4866/4911] za1OqKsqiCc_003.flac
[4867/4911] za1OqKsqiCc_004.flac
[4868/4911] za1OqKsqiCc_005.flac
[4869/4911] za1OqKsqiCc_006.flac
[4870/4911] za1OqKsqiCc_007.flac
[4871/4911] za1OqKsqiCc_008.flac
[4872/4911] zh0-UdbZ2UE_000.flac
[4873/4911] zh0-UdbZ2UE_001.flac
[4874/4911] zh0-UdbZ2UE_002.flac
[4875/4911] zhkldou_CKY_000.flac
[4876/4911] zhkldou_CKY_001.flac
[4877/4911] zhkldou_CKY_002.flac
[4878/4911] zhkldou_CKY_003.flac
[4879/4911] zhkldou_CKY_004.flac
[4880/4911] zhkldou_CKY_005.flac
[4881/4911] zhkldou_CKY_006.flac
[4882/4911] zhkldou_CKY_007.flac
[4883/4911] zhkldou_CKY_008.flac
[4884/4911] zhkldou_CKY_009.flac
[4885/4911] zjYZCFQI84s_000.flac
[4886/4911] zjYZCFQI84s_001.flac
[4887/4911] zjYZCFQI84s_002.flac
[4888/4911] zjYZCFQI84s_003.flac
[4889/4911] zjYZCFQI84s_004.flac
[4890/4911] zjYZCFQI84s_005.flac
[4891/4911] zjYZCFQI84s_006.flac
[4892/4911] zp3LxJr8aJA_000.flac
[4893/4911] zp3LxJr8aJA_001.flac
[4894/4911] zp3LxJr8aJA_002.flac
[4895/4911] zp3LxJr8aJA_003.flac
[4896/4911] zp3LxJr8aJA_004.flac
[4897/4911] zp3LxJr8aJA_005.flac
[4898/4911] ztXD5GSX13o_000.flac
[4899/4911] ztXD5GSX13o_001.flac
[4900/4911] ztXD5GSX13o_002.flac
[4901/4911] ztXD5GSX13o_003.flac
[4902/4911] ztXD5GSX13o_004.flac
[4903/4911] ztXD5GSX13o_005.flac
[4904/4911] ztXD5GSX13o_006.flac
[4905/4911] ztXD5GSX13o_007.flac
[4906/4911] zu5ZVRnnRVQ_000.flac
[4907/4911] zu5ZVRnnRVQ_001.flac
[4908/4911] zu5ZVRnnRVQ_002.flac
[4909/4911] zu5ZVRnnRVQ_003.flac
[4910/4911] zu5ZVRnnRVQ_004.flac
[4911/4911] zu5ZVRnnRVQ_005.flac
Wrote /workspace/cantoai/analysis/ROUND-1/window_clap_sing.csv n=4911 clap_ok=4911 elapsed_s=1309.3
Wrote /workspace/cantoai/analysis/ROUND-1/metrics/corr_summary.json
Wrote /workspace/cantoai/analysis/ROUND-1/metrics/flag_sing_contrast.json
Wrote /workspace/cantoai/analysis/ROUND-1/STATUS.json
EXIT=0 ELAPSED_SEC=1314
