window_id,clap_sing,clap_speak,clap_logit_diff,clap_ok,error
-3BTKFtZldo_000,-2.1927233,-0.79588562,-1.3968377,1,
-3BTKFtZldo_001,-3.1021779,-0.54621881,-2.555959,1,
-3BTKFtZldo_002,-2.3589005,0.28433159,-2.6432321,1,
-9oY4_qcCfg_000,-2.5959332,-2.8349559,0.23902273,1,
-9oY4_qcCfg_001,1.632225,-0.94382179,2.5760468,1,
-9oY4_qcCfg_002,1.7035875,0.89819002,0.80539751,1,
-9oY4_qcCfg_003,0.85593575,1.0788792,-0.22294348,1,
-9oY4_qcCfg_004,1.7428559,1.2924078,0.45044816,1,
-9oY4_qcCfg_005,-2.4636109,-2.7960939,0.33248305,1,
-9oY4_qcCfg_006,0.56388998,0.84854376,-0.28465378,1,
-9oY4_qcCfg_007,2.0702162,0.52070028,1.5495159,1,
-9oY4_qcCfg_008,0.38419756,0.84449506,-0.4602975,1,
-9oY4_qcCfg_009,-0.28234994,-2.4447472,2.1623973,1,
-9oY4_qcCfg_010,-0.12876616,-0.54682237,0.4180562,1,
-9oY4_qcCfg_011,1.9949445,2.0341661,-0.039221644,1,
-9oY4_qcCfg_012,0.65562856,1.0478542,-0.39222562,1,
-9oY4_qcCfg_013,-0.66113716,-0.11585123,-0.54528593,1,
-9oY4_qcCfg_014,0.026785582,-2.7781568,2.8049423,1,
-9oY4_qcCfg_015,-2.86676,-0.82458019,-2.0421798,1,
-RGj8xb9R8A_000,-0.87585312,0.097198762,-0.97305188,1,
-RGj8xb9R8A_001,-1.1854845,1.8016957,-2.9871802,1,
-RGj8xb9R8A_002,-1.9857848,0.31212407,-2.2979088,1,
-RGj8xb9R8A_003,-3.4332836,-0.38427225,-3.0490113,1,
-ZzrfGa0S0w_000,-0.98630482,0.47252584,-1.4588307,1,
-ZzrfGa0S0w_001,0.501288,-1.0023818,1.5036698,1,
-ZzrfGa0S0w_002,-2.6299958,-0.33811364,-2.2918822,1,
-ZzrfGa0S0w_003,-2.7855437,0.53472215,-3.3202658,1,
-ZzrfGa0S0w_004,-1.8612088,-0.91603881,-0.94516999,1,
-ZzrfGa0S0w_005,-0.14716968,2.2668436,-2.4140132,1,
-ZzrfGa0S0w_006,-3.4247334,-1.781076,-1.6436574,1,
-ZzrfGa0S0w_007,0.10907347,-0.26440543,0.3734789,1,
-ZzrfGa0S0w_008,-1.3077575,0.4140389,-1.7217964,1,
-ZzrfGa0S0w_009,-0.94679481,-1.4642627,0.51746792,1,
-ZzrfGa0S0w_010,-2.2068043,-3.018194,0.81138968,1,
-ZzrfGa0S0w_011,-1.1451768,-2.976162,1.8309852,1,
-ZzrfGa0S0w_012,-2.4920185,-0.79085541,-1.7011631,1,
-agnQ40mEM8_000,-4.573781,-2.9804342,-1.5933468,1,
-agnQ40mEM8_001,-4.6419992,-3.0887129,-1.5532863,1,
-agnQ40mEM8_002,-3.7414203,-0.60408014,-3.1373401,1,
-duPp9s1JzQ_000,0.90928239,0.055596028,0.85368636,1,
-duPp9s1JzQ_001,-1.7219517,0.95155931,-2.673511,1,
-duPp9s1JzQ_002,-1.6363517,0.69161195,-2.3279637,1,
-duPp9s1JzQ_003,-1.8720361,0.8110733,-2.6831094,1,
-duPp9s1JzQ_004,-3.9032223,-2.3346078,-1.5686145,1,
-duPp9s1JzQ_005,-0.2170881,2.187129,-2.4042171,1,
-duPp9s1JzQ_006,-3.5362055,-1.7430415,-1.793164,1,
-duPp9s1JzQ_007,2.6472301,2.3813143,0.26591587,1,
-duPp9s1JzQ_008,-4.7172122,-2.8143158,-1.9028964,1,
-duPp9s1JzQ_009,-0.41969687,1.2890564,-1.7087533,1,
-duPp9s1JzQ_010,-3.917156,-3.2233348,-0.69382119,1,
-duPp9s1JzQ_011,-1.1130618,-3.2247782,2.1117164,1,
-duPp9s1JzQ_012,-3.1656532,-2.0857387,-1.0799146,1,
-uB4Z9Vdv3E_000,-3.2608786,-0.25576663,-3.0051119,1,
-uB4Z9Vdv3E_001,-1.2174072,0.39447322,-1.6118805,1,
-uB4Z9Vdv3E_002,-2.604779,0.018936003,-2.623715,1,
-uB4Z9Vdv3E_003,-2.3688252,-1.0230539,-1.3457713,1,
01cBqZ4P68A_000,-2.9800673,-1.2800992,-1.6999681,1,
01cBqZ4P68A_001,-2.0766935,0.81514812,-2.8918417,1,
01cBqZ4P68A_002,-3.6462121,-0.62019318,-3.0260189,1,
0Hqy8SIu8QM_000,2.6361213,-1.964998,4.6011193,1,
0Hqy8SIu8QM_001,1.0017382,-2.2740722,3.2758104,1,
0Hqy8SIu8QM_002,0.62030745,-2.1736057,2.7939131,1,
0Hqy8SIu8QM_003,-2.6700971,-1.417052,-1.2530451,1,
0QZPlWu3n7Q_000,-0.30428982,-1.998212,1.6939222,1,
0QZPlWu3n7Q_001,-2.3626809,0.11585182,-2.4785327,1,
0QZPlWu3n7Q_002,-3.8546429,-1.5496782,-2.3049647,1,
0QZPlWu3n7Q_003,0.87053668,-1.2740219,2.1445585,1,
0QZPlWu3n7Q_004,-1.9522773,-0.055460762,-1.8968165,1,
0bxiKSqEZlU_000,-2.7830467,-0.19025029,-2.5927964,1,
0bxiKSqEZlU_001,-2.1719005,1.3196194,-3.4915199,1,
0bxiKSqEZlU_002,-0.58196747,-1.917454,1.3354865,1,
0bxiKSqEZlU_003,-2.3135395,-0.54236823,-1.7711713,1,
0oa0RJE4db8_000,-1.4434029,-0.62664628,-0.81675661,1,
0oa0RJE4db8_001,-3.7955506,0.21434712,-4.0098977,1,
0oa0RJE4db8_002,-4.9381232,-1.8688813,-3.0692419,1,
0oa0RJE4db8_003,-4.3771586,-1.9521681,-2.4249905,1,
0oa0RJE4db8_004,-1.8479024,1.9872698,-3.8351722,1,
0oa0RJE4db8_005,-4.1494074,-0.71469104,-3.4347163,1,
0tOUk3VfuGg_000,1.0754946,-1.0508096,2.1263043,1,
0tOUk3VfuGg_001,-2.3291998,-1.8571885,-0.47201133,1,
0tOUk3VfuGg_002,-0.92436969,0.54013491,-1.4645046,1,
0tOUk3VfuGg_003,-1.535552,0.83883679,-2.3743888,1,
0tOUk3VfuGg_004,-2.0267079,-0.090578102,-1.9361298,1,
0tOUk3VfuGg_005,-0.80869144,1.1768187,-1.9855102,1,
0tOUk3VfuGg_006,-1.9127043,0.52925807,-2.4419624,1,
0tOUk3VfuGg_007,-2.4036577,0.036543798,-2.4402015,1,
0tOUk3VfuGg_008,-2.0179336,0.37232915,-2.3902628,1,
0tOUk3VfuGg_009,-1.6677115,0.33173454,-1.999446,1,
0tOUk3VfuGg_010,-2.4484026,-0.038582101,-2.4098205,1,
0tOUk3VfuGg_011,-2.8320341,-0.99673986,-1.8352942,1,
0tOUk3VfuGg_012,-2.6936297,-0.90427494,-1.7893548,1,
0tOUk3VfuGg_013,-0.5740546,-0.36851117,-0.20554343,1,
0tOUk3VfuGg_014,-2.2516706,0.018729011,-2.2703996,1,
0tOUk3VfuGg_015,0.1363655,1.7011627,-1.5647972,1,
0tOUk3VfuGg_016,-2.0631282,-0.37448427,-1.688644,1,
0xkI0AW6xfQ_000,-0.95419544,0.53219545,-1.4863909,1,
0xkI0AW6xfQ_001,5.6319356,-0.48586982,6.1178054,1,
0xkI0AW6xfQ_002,5.736567,-0.5407384,6.2773054,1,
0xkI0AW6xfQ_003,5.4762774,0.59903097,4.8772464,1,
0xkI0AW6xfQ_004,5.0936933,0.65349805,4.4401952,1,
0xkI0AW6xfQ_005,7.42241,1.009937,6.412473,1,
0xkI0AW6xfQ_006,-3.0645771,-0.92404962,-2.1405275,1,
0xkI0AW6xfQ_007,-1.9614408,-0.34395564,-1.6174852,1,
0xkI0AW6xfQ_008,-2.3185852,1.3395281,-3.6581132,1,
0xkI0AW6xfQ_009,-4.1648979,-0.47577092,-3.689127,1,
0xkI0AW6xfQ_010,-3.8704848,-1.6592826,-2.2112023,1,
0xkI0AW6xfQ_011,-2.0022137,0.22696152,-2.2291752,1,
0xkI0AW6xfQ_012,-3.373384,-0.86757541,-2.5058086,1,
0xkI0AW6xfQ_013,-2.8187659,-1.4294258,-1.38934,1,
0xkI0AW6xfQ_014,-1.2878711,-0.81780779,-0.47006333,1,
0xkI0AW6xfQ_015,-1.9630048,-0.99718565,-0.96581918,1,
0xkI0AW6xfQ_016,-2.0864694,-1.5430473,-0.5434221,1,
0xkI0AW6xfQ_017,-2.6494324,-1.8171864,-0.83224607,1,
0xkI0AW6xfQ_018,-2.8766432,-0.22997335,-2.6466698,1,
0xkI0AW6xfQ_019,-4.146101,-0.93810135,-3.2079996,1,
10G-1WZq5jc_000,-1.8301786,0.73066473,-2.5608433,1,
10G-1WZq5jc_001,-1.2582554,1.0937433,-2.3519987,1,
10G-1WZq5jc_002,-2.2738504,1.4118603,-3.6857108,1,
10G-1WZq5jc_003,-2.5412683,1.0184302,-3.5596986,1,
10G-1WZq5jc_004,-3.3159933,-0.24448706,-3.0715062,1,
10G-1WZq5jc_005,-2.0164025,1.5373998,-3.5538023,1,
10G-1WZq5jc_006,-2.8300323,-0.15932673,-2.6707056,1,
10G-1WZq5jc_007,-2.8262072,-0.7426303,-2.0835769,1,
10G-1WZq5jc_008,-3.1378052,-1.8733119,-1.2644933,1,
10G-1WZq5jc_009,-1.2287091,-0.16903423,-1.0596749,1,
10G-1WZq5jc_010,-1.8033742,-0.97026622,-0.83310795,1,
10G-1WZq5jc_011,-0.94216895,-0.3263869,-0.61578205,1,
10G-1WZq5jc_012,-0.63315433,0.60867,-1.2418243,1,
10G-1WZq5jc_013,-1.1159232,3.0572162,-4.1731393,1,
10G-1WZq5jc_014,-3.4217293,-1.8579919,-1.5637374,1,
10G-1WZq5jc_015,6.3487558,0.23712677,6.1116291,1,
10G-1WZq5jc_016,6.0970931,0.79822266,5.2988704,1,
10G-1WZq5jc_017,-2.3669457,-0.61665636,-1.7502894,1,
10G-1WZq5jc_018,-4.4053612,-0.93582129,-3.4695399,1,
1Hj6ncrJr0c_000,-0.39294711,0.69510442,-1.0880515,1,
1Hj6ncrJr0c_001,-2.2985694,-1.2726964,-1.0258731,1,
1Hj6ncrJr0c_002,-2.35271,-2.279326,-0.073384047,1,
1Hj6ncrJr0c_003,-2.0109386,-0.77800113,-1.2329375,1,
1Hj6ncrJr0c_004,-3.6749225,-1.4060519,-2.2688706,1,
1Hj6ncrJr0c_005,-4.1762714,-0.62069958,-3.5555719,1,
1Mz-sKyoEy8_000,0.57651317,0.4469395,0.12957367,1,
1Mz-sKyoEy8_001,3.6424022,2.8895826,0.75281954,1,
1Mz-sKyoEy8_002,5.3730683,1.5432596,3.8298087,1,
1Mz-sKyoEy8_003,0.6512987,-2.3328664,2.9841651,1,
1Mz-sKyoEy8_004,-2.3661056,-0.54022968,-1.8258759,1,
1VbNiBxwg9M_000,-1.1667793,1.1937568,-2.3605361,1,
1VbNiBxwg9M_001,-2.0048773,-0.83916366,-1.1657137,1,
1VbNiBxwg9M_002,-0.53156775,-0.44838655,-0.083181202,1,
1VbNiBxwg9M_003,-3.2686069,-2.3619406,-0.90666628,1,
1VbNiBxwg9M_004,-3.6742716,-0.42100263,-3.253269,1,
1VbNiBxwg9M_005,-2.8646882,-2.5378125,-0.32687569,1,
1VbNiBxwg9M_006,-6.4616489,-2.9529691,-3.5086799,1,
1VbNiBxwg9M_007,-3.5293086,-3.1514637,-0.37784481,1,
1VbNiBxwg9M_008,-2.8600929,0.090110697,-2.9502036,1,
1VbNiBxwg9M_009,-3.890713,-3.8449254,-0.045787573,1,
1VbNiBxwg9M_010,-2.5570338,-1.5246685,-1.0323653,1,
1VbNiBxwg9M_011,1.0740449,0.61242932,0.46161562,1,
1VbNiBxwg9M_012,-1.7610681,0.067886412,-1.8289545,1,
1VbNiBxwg9M_013,-1.1577375,0.72768456,-1.8854221,1,
1VbNiBxwg9M_014,-3.5650861,-1.4754274,-2.0896587,1,
1VbNiBxwg9M_015,-2.9783783,-1.2194551,-1.7589232,1,
1VbNiBxwg9M_016,-2.653347,-1.3404927,-1.3128543,1,
1VbNiBxwg9M_017,-1.7944655,0.057916772,-1.8523823,1,
1VbNiBxwg9M_018,-4.0953703,-2.3056214,-1.7897489,1,
1VbNiBxwg9M_019,-1.1795412,-3.5109847,2.3314434,1,
1VbNiBxwg9M_020,-3.0357788,-1.8599799,-1.1757989,1,
1W1EWr_0bg8_000,-2.1107666,-1.0635421,-1.0472245,1,
1W1EWr_0bg8_001,-0.051366467,0.59397852,-0.64534499,1,
1W1EWr_0bg8_002,1.2827226,1.2640889,0.018633723,1,
1W1EWr_0bg8_003,0.29109612,0.023064043,0.26803208,1,
1W1EWr_0bg8_004,0.083724283,-0.32677341,0.41049769,1,
1W1EWr_0bg8_005,-0.13538441,0.059244569,-0.19462898,1,
1W1EWr_0bg8_006,-2.7241225,-1.5728863,-1.1512362,1,
1WefYlPx6ok_000,0.96962386,0.8409943,0.12862957,1,
1WefYlPx6ok_001,-2.0036025,0.33894414,-2.3425466,1,
1WefYlPx6ok_002,-0.99501818,0.32072926,-1.3157474,1,
1WefYlPx6ok_003,-0.38165864,0.30794927,-0.68960792,1,
1WefYlPx6ok_004,-2.3867395,-0.19864397,-2.1880955,1,
1WefYlPx6ok_005,-2.1969833,-0.25460711,-1.9423762,1,
1WefYlPx6ok_006,-2.5017004,0.36625278,-2.8679532,1,
1WefYlPx6ok_007,-3.1105492,0.23964812,-3.3501973,1,
1WefYlPx6ok_008,-0.38361144,1.6117653,-1.9953767,1,
1WefYlPx6ok_009,-0.31686085,1.8828084,-2.1996693,1,
1WefYlPx6ok_010,-1.7457687,0.36284161,-2.1086103,1,
1WefYlPx6ok_011,-1.3701376,0.17580667,-1.5459442,1,
1WefYlPx6ok_012,-0.80428153,0.41443029,-1.2187118,1,
1WefYlPx6ok_013,-2.5924811,-3.8120673,1.2195861,1,
1WefYlPx6ok_014,-2.3900185,-0.43754491,-1.9524736,1,
1qtodTd6UME_000,-1.4587094,0.096471302,-1.5551807,1,
1qtodTd6UME_001,0.54839659,1.4706919,-0.92229533,1,
1qtodTd6UME_002,-3.7223351,-0.56222475,-3.1601104,1,
1uc4tqpk9o0_000,2.7477047,-0.34074977,3.0884545,1,
1uc4tqpk9o0_001,-2.1201699,-1.2216991,-0.89847076,1,
1uc4tqpk9o0_002,0.68844634,2.2591598,-1.5707135,1,
1uc4tqpk9o0_003,-0.7040472,0.63257104,-1.3366182,1,
1uc4tqpk9o0_004,-2.0299616,0.19083926,-2.2208008,1,
1uc4tqpk9o0_005,-3.292886,-0.6164372,-2.6764488,1,
1uc4tqpk9o0_006,-0.54784602,1.3399355,-1.8877816,1,
1uc4tqpk9o0_007,-1.7265458,0.51033455,-2.2368804,1,
1uc4tqpk9o0_008,-3.8900485,-0.65634203,-3.2337065,1,
238-IIxY3Pw_000,-1.2570328,-0.219339,-1.0376938,1,
238-IIxY3Pw_001,-3.3609152,-2.7427323,-0.6181829,1,
238-IIxY3Pw_002,-4.3381042,0.078309104,-4.4164134,1,
238-IIxY3Pw_003,-3.0896654,-1.6185631,-1.4711024,1,
238-IIxY3Pw_004,-1.1293874,-1.756609,0.62722158,1,
238-IIxY3Pw_005,-1.2999642,-0.98996389,-0.3100003,1,
238-IIxY3Pw_006,4.9661565,1.147302,3.8188545,1,
238-IIxY3Pw_007,3.9946206,0.54260534,3.4520152,1,
238-IIxY3Pw_008,-0.74409533,-1.2388486,0.49475324,1,
238-IIxY3Pw_009,-1.6021628,-1.2165625,-0.38560033,1,
238-IIxY3Pw_010,5.1873198,1.2713236,3.9159962,1,
238-IIxY3Pw_011,5.5787611,2.2553859,3.3233752,1,
238-IIxY3Pw_012,-0.5706687,-3.0048451,2.4341764,1,
238-IIxY3Pw_013,-2.6013479,-1.0133959,-1.587952,1,
2VLM3MhnyEE_000,-4.57517,-2.3470869,-2.2280831,1,
2VLM3MhnyEE_001,-3.1078875,-1.7704905,-1.337397,1,
2VLM3MhnyEE_002,-1.5264992,-0.46614471,-1.0603544,1,
2VLM3MhnyEE_003,-1.6105298,0.073517159,-1.6840469,1,
2VLM3MhnyEE_004,-2.2474592,-1.4481763,-0.79928291,1,
2VLM3MhnyEE_005,-1.9886247,-2.3708045,0.38217986,1,
2VLM3MhnyEE_006,-1.4407266,-0.72367495,-0.71705168,1,
2VLM3MhnyEE_007,0.90704566,0.77127123,0.13577443,1,
2VLM3MhnyEE_008,-0.26874509,2.0291286,-2.2978736,1,
2VLM3MhnyEE_009,-4.2719707,-2.1604855,-2.1114852,1,
2VLM3MhnyEE_010,0.12646575,-2.272913,2.3993787,1,
2VmuNpNnUEU_000,-2.2604458,-0.41384822,-1.8465976,1,
2VmuNpNnUEU_001,-2.6927474,-0.58567172,-2.1070756,1,
2VmuNpNnUEU_002,-2.2174006,-0.2807804,-1.9366201,1,
2VmuNpNnUEU_003,-4.3525887,-1.0025697,-3.350019,1,
2Y6itphxVyc_000,-1.6937958,-0.80615455,-0.88764125,1,
2Y6itphxVyc_001,1.114985,-2.6584785,3.7734635,1,
2Y6itphxVyc_002,3.3004525,-1.3357246,4.6361771,1,
2Y6itphxVyc_003,2.5681872,-0.22433859,2.7925258,1,
2Y6itphxVyc_004,4.3052549,0.86550063,3.4397543,1,
2Y6itphxVyc_005,3.1074538,-0.065836392,3.1732902,1,
2Y6itphxVyc_006,3.0571783,-0.55786955,3.6150478,1,
2Y6itphxVyc_007,-3.6933074,-1.3152884,-2.378019,1,
2Y6itphxVyc_008,-4.4295173,-0.90206563,-3.5274516,1,
2a1fdlEvm-s_000,-0.21625014,1.582074,-1.7983242,1,
2a1fdlEvm-s_001,-3.027431,0.94402397,-3.971455,1,
2a1fdlEvm-s_002,-1.8710668,-0.4944202,-1.3766466,1,
2a1fdlEvm-s_003,-4.180408,-0.78101528,-3.3993927,1,
2anuRVG0ZBc_000,-1.0491619,0.47930714,-1.5284691,1,
2anuRVG0ZBc_001,-1.1628726,0.55753225,-1.7204048,1,
2anuRVG0ZBc_002,-1.9226763,-1.0324457,-0.89023066,1,
2anuRVG0ZBc_003,0.48767969,-0.029376732,0.51705642,1,
2anuRVG0ZBc_004,-0.14447057,-2.9398785,2.7954079,1,
2anuRVG0ZBc_005,-2.1450067,-0.4811644,-1.6638423,1,
2oJ2qkdgZTw_000,-0.19057921,1.176903,-1.3674822,1,
2oJ2qkdgZTw_001,-2.2284799,0.31023794,-2.5387178,1,
2oJ2qkdgZTw_002,-1.9709898,1.1077238,-3.0787137,1,
2wdfJrsnKME_000,-3.6496215,2.1838775,-5.833499,1,
2wdfJrsnKME_001,-1.5268927,1.4598345,-2.9867271,1,
2wdfJrsnKME_002,-1.5604315,0.48638883,-2.0468203,1,
2wdfJrsnKME_003,0.89341205,2.4085772,-1.5151652,1,
2wdfJrsnKME_004,0.044431929,1.3498919,-1.30546,1,
2wdfJrsnKME_005,-4.4049082,-4.2066579,-0.19825029,1,
2wdfJrsnKME_006,-2.4873211,-0.33974794,-2.1475732,1,
389l_ackzDg_000,-0.43826726,0.68351805,-1.1217853,1,
389l_ackzDg_001,-1.6895049,0.68676102,-2.3762659,1,
389l_ackzDg_002,-2.0656192,0.44708031,-2.5126995,1,
389l_ackzDg_003,-1.0786884,-0.030121952,-1.0485664,1,
389l_ackzDg_004,-3.7628446,-0.581586,-3.1812586,1,
3KG2fqfQMG4_000,-5.0404453,-3.6428826,-1.3975627,1,
3KG2fqfQMG4_001,-4.7493982,-2.5555463,-2.1938519,1,
3KG2fqfQMG4_002,-1.9198896,0.37434939,-2.294239,1,
3KG2fqfQMG4_003,-3.7207797,-2.0828304,-1.6379492,1,
3KG2fqfQMG4_004,-2.6940746,-0.27828476,-2.4157899,1,
3KG2fqfQMG4_005,-3.748276,-0.6691469,-3.0791291,1,
3TNcMupTFTQ_000,0.80589694,1.7788836,-0.97298664,1,
3TNcMupTFTQ_001,-1.8839077,0.79812491,-2.6820326,1,
3TNcMupTFTQ_002,-2.4754412,0.13250186,-2.6079431,1,
3TNcMupTFTQ_003,-0.41619399,3.4977446,-3.9139386,1,
3TNcMupTFTQ_004,-1.5298949,0.56740767,-2.0973026,1,
3TNcMupTFTQ_005,-4.0178032,-0.65414774,-3.3636554,1,
3aBRmQ-C51o_000,0.18202294,-2.2092187,2.3912417,1,
3aBRmQ-C51o_001,-1.3539381,-1.579404,0.22546589,1,
3aBRmQ-C51o_002,-4.5180249,-1.587942,-2.9300829,1,
3aBRmQ-C51o_003,-4.3097153,-2.2466724,-2.0630429,1,
3g0OEhAgPHw_000,-1.6340032,0.28655285,-1.920556,1,
3g0OEhAgPHw_001,-2.618196,0.19467039,-2.8128664,1,
3g0OEhAgPHw_002,-3.192522,-0.36487055,-2.8276515,1,
3g0OEhAgPHw_003,0.10823521,1.0779785,-0.96974328,1,
3g0OEhAgPHw_004,-4.4963064,-1.0776986,-3.4186078,1,
3gtSu-CaA6o_000,-2.4147129,-2.3986895,-0.016023397,1,
3gtSu-CaA6o_001,-2.8142946,0.34161919,-3.1559138,1,
3gtSu-CaA6o_002,-0.50879031,1.4229747,-1.931765,1,
3gtSu-CaA6o_003,-0.25421384,0.42119402,-0.67540786,1,
3gtSu-CaA6o_004,-1.3470083,0.18545535,-1.5324637,1,
3gtSu-CaA6o_005,-3.1833496,-0.49310452,-2.6902451,1,
3gtSu-CaA6o_006,-1.5289829,1.9652655,-3.4942484,1,
3gtSu-CaA6o_007,-0.98598778,0.31067401,-1.2966618,1,
3gtSu-CaA6o_008,0.21791953,-0.12050044,0.33841997,1,
3gtSu-CaA6o_009,-2.824471,-0.33424103,-2.49023,1,
3gtSu-CaA6o_010,-4.0959373,-0.48637199,-3.6095653,1,
3kTKtsSunlg_000,0.18202294,-2.2092187,2.3912417,1,
3kTKtsSunlg_001,-2.0430572,0.56064504,-2.6037022,1,
3kTKtsSunlg_002,-2.8408744,-0.92406148,-1.916813,1,
3kTKtsSunlg_003,-0.43617332,2.7274263,-3.1635996,1,
3kTKtsSunlg_004,-2.9538903,-0.2402495,-2.7136408,1,
3kTKtsSunlg_005,1.1865221,0.9249813,0.26154083,1,
3kTKtsSunlg_006,1.6835947,3.1527042,-1.4691095,1,
3kTKtsSunlg_007,-1.9097583,-2.3543341,0.44457579,1,
3kTKtsSunlg_008,-1.7454325,-2.26596,0.52052748,1,
3kTKtsSunlg_009,-0.32193518,-2.469146,2.1472108,1,
3kTKtsSunlg_010,0.69406551,-0.99173236,1.6857979,1,
3kTKtsSunlg_011,-2.3507688,-3.2030718,0.85230303,1,
3kTKtsSunlg_012,-3.6606131,-1.9349918,-1.7256212,1,
3kTKtsSunlg_013,-2.1929555,-0.68551564,-1.5074399,1,
3kTKtsSunlg_014,-1.4916568,0.45540974,-1.9470665,1,
3kTKtsSunlg_015,-1.611358,-0.13813215,-1.4732259,1,
3kTKtsSunlg_016,-1.8388455,-0.60724825,-1.2315972,1,
3kTKtsSunlg_017,-2.5561349,-3.8923874,1.3362525,1,
3kTKtsSunlg_018,-1.8179079,-2.5469699,0.72906196,1,
3kTKtsSunlg_019,0.06594146,-1.0753363,1.1412778,1,
3kTKtsSunlg_020,-3.4185975,-2.4368176,-0.98177981,1,
3kTKtsSunlg_021,-3.3887467,-2.5543065,-0.83444023,1,
3kTKtsSunlg_022,-1.831773,-2.1051893,0.27341628,1,
3kTKtsSunlg_023,0.14306845,-0.43290013,0.57596858,1,
3kTKtsSunlg_024,0.29023552,-0.02149464,0.31173016,1,
3kTKtsSunlg_025,0.15398964,-2.6279387,2.7819284,1,
3kTKtsSunlg_026,-1.1974281,-2.236773,1.0393449,1,
3kTKtsSunlg_027,-0.37654948,0.054113057,-0.43066254,1,
3kTKtsSunlg_028,-2.3141551,-2.9933472,0.67919207,1,
3kTKtsSunlg_029,-0.93232244,-1.4215912,0.48926872,1,
3kTKtsSunlg_030,-1.637419,-1.1879584,-0.44946063,1,
3kTKtsSunlg_031,-1.2493265,-0.52900356,-0.72032291,1,
3kTKtsSunlg_032,-5.2353621,-3.2173467,-2.0180154,1,
3kTKtsSunlg_033,-4.2649517,-2.3915925,-1.8733592,1,
3zxz0AndPt0_000,-1.0126107,-0.99510682,-0.017503858,1,
3zxz0AndPt0_001,-4.3485951,-0.87782323,-3.4707719,1,
47F3lTVpOxc_000,-1.1121947,-0.22360136,-0.8885933,1,
47F3lTVpOxc_001,-1.3254621,-0.55585653,-0.76960558,1,
47F3lTVpOxc_002,-2.1900606,0.20928261,-2.3993432,1,
47F3lTVpOxc_003,-1.973594,0.71240258,-2.6859965,1,
47F3lTVpOxc_004,-2.9937916,0.12573804,-3.1195296,1,
47F3lTVpOxc_005,-2.2678292,0.46689981,-2.734729,1,
47F3lTVpOxc_006,-4.3000107,-1.2384686,-3.061542,1,
4BE3O130ubk_000,-3.1363194,-1.7000837,-1.4362357,1,
4BE3O130ubk_001,-0.11548879,1.2782278,-1.3937166,1,
4BE3O130ubk_002,1.3796397,1.0578034,0.32183635,1,
4BE3O130ubk_003,-3.0717881,-0.84322023,-2.2285678,1,
4BE3O130ubk_004,-1.899471,0.019384403,-1.9188554,1,
4BE3O130ubk_005,-4.3411412,-1.1129872,-3.2281541,1,
4Eyz895ZCwE_000,-2.0167499,-0.6171602,-1.3995897,1,
4Eyz895ZCwE_001,-1.7316046,0.4512437,-2.1828483,1,
4Eyz895ZCwE_002,-2.419029,0.26938611,-2.6884151,1,
4Eyz895ZCwE_003,0.4192439,1.2638757,-0.84463182,1,
4FiG0IQi__Y_000,-2.6586649,0.27024728,-2.9289122,1,
4FiG0IQi__Y_001,-2.5712607,-0.37408286,-2.1971778,1,
4FiG0IQi__Y_002,-0.30675495,-0.26545098,-0.041303962,1,
4FiG0IQi__Y_003,-2.8946302,-3.7503238,0.85569358,1,
4FiG0IQi__Y_004,-2.1505992,-0.52305752,-1.6275417,1,
4YsyGfojh30_000,-2.227071,-0.26319143,-1.9638796,1,
4YsyGfojh30_001,-1.183226,0.65729856,-1.8405246,1,
4YsyGfojh30_002,-4.0619245,-0.84735519,-3.2145693,1,
4bPrey4Dpqo_000,-0.5817737,0.91974926,-1.501523,1,
4bPrey4Dpqo_001,-2.5797901,0.39133671,-2.9711268,1,
4bPrey4Dpqo_002,-2.2182043,0.37780926,-2.5960135,1,
4bPrey4Dpqo_003,-2.0298281,1.0812272,-3.1110553,1,
4bPrey4Dpqo_004,-3.4598899,-0.64877766,-2.8111122,1,
4bPrey4Dpqo_005,-2.6899834,0.24528199,-2.9352654,1,
4bPrey4Dpqo_006,-3.9467835,-0.56273806,-3.3840455,1,
4bPrey4Dpqo_007,-3.4135833,-0.35455674,-3.0590265,1,
4fkaKsVNx9I_000,2.2338758,-2.173825,4.4077008,1,
4fkaKsVNx9I_001,3.3654485,-2.09934,5.4647884,1,
4fkaKsVNx9I_002,5.1672435,-0.27878568,5.4460292,1,
4fkaKsVNx9I_003,3.0055568,-1.7651904,4.7707472,1,
4fkaKsVNx9I_004,-1.3027986,-0.83124495,-0.47155368,1,
4fkaKsVNx9I_005,-0.77535099,0.084035181,-0.85938617,1,
4fkaKsVNx9I_006,-0.65231538,-0.97361231,0.32129693,1,
4fkaKsVNx9I_007,-1.1586148,-0.32704148,-0.83157328,1,
4fkaKsVNx9I_008,-0.45316464,-1.6578809,1.2047163,1,
4fkaKsVNx9I_009,-3.1398365,-0.81472069,-2.3251159,1,
4fkaKsVNx9I_010,-3.756089,-0.87628543,-2.8798035,1,
4iTUm1J-v0Q_000,-2.8397951,-0.53775471,-2.3020404,1,
4iTUm1J-v0Q_001,-0.29686132,-0.56131411,0.26445279,1,
4iTUm1J-v0Q_002,3.6934295,3.2893255,0.40410399,1,
4iTUm1J-v0Q_003,-2.0575204,0.18737559,-2.244896,1,
4iTUm1J-v0Q_004,-2.7407708,0.41513765,-3.1559085,1,
4iTUm1J-v0Q_005,0.18899694,0.60973084,-0.4207339,1,
4iTUm1J-v0Q_006,0.78444666,1.3124518,-0.52800518,1,
4iTUm1J-v0Q_007,-0.51758099,0.7411561,-1.2587371,1,
4iTUm1J-v0Q_008,-1.4508007,1.022856,-2.4736567,1,
4iTUm1J-v0Q_009,-1.0911306,0.98498851,-2.0761191,1,
4iTUm1J-v0Q_010,-2.4540987,1.438548,-3.8926467,1,
4iTUm1J-v0Q_011,-4.0701175,-0.36531109,-3.7048064,1,
4kMF-rVbqAc_000,-2.1544375,-0.42566603,-1.7287715,1,
4kMF-rVbqAc_001,-1.1337504,-3.0450697,1.9113193,1,
4kMF-rVbqAc_002,-0.41649729,-0.27279595,-0.14370134,1,
4kMF-rVbqAc_003,-0.34667456,0.36634594,-0.7130205,1,
4kMF-rVbqAc_004,-1.7212397,1.4459113,-3.167151,1,
4kMF-rVbqAc_005,-2.5848348,-0.010588712,-2.5742461,1,
4kMF-rVbqAc_006,-0.97877657,0.75503975,-1.7338163,1,
4kMF-rVbqAc_007,-2.7045727,-0.78635019,-1.9182225,1,
4kMF-rVbqAc_008,-1.2105932,0.65495306,-1.8655463,1,
4kMF-rVbqAc_009,-1.8589851,-0.52081829,-1.3381668,1,
4kMF-rVbqAc_010,-2.444519,0.42354017,-2.8680592,1,
4kMF-rVbqAc_011,-1.8572195,0.15896642,-2.0161859,1,
4kMF-rVbqAc_012,-1.8478576,0.4632206,-2.3110782,1,
4kMF-rVbqAc_013,-2.040796,-1.6183399,-0.42245615,1,
4kMF-rVbqAc_014,-1.1959553,1.8414817,-3.037437,1,
4kMF-rVbqAc_015,-2.5949543,0.26352724,-2.8584815,1,
4kMF-rVbqAc_016,-2.4807293,-0.0035967182,-2.4771326,1,
4kMF-rVbqAc_017,-2.349915,0.47714362,-2.8270586,1,
4kMF-rVbqAc_018,-1.861227,-0.86124933,-0.99997771,1,
4kMF-rVbqAc_019,-1.2324091,0.60799068,-1.8403998,1,
4kMF-rVbqAc_020,-3.1080399,-1.7509153,-1.3571246,1,
4kMF-rVbqAc_021,-1.0751938,0.43247727,-1.507671,1,
4kMF-rVbqAc_022,0.68785602,-1.1991462,1.8870022,1,
4kMF-rVbqAc_023,-3.0530958,-2.0662141,-0.98688173,1,
4mGjUrWl1mg_000,-2.359093,-0.35186315,-2.0072298,1,
4mGjUrWl1mg_001,-3.0032403,-1.5931195,-1.4101208,1,
4mGjUrWl1mg_002,-1.6902784,0.28465742,-1.9749358,1,
4mGjUrWl1mg_003,-3.5531917,-0.8071925,-2.7459992,1,
4mGjUrWl1mg_004,-4.0723419,-0.79425389,-3.278088,1,
4n7T0KeQohU_000,-1.594126,-0.3172985,-1.2768275,1,
4n7T0KeQohU_001,-1.5480002,-0.38769192,-1.1603083,1,
4n7T0KeQohU_002,-1.9860415,-0.030589243,-1.9554523,1,
4n7T0KeQohU_003,-1.4509825,0.9497779,-2.4007604,1,
4n7T0KeQohU_004,-1.5485117,-0.52404416,-1.0244676,1,
4n7T0KeQohU_005,-2.3374751,-0.44830969,-1.8891654,1,
4n7T0KeQohU_006,-1.6513493,0.41667688,-2.0680262,1,
4n7T0KeQohU_007,-1.7764748,0.40986288,-2.1863377,1,
4n7T0KeQohU_008,-1.7030351,-0.11673267,-1.5863024,1,
4n7T0KeQohU_009,1.7878803,-1.3832278,3.1711081,1,
4n7T0KeQohU_010,-0.89916766,-3.2129657,2.3137981,1,
4n7T0KeQohU_011,-1.8978957,-0.12423641,-1.7736593,1,
4wZ7DlNlsc0_000,-2.9689076,-0.79228276,-2.1766248,1,
4wZ7DlNlsc0_001,-2.3499405,0.31796744,-2.667908,1,
4wZ7DlNlsc0_002,-2.01631,0.74022257,-2.7565325,1,
4wZ7DlNlsc0_003,-2.5662203,0.34420711,-2.9104274,1,
4wZ7DlNlsc0_004,-4.8952227,-0.47138026,-4.4238424,1,
4wZ7DlNlsc0_005,-3.7679324,-0.62396282,-3.1439696,1,
4wZ7DlNlsc0_006,-4.3451691,-1.0993357,-3.2458334,1,
506blxP58ts_000,2.5992701,1.0531107,1.5461594,1,
506blxP58ts_001,-2.8104532,1.3065118,-4.1169649,1,
506blxP58ts_002,-0.99353588,-0.052676037,-0.94085984,1,
506blxP58ts_003,-1.8480266,-1.6472309,-0.20079577,1,
506blxP58ts_004,-3.2181139,-0.37075174,-2.8473622,1,
506blxP58ts_005,-2.5991828,-1.078775,-1.5204078,1,
506blxP58ts_006,-1.2805609,0.36646608,-1.6470269,1,
506blxP58ts_007,-2.6136839,-3.9804618,1.3667779,1,
506blxP58ts_008,-3.1045215,-1.6893322,-1.4151893,1,
5AOk21eO0qQ_000,-0.55814052,-1.0254617,0.46732116,1,
5AOk21eO0qQ_001,0.33598372,1.3996133,-1.0636295,1,
5AOk21eO0qQ_002,-1.7877296,-0.60882294,-1.1789067,1,
5AOk21eO0qQ_003,-2.1443837,1.2957616,-3.4401453,1,
5AOk21eO0qQ_004,-1.9215946,-0.46174917,-1.4598455,1,
5AOk21eO0qQ_005,-1.7149943,0.60891563,-2.3239099,1,
5AOk21eO0qQ_006,-2.2822721,-1.4917288,-0.79054332,1,
5AOk21eO0qQ_007,-0.65348315,0.36215329,-1.0156364,1,
5AOk21eO0qQ_008,-1.9676882,-0.27520916,-1.692479,1,
5AOk21eO0qQ_009,-0.8986547,-0.28990242,-0.60875228,1,
5AZhNz5cx2U_000,-1.5278822,-1.3211018,-0.20678043,1,
5AZhNz5cx2U_001,0.71473408,-0.58749503,1.3022291,1,
5AZhNz5cx2U_002,-4.5624528,-2.210618,-2.3518348,1,
5AZhNz5cx2U_003,-4.2735066,-0.56920904,-3.7042976,1,
5LoulL1GewE_000,-0.08189217,1.9246674,-2.0065595,1,
5LoulL1GewE_001,-0.71964347,1.277036,-1.9966794,1,
5LoulL1GewE_002,-1.7362015,0.017863944,-1.7540655,1,
5LoulL1GewE_003,-4.0289464,-0.93459666,-3.0943497,1,
5RR0aZa2rYA_000,0.18202294,-2.2092187,2.3912417,1,
5RR0aZa2rYA_001,-5.0900168,-2.0091534,-3.0808635,1,
5RR0aZa2rYA_002,0.62391776,-0.54068631,1.1646041,1,
5RR0aZa2rYA_003,1.3149542,0.51463944,0.80031472,1,
5RR0aZa2rYA_004,-0.17907532,1.3596669,-1.5387423,1,
5RR0aZa2rYA_005,1.0797517,2.2159646,-1.1362128,1,
5RR0aZa2rYA_006,0.61245531,1.6124029,-0.99994761,1,
5RR0aZa2rYA_007,-1.0949671,1.3441488,-2.4391159,1,
5RR0aZa2rYA_008,0.67060566,0.85893792,-0.18833226,1,
5RR0aZa2rYA_009,0.053178832,0.75311357,-0.69993474,1,
5RR0aZa2rYA_010,0.60696363,-1.4522674,2.059231,1,
5RR0aZa2rYA_011,2.1173465,1.9095925,0.20775402,1,
5RR0aZa2rYA_012,0.81675369,1.5842285,-0.76747483,1,
5RR0aZa2rYA_013,-0.11164909,2.7169399,-2.828589,1,
5RR0aZa2rYA_014,0.27011856,1.5253736,-1.255255,1,
5RR0aZa2rYA_015,-5.107801,-2.6274517,-2.4803493,1,
5T2Qgn2fXJQ_000,-2.4268699,-1.4588935,-0.96797633,1,
5T2Qgn2fXJQ_001,-2.6455128,-1.7270455,-0.91846728,1,
5T2Qgn2fXJQ_002,-1.3140229,-1.2583892,-0.055633664,1,
5T2Qgn2fXJQ_003,1.2506213,0.098155513,1.1524658,1,
5T2Qgn2fXJQ_004,1.5195779,-0.17615825,1.6957361,1,
5T2Qgn2fXJQ_005,1.1400322,-0.43702006,1.5770522,1,
5T2Qgn2fXJQ_006,1.0291219,-0.42489821,1.4540201,1,
5T2Qgn2fXJQ_007,-0.28321376,-1.1703914,0.88717768,1,
5T2Qgn2fXJQ_008,-0.23277274,-0.71760404,0.4848313,1,
5T2Qgn2fXJQ_009,-0.29823479,-0.39210284,0.093868047,1,
5T2Qgn2fXJQ_010,0.4824729,0.2349773,0.24749559,1,
5T2Qgn2fXJQ_011,-0.23603977,-2.6412487,2.4052089,1,
5T2Qgn2fXJQ_012,-2.644763,-0.58962464,-2.0551383,1,
5V8WhI7pCx8_000,3.2189829,-0.70007288,3.9190558,1,
5V8WhI7pCx8_001,-2.3767996,-2.7205665,0.34376693,1,
5V8WhI7pCx8_002,-2.4382567,0.31166598,-2.7499227,1,
5V8WhI7pCx8_003,5.5716038,2.6821892,2.8894145,1,
5V8WhI7pCx8_004,5.8422341,2.4731493,3.3690848,1,
5V8WhI7pCx8_005,6.22122,3.1980655,3.0231545,1,
5V8WhI7pCx8_006,5.3102784,1.6280714,3.682207,1,
5V8WhI7pCx8_007,3.4535828,0.93667901,2.5169038,1,
5V8WhI7pCx8_008,4.5812654,2.2889299,2.2923355,1,
5V8WhI7pCx8_009,-2.4339275,-1.7386872,-0.69524038,1,
5V8WhI7pCx8_010,5.4727664,-0.76082748,6.2335939,1,
5V8WhI7pCx8_011,4.4814668,2.0999835,2.3814833,1,
5V8WhI7pCx8_012,3.4704394,-1.5149697,4.9854091,1,
5V8WhI7pCx8_013,3.6062043,-0.91127783,4.5174821,1,
5V8WhI7pCx8_014,5.9628181,-0.42307806,6.3858962,1,
5V8WhI7pCx8_015,4.8579674,-1.0757941,5.9337615,1,
5V8WhI7pCx8_016,4.4093819,-0.88334453,5.2927264,1,
5V8WhI7pCx8_017,-3.0285707,-0.50674736,-2.5218233,1,
5V8WhI7pCx8_018,-3.8291702,-0.51764065,-3.3115296,1,
5X3tKt091aE_000,3.0547721,-0.68528163,3.7400538,1,
5X3tKt091aE_001,5.6221814,0.58899218,5.0331892,1,
5X3tKt091aE_002,4.2730684,0.63448489,3.6385835,1,
5X3tKt091aE_003,3.4502139,-0.45474678,3.9049607,1,
5X3tKt091aE_004,2.8401241,-1.1919272,4.0320513,1,
5X3tKt091aE_005,-0.16163966,-0.92228377,0.76064411,1,
5X3tKt091aE_006,-0.95982057,-0.84702075,-0.11279982,1,
5X3tKt091aE_007,0.019076111,-0.59586102,0.61493713,1,
5X3tKt091aE_008,-0.90904891,-0.52886885,-0.38018006,1,
5X3tKt091aE_009,-3.0268908,-0.89999962,-2.1268911,1,
5X3tKt091aE_010,-4.4795103,-0.56797093,-3.9115394,1,
5_K4QNe6E6o_000,-1.1439958,-0.17299306,-0.9710027,1,
5_K4QNe6E6o_001,-3.1061471,-2.5233958,-0.58275127,1,
5_K4QNe6E6o_002,-3.1759202,-1.9980532,-1.1778671,1,
5_K4QNe6E6o_003,0.021702349,-1.3253423,1.3470446,1,
5_K4QNe6E6o_004,-0.30679864,-1.9659439,1.6591453,1,
5_K4QNe6E6o_005,1.7627599,-1.6523839,3.4151438,1,
5_K4QNe6E6o_006,1.1537046,-0.33612457,1.4898292,1,
5_K4QNe6E6o_007,0.012015051,-2.1784873,2.1905024,1,
5_K4QNe6E6o_008,-0.44407561,-2.0824847,1.6384091,1,
5_K4QNe6E6o_009,1.2658892,0.18743327,1.0784559,1,
5_K4QNe6E6o_010,1.9444089,-0.05065855,1.9950674,1,
5_K4QNe6E6o_011,0.69289136,1.345901,-0.65300965,1,
5_K4QNe6E6o_012,1.3847663,-1.4105202,2.7952865,1,
5_K4QNe6E6o_013,-3.0460672,-1.760152,-1.2859153,1,
5cfJTCXcEw0_000,-4.3675394,-2.6004088,-1.7671306,1,
5cfJTCXcEw0_001,-1.2671514,1.0380163,-2.3051677,1,
5cfJTCXcEw0_002,-2.8487225,0.37372911,-3.2224516,1,
5cfJTCXcEw0_003,-3.9088037,-1.2389218,-2.6698819,1,
5hG8TnYMs60_000,-3.3453104,-0.49345201,-2.8518584,1,
5hG8TnYMs60_001,2.4768906,1.1952689,1.2816217,1,
5hG8TnYMs60_002,2.9514198,1.6485271,1.3028927,1,
5hG8TnYMs60_003,0.57906598,-1.8449498,2.4240158,1,
5hG8TnYMs60_004,2.2203202,-0.72798347,2.9483037,1,
5hG8TnYMs60_005,0.36501074,1.1432378,-0.77822709,1,
5hG8TnYMs60_006,1.9581677,0.93149966,1.026668,1,
5hG8TnYMs60_007,2.5417669,1.207932,1.3338349,1,
5hG8TnYMs60_008,4.1492558,0.71888566,3.4303701,1,
5hG8TnYMs60_009,3.9830642,-0.16712667,4.1501908,1,
5hG8TnYMs60_010,4.1595368,1.1180867,3.0414501,1,
5hG8TnYMs60_011,1.9498154,0.31167164,1.6381437,1,
5hG8TnYMs60_012,2.0993123,0.46557969,1.6337326,1,
5hG8TnYMs60_013,0.65946323,-1.0575676,1.7170308,1,
5hG8TnYMs60_014,1.4912223,1.4673998,0.023822427,1,
5hG8TnYMs60_015,2.3929944,1.2969258,1.0960686,1,
5hG8TnYMs60_016,0.9016462,0.90136993,0.00027626753,1,
5hG8TnYMs60_017,0.15106751,0.87014169,-0.71907417,1,
5hG8TnYMs60_018,0.32852381,-0.18303934,0.51156315,1,
5hG8TnYMs60_019,2.0324595,1.6394842,0.39297533,1,
5hG8TnYMs60_020,2.2565422,1.785431,0.47111118,1,
5hG8TnYMs60_021,0.20045066,-0.63886285,0.83931351,1,
5hG8TnYMs60_022,-0.44476914,-2.6770697,2.2323005,1,
5hG8TnYMs60_023,-2.7355661,-0.95600212,-1.779564,1,
5ihVDACK8xo_000,-0.90454572,-1.0027608,0.098215044,1,
5ihVDACK8xo_001,0.26523912,-0.29562733,0.56086645,1,
5ihVDACK8xo_002,-0.76218051,0.12440229,-0.8865828,1,
5ihVDACK8xo_003,-0.93655574,-3.1720901,2.2355343,1,
5ihVDACK8xo_004,-2.4206657,-0.51045895,-1.9102068,1,
5j651zUx6q4_000,0.10232335,3.058332,-2.9560086,1,
5j651zUx6q4_001,-0.65936786,-3.7613387,3.1019709,1,
5j651zUx6q4_002,-0.050460108,1.0698613,-1.1203214,1,
5j651zUx6q4_003,0.16372153,-2.0848212,2.2485428,1,
5j651zUx6q4_004,0.91469258,-1.9090674,2.82376,1,
5j651zUx6q4_005,-1.5585271,0.7891382,-2.3476653,1,
5j651zUx6q4_006,-3.6347106,-2.3757658,-1.2589447,1,
5j651zUx6q4_007,-2.9425035,-1.2027112,-1.7397922,1,
5j651zUx6q4_008,-0.77984083,-1.3296546,0.54981375,1,
5j651zUx6q4_009,-1.0495248,-2.6469939,1.5974691,1,
5j651zUx6q4_010,-4.2838845,-0.19820909,-4.0856754,1,
5j651zUx6q4_011,-2.6270795,0.9211902,-3.5482697,1,
5j651zUx6q4_012,0.51827371,-1.2476678,1.7659415,1,
5j651zUx6q4_013,-1.6528752,1.8646344,-3.5175096,1,
5j651zUx6q4_014,0.78692102,0.75246668,0.034454346,1,
5j651zUx6q4_015,-1.3162724,1.8879627,-3.2042351,1,
5j651zUx6q4_016,-4.1670294,-0.85260588,-3.3144235,1,
5o1doRRWOUA_000,-2.3542895,0.28089759,-2.6351871,1,
5o1doRRWOUA_001,-3.6922617,-0.93310279,-2.7591589,1,
5o1doRRWOUA_002,-1.7277533,-0.68800086,-1.0397524,1,
5o1doRRWOUA_003,-2.4170365,0.30462283,-2.7216594,1,
5o1doRRWOUA_004,-0.59199703,-3.0075529,2.4155558,1,
5o1doRRWOUA_005,-2.7483747,-0.64331603,-2.1050587,1,
5p4bNH4gnH0_000,-2.5055168,-2.0156302,-0.48988652,1,
5p4bNH4gnH0_001,-3.4008632,-0.59494787,-2.8059153,1,
5p4bNH4gnH0_002,-3.2503197,-0.056375019,-3.1939447,1,
5p4bNH4gnH0_003,-0.90026468,1.8028691,-2.7031338,1,
5p4bNH4gnH0_004,-4.187324,-0.42390892,-3.7634151,1,
5wSWQYFvHwk_000,-2.1289709,-0.10526993,-2.0237009,1,
5wSWQYFvHwk_001,0.34561911,0.60437483,-0.25875571,1,
5wSWQYFvHwk_002,-2.0202494,-0.21714851,-1.8031009,1,
5wSWQYFvHwk_003,-4.4916935,-0.55163491,-3.9400586,1,
5y6wjeJR5Cg_000,-0.67421204,1.5488094,-2.2230214,1,
5y6wjeJR5Cg_001,-2.1751153,1.7377567,-3.9128721,1,
5y6wjeJR5Cg_002,-3.6870959,-0.49936554,-3.1877303,1,
6-mh40eytMI_000,-1.5370985,-1.2698947,-0.26720381,1,
6-mh40eytMI_001,-2.8108408,-0.4485448,-2.362296,1,
6-mh40eytMI_002,-3.0244436,-0.54513121,-2.4793124,1,
6-mh40eytMI_003,-4.0350046,-0.85260516,-3.1823995,1,
67euLhPd3ro_000,-1.6396502,0.08268442,-1.7223346,1,
67euLhPd3ro_001,-4.3675442,-1.7079364,-2.6596078,1,
67euLhPd3ro_002,-4.2904654,-0.36810213,-3.9223632,1,
6DmMwkK_tSo_000,0.22678961,1.5260342,-1.2992446,1,
6DmMwkK_tSo_001,-0.43656376,0.3778787,-0.81444246,1,
6DmMwkK_tSo_002,-2.1998379,0.76139373,-2.9612316,1,
6DmMwkK_tSo_003,-2.0700326,-0.90238649,-1.1676461,1,
6DmMwkK_tSo_004,-2.7279937,-0.95382357,-1.7741702,1,
6E6uYzwHRcg_000,-1.990887,-3.4577754,1.4668883,1,
6E6uYzwHRcg_001,0.67398465,1.5070454,-0.83306074,1,
6E6uYzwHRcg_002,0.52282262,1.5022495,-0.97942686,1,
6E6uYzwHRcg_003,0.94265717,0.83296549,0.10969168,1,
6E6uYzwHRcg_004,2.7038405,1.9013778,0.8024627,1,
6E6uYzwHRcg_005,-0.29288328,-0.18723023,-0.10565305,1,
6E6uYzwHRcg_006,-1.1250857,-1.7449846,0.61989892,1,
6E6uYzwHRcg_007,-0.061026119,1.0721436,-1.1331697,1,
6E6uYzwHRcg_008,-0.93957198,0.21550576,-1.1550777,1,
6E6uYzwHRcg_009,0.82931894,1.9479451,-1.1186262,1,
6E6uYzwHRcg_010,0.69144636,0.0064271209,0.68501924,1,
6E6uYzwHRcg_011,1.3717636,1.3328063,0.038957238,1,
6E6uYzwHRcg_012,1.232784,2.7687113,-1.5359273,1,
6E6uYzwHRcg_013,-0.29606998,-0.15968972,-0.13638026,1,
6E6uYzwHRcg_014,1.0200057,2.6052866,-1.5852809,1,
6E6uYzwHRcg_015,-0.53587717,-0.78759784,0.25172067,1,
6E6uYzwHRcg_016,2.4061482,1.5491761,0.8569721,1,
6E6uYzwHRcg_017,1.4425676,0.10036433,1.3422033,1,
6E6uYzwHRcg_018,1.6070414,0.12777209,1.4792693,1,
6E6uYzwHRcg_019,2.590034,1.3806553,1.2093787,1,
6E6uYzwHRcg_020,2.2298434,1.3221567,0.90768671,1,
6E6uYzwHRcg_021,1.2142532,0.71341592,0.50083727,1,
6E6uYzwHRcg_022,1.2518035,2.2940018,-1.0421983,1,
6E6uYzwHRcg_023,1.0690372,-0.88730729,1.9563445,1,
6E6uYzwHRcg_024,3.1937301,0.51979524,2.6739349,1,
6E6uYzwHRcg_025,2.3026717,1.8601757,0.44249594,1,
6E6uYzwHRcg_026,-0.30337813,-2.6901865,2.3868084,1,
6E6uYzwHRcg_027,-2.7581871,-1.5193914,-1.2387956,1,
6IsyZ4tTrp8_000,2.478097,1.3681909,1.1099061,1,
6IsyZ4tTrp8_001,1.4533547,-0.013931025,1.4672857,1,
6IsyZ4tTrp8_002,1.3704705,0.98261768,0.38785285,1,
6IsyZ4tTrp8_003,-4.3269172,-0.95591354,-3.3710036,1,
6SwkF4lY6gI_000,-1.7776988,0.35923055,-2.1369293,1,
6SwkF4lY6gI_001,-2.2473478,1.8242698,-4.0716176,1,
6SwkF4lY6gI_002,0.063788317,1.0180477,-0.95425937,1,
6SwkF4lY6gI_003,-0.4593578,1.4298966,-1.8892544,1,
6SwkF4lY6gI_004,-4.875515,-1.2201828,-3.6553322,1,
6SwkF4lY6gI_005,-4.3044586,-0.64617223,-3.6582864,1,
6SwkF4lY6gI_006,-4.7818065,-0.58639747,-4.195409,1,
6SwkF4lY6gI_007,-2.8157907,-0.40436745,-2.4114232,1,
6SwkF4lY6gI_008,-4.3791909,-4.7835059,0.40431499,1,
6SwkF4lY6gI_009,-3.8400824,-1.5344993,-2.3055831,1,
6SwkF4lY6gI_010,-4.3736763,-1.1653283,-3.208348,1,
6SwkF4lY6gI_011,-5.2159901,-2.0647423,-3.1512477,1,
6SwkF4lY6gI_012,-4.4282656,-1.886361,-2.5419046,1,
6SwkF4lY6gI_013,-4.4180031,-1.0908117,-3.3271914,1,
6b_trwoU-Bs_000,-1.733448,-0.15815786,-1.5752902,1,
6b_trwoU-Bs_001,-3.0242748,-0.85541892,-2.1688559,1,
6b_trwoU-Bs_002,-2.0882156,-1.1945187,-0.8936969,1,
6b_trwoU-Bs_003,-2.7751133,-0.57240224,-2.2027111,1,
6b_trwoU-Bs_004,-4.2061057,-0.99458158,-3.2115241,1,
6klshR-YtEw_000,0.69207305,1.1656989,-0.47362584,1,
6klshR-YtEw_001,-1.144588,-0.43424997,-0.71033803,1,
6klshR-YtEw_002,-0.99400473,-4.4357314,3.4417267,1,
6klshR-YtEw_003,-1.916042,-4.2919321,2.3758901,1,
6klshR-YtEw_004,-1.7681063,-4.0773649,2.3092586,1,
6klshR-YtEw_005,-4.2258921,-4.0395422,-0.18634987,1,
6klshR-YtEw_006,-2.6060801,-4.9828815,2.3768015,1,
6klshR-YtEw_007,-1.5717131,0.016676532,-1.5883896,1,
6klshR-YtEw_008,2.2644365,-2.3827238,4.6471603,1,
6klshR-YtEw_009,4.3172364,-0.16047192,4.4777083,1,
6klshR-YtEw_010,5.5322185,0.38079789,5.1514206,1,
6klshR-YtEw_011,4.7821517,-0.35246664,5.1346183,1,
6klshR-YtEw_012,5.5703683,0.81136048,4.7590078,1,
6klshR-YtEw_013,5.1456237,0.89503187,4.2505918,1,
6klshR-YtEw_014,4.7858267,-0.77815634,5.563983,1,
6klshR-YtEw_015,2.4470191,-1.5472738,3.9942929,1,
6klshR-YtEw_016,5.5539169,1.321025,4.2328919,1,
6klshR-YtEw_017,-1.8505493,0.54195154,-2.3925009,1,
6klshR-YtEw_018,-4.0462074,-0.097979233,-3.9482282,1,
6kxnMsvfArE_000,-1.4741553,0.06301485,-1.5371702,1,
6kxnMsvfArE_001,-1.1626791,1.1821166,-2.3447957,1,
6kxnMsvfArE_002,-2.1739357,1.2983593,-3.4722949,1,
6kxnMsvfArE_003,-1.1358352,0.57339519,-1.7092304,1,
6kxnMsvfArE_004,-0.29394314,-2.8280144,2.5340712,1,
6kxnMsvfArE_005,-3.0102081,-1.3980631,-1.6121451,1,
6qI6TJvLEFI_000,-0.93153214,-0.6580925,-0.27343965,1,
6qI6TJvLEFI_001,-2.3578339,-2.8160779,0.45824409,1,
6qI6TJvLEFI_002,-3.0923648,-2.6802876,-0.41207719,1,
6qI6TJvLEFI_003,1.7962236,1.2057428,0.5904808,1,
6qI6TJvLEFI_004,0.19692223,0.3135691,-0.11664687,1,
6qI6TJvLEFI_005,0.72298491,1.4368464,-0.71386147,1,
6qI6TJvLEFI_006,1.868811,0.15485099,1.71396,1,
6qI6TJvLEFI_007,-0.020461941,-2.6849387,2.6644767,1,
6qI6TJvLEFI_008,-2.7843668,-1.627076,-1.1572908,1,
6qbasnLUeLs_000,-0.5162822,1.3479742,-1.8642564,1,
6qbasnLUeLs_001,-2.8289979,0.092979804,-2.9219777,1,
6qbasnLUeLs_002,-0.15694998,1.2733945,-1.4303444,1,
6qbasnLUeLs_003,0.7408917,0.76450074,-0.023609042,1,
6qbasnLUeLs_004,-0.062256385,0.25434288,-0.31659927,1,
6qbasnLUeLs_005,-0.20807695,-0.58303052,0.37495357,1,
6qbasnLUeLs_006,0.76726311,1.788727,-1.0214639,1,
6qbasnLUeLs_007,0.97881001,1.8035063,-0.82469624,1,
6qbasnLUeLs_008,-2.0071683,0.45091507,-2.4580834,1,
6qbasnLUeLs_009,-3.8903408,-0.50970751,-3.3806333,1,
6rmTqvCtEuM_000,-0.81478077,-1.0022385,0.18745774,1,
6rmTqvCtEuM_001,-0.74005097,0.74974036,-1.4897913,1,
6rmTqvCtEuM_002,-2.3704772,-0.79177922,-1.578698,1,
6zVyUvw0JfU_000,-2.970264,-0.35812134,-2.6121426,1,
6zVyUvw0JfU_001,-2.3383977,1.1431718,-3.4815695,1,
6zVyUvw0JfU_002,-3.6490915,-0.89339316,-2.7556983,1,
6zVyUvw0JfU_003,-2.3084848,1.4545106,-3.7629954,1,
6zVyUvw0JfU_004,-3.0835657,-1.1025425,-1.9810232,1,
6zVyUvw0JfU_005,-3.4890115,-0.59576404,-2.8932475,1,
7CGgQCUOJbw_000,-2.6928668,-0.36804086,-2.3248259,1,
7CGgQCUOJbw_001,-1.0808158,0.76790816,-1.8487239,1,
7CGgQCUOJbw_002,-4.2220807,-0.86573797,-3.3563427,1,
7LuAjOjXab4_000,-0.80873519,-0.69228208,-0.11645311,1,
7LuAjOjXab4_001,-1.1043911,-0.45057961,-0.65381148,1,
7LuAjOjXab4_002,0.15351647,-1.1244751,1.2779916,1,
7LuAjOjXab4_003,-1.7398649,0.32401088,-2.0638758,1,
7LuAjOjXab4_004,-4.451807,-0.96191192,-3.4898951,1,
7MLzvAy3CuM_000,0.058117952,0.65955657,-0.60143862,1,
7MLzvAy3CuM_001,-1.4373727,0.57651865,-2.0138913,1,
7MLzvAy3CuM_002,-0.55752623,0.60638589,-1.1639121,1,
7MLzvAy3CuM_003,-2.4062474,-0.20756947,-2.1986779,1,
7MLzvAy3CuM_004,-0.84145808,0.19037955,-1.0318376,1,
7MLzvAy3CuM_005,-2.844687,-2.7169583,-0.1277287,1,
7MLzvAy3CuM_006,-2.144326,-2.0608079,-0.083518028,1,
7MLzvAy3CuM_007,-2.7064571,-2.3958182,-0.3106389,1,
7MLzvAy3CuM_008,-3.352571,-3.3238773,-0.028693676,1,
7MLzvAy3CuM_009,-2.2163219,0.16178301,-2.378105,1,
7MLzvAy3CuM_010,-4.4475379,-1.0748105,-3.3727274,1,
7N9pz7fZQ4E_000,-1.6745908,-0.93535709,-0.73923373,1,
7N9pz7fZQ4E_001,-1.7006397,-0.10346318,-1.5971765,1,
7N9pz7fZQ4E_002,-1.728209,1.0299257,-2.7581347,1,
7N9pz7fZQ4E_003,-1.8408383,0.94681156,-2.7876499,1,
7N9pz7fZQ4E_004,-4.3299084,-0.73680037,-3.593108,1,
7U3LKpXaBds_000,-2.3039594,-0.61938494,-1.6845744,1,
7U3LKpXaBds_001,-2.1397519,1.2304776,-3.3702295,1,
7U3LKpXaBds_002,-2.9618275,0.17945324,-3.1412808,1,
7U3LKpXaBds_003,-3.2273288,-1.058122,-2.1692067,1,
7U3LKpXaBds_004,-4.0620551,-1.0659193,-2.9961358,1,
7ZDZVThmWfA_000,-0.50726748,1.2885854,-1.7958529,1,
7ZDZVThmWfA_001,-2.6247213,0.46663302,-3.0913543,1,
7ZDZVThmWfA_002,-2.533217,-1.1326443,-1.4005727,1,
7ZDZVThmWfA_003,-4.5222526,1.6702033,-6.1924559,1,
7ZDZVThmWfA_004,-4.2252569,2.0983922,-6.3236492,1,
7ZDZVThmWfA_005,-2.1116557,0.54615194,-2.6578076,1,
7ZDZVThmWfA_006,-1.3852671,0.6288833,-2.0141504,1,
7ZDZVThmWfA_007,-3.6644142,-0.51392817,-3.150486,1,
7kWXOgdcn4c_000,-1.3868723,0.019897483,-1.4067698,1,
7kWXOgdcn4c_001,-1.5923626,-0.21698907,-1.3753736,1,
7kWXOgdcn4c_002,-1.6781888,0.31741965,-1.9956084,1,
7kWXOgdcn4c_003,-2.8635368,-0.50129122,-2.3622456,1,
7kWXOgdcn4c_004,-3.6183763,-0.45210049,-3.1662758,1,
7qisH4fL9qY_000,-0.12188155,-2.9368796,2.8149981,1,
7qisH4fL9qY_001,-2.4296741,-0.95894057,-1.4707336,1,
7uMXWgvf_IU_000,-3.9649463,-0.73210025,-3.232846,1,
7uMXWgvf_IU_001,-3.9168179,0.010421252,-3.9272392,1,
7uMXWgvf_IU_002,3.3224022,-0.10546353,3.4278658,1,
7uMXWgvf_IU_003,-3.1890504,-0.37725157,-2.8117989,1,
7uMXWgvf_IU_004,3.489249,-1.0258811,4.51513,1,
7uMXWgvf_IU_005,-3.6573915,-0.73450011,-2.9228914,1,
7uMXWgvf_IU_006,-0.82316357,-2.8027451,1.9795815,1,
7uMXWgvf_IU_007,-2.9800675,-0.12296467,-2.8571028,1,
7uMXWgvf_IU_008,-2.303268,0.99154192,-3.2948099,1,
7uMXWgvf_IU_009,-3.788497,-0.52896082,-3.2595361,1,
83ipAZp4hr8_000,-1.5815008,0.55997604,-2.1414768,1,
83ipAZp4hr8_001,-1.4989896,0.72487968,-2.2238693,1,
83ipAZp4hr8_002,-4.1524777,-0.83482635,-3.3176514,1,
88h7OzVLzeI_000,-0.030828394,-0.38264579,0.35181739,1,
88h7OzVLzeI_001,1.5719515,0.32045487,1.2514966,1,
88h7OzVLzeI_002,-0.28211039,-2.3964942,2.1143838,1,
88h7OzVLzeI_003,-0.90407979,-2.2695038,1.365424,1,
88h7OzVLzeI_004,-0.51767695,-1.2062038,0.68852687,1,
88h7OzVLzeI_005,-2.3882875,-1.5387123,-0.84957528,1,
88h7OzVLzeI_006,-0.2667785,-0.201114,-0.0656645,1,
88h7OzVLzeI_007,-1.1447589,-1.1636039,0.018844962,1,
88h7OzVLzeI_008,2.9135618,0.27213931,2.6414225,1,
88h7OzVLzeI_009,-1.1964337,0.4816868,-1.6781205,1,
88h7OzVLzeI_010,-4.7233257,-1.261824,-3.4615017,1,
8G6DH4n9U9Y_000,-3.1716337,-1.5843152,-1.5873185,1,
8G6DH4n9U9Y_001,-2.1143429,0.14577559,-2.2601185,1,
8G6DH4n9U9Y_002,-2.7130425,-0.14476854,-2.568274,1,
8G6DH4n9U9Y_003,-3.9949267,-0.70635509,-3.2885716,1,
8fXeD7pKbWI_000,-1.3544796,-0.60269046,-0.75178909,1,
8fXeD7pKbWI_001,-3.2772915,-1.2954987,-1.9817928,1,
8fXeD7pKbWI_002,-4.0581789,-0.53747314,-3.5207058,1,
8jJY637fQik_000,-2.7494738,0.67406505,-3.4235389,1,
8jJY637fQik_001,-2.9913619,-0.014546772,-2.9768151,1,
8jJY637fQik_002,-2.5242989,0.39850211,-2.922801,1,
8jJY637fQik_003,-2.6015484,0.80669862,-3.4082471,1,
8jJY637fQik_004,-2.686151,-0.2711148,-2.4150362,1,
8jJY637fQik_005,-3.8424499,-0.75469583,-3.0877541,1,
8sDvUH7x4iw_000,0.3913762,0.91684252,-0.52546632,1,
8sDvUH7x4iw_001,0.016460923,-0.072644211,0.089105135,1,
8sDvUH7x4iw_002,-0.71800053,-0.76013869,0.042138159,1,
8sDvUH7x4iw_003,-0.47275156,3.1434126,-3.6161641,1,
8sDvUH7x4iw_004,1.9232966,2.3146493,-0.39135277,1,
8sDvUH7x4iw_005,-1.2030181,0.73837543,-1.9413935,1,
8sDvUH7x4iw_006,-2.6017494,0.27425709,-2.8760065,1,
8sDvUH7x4iw_007,0.47649977,-1.6559234,2.1324231,1,
8sDvUH7x4iw_008,-3.006422,-1.9797653,-1.0266567,1,
8wflrDLxY84_000,1.1938027,-0.11562372,1.3094264,1,
8wflrDLxY84_001,-1.5648504,0.46949691,-2.0343474,1,
8wflrDLxY84_002,-4.1877956,-0.29747874,-3.8903169,1,
8x5JiKy8RFY_000,0.18202294,-2.2092187,2.3912417,1,
8x5JiKy8RFY_001,-2.0430572,0.56064504,-2.6037022,1,
8x5JiKy8RFY_002,-0.26788178,-1.7010354,1.4331536,1,
8x5JiKy8RFY_003,-3.558095,-5.2636719,1.7055769,1,
8x5JiKy8RFY_004,-3.3322716,-1.2029411,-2.1293305,1,
8x5JiKy8RFY_005,-3.2248785,-3.4640338,0.23915529,1,
8x5JiKy8RFY_006,-3.6555605,-1.6472329,-2.0083276,1,
8x5JiKy8RFY_007,-2.2586901,-1.3314863,-0.92720377,1,
8x5JiKy8RFY_008,-3.2157488,-0.13434903,-3.0813998,1,
8x5JiKy8RFY_009,-2.553087,-3.0056398,0.4525528,1,
8x5JiKy8RFY_010,-3.0188572,-2.1880524,-0.83080482,1,
8x5JiKy8RFY_011,-2.4667888,-2.7467241,0.27993536,1,
8x5JiKy8RFY_012,-2.0065453,-1.0506836,-0.95586169,1,
8x5JiKy8RFY_013,-1.4945325,-1.8381752,0.34364271,1,
8x5JiKy8RFY_014,-3.3834717,-2.6053054,-0.77816629,1,
8x5JiKy8RFY_015,-4.8650165,-2.9493825,-1.9156339,1,
8x5JiKy8RFY_016,-5.0454822,-2.7107697,-2.3347125,1,
8xIvuJoS5Pg_000,-3.1981573,-2.648623,-0.54953432,1,
8xIvuJoS5Pg_001,-3.2995474,-0.79774195,-2.5018055,1,
8xIvuJoS5Pg_002,0.31372815,1.3968976,-1.0831694,1,
8xIvuJoS5Pg_003,-2.3912773,-0.33809301,-2.0531843,1,
8xIvuJoS5Pg_004,-4.3916245,-1.4290975,-2.9625269,1,
9GKnaIpqSRA_000,-1.8033612,-0.47339913,-1.329962,1,
9GKnaIpqSRA_001,-2.9109049,-0.22181652,-2.6890884,1,
9GKnaIpqSRA_002,1.6035658,2.4686725,-0.8651067,1,
9GKnaIpqSRA_003,0.80944818,1.5395012,-0.73005301,1,
9GKnaIpqSRA_004,3.0041544,0.45487961,2.5492748,1,
9GKnaIpqSRA_005,-0.24023835,0.22811429,-0.46835265,1,
9GKnaIpqSRA_006,2.6824996,0.88844264,1.794057,1,
9GKnaIpqSRA_007,2.547889,2.0725079,0.47538114,1,
9GKnaIpqSRA_008,2.8011267,-0.13865049,2.9397772,1,
9GKnaIpqSRA_009,0.18365967,-0.23585863,0.41951831,1,
9GKnaIpqSRA_010,0.58666945,-1.9919811,2.5786506,1,
9GKnaIpqSRA_011,-1.9073073,-0.045195505,-1.8621118,1,
9GKnaIpqSRA_012,-0.94487661,-0.48620945,-0.45866716,1,
9GKnaIpqSRA_013,-4.4852791,-1.0139506,-3.4713285,1,
9T8KWGl2ZZQ_000,0.2732822,1.6493697,-1.3760875,1,
9T8KWGl2ZZQ_001,-3.6434934,-2.5116329,-1.1318605,1,
9oz0BewUmo4_000,-0.78237796,0.029761501,-0.81213946,1,
9oz0BewUmo4_001,-0.64629591,1.6960495,-2.3423454,1,
9oz0BewUmo4_002,-2.5118656,0.55820411,-3.0700697,1,
9oz0BewUmo4_003,-2.7052515,0.11909903,-2.8243505,1,
9oz0BewUmo4_004,-1.3697343,0.44703144,-1.8167657,1,
9oz0BewUmo4_005,-0.74916559,0.41524675,-1.1644123,1,
9oz0BewUmo4_006,-1.1684377,-0.28622857,-0.88220915,1,
9oz0BewUmo4_007,-1.6828893,0.17169599,-1.8545853,1,
9oz0BewUmo4_008,-1.1222827,0.53427774,-1.6565605,1,
9oz0BewUmo4_009,2.4624205,3.024045,-0.56162453,1,
9oz0BewUmo4_010,-0.91516352,0.77241528,-1.6875788,1,
9oz0BewUmo4_011,-2.4554617,-0.12642576,-2.329036,1,
9oz0BewUmo4_012,-2.2473438,0.75412166,-3.0014654,1,
9oz0BewUmo4_013,-2.04,-0.10966294,-1.930337,1,
9oz0BewUmo4_014,-2.938246,-1.7116318,-1.2266142,1,
9oz0BewUmo4_015,-1.1842006,0.41118187,-1.5953825,1,
9oz0BewUmo4_016,-1.8152902,-0.20647541,-1.6088148,1,
9oz0BewUmo4_017,0.33368352,0.3846162,-0.050932676,1,
9oz0BewUmo4_018,-0.92175794,0.50077772,-1.4225357,1,
9oz0BewUmo4_019,-0.77115899,1.1846677,-1.9558267,1,
9oz0BewUmo4_020,-2.2566941,0.1038829,-2.360577,1,
9oz0BewUmo4_021,-2.8201389,-0.058231916,-2.761907,1,
9oz0BewUmo4_022,-1.5882349,1.5655198,-3.1537547,1,
9oz0BewUmo4_023,0.19683181,-2.2521369,2.4489688,1,
9oz0BewUmo4_024,-2.01984,-0.53034943,-1.4894906,1,
9saz0VPG-To_000,0.30097228,1.2489473,-0.94797498,1,
9saz0VPG-To_001,-2.3906915,0.23598452,-2.626676,1,
9saz0VPG-To_002,-6.5512476,-2.5401218,-4.0111258,1,
9saz0VPG-To_003,-1.1337816,-0.18034282,-0.95343873,1,
9saz0VPG-To_004,0.0027342658,-2.3871174,2.3898517,1,
AOgZUuWbLoE_000,-3.171519,-1.2890022,-1.8825169,1,
AOgZUuWbLoE_001,-2.8755519,0.064480469,-2.9400324,1,
AOgZUuWbLoE_002,-2.0724084,-0.35388908,-1.7185194,1,
AOgZUuWbLoE_003,1.2471775,-1.5989012,2.8460786,1,
AOgZUuWbLoE_004,-0.94139796,1.7754166,-2.7168146,1,
AOgZUuWbLoE_005,-3.8593202,-0.73682189,-3.1224983,1,
AP22Vghq_58_000,-2.7040017,-1.5853883,-1.1186134,1,
AP22Vghq_58_001,-2.2874618,-1.7704527,-0.51700902,1,
AP22Vghq_58_002,-1.4779956,-0.39541623,-1.0825794,1,
AP22Vghq_58_003,-1.8414537,0.7205503,-2.562004,1,
AP22Vghq_58_004,-1.2304722,1.8369331,-3.0674053,1,
AP22Vghq_58_005,-2.3831201,0.41367686,-2.7967969,1,
AP22Vghq_58_006,-4.6991768,-1.1198176,-3.5793592,1,
AYmhFCZIO0w_000,-2.3799136,-1.9078093,-0.47210431,1,
AYmhFCZIO0w_001,-3.2368076,-1.1110169,-2.1257907,1,
AYmhFCZIO0w_002,-2.731997,1.3244022,-4.0563992,1,
AYmhFCZIO0w_003,2.8058829,1.0501908,1.7556921,1,
AYmhFCZIO0w_004,2.8684156,-0.016327033,2.8847426,1,
AYmhFCZIO0w_005,-4.2783875,-0.58143514,-3.6969524,1,
A_iOhZBEuPQ_000,-0.3738516,0.45463571,-0.82848731,1,
A_iOhZBEuPQ_001,-0.74405551,1.6687334,-2.4127889,1,
A_iOhZBEuPQ_002,-0.4595716,-2.042413,1.5828414,1,
A_iOhZBEuPQ_003,-2.0363312,0.53044081,-2.566772,1,
A_iOhZBEuPQ_004,-3.8965747,-0.20501955,-3.6915552,1,
Ac1e1ibIHpk_000,-2.5005794,-1.0779032,-1.4226762,1,
Ac1e1ibIHpk_001,-1.3663722,-0.033103302,-1.3332689,1,
Ac1e1ibIHpk_002,1.0102012,-2.040252,3.0504532,1,
Ac1e1ibIHpk_003,-3.0376906,-1.2903502,-1.7473404,1,
AiKOYN8H1EU_000,0.040154669,1.9745017,-1.9343471,1,
AiKOYN8H1EU_001,-0.03907178,-0.19424088,0.1551691,1,
AiKOYN8H1EU_002,-1.6992759,2.4527235,-4.1519994,1,
AiKOYN8H1EU_003,-2.2497227,-0.093559794,-2.1561629,1,
AiKOYN8H1EU_004,-1.1737971,2.077862,-3.2516592,1,
AiKOYN8H1EU_005,-1.0312972,2.3861899,-3.4174871,1,
AiKOYN8H1EU_006,-4.7099147,-3.6401889,-1.0697258,1,
AiKOYN8H1EU_007,-1.7439247,1.1238598,-2.8677845,1,
AiKOYN8H1EU_008,-1.6213285,1.7117411,-3.3330696,1,
AiKOYN8H1EU_009,-2.7505002,-0.034068115,-2.7164321,1,
AiKOYN8H1EU_010,-1.6404032,1.8450848,-3.4854879,1,
AiKOYN8H1EU_011,-1.1412694,0.94485617,-2.0861256,1,
AiKOYN8H1EU_012,-0.53343487,-2.5283568,1.9949219,1,
AiKOYN8H1EU_013,-2.4485643,-0.84374046,-1.6048238,1,
AmHA9dbYFy0_000,-0.74641591,1.6366646,-2.3830805,1,
AmHA9dbYFy0_001,-0.96212894,-1.4397385,0.47760957,1,
AmHA9dbYFy0_002,1.1599041,2.4077723,-1.2478682,1,
AmHA9dbYFy0_003,-1.3448575,0.55397505,-1.8988325,1,
AmHA9dbYFy0_004,-4.2124414,-0.35453704,-3.8579044,1,
BHn7eeA0BVo_000,0.40567866,-0.019640084,0.42531874,1,
BHn7eeA0BVo_001,-1.5405605,0.030733118,-1.5712936,1,
BHn7eeA0BVo_002,-0.890957,0.84975374,-1.7407107,1,
BHn7eeA0BVo_003,-2.8516111,0.049965981,-2.9015771,1,
BHn7eeA0BVo_004,-2.72086,0.081367634,-2.8022276,1,
BHn7eeA0BVo_005,-2.237123,0.47608811,-2.7132111,1,
BKWMXVpYcP4_000,-1.4762684,1.6884021,-3.1646705,1,
BKWMXVpYcP4_001,-1.7766736,1.7810965,-3.55777,1,
BKWMXVpYcP4_002,-3.2288589,-1.6141102,-1.6147487,1,
BKWMXVpYcP4_003,-3.8996937,-0.63066769,-3.269026,1,
BQysXN0mc0g_000,-0.90454572,-1.0027608,0.098215044,1,
BQysXN0mc0g_001,-0.23451784,-0.45801616,0.22349831,1,
BQysXN0mc0g_002,-0.76746929,0.019064132,-0.78653342,1,
BQysXN0mc0g_003,-0.93655574,-3.1720901,2.2355343,1,
BQysXN0mc0g_004,-2.4206657,-0.51045895,-1.9102068,1,
BUL3p_uvehs_000,-2.4434934,0.44864804,-2.8921414,1,
BUL3p_uvehs_001,-3.9297366,-0.54440266,-3.385334,1,
BWbT_CqORko_000,-4.417912,-1.3965181,-3.0213939,1,
BWbT_CqORko_001,-1.5665205,1.2687333,-2.8352537,1,
BWbT_CqORko_002,-2.5643144,-0.38290611,-2.1814083,1,
BWbT_CqORko_003,-3.4450116,-0.62032157,-2.82469,1,
BWbT_CqORko_004,-3.5759616,-0.40148625,-3.1744753,1,
BZ4zd3idtVY_000,0.65909356,1.861869,-1.2027754,1,
BZ4zd3idtVY_001,0.70121956,0.48956341,0.21165615,1,
BZ4zd3idtVY_002,-0.59368211,2.0390522,-2.6327344,1,
BZ4zd3idtVY_003,-0.64746833,-1.0839086,0.43644023,1,
BZ4zd3idtVY_004,-2.869885,0.97639889,-3.8462839,1,
BZ4zd3idtVY_005,-4.290657,-0.75340593,-3.5372511,1,
BgtPMo7NmOs_000,-1.9686435,0.82231086,-2.7909544,1,
BgtPMo7NmOs_001,0.7772032,1.4128133,-0.6356101,1,
BgtPMo7NmOs_002,-2.6915064,-0.45821297,-2.2332934,1,
BgtPMo7NmOs_003,-4.3769875,-0.74179476,-3.6351927,1,
Bwm3SWdYJnQ_000,-1.5768827,-0.25004587,-1.3268369,1,
Bwm3SWdYJnQ_001,-2.3766258,-0.4321169,-1.9445089,1,
Bwm3SWdYJnQ_002,-2.8415864,-0.39252368,-2.4490627,1,
Bwm3SWdYJnQ_003,-4.3586464,-1.2019639,-3.1566825,1,
CHlnwI3VY6E_000,-2.0597651,-0.24292469,-1.8168404,1,
CHlnwI3VY6E_001,-2.6446576,-0.10987221,-2.5347854,1,
CHlnwI3VY6E_002,3.1382363,-2.0604451,5.1986814,1,
CHlnwI3VY6E_003,2.861064,-2.207164,5.068228,1,
CHlnwI3VY6E_004,2.2064121,-3.9394767,6.1458888,1,
CHlnwI3VY6E_005,3.7521396,-1.9135523,5.6656919,1,
CHlnwI3VY6E_006,2.1640429,-3.0084808,5.1725237,1,
CHlnwI3VY6E_007,2.488909,-3.6032467,6.0921557,1,
CHlnwI3VY6E_008,-3.5472219,0.008616413,-3.5558383,1,
CHlnwI3VY6E_009,-4.4508305,-0.63935512,-3.8114753,1,
CMRF9UwRKpY_000,-1.4121439,-0.11251711,-1.2996268,1,
CMRF9UwRKpY_001,-1.9274321,-3.0399632,1.1125312,1,
CMRF9UwRKpY_002,-2.5252054,-3.1331232,0.60791779,1,
CMRF9UwRKpY_003,-0.59277987,-0.058502782,-0.53427709,1,
CMRF9UwRKpY_004,-5.0268111,-3.7373784,-1.2894328,1,
CMRF9UwRKpY_005,-2.3555136,-0.14329557,-2.212218,1,
CMRF9UwRKpY_006,-3.7487111,-0.43750015,-3.311211,1,
CdhQt9XM4G0_000,-1.0778069,2.6533,-3.731107,1,
CdhQt9XM4G0_001,-1.6599849,-1.3096987,-0.35028625,1,
CdhQt9XM4G0_002,-1.9641917,-2.2593491,0.29515743,1,
CdhQt9XM4G0_003,-2.1862798,-0.32161814,-1.8646616,1,
CdhQt9XM4G0_004,-4.4488354,-1.0721101,-3.3767253,1,
CfZWjk-lBJs_000,-0.53152359,0.48506537,-1.016589,1,
CfZWjk-lBJs_001,-0.35179538,-2.8673511,2.5155557,1,
CfZWjk-lBJs_002,6.1116004,1.7330343,4.3785661,1,
CfZWjk-lBJs_003,2.4549851,-2.5757797,5.0307648,1,
CfZWjk-lBJs_004,6.1190515,1.0892893,5.0297621,1,
CfZWjk-lBJs_005,1.4506562,-1.7741128,3.224769,1,
CfZWjk-lBJs_006,6.1547184,1.6350012,4.5197172,1,
CfZWjk-lBJs_007,2.1979616,-2.7083695,4.9063311,1,
CfZWjk-lBJs_008,6.0573826,1.0037385,5.0536441,1,
CfZWjk-lBJs_009,-1.0592167,0.5832361,-1.6424528,1,
CfZWjk-lBJs_010,-3.4534841,-1.1749495,-2.2785345,1,
CfZWjk-lBJs_011,-1.0121696,0.8672719,-1.8794415,1,
CfZWjk-lBJs_012,-3.7940097,-0.78890502,-3.0051047,1,
ChuWKGky328_000,-0.18843834,-2.5995572,2.4111188,1,
ChuWKGky328_001,-5.1655955,-1.0539134,-4.1116822,1,
ChuWKGky328_002,-3.9117529,2.4628484,-6.3746014,1,
ChuWKGky328_003,-3.5852406,3.3507388,-6.9359794,1,
ChuWKGky328_004,0.32145625,2.9730318,-2.6515755,1,
ChuWKGky328_005,-3.4909778,-0.15693267,-3.3340451,1,
ChuWKGky328_006,-0.78346765,0.50612396,-1.2895916,1,
ChuWKGky328_007,1.3690646,1.4272608,-0.058196187,1,
ChuWKGky328_008,0.23120652,-0.6389066,0.87011312,1,
ChuWKGky328_009,1.5836475,-0.60111904,2.1847665,1,
ChuWKGky328_010,-2.7926354,-4.0782132,1.2855778,1,
ChuWKGky328_011,-2.8813813,-1.1738484,-1.7075329,1,
Clf5BfnM9Jw_000,-3.8816364,-1.6453848,-2.2362516,1,
Clf5BfnM9Jw_001,-4.0327992,-2.6746867,-1.3581126,1,
Clf5BfnM9Jw_002,0.13945848,0.25300601,-0.11354753,1,
Clf5BfnM9Jw_003,-1.6346544,-0.13516806,-1.4994863,1,
Clf5BfnM9Jw_004,-1.1789426,-1.1007594,-0.078183174,1,
Clf5BfnM9Jw_005,-1.9084373,0.4028047,-2.311242,1,
Clf5BfnM9Jw_006,-0.30434877,1.0137602,-1.318109,1,
Clf5BfnM9Jw_007,-1.510728,-2.1980469,0.68731892,1,
Clf5BfnM9Jw_008,-2.8280361,-0.87201285,-1.9560232,1,
D4tcSVKiT5s_000,-3.8898599,-1.3173088,-2.5725511,1,
D4tcSVKiT5s_001,-4.2337441,-0.8791135,-3.3546306,1,
DJBEpeA9Vrw_000,-0.64209133,0.14608195,-0.78817329,1,
DJBEpeA9Vrw_001,-1.3107862,0.72083384,-2.0316201,1,
DJBEpeA9Vrw_002,-1.6188874,-0.0072316686,-1.6116558,1,
DJBEpeA9Vrw_003,-1.7760056,0.85794193,-2.6339476,1,
DJBEpeA9Vrw_004,-1.9269542,0.36192948,-2.2888836,1,
DJBEpeA9Vrw_005,-1.843292,1.0623772,-2.9056692,1,
DJBEpeA9Vrw_006,4.4583321,-1.9993929,6.4577249,1,
DJBEpeA9Vrw_007,3.3091581,-3.2015269,6.510685,1,
DJBEpeA9Vrw_008,3.0611005,-2.029089,5.0901895,1,
DJBEpeA9Vrw_009,-1.6377656,1.2563704,-2.8941361,1,
DJBEpeA9Vrw_010,-0.45373029,1.2984262,-1.7521564,1,
DJBEpeA9Vrw_011,4.4521809,-1.9253021,6.377483,1,
DJBEpeA9Vrw_012,3.6025004,-2.8571782,6.4596786,1,
DJBEpeA9Vrw_013,3.9710686,-1.041232,5.0123006,1,
DJBEpeA9Vrw_014,-1.9079967,-1.1346104,-0.77338624,1,
DJBEpeA9Vrw_015,-2.1151135,0.49974191,-2.6148554,1,
DJBEpeA9Vrw_016,-2.7765508,-0.12921187,-2.6473389,1,
DJBEpeA9Vrw_017,-1.3927743,0.73908085,-2.1318552,1,
DJBEpeA9Vrw_018,-1.6579175,0.99752074,-2.6554382,1,
DJBEpeA9Vrw_019,-1.0160588,-0.17167677,-0.84438203,1,
DJBEpeA9Vrw_020,-1.863869,0.78707504,-2.650944,1,
DJBEpeA9Vrw_021,-0.45645562,-2.0561457,1.59969,1,
DJBEpeA9Vrw_022,-2.2700193,-0.58136898,-1.6886503,1,
DKWM_Jesc2E_000,-0.87999231,2.4127266,-3.2927189,1,
DKWM_Jesc2E_001,-2.1880853,-0.15946597,-2.0286193,1,
DKWM_Jesc2E_002,-4.2122173,-1.2510993,-2.961118,1,
DS1XikAPAvI_000,0.0014852021,-0.081135318,0.08262052,1,
DS1XikAPAvI_001,0.95995766,0.80657107,0.15338659,1,
DS1XikAPAvI_002,-0.11850959,0.68119705,-0.79970664,1,
DS1XikAPAvI_003,-0.93154782,0.96100122,-1.892549,1,
DS1XikAPAvI_004,-0.93364573,-0.12151895,-0.81212678,1,
DS1XikAPAvI_005,-0.39338699,-0.41328108,0.019894093,1,
DS1XikAPAvI_006,-1.5445545,-2.3749876,0.83043313,1,
DS1XikAPAvI_007,-1.2686185,1.5268749,-2.7954934,1,
DS1XikAPAvI_008,-0.41447988,0.97285658,-1.3873365,1,
DS1XikAPAvI_009,0.67068386,0.57364082,0.097043037,1,
DS1XikAPAvI_010,-0.93689573,-1.5544106,0.61751485,1,
DS1XikAPAvI_011,0.15965372,0.13513814,0.024515584,1,
DS1XikAPAvI_012,1.2968471,1.7731963,-0.47634923,1,
DS1XikAPAvI_013,-0.10883144,0.082356185,-0.19118762,1,
DS1XikAPAvI_014,0.27662826,-2.2999973,2.5766256,1,
DS1XikAPAvI_015,-2.382067,-0.69745535,-1.6846116,1,
DUsvDjI7DQY_000,4.065733,2.5565572,1.5091758,1,
DUsvDjI7DQY_001,4.2296405,3.9521101,0.27753043,1,
DUsvDjI7DQY_002,0.77475381,-2.2074487,2.9822025,1,
DUsvDjI7DQY_003,-1.550673,0.12006126,-1.6707343,1,
DXevfNOda1Y_000,-2.5399296,-1.002786,-1.5371436,1,
DXevfNOda1Y_001,0.14619945,2.0790815,-1.9328821,1,
DXevfNOda1Y_002,1.560612,0.51370138,1.0469106,1,
DXevfNOda1Y_003,-2.632575,-3.4447291,0.81215405,1,
DXevfNOda1Y_004,-1.5568949,1.4756703,-3.0325652,1,
DXevfNOda1Y_005,-1.0674092,-0.28157738,-0.78583178,1,
DXevfNOda1Y_006,-1.6746045,-1.767145,0.092540503,1,
DXevfNOda1Y_007,-1.4436762,-0.14695446,-1.2967218,1,
DXevfNOda1Y_008,-4.2793274,-0.91531795,-3.3640094,1,
DcQSQOjoUvs_000,-1.2626569,1.3808291,-2.643486,1,
DcQSQOjoUvs_001,-0.42819956,1.1606305,-1.58883,1,
DcQSQOjoUvs_002,0.042233214,1.5848224,-1.5425892,1,
DcQSQOjoUvs_003,-1.0477153,0.45719209,-1.5049074,1,
DcQSQOjoUvs_004,-3.5498984,-0.85375637,-2.696142,1,
DcQSQOjoUvs_005,-2.6701918,-1.1238985,-1.5462933,1,
DcQSQOjoUvs_006,-2.8977823,-0.62711722,-2.2706651,1,
DcQSQOjoUvs_007,-1.9973607,0.90767431,-2.905035,1,
DcQSQOjoUvs_008,-1.2909431,1.5590346,-2.8499777,1,
DcQSQOjoUvs_009,-3.4813359,-1.8936423,-1.5876936,1,
DcQSQOjoUvs_010,-3.6761358,-0.70565224,-2.9704835,1,
DlTr0cIV3pI_000,-1.9476973,1.0474629,-2.9951602,1,
DlTr0cIV3pI_001,-4.0206132,-1.2397257,-2.7808875,1,
DlTr0cIV3pI_002,-1.4838122,-0.19890852,-1.2849037,1,
DlTr0cIV3pI_003,-0.2434357,1.7268081,-1.9702438,1,
DlTr0cIV3pI_004,-1.2513496,-1.5021672,0.25081766,1,
DlTr0cIV3pI_005,0.15068521,-0.63491458,0.78559978,1,
DlTr0cIV3pI_006,1.810992,1.0422803,0.76871169,1,
DlTr0cIV3pI_007,-4.0033131,-2.309859,-1.693454,1,
DlTr0cIV3pI_008,-2.7588496,-0.53325522,-2.2255944,1,
DlTr0cIV3pI_009,-1.2587922,-3.7611616,2.5023694,1,
DlTr0cIV3pI_010,-3.0108178,-1.1300244,-1.8807933,1,
Dx2wTJvIagk_000,-0.45264378,-1.4710047,1.0183609,1,
Dx2wTJvIagk_001,-2.1862092,-1.193278,-0.99293125,1,
Dx2wTJvIagk_002,-3.2558014,-0.80961794,-2.4461835,1,
Dx2wTJvIagk_003,-3.6934454,-0.89549357,-2.7979519,1,
Dx2wTJvIagk_004,-2.1456988,0.36088756,-2.5065863,1,
Dx2wTJvIagk_005,-0.26262069,-3.1827667,2.920146,1,
Dx2wTJvIagk_006,-2.38304,-0.8066799,-1.57636,1,
DxIZchf4AhY_000,-0.35345879,0.2478621,-0.60132089,1,
DxIZchf4AhY_001,0.80276698,2.7428877,-1.9401208,1,
DxIZchf4AhY_002,-1.0019102,1.3173757,-2.3192859,1,
DxIZchf4AhY_003,-3.0485399,1.0106039,-4.0591438,1,
DxIZchf4AhY_004,-1.3052828,0.29435739,-1.5996402,1,
DxIZchf4AhY_005,-0.073538281,1.9302142,-2.0037524,1,
DxIZchf4AhY_006,-0.60197073,0.59038258,-1.1923533,1,
DxIZchf4AhY_007,-1.0513569,0.54873061,-1.6000875,1,
DxIZchf4AhY_008,2.2363484,-2.0173621,4.2537105,1,
DxIZchf4AhY_009,2.2661989,-0.66732419,2.9335231,1,
DxIZchf4AhY_010,-2.2997704,-0.43955126,-1.8602191,1,
DxIZchf4AhY_011,-3.9024959,-0.54732525,-3.3551706,1,
E38mAVkj75o_000,-0.76065862,1.9401867,-2.7008454,1,
E38mAVkj75o_001,-1.7909784,1.3801025,-3.1710809,1,
E38mAVkj75o_002,3.926403,-2.1268389,6.053242,1,
E38mAVkj75o_003,3.5270593,-2.603992,6.1310513,1,
E38mAVkj75o_004,-2.0670378,0.81230199,-2.8793398,1,
E38mAVkj75o_005,-0.14669898,3.448257,-3.594956,1,
E38mAVkj75o_006,-1.6934434,1.0676272,-2.7610706,1,
E38mAVkj75o_007,-3.0543163,-1.2460047,-1.8083116,1,
E38mAVkj75o_008,-1.4281813,0.32579651,-1.7539778,1,
E38mAVkj75o_009,-4.2697115,-0.64920551,-3.620506,1,
E9t_dwH76xA_000,0.8480131,1.2975377,-0.44952458,1,
E9t_dwH76xA_001,-1.1482577,0.23401105,-1.3822688,1,
E9t_dwH76xA_002,-2.6298227,0.050604098,-2.6804268,1,
E9t_dwH76xA_003,-3.0664911,0.15576221,-3.2222533,1,
E9t_dwH76xA_004,-2.5673621,0.87385899,-3.4412211,1,
E9t_dwH76xA_005,-3.6869102,-0.12188987,-3.5650203,1,
E_-8NpZvgX8_000,-0.63296396,0.83698505,-1.469949,1,
E_-8NpZvgX8_001,-4.6459184,-2.2338586,-2.4120598,1,
E_-8NpZvgX8_002,-4.1504984,-0.69556016,-3.4549382,1,
EeylsOcnkV0_000,-1.3695595,-0.49404791,-0.87551162,1,
EeylsOcnkV0_001,-3.9962544,-0.77745658,-3.2187979,1,
EjuEqBFmEec_000,-2.5132442,0.26948527,-2.7827294,1,
EjuEqBFmEec_001,-1.4352903,-0.086995035,-1.3482953,1,
EjuEqBFmEec_002,-4.3164864,-1.3658954,-2.950591,1,
EjuEqBFmEec_003,-3.06459,0.61080748,-3.6753975,1,
EjuEqBFmEec_004,-3.5321727,-2.1621113,-1.3700614,1,
EjuEqBFmEec_005,-1.8551024,-1.4350817,-0.4200207,1,
EjuEqBFmEec_006,-4.0776544,-0.99358249,-3.0840719,1,
EmrhZY6LBz8_000,3.5974205,-1.8415068,5.4389273,1,
EmrhZY6LBz8_001,2.6493251,-2.6515543,5.3008795,1,
EmrhZY6LBz8_002,-1.1582359,-0.43190593,-0.72632998,1,
EmrhZY6LBz8_003,-2.890518,-0.77729648,-2.1132215,1,
EsZChyzmWBk_000,-3.7406256,-2.6254158,-1.1152098,1,
EsZChyzmWBk_001,-2.5093782,-0.54822946,-1.9611487,1,
EsZChyzmWBk_002,-2.6980808,-2.1087494,-0.58933139,1,
EsZChyzmWBk_003,-1.4095461,-0.51896542,-0.89058071,1,
EsZChyzmWBk_004,-1.6007277,-0.30705264,-1.293675,1,
EsZChyzmWBk_005,-1.1652149,-0.38564634,-0.77956855,1,
EsZChyzmWBk_006,-0.56432891,1.1950859,-1.7594148,1,
EsZChyzmWBk_007,-2.2741628,0.18841788,-2.4625807,1,
EsZChyzmWBk_008,-0.85416907,1.3093891,-2.1635582,1,
EsZChyzmWBk_009,0.90854508,-1.9343302,2.8428753,1,
EsZChyzmWBk_010,-2.5122848,-0.60766399,-1.9046208,1,
F38e7ixY4a4_000,-3.2825437,-1.7735981,-1.5089456,1,
F38e7ixY4a4_001,-3.4793451,-0.075016424,-3.4043287,1,
F38e7ixY4a4_002,-2.389292,-0.6329993,-1.7562927,1,
F38e7ixY4a4_003,-1.9712137,0.67606479,-2.6472785,1,
F38e7ixY4a4_004,-2.0748038,0.093283959,-2.1680878,1,
F38e7ixY4a4_005,-2.2355604,-0.00069866609,-2.2348618,1,
F38e7ixY4a4_006,-3.7689202,-0.38653448,-3.3823857,1,
F8HqdV6ZH6M_000,-1.0322005,0.78435105,-1.8165515,1,
F8HqdV6ZH6M_001,-2.3522151,0.80027437,-3.1524894,1,
F8HqdV6ZH6M_002,-0.10943053,2.6034484,-2.7128789,1,
F8HqdV6ZH6M_003,1.6498361,3.4979289,-1.8480928,1,
F8HqdV6ZH6M_004,-2.0418835,2.7597909,-4.8016744,1,
F8HqdV6ZH6M_005,-1.2657522,3.3525805,-4.6183327,1,
F8HqdV6ZH6M_006,-1.8872116,-1.7952662,-0.09194541,1,
FQbcVgnA-Iw_000,-0.82567298,-1.4085749,0.58290195,1,
FQbcVgnA-Iw_001,-3.408272,-1.4033047,-2.0049673,1,
FQbcVgnA-Iw_002,-3.9057751,-2.1295183,-1.7762568,1,
FQbcVgnA-Iw_003,-4.0347357,-0.87628675,-3.1584489,1,
G1CmViCBoyE_000,0.18202294,-2.2092187,2.3912417,1,
G1CmViCBoyE_001,0.8583675,0.97204673,-0.11367923,1,
G1CmViCBoyE_002,-2.3140497,-0.75352252,-1.5605272,1,
G1CmViCBoyE_003,-4.5179024,-1.9388335,-2.5790689,1,
G4HXoD0Za0U_000,-3.8384919,-1.8515296,-1.9869623,1,
G4HXoD0Za0U_001,-2.1623149,-0.92831808,-1.2339968,1,
G4HXoD0Za0U_002,-2.6871541,-1.568112,-1.119042,1,
G4HXoD0Za0U_003,-3.5175428,-2.6940703,-0.8234725,1,
G4HXoD0Za0U_004,-3.6632843,-1.9116564,-1.7516279,1,
G4HXoD0Za0U_005,-3.6724091,-0.92029452,-2.7521145,1,
G4HXoD0Za0U_006,-1.2007047,0.028100977,-1.2288057,1,
G4HXoD0Za0U_007,-2.049387,-1.9743204,-0.075066566,1,
G4HXoD0Za0U_008,-2.3401005,-3.4780676,1.1379671,1,
G4HXoD0Za0U_009,0.57306081,1.8431914,-1.2701306,1,
G4HXoD0Za0U_010,-1.2254479,0.18682298,-1.4122709,1,
G4HXoD0Za0U_011,-1.4542674,1.5305228,-2.9847902,1,
G4HXoD0Za0U_012,-1.1039065,1.9519682,-3.0558747,1,
G4HXoD0Za0U_013,-2.4042158,1.2199422,-3.624158,1,
G4HXoD0Za0U_014,-1.9947287,0.64797831,-2.642707,1,
G4HXoD0Za0U_015,-2.7024858,-0.70129597,-2.0011898,1,
G4HXoD0Za0U_016,-0.76913458,1.6243137,-2.3934483,1,
G4HXoD0Za0U_017,-2.0598786,1.0629094,-3.122788,1,
G4HXoD0Za0U_018,-1.8275102,-0.024346311,-1.8031639,1,
G4HXoD0Za0U_019,-1.7429395,-1.8828704,0.13993096,1,
G4HXoD0Za0U_020,-0.37402597,-2.8095689,2.4355429,1,
G4HXoD0Za0U_021,-2.8608656,-1.274243,-1.5866226,1,
GEIQJZJwm1k_000,-2.0276272,-0.16833061,-1.8592966,1,
GEIQJZJwm1k_001,-1.1550626,-1.1073288,-0.047733784,1,
GEIQJZJwm1k_002,-2.7678933,0.13931032,-2.9072036,1,
GEIQJZJwm1k_003,-0.061059061,-0.51078367,0.44972461,1,
GEIQJZJwm1k_004,-1.1280999,0.54968882,-1.6777887,1,
GEIQJZJwm1k_005,-4.1549497,-0.49623606,-3.6587136,1,
GEIQJZJwm1k_006,-1.1929377,-0.83747822,-0.35545951,1,
GEIQJZJwm1k_007,-0.70353943,0.88685834,-1.5903978,1,
GEIQJZJwm1k_008,-2.109138,-1.0970409,-1.0120971,1,
GEIQJZJwm1k_009,-2.0015998,0.71181989,-2.7134197,1,
GEIQJZJwm1k_010,-4.115068,-0.68140644,-3.4336615,1,
GFVh0R4C_Bw_000,-2.0867558,-1.0520245,-1.0347313,1,
GFVh0R4C_Bw_001,-1.7019489,1.8745289,-3.5764778,1,
GFVh0R4C_Bw_002,-3.5200975,-0.11114459,-3.4089529,1,
GFVh0R4C_Bw_003,2.5053446,2.1198578,0.38548684,1,
GFVh0R4C_Bw_004,-2.3198748,0.14548817,-2.4653629,1,
GFVh0R4C_Bw_005,-3.5887725,-0.70807213,-2.8807004,1,
GMkEvBXdQvQ_000,0.18202294,-2.2092187,2.3912417,1,
GMkEvBXdQvQ_001,1.4233185,2.8252766,-1.4019581,1,
GMkEvBXdQvQ_002,-1.120947,0.01333721,-1.1342842,1,
GMkEvBXdQvQ_003,-1.7971569,-2.544137,0.74698007,1,
GMkEvBXdQvQ_004,-3.8801413,-2.9644268,-0.9157145,1,
GMkEvBXdQvQ_005,-1.8822663,-2.1782551,0.2959888,1,
GMkEvBXdQvQ_006,-5.580678,-3.0245695,-2.5561085,1,
GQvPGbh4Wcs_000,0.18202294,-2.2092187,2.3912417,1,
GQvPGbh4Wcs_001,2.0290477,-0.85336834,2.8824161,1,
GQvPGbh4Wcs_002,-2.5901299,-3.3562009,0.76607108,1,
GQvPGbh4Wcs_003,-0.40274277,-0.61958897,0.2168462,1,
GQvPGbh4Wcs_004,-4.1756086,-3.2640507,-0.91155791,1,
GQvPGbh4Wcs_005,-4.7082033,-2.4583516,-2.2498517,1,
GVMVx2z4_2w_000,-1.8409599,-0.51712114,-1.3238388,1,
GVMVx2z4_2w_001,-3.4223089,-1.7839509,-1.638358,1,
GVMVx2z4_2w_002,-4.4374585,-1.2006357,-3.2368228,1,
GjammNDiAvI_000,-1.5688769,0.088985913,-1.6578628,1,
GjammNDiAvI_001,-1.1369983,-0.04433554,-1.0926628,1,
GjammNDiAvI_002,-1.3277626,-0.5107677,-0.81699491,1,
GjammNDiAvI_003,-0.2303852,-0.388255,0.1578698,1,
GjammNDiAvI_004,-4.1782718,-0.87052411,-3.3077477,1,
Gv-5FWKl3Is_000,-0.62193072,0.92643028,-1.548361,1,
Gv-5FWKl3Is_001,-1.0080477,-0.87148446,-0.13656324,1,
Gv-5FWKl3Is_002,-2.1210687,-1.0233741,-1.0976946,1,
Gv-5FWKl3Is_003,-3.4938781,-1.372336,-2.1215421,1,
Gv-5FWKl3Is_004,-4.1895223,-0.714791,-3.4747313,1,
GyF3MkvI5_Q_000,-1.3353273,0.94678271,-2.28211,1,
GyF3MkvI5_Q_001,-0.96364963,0.11034218,-1.0739918,1,
GyF3MkvI5_Q_002,-1.4677342,1.4640059,-2.9317402,1,
GyF3MkvI5_Q_003,-1.1839176,4.2318263,-5.4157439,1,
GyF3MkvI5_Q_004,-0.9238373,5.508759,-6.4325963,1,
GyF3MkvI5_Q_005,-2.2959192,2.9036288,-5.199548,1,
GyF3MkvI5_Q_006,-2.5920742,1.8408041,-4.4328783,1,
GyF3MkvI5_Q_007,-1.4544034,1.8563226,-3.310726,1,
GyF3MkvI5_Q_008,-0.42616868,2.6108005,-3.0369692,1,
GyF3MkvI5_Q_009,-2.1424081,1.0707088,-3.2131169,1,
GyF3MkvI5_Q_010,-0.94427633,1.4742873,-2.4185636,1,
GyF3MkvI5_Q_011,-2.6185405,0.40078226,-3.0193228,1,
GyF3MkvI5_Q_012,-1.8012516,1.0893644,-2.8906161,1,
GyF3MkvI5_Q_013,-2.8180764,-0.24975991,-2.5683165,1,
GyF3MkvI5_Q_014,-1.9208016,0.89989924,-2.8207009,1,
GyF3MkvI5_Q_015,-1.7007434,0.88008094,-2.5808244,1,
GyF3MkvI5_Q_016,-0.075256914,-2.3315027,2.2562458,1,
GyF3MkvI5_Q_017,-2.2891169,-0.28689006,-2.0022268,1,
H76OGYLhQ3k_000,-0.90062708,0.29001912,-1.1906462,1,
H76OGYLhQ3k_001,-1.5048608,1.3789845,-2.8838452,1,
H76OGYLhQ3k_002,-2.597347,0.62479937,-3.2221464,1,
H76OGYLhQ3k_003,-2.3899894,1.0790514,-3.4690408,1,
H76OGYLhQ3k_004,-2.0284193,-0.75862569,-1.2697936,1,
H76OGYLhQ3k_005,-3.656451,0.51039433,-4.1668453,1,
H8P8xQmhwNc_000,-1.1646352,-0.072383225,-1.092252,1,
H8P8xQmhwNc_001,1.0419687,-0.030145377,1.0721141,1,
H8P8xQmhwNc_002,-3.5476298,-1.1492494,-2.3983804,1,
HWBsd3FAzc0_000,-1.5691391,1.5620538,-3.1311929,1,
HWBsd3FAzc0_001,-3.2854302,-0.1871212,-3.098309,1,
HWBsd3FAzc0_002,-3.5838308,-1.468751,-2.1150799,1,
HWBsd3FAzc0_003,-1.602937,-0.057845242,-1.5450917,1,
HWBsd3FAzc0_004,-1.6712077,1.0283948,-2.6996025,1,
HWBsd3FAzc0_005,-2.4924541,0.43473786,-2.9271919,1,
HWBsd3FAzc0_006,-0.6942572,-1.4600588,0.76580161,1,
HWBsd3FAzc0_007,-2.3662853,-0.28121525,-2.0850701,1,
HWBsd3FAzc0_008,-3.6324425,-0.28091967,-3.3515228,1,
HaFoIJ9r5BA_000,-3.4019828,1.2884618,-4.6904446,1,
HaFoIJ9r5BA_001,-2.7938991,0.17843723,-2.9723363,1,
HaFoIJ9r5BA_002,-2.7960904,0.43723392,-3.2333243,1,
HaFoIJ9r5BA_003,-1.8816473,0.61702508,-2.4986724,1,
HaFoIJ9r5BA_004,-2.0174592,0.78089106,-2.7983502,1,
HaFoIJ9r5BA_005,-2.1029365,-0.031867143,-2.0710694,1,
HaFoIJ9r5BA_006,-3.0752218,-0.34474397,-2.7304778,1,
HudUFSsgtdY_000,-1.4170811,2.130779,-3.5478601,1,
HudUFSsgtdY_001,-3.5807076,0.32863882,-3.9093464,1,
HudUFSsgtdY_002,-1.220745,0.90197939,-2.1227244,1,
HudUFSsgtdY_003,-0.83979303,0.44482607,-1.2846191,1,
HudUFSsgtdY_004,-1.6198349,0.2978957,-1.9177306,1,
HudUFSsgtdY_005,-4.0016088,-0.83693916,-3.1646697,1,
HvzKA_f6270_000,-3.8784802,-3.9575274,0.079047203,1,
HvzKA_f6270_001,-3.1186078,-1.1213338,-1.9972739,1,
HvzKA_f6270_002,-2.3163469,-0.82016617,-1.4961807,1,
HvzKA_f6270_003,-2.3226335,-1.1995683,-1.1230652,1,
HvzKA_f6270_004,-1.0392163,-0.16774485,-0.87147143,1,
HvzKA_f6270_005,-0.41159317,0.97671068,-1.3883038,1,
HvzKA_f6270_006,-1.4818826,-0.3398374,-1.1420452,1,
HvzKA_f6270_007,-2.3174129,-0.5375542,-1.7798586,1,
HvzKA_f6270_008,-0.97545117,-0.071079664,-0.90437151,1,
HvzKA_f6270_009,-1.5523103,-0.39499587,-1.1573145,1,
HvzKA_f6270_010,-0.46281162,0.11074992,-0.57356153,1,
HvzKA_f6270_011,-3.0068619,-1.1571658,-1.8496962,1,
I25mx9obTao_000,-3.6343927,-2.3577037,-1.2766891,1,
I25mx9obTao_001,-1.1543084,0.037621256,-1.1919297,1,
I25mx9obTao_002,-2.654453,-0.052359648,-2.6020934,1,
I25mx9obTao_003,-2.5537229,0.32547149,-2.8791943,1,
I25mx9obTao_004,-2.7498648,0.25704485,-3.0069097,1,
I4PruxwTvMI_000,-1.4420841,0.62222785,-2.0643119,1,
I4PruxwTvMI_001,-2.1806097,0.091558576,-2.2721683,1,
I4PruxwTvMI_002,-2.7135651,-0.038334999,-2.6752301,1,
I4PruxwTvMI_003,-1.7995076,-0.064553984,-1.7349536,1,
I4PruxwTvMI_004,-1.8206112,0.90631807,-2.7269293,1,
I4PruxwTvMI_005,1.063409,0.34397134,0.71943763,1,
I4PruxwTvMI_006,-0.47127569,0.63212109,-1.1033968,1,
I4PruxwTvMI_007,-0.62173361,-0.26147559,-0.36025801,1,
I4PruxwTvMI_008,-2.1782758,-0.47064093,-1.7076349,1,
IDxcTUrnsv4_000,-3.6915026,-3.082341,-0.60916162,1,
IDxcTUrnsv4_001,-2.0608499,-2.1665161,0.10566616,1,
IDxcTUrnsv4_002,1.8106363,0.22757012,1.5830662,1,
IDxcTUrnsv4_003,-0.38497892,0.43445385,-0.81943277,1,
IDxcTUrnsv4_004,-2.1760767,0.89961958,-3.0756962,1,
IDxcTUrnsv4_005,-2.8101857,-1.8569733,-0.95321238,1,
IDxcTUrnsv4_006,-3.3145037,-0.076834686,-3.237669,1,
IDxcTUrnsv4_007,-2.5282083,1.2950881,-3.8232963,1,
IDxcTUrnsv4_008,-1.3843979,1.3686217,-2.7530196,1,
IDxcTUrnsv4_009,-3.039453,-0.25508675,-2.7843663,1,
IDxcTUrnsv4_010,-0.39095351,2.864722,-3.2556755,1,
IDxcTUrnsv4_011,-2.5217011,-0.27265769,-2.2490434,1,
IDxcTUrnsv4_012,-0.4827725,-0.095349759,-0.38742274,1,
IDxcTUrnsv4_013,-2.8769076,0.043539379,-2.920447,1,
IDxcTUrnsv4_014,-1.3096346,-0.60526037,-0.70437419,1,
IDxcTUrnsv4_015,-2.0552108,0.62535447,-2.6805653,1,
IDxcTUrnsv4_016,-1.4734147,1.2307167,-2.7041314,1,
IDxcTUrnsv4_017,-1.8213297,1.4056481,-3.2269778,1,
IDxcTUrnsv4_018,-0.87583107,0.2395153,-1.1153464,1,
IDxcTUrnsv4_019,-0.52221179,-2.7300403,2.2078285,1,
IDxcTUrnsv4_020,-2.3361037,-0.62675697,-1.7093467,1,
IKvAudm2wXs_000,-0.53517491,0.54138154,-1.0765564,1,
IKvAudm2wXs_001,-2.4981942,-0.7091893,-1.7890049,1,
IKvAudm2wXs_002,-4.253293,-0.86681879,-3.3864743,1,
INvijfl8Wyk_000,-0.45170021,-2.7212386,2.2695384,1,
INvijfl8Wyk_001,1.4077328,-0.13317403,1.5409069,1,
INvijfl8Wyk_002,2.0163155,2.5629582,-0.54664278,1,
INvijfl8Wyk_003,-0.61306423,0.47154799,-1.0846122,1,
INvijfl8Wyk_004,-1.0101854,-0.38667297,-0.62351239,1,
INvijfl8Wyk_005,-0.19873637,0.56211442,-0.76085079,1,
INvijfl8Wyk_006,2.0058169,0.68252301,1.3232939,1,
INvijfl8Wyk_007,1.4216888,0.57482207,0.84686673,1,
INvijfl8Wyk_008,3.1174552,0.24823646,2.8692188,1,
INvijfl8Wyk_009,1.4500951,-0.6639092,2.1140043,1,
INvijfl8Wyk_010,2.8175285,1.7062596,1.1112689,1,
INvijfl8Wyk_011,2.3183372,1.9794791,0.33885813,1,
INvijfl8Wyk_012,1.3368104,1.5093316,-0.17252123,1,
INvijfl8Wyk_013,2.8903503,2.4283872,0.46196318,1,
INvijfl8Wyk_014,-0.44365153,-2.8016388,2.3579873,1,
INvijfl8Wyk_015,-3.2380157,-2.0837114,-1.1543043,1,
I_jBx-DrsvA_000,-2.1690614,-0.64894331,-1.5201181,1,
I_jBx-DrsvA_001,-2.3759444,1.0517308,-3.4276751,1,
I_jBx-DrsvA_002,-3.4857953,-1.2764474,-2.2093478,1,
I_jBx-DrsvA_003,-4.6359715,-0.98463202,-3.6513395,1,
IcBQQKO3XYs_000,-1.1096601,-1.3174666,0.20780647,1,
IcBQQKO3XYs_001,-1.9428374,-1.8271183,-0.11571908,1,
IcBQQKO3XYs_002,-1.7260897,1.0803245,-2.8064142,1,
IcBQQKO3XYs_003,-4.4840636,-1.9062004,-2.5778632,1,
IcBQQKO3XYs_004,-2.4931273,-0.89382941,-1.5992979,1,
IcBQQKO3XYs_005,-1.4563191,-1.3232683,-0.1330508,1,
IcBQQKO3XYs_006,2.3053105,-0.75462365,3.0599341,1,
IcBQQKO3XYs_007,0.92537606,0.70161605,0.22376001,1,
IcBQQKO3XYs_008,0.14137647,0.52728385,-0.38590738,1,
IcBQQKO3XYs_009,0.4560751,-0.16090029,0.6169754,1,
IcBQQKO3XYs_010,0.79142278,1.3312063,-0.53978354,1,
IcBQQKO3XYs_011,0.82657856,-0.57778889,1.4043674,1,
IcBQQKO3XYs_012,0.88979566,2.0418062,-1.1520106,1,
IcBQQKO3XYs_013,-0.34535322,1.1202344,-1.4655876,1,
IcBQQKO3XYs_014,1.0245249,1.7148808,-0.6903559,1,
IcBQQKO3XYs_015,-3.5105419,-3.3516002,-0.15894175,1,
IcBQQKO3XYs_016,-1.0245856,-3.4527714,2.4281858,1,
IcBQQKO3XYs_017,-2.4109793,-0.84675395,-1.5642253,1,
IhZRs2KfY38_000,-2.2549939,-1.1233895,-1.1316044,1,
IhZRs2KfY38_001,0.13732943,-0.42487025,0.56219968,1,
IhZRs2KfY38_002,-4.5958991,-1.1871595,-3.4087396,1,
IjWra_3iNgc_000,-2.8412118,0.45560044,-3.2968122,1,
IjWra_3iNgc_001,-3.0050011,1.5758721,-4.5808731,1,
IjWra_3iNgc_002,-3.7204149,-0.70979983,-3.0106151,1,
IrQWplUZbAo_000,-2.6084352,-1.148896,-1.4595392,1,
IrQWplUZbAo_001,-0.28136864,-0.65154886,0.37018022,1,
IrQWplUZbAo_002,-2.1014743,0.36239147,-2.4638658,1,
IzqSRRMta9w_000,-3.0881088,-2.7590902,-0.32901859,1,
IzqSRRMta9w_001,-2.1368039,-0.59202194,-1.5447819,1,
IzqSRRMta9w_002,3.4221935,3.8461664,-0.42397285,1,
IzqSRRMta9w_003,2.0326006,1.5561379,0.47646272,1,
IzqSRRMta9w_004,1.7179126,1.6788746,0.039037943,1,
IzqSRRMta9w_005,-5.3082576,-2.3503747,-2.9578829,1,
IzqSRRMta9w_006,-1.2943556,0.56860018,-1.8629558,1,
IzqSRRMta9w_007,-5.2862048,-2.004854,-3.2813509,1,
IzqSRRMta9w_008,-1.3742092,-3.3971405,2.0229313,1,
IzqSRRMta9w_009,-2.4591637,-0.52919227,-1.9299714,1,
JIGLmiix5EU_000,-3.4098804,-0.66863048,-2.7412499,1,
JIGLmiix5EU_001,-4.0185933,0.25505522,-4.2736485,1,
JIGLmiix5EU_002,-1.6807103,1.1003842,-2.7810946,1,
JIGLmiix5EU_003,-4.6195216,-3.3123128,-1.3072088,1,
JIGLmiix5EU_004,-2.3518398,-1.1783684,-1.1734713,1,
JIGLmiix5EU_005,-0.8976016,-0.49319524,-0.40440637,1,
JIGLmiix5EU_006,-2.0957682,-0.025728093,-2.0700401,1,
JIGLmiix5EU_007,-4.5451922,-1.116334,-3.4288583,1,
JOwokgIDeyw_000,3.5671127,-0.029076558,3.5961892,1,
JOwokgIDeyw_001,-4.8209939,0.63951379,-5.4605077,1,
JOwokgIDeyw_002,-0.27482018,-0.89876246,0.62394229,1,
JOwokgIDeyw_003,-2.4109583,-0.20298497,-2.2079733,1,
JOwokgIDeyw_004,-3.7746058,-0.56054223,-3.2140635,1,
JV2q-Wiq6k4_000,-0.98387641,-1.0650755,0.08119911,1,
JV2q-Wiq6k4_001,-0.99394268,1.2684226,-2.2623653,1,
JV2q-Wiq6k4_002,-1.9714637,0.36753348,-2.3389972,1,
JV2q-Wiq6k4_003,-3.7242253,-0.88224965,-2.8419756,1,
JZUiihE418Q_000,-3.9723611,-3.7464614,-0.2258997,1,
JZUiihE418Q_001,-1.4819072,1.0048906,-2.4867978,1,
JZUiihE418Q_002,-1.6612475,0.64832187,-2.3095694,1,
JZUiihE418Q_003,2.145385,0.51382196,1.6315631,1,
JZUiihE418Q_004,2.2081673,0.94839877,1.2597685,1,
JZUiihE418Q_005,1.3045217,-0.33392167,1.6384434,1,
JZUiihE418Q_006,2.9921265,1.0582726,1.9338539,1,
JZUiihE418Q_007,3.0392985,-0.79328221,3.8325807,1,
JZUiihE418Q_008,4.2364392,0.16196196,4.0744773,1,
JZUiihE418Q_009,-1.2544748,0.79315251,-2.0476273,1,
JZUiihE418Q_010,-3.916822,-0.81011063,-3.1067113,1,
J_wNNblannQ_000,-4.650939,-0.91584605,-3.7350929,1,
J_wNNblannQ_001,-2.005981,-0.62308574,-1.3828952,1,
J_wNNblannQ_002,1.173751,1.342894,-0.16914296,1,
J_wNNblannQ_003,-2.3417175,-0.24973193,-2.0919856,1,
Jdz6NtNhg_s_000,-1.9835786,-0.20451035,-1.7790682,1,
Jdz6NtNhg_s_001,-1.875391,-0.51580709,-1.3595839,1,
Jdz6NtNhg_s_002,-1.9716898,0.046812143,-2.018502,1,
Jdz6NtNhg_s_003,-2.3947675,-0.35450229,-2.0402652,1,
Jdz6NtNhg_s_004,-2.0721853,0.22460738,-2.2967927,1,
Jdz6NtNhg_s_005,-3.2066395,-0.61633712,-2.5903024,1,
Jdz6NtNhg_s_006,-1.8240565,0.26046911,-2.0845256,1,
Jdz6NtNhg_s_007,-2.402055,-0.39373937,-2.0083157,1,
Jdz6NtNhg_s_008,-0.0088209268,0.53983712,-0.54865805,1,
Jdz6NtNhg_s_009,-1.7262018,1.0731696,-2.7993714,1,
Jr-hyQLu1_A_000,-2.2151325,0.0074362783,-2.2225688,1,
Jr-hyQLu1_A_001,-3.1547849,-1.0298272,-2.1249577,1,
Jr-hyQLu1_A_002,-3.1245251,-1.4537932,-1.6707319,1,
Jr-hyQLu1_A_003,-4.2367373,-1.0568249,-3.1799123,1,
K-X5GQcBnTw_000,0.18202294,-2.2092187,2.3912417,1,
K-X5GQcBnTw_001,0.8583675,0.97204673,-0.11367923,1,
K-X5GQcBnTw_002,-2.3140497,-0.75352252,-1.5605272,1,
K-X5GQcBnTw_003,-4.5179024,-1.9388335,-2.5790689,1,
KCYPmc59G24_000,-2.4027834,-0.86612439,-1.536659,1,
KCYPmc59G24_001,-1.2961917,1.5738274,-2.8700191,1,
KCYPmc59G24_002,-4.0630331,-0.55586821,-3.5071649,1,
KENXYyppSeI_000,-2.9118543,-0.32211301,-2.5897413,1,
KENXYyppSeI_001,-1.882162,-0.71555281,-1.1666092,1,
KENXYyppSeI_002,-1.2455323,0.023481114,-1.2690134,1,
KENXYyppSeI_003,-2.0037711,-0.74213874,-1.2616323,1,
KENXYyppSeI_004,-1.5798148,-0.57926607,-1.0005487,1,
KENXYyppSeI_005,-3.1736364,-2.2472045,-0.92643189,1,
KYZMOHEXvdk_000,-0.87744737,-0.809627,-0.06782037,1,
KYZMOHEXvdk_001,-3.0170121,-1.8667803,-1.1502318,1,
KYZMOHEXvdk_002,-3.7409365,-1.3590431,-2.3818934,1,
KYZMOHEXvdk_003,-2.1682477,0.4502264,-2.6184741,1,
KYZMOHEXvdk_004,-3.6028457,0.075694174,-3.6785398,1,
KYZMOHEXvdk_005,-3.7361958,-0.4351652,-3.3010306,1,
KZMmfNaj9RY_000,-4.0448709,-1.8759085,-2.1689624,1,
KZMmfNaj9RY_001,-2.4065721,-0.40459019,-2.0019819,1,
KZMmfNaj9RY_002,-1.0589678,0.52872324,-1.5876911,1,
KZMmfNaj9RY_003,-1.445645,0.79334933,-2.2389943,1,
KZMmfNaj9RY_004,-1.6563174,1.8006095,-3.4569268,1,
KZMmfNaj9RY_005,-1.4500659,0.016790399,-1.4668563,1,
KZMmfNaj9RY_006,-0.20715639,1.9136058,-2.1207622,1,
KZMmfNaj9RY_007,-2.670413,-3.9153235,1.2449105,1,
KZMmfNaj9RY_008,-2.468981,-0.63385165,-1.8351294,1,
KmXNJMVQ5Og_000,-2.2834496,-0.98620152,-1.2972481,1,
KmXNJMVQ5Og_001,-2.60607,-0.89977229,-1.7062978,1,
KmXNJMVQ5Og_002,-3.7889528,-0.65658426,-3.1323686,1,
KwklVl7E6Ec_000,-3.3969941,-1.2854406,-2.1115535,1,
KwklVl7E6Ec_001,-2.4676771,-3.7493584,1.2816813,1,
KwklVl7E6Ec_002,-2.2426338,-3.3917737,1.1491399,1,
KwklVl7E6Ec_003,1.7249782,-3.3181827,5.0431609,1,
KwklVl7E6Ec_004,-3.0333419,-1.3197203,-1.7136216,1,
KwklVl7E6Ec_005,-3.3988433,-0.68648475,-2.7123585,1,
KwklVl7E6Ec_006,-4.4340115,-1.2717392,-3.1622722,1,
Kx_gGVMiiKk_000,-1.6338176,1.2275933,-2.8614109,1,
Kx_gGVMiiKk_001,-0.6405561,0.92850959,-1.5690657,1,
Kx_gGVMiiKk_002,-1.0681523,0.45269638,-1.5208487,1,
Kx_gGVMiiKk_003,-1.3906885,-0.2084419,-1.1822466,1,
Kx_gGVMiiKk_004,-0.026758166,2.4721761,-2.4989342,1,
Kx_gGVMiiKk_005,-0.76646465,0.38317013,-1.1496348,1,
Kx_gGVMiiKk_006,-2.1858907,-0.95319355,-1.2326971,1,
KxhJLL93qwM_000,0.21096651,1.4408473,-1.2298808,1,
KxhJLL93qwM_001,-0.10606796,1.2917439,-1.3978118,1,
KxhJLL93qwM_002,-2.4329934,0.57050002,-3.0034934,1,
KxhJLL93qwM_003,1.7066119,-1.1088339,2.8154458,1,
KxhJLL93qwM_004,0.081778899,-3.1184881,3.200267,1,
KxhJLL93qwM_005,2.530256,-0.97325271,3.5035087,1,
KxhJLL93qwM_006,0.70175254,0.55126137,0.15049118,1,
KxhJLL93qwM_007,-0.41634479,0.68828589,-1.1046307,1,
KxhJLL93qwM_008,3.024008,0.41787645,2.6061316,1,
KxhJLL93qwM_009,1.0864811,-1.1705214,2.2570025,1,
KxhJLL93qwM_010,1.2646809,-1.8414066,3.1060874,1,
KxhJLL93qwM_011,-2.6207054,-0.19368285,-2.4270225,1,
KxhJLL93qwM_012,-0.71183252,1.0060626,-1.7178952,1,
KxhJLL93qwM_013,-4.5084677,-1.285455,-3.2230127,1,
L0lBCEIo_mM_000,-1.6295476,0.46307999,-2.0926276,1,
L0lBCEIo_mM_001,-1.7964536,-0.88161814,-0.91483545,1,
L0lBCEIo_mM_002,-3.7294493,-1.5102968,-2.2191525,1,
L0lBCEIo_mM_003,-3.2982769,-0.22412419,-3.0741527,1,
L5BsAkSMLkI_000,-3.8788862,-1.2299483,-2.6489379,1,
L5BsAkSMLkI_001,-3.5437965,-0.057869289,-3.4859273,1,
L5BsAkSMLkI_002,-1.0321617,0.54646146,-1.5786232,1,
L5BsAkSMLkI_003,-2.6285903,-0.29149866,-2.3370917,1,
L5BsAkSMLkI_004,-4.3092117,-0.79150563,-3.5177061,1,
LDZOYnu-vyw_000,-3.0365956,-0.34825662,-2.688339,1,
LDZOYnu-vyw_001,-1.7779901,1.5601872,-3.3381773,1,
LDZOYnu-vyw_002,-2.6124809,0.59934378,-3.2118247,1,
LDZOYnu-vyw_003,4.9945855,2.7782884,2.2162971,1,
LDZOYnu-vyw_004,4.0185847,-0.4402197,4.4588044,1,
LDZOYnu-vyw_005,-2.2435219,-1.4802698,-0.76325214,1,
LDZOYnu-vyw_006,-3.3308918,-1.587598,-1.7432939,1,
LDZOYnu-vyw_007,-3.9367576,-0.57947963,-3.3572779,1,
LFUl2V-6ZLA_000,-1.277814,-0.54776675,-0.73004729,1,
LFUl2V-6ZLA_001,-1.9998312,-0.70234036,-1.2974908,1,
LFUl2V-6ZLA_002,-0.39406282,2.1871939,-2.5812567,1,
LFUl2V-6ZLA_003,-1.7935055,-2.314471,0.52096546,1,
LFUl2V-6ZLA_004,-1.7936323,0.035561897,-1.8291942,1,
LSd2tyfd6KI_000,-0.30971533,1.61428,-1.9239953,1,
LSd2tyfd6KI_001,-1.6461074,2.626081,-4.2721884,1,
LSd2tyfd6KI_002,-2.8687496,0.66017091,-3.5289205,1,
LSd2tyfd6KI_003,-2.8943288,0.3615883,-3.2559171,1,
LSd2tyfd6KI_004,-1.4130952,0.76915848,-2.1822537,1,
LSd2tyfd6KI_005,-3.0720148,-0.64501411,-2.4270007,1,
LSd2tyfd6KI_006,-1.5761594,0.55243063,-2.12859,1,
LSd2tyfd6KI_007,-2.964838,-0.36675686,-2.5980812,1,
LSd2tyfd6KI_008,-2.4236898,0.90643919,-3.330129,1,
LSd2tyfd6KI_009,-3.8896613,-0.77531022,-3.1143511,1,
LVOqQ1EJm5k_000,-0.98630482,0.47252584,-1.4588307,1,
LVOqQ1EJm5k_001,0.501288,-1.0023818,1.5036698,1,
LVOqQ1EJm5k_002,-2.6299958,-0.33811364,-2.2918822,1,
LVOqQ1EJm5k_003,-2.7855437,0.53472215,-3.3202658,1,
LVOqQ1EJm5k_004,-1.8612088,-0.91603881,-0.94516999,1,
LVOqQ1EJm5k_005,-0.14716968,2.2668436,-2.4140132,1,
LVOqQ1EJm5k_006,-3.4247334,-1.781076,-1.6436574,1,
LVOqQ1EJm5k_007,0.16315015,-0.19576824,0.35891838,1,
LVOqQ1EJm5k_008,-1.3093349,0.41217092,-1.7215058,1,
LVOqQ1EJm5k_009,-0.94679481,-1.4642627,0.51746792,1,
LVOqQ1EJm5k_010,-2.1883526,-2.8396728,0.65132022,1,
LVOqQ1EJm5k_011,-1.172335,-2.9928024,1.8204674,1,
LVOqQ1EJm5k_012,-2.4920185,-0.79085541,-1.7011631,1,
Lbms7nr19f0_000,-0.24298786,0.93302,-1.1760079,1,
Lbms7nr19f0_001,-1.7865673,0.1398567,-1.926424,1,
Lbms7nr19f0_002,-2.0956664,0.23100433,-2.3266707,1,
Lbms7nr19f0_003,-1.3385304,-1.9637721,0.62524164,1,
Lbms7nr19f0_004,0.76066518,0.94418424,-0.18351907,1,
Lbms7nr19f0_005,0.54563075,-1.8518367,2.3974674,1,
Lbms7nr19f0_006,-2.261816,-0.9354623,-1.3263537,1,
Lbms7nr19f0_007,-4.4994154,-1.1251419,-3.3742735,1,
LpzKTGMmCyA_000,0.22504212,-0.45149559,0.67653771,1,
LpzKTGMmCyA_001,-2.3418038,-1.2186362,-1.1231676,1,
LpzKTGMmCyA_002,-2.3069351,0.50785923,-2.8147943,1,
LpzKTGMmCyA_003,-2.5533915,0.68431145,-3.2377029,1,
LpzKTGMmCyA_004,-2.3242993,0.55934304,-2.8836424,1,
LpzKTGMmCyA_005,-3.6289971,0.37494317,-4.0039403,1,
LpzKTGMmCyA_006,-2.2238417,0.93788064,-3.1617223,1,
LpzKTGMmCyA_007,-1.301654,0.28909972,-1.5907537,1,
LpzKTGMmCyA_008,0.30914673,1.8201457,-1.510999,1,
LpzKTGMmCyA_009,-2.659173,1.1669091,-3.8260821,1,
Lv9TPbpnAYo_000,-4.3980441,-1.3892254,-3.0088187,1,
Lv9TPbpnAYo_001,-0.96763033,0.59411114,-1.5617415,1,
Lv9TPbpnAYo_002,-0.70226783,0.94805342,-1.6503212,1,
Lv9TPbpnAYo_003,0.555704,-0.26935229,0.82505628,1,
Lv9TPbpnAYo_004,-3.7241235,-0.50190413,-3.2222193,1,
MBHkFxvbVy0_000,-1.0185835,-0.50768667,-0.51089686,1,
MBHkFxvbVy0_001,-1.8563377,-0.87222475,-0.98411292,1,
MBHkFxvbVy0_002,-0.74833107,0.089497134,-0.8378282,1,
MBHkFxvbVy0_003,-1.2593383,-1.520139,0.26080072,1,
MBHkFxvbVy0_004,-1.7883112,-2.8712733,1.082962,1,
MBHkFxvbVy0_005,-1.4090515,-1.7957309,0.38667941,1,
MBHkFxvbVy0_006,0.1726087,-2.1691096,2.3417183,1,
MBHkFxvbVy0_007,-2.2334652,-0.015797487,-2.2176677,1,
MDNBEqwzQTA_000,5.1292787,2.9648111,2.1644676,1,
MDNBEqwzQTA_001,3.4576278,1.397994,2.0596337,1,
MDNBEqwzQTA_002,3.797261,1.9750727,1.8221883,1,
MDNBEqwzQTA_003,4.6599822,0.62752527,4.0324569,1,
MDNBEqwzQTA_004,3.3826447,1.305295,2.0773497,1,
MDNBEqwzQTA_005,5.8290734,3.5305839,2.2984896,1,
MDNBEqwzQTA_006,6.1308184,1.6489574,4.481861,1,
MDNBEqwzQTA_007,6.0178437,2.8444593,3.1733844,1,
MDNBEqwzQTA_008,3.3220804,-1.4279662,4.7500466,1,
MDNBEqwzQTA_009,5.393115,0.12861811,5.2644969,1,
MDNBEqwzQTA_010,-0.71877664,-0.96060187,0.24182522,1,
MDNBEqwzQTA_011,-0.82002014,-0.79748833,-0.022531807,1,
MDNBEqwzQTA_012,-1.5444812,-1.1793772,-0.36510396,1,
MDNBEqwzQTA_013,-1.8306839,0.024442919,-1.8551269,1,
MDNBEqwzQTA_014,-3.6562994,-0.53846568,-3.1178337,1,
MKF8KnsyaJs_000,-2.6783106,-3.7118597,1.0335491,1,
MKF8KnsyaJs_001,-0.44680044,1.4456041,-1.8924045,1,
MKF8KnsyaJs_002,-0.64936101,0.48424843,-1.1336094,1,
MKF8KnsyaJs_003,-1.1383202,1.1938469,-2.3321671,1,
MKF8KnsyaJs_004,-1.0021133,1.6547706,-2.656884,1,
MKF8KnsyaJs_005,-0.95452154,-1.3220998,0.36757827,1,
MKF8KnsyaJs_006,0.63620234,1.5666413,-0.930439,1,
MKF8KnsyaJs_007,-1.2558843,-2.1508906,0.8950063,1,
MKF8KnsyaJs_008,-2.7886233,0.10482146,-2.8934448,1,
MR_pKvMisRk_000,-2.6306417,-3.4181449,0.78750324,1,
MR_pKvMisRk_001,-2.484108,-0.99118006,-1.4929279,1,
MR_pKvMisRk_002,-2.2735512,0.049975928,-2.3235272,1,
MR_pKvMisRk_003,-4.3356881,-1.0096813,-3.3260068,1,
MSV39CPq9kg_000,-0.64740986,-0.21987456,-0.4275353,1,
MSV39CPq9kg_001,-2.0364647,-0.83158952,-1.2048752,1,
MSV39CPq9kg_002,-0.036268368,-1.3055313,1.2692629,1,
MSV39CPq9kg_003,-1.0018853,0.24997793,-1.2518632,1,
MSV39CPq9kg_004,-4.1418824,-0.87478101,-3.2671014,1,
MT-FHleifxc_000,-0.28980559,-2.0300155,1.7402099,1,
MT-FHleifxc_001,-2.2978773,-1.1754274,-1.1224499,1,
MUch03ZpJQ4_000,-0.031446978,1.3631903,-1.3946373,1,
MUch03ZpJQ4_001,-0.84376258,-0.017818451,-0.82594413,1,
MUch03ZpJQ4_002,-0.49535671,-0.034995429,-0.46036128,1,
MUch03ZpJQ4_003,0.71488345,1.6156832,-0.90079975,1,
MUch03ZpJQ4_004,-0.32300276,1.1782687,-1.5012714,1,
MUch03ZpJQ4_005,-0.21892424,0.99225938,-1.2111836,1,
MUch03ZpJQ4_006,-2.0650501,0.41411039,-2.4791605,1,
MUch03ZpJQ4_007,-0.32407382,1.0818799,-1.4059537,1,
MUch03ZpJQ4_008,-0.62630993,1.0533643,-1.6796742,1,
MUch03ZpJQ4_009,0.017812116,1.4462831,-1.428471,1,
MUch03ZpJQ4_010,-0.07372313,1.6902831,-1.7640062,1,
MUch03ZpJQ4_011,-1.5181702,0.39949557,-1.9176658,1,
MUch03ZpJQ4_012,1.0256884,-0.12022131,1.1459097,1,
MUch03ZpJQ4_013,1.4169114,1.097232,0.31967938,1,
MUch03ZpJQ4_014,0.93726587,1.8083698,-0.87110388,1,
MUch03ZpJQ4_015,-0.33446583,0.99843228,-1.3328981,1,
MUch03ZpJQ4_016,-0.9927054,0.76590371,-1.7586091,1,
MUch03ZpJQ4_017,0.35934871,1.6268313,-1.2674826,1,
MUch03ZpJQ4_018,0.014994657,2.2484188,-2.2334242,1,
MUch03ZpJQ4_019,-0.62269914,1.0104299,-1.633129,1,
MUch03ZpJQ4_020,-0.52085984,0.71081901,-1.2316788,1,
MUch03ZpJQ4_021,-0.40029588,0.328484,-0.72877988,1,
MUch03ZpJQ4_022,-0.10483236,0.73843592,-0.84326828,1,
MUch03ZpJQ4_023,-0.52384984,0.37359494,-0.89744478,1,
MUch03ZpJQ4_024,-1.3494887,-0.035800613,-1.3136881,1,
MUch03ZpJQ4_025,1.0820348,1.5427363,-0.46070147,1,
MUch03ZpJQ4_026,-0.24894986,0.69253492,-0.94148478,1,
MUch03ZpJQ4_027,-0.94233453,-0.25467792,-0.68765661,1,
MUch03ZpJQ4_028,-1.3800406,-0.014800659,-1.36524,1,
MUch03ZpJQ4_029,0.87858999,2.1372705,-1.2586805,1,
MUch03ZpJQ4_030,-0.51701421,1.3599538,-1.876968,1,
MUch03ZpJQ4_031,-1.2722448,-0.03100046,-1.2412444,1,
MUch03ZpJQ4_032,-0.33260706,1.0771649,-1.4097719,1,
MUch03ZpJQ4_033,0.93473303,1.3836895,-0.44895649,1,
MUch03ZpJQ4_034,-1.9119825,-0.2772885,-1.634694,1,
MUch03ZpJQ4_035,-2.1273036,0.41983667,-2.5471403,1,
MUch03ZpJQ4_036,-5.9642634,-2.5253248,-3.4389386,1,
MUch03ZpJQ4_037,-1.0411304,-0.15748954,-0.88364089,1,
MUch03ZpJQ4_038,-1.2246825,0.43411011,-1.6587926,1,
MUch03ZpJQ4_039,-2.1572561,-0.44125658,-1.7159995,1,
MUch03ZpJQ4_040,-2.1782792,-0.37711298,-1.8011662,1,
MUch03ZpJQ4_041,-1.2020226,0.30943552,-1.5114581,1,
MUch03ZpJQ4_042,0.23345806,1.4377139,-1.2042558,1,
MUch03ZpJQ4_043,-0.48244691,0.45519528,-0.93764219,1,
MUch03ZpJQ4_044,-0.8174203,1.6712053,-2.4886256,1,
MUch03ZpJQ4_045,-0.87439114,0.24259132,-1.1169825,1,
MUch03ZpJQ4_046,-0.39660543,0.89303261,-1.289638,1,
MUch03ZpJQ4_047,-2.1907263,-0.61005259,-1.5806737,1,
MUch03ZpJQ4_048,-1.3165869,0.71594471,-2.0325316,1,
MUch03ZpJQ4_049,-0.95625007,0.7914564,-1.7477065,1,
MUch03ZpJQ4_050,0.29970372,0.80785012,-0.50814641,1,
MUch03ZpJQ4_051,0.056125011,1.418398,-1.362273,1,
MUch03ZpJQ4_052,1.0219886,1.4193588,-0.39737022,1,
MUch03ZpJQ4_053,-1.1108896,-0.25300747,-0.85788208,1,
MUch03ZpJQ4_054,-1.9587266,0.0050669205,-1.9637936,1,
MUch03ZpJQ4_055,-0.88105297,-1.0802358,0.19918287,1,
MUch03ZpJQ4_056,-2.944787,-0.87375158,-2.0710354,1,
MUch03ZpJQ4_057,-0.39868996,-0.0018284777,-0.39686148,1,
MUch03ZpJQ4_058,-0.89014405,0.12682673,-1.0169708,1,
MUch03ZpJQ4_059,-1.574334,-0.59150994,-0.98282409,1,
MUch03ZpJQ4_060,-2.5939384,-0.46886942,-2.1250689,1,
MUch03ZpJQ4_061,-2.6916533,-1.0317584,-1.6598948,1,
MUch03ZpJQ4_062,-0.86910689,1.5031613,-2.3722682,1,
MUch03ZpJQ4_063,-1.0435486,0.077979229,-1.1215278,1,
MUch03ZpJQ4_064,-1.2510226,0.96819359,-2.2192162,1,
MUch03ZpJQ4_065,-0.52009952,3.0396535,-3.5597531,1,
MUch03ZpJQ4_066,5.3819642,-1.6570427,7.0390069,1,
MUch03ZpJQ4_067,7.0235944,1.762745,5.2608494,1,
MUch03ZpJQ4_068,5.3059402,-0.84657323,6.1525134,1,
MUch03ZpJQ4_069,6.208477,-0.59469962,6.8031766,1,
MUch03ZpJQ4_070,6.2653947,1.4782614,4.7871333,1,
MX0Rr0G3OGA_000,-2.2302608,-0.43949178,-1.7907691,1,
MX0Rr0G3OGA_001,1.263559,0.35250822,0.91105077,1,
MX0Rr0G3OGA_002,-1.5190721,0.021580771,-1.5406528,1,
MX0Rr0G3OGA_003,-2.7946606,1.2341008,-4.0287614,1,
MX0Rr0G3OGA_004,-2.1843746,0.34479702,-2.5291716,1,
MX0Rr0G3OGA_005,-3.2561548,-1.1738178,-2.082337,1,
MX0Rr0G3OGA_006,-3.0695338,-0.64727503,-2.4222588,1,
MX0Rr0G3OGA_007,-2.9915249,-0.15913531,-2.8323896,1,
MX0Rr0G3OGA_008,-3.7337601,-1.103626,-2.6301341,1,
MX0Rr0G3OGA_009,-2.5947905,0.21018226,-2.8049727,1,
MX0Rr0G3OGA_010,-6.2510581,-3.8042481,-2.44681,1,
MX0Rr0G3OGA_011,-2.9067156,0.11308859,-3.0198042,1,
MX0Rr0G3OGA_012,-4.1501818,-0.74463904,-3.4055427,1,
MYWedTctdeg_000,-2.778909,-0.78677285,-1.9921361,1,
MYWedTctdeg_001,-3.2929454,-0.27347887,-3.0194665,1,
MYWedTctdeg_002,-1.5869137,0.94852406,-2.5354378,1,
MYWedTctdeg_003,-2.687254,0.86652768,-3.5537816,1,
MYWedTctdeg_004,-3.9679108,-0.62046778,-3.347443,1,
N6RGCMRicA8_000,0.18202294,-2.2092187,2.3912417,1,
N6RGCMRicA8_001,-1.961107,0.083048373,-2.0441554,1,
N6RGCMRicA8_002,-1.4146031,0.69375306,-2.1083562,1,
N6RGCMRicA8_003,-1.9204786,0.84833968,-2.7688183,1,
N6RGCMRicA8_004,-3.1866279,-1.2335361,-1.9530917,1,
N6RGCMRicA8_005,-1.5866964,1.393039,-2.9797354,1,
N6RGCMRicA8_006,-2.5807569,-0.86791867,-1.7128382,1,
N6RGCMRicA8_007,1.3545552,0.92107916,0.43347609,1,
N6RGCMRicA8_008,2.0174756,3.6809111,-1.6634355,1,
N6RGCMRicA8_009,-1.3423752,-1.8971776,0.55480242,1,
N6RGCMRicA8_010,-1.4213562,-2.0519266,0.63057041,1,
N6RGCMRicA8_011,0.015830131,-2.2470984,2.2629286,1,
N6RGCMRicA8_012,0.20906441,-1.2992017,1.5082661,1,
N6RGCMRicA8_013,-0.5635764,-2.3140447,1.7504683,1,
N6RGCMRicA8_014,0.54858357,-1.2807729,1.8293565,1,
N6RGCMRicA8_015,-1.0176075,-1.357801,0.34019351,1,
N6RGCMRicA8_016,0.03028246,-1.7268572,1.7571396,1,
N6RGCMRicA8_017,-3.4129705,-0.57207298,-2.8408976,1,
N6RGCMRicA8_018,-2.2614336,-0.28931522,-1.9721184,1,
N6RGCMRicA8_019,-0.54183275,0.48988652,-1.0317193,1,
N6RGCMRicA8_020,0.26707929,1.2004646,-0.93338531,1,
N6RGCMRicA8_021,0.30310863,0.29485443,0.0082542002,1,
N6RGCMRicA8_022,-1.1176682,0.46164793,-1.5793161,1,
N6RGCMRicA8_023,-1.8432523,-0.34327963,-1.4999727,1,
N6RGCMRicA8_024,-0.95480108,-1.1616955,0.2068944,1,
N6RGCMRicA8_025,-1.8330466,-2.4908869,0.65784037,1,
N6RGCMRicA8_026,0.35751817,-1.37503,1.7325482,1,
N6RGCMRicA8_027,-3.1603606,-1.705074,-1.4552866,1,
N6RGCMRicA8_028,-3.5635147,-2.7514312,-0.81208348,1,
N6RGCMRicA8_029,-1.8726875,-2.1402435,0.26755607,1,
N6RGCMRicA8_030,0.56657898,-0.25908941,0.82566839,1,
N6RGCMRicA8_031,0.24019925,-0.15333237,0.39353162,1,
N6RGCMRicA8_032,-1.0018059,-2.0461245,1.0443186,1,
N6RGCMRicA8_033,-1.9205822,-1.219047,-0.70153522,1,
N6RGCMRicA8_034,-3.9368763,-1.658843,-2.2780333,1,
N6RGCMRicA8_035,-1.9776759,-1.8890479,-0.088628054,1,
N6RGCMRicA8_036,-0.50318021,-0.53125507,0.028074861,1,
N6RGCMRicA8_037,-0.24092735,-0.90531242,0.66438507,1,
N6RGCMRicA8_038,-0.78412473,0.51044703,-1.2945718,1,
N6RGCMRicA8_039,-1.7503389,-3.1670573,1.4167184,1,
N6RGCMRicA8_040,-0.065867126,-1.5030488,1.4371817,1,
N6RGCMRicA8_041,1.0778598,-0.37713528,1.454995,1,
N6RGCMRicA8_042,-0.78227109,-0.031964071,-0.75030702,1,
N6RGCMRicA8_043,0.085446738,-1.8146057,1.9000525,1,
N6RGCMRicA8_044,1.8165307,1.745061,0.071469665,1,
N6RGCMRicA8_045,-5.2860374,-2.4745653,-2.8114722,1,
N6RGCMRicA8_046,-3.4266257,-2.2903121,-1.1363137,1,
N9MmykOnPAs_000,-1.8057491,0.89278126,-2.6985303,1,
N9MmykOnPAs_001,-1.9579796,0.17803228,-2.1360118,1,
N9MmykOnPAs_002,-2.1172135,-0.49050808,-1.6267054,1,
N9MmykOnPAs_003,-2.9652765,-0.8404479,-2.1248286,1,
N9MmykOnPAs_004,-4.0959587,-0.68881744,-3.4071413,1,
NJjx5iKFXhI_000,-2.4429476,0.28047121,-2.7234188,1,
NJjx5iKFXhI_001,-1.5164098,1.096279,-2.6126888,1,
NJjx5iKFXhI_002,-4.0201769,-0.70547396,-3.3147029,1,
NQ3iktgJ-bM_000,3.4630275,-1.3937587,4.8567861,1,
NQ3iktgJ-bM_001,2.135479,-3.5055697,5.6410487,1,
NQ3iktgJ-bM_002,0.7320689,-2.7145932,3.4466621,1,
NQ3iktgJ-bM_003,4.1783829,-1.2485496,5.4269325,1,
NQ3iktgJ-bM_004,0.75959849,2.5865223,-1.8269238,1,
NQ3iktgJ-bM_005,-4.1029534,-0.019366197,-4.0835872,1,
NXhl-Lkoq6I_000,-2.8183005,-1.0195545,-1.798746,1,
NXhl-Lkoq6I_001,-3.1351027,-0.20468774,-2.930415,1,
NXhl-Lkoq6I_002,-4.7861218,-0.48941115,-4.2967107,1,
NXhl-Lkoq6I_003,-2.4874601,-0.28923795,-2.1982222,1,
NXhl-Lkoq6I_004,-3.8208981,-0.60376793,-3.2171301,1,
NYcSRGEKqX4_000,-1.5079434,1.2112939,-2.7192373,1,
NYcSRGEKqX4_001,-2.0176337,1.2702925,-3.2879262,1,
NYcSRGEKqX4_002,-1.6798866,1.1280978,-2.8079844,1,
NYcSRGEKqX4_003,-2.008621,-0.14368463,-1.8649364,1,
NYcSRGEKqX4_004,-1.9537859,0.67924809,-2.633034,1,
NYcSRGEKqX4_005,-1.9997666,-0.16676319,-1.8330034,1,
NYcSRGEKqX4_006,-1.5386823,1.1347055,-2.6733879,1,
NYcSRGEKqX4_007,-0.62122875,2.2407966,-2.8620253,1,
NYcSRGEKqX4_008,-3.2845843,-0.18833715,-3.0962471,1,
NYcSRGEKqX4_009,-2.9475818,-0.39485762,-2.5527242,1,
NYcSRGEKqX4_010,-1.8005773,1.095975,-2.8965523,1,
NYcSRGEKqX4_011,2.1121492,4.004806,-1.8926568,1,
NYcSRGEKqX4_012,-1.4350214,-1.0783176,-0.35670376,1,
NYcSRGEKqX4_013,-0.72176105,0.47641078,-1.1981718,1,
N_1jL8HEydM_000,-1.0732951,0.8838439,-1.957139,1,
N_1jL8HEydM_001,-0.8155362,0.30682969,-1.1223659,1,
N_1jL8HEydM_002,-2.2397015,0.32817954,-2.567881,1,
N_1jL8HEydM_003,-1.4864028,-0.12226942,-1.3641333,1,
N_1jL8HEydM_004,0.636325,0.70006871,-0.063743711,1,
N_1jL8HEydM_005,-1.7093165,0.34273848,-2.052055,1,
NdYmoZh-0ek_000,-3.2017281,-0.54335457,-2.6583735,1,
NdYmoZh-0ek_001,-2.5783212,-1.2654063,-1.312915,1,
NdYmoZh-0ek_002,-2.9757783,-0.0093673579,-2.966411,1,
NdYmoZh-0ek_003,-3.1810234,-0.60663605,-2.5743873,1,
NdYmoZh-0ek_004,-2.1848423,0.1087471,-2.2935895,1,
NdYmoZh-0ek_005,-3.7029598,-0.53126609,-3.1716937,1,
Ne7y4GDJl9Q_000,-1.8114278,1.257301,-3.0687288,1,
Ne7y4GDJl9Q_001,-2.6505373,-1.3930614,-1.2574759,1,
Ne7y4GDJl9Q_002,-1.6889727,1.2409935,-2.9299662,1,
Ne7y4GDJl9Q_003,-2.3071306,0.53837579,-2.8455064,1,
Ne7y4GDJl9Q_004,-2.7406955,-0.091242619,-2.6494529,1,
Ne7y4GDJl9Q_005,-2.403456,0.28141677,-2.6848727,1,
Ne7y4GDJl9Q_006,-2.2915974,0.96589816,-3.2574955,1,
Ne7y4GDJl9Q_007,-2.2031398,0.12316794,-2.3263077,1,
Ne7y4GDJl9Q_008,-3.8617945,-0.42905086,-3.4327436,1,
NgsJc52HpwM_000,-3.1537564,-0.91390157,-2.2398548,1,
NgsJc52HpwM_001,-2.0123339,-0.5280357,-1.4842982,1,
NgsJc52HpwM_002,-2.2331562,-2.286355,0.053198814,1,
NgsJc52HpwM_003,-4.2170019,-2.1928611,-2.0241408,1,
NgsJc52HpwM_004,-3.7934959,-0.2465988,-3.5468971,1,
NgsJc52HpwM_005,-2.0223956,-0.81550747,-1.2068881,1,
NgsJc52HpwM_006,-2.5732682,-0.12221081,-2.4510574,1,
NgsJc52HpwM_007,-1.7855825,-0.19428165,-1.5913009,1,
NgsJc52HpwM_008,-0.086304978,-2.3873518,2.3010468,1,
NlYiS7zp5Wc_000,0.48275357,0.30796021,0.17479336,1,
NlYiS7zp5Wc_001,-0.39795271,1.5887982,-1.9867509,1,
NlYiS7zp5Wc_002,-1.254742,0.8129791,-2.0677211,1,
NlYiS7zp5Wc_003,-2.3513012,0.19527018,-2.5465714,1,
Ns8OcnMPugY_000,-1.171886,-2.2807586,1.1088727,1,
Ns8OcnMPugY_001,-0.78741598,-0.63529903,-0.15211695,1,
Ns8OcnMPugY_002,0.18860582,0.027394062,0.16121175,1,
Ns8OcnMPugY_003,-1.7000343,0.15353049,-1.8535648,1,
Ns8OcnMPugY_004,-4.153564,-0.87265003,-3.2809139,1,
O4NqkSzNSjE_000,-1.8894908,1.5914009,-3.4808917,1,
O4NqkSzNSjE_001,-2.5436816,0.076964088,-2.6206457,1,
O4NqkSzNSjE_002,-3.3210485,-0.42651501,-2.8945335,1,
O4NqkSzNSjE_003,-3.8312576,-0.72362804,-3.1076295,1,
OBARtsU9QnA_000,-1.3882095,-0.28294891,-1.1052606,1,
OBARtsU9QnA_001,-0.97155738,-0.78757513,-0.18398225,1,
OBARtsU9QnA_002,-0.83618563,-0.95394856,0.11776292,1,
OBARtsU9QnA_003,-0.91414332,-0.08167208,-0.83247124,1,
OBARtsU9QnA_004,-3.1891201,-0.85429198,-2.3348281,1,
OBARtsU9QnA_005,-3.6471109,-0.32519233,-3.3219186,1,
OCWhWWZ0AwY_000,3.5770073,-1.0861808,4.6631881,1,
OCWhWWZ0AwY_001,-0.24416119,0.24414383,-0.48830502,1,
OCWhWWZ0AwY_002,-0.88456446,-1.2816875,0.39712304,1,
OCWhWWZ0AwY_003,-0.81273222,0.81442195,-1.6271542,1,
OCWhWWZ0AwY_004,-1.445951,-1.3941616,-0.051789403,1,
OCWhWWZ0AwY_005,-1.7046065,0.28769696,-1.9923035,1,
OCWhWWZ0AwY_006,-4.0206389,-0.16140591,-3.859233,1,
OFPi0ecSoI8_000,-0.35749224,0.073959887,-0.43145213,1,
OFPi0ecSoI8_001,0.95675486,1.0357795,-0.079024613,1,
OFPi0ecSoI8_002,-1.7613425,0.4244462,-2.1857887,1,
OFPi0ecSoI8_003,-4.4274015,-0.92863101,-3.4987705,1,
OfDo1fLztjs_000,-2.5494008,0.34137431,-2.8907751,1,
OfDo1fLztjs_001,-1.7760845,-2.6028965,0.82681191,1,
OfDo1fLztjs_002,-0.60922581,-0.75451201,0.1452862,1,
OfDo1fLztjs_003,0.89816231,-1.6234525,2.5216148,1,
OfDo1fLztjs_004,-3.4166636,-2.8945527,-0.52211094,1,
OfDo1fLztjs_005,-1.5331192,-1.7350388,0.20191956,1,
OfDo1fLztjs_006,1.3317215,1.1315175,0.20020401,1,
OfDo1fLztjs_007,-0.57727772,-0.85972571,0.28244799,1,
OfDo1fLztjs_008,-0.46145022,-0.96373242,0.5022822,1,
OfDo1fLztjs_009,-0.13025814,-1.1969073,1.0666491,1,
OfDo1fLztjs_010,-0.1445113,-2.3871419,2.2426306,1,
OfDo1fLztjs_011,-2.3507833,-0.39418441,-1.9565989,1,
OlQ0UvbZqxs_000,-1.6063911,-1.1291295,-0.47726154,1,
OlQ0UvbZqxs_001,-2.0761454,-0.023670239,-2.0524752,1,
OlQ0UvbZqxs_002,-1.6211337,1.2227088,-2.8438425,1,
OlQ0UvbZqxs_003,-2.6337564,1.1608517,-3.7946081,1,
OlQ0UvbZqxs_004,-0.18007278,-2.6906438,2.510571,1,
OlQ0UvbZqxs_005,-1.6168702,0.3854945,-2.0023647,1,
OnK2taEbraM_000,1.2008333,1.1405283,0.060304999,1,
OnK2taEbraM_001,-3.7311282,1.9707131,-5.7018414,1,
OnK2taEbraM_002,-0.99157828,-0.3525387,-0.63903958,1,
OnK2taEbraM_003,-3.1631463,-0.093204007,-3.0699423,1,
OnK2taEbraM_004,0.57959527,0.79882419,-0.21922892,1,
OnK2taEbraM_005,-0.62773347,-0.87450874,0.24677527,1,
OnK2taEbraM_006,-2.1421332,0.46953648,-2.6116697,1,
OnK2taEbraM_007,-1.2854027,0.50628877,-1.7916914,1,
OnK2taEbraM_008,-1.0703704,-0.70663095,-0.36373949,1,
OnK2taEbraM_009,-2.5465598,-0.028682375,-2.5178774,1,
OnK2taEbraM_010,-0.9635241,0.017126333,-0.98065044,1,
OnK2taEbraM_011,-2.4457963,-0.60690528,-1.838891,1,
OqABmo1wQaE_000,-2.0309205,-1.741172,-0.28974855,1,
OqABmo1wQaE_001,-4.0840988,-3.6446171,-0.43948174,1,
OqABmo1wQaE_002,-2.7144575,-2.9378371,0.22337961,1,
OqABmo1wQaE_003,-1.4508936,-0.71427292,-0.73662072,1,
OqABmo1wQaE_004,-4.0436282,-3.7410862,-0.30254197,1,
OqABmo1wQaE_005,-1.1548837,-0.73621589,-0.41866785,1,
OqABmo1wQaE_006,-2.1505725,0.44547665,-2.5960492,1,
OqABmo1wQaE_007,-0.63292527,0.90387028,-1.5367956,1,
OqABmo1wQaE_008,-0.28379393,2.1475093,-2.4313033,1,
OqABmo1wQaE_009,-0.41886619,-0.77674681,0.35788062,1,
OqABmo1wQaE_010,0.89786512,-0.11099861,1.0088637,1,
OqABmo1wQaE_011,-3.9859352,-3.4430997,-0.54283547,1,
OqABmo1wQaE_012,-4.5573101,-1.4816509,-3.0756592,1,
OqABmo1wQaE_013,-3.5209591,-2.7451301,-0.77582908,1,
OqABmo1wQaE_014,0.4394671,-2.039475,2.4789421,1,
OqFfzz8sww4_000,-5.5361137,-4.5589538,-0.97715998,1,
OqFfzz8sww4_001,-3.7669389,-3.065484,-0.70145488,1,
OqFfzz8sww4_002,-3.571816,-2.5824327,-0.98938322,1,
OqFfzz8sww4_003,-3.6346312,0.31397271,-3.9486039,1,
OqFfzz8sww4_004,-4.2891297,-1.4450547,-2.8440751,1,
OqFfzz8sww4_005,-3.7600613,-1.4788471,-2.2812141,1,
OqFfzz8sww4_006,-2.2119472,-1.5542805,-0.65766668,1,
OqFfzz8sww4_007,-3.573674,-1.1452657,-2.4284083,1,
OqFfzz8sww4_008,-4.7141776,-2.4800844,-2.2340932,1,
OqFfzz8sww4_009,-4.9536781,-3.1236196,-1.8300586,1,
OqFfzz8sww4_010,-1.4537429,-3.6722553,2.2185124,1,
OqFfzz8sww4_011,-2.4373181,-0.67238355,-1.7649345,1,
OzrNqubstag_000,0.18202294,-2.2092187,2.3912417,1,
OzrNqubstag_001,-1.6454059,-0.7259565,-0.91944939,1,
OzrNqubstag_002,-5.1911206,-2.4203904,-2.7707303,1,
P-jbyxAzsW8_000,0.18202294,-2.2092187,2.3912417,1,
P-jbyxAzsW8_001,1.4233185,2.8252766,-1.4019581,1,
P-jbyxAzsW8_002,-1.120947,0.01333721,-1.1342842,1,
P-jbyxAzsW8_003,-1.7971569,-2.544137,0.74698007,1,
P-jbyxAzsW8_004,-3.8801413,-2.9644268,-0.9157145,1,
P-jbyxAzsW8_005,-1.8822663,-2.1782551,0.2959888,1,
P-jbyxAzsW8_006,-5.580678,-3.0245695,-2.5561085,1,
PBuicCInFfk_000,-0.57672828,0.38484794,-0.96157622,1,
PBuicCInFfk_001,-3.6231165,0.18394101,-3.8070575,1,
PEFDCay69M8_000,-6.0809436,-3.7637196,-2.317224,1,
PEFDCay69M8_001,-1.8796489,0.031652015,-1.9113009,1,
PEFDCay69M8_002,1.1563129,1.336217,-0.1799041,1,
PEFDCay69M8_003,0.31728786,0.59251022,-0.27522236,1,
PEFDCay69M8_004,0.45198229,1.5290178,-1.0770355,1,
PEFDCay69M8_005,-0.95614785,-0.13904442,-0.81710343,1,
PEFDCay69M8_006,-0.3743023,-2.9483602,2.5740579,1,
PSz4Xf47C98_000,-0.45055729,-0.85889739,0.4083401,1,
PSz4Xf47C98_001,-3.3222277,-2.6474195,-0.67480826,1,
PSz4Xf47C98_002,-2.5679817,-1.017521,-1.5504607,1,
PSz4Xf47C98_003,-3.3073339,-2.076865,-1.230469,1,
PSz4Xf47C98_004,-2.0308506,-0.35380027,-1.6770504,1,
PSz4Xf47C98_005,-2.2143073,-0.052046418,-2.1622609,1,
PSz4Xf47C98_006,-0.43663612,-0.56605023,0.12941411,1,
PSz4Xf47C98_007,2.9612477,-0.88926667,3.8505144,1,
PSz4Xf47C98_008,4.2336774,-0.23623639,4.4699138,1,
PSz4Xf47C98_009,4.81568,0.640306,4.175374,1,
PSz4Xf47C98_010,-2.1944289,-2.1122096,-0.082219362,1,
PSz4Xf47C98_011,0.92140943,-2.1653328,3.0867422,1,
PSz4Xf47C98_012,3.3030019,-0.23097984,3.5339817,1,
PSz4Xf47C98_013,-0.29292104,-2.3692346,2.0763135,1,
PSz4Xf47C98_014,-1.0708956,0.121227,-1.1921226,1,
PlLXRExhFhk_000,1.1454486,0.49573693,0.64971164,1,
PlLXRExhFhk_001,-2.4934731,-0.30462176,-2.1888513,1,
PlLXRExhFhk_002,-4.5175295,-0.75541556,-3.7621139,1,
Prlv_TA2KSM_000,2.014616,-2.3544357,4.3690517,1,
Prlv_TA2KSM_001,2.9743707,-0.95659488,3.9309656,1,
Prlv_TA2KSM_002,2.0469296,-2.407691,4.4546206,1,
Prlv_TA2KSM_003,3.0252352,-2.0293777,5.0546129,1,
Prlv_TA2KSM_004,3.0508699,-0.71668071,3.7675506,1,
Prlv_TA2KSM_005,-0.66258842,-0.67636055,0.01377213,1,
Prlv_TA2KSM_006,-1.318556,-0.22544146,-1.0931145,1,
Prlv_TA2KSM_007,-2.2630191,-1.7230399,-0.53997922,1,
Prlv_TA2KSM_008,-2.6058874,-0.91176593,-1.6941215,1,
Q1DIEG8m_os_000,-1.9023542,-1.8929352,-0.0094190836,1,
Q1DIEG8m_os_001,-3.558862,-1.5238855,-2.0349765,1,
Q1DIEG8m_os_002,-3.8493116,-2.2731745,-1.5761371,1,
Q1DIEG8m_os_003,-2.4256995,-0.56177133,-1.8639281,1,
Q1DIEG8m_os_004,-3.3731148,-1.0554173,-2.3176975,1,
Q1DIEG8m_os_005,-4.1414065,-0.89577675,-3.2456298,1,
QE6ZYem6rZc_000,-0.42627248,0.98198164,-1.4082541,1,
QE6ZYem6rZc_001,-3.3437536,-1.259684,-2.0840696,1,
QE6ZYem6rZc_002,-1.6148874,0.80081201,-2.4156994,1,
QE6ZYem6rZc_003,-3.8052962,-0.45185229,-3.3534439,1,
QFh7ktSHtsU_000,-1.879566,-0.096820809,-1.7827451,1,
QFh7ktSHtsU_001,-0.82088715,0.83557665,-1.6564638,1,
QFh7ktSHtsU_002,-2.4166853,0.92527908,-3.3419644,1,
QFh7ktSHtsU_003,-2.1112688,0.97589833,-3.0871671,1,
QFh7ktSHtsU_004,-3.995085,-0.96231264,-3.0327724,1,
QFh7ktSHtsU_005,-3.165261,1.816384,-4.981645,1,
QFh7ktSHtsU_006,0.28302026,-1.0013145,1.2843348,1,
QFh7ktSHtsU_007,-0.21872635,-0.073321246,-0.14540511,1,
QMcQX7Yz53w_000,-5.775074,-1.3465158,-4.4285582,1,
QMcQX7Yz53w_001,-1.7470378,0.24131966,-1.9883574,1,
QMcQX7Yz53w_002,-3.5377207,-0.50471437,-3.0330063,1,
QMcQX7Yz53w_003,-1.3742032,-0.071236379,-1.3029668,1,
QMcQX7Yz53w_004,-3.1330593,0.0873923,-3.2204516,1,
QgXuMcp2qJs_000,-2.6275368,-0.76912194,-1.8584148,1,
QgXuMcp2qJs_001,-1.6400274,0.6843183,-2.3243457,1,
QgXuMcp2qJs_002,-2.9948156,0.13359116,-3.1284067,1,
QgXuMcp2qJs_003,-2.2271149,1.2487892,-3.4759041,1,
QgXuMcp2qJs_004,-3.7154229,-0.34069893,-3.3747239,1,
QjWjr1eyqDA_000,-2.1286414,-1.59793,-0.53071141,1,
QjWjr1eyqDA_001,4.7388086,0.91501957,3.8237891,1,
QjWjr1eyqDA_002,2.2943964,-1.1651939,3.4595903,1,
QjWjr1eyqDA_003,3.1343424,-0.78213084,3.9164733,1,
QjWjr1eyqDA_004,3.7868757,-1.0966313,4.883507,1,
QjWjr1eyqDA_005,2.3301191,-0.31565544,2.6457746,1,
QjWjr1eyqDA_006,4.4953451,-0.37821847,4.8735636,1,
QjWjr1eyqDA_007,4.1995382,-1.1045895,5.3041277,1,
QjWjr1eyqDA_008,3.4219987,-2.3657651,5.7877638,1,
QjWjr1eyqDA_009,3.3878195,-0.24973306,3.6375526,1,
QjWjr1eyqDA_010,2.9312923,-0.2399665,3.1712588,1,
QjWjr1eyqDA_011,4.8765345,-0.11266778,4.9892022,1,
QjWjr1eyqDA_012,3.6308551,-1.3326851,4.9635402,1,
QjWjr1eyqDA_013,6.7179422,0.081608333,6.6363339,1,
QjWjr1eyqDA_014,4.5537229,-1.555531,6.1092539,1,
QjWjr1eyqDA_015,-2.1965022,-0.10432335,-2.0921789,1,
QjWjr1eyqDA_016,-3.8331473,-0.60564554,-3.2275017,1,
QjmVsoAbkB4_000,-1.2791907,0.27560118,-1.5547918,1,
QjmVsoAbkB4_001,1.4127998,1.7769873,-0.36418748,1,
QjmVsoAbkB4_002,2.5679128,3.4413137,-0.87340093,1,
QjmVsoAbkB4_003,-4.2106833,-2.0179276,-2.1927557,1,
QjmVsoAbkB4_004,-4.2420502,-1.4309506,-2.8110995,1,
QqZnVpKZlaM_000,-3.6241479,-0.65531105,-2.9688368,1,
QqZnVpKZlaM_001,-0.51988709,0.45873281,-0.9786199,1,
QqZnVpKZlaM_002,-2.0075378,0.54559445,-2.5531323,1,
QqZnVpKZlaM_003,-2.5715199,-0.90171075,-1.6698091,1,
QqZnVpKZlaM_004,-4.0903144,-0.8647266,-3.2255878,1,
R1-E5NeMTq0_000,-0.45114541,0.63135827,-1.0825037,1,
R1-E5NeMTq0_001,-1.8484873,-0.60793763,-1.2405496,1,
R1-E5NeMTq0_002,-1.850276,1.261912,-3.112188,1,
R1-E5NeMTq0_003,-1.7628337,1.1199123,-2.882746,1,
R1-E5NeMTq0_004,-1.8633745,0.74886072,-2.6122352,1,
R1-E5NeMTq0_005,0.66650242,1.3232297,-0.65672725,1,
R1-E5NeMTq0_006,-1.0778701,0.27670997,-1.3545801,1,
R1-E5NeMTq0_007,-0.77992749,1.1616633,-1.9415908,1,
R1-E5NeMTq0_008,-1.7615278,0.10729352,-1.8688213,1,
R1-E5NeMTq0_009,-1.5142146,0.031313363,-1.545528,1,
R1-E5NeMTq0_010,-0.93625122,0.83595741,-1.7722086,1,
R1-E5NeMTq0_011,-1.229226,0.43600848,-1.6652345,1,
R1-E5NeMTq0_012,-1.1625875,-0.021247398,-1.1413401,1,
R1-E5NeMTq0_013,-2.2043266,0.057325963,-2.2616526,1,
R1-E5NeMTq0_014,-1.7937226,0.2935819,-2.0873045,1,
R1-E5NeMTq0_015,-0.14728914,0.32098588,-0.46827503,1,
R1-E5NeMTq0_016,-1.0028148,0.27241424,-1.275229,1,
R1-E5NeMTq0_017,3.776407,1.7872198,1.9891872,1,
R1-E5NeMTq0_018,4.5814476,1.9529487,2.6284989,1,
R1-E5NeMTq0_019,-3.3630393,-1.3530141,-2.0100251,1,
R1-E5NeMTq0_020,-4.1503501,-0.99373037,-3.1566197,1,
R43WTWwgYGY_000,-1.7302278,-2.625577,0.89534914,1,
R43WTWwgYGY_001,-2.1021819,0.1412064,-2.2433883,1,
R43WTWwgYGY_002,-1.4607898,-0.98671234,-0.47407746,1,
R43WTWwgYGY_003,-3.0073655,0.082264781,-3.0896302,1,
R43WTWwgYGY_004,-2.1812952,0.65437675,-2.8356719,1,
R43WTWwgYGY_005,-1.3841279,-1.621281,0.23715317,1,
R43WTWwgYGY_006,-3.6264093,-0.39448556,-3.2319237,1,
R43WTWwgYGY_007,-1.3193537,0.77911001,-2.0984637,1,
R43WTWwgYGY_008,-2.8559036,1.3765483,-4.2324519,1,
R43WTWwgYGY_009,0.56026065,1.8751396,-1.3148789,1,
R43WTWwgYGY_010,-4.2075973,-3.6030922,-0.60450506,1,
R43WTWwgYGY_011,-2.6684189,-0.7534734,-1.9149455,1,
R43WTWwgYGY_012,-3.7582242,-0.50761092,-3.2506133,1,
RMOyCOQSNIQ_000,0.18202294,-2.2092187,2.3912417,1,
RMOyCOQSNIQ_001,-2.0430572,0.56064504,-2.6037022,1,
RMOyCOQSNIQ_002,-0.26788178,-1.7010354,1.4331536,1,
RMOyCOQSNIQ_003,-3.558095,-5.2636719,1.7055769,1,
RMOyCOQSNIQ_004,-3.3322716,-1.2029411,-2.1293305,1,
RMOyCOQSNIQ_005,-3.2248785,-3.4640338,0.23915529,1,
RMOyCOQSNIQ_006,-3.6555605,-1.6472329,-2.0083276,1,
RMOyCOQSNIQ_007,-2.2586901,-1.3314863,-0.92720377,1,
RMOyCOQSNIQ_008,-3.2157488,-0.13434903,-3.0813998,1,
RMOyCOQSNIQ_009,-2.553087,-3.0056398,0.4525528,1,
RMOyCOQSNIQ_010,-3.0188572,-2.1880524,-0.83080482,1,
RMOyCOQSNIQ_011,-2.4667888,-2.7467241,0.27993536,1,
RMOyCOQSNIQ_012,-2.0065453,-1.0506836,-0.95586169,1,
RMOyCOQSNIQ_013,-1.4945325,-1.8381752,0.34364271,1,
RMOyCOQSNIQ_014,-3.3834717,-2.6053054,-0.77816629,1,
RMOyCOQSNIQ_015,-4.8650165,-2.9493825,-1.9156339,1,
RMOyCOQSNIQ_016,-5.0454822,-2.7107697,-2.3347125,1,
RTYjh4qhcEk_000,-3.1918724,-1.3992581,-1.7926142,1,
RTYjh4qhcEk_001,-3.1744745,-2.3959854,-0.77848911,1,
RTYjh4qhcEk_002,-2.7258303,-0.40353,-2.3223003,1,
RTYjh4qhcEk_003,-2.1884336,0.86787307,-3.0563067,1,
RTYjh4qhcEk_004,-3.5419579,-1.2990148,-2.242943,1,
RTYjh4qhcEk_005,-4.1245284,-0.56909001,-3.5554384,1,
RYFm405HgV4_000,-0.19813421,1.8712561,-2.0693903,1,
RYFm405HgV4_001,-3.9643538,-0.32176536,-3.6425884,1,
RZSN8vn4_1o_000,-3.1086862,-0.75173563,-2.3569506,1,
RZSN8vn4_1o_001,-1.5423185,-0.18032594,-1.3619925,1,
RZSN8vn4_1o_002,-0.548989,-0.95313448,0.40414548,1,
RZSN8vn4_1o_003,-1.5871295,0.92829329,-2.5154228,1,
RZSN8vn4_1o_004,-2.8248222,0.20129898,-3.0261212,1,
RZSN8vn4_1o_005,-2.7271492,-0.478995,-2.2481543,1,
RZSN8vn4_1o_006,-3.1052227,-0.50828511,-2.5969376,1,
RZSN8vn4_1o_007,-3.3819246,-0.90667206,-2.4752526,1,
RZSN8vn4_1o_008,-0.179906,-0.43592158,0.25601558,1,
RZSN8vn4_1o_009,-0.21236262,0.42717853,-0.63954115,1,
RZSN8vn4_1o_010,-2.6315866,0.66172945,-3.293316,1,
RZSN8vn4_1o_011,-3.4432421,0.35286471,-3.7961068,1,
RZSN8vn4_1o_012,-0.13275841,0.19750036,-0.33025877,1,
RZSN8vn4_1o_013,-1.2427095,0.50380635,-1.7465159,1,
RZSN8vn4_1o_014,-0.20186755,-2.8245578,2.6226902,1,
RZSN8vn4_1o_015,-2.8178468,-1.365872,-1.4519747,1,
Rke75Kw5GU8_000,-4.04252,-0.086724773,-3.9557953,1,
Rke75Kw5GU8_001,-1.5896106,-0.010578644,-1.5790319,1,
Rke75Kw5GU8_002,1.9785025,-0.23618825,2.2146908,1,
Rke75Kw5GU8_003,0.85264641,0.65965843,0.19298798,1,
Rke75Kw5GU8_004,-0.5162729,0.69783592,-1.2141088,1,
Rke75Kw5GU8_005,0.74449897,0.52932596,0.21517301,1,
Rke75Kw5GU8_006,1.2508974,1.3259312,-0.075033784,1,
Rke75Kw5GU8_007,0.62729073,1.8442179,-1.2169272,1,
Rke75Kw5GU8_008,0.22102121,-0.47291592,0.69393712,1,
Rke75Kw5GU8_009,-0.151383,1.2084972,-1.3598802,1,
Rke75Kw5GU8_010,1.8093213,1.6452445,0.16407681,1,
Rke75Kw5GU8_011,0.21572439,2.6455874,-2.4298631,1,
Rke75Kw5GU8_012,-0.84963089,-0.51798403,-0.33164686,1,
Rke75Kw5GU8_013,-0.031707034,1.0966026,-1.1283096,1,
Rke75Kw5GU8_014,0.068940125,0.46173409,-0.39279396,1,
Rke75Kw5GU8_015,-0.27674136,-0.45145416,0.17471281,1,
Rke75Kw5GU8_016,-0.1445476,0.83751237,-0.98205997,1,
Rke75Kw5GU8_017,-0.67356229,1.2406946,-1.9142569,1,
Rke75Kw5GU8_018,0.85971326,3.8137319,-2.9540187,1,
Rke75Kw5GU8_019,0.37510464,0.94706166,-0.57195702,1,
Rke75Kw5GU8_020,0.73756248,1.0484591,-0.31089658,1,
Rke75Kw5GU8_021,-1.8011206,-2.0828991,0.28177845,1,
Rke75Kw5GU8_022,0.067423061,1.7530501,-1.685627,1,
Rke75Kw5GU8_023,-0.25432923,-2.8098872,2.5555579,1,
Rke75Kw5GU8_024,-2.8101819,-1.0075473,-1.8026346,1,
RnH3K-ddpjs_000,-2.3402681,0.690256,-3.0305241,1,
RnH3K-ddpjs_001,-3.1001713,-0.13137735,-2.968794,1,
RnH3K-ddpjs_002,4.7787995,-0.17028087,4.9490804,1,
RnH3K-ddpjs_003,4.5446315,-0.94018817,5.4848197,1,
RnH3K-ddpjs_004,5.0324435,-1.3965167,6.4289602,1,
RnH3K-ddpjs_005,6.3521457,1.1325513,5.2195944,1,
RnH3K-ddpjs_006,4.8053212,0.22393879,4.5813824,1,
RnH3K-ddpjs_007,3.5093296,-0.099947959,3.6092775,1,
RnH3K-ddpjs_008,2.1802859,-1.2244214,3.4047073,1,
RnH3K-ddpjs_009,3.3196833,-1.513346,4.8330293,1,
RnH3K-ddpjs_010,-1.7396731,0.020094862,-1.759768,1,
RnH3K-ddpjs_011,-4.3611603,-0.95066142,-3.4104989,1,
Rwq2tZR69No_000,-1.1888942,0.12106015,-1.3099543,1,
Rwq2tZR69No_001,0.69892389,-0.84032202,1.5392459,1,
Rwq2tZR69No_002,-0.90182406,0.87109584,-1.7729199,1,
Rwq2tZR69No_003,-0.20091274,1.2268519,-1.4277647,1,
Rwq2tZR69No_004,-1.4197949,-0.56659311,-0.85320181,1,
Rwq2tZR69No_005,-1.2020986,0.71208191,-1.9141805,1,
Rwq2tZR69No_006,-0.48975134,1.0209181,-1.5106695,1,
Rwq2tZR69No_007,-1.9804312,0.25915289,-2.2395841,1,
Rwq2tZR69No_008,0.76431757,3.3613646,-2.597047,1,
Rwq2tZR69No_009,-0.028056219,0.71095479,-0.739011,1,
Rwq2tZR69No_010,-0.56042296,0.24729234,-0.8077153,1,
Rwq2tZR69No_011,-3.0879574,-1.9992708,-1.0886866,1,
Rwq2tZR69No_012,-3.1001749,-0.26451468,-2.8356602,1,
Rwq2tZR69No_013,-4.2752342,-0.77233863,-3.5028956,1,
Rx2pH_xbJwE_000,-0.08716891,1.4132223,-1.5003912,1,
Rx2pH_xbJwE_001,-0.74616432,0.80564451,-1.5518088,1,
Rx2pH_xbJwE_002,-1.2061497,1.0799905,-2.2861402,1,
Rx2pH_xbJwE_003,-1.4510356,1.0291176,-2.4801532,1,
Rx2pH_xbJwE_004,-3.0458632,-0.048008054,-2.9978551,1,
Rx2pH_xbJwE_005,-0.88867193,0.67123646,-1.5599084,1,
Rx2pH_xbJwE_006,-1.3825866,0.67425221,-2.0568388,1,
Rx2pH_xbJwE_007,-0.42074412,0.8754366,-1.2961807,1,
Rx2pH_xbJwE_008,-0.40493625,1.0656548,-1.470591,1,
Rx2pH_xbJwE_009,0.87281489,0.89569336,-0.022878468,1,
Rx2pH_xbJwE_010,-2.3569837,-0.55284864,-1.804135,1,
S41cxlpNcAc_000,-0.51323229,0.46229815,-0.97553045,1,
S41cxlpNcAc_001,-2.6244173,-0.29510951,-2.3293078,1,
S41cxlpNcAc_002,-2.1081226,0.17376442,-2.281887,1,
S41cxlpNcAc_003,-4.3700604,-1.0737791,-3.2962813,1,
S7tdhuGEHLk_000,-1.8750052,-0.038105723,-1.8368995,1,
S7tdhuGEHLk_001,-2.2476425,0.97786576,-3.2255083,1,
S7tdhuGEHLk_002,-1.9804999,-0.47466856,-1.5058313,1,
S7tdhuGEHLk_003,-1.8323072,0.030695973,-1.8630032,1,
S7tdhuGEHLk_004,-3.5930209,-0.40470785,-3.1883131,1,
SFBrInCe1SM_000,0.68404967,-1.4465249,2.1305745,1,
SFBrInCe1SM_001,-2.289835,-0.39493015,-1.8949048,1,
SO3bKXmHRRY_000,-1.5601352,0.71519089,-2.2753261,1,
SO3bKXmHRRY_001,-1.0047008,1.1408703,-2.1455711,1,
SO3bKXmHRRY_002,-3.9278998,-0.85493273,-3.0729671,1,
SOtBjHRIAMU_000,-4.0571365,-2.7981458,-1.2589908,1,
SOtBjHRIAMU_001,-5.4049578,-1.8926702,-3.5122876,1,
SOtBjHRIAMU_002,-3.1116607,0.32990971,-3.4415704,1,
SOtBjHRIAMU_003,-1.4231482,0.68377721,-2.1069254,1,
SOtBjHRIAMU_004,-4.1195474,-0.72588044,-3.3936669,1,
SRpa-WO48cQ_000,-1.3954512,-2.7917707,1.3963195,1,
SRpa-WO48cQ_001,-1.6734368,1.2230594,-2.8964962,1,
SRpa-WO48cQ_002,-0.99808162,1.8915805,-2.8896621,1,
SRpa-WO48cQ_003,-2.6623557,0.057636213,-2.7199919,1,
SRpa-WO48cQ_004,-2.654228,0.35743132,-3.0116593,1,
SRpa-WO48cQ_005,-1.2288588,1.402009,-2.6308678,1,
SRpa-WO48cQ_006,-2.9379034,-0.91845655,-2.0194468,1,
SRpa-WO48cQ_007,-2.4939036,0.022385344,-2.516289,1,
SRpa-WO48cQ_008,-2.2518058,0.51526701,-2.7670728,1,
SRpa-WO48cQ_009,-1.6404672,1.1319665,-2.7724336,1,
SRpa-WO48cQ_010,-1.2458576,1.371698,-2.6175556,1,
SRpa-WO48cQ_011,-2.1866055,-0.51553267,-1.6710728,1,
SRpa-WO48cQ_012,-2.0904081,0.92011368,-3.0105218,1,
SRpa-WO48cQ_013,2.9894917,2.7447972,0.24469447,1,
SRpa-WO48cQ_014,1.5512239,-0.6843558,2.2355797,1,
SRpa-WO48cQ_015,-2.0934806,1.3220736,-3.4155542,1,
SRpa-WO48cQ_016,-0.94962591,1.7284392,-2.6780651,1,
SRpa-WO48cQ_017,-0.84071428,1.9760616,-2.8167759,1,
SRpa-WO48cQ_018,-2.8510718,0.40810621,-3.259178,1,
SRpa-WO48cQ_019,-1.6927074,1.2389257,-2.9316331,1,
SRpa-WO48cQ_020,0.22543882,2.7905068,-2.565068,1,
SRpa-WO48cQ_021,-1.8963761,0.28862947,-2.1850056,1,
SRpa-WO48cQ_022,-3.4482937,-1.3213358,-2.1269579,1,
SRpa-WO48cQ_023,-2.1840398,1.3874562,-3.571496,1,
SRpa-WO48cQ_024,-0.99699891,3.0531216,-4.0501205,1,
SRpa-WO48cQ_025,-0.1328081,0.25231373,-0.38512184,1,
SRpa-WO48cQ_026,-1.9426515,0.27316183,-2.2158133,1,
SRpa-WO48cQ_027,-3.5997474,-0.70264935,-2.8970981,1,
Sb_8xsOD9ps_000,-2.092073,1.1738687,-3.2659416,1,
Sb_8xsOD9ps_001,-4.3558683,-1.2605714,-3.095297,1,
SheQHIKfZrA_000,-0.81478077,-1.0022385,0.18745774,1,
SheQHIKfZrA_001,-0.31059927,-0.85021764,0.53961837,1,
SheQHIKfZrA_002,-0.045917995,-2.7011695,2.6552515,1,
SkOPCvsnxsg_000,-1.9588373,-0.52080351,-1.4380338,1,
SkOPCvsnxsg_001,-1.1490226,-0.86389768,-0.2851249,1,
SkOPCvsnxsg_002,-1.0860038,-0.15958199,-0.92642179,1,
SkOPCvsnxsg_003,-0.96219295,0.038988497,-1.0011814,1,
SkOPCvsnxsg_004,-1.7099224,0.45532811,-2.1652505,1,
SkOPCvsnxsg_005,-3.1357241,0.23603955,-3.3717636,1,
SkOPCvsnxsg_006,-4.1131282,-1.2002592,-2.912869,1,
SkOPCvsnxsg_007,-2.1982203,-0.36675769,-1.8314626,1,
SkOPCvsnxsg_008,-0.16481274,0.50272751,-0.66754025,1,
SkOPCvsnxsg_009,-5.0971875,1.1321645,-6.229352,1,
SkOPCvsnxsg_010,-1.8494408,1.6367298,-3.4861706,1,
SkOPCvsnxsg_011,-3.2242947,-0.0044883387,-3.2198063,1,
SkOPCvsnxsg_012,-1.8113534,2.4594896,-4.270843,1,
SkOPCvsnxsg_013,-3.1282086,0.94660109,-4.0748097,1,
SkOPCvsnxsg_014,-3.0014153,-1.2289499,-1.7724653,1,
SkOPCvsnxsg_015,-3.0250757,1.7399491,-4.7650248,1,
SkOPCvsnxsg_016,-5.0930753,0.6466096,-5.7396849,1,
SkOPCvsnxsg_017,-3.4651787,0.21783826,-3.683017,1,
SkOPCvsnxsg_018,-3.2225711,2.4262049,-5.6487761,1,
SkOPCvsnxsg_019,-2.5816214,0.41757342,-2.9991948,1,
SkOPCvsnxsg_020,-1.3212575,-2.6580479,1.3367904,1,
SkOPCvsnxsg_021,-0.54280257,0.43027517,-0.97307774,1,
SkOPCvsnxsg_022,-2.8517966,-0.23260885,-2.6191878,1,
SkOPCvsnxsg_023,-4.1432147,-1.3019196,-2.8412951,1,
SkOPCvsnxsg_024,-3.6054895,-3.5070438,-0.098445654,1,
SkOPCvsnxsg_025,-1.6294531,1.2204465,-2.8498995,1,
SkOPCvsnxsg_026,-1.9004515,-0.82413578,-1.0763158,1,
SkOPCvsnxsg_027,-2.8115172,0.24146616,-3.0529834,1,
SkOPCvsnxsg_028,-4.8312888,-2.8956943,-1.9355946,1,
SkOPCvsnxsg_029,-0.65729171,1.1458083,-1.8031,1,
SkOPCvsnxsg_030,-0.37889597,4.2624431,-4.641339,1,
SkOPCvsnxsg_031,-0.39396521,4.9125199,-5.3064851,1,
SkOPCvsnxsg_032,-0.98818946,0.0577976,-1.0459871,1,
SkOPCvsnxsg_033,1.1833675,0.49951553,0.68385196,1,
SkOPCvsnxsg_034,-0.47385469,-1.1530695,0.67921481,1,
SkOPCvsnxsg_035,-0.24688913,1.0788959,-1.3257851,1,
SkOPCvsnxsg_036,-1.5615858,-1.0483088,-0.51327693,1,
SkOPCvsnxsg_037,0.39183998,-2.6682837,3.0601237,1,
SkOPCvsnxsg_038,-2.3094094,-0.64812362,-1.6612858,1,
T0Cup5Bdkf4_000,-0.30232337,-0.31782046,0.015497088,1,
T0Cup5Bdkf4_001,-1.7220485,-1.8213704,0.099321842,1,
T0Cup5Bdkf4_002,-0.12054801,-0.38064921,0.2601012,1,
T0Cup5Bdkf4_003,-2.3659263,0.019802582,-2.3857288,1,
T0Cup5Bdkf4_004,-1.6420695,0.81093782,-2.4530073,1,
T0Cup5Bdkf4_005,-3.412575,-0.83156735,-2.5810077,1,
T0Cup5Bdkf4_006,-2.2306488,-0.087748304,-2.1429005,1,
T0Cup5Bdkf4_007,-2.8064475,-2.2783024,-0.52814507,1,
T0Cup5Bdkf4_008,-1.7091515,-0.64267862,-1.0664729,1,
T0Cup5Bdkf4_009,-2.4502661,-0.33262044,-2.1176457,1,
T0Cup5Bdkf4_010,-1.4209964,-0.61757815,-0.80341828,1,
T0Cup5Bdkf4_011,-2.0999393,-1.2519461,-0.84799325,1,
T9Yi2rohQUQ_000,-4.9061613,-2.8302727,-2.0758886,1,
T9Yi2rohQUQ_001,-5.5630002,-3.1233516,-2.4396486,1,
T9Yi2rohQUQ_002,-3.0975785,-1.9634666,-1.1341119,1,
T9Yi2rohQUQ_003,-1.3981183,0.39664537,-1.7947636,1,
T9Yi2rohQUQ_004,-3.8340902,-3.6364028,-0.19768739,1,
T9Yi2rohQUQ_005,-4.7473655,-3.1506789,-1.5966866,1,
T9Yi2rohQUQ_006,1.5301807,-0.52345461,2.0536353,1,
T9Yi2rohQUQ_007,-1.9744279,-0.75317067,-1.2212573,1,
T9Yi2rohQUQ_008,-1.3575759,-1.5096182,0.15204227,1,
T9Yi2rohQUQ_009,-3.0763714,-1.5338074,-1.542564,1,
T9Yi2rohQUQ_010,-1.7847241,-0.43710133,-1.3476228,1,
T9Yi2rohQUQ_011,-0.039974291,-2.4116058,2.3716315,1,
TA0W22-E_0M_000,-1.5202847,1.0408797,-2.5611644,1,
TA0W22-E_0M_001,-0.76273578,-3.6289196,2.8661838,1,
TA0W22-E_0M_002,-1.2020382,-1.46491,0.26287186,1,
TA0W22-E_0M_003,-1.3971577,-1.940845,0.54368734,1,
TA0W22-E_0M_004,-3.6230602,-6.2208781,2.5978179,1,
TA0W22-E_0M_005,1.2885827,-0.95930946,2.2478921,1,
TA0W22-E_0M_006,1.4238166,0.46682125,0.95699531,1,
TA0W22-E_0M_007,1.4500452,1.1500294,0.30001581,1,
TA0W22-E_0M_008,-4.2048979,-1.5331668,-2.6717311,1,
TA0W22-E_0M_009,-3.6840386,-0.33240432,-3.3516343,1,
TGfr8DXepFM_000,2.8298774,-0.076408535,2.9062859,1,
TGfr8DXepFM_001,-3.0553513,-0.62471324,-2.430638,1,
TGfr8DXepFM_002,-3.5928192,-1.2671701,-2.3256491,1,
TGfr8DXepFM_003,-4.3434706,-0.67843437,-3.6650362,1,
TRnR3FYiJps_000,-3.7578743,-1.4121674,-2.3457068,1,
TRnR3FYiJps_001,-3.9386382,-1.8358729,-2.1027653,1,
TRnR3FYiJps_002,-4.2020645,-0.10688084,-4.0951837,1,
TRnR3FYiJps_003,-4.8250856,-1.8975087,-2.9275769,1,
TRnR3FYiJps_004,-2.165482,-0.15072492,-2.0147571,1,
TRnR3FYiJps_005,-4.3511949,-0.97466081,-3.376534,1,
TWoH_ijjAUk_000,-0.088396713,1.5611777,-1.6495744,1,
TWoH_ijjAUk_001,-0.97000849,-0.15938343,-0.81062506,1,
TWoH_ijjAUk_002,-1.49813,-3.0588009,1.560671,1,
TWoH_ijjAUk_003,-1.4630724,-1.7132291,0.25015664,1,
TWoH_ijjAUk_004,0.10259033,1.0126623,-0.91007196,1,
TWoH_ijjAUk_005,-1.4520986,-0.072234549,-1.3798641,1,
TWoH_ijjAUk_006,1.8886408,-0.17094423,2.059585,1,
TWoH_ijjAUk_007,-0.19528079,0.29517326,-0.49045405,1,
TWoH_ijjAUk_008,0.7327258,-1.7055433,2.4382691,1,
TWoH_ijjAUk_009,1.7679139,0.53129977,1.2366142,1,
TWoH_ijjAUk_010,1.2304647,1.1941031,0.036361575,1,
TWoH_ijjAUk_011,-2.3187242,-1.44389,-0.87483418,1,
TWoH_ijjAUk_012,1.0884336,-0.40932891,1.4977625,1,
TWoH_ijjAUk_013,-2.0920577,-0.15534833,-1.9367094,1,
TWoH_ijjAUk_014,-0.046976048,-1.6581554,1.6111794,1,
TWoH_ijjAUk_015,1.0270953,1.350531,-0.32343566,1,
TWoH_ijjAUk_016,-0.51395398,1.7184644,-2.2324184,1,
TWoH_ijjAUk_017,0.11768405,1.4847322,-1.3670481,1,
TWoH_ijjAUk_018,0.34089583,0.18084463,0.1600512,1,
TWoH_ijjAUk_019,0.5800845,-1.7528855,2.33297,1,
TWoH_ijjAUk_020,1.359547,1.5736656,-0.2141186,1,
TWoH_ijjAUk_021,-1.7868969,0.053923272,-1.8408202,1,
TWoH_ijjAUk_022,0.68145394,3.2152424,-2.5337884,1,
TWoH_ijjAUk_023,0.24830456,0.41778997,-0.16948541,1,
TWoH_ijjAUk_024,0.91764688,1.180966,-0.26331913,1,
TWoH_ijjAUk_025,-0.62703031,1.6844648,-2.3114951,1,
TWoH_ijjAUk_026,0.90789378,1.9459528,-1.038059,1,
TWoH_ijjAUk_027,-0.34598988,-0.71052021,0.36453032,1,
TWoH_ijjAUk_028,0.30530384,0.38400561,-0.078701764,1,
TWoH_ijjAUk_029,1.7451984,0.98956823,0.75563014,1,
TWoH_ijjAUk_030,2.2273533,0.71510929,1.512244,1,
TWoH_ijjAUk_031,1.305213,0.89692962,0.40828335,1,
TWoH_ijjAUk_032,1.233779,0.85089129,0.38288766,1,
TWoH_ijjAUk_033,0.4636254,1.8634685,-1.3998431,1,
TWoH_ijjAUk_034,1.2702383,1.8139699,-0.54373157,1,
TWoH_ijjAUk_035,0.57746542,0.73419338,-0.15672797,1,
TWoH_ijjAUk_036,0.77200103,2.2980332,-1.5260322,1,
TWoH_ijjAUk_037,1.5311373,1.9273497,-0.39621234,1,
TWoH_ijjAUk_038,0.0529988,1.785781,-1.7327822,1,
TWoH_ijjAUk_039,0.68472588,-0.13647358,0.82119946,1,
TWoH_ijjAUk_040,-1.3377157,-1.5488964,0.21118069,1,
TWoH_ijjAUk_041,1.1534857,1.3402104,-0.18672478,1,
TWoH_ijjAUk_042,0.03978106,-2.2632535,2.3030345,1,
TWoH_ijjAUk_043,-2.5477865,-1.2518457,-1.2959408,1,
TpKyBapvTbE_000,0.98926777,0.58253735,0.40673041,1,
TpKyBapvTbE_001,0.47761506,0.33160448,0.14601058,1,
TpKyBapvTbE_002,-0.50679046,-0.33443752,-0.17235294,1,
TpKyBapvTbE_003,-0.26792371,0.068981744,-0.33690546,1,
TpKyBapvTbE_004,1.5366645,-0.51076573,2.0474302,1,
TpKyBapvTbE_005,-1.8053182,0.36643794,-2.1717562,1,
TpKyBapvTbE_006,-4.4942069,-0.76418161,-3.7300253,1,
TrLtHAYYW2c_000,2.7342627,0.016432729,2.71783,1,
TrLtHAYYW2c_001,1.3804103,-0.67441326,2.0548236,1,
TrLtHAYYW2c_002,-0.23808715,0.63431174,-0.87239888,1,
TrLtHAYYW2c_003,1.0104516,-1.236668,2.2471195,1,
TrLtHAYYW2c_004,-1.1283119,0.4111239,-1.5394358,1,
U36zHkmhn-c_000,-1.6520641,-0.66446877,-0.98759532,1,
U36zHkmhn-c_001,-0.52954119,-1.7224169,1.1928757,1,
U36zHkmhn-c_002,-1.1117758,-1.7737154,0.66193962,1,
U36zHkmhn-c_003,0.60054433,5.6875701,-5.0870258,1,
U36zHkmhn-c_004,-0.87446606,1.405845,-2.2803111,1,
U36zHkmhn-c_005,-1.6354417,2.2709062,-3.9063479,1,
U36zHkmhn-c_006,-0.64002347,1.0390058,-1.6790292,1,
U36zHkmhn-c_007,-1.1640053,-0.0044345241,-1.1595708,1,
U36zHkmhn-c_008,-0.69104636,1.499513,-2.1905594,1,
U36zHkmhn-c_009,-4.9403133,-2.4312253,-2.509088,1,
U36zHkmhn-c_010,-2.5106459,-1.2132711,-1.2973747,1,
U36zHkmhn-c_011,-1.6669465,1.0071098,-2.6740563,1,
U36zHkmhn-c_012,-1.405784,2.0705962,-3.4763802,1,
U36zHkmhn-c_013,-1.3255149,1.2736735,-2.5991884,1,
U36zHkmhn-c_014,-1.7030305,3.2239044,-4.9269348,1,
U36zHkmhn-c_015,-1.4348186,-3.031893,1.5970744,1,
U36zHkmhn-c_016,1.2513373,2.5829399,-1.3316026,1,
U36zHkmhn-c_017,1.9369165,-1.54189,3.4788065,1,
U36zHkmhn-c_018,0.78075451,3.3834822,-2.6027277,1,
U36zHkmhn-c_019,-3.4368098,-2.2949004,-1.1419094,1,
U36zHkmhn-c_020,-2.0609949,0.30239382,-2.3633887,1,
U36zHkmhn-c_021,0.32494861,0.87510949,-0.55016088,1,
U36zHkmhn-c_022,-0.23010522,-1.2263808,0.9962756,1,
U36zHkmhn-c_023,-2.6497076,-1.6796477,-0.97005987,1,
U36zHkmhn-c_024,-0.15158474,0.82117283,-0.97275758,1,
U36zHkmhn-c_025,-1.2999454,-1.1992491,-0.10069621,1,
U36zHkmhn-c_026,-2.4799037,0.12514123,-2.6050449,1,
U36zHkmhn-c_027,-4.3642144,-0.94357276,-3.4206417,1,
U6kEU5fVy8M_000,-0.088802785,-0.50160635,0.41280356,1,
U6kEU5fVy8M_001,-2.8885896,-3.4262824,0.53769279,1,
U6kEU5fVy8M_002,-2.9972734,-3.5286911,0.53141761,1,
U6kEU5fVy8M_003,-3.8913646,-5.1875248,1.2961602,1,
U6kEU5fVy8M_004,-3.2409019,-2.9580722,-0.28282976,1,
U6kEU5fVy8M_005,-0.47865149,-1.0893908,0.61073926,1,
U6kEU5fVy8M_006,-1.1067585,-0.38299993,-0.72375855,1,
U6kEU5fVy8M_007,0.79223764,2.123235,-1.3309973,1,
U6kEU5fVy8M_008,-2.8129492,-1.4478866,-1.3650626,1,
U6kEU5fVy8M_009,0.098333292,1.391754,-1.2934207,1,
U6kEU5fVy8M_010,-0.72307932,1.070907,-1.7939863,1,
U6kEU5fVy8M_011,-1.0578378,1.2872492,-2.3450871,1,
U6kEU5fVy8M_012,0.0081038671,-2.1632981,2.171402,1,
U6kEU5fVy8M_013,-2.4178405,-0.83237219,-1.5854683,1,
UAsnU0Vn_go_000,-1.4705597,-3.00313,1.5325702,1,
UAsnU0Vn_go_001,-0.53214318,-1.772018,1.2398748,1,
UAsnU0Vn_go_002,-4.2717905,-5.6698966,1.3981061,1,
UAsnU0Vn_go_003,-1.8218993,-0.28131717,-1.5405821,1,
UAsnU0Vn_go_004,-2.1769421,-1.4366816,-0.74026048,1,
UAsnU0Vn_go_005,-4.0208139,-2.525207,-1.4956069,1,
UAsnU0Vn_go_006,0.28976399,1.1877005,-0.89793652,1,
UAsnU0Vn_go_007,1.1281257,1.8840059,-0.75588024,1,
UAsnU0Vn_go_008,0.13728856,0.54555029,-0.40826173,1,
UAsnU0Vn_go_009,-2.9139991,-1.4989065,-1.4150926,1,
UAsnU0Vn_go_010,-2.0164723,-0.71709156,-1.2993808,1,
UAsnU0Vn_go_011,-2.4932404,-1.9069164,-0.58632398,1,
UAsnU0Vn_go_012,-2.8763809,-1.7157511,-1.1606299,1,
UAsnU0Vn_go_013,-2.2393439,-2.2196431,-0.019700766,1,
UAsnU0Vn_go_014,-1.3284786,-3.5491395,2.2206609,1,
UAsnU0Vn_go_015,-2.4284823,-0.59075767,-1.8377246,1,
UE2Yh076-V0_000,-1.6076196,-0.49792916,-1.1096905,1,
UE2Yh076-V0_001,-1.5057381,0.61946243,-2.1252006,1,
UE2Yh076-V0_002,-3.6394451,-0.56868154,-3.0707635,1,
ULm0hQPi1FA_000,-0.42713368,-2.2413304,1.8141967,1,
ULm0hQPi1FA_001,-1.507108,1.6337347,-3.1408427,1,
ULm0hQPi1FA_002,-3.47508,-0.68884557,-2.7862344,1,
ULm0hQPi1FA_003,-2.4261799,-0.28986239,-2.1363175,1,
ULm0hQPi1FA_004,-2.3339632,-0.78556848,-1.5483947,1,
ULm0hQPi1FA_005,-3.0126979,-1.1496218,-1.8630761,1,
ULm0hQPi1FA_006,-2.7760978,-0.77339584,-2.0027019,1,
UYQD1u6EOj4_000,-2.5751879,-1.7130892,-0.86209869,1,
UYQD1u6EOj4_001,-0.55152661,-0.39083731,-0.16068929,1,
UYQD1u6EOj4_002,-1.4520209,-1.677318,0.22529709,1,
UYQD1u6EOj4_003,0.27310127,-0.36635807,0.63945934,1,
UYQD1u6EOj4_004,-0.70724964,0.70191026,-1.4091599,1,
UYQD1u6EOj4_005,-0.10398909,-0.37750623,0.27351713,1,
UYQD1u6EOj4_006,-0.44041786,-1.1519902,0.71157232,1,
UYQD1u6EOj4_007,-0.31407472,-1.3663452,1.0522704,1,
UYQD1u6EOj4_008,-0.9310376,-1.8643115,0.93327385,1,
UYQD1u6EOj4_009,-1.6018977,-1.5373662,-0.064531565,1,
UYQD1u6EOj4_010,0.8774488,-0.79513723,1.672586,1,
UYQD1u6EOj4_011,-0.49682099,0.15917441,-0.6559954,1,
UYQD1u6EOj4_012,-0.45473248,-2.6897936,2.2350611,1,
UYQD1u6EOj4_013,-3.3412623,-2.1473827,-1.1938796,1,
Ue3PasbN4c4_000,0.18202294,-2.2092187,2.3912417,1,
Ue3PasbN4c4_001,-4.948792,-2.0710471,-2.8777449,1,
Ue3PasbN4c4_002,0.030609567,-0.90910667,0.93971624,1,
Ue3PasbN4c4_003,-0.35374346,0.69667006,-1.0504135,1,
Ue3PasbN4c4_004,1.2337828,2.3476794,-1.1138966,1,
Ue3PasbN4c4_005,0.74027127,2.1321757,-1.3919044,1,
Ue3PasbN4c4_006,-1.482729,-0.19202694,-1.290702,1,
Ue3PasbN4c4_007,0.36627114,2.0422857,-1.6760145,1,
Ue3PasbN4c4_008,-4.8138828,-2.0988786,-2.7150042,1,
Uw_m6F9DL8Q_000,-0.49048156,-0.90712214,0.41664058,1,
Uw_m6F9DL8Q_001,-1.3163348,-1.7453129,0.42897809,1,
Uw_m6F9DL8Q_002,-0.64595318,0.92440611,-1.5703593,1,
Uw_m6F9DL8Q_003,-1.3763453,-1.0592403,-0.31710494,1,
Uw_m6F9DL8Q_004,0.27961904,-0.13201706,0.4116361,1,
Uw_m6F9DL8Q_005,-1.9806085,-1.1282636,-0.85234487,1,
Uw_m6F9DL8Q_006,-1.3914546,-0.82586515,-0.56558943,1,
Uw_m6F9DL8Q_007,-1.7544583,0.53837842,-2.2928367,1,
Uw_m6F9DL8Q_008,-4.0250411,-0.74479496,-3.2802461,1,
V5rV2K_PbJI_000,-3.1316612,-0.62125885,-2.5104023,1,
V5rV2K_PbJI_001,-0.23727022,0.25117445,-0.48844467,1,
V5rV2K_PbJI_002,-2.3105047,0.88442993,-3.1949346,1,
V5rV2K_PbJI_003,0.69018102,1.218857,-0.52867603,1,
V5rV2K_PbJI_004,-0.89414304,0.22015552,-1.1142986,1,
V5rV2K_PbJI_005,-1.3858883,-0.25610602,-1.1297823,1,
V5rV2K_PbJI_006,-0.17084533,1.1962932,-1.3671386,1,
V5rV2K_PbJI_007,0.51173145,1.7002789,-1.1885474,1,
V5rV2K_PbJI_008,-1.4586515,0.25113049,-1.709782,1,
V5rV2K_PbJI_009,-2.5161448,-0.95243692,-1.5637078,1,
V5rV2K_PbJI_010,-2.1308,0.2123227,-2.3431227,1,
V5rV2K_PbJI_011,-0.79091781,2.0239143,-2.8148322,1,
V5rV2K_PbJI_012,-3.2463841,-0.53324395,-2.7131402,1,
V5rV2K_PbJI_013,-0.33853042,0.79359972,-1.1321301,1,
V5rV2K_PbJI_014,-0.67467117,-1.1237036,0.44903243,1,
V5rV2K_PbJI_015,-0.14197183,-2.6322284,2.4902565,1,
V5rV2K_PbJI_016,-1.9891485,-0.43965825,-1.5494902,1,
V65IV4tY3S0_000,-0.42713368,-2.2413304,1.8141967,1,
V65IV4tY3S0_001,-1.507108,1.6337347,-3.1408427,1,
V65IV4tY3S0_002,-3.47508,-0.68884557,-2.7862344,1,
V65IV4tY3S0_003,-2.4261799,-0.28986239,-2.1363175,1,
V65IV4tY3S0_004,-2.3339632,-0.78556848,-1.5483947,1,
V65IV4tY3S0_005,-3.0126979,-1.1496218,-1.8630761,1,
V65IV4tY3S0_006,-2.7760978,-0.77339584,-2.0027019,1,
VIXesMqwTbk_000,3.6590087,-0.46772382,4.1267326,1,
VIXesMqwTbk_001,-0.05852301,-3.5331047,3.4745816,1,
VIXesMqwTbk_002,-0.99754643,-0.54048967,-0.45705676,1,
VIXesMqwTbk_003,0.61428803,-0.65852731,1.2728153,1,
VIXesMqwTbk_004,-0.73457831,0.13278961,-0.86736792,1,
VIXesMqwTbk_005,1.3634077,0.11291701,1.2504907,1,
VIXesMqwTbk_006,1.4390994,-1.2107332,2.6498326,1,
VIXesMqwTbk_007,-2.5983136,-0.17004101,-2.4282726,1,
VIXesMqwTbk_008,-3.8223953,-0.79845172,-3.0239436,1,
VOlUzFvL6OY_000,-1.4674978,-0.37245923,-1.0950386,1,
VOlUzFvL6OY_001,-1.9804095,1.1299829,-3.1103925,1,
VOlUzFvL6OY_002,-0.44976991,1.3064367,-1.7562066,1,
VOlUzFvL6OY_003,-0.60671526,-1.0364605,0.42974526,1,
VOlUzFvL6OY_004,0.46501327,1.3773243,-0.91231108,1,
VOlUzFvL6OY_005,-0.63607633,-3.376941,2.7408646,1,
VOlUzFvL6OY_006,-2.7811644,-1.1848693,-1.5962951,1,
VSRNkjL-Rs8_000,0.37085536,0.53020066,-0.1593453,1,
VSRNkjL-Rs8_001,-0.09568841,0.38179407,-0.47748248,1,
VSRNkjL-Rs8_002,-0.43147126,1.7317187,-2.1631899,1,
VSRNkjL-Rs8_003,-1.1833105,0.70651054,-1.8898211,1,
VSRNkjL-Rs8_004,-1.2738447,-0.46914482,-0.8046999,1,
VSRNkjL-Rs8_005,-1.8590711,-1.2758455,-0.58322561,1,
VSRNkjL-Rs8_006,0.63015664,-2.5534866,3.1836432,1,
VSRNkjL-Rs8_007,-2.5009134,-1.2114286,-1.2894847,1,
VV08vrYsfEc_000,-2.2501512,-0.82795042,-1.4222007,1,
VV08vrYsfEc_001,-2.4680257,-1.3746774,-1.0933483,1,
VV08vrYsfEc_002,-3.2492588,0.43223634,-3.6814951,1,
VV08vrYsfEc_003,-2.6669171,0.37440071,-3.0413178,1,
VV08vrYsfEc_004,-4.245646,-0.76878697,-3.476859,1,
V_HbhFRv6l4_000,-2.2467613,0.037317332,-2.2840787,1,
V_HbhFRv6l4_001,0.83853406,-0.36575738,1.2042914,1,
V_HbhFRv6l4_002,-0.32920483,0.96249461,-1.2916994,1,
V_HbhFRv6l4_003,-0.051502302,1.0644825,-1.1159848,1,
V_HbhFRv6l4_004,1.6376752,1.1948694,0.44280577,1,
V_HbhFRv6l4_005,1.8294232,2.3499694,-0.5205462,1,
V_HbhFRv6l4_006,2.0204039,0.95774436,1.0626595,1,
V_HbhFRv6l4_007,1.7732701,0.79145932,0.98181081,1,
V_HbhFRv6l4_008,1.4933186,1.6063085,-0.1129899,1,
V_HbhFRv6l4_009,1.393277,2.1002371,-0.70696008,1,
V_HbhFRv6l4_010,1.232668,0.57555705,0.65711099,1,
V_HbhFRv6l4_011,1.9361782,1.6947728,0.24140537,1,
V_HbhFRv6l4_012,0.11844592,-2.514123,2.6325689,1,
V_HbhFRv6l4_013,-2.6422908,-1.1567584,-1.4855324,1,
Vw6jr6ClWSo_000,2.0832188,3.7283731,-1.6451542,1,
Vw6jr6ClWSo_001,-2.3185325,-0.194021,-2.1245115,1,
Vw6jr6ClWSo_002,-4.325798,-2.3735275,-1.9522705,1,
Vw6jr6ClWSo_003,-4.3998113,-1.0131727,-3.3866385,1,
W3L1YQiN-vs_000,-0.81478077,-1.0022385,0.18745774,1,
W3L1YQiN-vs_001,0.2687518,-0.7629748,1.0317266,1,
W3L1YQiN-vs_002,-2.9059453,-0.86103815,-2.0449072,1,
W3t3MS0YG8Q_000,-0.86739814,-0.5087232,-0.35867494,1,
W3t3MS0YG8Q_001,-2.6901624,-0.69227672,-1.9978857,1,
W3t3MS0YG8Q_002,-0.56306517,1.4853913,-2.0484564,1,
W3t3MS0YG8Q_003,-3.5116847,-1.0292766,-2.482408,1,
W3t3MS0YG8Q_004,-1.1509807,0.44277531,-1.593756,1,
W3t3MS0YG8Q_005,-1.0385633,2.0159922,-3.0545554,1,
W3t3MS0YG8Q_006,0.12246043,-0.38486183,0.50732226,1,
W3t3MS0YG8Q_007,-2.7238162,-0.11093862,-2.6128775,1,
W3t3MS0YG8Q_008,-3.9329624,-0.7581163,-3.1748461,1,
W6q_eMvdJ1Y_000,-3.4943249,-0.95251173,-2.5418132,1,
W6q_eMvdJ1Y_001,-2.4706411,-2.0378299,-0.43281126,1,
W6q_eMvdJ1Y_002,0.20081,-0.18947315,0.39028315,1,
W6q_eMvdJ1Y_003,-1.5101938,0.37672144,-1.8869153,1,
W6q_eMvdJ1Y_004,-3.6338058,-2.0966406,-1.5371652,1,
W6q_eMvdJ1Y_005,-3.9339592,-2.5806026,-1.3533566,1,
W6q_eMvdJ1Y_006,-1.7890104,-0.78522968,-1.0037807,1,
W6q_eMvdJ1Y_007,-2.6442459,-2.5588264,-0.085419416,1,
W6q_eMvdJ1Y_008,-0.24973249,-2.7785695,2.528837,1,
W6q_eMvdJ1Y_009,-2.9882612,-1.6123621,-1.3758991,1,
WCpDbhSyK7k_000,3.5603623,-2.1373563,5.6977186,1,
WCpDbhSyK7k_001,-2.6193159,-0.86364478,-1.7556711,1,
WCpDbhSyK7k_002,2.3359358,-0.83425826,3.1701941,1,
WCpDbhSyK7k_003,2.4216518,-1.4315119,3.8531637,1,
WCpDbhSyK7k_004,-1.7884783,0.74173117,-2.5302094,1,
WCpDbhSyK7k_005,0.37479731,-2.3871858,2.7619831,1,
WCpDbhSyK7k_006,0.24832708,-0.78928936,1.0376164,1,
WCpDbhSyK7k_007,1.7333628,-0.74378902,2.4771518,1,
WCpDbhSyK7k_008,1.0519485,-2.4654808,3.5174294,1,
WCpDbhSyK7k_009,1.3975354,-1.295518,2.6930535,1,
WCpDbhSyK7k_010,-0.83337164,-2.1861303,1.3527586,1,
WCpDbhSyK7k_011,0.59484637,-1.1625954,1.7574418,1,
WCpDbhSyK7k_012,-0.58416128,-4.0646758,3.4805145,1,
WCpDbhSyK7k_013,1.6005498,-1.9112889,3.5118387,1,
WCpDbhSyK7k_014,-2.2045121,-0.30366492,-1.9008472,1,
WCpDbhSyK7k_015,-3.8246667,-0.71451551,-3.1101512,1,
WFtzJD_UhfU_000,3.5007412,1.7358384,1.7649028,1,
WFtzJD_UhfU_001,0.59979045,0.27837455,0.3214159,1,
WFtzJD_UhfU_002,0.21792743,-1.3997762,1.6177036,1,
WFtzJD_UhfU_003,-2.0212734,0.070987768,-2.0922611,1,
WFtzJD_UhfU_004,-4.342948,-0.79633766,-3.5466103,1,
WceS1ddqRLI_000,5.9543514,0.90678477,5.0475667,1,
WceS1ddqRLI_001,5.8308187,2.5884929,3.2423258,1,
WceS1ddqRLI_002,6.891089,2.6021545,4.2889345,1,
WceS1ddqRLI_003,-1.7552541,-0.45903534,-1.2962188,1,
WceS1ddqRLI_004,-2.1446381,-0.26297006,-1.881668,1,
WceS1ddqRLI_005,-0.40552711,0.98902214,-1.3945493,1,
WceS1ddqRLI_006,-2.1800275,-0.18368822,-1.9963393,1,
WceS1ddqRLI_007,-4.4262376,-0.95215815,-3.4740794,1,
Whvy26QDqpk_000,-2.0278623,1.1307018,-3.1585641,1,
Whvy26QDqpk_001,-1.4333653,0.93784416,-2.3712095,1,
Whvy26QDqpk_002,-3.675591,-0.91459227,-2.7609987,1,
Whvy26QDqpk_003,-3.7905536,-0.18308295,-3.6074706,1,
Ws-kE2loi9E_000,-3.070143,-1.3075581,-1.7625849,1,
Ws-kE2loi9E_001,-1.3314786,0.86975908,-2.2012377,1,
Ws-kE2loi9E_002,-3.9060216,-1.9960337,-1.9099879,1,
Ws-kE2loi9E_003,-3.7719574,-0.7042011,-3.0677563,1,
WzFTOmosXpg_000,-1.3287706,-0.27584332,-1.0529273,1,
WzFTOmosXpg_001,1.2681016,-2.4977789,3.7658805,1,
WzFTOmosXpg_002,-3.2221701,-0.08899954,-3.1331706,1,
WzFTOmosXpg_003,-2.9569857,-1.0520272,-1.9049585,1,
WzFTOmosXpg_004,-4.1888523,-0.77920979,-3.4096425,1,
X0KbsvCMKPY_000,-0.094068505,-0.70671439,0.61264589,1,
X0KbsvCMKPY_001,-1.5549775,-1.4531882,-0.10178936,1,
X0KbsvCMKPY_002,-0.49023837,0.16297241,-0.65321077,1,
X0KbsvCMKPY_003,-2.0240924,-0.13279918,-1.8912933,1,
X0KbsvCMKPY_004,-4.0421281,-0.59402555,-3.4481025,1,
X0OHN5iUdWk_000,-2.4650302,-0.45836747,-2.0066627,1,
X0OHN5iUdWk_001,-3.231982,-0.60380602,-2.628176,1,
X0OHN5iUdWk_002,-1.6625471,-1.5891812,-0.073365927,1,
X0OHN5iUdWk_003,-1.2147814,-0.1760153,-1.0387661,1,
X0OHN5iUdWk_004,-2.0671968,-0.088471666,-1.9787252,1,
X0OHN5iUdWk_005,-4.2381001,-0.69972575,-3.5383743,1,
X0gS6HRSeVw_000,-1.4845552,-0.24505875,-1.2394965,1,
X0gS6HRSeVw_001,-1.933399,0.45922235,-2.3926213,1,
X0gS6HRSeVw_002,-1.250859,1.3905444,-2.6414034,1,
X0gS6HRSeVw_003,-1.1003573,1.8316913,-2.9320486,1,
X0gS6HRSeVw_004,-3.5699162,-0.4118512,-3.1580651,1,
X1jILspAmNs_000,-2.0429451,-1.2710652,-0.77187991,1,
X1jILspAmNs_001,-1.0495491,-0.056904119,-0.99264498,1,
X1jILspAmNs_002,1.1486171,0.69680786,0.45180929,1,
X1jILspAmNs_003,-0.54746145,-2.549968,2.0025066,1,
X1jILspAmNs_004,0.16121475,-2.261939,2.4231538,1,
X1jILspAmNs_005,-0.84230042,-2.1213567,1.2790563,1,
X1jILspAmNs_006,-1.3922918,0.48082379,-1.8731156,1,
X1jILspAmNs_007,-2.783289,-1.3337768,-1.4495121,1,
X1jILspAmNs_008,-1.4252912,0.25196052,-1.6772517,1,
X1jILspAmNs_009,-1.4555764,1.1103452,-2.5659217,1,
X1jILspAmNs_010,-4.3178935,-1.3383627,-2.9795308,1,
X7Q_g9P-Pa4_000,-3.3313615,-0.96146429,-2.3698972,1,
X7Q_g9P-Pa4_001,-0.80120522,0.50138444,-1.3025897,1,
X7Q_g9P-Pa4_002,-2.5508509,-1.5199538,-1.030897,1,
X7Q_g9P-Pa4_003,0.68436694,2.9189692,-2.2346022,1,
X7Q_g9P-Pa4_004,-1.5029523,0.869636,-2.3725883,1,
X7Q_g9P-Pa4_005,0.38171977,1.2067734,-0.82505363,1,
X7Q_g9P-Pa4_006,0.76668376,1.0844166,-0.31773287,1,
X7Q_g9P-Pa4_007,0.47123337,0.75974399,-0.28851062,1,
X7Q_g9P-Pa4_008,-1.5691518,-2.0081623,0.4390105,1,
X7Q_g9P-Pa4_009,0.97281855,2.011719,-1.0389004,1,
X7Q_g9P-Pa4_010,-1.7668316,0.4944877,-2.2613193,1,
X7Q_g9P-Pa4_011,-3.1919069,-0.3437635,-2.8481434,1,
X7Q_g9P-Pa4_012,-4.2575965,-1.5260351,-2.7315614,1,
XBgO4iQ6JwY_000,0.049912419,-1.630651,1.6805634,1,
XBgO4iQ6JwY_001,-0.87575889,-1.3802993,0.50454044,1,
XBgO4iQ6JwY_002,-1.3394558,-0.67759717,-0.66185868,1,
XBgO4iQ6JwY_003,-2.0742188,-2.2425132,0.16829443,1,
XBgO4iQ6JwY_004,-1.7094265,-1.853256,0.14382946,1,
XBgO4iQ6JwY_005,-2.4355614,-1.5816292,-0.85393226,1,
XBgO4iQ6JwY_006,-1.7225287,-1.453124,-0.26940465,1,
XBgO4iQ6JwY_007,-1.6828316,2.136524,-3.8193556,1,
XBgO4iQ6JwY_008,0.68631619,-2.5172074,3.2035236,1,
XBgO4iQ6JwY_009,-2.4696317,-0.47854558,-1.9910861,1,
XHHm38uL7Rs_000,-1.1295161,0.44082451,-1.5703406,1,
XHHm38uL7Rs_001,-1.9512399,0.68993741,-2.6411774,1,
XHHm38uL7Rs_002,-2.9902785,-0.67278272,-2.3174958,1,
XHHm38uL7Rs_003,-3.4813392,0.18240309,-3.6637423,1,
XNW1Cjr6bLg_000,-3.0415421,-1.6646154,-1.3769267,1,
XNW1Cjr6bLg_001,-2.323782,0.43029162,-2.7540736,1,
XNW1Cjr6bLg_002,1.835502,-0.4757472,2.3112492,1,
XNW1Cjr6bLg_003,5.173543,2.5232515,2.6502914,1,
XNW1Cjr6bLg_004,2.6014235,-0.73350656,3.3349301,1,
XNW1Cjr6bLg_005,4.6985474,0.38957494,4.3089724,1,
XNW1Cjr6bLg_006,4.3813396,0.58356255,3.797777,1,
XNW1Cjr6bLg_007,3.5730939,0.23683253,3.3362614,1,
XNW1Cjr6bLg_008,-2.7377787,0.92879117,-3.6665698,1,
XNW1Cjr6bLg_009,-4.5030427,-1.8671906,-2.6358521,1,
XNW1Cjr6bLg_010,-4.5090313,-1.4876772,-3.0213541,1,
XQx_179B1l8_000,-2.4568102,0.52498674,-2.981797,1,
XQx_179B1l8_001,-2.0943444,0.05371052,-2.1480549,1,
XQx_179B1l8_002,-2.2479625,0.44956896,-2.6975314,1,
XQx_179B1l8_003,-2.0780356,1.7223326,-3.8003682,1,
XQx_179B1l8_004,-2.3469696,-0.079112247,-2.2678574,1,
XQx_179B1l8_005,-0.26605907,1.8346837,-2.1007427,1,
XQx_179B1l8_006,-2.0247188,-0.95702624,-1.0676925,1,
XQx_179B1l8_007,-1.9568012,1.11871,-3.0755112,1,
XQx_179B1l8_008,-4.0403261,-0.61818904,-3.4221371,1,
XfuquiAUeSY_000,-1.3675379,-1.0191621,-0.3483758,1,
XfuquiAUeSY_001,-0.39564979,1.0909472,-1.4865969,1,
XfuquiAUeSY_002,-2.3556726,0.70776391,-3.0634365,1,
XfuquiAUeSY_003,-0.93422949,1.4070847,-2.3413142,1,
XfuquiAUeSY_004,-2.5152075,-0.50210327,-2.0131043,1,
XhjXPvA0FhU_000,-3.3198256,-2.8386743,-0.48115134,1,
XhjXPvA0FhU_001,-0.3998746,-2.9367974,2.5369228,1,
XhjXPvA0FhU_002,-2.8870497,-1.7438728,-1.1431769,1,
XhtThcouRjo_000,-2.202003,0.9550308,-3.1570338,1,
XhtThcouRjo_001,-0.97856838,1.8413188,-2.8198872,1,
XhtThcouRjo_002,-0.40049177,1.548136,-1.9486278,1,
XhtThcouRjo_003,-3.7446864,-1.3918695,-2.3528168,1,
XhtThcouRjo_004,-4.2086058,-0.90960366,-3.2990021,1,
XoSr_UFugbc_000,0.55387694,0.51589113,0.037985802,1,
XoSr_UFugbc_001,-0.66509682,0.12548646,-0.79058328,1,
XoSr_UFugbc_002,-1.4300979,-0.22192565,-1.2081723,1,
XoSr_UFugbc_003,-1.3294839,-0.57369733,-0.75578654,1,
XoSr_UFugbc_004,-0.56989193,1.5742263,-2.1441182,1,
XoSr_UFugbc_005,-0.98000878,1.7408646,-2.7208734,1,
XoSr_UFugbc_006,-1.908969,0.31352088,-2.2224899,1,
XoSr_UFugbc_007,-1.5353976,-1.2164268,-0.3189708,1,
XoSr_UFugbc_008,-1.1998799,0.38280493,-1.5826848,1,
XoSr_UFugbc_009,-1.9210147,0.84261644,-2.7636311,1,
XoSr_UFugbc_010,-0.21468802,1.1287627,-1.3434507,1,
XoSr_UFugbc_011,-1.9310114,-0.018706135,-1.9123053,1,
XoSr_UFugbc_012,-0.9820804,0.73873919,-1.7208196,1,
XoSr_UFugbc_013,-0.98635888,0.051488202,-1.0378471,1,
XoSr_UFugbc_014,-3.8368101,-2.5694804,-1.2673297,1,
XoSr_UFugbc_015,-2.2865551,-0.6183008,-1.6682543,1,
XoSr_UFugbc_016,-1.9570467,0.21064791,-2.1676947,1,
XoSr_UFugbc_017,-2.3705497,-1.4523461,-0.91820359,1,
XoSr_UFugbc_018,-0.60285956,2.0681617,-2.6710213,1,
XoSr_UFugbc_019,-1.7796211,0.050059132,-1.8296803,1,
XoSr_UFugbc_020,-0.83916306,0.52613652,-1.3652996,1,
XoSr_UFugbc_021,-1.510059,0.44929948,-1.9593585,1,
XoSr_UFugbc_022,2.3463933,0.050971773,2.2954216,1,
XoSr_UFugbc_023,-2.9784429,-1.3208146,-1.6576283,1,
XrKoDnOcgmk_000,-1.4580872,0.60938954,-2.0674767,1,
XrKoDnOcgmk_001,-1.2488889,1.3839549,-2.6328437,1,
XrKoDnOcgmk_002,-1.6138164,0.52452642,-2.1383428,1,
XrKoDnOcgmk_003,-3.2032828,-0.9466449,-2.2566379,1,
XrKoDnOcgmk_004,-3.7200987,-0.76173919,-2.9583595,1,
Y0Ldjrv-EK0_000,-0.81478077,-1.0022385,0.18745774,1,
Y0Ldjrv-EK0_001,-1.5163747,-1.6891655,0.17279077,1,
Y0Ldjrv-EK0_002,-0.10806578,-2.6303194,2.5222536,1,
YBk5juEYqLk_000,-0.40764803,0.17635946,-0.58400749,1,
YBk5juEYqLk_001,-1.4769098,-1.1409861,-0.33592367,1,
YBk5juEYqLk_002,-3.6032341,-1.7470329,-1.8562012,1,
YBk5juEYqLk_003,-1.6690859,0.45546657,-2.1245524,1,
YBk5juEYqLk_004,-4.0189972,-0.29898095,-3.7200162,1,
YE84Iy5vwHc_000,-0.73045236,0.00062881835,-0.73108118,1,
YE84Iy5vwHc_001,-1.2348279,-0.25360405,-0.98122382,1,
YE84Iy5vwHc_002,-1.2679445,1.4229735,-2.690918,1,
YE84Iy5vwHc_003,-4.1948113,-0.58050793,-3.6143034,1,
YNw8-7yDYqQ_000,-4.2907748,-2.7120409,-1.5787339,1,
YNw8-7yDYqQ_001,0.71646821,-3.9637814,4.6802496,1,
YNw8-7yDYqQ_002,-3.3027153,-1.6499362,-1.6527791,1,
YNw8-7yDYqQ_003,-2.2990553,-2.1840179,-0.11503744,1,
YNw8-7yDYqQ_004,3.341496,-2.7484279,6.0899239,1,
YNw8-7yDYqQ_005,4.4441547,-2.5185213,6.962676,1,
YNw8-7yDYqQ_006,5.3840084,-1.8797475,7.2637559,1,
YNw8-7yDYqQ_007,2.8128941,-2.448652,5.2615461,1,
YNw8-7yDYqQ_008,-0.19089559,-5.9801755,5.7892799,1,
YNw8-7yDYqQ_009,1.456105,-5.4061141,6.8622191,1,
YNw8-7yDYqQ_010,1.5452404,-5.722405,7.2676454,1,
YNw8-7yDYqQ_011,1.146621,-2.1185651,3.2651861,1,
YNw8-7yDYqQ_012,0.31898871,-2.1917939,2.5107826,1,
YNw8-7yDYqQ_013,-1.9038426,-1.0629059,-0.84093666,1,
YNw8-7yDYqQ_014,-1.9270453,0.044152319,-1.9711977,1,
YNw8-7yDYqQ_015,-2.3442783,-4.4677548,2.1234765,1,
YNw8-7yDYqQ_016,-2.6245379,-4.1937494,1.5692115,1,
YNw8-7yDYqQ_017,-0.180913,0.50892133,-0.68983433,1,
YNw8-7yDYqQ_018,-1.9051607,-1.1550803,-0.75008035,1,
YNw8-7yDYqQ_019,-6.0045094,-4.760561,-1.2439485,1,
YNw8-7yDYqQ_020,-0.34030914,3.7935963,-4.1339054,1,
YNw8-7yDYqQ_021,-3.7402446,-2.5131643,-1.2270803,1,
YNw8-7yDYqQ_022,-1.6340528,0.68624127,-2.320294,1,
YNw8-7yDYqQ_023,-0.33254397,1.2693548,-1.6018988,1,
YNw8-7yDYqQ_024,-1.9907295,0.62463748,-2.6153669,1,
YNw8-7yDYqQ_025,-4.2438941,-1.2402453,-3.0036488,1,
YV9XuD-BsfY_000,-3.6181998,-1.0502558,-2.567944,1,
YV9XuD-BsfY_001,-0.28938738,0.16128743,-0.4506748,1,
YV9XuD-BsfY_002,-1.2509679,1.2958027,-2.5467706,1,
YV9XuD-BsfY_003,-1.8185942,0.41809276,-2.236687,1,
YV9XuD-BsfY_004,-0.40331349,1.5489013,-1.9522148,1,
YV9XuD-BsfY_005,-2.7928622,-2.1278286,-0.66503358,1,
YV9XuD-BsfY_006,-2.3307836,-0.78624386,-1.5445397,1,
YV9XuD-BsfY_007,-0.24453513,-0.32501179,0.080476657,1,
YV9XuD-BsfY_008,-1.4547914,-1.4464254,-0.0083659887,1,
YV9XuD-BsfY_009,-1.1176145,1.6265457,-2.7441602,1,
YV9XuD-BsfY_010,-2.098474,-0.63290894,-1.4655651,1,
YV9XuD-BsfY_011,0.14366773,-2.2576387,2.4013064,1,
YV9XuD-BsfY_012,-2.6873748,-1.5942219,-1.0931529,1,
YZwJFoSGjX8_000,-0.65604746,-0.74998391,0.093936443,1,
YZwJFoSGjX8_001,0.40497214,0.022292065,0.38268007,1,
YZwJFoSGjX8_002,-1.0085671,-0.35323533,-0.65533176,1,
YZwJFoSGjX8_003,-2.8024292,-0.42737076,-2.3750584,1,
YZwJFoSGjX8_004,-3.9580219,-0.21027449,-3.7477474,1,
YcdvhG8bY2M_000,-3.4978132,-2.784668,-0.71314526,1,
YcdvhG8bY2M_001,-3.3446341,-1.2129798,-2.1316543,1,
YcdvhG8bY2M_002,0.16283281,0.14471559,0.018117219,1,
YcdvhG8bY2M_003,0.98551828,1.587466,-0.60194772,1,
YjCvF8VfjV4_000,-1.7827815,-1.2134702,-0.56931126,1,
YjCvF8VfjV4_001,-1.1469055,0.53633577,-1.6832413,1,
YjCvF8VfjV4_002,-1.9547607,1.1858197,-3.1405804,1,
YjCvF8VfjV4_003,-0.95240134,0.40518612,-1.3575875,1,
YjCvF8VfjV4_004,-1.2839636,-0.54781622,-0.73614734,1,
YjCvF8VfjV4_005,-1.1569238,0.034375824,-1.1912996,1,
YjCvF8VfjV4_006,-1.0107564,0.25382796,-1.2645843,1,
YjCvF8VfjV4_007,-1.4861975,-0.85866404,-0.62753344,1,
YjCvF8VfjV4_008,-0.31407562,0.78019732,-1.0942729,1,
YjCvF8VfjV4_009,-1.1360886,-0.85838985,-0.27769876,1,
YjCvF8VfjV4_010,-1.2405229,-0.79485083,-0.44567204,1,
YjCvF8VfjV4_011,0.83270395,1.2561889,-0.42348492,1,
YjCvF8VfjV4_012,-0.92729211,0.53557217,-1.4628643,1,
YjCvF8VfjV4_013,-1.0457207,-1.3110136,0.26529288,1,
YjCvF8VfjV4_014,-0.97628546,-0.0661918,-0.91009366,1,
YjCvF8VfjV4_015,0.30415651,-2.6991918,3.0033483,1,
YjCvF8VfjV4_016,-2.075633,-0.37558979,-1.7000433,1,
ZLG2nJtty3c_000,-2.2416222,-0.21303557,-2.0285866,1,
ZLG2nJtty3c_001,-2.4862897,-1.0670989,-1.4191909,1,
ZLG2nJtty3c_002,-3.3355386,-1.4005266,-1.935012,1,
ZLG2nJtty3c_003,-2.3075533,1.0004822,-3.3080355,1,
ZLG2nJtty3c_004,-3.5667233,-0.9716695,-2.5950539,1,
ZLG2nJtty3c_005,-1.1301235,1.0929642,-2.2230877,1,
ZLG2nJtty3c_006,-3.1656733,-0.74847919,-2.4171941,1,
ZLG2nJtty3c_007,-1.3536336,0.11309554,-1.4667292,1,
ZLG2nJtty3c_008,-3.3953042,-0.61739397,-2.7779102,1,
ZMunEzpO-TY_000,3.9721668,-0.08743494,4.0596017,1,
ZMunEzpO-TY_001,3.7833908,-0.021450261,3.804841,1,
ZMunEzpO-TY_002,3.0097773,-0.489389,3.4991663,1,
ZMunEzpO-TY_003,3.7780688,0.78783733,2.9902315,1,
ZMunEzpO-TY_004,3.843991,-0.1782003,4.0221913,1,
ZMunEzpO-TY_005,-1.2576675,-0.73098904,-0.5266785,1,
ZMunEzpO-TY_006,-1.4591184,-1.0077808,-0.45133758,1,
ZMunEzpO-TY_007,0.55709213,-0.2078808,0.76497293,1,
ZMunEzpO-TY_008,-1.6180093,0.148265,-1.7662743,1,
ZMunEzpO-TY_009,-3.9679844,-0.80106473,-3.1669197,1,
ZXl6sv6TAU4_000,-1.0186903,-0.42218348,-0.59650686,1,
ZXl6sv6TAU4_001,-2.5804706,-0.97240222,-1.6080683,1,
ZXl6sv6TAU4_002,-2.4600809,-1.3275622,-1.1325186,1,
ZXl6sv6TAU4_003,-2.9432275,-0.3827413,-2.5604862,1,
ZXl6sv6TAU4_004,-0.5650453,-1.5456721,0.98062676,1,
ZXl6sv6TAU4_005,4.4788661,1.9155241,2.563342,1,
ZXl6sv6TAU4_006,5.0723457,1.5857992,3.4865465,1,
ZXl6sv6TAU4_007,-2.2958763,-0.59937292,-1.6965033,1,
ZXl6sv6TAU4_008,2.8820925,0.69653946,2.185553,1,
ZXl6sv6TAU4_009,2.8061161,0.61958468,2.1865314,1,
ZXl6sv6TAU4_010,4.8149786,1.4222313,3.3927473,1,
ZXl6sv6TAU4_011,3.9284036,0.32731259,3.601091,1,
ZXl6sv6TAU4_012,-0.57760274,-3.0096219,2.4320191,1,
ZXl6sv6TAU4_013,-2.3591216,-0.60613233,-1.7529892,1,
Zcd4ihNEu0U_000,-0.81478077,-1.0022385,0.18745774,1,
Zcd4ihNEu0U_001,0.2687518,-0.7629748,1.0317266,1,
Zcd4ihNEu0U_002,-2.9059453,-0.86103815,-2.0449072,1,
ZmSQd7naNi0_000,-0.70196533,2.2187245,-2.9206898,1,
ZmSQd7naNi0_001,-1.2560313,-0.25525212,-1.0007792,1,
ZmSQd7naNi0_002,-4.3632731,-0.76501316,-3.59826,1,
Zv4HCXYAayY_000,1.2012738,3.0562012,-1.8549274,1,
Zv4HCXYAayY_001,-3.9094355,-1.3099445,-2.599491,1,
Zv4HCXYAayY_002,-4.1716032,-0.53142047,-3.6401827,1,
ZxkifjASQvo_000,-2.6312995,-0.47679377,-2.1545057,1,
ZxkifjASQvo_001,-3.0747833,0.50874311,-3.5835264,1,
ZxkifjASQvo_002,0.48644099,-0.50004405,0.98648503,1,
ZxkifjASQvo_003,-2.9698651,-0.35064384,-2.6192212,1,
ZyoJBRKfpT4_000,0.033703595,1.0783329,-1.0446293,1,
ZyoJBRKfpT4_001,-1.008605,0.72125947,-1.7298645,1,
ZyoJBRKfpT4_002,-1.0629351,1.5852137,-2.6481488,1,
ZyoJBRKfpT4_003,-1.0484769,2.5139282,-3.5624051,1,
ZyoJBRKfpT4_004,-1.4531386,0.39170638,-1.844845,1,
ZyoJBRKfpT4_005,-4.0678482,-0.82810265,-3.2397456,1,
_1tbZHzRh6w_000,-3.0097215,-0.074572407,-2.9351491,1,
_1tbZHzRh6w_001,-1.4218143,-2.1640072,0.74219286,1,
_1tbZHzRh6w_002,-0.84963179,-0.52004194,-0.32958984,1,
_1tbZHzRh6w_003,-1.4155102,1.2461402,-2.6616504,1,
_1tbZHzRh6w_004,-2.3534691,-0.54349905,-1.8099701,1,
_1tbZHzRh6w_005,-4.2282076,-1.1397237,-3.0884839,1,
_CW_GxIMvZ8_000,0.30513567,1.0522233,-0.74708766,1,
_CW_GxIMvZ8_001,0.47769898,-2.3831203,2.8608193,1,
_CW_GxIMvZ8_002,-0.71127743,-0.59009635,-0.12118107,1,
_MKywUp3-0E_000,-1.307665,0.62233847,-1.9300035,1,
_MKywUp3-0E_001,-4.8300614,-2.2110682,-2.6189933,1,
_MKywUp3-0E_002,-1.8565569,0.44486707,-2.301424,1,
_MKywUp3-0E_003,-4.3703012,-0.54063749,-3.8296638,1,
_ZKOMeSl9F0_000,-1.8346424,0.49232373,-2.3269661,1,
_ZKOMeSl9F0_001,-3.1697481,0.54300433,-3.7127524,1,
_ZKOMeSl9F0_002,-2.4128325,1.101789,-3.5146215,1,
_ZKOMeSl9F0_003,-4.027637,-0.78333789,-3.2442991,1,
_dwdlOSiQKY_000,-2.5555716,-0.12808985,-2.4274817,1,
_dwdlOSiQKY_001,-3.7134242,-1.1299843,-2.5834399,1,
_dwdlOSiQKY_002,-4.2852454,-0.87385112,-3.4113943,1,
_eL6hS9KBGs_000,-2.2898269,0.36352408,-2.6533509,1,
_eL6hS9KBGs_001,-1.5858274,-0.021877399,-1.56395,1,
_eL6hS9KBGs_002,-2.0648828,0.65793103,-2.7228138,1,
_eL6hS9KBGs_003,-2.0521338,0.21206428,-2.2641981,1,
_eL6hS9KBGs_004,-2.6243784,-0.31445456,-2.3099239,1,
_eL6hS9KBGs_005,-2.1454458,0.31766027,-2.4631061,1,
_eL6hS9KBGs_006,0.11175223,2.1038539,-1.9921017,1,
_eL6hS9KBGs_007,-2.0740905,-0.24489388,-1.8291966,1,
_eL6hS9KBGs_008,-4.1434598,-1.0334111,-3.1100487,1,
_nXeSpzB4BE_000,-2.4850905,0.91061574,-3.3957062,1,
_nXeSpzB4BE_001,-3.6108012,-0.6327408,-2.9780604,1,
_nXeSpzB4BE_002,-3.5976245,-1.2666874,-2.3309371,1,
_nXeSpzB4BE_003,-4.1145134,-0.91821837,-3.196295,1,
a5L4ABWx3cA_000,-2.0385151,0.1218012,-2.1603163,1,
a5L4ABWx3cA_001,3.2244556,4.9280853,-1.7036297,1,
a5L4ABWx3cA_002,-0.18696624,1.2355726,-1.4225388,1,
a5L4ABWx3cA_003,-2.0671802,-1.314314,-0.75286615,1,
a9BeX-xILGo_000,-0.70442176,-1.4638411,0.75941932,1,
a9BeX-xILGo_001,-1.7763952,0.58306706,-2.3594623,1,
a9BeX-xILGo_002,-4.4939117,-0.95864218,-3.5352696,1,
aKAdn_mUAKA_000,0.18202294,-2.2092187,2.3912417,1,
aKAdn_mUAKA_001,-2.0430572,0.56064504,-2.6037022,1,
aKAdn_mUAKA_002,-2.8408744,-0.92406148,-1.916813,1,
aKAdn_mUAKA_003,-0.43617332,2.7274263,-3.1635996,1,
aKAdn_mUAKA_004,-2.9538903,-0.2402495,-2.7136408,1,
aKAdn_mUAKA_005,1.1865221,0.9249813,0.26154083,1,
aKAdn_mUAKA_006,1.6835947,3.1527042,-1.4691095,1,
aKAdn_mUAKA_007,-1.9097583,-2.3543341,0.44457579,1,
aKAdn_mUAKA_008,-1.7454325,-2.26596,0.52052748,1,
aKAdn_mUAKA_009,-0.32193518,-2.469146,2.1472108,1,
aKAdn_mUAKA_010,0.69406551,-0.99173236,1.6857979,1,
aKAdn_mUAKA_011,-2.577955,-3.2044542,0.62649918,1,
aKAdn_mUAKA_012,-3.6606131,-1.9349918,-1.7256212,1,
aKAdn_mUAKA_013,-2.1929555,-0.68551564,-1.5074399,1,
aKAdn_mUAKA_014,-1.4916568,0.45540974,-1.9470665,1,
aKAdn_mUAKA_015,-1.611358,-0.13813215,-1.4732259,1,
aKAdn_mUAKA_016,-1.8388455,-0.60724825,-1.2315972,1,
aKAdn_mUAKA_017,-2.5561349,-3.8923874,1.3362525,1,
aKAdn_mUAKA_018,-1.8179079,-2.5469699,0.72906196,1,
aKAdn_mUAKA_019,0.06594146,-1.0753363,1.1412778,1,
aKAdn_mUAKA_020,-3.4185975,-2.4368176,-0.98177981,1,
aKAdn_mUAKA_021,-3.3887467,-2.5543065,-0.83444023,1,
aKAdn_mUAKA_022,-1.831773,-2.1051893,0.27341628,1,
aKAdn_mUAKA_023,0.14306845,-0.43290013,0.57596858,1,
aKAdn_mUAKA_024,0.29023552,-0.02149464,0.31173016,1,
aKAdn_mUAKA_025,0.15398964,-2.6279387,2.7819284,1,
aKAdn_mUAKA_026,-1.1974281,-2.236773,1.0393449,1,
aKAdn_mUAKA_027,-0.37654948,0.054113057,-0.43066254,1,
aKAdn_mUAKA_028,-2.3141551,-2.9933472,0.67919207,1,
aKAdn_mUAKA_029,-0.93232244,-1.4215912,0.48926872,1,
aKAdn_mUAKA_030,-1.637419,-1.1879584,-0.44946063,1,
aKAdn_mUAKA_031,-1.2493265,-0.52900356,-0.72032291,1,
aKAdn_mUAKA_032,-5.2353621,-3.2173467,-2.0180154,1,
aKAdn_mUAKA_033,-4.2649517,-2.3915925,-1.8733592,1,
aMDLcjgAuOs_000,-1.3448732,-0.27535149,-1.0695217,1,
aMDLcjgAuOs_001,-0.037241023,0.94371015,-0.98095117,1,
aMDLcjgAuOs_002,-1.657051,1.457665,-3.1147159,1,
aMDLcjgAuOs_003,0.17781603,1.8798648,-1.7020488,1,
aMDLcjgAuOs_004,-4.5286407,-2.118346,-2.4102948,1,
aMDLcjgAuOs_005,-1.4424235,0.5957408,-2.0381643,1,
aMDLcjgAuOs_006,-2.5343459,-0.73306489,-1.801281,1,
aMDLcjgAuOs_007,-3.1828392,-0.71456027,-2.4682789,1,
aMDLcjgAuOs_008,-1.989926,0.75908089,-2.7490069,1,
aMDLcjgAuOs_009,-3.7094858,-0.61880368,-3.0906821,1,
aMDLcjgAuOs_010,-2.9707611,-0.99800396,-1.9727571,1,
aMDLcjgAuOs_011,-1.3752455,1.4758674,-2.8511128,1,
aMDLcjgAuOs_012,-2.054754,-0.47731376,-1.5774403,1,
aMDLcjgAuOs_013,-3.7519245,-0.77019083,-2.9817337,1,
aTEVklcre_U_000,-3.6003342,-1.740746,-1.8595881,1,
aTEVklcre_U_001,-2.1061049,0.61979568,-2.7259005,1,
aTEVklcre_U_002,-4.0476022,-0.79565221,-3.25195,1,
aVO__VrMWVE_000,-0.32088888,1.2571301,-1.578019,1,
aVO__VrMWVE_001,0.31257063,1.4514735,-1.1389028,1,
aVO__VrMWVE_002,-0.60260904,0.55605066,-1.1586597,1,
aVO__VrMWVE_003,-1.489554,0.75530255,-2.2448566,1,
aVO__VrMWVE_004,-1.7258753,0.3029204,-2.0287957,1,
aVO__VrMWVE_005,-3.2700744,-4.0377641,0.7676897,1,
aVO__VrMWVE_006,-2.517319,-0.90509152,-1.6122274,1,
abLpB3cQe0c_000,-1.9420406,-1.6878805,-0.25416005,1,
abLpB3cQe0c_001,-2.454293,-1.1859002,-1.2683928,1,
abLpB3cQe0c_002,1.4178174,2.895421,-1.4776037,1,
abLpB3cQe0c_003,0.76269293,1.8215938,-1.0589008,1,
abLpB3cQe0c_004,-0.048523057,-0.54700869,0.49848564,1,
abLpB3cQe0c_005,1.9542309,2.321995,-0.36776412,1,
abLpB3cQe0c_006,0.95133066,1.3423994,-0.3910687,1,
abLpB3cQe0c_007,-0.098677635,-0.20418029,0.10550265,1,
abLpB3cQe0c_008,1.52406,0.74321872,0.78084129,1,
abLpB3cQe0c_009,-0.10845481,-0.72353292,0.61507811,1,
abLpB3cQe0c_010,0.12388609,0.65708035,-0.53319426,1,
abLpB3cQe0c_011,0.71362156,-0.7387718,1.4523934,1,
abLpB3cQe0c_012,1.4567845,-0.57349795,2.0302824,1,
abLpB3cQe0c_013,2.2072568,1.4657092,0.74154758,1,
abLpB3cQe0c_014,-0.06831187,-2.6884472,2.6201354,1,
abLpB3cQe0c_015,-2.9259944,-0.97869605,-1.9472983,1,
adnjR-MPkAI_000,-1.2378192,-0.40727243,-0.83054677,1,
adnjR-MPkAI_001,1.1737874,0.29091227,0.88287508,1,
adnjR-MPkAI_002,-1.5484602,1.7983717,-3.3468319,1,
adnjR-MPkAI_003,-2.5406618,0.84933817,-3.39,1,
adnjR-MPkAI_004,-3.4423301,0.32795122,-3.7702813,1,
adnjR-MPkAI_005,-4.8204737,-1.5851173,-3.2353563,1,
adnjR-MPkAI_006,-3.2152722,-0.71176302,-2.5035092,1,
adnjR-MPkAI_007,-5.6248665,-2.6895707,-2.9352958,1,
adnjR-MPkAI_008,-3.8481274,-1.8889829,-1.9591445,1,
adnjR-MPkAI_009,-1.6781262,-0.94039172,-0.7377345,1,
adnjR-MPkAI_010,-3.908771,-0.64554429,-3.2632267,1,
ahl9j91UU30_000,-2.5436811,-0.43844718,-2.105234,1,
ahl9j91UU30_001,1.9182781,1.9091635,0.0091146231,1,
ahl9j91UU30_002,0.069476463,-0.94519377,1.0146702,1,
ahl9j91UU30_003,-1.2016696,1.7042513,-2.9059209,1,
ahl9j91UU30_004,-0.20007209,-0.98880553,0.78873344,1,
ahl9j91UU30_005,-1.3876125,0.66299051,-2.050603,1,
ahl9j91UU30_006,-1.5626447,1.0319067,-2.5945514,1,
ahl9j91UU30_007,-1.209131,0.46655759,-1.6756886,1,
ahl9j91UU30_008,-1.486727,0.86505353,-2.3517805,1,
ahl9j91UU30_009,-0.9427098,-2.7732363,1.8305265,1,
ahl9j91UU30_010,-3.0281618,-1.2463479,-1.7818139,1,
am5t5f9S3Z8_000,-1.1216626,0.97601986,-2.0976825,1,
am5t5f9S3Z8_001,-3.1070175,0.3146196,-3.4216371,1,
am5t5f9S3Z8_002,-0.43993068,-2.8720717,2.4321411,1,
am5t5f9S3Z8_003,2.4227376,-0.36980543,2.792543,1,
am5t5f9S3Z8_004,3.625421,0.30574265,3.3196784,1,
am5t5f9S3Z8_005,2.4606891,-0.50252515,2.9632142,1,
am5t5f9S3Z8_006,3.1033595,0.18490683,2.9184526,1,
am5t5f9S3Z8_007,1.6466845,2.7886505,-1.141966,1,
am5t5f9S3Z8_008,-4.4554839,-0.8136431,-3.6418408,1,
apbsLp3NA1M_000,-3.4309983,-3.7513025,0.32030416,1,
apbsLp3NA1M_001,-0.75631237,-0.59007126,-0.16624111,1,
apbsLp3NA1M_002,-1.3306586,-0.36312908,-0.96752948,1,
apbsLp3NA1M_003,-0.3337042,1.9082067,-2.2419109,1,
apbsLp3NA1M_004,-2.3831055,-0.90175211,-1.4813534,1,
apbsLp3NA1M_005,-2.0676043,-0.60495001,-1.4626543,1,
apbsLp3NA1M_006,-2.5449107,-0.84951741,-1.6953933,1,
apbsLp3NA1M_007,-2.3120744,-0.74439442,-1.56768,1,
apbsLp3NA1M_008,-1.1572046,0.75748867,-1.9146933,1,
apbsLp3NA1M_009,-2.6589899,-1.13123,-1.5277599,1,
apbsLp3NA1M_010,0.49101883,0.80294067,-0.31192183,1,
apbsLp3NA1M_011,-2.6096244,-0.88846833,-1.7211561,1,
aucZvpth7pA_000,-2.0629451,-0.21042271,-1.8525224,1,
aucZvpth7pA_001,-4.7260294,-1.4696901,-3.2563393,1,
aucZvpth7pA_002,-1.3695083,-0.1185929,-1.2509154,1,
aucZvpth7pA_003,-1.4067242,0.19522581,-1.60195,1,
aucZvpth7pA_004,-2.2451067,0.24951456,-2.4946213,1,
aucZvpth7pA_005,-2.9595778,-0.3581197,-2.6014581,1,
aucZvpth7pA_006,-5.0101891,-4.1300669,-0.88012218,1,
aucZvpth7pA_007,-2.4307168,-0.75358039,-1.6771364,1,
b1u2bztBNdw_000,-1.6100599,-0.61686552,-0.99319434,1,
b1u2bztBNdw_001,-2.2022462,-0.47200114,-1.7302451,1,
b1u2bztBNdw_002,-2.7844625,0.24725957,-3.031722,1,
b1u2bztBNdw_003,1.4690874,1.7924124,-0.32332504,1,
b1u2bztBNdw_004,0.66634858,1.3928547,-0.72650611,1,
b1u2bztBNdw_005,0.38670605,0.82512718,-0.43842113,1,
b7my089a90U_000,1.8590133,0.94250941,0.91650391,1,
b7my089a90U_001,-0.56385237,-0.031971369,-0.531881,1,
b7my089a90U_002,0.021809582,-0.40250915,0.42431873,1,
b7my089a90U_003,-0.51381439,0.31439647,-0.82821086,1,
b7my089a90U_004,-1.2322145,-1.0704914,-0.16172302,1,
b7my089a90U_005,0.60900378,0.83894014,-0.22993636,1,
b7my089a90U_006,-1.2556126,-0.76268899,-0.49292362,1,
b7my089a90U_007,0.29204544,-0.46848923,0.76053467,1,
b9A0OA0DWNY_000,0.75998747,1.4704887,-0.71050119,1,
b9A0OA0DWNY_001,1.7036548,4.3539453,-2.6502905,1,
b9A0OA0DWNY_002,-2.6362367,-1.0316322,-1.6046045,1,
b9A0OA0DWNY_003,-0.13478388,-2.3799112,2.2451273,1,
b9A0OA0DWNY_004,-1.1919519,0.058102515,-1.2500544,1,
b9A0OA0DWNY_005,-1.6257466,-0.22019245,-1.4055542,1,
b9A0OA0DWNY_006,-2.5541804,-1.6423067,-0.9118737,1,
b9A0OA0DWNY_007,-0.035696872,-0.18945582,0.15375895,1,
b9A0OA0DWNY_008,-2.811291,-1.5154055,-1.2958854,1,
b9A0OA0DWNY_009,0.15991451,0.042658973,0.11725553,1,
b9A0OA0DWNY_010,-2.0449567,-1.39238,-0.65257668,1,
b9A0OA0DWNY_011,-1.382826,-1.1085225,-0.27430344,1,
b9A0OA0DWNY_012,-2.95118,-0.61731935,-2.3338606,1,
b9A0OA0DWNY_013,-1.997761,-1.8062859,-0.19147515,1,
b9A0OA0DWNY_014,-3.141432,-1.6479903,-1.4934417,1,
bLPcb0JEuQU_000,-2.3171747,-0.26499206,-2.0521826,1,
bLPcb0JEuQU_001,1.4310135,0.41037479,1.0206387,1,
bLPcb0JEuQU_002,1.4055115,1.3347768,0.070734739,1,
bLPcb0JEuQU_003,1.5026112,-0.037312724,1.5399239,1,
bLPcb0JEuQU_004,0.787027,-0.40727544,1.1943024,1,
bLPcb0JEuQU_005,1.2419024,0.93818128,0.30372107,1,
bLPcb0JEuQU_006,1.7867569,1.3649476,0.42180932,1,
bLPcb0JEuQU_007,2.3910758,1.7234888,0.66758704,1,
bLPcb0JEuQU_008,2.237045,0.14317447,2.0938706,1,
bLPcb0JEuQU_009,1.3445596,1.6118851,-0.26732552,1,
bLPcb0JEuQU_010,2.4613373,2.0230079,0.43832946,1,
bLPcb0JEuQU_011,1.9229938,0.082571588,1.8404222,1,
bLPcb0JEuQU_012,1.3483783,0.76622355,0.58215475,1,
bLPcb0JEuQU_013,1.7516124,0.70698982,1.0446226,1,
bLPcb0JEuQU_014,0.76625806,0.57810396,0.1881541,1,
bLPcb0JEuQU_015,2.2028608,1.2107338,0.99212706,1,
bLPcb0JEuQU_016,2.4819152,0.20605843,2.2758568,1,
bLPcb0JEuQU_017,2.6769862,0.72788125,1.949105,1,
bLPcb0JEuQU_018,2.3300931,2.5807164,-0.25062323,1,
bLPcb0JEuQU_019,-0.16539775,-2.7451391,2.5797414,1,
bLPcb0JEuQU_020,-2.629847,-0.62234515,-2.0075019,1,
bOPZAme1kGA_000,-3.3713074,-1.7708691,-1.6004382,1,
bOPZAme1kGA_001,-4.4933982,-0.87922829,-3.6141699,1,
bOPZAme1kGA_002,-2.803731,-0.47373369,-2.3299973,1,
bOPZAme1kGA_003,-2.3363187,0.61734724,-2.953666,1,
bOPZAme1kGA_004,-0.88093334,1.4952971,-2.3762304,1,
bOPZAme1kGA_005,-4.4368377,-1.0266023,-3.4102354,1,
bV9ttkn0vCo_000,-0.97157371,0.99228549,-1.9638592,1,
bV9ttkn0vCo_001,-1.5480216,0.40689695,-1.9549185,1,
bV9ttkn0vCo_002,-4.8594408,-1.6322541,-3.2271867,1,
bWLJ15GJdxs_000,-2.2063506,-0.72481793,-1.4815326,1,
bWLJ15GJdxs_001,-1.8576384,1.0785536,-2.9361919,1,
bWLJ15GJdxs_002,-1.5589643,2.7984266,-4.3573909,1,
bWLJ15GJdxs_003,5.3304782,-0.26932427,5.5998025,1,
bWLJ15GJdxs_004,2.3621149,-0.49214357,2.8542585,1,
bWLJ15GJdxs_005,1.296337,-1.3678824,2.6642194,1,
bWLJ15GJdxs_006,2.7329836,-0.44295326,3.1759368,1,
bWLJ15GJdxs_007,1.951317,-0.59012663,2.5414436,1,
bWLJ15GJdxs_008,1.2315395,-2.1499944,3.3815339,1,
bWLJ15GJdxs_009,2.7956591,-0.42972818,3.2253872,1,
bWLJ15GJdxs_010,2.7443082,-1.4211687,4.1654769,1,
bWLJ15GJdxs_011,2.1301155,0.32294756,1.8071679,1,
bWLJ15GJdxs_012,4.0488472,0.38163361,3.6672136,1,
bWLJ15GJdxs_013,3.1088059,-1.3647709,4.4735768,1,
bWLJ15GJdxs_014,3.3279188,-0.53031564,3.8582344,1,
bWLJ15GJdxs_015,-1.7771343,1.6078786,-3.3850129,1,
bWLJ15GJdxs_016,-2.0083547,0.17666067,-2.1850153,1,
bWLJ15GJdxs_017,-3.7969921,-0.49540889,-3.3015832,1,
bWOtkWFeuxA_000,-2.0693429,-2.9484587,0.87911582,1,
bWOtkWFeuxA_001,-1.8120412,-0.53077328,-1.2812679,1,
bWOtkWFeuxA_002,-1.8425748,0.40599608,-2.2485709,1,
bWOtkWFeuxA_003,-4.3412828,-0.33468407,-4.0065988,1,
bcl_x1qdZv0_000,-4.561121,-2.9457128,-1.6154082,1,
bcl_x1qdZv0_001,-2.0089169,0.75485826,-2.7637751,1,
bcl_x1qdZv0_002,-3.8740532,-0.83122462,-3.0428286,1,
bf4_37oPUw0_000,-0.52306104,2.1435096,-2.6665707,1,
bf4_37oPUw0_001,-2.797015,1.4592937,-4.2563087,1,
bf4_37oPUw0_002,-2.1146932,-0.084875345,-2.0298178,1,
bf4_37oPUw0_003,-2.6259038,1.0511835,-3.6770873,1,
bf4_37oPUw0_004,-3.4146359,-0.37882933,-3.0358066,1,
bf4_37oPUw0_005,-3.475091,-0.25377029,-3.2213207,1,
bf4_37oPUw0_006,-2.3607471,1.3342979,-3.695045,1,
bf4_37oPUw0_007,-2.4784095,-0.03202286,-2.4463867,1,
bf4_37oPUw0_008,-1.8590313,0.63440388,-2.4934352,1,
bf4_37oPUw0_009,-1.5825422,1.7777135,-3.3602557,1,
bf4_37oPUw0_010,0.3561438,-0.98153728,1.3376811,1,
bf4_37oPUw0_011,-0.50300074,-0.41657686,-0.086423874,1,
bjqcBrcSL9Q_000,-1.9338528,0.0050686849,-1.9389215,1,
bjqcBrcSL9Q_001,-3.5459399,-1.6863251,-1.8596148,1,
bjqcBrcSL9Q_002,-2.2053037,0.15568483,-2.3609885,1,
bjqcBrcSL9Q_003,-1.2924079,1.8832742,-3.1756821,1,
bjqcBrcSL9Q_004,-3.9358561,-0.86223781,-3.0736183,1,
buwWhzfDTb4_000,-0.70749366,-0.66272664,-0.044767022,1,
buwWhzfDTb4_001,-2.997786,-1.7297766,-1.2680094,1,
buwWhzfDTb4_002,-3.1277473,-1.6770567,-1.4506906,1,
buwWhzfDTb4_003,-2.2251973,-3.12533,0.90013266,1,
buwWhzfDTb4_004,-1.7167438,-1.8584718,0.14172792,1,
buwWhzfDTb4_005,-0.95106632,-1.7904484,0.83938211,1,
buwWhzfDTb4_006,-0.11164407,-2.6445787,2.5329346,1,
buwWhzfDTb4_007,-2.3907824,-1.0580728,-1.3327096,1,
bx9LH22ymwg_000,-2.0252931,0.16609651,-2.1913896,1,
bx9LH22ymwg_001,-1.1581169,0.98264444,-2.1407614,1,
bx9LH22ymwg_002,-3.9515896,-0.90549213,-3.0460975,1,
bxZQeJ-hKE8_000,-2.3882461,-2.2391629,-0.14908314,1,
bxZQeJ-hKE8_001,-1.9282898,-3.8333809,1.9050912,1,
bxZQeJ-hKE8_002,-3.8528397,-1.6992991,-2.1535406,1,
bxZQeJ-hKE8_003,-4.047327,-0.72460091,-3.3227261,1,
bxc4FmaqjRI_000,0.74197185,-1.0213815,1.7633533,1,
bxc4FmaqjRI_001,-1.1571504,-0.0083375284,-1.1488129,1,
bxc4FmaqjRI_002,-2.390836,0.55263537,-2.9434714,1,
bxc4FmaqjRI_003,-1.1469094,1.4262857,-2.5731951,1,
bxc4FmaqjRI_004,-2.4592023,-0.0070201033,-2.4521822,1,
bxc4FmaqjRI_005,-2.7421432,-0.034132764,-2.7080104,1,
bxc4FmaqjRI_006,-1.5868086,-0.59321278,-0.99359578,1,
bxc4FmaqjRI_007,-0.58313829,0.3175166,-0.90065488,1,
bxc4FmaqjRI_008,-1.0260904,1.0896485,-2.1157389,1,
bxc4FmaqjRI_009,-1.0701649,-0.27496091,-0.79520401,1,
bxc4FmaqjRI_010,-3.8957603,-1.0288519,-2.8669084,1,
c0DEMuw4n1A_000,-3.4998364,-0.72179341,-2.778043,1,
c0DEMuw4n1A_001,0.08610937,0.89102834,-0.80491897,1,
c0DEMuw4n1A_002,-3.2256324,0.46484455,-3.690477,1,
c0DEMuw4n1A_003,-2.9182086,0.23073076,-3.1489394,1,
c0DEMuw4n1A_004,-2.4239874,-1.0622191,-1.3617682,1,
c0DEMuw4n1A_005,-2.4666712,0.50777161,-2.9744428,1,
c0DEMuw4n1A_006,-2.9756985,-2.0039515,-0.97174692,1,
c0DEMuw4n1A_007,-4.3189325,-0.87937897,-3.4395536,1,
c8dFl2bw9JM_000,-2.6720569,-2.3101933,-0.36186361,1,
c8dFl2bw9JM_001,-2.2526977,-1.2511531,-1.0015446,1,
c8dFl2bw9JM_002,-2.3680212,-0.50670528,-1.861316,1,
c8dFl2bw9JM_003,-3.1187842,-1.1341275,-1.9846567,1,
c8dFl2bw9JM_004,-3.2174861,-2.7231317,-0.49435449,1,
c8dFl2bw9JM_005,-2.2773688,-2.2794271,0.0020582676,1,
c8dFl2bw9JM_006,-1.744876,-1.8245987,0.079722643,1,
c8dFl2bw9JM_007,-0.94735181,-2.7126765,1.7653247,1,
c8dFl2bw9JM_008,-2.1326027,-0.53100026,-1.6016024,1,
c8dFl2bw9JM_009,-4.4615698,-1.169696,-3.2918738,1,
cJy5pDkgDpw_000,0.56003106,0.89868057,-0.33864951,1,
cJy5pDkgDpw_001,-0.26095894,0.46237335,-0.72333229,1,
cJy5pDkgDpw_002,-1.5024505,0.063639887,-1.5660904,1,
cJy5pDkgDpw_003,0.13364799,1.2339892,-1.1003412,1,
cJy5pDkgDpw_004,0.67860168,1.4904485,-0.81184679,1,
cJy5pDkgDpw_005,-1.7454985,0.3721582,-2.1176567,1,
cJy5pDkgDpw_006,-0.71073025,1.4956161,-2.2063463,1,
cJy5pDkgDpw_007,-2.4180999,0.21284306,-2.6309429,1,
cJy5pDkgDpw_008,-2.1903875,-0.4834972,-1.7068903,1,
cJy5pDkgDpw_009,-2.2719209,-0.86419773,-1.4077232,1,
cJy5pDkgDpw_010,-1.030658,-0.5318734,-0.4987846,1,
cJy5pDkgDpw_011,-1.911306,0.058896124,-1.9702021,1,
cJy5pDkgDpw_012,-1.6896807,0.22180371,-1.9114844,1,
cJy5pDkgDpw_013,-0.45702112,-2.5405369,2.0835158,1,
cJy5pDkgDpw_014,-2.4975741,-1.2912952,-1.2062789,1,
cNQ43QUtn_4_000,1.0068947,-0.57103848,1.5779332,1,
cNQ43QUtn_4_001,-2.2876959,-0.38554269,-1.9021532,1,
cQc9X41V8xQ_000,0.50503618,1.5455288,-1.0404926,1,
cQc9X41V8xQ_001,-1.3289095,0.56459373,-1.8935032,1,
cQc9X41V8xQ_002,-1.6731952,1.5460848,-3.21928,1,
cQc9X41V8xQ_003,-1.0549622,0.79758197,-1.8525441,1,
cQc9X41V8xQ_004,-2.3441737,0.60784966,-2.9520233,1,
cQc9X41V8xQ_005,-1.7368472,0.77784258,-2.5146897,1,
cQc9X41V8xQ_006,-1.4061927,0.84708691,-2.2532796,1,
cQc9X41V8xQ_007,-2.2558048,0.60932356,-2.8651283,1,
cQc9X41V8xQ_008,-1.1354637,0.54601437,-1.6814781,1,
cQc9X41V8xQ_009,-1.9774886,-1.1198893,-0.85759938,1,
cQc9X41V8xQ_010,0.96732324,1.5317816,-0.56445831,1,
cQc9X41V8xQ_011,0.86242241,-1.3336917,2.1961141,1,
cQc9X41V8xQ_012,-3.0107725,-1.086822,-1.9239504,1,
cXiZxKCrbyQ_000,-1.5347699,0.72594321,-2.2607131,1,
cXiZxKCrbyQ_001,-3.3407178,-1.7942164,-1.5465014,1,
cXiZxKCrbyQ_002,-1.4960326,0.52793628,-2.0239689,1,
cXiZxKCrbyQ_003,-4.2351818,-0.68922615,-3.5459557,1,
crC6p5qzKvI_000,-2.1657119,2.7189105,-4.8846223,1,
crC6p5qzKvI_001,-0.029266207,0.81962126,-0.84888747,1,
crC6p5qzKvI_002,-4.2313795,-0.80035979,-3.4310197,1,
d5zTJ6WtNaA_000,-1.1525648,-0.14404196,-1.0085228,1,
d5zTJ6WtNaA_001,-1.4950238,-0.91861582,-0.57640803,1,
d5zTJ6WtNaA_002,-0.74926102,1.811487,-2.560748,1,
d5zTJ6WtNaA_003,-2.6394424,-1.1401817,-1.4992608,1,
d5zTJ6WtNaA_004,-3.3651745,0.012367076,-3.3775416,1,
d6Pn3NXtw7U_000,-1.9026419,1.0935099,-2.9961518,1,
d6Pn3NXtw7U_001,0.14342041,2.4297097,-2.2862893,1,
d6Pn3NXtw7U_002,-2.4745429,1.0242293,-3.4987721,1,
d6Pn3NXtw7U_003,1.2787895,1.008126,0.2706635,1,
d6Pn3NXtw7U_004,-0.26904687,1.2986367,-1.5676835,1,
d6Pn3NXtw7U_005,-0.57098728,1.750744,-2.3217313,1,
d6Pn3NXtw7U_006,0.77002341,1.7015628,-0.93153936,1,
d6Pn3NXtw7U_007,-0.27388096,3.8261983,-4.1000793,1,
d6Pn3NXtw7U_008,-3.1489441,0.32983646,-3.4787806,1,
d6Pn3NXtw7U_009,-4.296196,-1.1812042,-3.1149918,1,
d77p7E17EtY_000,-1.5423745,1.737102,-3.2794765,1,
d77p7E17EtY_001,-2.1038277,2.2722445,-4.3760722,1,
d77p7E17EtY_002,-0.3007535,1.9775183,-2.2782718,1,
d77p7E17EtY_003,-4.3148837,-0.65161651,-3.6632672,1,
d9DN-AWVK9U_000,-3.0268204,-0.041127279,-2.9856931,1,
d9DN-AWVK9U_001,-2.2829745,1.1420851,-3.4250596,1,
d9DN-AWVK9U_002,-3.7778366,-0.055721413,-3.7221151,1,
d9DN-AWVK9U_003,-3.021667,0.099296629,-3.1209636,1,
d9DN-AWVK9U_004,-3.7032473,-0.44146851,-3.2617788,1,
d9DN-AWVK9U_005,0.46042484,2.3959646,-1.9355398,1,
d9DN-AWVK9U_006,0.11054117,3.3271046,-3.2165634,1,
d9DN-AWVK9U_007,0.95519036,3.0795639,-2.1243735,1,
d9DN-AWVK9U_008,-3.9644749,0.38895655,-4.3534315,1,
d9DN-AWVK9U_009,-3.6302626,-0.29387262,-3.33639,1,
d9DN-AWVK9U_010,-2.744962,0.29426095,-3.0392229,1,
d9DN-AWVK9U_011,-3.6898682,-0.80449575,-2.8853725,1,
d9DN-AWVK9U_012,-4.0221653,-0.77142704,-3.2507383,1,
dF-JxO9T-i8_000,-1.2295521,0.11334743,-1.3428996,1,
dF-JxO9T-i8_001,-2.5262358,0.80687815,-3.333114,1,
dF-JxO9T-i8_002,-4.1742239,-1.6144493,-2.5597746,1,
dF-JxO9T-i8_003,0.35213017,-2.5676289,2.919759,1,
dF-JxO9T-i8_004,1.2950304,-3.1580431,4.4530735,1,
dF-JxO9T-i8_005,1.159664,-1.9147331,3.0743971,1,
dF-JxO9T-i8_006,2.6549265,-0.86670542,3.521632,1,
dF-JxO9T-i8_007,0.78309965,-2.7384453,3.5215449,1,
dF-JxO9T-i8_008,2.0064013,-2.1830549,4.1894562,1,
dF-JxO9T-i8_009,1.7176478,-2.940057,4.6577048,1,
dF-JxO9T-i8_010,-2.0373838,1.1118034,-3.1491872,1,
dF-JxO9T-i8_011,-3.5223482,-0.31829506,-3.2040531,1,
dNDCR59vuR0_000,0.18202294,-2.2092187,2.3912417,1,
dNDCR59vuR0_001,-1.3539381,-1.579404,0.22546589,1,
dNDCR59vuR0_002,-4.5180249,-1.587942,-2.9300829,1,
dNDCR59vuR0_003,-4.3097153,-2.2466724,-2.0630429,1,
ddrPXAcwXJQ_000,5.1760697,3.1408958,2.0351739,1,
ddrPXAcwXJQ_001,2.81091,0.95354241,1.8573676,1,
ddrPXAcwXJQ_002,-0.70826143,-1.8700591,1.1617977,1,
ddrPXAcwXJQ_003,-3.4238198,-1.9914924,-1.4323274,1,
ddrPXAcwXJQ_004,-0.21384045,2.0419512,-2.2557916,1,
ddrPXAcwXJQ_005,-1.1693963,-1.0389702,-0.13042605,1,
ddrPXAcwXJQ_006,-1.8948367,-0.3282041,-1.5666326,1,
ddrPXAcwXJQ_007,-1.7060226,0.81479335,-2.520816,1,
ddrPXAcwXJQ_008,-3.9814711,-1.9115636,-2.0699074,1,
ddrPXAcwXJQ_009,-3.0620503,-0.60187966,-2.4601707,1,
ddrPXAcwXJQ_010,4.9365616,1.7134578,3.2231038,1,
ddrPXAcwXJQ_011,-3.8106575,-1.3657799,-2.4448776,1,
ddrPXAcwXJQ_012,-4.2921038,-0.98416334,-3.3079404,1,
dfe2AOEcCcg_000,-0.64808547,0.99547303,-1.6435585,1,
dfe2AOEcCcg_001,-1.622938,0.53315955,-2.1560976,1,
dfe2AOEcCcg_002,-2.9139152,-0.31179631,-2.6021188,1,
dfe2AOEcCcg_003,-2.7813041,0.31899935,-3.1003035,1,
dfe2AOEcCcg_004,-2.9570906,-0.46757495,-2.4895157,1,
dfe2AOEcCcg_005,-2.4819705,-0.57572979,-1.9062408,1,
dfe2AOEcCcg_006,-3.1059136,0.2400326,-3.3459462,1,
dfe2AOEcCcg_007,-4.1072459,-1.9828569,-2.1243891,1,
dfe2AOEcCcg_008,0.25388363,-0.72865361,0.98253724,1,
dfe2AOEcCcg_009,0.33261037,1.1488618,-0.8162514,1,
dfe2AOEcCcg_010,-1.5055619,1.5713332,-3.0768951,1,
dfe2AOEcCcg_011,-3.6846912,0.068101697,-3.7527929,1,
dop-VxchVZo_000,-2.2994688,-1.8580436,-0.4414252,1,
dop-VxchVZo_001,-3.4396594,-3.8077199,0.36806059,1,
dop-VxchVZo_002,-3.2119527,0.024551796,-3.2365045,1,
dop-VxchVZo_003,-4.0903296,-0.82523847,-3.2650912,1,
eBBmjbSfzKA_000,0.027122691,0.49621597,-0.46909328,1,
eBBmjbSfzKA_001,-2.2425764,-0.088058241,-2.1545181,1,
eBBmjbSfzKA_002,-2.1478209,-0.49098104,-1.6568399,1,
eBBmjbSfzKA_003,-1.316925,1.0037,-2.3206251,1,
eBBmjbSfzKA_004,-2.3921139,0.20820643,-2.6003204,1,
eBBmjbSfzKA_005,-1.9896649,0.5694955,-2.5591604,1,
eBBmjbSfzKA_006,-1.6886718,0.97248995,-2.6611618,1,
eBBmjbSfzKA_007,-2.779356,-1.0023643,-1.7769917,1,
eBBmjbSfzKA_008,-3.7840426,-0.71175605,-3.0722865,1,
eC7uNp3FMvA_000,-2.559581,-0.068220511,-2.4913605,1,
eC7uNp3FMvA_001,-1.1570523,0.66856521,-1.8256175,1,
eC7uNp3FMvA_002,-2.4057524,0.14061464,-2.5463671,1,
eC7uNp3FMvA_003,-2.6798639,-0.57028973,-2.1095742,1,
eC7uNp3FMvA_004,-4.3935866,-1.1224409,-3.2711457,1,
eRvrg_rPpdw_000,-3.0775073,-3.1990709,0.12156367,1,
eRvrg_rPpdw_001,-3.6022613,-1.430293,-2.1719683,1,
eRvrg_rPpdw_002,-2.3510342,1.515662,-3.8666961,1,
eRvrg_rPpdw_003,-1.3576289,1.6123482,-2.9699771,1,
eRvrg_rPpdw_004,-0.78605574,0.6895411,-1.4755968,1,
eRvrg_rPpdw_005,-1.1935432,0.81298536,-2.0065286,1,
eRvrg_rPpdw_006,-3.8634415,-0.90614498,-2.9572965,1,
eXXV3LUohig_000,-1.4366369,-0.60437733,-0.8322596,1,
eXXV3LUohig_001,-0.11158885,0.38870674,-0.50029559,1,
eXXV3LUohig_002,-1.3083522,0.85506594,-2.1634182,1,
eXXV3LUohig_003,-2.3023884,-0.96255606,-1.3398324,1,
eXXV3LUohig_004,-0.077661157,0.58889979,-0.66656095,1,
eXXV3LUohig_005,0.80811244,-0.088908382,0.89702082,1,
eXXV3LUohig_006,-1.3013978,-0.72416979,-0.57722801,1,
ebFxWLJbxMY_000,-1.4146279,1.0708274,-2.4854553,1,
ebFxWLJbxMY_001,-2.2520397,0.083898887,-2.3359386,1,
ebFxWLJbxMY_002,0.69951361,-0.51604223,1.2155558,1,
ebFxWLJbxMY_003,-2.2911539,3.4333386,-5.7244925,1,
ebFxWLJbxMY_004,-1.9436195,1.0327675,-2.976387,1,
ebFxWLJbxMY_005,-2.3294134,-0.3168388,-2.0125746,1,
ebFxWLJbxMY_006,0.27729794,1.2106746,-0.9333767,1,
ebFxWLJbxMY_007,-3.8430207,-0.61810786,-3.2249128,1,
ebmOk6AafNI_000,0.18202294,-2.2092187,2.3912417,1,
ebmOk6AafNI_001,2.0290477,-0.85336834,2.8824161,1,
ebmOk6AafNI_002,-2.5901299,-3.3562009,0.76607108,1,
ebmOk6AafNI_003,-0.40274277,-0.61958897,0.2168462,1,
ebmOk6AafNI_004,-4.1756086,-3.2640507,-0.91155791,1,
ebmOk6AafNI_005,-4.7082033,-2.4583516,-2.2498517,1,
emQWsE0DfhY_000,0.085420735,-1.0816633,1.167084,1,
emQWsE0DfhY_001,-2.1688244,-1.7279005,-0.44092393,1,
emQWsE0DfhY_002,-0.77513474,-0.40087289,-0.37426186,1,
emQWsE0DfhY_003,1.9694759,1.4712219,0.49825394,1,
emQWsE0DfhY_004,0.2730065,-0.032375935,0.30538243,1,
emQWsE0DfhY_005,-0.40353146,0.83221495,-1.2357464,1,
emQWsE0DfhY_006,-0.54170573,-1.151013,0.60930729,1,
emQWsE0DfhY_007,-0.28515521,1.0904562,-1.3756115,1,
emQWsE0DfhY_008,1.145787,-0.61735082,1.7631378,1,
emQWsE0DfhY_009,-0.96535617,-1.5944356,0.6290794,1,
emQWsE0DfhY_010,-0.21031635,-2.7449753,2.534659,1,
emQWsE0DfhY_011,-3.0981946,-1.7630899,-1.3351047,1,
f0Lzp4tSKOI_000,-5.1810665,-2.5154877,-2.6655788,1,
f0Lzp4tSKOI_001,-1.8895205,-0.59420466,-1.2953159,1,
f0Lzp4tSKOI_002,-4.9215198,-2.3905871,-2.5309327,1,
f0Lzp4tSKOI_003,-2.8655224,-1.2072932,-1.6582292,1,
f0Lzp4tSKOI_004,-0.0027357216,-1.5432085,1.5404728,1,
f0Lzp4tSKOI_005,-0.23926271,-2.7753172,2.5360545,1,
f0Lzp4tSKOI_006,-2.9287579,-0.9266026,-2.0021553,1,
fEC439V-FM8_000,-2.6128695,-1.7879896,-0.82487988,1,
fEC439V-FM8_001,-5.0427141,-3.4722912,-1.5704229,1,
fEC439V-FM8_002,-0.64290601,-1.7685199,1.1256139,1,
fEC439V-FM8_003,-3.4958327,-3.3653014,-0.13053131,1,
fEC439V-FM8_004,0.099015124,-1.7726296,1.8716447,1,
fEC439V-FM8_005,-0.4198795,-1.1314489,0.71156937,1,
fEC439V-FM8_006,0.12152629,-1.5065964,1.6281227,1,
fEC439V-FM8_007,0.4927665,-0.5238567,1.0166232,1,
fEC439V-FM8_008,-1.0391488,-0.6368143,-0.40233451,1,
fEC439V-FM8_009,-0.69800377,-0.95897174,0.26096797,1,
fEC439V-FM8_010,0.91073579,0.65956289,0.2511729,1,
fEC439V-FM8_011,1.5042449,-0.77054298,2.2747879,1,
fEC439V-FM8_012,2.3196537,-1.000414,3.3200678,1,
fEC439V-FM8_013,-1.6792307,-1.1730646,-0.5061661,1,
fEC439V-FM8_014,-1.18392,-1.6486812,0.46476114,1,
fEC439V-FM8_015,-1.0906771,-1.2243996,0.13372242,1,
fEC439V-FM8_016,-1.1797203,-1.8714334,0.69171309,1,
fEC439V-FM8_017,0.5181917,-0.86220336,1.3803951,1,
fEC439V-FM8_018,-0.42203015,-1.5154562,1.093426,1,
fEC439V-FM8_019,0.54283357,-1.2551174,1.797951,1,
fEC439V-FM8_020,0.75359172,1.7327392,-0.97914749,1,
fEC439V-FM8_021,1.034394,-1.58267,2.617064,1,
fEC439V-FM8_022,-2.1390913,-1.9312601,-0.20783114,1,
fEC439V-FM8_023,-0.53383517,-1.3495413,0.81570613,1,
fEC439V-FM8_024,1.0901064,0.33631086,0.7537955,1,
fEC439V-FM8_025,1.4871557,-1.8739862,3.3611419,1,
fEC439V-FM8_026,-2.5235443,-0.68932521,-1.8342191,1,
fERSC9-tvZw_000,2.0490963,-3.1248457,5.1739421,1,
fERSC9-tvZw_001,2.3601062,-2.3011882,4.6612945,1,
fERSC9-tvZw_002,0.072871611,2.6935477,-2.6206761,1,
fERSC9-tvZw_003,-3.9941862,-2.2851686,-1.7090175,1,
fERSC9-tvZw_004,-3.7020617,-0.71362495,-2.9884367,1,
fEmmmt_FFtQ_000,-1.7286452,-2.7422676,1.0136224,1,
fEmmmt_FFtQ_001,-4.458096,0.18745741,-4.6455534,1,
fEmmmt_FFtQ_002,-3.0326118,-3.8464649,0.81385303,1,
fEmmmt_FFtQ_003,-4.6875353,-1.7799501,-2.9075851,1,
fEmmmt_FFtQ_004,-2.8631177,-0.95737165,-1.905746,1,
fEmmmt_FFtQ_005,0.34565404,-0.17146637,0.51712041,1,
fEmmmt_FFtQ_006,-3.3709333,-1.641934,-1.7289993,1,
fEmmmt_FFtQ_007,-0.47580516,-2.8518956,2.3760904,1,
fJJiM5XAPjE_000,-1.4742725,-1.3631508,-0.11112165,1,
fJJiM5XAPjE_001,-3.2821372,-1.5555634,-1.7265737,1,
fJJiM5XAPjE_002,0.059242453,0.35239542,-0.29315296,1,
fJJiM5XAPjE_003,-3.1478789,-0.90857941,-2.2392995,1,
fJJiM5XAPjE_004,-4.1992311,-1.2883185,-2.9109126,1,
fLFCU4gQJm0_000,-0.11848089,0.22690512,-0.34538601,1,
fLFCU4gQJm0_001,-0.35128272,0.39744198,-0.7487247,1,
fLFCU4gQJm0_002,-1.448157,-0.50696713,-0.94118983,1,
fLFCU4gQJm0_003,-1.7164871,1.04581,-2.762297,1,
fLFCU4gQJm0_004,-3.5858526,-1.0919418,-2.4939108,1,
fLFCU4gQJm0_005,-1.562764,1.0551262,-2.6178902,1,
fLFCU4gQJm0_006,-1.5708956,1.1172065,-2.688102,1,
fLFCU4gQJm0_007,-2.4095664,-0.035814498,-2.3737519,1,
fLFCU4gQJm0_008,-1.493425,1.5064722,-2.9998972,1,
fLFCU4gQJm0_009,-2.1711733,-1.1453997,-1.0257736,1,
fLFCU4gQJm0_010,-3.2416401,-1.8206918,-1.4209483,1,
fMIikT9DuQ8_000,-2.2067103,-0.69206709,-1.5146433,1,
fMIikT9DuQ8_001,-2.6705503,-1.6325537,-1.0379966,1,
fMIikT9DuQ8_002,-2.3027291,0.1102752,-2.4130043,1,
fMIikT9DuQ8_003,-4.0874801,-0.82443219,-3.2630479,1,
fXwE9_IWH-c_000,-2.019845,0.057759039,-2.077604,1,
fXwE9_IWH-c_001,-3.1732919,-0.42251536,-2.7507766,1,
fXwE9_IWH-c_002,-2.650208,-0.96611702,-1.684091,1,
fXwE9_IWH-c_003,-2.6499615,-1.1402315,-1.50973,1,
fXwE9_IWH-c_004,-2.3482873,0.18792279,-2.5362101,1,
fXwE9_IWH-c_005,-2.3543744,-0.22774331,-2.1266311,1,
fXwE9_IWH-c_006,-3.4610937,-1.8964896,-1.564604,1,
fXwE9_IWH-c_007,-1.305639,-0.12657654,-1.1790625,1,
fXwE9_IWH-c_008,-3.8433001,-2.5177624,-1.3255377,1,
fXwE9_IWH-c_009,-1.52937,-3.533,2.00363,1,
fXwE9_IWH-c_010,-2.2075722,-0.41877973,-1.7887925,1,
f_-Qv6gOOnQ_000,-0.30898777,1.1499708,-1.4589585,1,
f_-Qv6gOOnQ_001,1.4505256,-0.19301155,1.6435372,1,
f_-Qv6gOOnQ_002,-2.1489758,0.44547158,-2.5944474,1,
f_-Qv6gOOnQ_003,-2.5074465,0.988491,-3.4959375,1,
f_-Qv6gOOnQ_004,-2.1042128,-0.9740665,-1.1301463,1,
f_-Qv6gOOnQ_005,-1.8048805,-0.74365634,-1.0612242,1,
f_-Qv6gOOnQ_006,-0.95011556,0.38462582,-1.3347414,1,
f_-Qv6gOOnQ_007,-1.4695252,-0.84245473,-0.62707049,1,
f_-Qv6gOOnQ_008,-2.5185952,0.36643115,-2.8850264,1,
f_-Qv6gOOnQ_009,-2.3739998,1.344287,-3.7182869,1,
f_-Qv6gOOnQ_010,-2.0568798,0.40452653,-2.4614063,1,
f_-Qv6gOOnQ_011,-2.8025756,-0.49624178,-2.3063338,1,
f_-Qv6gOOnQ_012,-3.9443769,-0.50302386,-3.4413531,1,
fenMDk7Ms8o_000,-1.4867818,-0.30230814,-1.1844737,1,
fenMDk7Ms8o_001,-2.5816739,1.1988809,-3.7805548,1,
fenMDk7Ms8o_002,-0.98188072,0.56112438,-1.5430051,1,
fenMDk7Ms8o_003,-1.0969852,2.2207685,-3.3177537,1,
fenMDk7Ms8o_004,-1.3125752,0.0074666594,-1.3200419,1,
fenMDk7Ms8o_005,0.58311605,1.1193537,-0.5362376,1,
fenMDk7Ms8o_006,-0.67175257,1.6556621,-2.3274146,1,
fenMDk7Ms8o_007,-1.6423901,1.4715472,-3.1139374,1,
fenMDk7Ms8o_008,-1.2396245,2.117259,-3.3568835,1,
fenMDk7Ms8o_009,0.29227695,1.9304411,-1.6381642,1,
fenMDk7Ms8o_010,-3.6913176,-4.4980211,0.80670357,1,
fenMDk7Ms8o_011,-3.0315161,-1.3927424,-1.6387737,1,
fndyN2fitf0_000,-1.9399346,-0.51497853,-1.4249561,1,
fndyN2fitf0_001,-3.2633166,-3.0793092,-0.18400741,1,
fndyN2fitf0_002,0.089994267,-3.6792669,3.7692612,1,
fndyN2fitf0_003,-2.0564215,-3.2958887,1.2394671,1,
fndyN2fitf0_004,-2.3801908,-0.78256857,-1.5976223,1,
fs9REzDRlp0_000,1.3630779,-0.43348202,1.7965599,1,
fs9REzDRlp0_001,1.8810005,-0.072223917,1.9532244,1,
fs9REzDRlp0_002,-0.57788545,-2.3689888,1.7911033,1,
fs9REzDRlp0_003,-2.1807296,-0.96832341,-1.2124062,1,
fsICD5cvIl8_000,-0.96145409,1.3401774,-2.3016315,1,
fsICD5cvIl8_001,-1.2288983,-2.1866064,0.95770812,1,
fsICD5cvIl8_002,1.0641589,0.75184715,0.31231177,1,
fsICD5cvIl8_003,-2.0290992,3.2753074,-5.3044066,1,
fsICD5cvIl8_004,-0.053813882,2.5572524,-2.6110663,1,
fsICD5cvIl8_005,-3.8793802,-0.77398473,-3.1053955,1,
ftKWA_gAzTo_000,0.10658871,0.2765291,-0.16994039,1,
ftKWA_gAzTo_001,-1.0996566,-0.34775978,-0.7518968,1,
ftKWA_gAzTo_002,-0.98775715,1.0459468,-2.033704,1,
ftKWA_gAzTo_003,-2.4157796,0.18645106,-2.6022307,1,
ftKWA_gAzTo_004,-1.4376199,0.18009873,-1.6177187,1,
ftKWA_gAzTo_005,-2.1440489,-0.47720525,-1.6668437,1,
fuf6qp-uaHA_000,-0.63384134,0.98704201,-1.6208833,1,
fuf6qp-uaHA_001,-2.0792959,2.5683448,-4.6476407,1,
fuf6qp-uaHA_002,2.2118964,0.61392975,1.5979667,1,
fuf6qp-uaHA_003,0.0039930176,-0.67544264,0.67943565,1,
fuf6qp-uaHA_004,2.2158253,2.2997723,-0.083946943,1,
fuf6qp-uaHA_005,-1.0486523,-0.70761603,-0.34103626,1,
fuf6qp-uaHA_006,-1.221447,0.059222743,-1.2806697,1,
fuf6qp-uaHA_007,-1.8925236,0.29510689,-2.1876305,1,
fuf6qp-uaHA_008,-2.0084386,1.3126506,-3.3210891,1,
fuf6qp-uaHA_009,-3.0336266,-1.7596804,-1.2739462,1,
fuf6qp-uaHA_010,-2.3103776,0.066489585,-2.3768672,1,
fuf6qp-uaHA_011,-4.1815147,-0.77117467,-3.4103401,1,
g3qdsdztDqQ_000,0.52114403,-0.064503387,0.58564742,1,
g3qdsdztDqQ_001,-2.9821475,-1.1337039,-1.8484435,1,
g3qdsdztDqQ_002,-2.4420855,0.49140695,-2.9334925,1,
g3qdsdztDqQ_003,-2.1078479,-0.31226635,-1.7955816,1,
g3qdsdztDqQ_004,-2.3838599,-0.53763121,-1.8462287,1,
g3qdsdztDqQ_005,-2.20386,0.02551868,-2.2293787,1,
g3qdsdztDqQ_006,-4.2939706,-0.75252753,-3.541443,1,
g4tMvJTPtnc_000,2.3014655,-1.1110411,3.4125066,1,
g4tMvJTPtnc_001,3.9259455,0.36539704,3.5605485,1,
g4tMvJTPtnc_002,1.3341807,-1.7441787,3.0783594,1,
g4tMvJTPtnc_003,-3.1170218,-3.5720739,0.45505214,1,
g4tMvJTPtnc_004,-0.69854993,1.1298355,-1.8283854,1,
g4tMvJTPtnc_005,-3.003052,-0.11391868,-2.8891333,1,
g4tMvJTPtnc_006,-3.2057042,-1.1956073,-2.0100969,1,
g4tMvJTPtnc_007,-2.3472137,0.64308029,-2.990294,1,
g4tMvJTPtnc_008,-1.9648839,-0.99200898,-0.97287494,1,
g4tMvJTPtnc_009,-2.3876097,1.9458058,-4.3334155,1,
g4tMvJTPtnc_010,-1.5179998,1.6501458,-3.1681455,1,
g4tMvJTPtnc_011,-1.1072311,0.84334254,-1.9505737,1,
g4tMvJTPtnc_012,-2.1668375,1.4022794,-3.5691168,1,
g4tMvJTPtnc_013,-0.73683047,2.1955934,-2.9324238,1,
g4tMvJTPtnc_014,-1.4336095,0.64305097,-2.0766605,1,
g4tMvJTPtnc_015,-4.2470756,-1.1581892,-3.0888864,1,
gOTeY1Br7Ns_000,-0.3491559,0.78207237,-1.1312283,1,
gOTeY1Br7Ns_001,-0.067333378,-0.7448833,0.67754992,1,
gOTeY1Br7Ns_002,0.26975527,1.0330789,-0.76332363,1,
gOTeY1Br7Ns_003,-2.6881063,-1.1886772,-1.4994291,1,
gOTeY1Br7Ns_004,1.4933399,1.127743,0.36559689,1,
gOTeY1Br7Ns_005,1.4375108,2.1840591,-0.7465483,1,
gOTeY1Br7Ns_006,0.11845622,1.6776302,-1.559174,1,
gOTeY1Br7Ns_007,0.062469099,0.98086345,-0.91839435,1,
gOTeY1Br7Ns_008,-1.1612853,1.3990436,-2.5603288,1,
gOTeY1Br7Ns_009,-1.253636,0.18504892,-1.4386849,1,
gOTeY1Br7Ns_010,-0.83689427,0.58666331,-1.4235576,1,
gOTeY1Br7Ns_011,-2.2158628,-0.57843983,-1.6374229,1,
gOTeY1Br7Ns_012,-0.37641367,-0.59913141,0.22271773,1,
gOTeY1Br7Ns_013,-1.5948532,-1.088695,-0.50615811,1,
gOTeY1Br7Ns_014,-0.34394133,1.1472857,-1.491227,1,
gOTeY1Br7Ns_015,-0.8854214,1.7622418,-2.6476632,1,
gOTeY1Br7Ns_016,-1.8885109,-0.30091125,-1.5875997,1,
gOTeY1Br7Ns_017,-1.7950511,-0.55196232,-1.2430888,1,
gOTeY1Br7Ns_018,-2.9613464,-2.7988298,-0.16251659,1,
gOTeY1Br7Ns_019,-0.38755497,0.36058143,-0.7481364,1,
gOTeY1Br7Ns_020,-1.5278965,0.73240131,-2.2602978,1,
gOTeY1Br7Ns_021,-2.1303411,-1.6591289,-0.47121215,1,
gOTeY1Br7Ns_022,-2.2153711,-1.8833482,-0.33202291,1,
gOTeY1Br7Ns_023,-3.246918,-0.46889505,-2.7780229,1,
gOTeY1Br7Ns_024,-0.16607416,0.20435977,-0.37043393,1,
gOTeY1Br7Ns_025,-2.2277114,1.0402987,-3.2680101,1,
gOTeY1Br7Ns_026,-1.4255879,-3.7605872,2.3349993,1,
gOTeY1Br7Ns_027,-2.6702743,-1.1212943,-1.54898,1,
gT1H1O2UpUQ_000,-4.6893969,-3.8782349,-0.81116199,1,
gT1H1O2UpUQ_001,-2.7058601,-2.3172262,-0.38863397,1,
gT1H1O2UpUQ_002,-2.8614752,-0.65129644,-2.2101788,1,
gT1H1O2UpUQ_003,-2.3953838,-0.84504604,-1.5503378,1,
gT1H1O2UpUQ_004,-3.2616577,-1.282636,-1.9790217,1,
gT1H1O2UpUQ_005,-2.7839963,-1.0934865,-1.6905098,1,
gT1H1O2UpUQ_006,-2.2769983,-0.50274414,-1.7742541,1,
gT1H1O2UpUQ_007,-2.5278859,-0.7710036,-1.7568823,1,
gT1H1O2UpUQ_008,-1.2558914,-0.71045274,-0.54543871,1,
gT1H1O2UpUQ_009,-2.935508,0.72987074,-3.6653787,1,
gT1H1O2UpUQ_010,-0.86735475,0.42000505,-1.2873598,1,
gT1H1O2UpUQ_011,-1.6099243,0.25664914,-1.8665735,1,
gT1H1O2UpUQ_012,-1.4046327,-0.61366999,-0.7909627,1,
gT1H1O2UpUQ_013,-0.27497625,1.702134,-1.9771103,1,
gT1H1O2UpUQ_014,-2.1888382,-1.5357047,-0.65313351,1,
gT1H1O2UpUQ_015,-2.3725688,-0.0057121329,-2.3668567,1,
gT1H1O2UpUQ_016,-2.4047198,-1.7630385,-0.64168131,1,
gT1H1O2UpUQ_017,-0.11742061,-2.46504,2.3476194,1,
gT1H1O2UpUQ_018,-2.2322769,-0.80320436,-1.4290726,1,
gX9MTnDCHKM_000,-0.43697074,-1.7368786,1.2999079,1,
gX9MTnDCHKM_001,-1.474975,-1.3530076,-0.12196743,1,
gX9MTnDCHKM_002,-1.9422446,-0.65372854,-1.2885161,1,
gX9MTnDCHKM_003,-0.91824049,0.97920716,-1.8974476,1,
gX9MTnDCHKM_004,-4.3626399,-0.92077988,-3.44186,1,
gZUV6ni1EPA_000,0.18202294,-2.2092187,2.3912417,1,
gZUV6ni1EPA_001,-5.0900168,-2.0091534,-3.0808635,1,
gZUV6ni1EPA_002,0.62391776,-0.54068631,1.1646041,1,
gZUV6ni1EPA_003,1.3149542,0.51463944,0.80031472,1,
gZUV6ni1EPA_004,-0.17907532,1.3596669,-1.5387423,1,
gZUV6ni1EPA_005,1.0797517,2.2159646,-1.1362128,1,
gZUV6ni1EPA_006,0.61245531,1.6124029,-0.99994761,1,
gZUV6ni1EPA_007,-1.0949671,1.3441488,-2.4391159,1,
gZUV6ni1EPA_008,0.67060566,0.85893792,-0.18833226,1,
gZUV6ni1EPA_009,0.053178832,0.75311357,-0.69993474,1,
gZUV6ni1EPA_010,0.60696363,-1.4522674,2.059231,1,
gZUV6ni1EPA_011,2.1173465,1.9095925,0.20775402,1,
gZUV6ni1EPA_012,0.81675369,1.5842285,-0.76747483,1,
gZUV6ni1EPA_013,-0.11164909,2.7169399,-2.828589,1,
gZUV6ni1EPA_014,0.27011856,1.5253736,-1.255255,1,
gZUV6ni1EPA_015,-5.107801,-2.6274517,-2.4803493,1,
gbN1E89g7yc_000,-0.79172295,-1.0034882,0.21176523,1,
gbN1E89g7yc_001,-1.0210637,-1.0035976,-0.017466068,1,
gbN1E89g7yc_002,-1.5237268,-0.16779588,-1.3559309,1,
gbN1E89g7yc_003,-3.9913661,-0.76855081,-3.2228153,1,
gbrLzyVC-t0_000,-1.7624022,1.472616,-3.2350181,1,
gbrLzyVC-t0_001,-4.9499497,-3.1723707,-1.7775791,1,
gbrLzyVC-t0_002,-4.0925026,-0.92461544,-3.1678872,1,
ghJ7QzFKpXU_000,-2.8646073,-0.63051742,-2.2340899,1,
ghJ7QzFKpXU_001,-2.150403,0.81329101,-2.963694,1,
ghJ7QzFKpXU_002,-1.159216,1.0587211,-2.2179371,1,
ghJ7QzFKpXU_003,-2.0626419,0.43633312,-2.498975,1,
ghJ7QzFKpXU_004,-0.74373811,-0.78677487,0.043036759,1,
ghJ7QzFKpXU_005,-0.23001683,-1.1570443,0.92702746,1,
ghJ7QzFKpXU_006,-0.97564071,-2.9479327,1.972292,1,
ghJ7QzFKpXU_007,-2.7409081,-1.4255475,-1.3153607,1,
gkrMlAAbfXY_000,-1.2904347,-1.3184642,0.028029442,1,
gkrMlAAbfXY_001,-1.4952105,1.2122415,-2.7074521,1,
gkrMlAAbfXY_002,-2.0463083,0.77667308,-2.8229814,1,
gkrMlAAbfXY_003,-3.5176549,-0.28738448,-3.2302704,1,
gkrMlAAbfXY_004,-2.967834,-0.35393676,-2.6138972,1,
gkrMlAAbfXY_005,-3.2848735,-0.78249919,-2.5023743,1,
gkrMlAAbfXY_006,-4.3488708,-1.299341,-3.0495298,1,
gmggwZTArDs_000,-1.3774632,-0.62172782,-0.7557354,1,
gmggwZTArDs_001,-0.35257781,-1.2799141,0.92733634,1,
gmggwZTArDs_002,-1.8366923,-0.87906218,-0.95763016,1,
gmggwZTArDs_003,-1.4034908,-0.33090854,-1.0725822,1,
gmggwZTArDs_004,0.95582485,-1.0389823,1.9948071,1,
gmggwZTArDs_005,0.25781333,-0.27824482,0.53605816,1,
gmggwZTArDs_006,0.070434555,0.19821687,-0.12778232,1,
gmggwZTArDs_007,-0.83890957,-1.261546,0.42263645,1,
gmggwZTArDs_008,-1.1294894,-1.4357932,0.30630374,1,
gmggwZTArDs_009,-0.71059036,-0.87500447,0.16441411,1,
gmggwZTArDs_010,-1.6762286,-2.1291199,0.45289123,1,
gmggwZTArDs_011,-2.4498906,-0.71400386,-1.7358868,1,
h0ZHAVQQ9O8_000,-0.40647137,0.34229678,-0.74876815,1,
h0ZHAVQQ9O8_001,-0.73340911,0.054057419,-0.78746653,1,
h0ZHAVQQ9O8_002,-3.2855535,-1.3394982,-1.9460553,1,
h0ZHAVQQ9O8_003,2.0459092,1.3112102,0.73469901,1,
h0ZHAVQQ9O8_004,-1.2771107,-2.5062537,1.229143,1,
h0ZHAVQQ9O8_005,0.12691003,-1.1794957,1.3064057,1,
hAQyH9W-0o4_000,-3.7147133,-0.53462332,-3.18009,1,
hCUGY3-RIB4_000,2.8150151,0.9014613,1.9135538,1,
hCUGY3-RIB4_001,-5.3465605,0.77604073,-6.1226012,1,
hCUGY3-RIB4_002,0.20197341,-2.218276,2.4202494,1,
hCUGY3-RIB4_003,-2.3796904,-1.7669463,-0.61274409,1,
hCUGY3-RIB4_004,-1.8391796,-1.8268095,-0.01237011,1,
hCUGY3-RIB4_005,0.77790052,-0.70692921,1.4848297,1,
hCUGY3-RIB4_006,2.4014795,1.7573651,0.64411438,1,
hCUGY3-RIB4_007,0.85716623,-1.1146126,1.9717788,1,
hCUGY3-RIB4_008,-2.1987891,-0.89962256,-1.2991666,1,
hIDlXK7K7jk_000,-1.4402856,0.10077477,-1.5410603,1,
hIDlXK7K7jk_001,-1.9877595,0.52429283,-2.5120523,1,
hIDlXK7K7jk_002,0.18387061,1.0059999,-0.82212931,1,
hIDlXK7K7jk_003,-2.0360775,0.55684757,-2.5929251,1,
hIDlXK7K7jk_004,-1.9059227,1.5457919,-3.4517145,1,
hIDlXK7K7jk_005,-1.6304866,0.15386754,-1.7843542,1,
hIDlXK7K7jk_006,-2.0604966,0.038382784,-2.0988794,1,
hIDlXK7K7jk_007,-2.0630147,0.97922975,-3.0422445,1,
hIDlXK7K7jk_008,-2.2298312,0.32304841,-2.5528796,1,
hIDlXK7K7jk_009,-1.7465173,1.6413875,-3.3879048,1,
hIDlXK7K7jk_010,-2.2309902,0.58075017,-2.8117403,1,
hIDlXK7K7jk_011,-1.6115311,0.29522231,-1.9067535,1,
hIDlXK7K7jk_012,-2.7848024,-0.9741298,-1.8106726,1,
hYXJOBBpFHg_000,0.093879208,-0.060397189,0.1542764,1,
hYXJOBBpFHg_001,-2.8254335,-1.7948569,-1.0305766,1,
hYXJOBBpFHg_002,-4.1050749,-0.48511332,-3.6199616,1,
hguzTBqAszY_000,-2.0218499,-2.1373489,0.11549902,1,
hguzTBqAszY_001,1.1221578,-1.1506575,2.2728153,1,
hguzTBqAszY_002,2.0891452,-1.6058381,3.6949832,1,
hguzTBqAszY_003,-1.5208308,-3.5201592,1.9993285,1,
hguzTBqAszY_004,-2.4381876,-0.31289944,-2.1252882,1,
hjBzl1XMgfo_000,-1.496317,0.65942138,-2.1557384,1,
hjBzl1XMgfo_001,-1.9382876,0.20811403,-2.1464016,1,
hjBzl1XMgfo_002,-2.0493267,0.18771182,-2.2370385,1,
hjBzl1XMgfo_003,-2.9470618,-1.3862122,-1.5608495,1,
hjBzl1XMgfo_004,-2.4691954,0.60754031,-3.0767357,1,
hjBzl1XMgfo_005,0.51503849,-0.54810882,1.0631473,1,
hjBzl1XMgfo_006,-0.60241729,0.50412124,-1.1065385,1,
hm2Hm93gCjU_000,-2.2152975,-0.87723708,-1.3380604,1,
hm2Hm93gCjU_001,-2.3144135,-0.13251479,-2.1818988,1,
hm2Hm93gCjU_002,-3.6719441,-0.59319192,-3.0787522,1,
hm2Hm93gCjU_003,-4.4422016,-1.356706,-3.0854956,1,
huOpj7AJpas_000,-0.49315959,0.14331025,-0.63646984,1,
huOpj7AJpas_001,-0.29822797,-1.5682218,1.2699938,1,
huOpj7AJpas_002,-3.9659212,-0.69430584,-3.2716153,1,
hxmM5bL2g0k_000,-0.56857407,0.12936752,-0.69794159,1,
hxmM5bL2g0k_001,-1.1265827,0.64731026,-1.773893,1,
hxmM5bL2g0k_002,-0.51590812,0.56297457,-1.0788827,1,
hxmM5bL2g0k_003,-1.3777357,1.2930762,-2.6708119,1,
hxmM5bL2g0k_004,-2.0426128,-0.013569481,-2.0290433,1,
hxmM5bL2g0k_005,-0.67415261,0.58055997,-1.2547126,1,
hxmM5bL2g0k_006,-1.2045848,1.3215911,-2.526176,1,
hxmM5bL2g0k_007,-3.3879416,-0.015063521,-3.3728781,1,
hxmM5bL2g0k_008,-1.5135241,-0.65807885,-0.85544521,1,
hxmM5bL2g0k_009,-1.5521554,-0.91526335,-0.63689202,1,
hxmM5bL2g0k_010,-1.4380562,1.0874436,-2.5254998,1,
hxmM5bL2g0k_011,-1.3400012,0.67484826,-2.0148495,1,
hxmM5bL2g0k_012,-1.7312977,0.65081233,-2.3821101,1,
hxmM5bL2g0k_013,-2.076293,-0.41528007,-1.6610129,1,
hxmM5bL2g0k_014,-2.4890046,-3.3394051,0.85040045,1,
hxmM5bL2g0k_015,-2.8777049,-1.0485798,-1.829125,1,
i-8A7MoeZrg_000,-5.0598402,-1.091804,-3.9680362,1,
i-8A7MoeZrg_001,-3.293304,-1.822517,-1.4707869,1,
i-8A7MoeZrg_002,-2.2750661,-0.79007089,-1.4849952,1,
i-8A7MoeZrg_003,-1.2919569,-0.34820586,-0.94375104,1,
i-8A7MoeZrg_004,-2.3161032,-0.61198306,-1.7041202,1,
i-8A7MoeZrg_005,-2.4498265,-0.08449889,-2.3653276,1,
i-8A7MoeZrg_006,-3.5911877,-1.6167831,-1.9744046,1,
i-8A7MoeZrg_007,-2.0503883,-1.6487634,-0.40162492,1,
i-8A7MoeZrg_008,-1.8062364,-1.1494961,-0.65674031,1,
i-8A7MoeZrg_009,-1.68542,0.03348206,-1.7189021,1,
i-8A7MoeZrg_010,-0.12280618,-2.2954206,2.1726145,1,
i0edA9BkOjc_000,-0.35469863,-0.20717315,-0.14752547,1,
i0edA9BkOjc_001,-1.4328992,1.0283642,-2.4612634,1,
i0edA9BkOjc_002,-2.2496839,-0.028086502,-2.2215974,1,
i0edA9BkOjc_003,-4.4118605,-1.2599016,-3.1519588,1,
i1As-EBabRc_000,0.43508086,1.4312378,-0.99615696,1,
i1As-EBabRc_001,-1.5899149,-0.75821388,-0.83170104,1,
i1As-EBabRc_002,-0.23094542,0.98414564,-1.2150911,1,
i1As-EBabRc_003,-0.49217215,0.77814841,-1.2703206,1,
i1As-EBabRc_004,-0.32865834,1.0108752,-1.3395336,1,
i1As-EBabRc_005,-2.0123916,0.23112091,-2.2435125,1,
i1As-EBabRc_006,-1.3517531,1.0506639,-2.4024171,1,
i1As-EBabRc_007,-2.2787929,-0.42058945,-1.8582034,1,
i1As-EBabRc_008,-2.2554014,0.20303452,-2.4584359,1,
i1As-EBabRc_009,-0.90729845,-0.12561633,-0.78168212,1,
i1As-EBabRc_010,-2.0757029,-0.029229736,-2.0464732,1,
i1As-EBabRc_011,-2.0304804,0.17147613,-2.2019565,1,
i1As-EBabRc_012,-1.975426,0.057281394,-2.0327074,1,
i1As-EBabRc_013,-0.75704426,1.0113446,-1.7683888,1,
i1As-EBabRc_014,-0.83752292,1.7777379,-2.6152608,1,
i1As-EBabRc_015,-1.9003963,0.098960318,-1.9993567,1,
i1As-EBabRc_016,-0.98345733,0.043555122,-1.0270124,1,
i1As-EBabRc_017,-1.0517417,1.4810731,-2.5328149,1,
i1As-EBabRc_018,1.4392477,3.5562668,-2.1170191,1,
i1As-EBabRc_019,-0.44978186,-2.9492831,2.4995013,1,
i1As-EBabRc_020,-2.4793136,-1.0023656,-1.476948,1,
iFub1JSiYC4_000,-1.1174355,0.39096516,-1.5084006,1,
iFub1JSiYC4_001,1.7388028,-0.89138144,2.6301842,1,
iFub1JSiYC4_002,-2.754622,-0.41908985,-2.3355321,1,
iFub1JSiYC4_003,-4.3242569,-0.80051327,-3.5237436,1,
iG1olu8M82U_000,-0.9533971,0.27892354,-1.2323206,1,
iG1olu8M82U_001,0.95164734,-2.2643454,3.2159927,1,
iG1olu8M82U_002,1.1008897,-3.7154129,4.8163025,1,
iG1olu8M82U_003,2.1594694,-2.4384038,4.5978732,1,
iG1olu8M82U_004,2.2470849,-1.9720198,4.2191046,1,
iG1olu8M82U_005,-4.3672409,0.72027618,-5.0875171,1,
iG1olu8M82U_006,-4.5635972,-1.3327818,-3.2308154,1,
iIA9xASDxSE_000,-2.1678913,0.11687153,-2.2847628,1,
iIA9xASDxSE_001,-2.4246356,0.40203741,-2.8266731,1,
iIA9xASDxSE_002,-0.51737797,0.79694748,-1.3143255,1,
iIA9xASDxSE_003,-3.4251745,0.17838968,-3.6035642,1,
iIA9xASDxSE_004,-4.0358715,-0.25631869,-3.7795528,1,
iL4TJUbaAFM_000,-0.7167151,-1.6315644,0.91484928,1,
iL4TJUbaAFM_001,-0.30254477,0.72228718,-1.024832,1,
iL4TJUbaAFM_002,-0.092407204,-1.6556485,1.5632413,1,
iL4TJUbaAFM_003,1.2402407,1.4356616,-0.19542086,1,
iL4TJUbaAFM_004,-0.68342829,-0.54623765,-0.13719064,1,
iL4TJUbaAFM_005,-1.0059186,-0.099316962,-0.90660166,1,
iL4TJUbaAFM_006,0.16087402,-0.038727462,0.19960149,1,
iL4TJUbaAFM_007,1.4307325,0.59939766,0.83133483,1,
iL4TJUbaAFM_008,-2.4152606,-0.68672419,-1.7285364,1,
iNmjK7_7Dto_000,-1.32189,-1.425167,0.10327697,1,
iNmjK7_7Dto_001,-3.407213,-2.1326151,-1.2745979,1,
iNmjK7_7Dto_002,-1.9294153,1.9815067,-3.9109221,1,
iNmjK7_7Dto_003,3.56902,-1.150038,4.719058,1,
iNmjK7_7Dto_004,-1.3447516,-0.3421022,-1.0026494,1,
iNmjK7_7Dto_005,-1.9132822,1.4670926,-3.3803748,1,
iNmjK7_7Dto_006,-4.2779503,-0.84205794,-3.4358923,1,
iQA9WwEzrgE_000,-3.4712424,0.29833573,-3.7695782,1,
iQA9WwEzrgE_001,-2.6150665,0.18352394,-2.7985905,1,
iQA9WwEzrgE_002,-1.5039274,0.63623947,-2.1401668,1,
iQA9WwEzrgE_003,-4.5836854,-1.3669392,-3.2167462,1,
ilsOhyrLOAY_000,-0.38614491,0.35084435,-0.73698926,1,
ilsOhyrLOAY_001,-0.32099089,0.90964538,-1.2306363,1,
ilsOhyrLOAY_002,-0.76363373,-0.0015104692,-0.76212326,1,
ilsOhyrLOAY_003,-0.24779987,1.0980965,-1.3458964,1,
ilsOhyrLOAY_004,-2.3718326,-0.14239426,-2.2294383,1,
ilsOhyrLOAY_005,0.69602346,-1.9710423,2.6670657,1,
ilsOhyrLOAY_006,-2.5634761,-0.7838906,-1.7795855,1,
iuZrOt4-KdU_000,-4.3214192,-1.3987383,-2.922681,1,
iuZrOt4-KdU_001,-2.4583108,-0.29040593,-2.1679049,1,
iuZrOt4-KdU_002,-3.5621111,-0.55768901,-3.0044221,1,
ivS-TeGCbNc_000,-1.8014489,-0.2375014,-1.5639475,1,
ivS-TeGCbNc_001,-1.0046016,0.1569497,-1.1615513,1,
ivS-TeGCbNc_002,-0.87585223,1.4733918,-2.349244,1,
ivS-TeGCbNc_003,-1.2492748,0.027200282,-1.2764751,1,
ivS-TeGCbNc_004,-3.7368841,-0.41416231,-3.3227218,1,
ivVpXH_ZU8A_000,0.18202294,-2.2092187,2.3912417,1,
ivVpXH_ZU8A_001,-0.80825472,0.062874474,-0.87112919,1,
ivVpXH_ZU8A_002,-1.7610434,-1.481964,-0.27907944,1,
ivVpXH_ZU8A_003,-0.10388795,-0.34255525,0.23866731,1,
ivVpXH_ZU8A_004,-4.6932135,-2.1133091,-2.5799043,1,
iz2lF-IiOZw_000,-2.7456934,-2.3039896,-0.4417038,1,
iz2lF-IiOZw_001,-2.5924339,-1.327854,-1.2645799,1,
iz2lF-IiOZw_002,-0.33061305,-0.71888775,0.3882747,1,
iz2lF-IiOZw_003,1.583877,-0.024153346,1.6080303,1,
iz2lF-IiOZw_004,1.7914857,0.19465123,1.5968344,1,
iz2lF-IiOZw_005,-0.024849756,-1.0769254,1.0520756,1,
iz2lF-IiOZw_006,-0.75118816,-2.0524006,1.3012124,1,
iz2lF-IiOZw_007,1.6757753,0.78790003,0.88787526,1,
iz2lF-IiOZw_008,-0.51865673,0.47667769,-0.99533442,1,
iz2lF-IiOZw_009,-3.0182505,-1.440256,-1.5779945,1,
jGHOoOwKQdI_000,0.61887246,-1.3592558,1.9781283,1,
jGHOoOwKQdI_001,3.9621434,-0.66252714,4.6246706,1,
jGHOoOwKQdI_002,2.1025307,-2.6382244,4.7407551,1,
jGHOoOwKQdI_003,2.4593296,-1.662073,4.1214026,1,
jGHOoOwKQdI_004,0.80151033,-3.8796403,4.6811507,1,
jGHOoOwKQdI_005,2.1013279,-2.0396202,4.1409481,1,
jGHOoOwKQdI_006,-0.040845972,0.71832222,-0.75916819,1,
jGHOoOwKQdI_007,-4.4984851,-1.1417515,-3.3567336,1,
jNM5arBwwvY_000,-3.2081771,-0.9610551,-2.247122,1,
jNM5arBwwvY_001,-2.7797401,-1.1847149,-1.5950252,1,
jNM5arBwwvY_002,-1.6937302,0.81525499,-2.5089852,1,
jNM5arBwwvY_003,-1.4317361,0.42158592,-1.853322,1,
jNM5arBwwvY_004,-4.5374804,-1.3255135,-3.2119669,1,
jSQXgyb1vKY_000,-2.0513754,0.21893571,-2.2703111,1,
jSQXgyb1vKY_001,1.2107395,2.3717546,-1.1610152,1,
jSQXgyb1vKY_002,1.629177,0.46423873,1.1649382,1,
jSQXgyb1vKY_003,-1.7965313,2.6492646,-4.4457959,1,
jSQXgyb1vKY_004,-3.719075,-0.58700711,-3.1320679,1,
jSQXgyb1vKY_005,-1.2576631,0.40852711,-1.6661902,1,
jSQXgyb1vKY_006,-0.77708799,-0.16654204,-0.61054595,1,
jSQXgyb1vKY_007,-1.9056221,-0.33901897,-1.5666032,1,
jSQXgyb1vKY_008,0.13019036,2.6011162,-2.4709258,1,
jSQXgyb1vKY_009,-4.0462289,-0.50385273,-3.5423762,1,
jlAsU6rCaFU_000,0.81687456,1.2819078,-0.46503323,1,
jlAsU6rCaFU_001,1.0533507,0.21931896,0.83403173,1,
jlAsU6rCaFU_002,-0.17044245,0.019359853,-0.1898023,1,
jlAsU6rCaFU_003,-1.1282843,0.60314983,-1.7314342,1,
jlAsU6rCaFU_004,0.26387462,2.4171529,-2.1532783,1,
jlAsU6rCaFU_005,-0.81514066,0.96329695,-1.7784376,1,
jlAsU6rCaFU_006,-1.7525332,1.0326422,-2.7851754,1,
jlAsU6rCaFU_007,0.36615208,1.3763871,-1.010235,1,
jlAsU6rCaFU_008,-1.1462955,-3.1764195,2.0301239,1,
jlAsU6rCaFU_009,-1.9513752,-0.57409585,-1.3772794,1,
jlBAcCH1jEI_000,-1.0103726,-1.3090402,0.29866755,1,
jlBAcCH1jEI_001,-1.9435766,2.6244729,-4.5680494,1,
jlBAcCH1jEI_002,-1.6124896,-0.44287342,-1.1696162,1,
jlBAcCH1jEI_003,-1.2074385,-0.93820643,-0.26923203,1,
jlBAcCH1jEI_004,-5.0791826,-3.3462944,-1.7328882,1,
jlBAcCH1jEI_005,-1.1723523,-1.7660931,0.59374082,1,
jlBAcCH1jEI_006,-3.2605102,-3.860934,0.60042381,1,
jlBAcCH1jEI_007,-0.31894851,0.87980014,-1.1987486,1,
jlBAcCH1jEI_008,-3.6888528,-3.3208117,-0.36804104,1,
jlBAcCH1jEI_009,-2.9112148,-0.90667206,-2.0045428,1,
jlBAcCH1jEI_010,-1.4962572,0.77253962,-2.2687968,1,
jlBAcCH1jEI_011,-2.3897078,-0.56587166,-1.8238361,1,
jlBAcCH1jEI_012,-1.3217816,-3.1712599,1.8494782,1,
jlBAcCH1jEI_013,-2.481714,-0.84411532,-1.6375987,1,
jsbMIaUjAOo_000,-2.2325008,-1.0690432,-1.1634576,1,
jsbMIaUjAOo_001,-1.8537912,0.51812047,-2.3719117,1,
jsbMIaUjAOo_002,-2.7854252,-0.82724905,-1.9581761,1,
jsbMIaUjAOo_003,-2.8469803,-0.35121718,-2.4957632,1,
jsbMIaUjAOo_004,-4.4984512,-1.0649983,-3.433453,1,
jvknMvR2iVs_000,-1.9805273,-0.067298084,-1.9132292,1,
jvknMvR2iVs_001,0.98403656,0.12740286,0.85663371,1,
jvknMvR2iVs_002,-0.059403498,1.5518349,-1.6112384,1,
jvknMvR2iVs_003,-2.8089509,-0.81432825,-1.9946226,1,
jvknMvR2iVs_004,0.21446539,0.25724089,-0.042775497,1,
jvknMvR2iVs_005,2.4860806,-0.12918985,2.6152705,1,
jvknMvR2iVs_006,-1.1252708,1.0158752,-2.1411461,1,
jvknMvR2iVs_007,-2.7064638,-0.17872289,-2.5277409,1,
jvknMvR2iVs_008,-4.1637187,-0.78034943,-3.3833693,1,
k9vrs-N106Q_000,-4.0612555,-0.73993874,-3.3213167,1,
k9vrs-N106Q_001,-1.6737562,0.85607505,-2.5298313,1,
k9vrs-N106Q_002,-2.4150577,-0.43061021,-1.9844474,1,
k9vrs-N106Q_003,-0.18551989,-1.1622437,0.97672383,1,
k9vrs-N106Q_004,-3.7140746,-2.2181826,-1.495892,1,
kEYlLb7TH9o_000,0.51746076,2.6216388,-2.104178,1,
kEYlLb7TH9o_001,-2.257405,-0.46180233,-1.7956027,1,
kEYlLb7TH9o_002,-4.2292824,-0.67477661,-3.5545058,1,
kEjwIjbrwv8_000,-0.64475453,0.29244211,-0.93719664,1,
kEjwIjbrwv8_001,0.7337361,0.91391516,-0.18017906,1,
kEjwIjbrwv8_002,2.943918,-0.80513513,3.7490531,1,
kEjwIjbrwv8_003,1.5712627,2.3060632,-0.73480046,1,
kEjwIjbrwv8_004,0.011432368,0.65787423,-0.64644186,1,
kEjwIjbrwv8_005,1.5263162,1.3888919,0.13742423,1,
kEjwIjbrwv8_006,1.557565,-0.9087438,2.4663088,1,
kEjwIjbrwv8_007,-2.5270667,-0.92268866,-1.604378,1,
kEnambyROA4_000,-2.4901597,-1.5085063,-0.98165345,1,
kEnambyROA4_001,-3.7323895,-2.7888513,-0.94353819,1,
kEnambyROA4_002,-4.5642514,-2.4709127,-2.0933387,1,
kEnambyROA4_003,-1.1923181,0.95490074,-2.1472188,1,
kEnambyROA4_004,-1.8608706,0.43287835,-2.2937489,1,
kEnambyROA4_005,-1.8460224,0.51210099,-2.3581234,1,
kEnambyROA4_006,-3.2135189,-2.6348703,-0.57864857,1,
kEnambyROA4_007,-1.3436949,-2.8694458,1.5257509,1,
kEnambyROA4_008,-3.1989038,-2.1577036,-1.0412002,1,
kEnambyROA4_009,-3.8081648,-1.279215,-2.5289499,1,
kEnambyROA4_010,-3.3242669,-2.5085967,-0.81567025,1,
kEnambyROA4_011,-2.4266765,-1.513785,-0.91289151,1,
kEnambyROA4_012,-4.2137547,-2.3342886,-1.8794661,1,
kEnambyROA4_013,-2.6466417,-1.3917577,-1.254884,1,
kEnambyROA4_014,-1.508601,-0.51375675,-0.9948442,1,
kEnambyROA4_015,-3.1489878,-1.324982,-1.8240057,1,
kEnambyROA4_016,0.076632291,0.41442874,-0.33779645,1,
kEnambyROA4_017,-3.7241929,-3.2614973,-0.4626956,1,
kEnambyROA4_018,-3.12502,-3.1877837,0.062763691,1,
kEnambyROA4_019,0.27405405,-2.234746,2.5088,1,
kEnambyROA4_020,-2.636842,-1.3768427,-1.2599993,1,
kUqvem6B2VY_000,0.18202294,-2.2092187,2.3912417,1,
kUqvem6B2VY_001,-4.948792,-2.0710471,-2.8777449,1,
kUqvem6B2VY_002,0.030609567,-0.90910667,0.93971624,1,
kUqvem6B2VY_003,-0.35374346,0.69667006,-1.0504135,1,
kUqvem6B2VY_004,1.2337828,2.3476794,-1.1138966,1,
kUqvem6B2VY_005,0.74027127,2.1321757,-1.3919044,1,
kUqvem6B2VY_006,-1.482729,-0.19202694,-1.290702,1,
kUqvem6B2VY_007,0.36627114,2.0422857,-1.6760145,1,
kUqvem6B2VY_008,-4.8138828,-2.0988786,-2.7150042,1,
kdoFevWmZms_000,0.18202294,-2.2092187,2.3912417,1,
kdoFevWmZms_001,-0.91512311,-2.8687162,1.9535931,1,
kdoFevWmZms_002,-4.4178872,-2.8157449,-1.6021423,1,
kdoFevWmZms_003,-4.2824111,-2.0079134,-2.2744977,1,
kipF8C4tuLA_000,0.775563,-0.27948979,1.0550528,1,
kipF8C4tuLA_001,0.7733776,-0.37204012,1.1454177,1,
kipF8C4tuLA_002,-1.772665,-0.056993358,-1.7156717,1,
kipF8C4tuLA_003,-3.4988053,-0.7295627,-2.7692426,1,
kpDQ-6ifdHQ_000,-0.18967475,1.3205956,-1.5102704,1,
kpDQ-6ifdHQ_001,-0.095236056,1.1851233,-1.2803594,1,
kpDQ-6ifdHQ_002,-0.0018573673,-3.4318099,3.4299525,1,
kpDQ-6ifdHQ_003,-1.727222,-0.8899368,-0.83728516,1,
kpDQ-6ifdHQ_004,-1.0949702,0.30427954,-1.3992498,1,
kpDQ-6ifdHQ_005,-4.1319289,-0.91781276,-3.2141162,1,
kwcy-9CHGdk_000,0.92510241,2.7429767,-1.8178743,1,
kwcy-9CHGdk_001,1.4928885,-2.4551735,3.9480619,1,
kwcy-9CHGdk_002,0.60545772,-0.90744793,1.5129057,1,
kwcy-9CHGdk_003,1.0282695,-1.0481361,2.0764056,1,
kwcy-9CHGdk_004,-0.3990216,-1.6448662,1.2458446,1,
kwcy-9CHGdk_005,-0.17529272,1.6098318,-1.7851245,1,
kwcy-9CHGdk_006,-2.7809923,-1.4097281,-1.3712642,1,
l0h9wUTrNbI_000,0.56241035,-2.6657264,3.2281368,1,
l0h9wUTrNbI_001,-2.8458982,-1.3850538,-1.4608444,1,
l3maA9F6wt0_000,-1.7658529,-0.68766171,-1.0781912,1,
l3maA9F6wt0_001,-4.2283416,-2.8781407,-1.3502009,1,
l3maA9F6wt0_002,-2.1692972,-1.7703,-0.39899719,1,
l3maA9F6wt0_003,-1.8653715,0.50969696,-2.3750684,1,
l3maA9F6wt0_004,-1.6786069,-0.94568342,-0.73292345,1,
l3maA9F6wt0_005,-1.696792,-0.29942346,-1.3973686,1,
l3maA9F6wt0_006,-1.871576,1.1386168,-3.0101928,1,
l3maA9F6wt0_007,-2.2930992,-0.8868618,-1.4062374,1,
l3maA9F6wt0_008,-2.4376893,1.6861521,-4.1238414,1,
l3maA9F6wt0_009,-2.7028604,-1.0508685,-1.6519918,1,
l3maA9F6wt0_010,-2.3512392,0.18552287,-2.5367621,1,
l3maA9F6wt0_011,-0.68085915,0.23284481,-0.91370396,1,
l3maA9F6wt0_012,-0.86623079,-0.73047763,-0.13575315,1,
l3maA9F6wt0_013,-0.060544413,-2.6453817,2.5848373,1,
l5I1tLaBdDA_000,-3.109215,0.24953347,-3.3587485,1,
l5I1tLaBdDA_001,-1.0354537,0.76108146,-1.7965351,1,
l5I1tLaBdDA_002,-1.7921457,0.85904735,-2.6511931,1,
l5I1tLaBdDA_003,-2.0896022,-0.5470292,-1.542573,1,
l5I1tLaBdDA_004,-0.4352825,0.63570333,-1.0709858,1,
l5I1tLaBdDA_005,-1.8943846,0.40327418,-2.2976588,1,
l5I1tLaBdDA_006,-4.2924275,-0.97584391,-3.3165836,1,
lLRQzWscCQ8_000,0.18202294,-2.2092187,2.3912417,1,
lLRQzWscCQ8_001,-1.6454059,-0.7259565,-0.91944939,1,
lLRQzWscCQ8_002,-5.1911206,-2.4203904,-2.7707303,1,
lO5UnkHDgE0_000,0.27549008,0.51995683,-0.24446675,1,
lO5UnkHDgE0_001,-0.45296681,0.94454682,-1.3975136,1,
lO5UnkHDgE0_002,-3.878793,-2.1110806,-1.7677124,1,
lO5UnkHDgE0_003,-1.1270705,2.0096073,-3.1366779,1,
lO5UnkHDgE0_004,-0.098470561,-1.0872759,0.9888053,1,
lO5UnkHDgE0_005,-2.7722006,0.62424904,-3.3964496,1,
lO5UnkHDgE0_006,-5.6128316,-2.2210248,-3.3918068,1,
lO5UnkHDgE0_007,-2.6772623,-0.81442475,-1.8628376,1,
lQ9Ptj6nQCE_000,-1.4637069,-0.22968394,-1.2340229,1,
lQ9Ptj6nQCE_001,-3.9957395,-0.91345417,-3.0822853,1,
lQ9Ptj6nQCE_002,-3.4613316,-0.66306984,-2.7982618,1,
lSPNfjuh5ho_000,-1.3700027,-0.33686379,-1.033139,1,
lSPNfjuh5ho_001,-0.60255641,-0.6173321,0.014775693,1,
lSPNfjuh5ho_002,-1.3971882,0.54220289,-1.9393911,1,
lSPNfjuh5ho_003,-3.0918291,-0.98920971,-2.1026193,1,
lSPNfjuh5ho_004,-1.0784363,0.79110903,-1.8695453,1,
lSPNfjuh5ho_005,-2.1100633,-0.79592693,-1.3141364,1,
lZZoMgE8On4_000,-2.529222,-0.45282227,-2.0763997,1,
lZZoMgE8On4_001,-0.086379275,0.23136003,-0.31773931,1,
lZZoMgE8On4_002,-1.9645394,-0.71127421,-1.2532652,1,
lZZoMgE8On4_003,0.71130276,1.0736771,-0.36237431,1,
lZZoMgE8On4_004,1.0191556,1.8233405,-0.80418491,1,
lZZoMgE8On4_005,-1.5598645,0.34013364,-1.8999982,1,
lZZoMgE8On4_006,-2.7829452,0.34080273,-3.1237479,1,
lZZoMgE8On4_007,-2.0255585,0.27574134,-2.3012998,1,
lZZoMgE8On4_008,-1.9464093,-0.86571163,-1.0806977,1,
lZZoMgE8On4_009,-1.6693836,-0.64214098,-1.0272427,1,
lZZoMgE8On4_010,-1.1991762,-0.40110606,-0.79807013,1,
lZZoMgE8On4_011,-1.4505843,0.17991363,-1.6304979,1,
lZZoMgE8On4_012,-2.5372536,-1.1272689,-1.4099847,1,
lZZoMgE8On4_013,-2.7893996,-1.4770677,-1.3123319,1,
lZZoMgE8On4_014,-2.3196807,-1.4786859,-0.84099483,1,
lZZoMgE8On4_015,-0.91816574,0.28849554,-1.2066613,1,
lZZoMgE8On4_016,0.12094513,-2.3012106,2.4221558,1,
lZZoMgE8On4_017,-3.0080154,-1.0792542,-1.9287612,1,
m6OSbnAy7zw_000,0.91029578,-2.3714969,3.2817927,1,
m6OSbnAy7zw_001,-0.22856718,-2.2313321,2.0027649,1,
m6OSbnAy7zw_002,-2.4003739,-2.3342259,-0.066148043,1,
m6OSbnAy7zw_003,-4.4931278,-0.96435225,-3.5287756,1,
mAY9rHmQCFE_000,-1.6065419,-0.70982969,-0.89671218,1,
mAY9rHmQCFE_001,-1.2341967,-0.80028379,-0.43391287,1,
mAY9rHmQCFE_002,-3.9561958,-0.73966718,-3.2165287,1,
mh2gkX1tceE_000,0.18202294,-2.2092187,2.3912417,1,
mh2gkX1tceE_001,-1.7343662,-1.5480417,-0.18632448,1,
mh2gkX1tceE_002,-3.9506803,-1.3698295,-2.5808507,1,
mh2gkX1tceE_003,-4.3720174,-1.8604513,-2.511566,1,
mlNSL9Bt5dw_000,-0.17774402,0.4407745,-0.61851852,1,
mlNSL9Bt5dw_001,-2.119935,-0.39002585,-1.7299092,1,
mlNSL9Bt5dw_002,-3.5523214,-1.9649012,-1.5874202,1,
mlNSL9Bt5dw_003,-2.362932,-0.5779016,-1.7850304,1,
mlNSL9Bt5dw_004,-2.4033604,-0.11040983,-2.2929505,1,
mlNSL9Bt5dw_005,-3.284054,-1.1948242,-2.0892298,1,
mlNSL9Bt5dw_006,-1.7741071,-1.3972821,-0.37682498,1,
mlNSL9Bt5dw_007,-3.1032202,-1.2463577,-1.8568625,1,
mlNSL9Bt5dw_008,-3.890183,-0.58346456,-3.3067184,1,
myyXZNJtXoM_000,-2.0903304,0.068321787,-2.1586521,1,
myyXZNJtXoM_001,-2.6994965,-0.77419472,-1.9253018,1,
myyXZNJtXoM_002,-3.3827345,0.0055276142,-3.3882622,1,
n3ZQI3jtmuE_000,-3.8656433,-1.8066308,-2.0590124,1,
n3ZQI3jtmuE_001,-1.6512932,1.6737796,-3.3250728,1,
n3ZQI3jtmuE_002,-2.7370036,0.019954128,-2.7569577,1,
n584e3exz7Y_000,-2.303858,-1.0168897,-1.2869684,1,
n584e3exz7Y_001,-1.0868539,-0.041136362,-1.0457175,1,
n584e3exz7Y_002,-1.5496874,-0.087358519,-1.4623289,1,
n584e3exz7Y_003,-1.8980421,-0.78747237,-1.1105697,1,
n584e3exz7Y_004,0.56737959,0.78108352,-0.21370393,1,
n584e3exz7Y_005,0.15979941,1.4988619,-1.3390625,1,
n584e3exz7Y_006,-3.2243133,-2.7408712,-0.48344207,1,
n584e3exz7Y_007,-3.6079085,-3.4880323,-0.11987615,1,
n584e3exz7Y_008,-3.0439301,-1.2869244,-1.7570057,1,
n584e3exz7Y_009,-4.6052222,-1.2261635,-3.3790587,1,
n584e3exz7Y_010,-2.1729069,-0.2329386,-1.9399683,1,
n584e3exz7Y_011,-2.3903844,-2.2498164,-0.14056802,1,
n584e3exz7Y_012,-2.4799407,-0.83919734,-1.6407433,1,
n584e3exz7Y_013,-3.517895,-3.0730321,-0.44486284,1,
n584e3exz7Y_014,-1.7883836,-1.8624743,0.074090719,1,
n584e3exz7Y_015,-3.4029524,-2.7173715,-0.68558097,1,
n584e3exz7Y_016,-3.8914731,-4.1875625,0.29608941,1,
n584e3exz7Y_017,-0.50165123,1.6171328,-2.118784,1,
n584e3exz7Y_018,-3.2943277,-3.5546927,0.26036501,1,
n584e3exz7Y_019,-3.8486388,-1.8587669,-1.9898719,1,
n584e3exz7Y_020,-3.861475,-4.2541656,0.39269066,1,
n584e3exz7Y_021,-2.2771041,-1.3200173,-0.9570868,1,
n584e3exz7Y_022,-1.5873147,-1.5569187,-0.030395985,1,
n584e3exz7Y_023,-2.1972253,-2.7315335,0.5343082,1,
n584e3exz7Y_024,-1.9789758,-0.55747992,-1.4214959,1,
n584e3exz7Y_025,-2.4505436,-0.73620963,-1.714334,1,
n584e3exz7Y_026,-3.1463313,-2.9131861,-0.23314524,1,
n584e3exz7Y_027,-1.8424259,-2.9180484,1.0756224,1,
n584e3exz7Y_028,1.0618618,1.7731217,-0.71125996,1,
n584e3exz7Y_029,-2.207556,-1.6313208,-0.57623518,1,
n584e3exz7Y_030,-2.5759015,-1.8182689,-0.75763261,1,
n584e3exz7Y_031,-3.6774597,-3.0178118,-0.65964794,1,
n584e3exz7Y_032,0.97397566,2.4367485,-1.4627728,1,
n584e3exz7Y_033,0.33904436,0.032359984,0.30668438,1,
n584e3exz7Y_034,-3.0854008,-1.9554646,-1.1299362,1,
n584e3exz7Y_035,-3.6835186,-1.473143,-2.2103757,1,
n584e3exz7Y_036,-0.98136777,-3.3464019,2.3650342,1,
n584e3exz7Y_037,-2.8258853,-1.6323137,-1.1935716,1,
nCgFcwX9xMw_000,-1.4054565,0.26306292,-1.6685195,1,
nCgFcwX9xMw_001,-1.7246835,1.1834146,-2.9080981,1,
nCgFcwX9xMw_002,-1.5047251,-2.2069292,0.70220411,1,
nCgFcwX9xMw_003,0.63325995,0.98276085,-0.34950089,1,
nCgFcwX9xMw_004,-0.92175835,0.22145174,-1.1432101,1,
nKEgFhap4q0_000,-4.2426939,-2.1064343,-2.1362596,1,
nKEgFhap4q0_001,-2.1770389,-2.7819576,0.60491872,1,
nKEgFhap4q0_002,-0.90322012,-1.8684745,0.96525437,1,
nKEgFhap4q0_003,-4.7317643,-3.3451123,-1.386652,1,
nKEgFhap4q0_004,-1.6434571,-0.36217931,-1.2812777,1,
nKEgFhap4q0_005,-0.97634393,0.65794402,-1.634288,1,
nKEgFhap4q0_006,-0.95134264,0.60005152,-1.5513942,1,
nKEgFhap4q0_007,-1.31224,-0.020591913,-1.2916481,1,
nKEgFhap4q0_008,-3.9702413,-2.7718015,-1.1984398,1,
nKEgFhap4q0_009,-1.7380505,-0.63315243,-1.104898,1,
nKEgFhap4q0_010,-0.18889886,1.2916064,-1.4805053,1,
nKEgFhap4q0_011,-1.8612037,-2.7922695,0.9310658,1,
nKEgFhap4q0_012,-2.6855297,-1.2858162,-1.3997135,1,
naqbrcuqhYc_000,0.34835204,0.11937436,0.22897768,1,
naqbrcuqhYc_001,-0.36356786,-0.45604509,0.092477232,1,
naqbrcuqhYc_002,-0.18400571,0.49977645,-0.68378216,1,
naqbrcuqhYc_003,-1.661709,0.01200019,-1.6737091,1,
naqbrcuqhYc_004,-2.7710931,-0.71204346,-2.0590497,1,
naqbrcuqhYc_005,-2.542202,-0.1643876,-2.3778144,1,
naqbrcuqhYc_006,-0.85356724,1.3820869,-2.2356541,1,
naqbrcuqhYc_007,-1.6899573,1.0825549,-2.7725122,1,
naqbrcuqhYc_008,-0.58124053,1.5095799,-2.0908204,1,
naqbrcuqhYc_009,-2.0063224,0.77082598,-2.7771484,1,
naqbrcuqhYc_010,-1.6779398,0.024895437,-1.7028352,1,
naqbrcuqhYc_011,1.4899564,2.1279733,-0.63801694,1,
naqbrcuqhYc_012,-1.3717918,1.7075505,-3.0793424,1,
naqbrcuqhYc_013,0.87181967,0.24577059,0.62604909,1,
naqbrcuqhYc_014,-0.65332443,-2.6896372,2.0363128,1,
naqbrcuqhYc_015,-2.9371436,-1.6258204,-1.3113232,1,
ncIeYYcpTHQ_000,-4.7327719,-1.5213817,-3.2113901,1,
ncIeYYcpTHQ_001,-2.4324827,-0.46464181,-1.9678409,1,
ncIeYYcpTHQ_002,-2.6200502,-0.12915559,-2.4908946,1,
ncIeYYcpTHQ_003,-3.0863781,-0.021520898,-3.0648572,1,
ncIeYYcpTHQ_004,-3.8773751,-0.69523203,-3.1821431,1,
nfRHPZcp-0Y_000,-0.17792343,-0.85787398,0.67995055,1,
nfRHPZcp-0Y_001,-0.20755985,-0.35215208,0.14459223,1,
nfRHPZcp-0Y_002,-1.1250665,0.93581706,-2.0608836,1,
nfRHPZcp-0Y_003,-3.9627593,-0.25599387,-3.7067654,1,
ngkZnFdgUGo_000,-1.2759433,-0.78376466,-0.49217862,1,
ngkZnFdgUGo_001,-1.9345052,-0.24893837,-1.6855669,1,
ngkZnFdgUGo_002,-1.8404789,0.078144699,-1.9186236,1,
ngkZnFdgUGo_003,-0.71579927,1.5613768,-2.2771761,1,
ngkZnFdgUGo_004,-3.4893227,-1.0554513,-2.4338714,1,
ngkZnFdgUGo_005,-1.9967159,-0.088010855,-1.908705,1,
ngkZnFdgUGo_006,-1.1761503,0.71324265,-1.889393,1,
ngkZnFdgUGo_007,-1.6266644,1.0256834,-2.6523478,1,
ngkZnFdgUGo_008,-0.86261183,1.3791414,-2.2417533,1,
ngkZnFdgUGo_009,0.17654493,-0.12857948,0.30512442,1,
ngkZnFdgUGo_010,-2.6919394,-3.4400713,0.74813199,1,
ngkZnFdgUGo_011,-2.2855482,-0.35507447,-1.9304737,1,
nvTbhTrDJI0_000,-2.6341426,-0.57911026,-2.0550324,1,
nvTbhTrDJI0_001,1.1596651,0.15572338,1.0039417,1,
nvTbhTrDJI0_002,-0.6687007,2.4299567,-3.0986574,1,
nvTbhTrDJI0_003,1.0403665,3.0212021,-1.9808356,1,
nvTbhTrDJI0_004,-0.13869923,0.36017144,-0.49887067,1,
nvTbhTrDJI0_005,-1.2170782,1.9408654,-3.1579436,1,
nvTbhTrDJI0_006,-1.3311772,2.4269884,-3.7581656,1,
nvTbhTrDJI0_007,-2.6201277,1.4483664,-4.0684941,1,
nvTbhTrDJI0_008,-2.8470995,-0.77562565,-2.0714739,1,
nvTbhTrDJI0_009,-4.1546011,-1.1554103,-2.9991908,1,
nvTbhTrDJI0_010,-1.7471201,0.38553497,-2.1326551,1,
nvTbhTrDJI0_011,-4.3004732,-1.0052588,-3.2952144,1,
nx01uWRkqlQ_000,-4.046711,-1.6261774,-2.4205335,1,
nx01uWRkqlQ_001,-0.11655033,-0.82118088,0.70463055,1,
nx01uWRkqlQ_002,-0.29701224,-0.87812275,0.58111051,1,
nx01uWRkqlQ_003,1.1631517,-0.22140293,1.3845547,1,
nx01uWRkqlQ_004,-0.65105498,-1.1966558,0.54560077,1,
nx01uWRkqlQ_005,-0.226273,-0.16603439,-0.060238615,1,
nx01uWRkqlQ_006,-0.3621698,-0.73586184,0.37369204,1,
nx01uWRkqlQ_007,1.6647358,0.91481459,0.7499212,1,
nx01uWRkqlQ_008,-0.0040785079,-0.63369584,0.62961733,1,
nx01uWRkqlQ_009,1.2222924,0.19058889,1.0317035,1,
nx01uWRkqlQ_010,1.3775576,-0.3136093,1.6911669,1,
nx01uWRkqlQ_011,-0.60177743,-0.92515332,0.32337588,1,
nx01uWRkqlQ_012,-3.0395255,-1.2009809,-1.8385446,1,
nx01uWRkqlQ_013,-0.59074235,-2.6343522,2.0436099,1,
nx01uWRkqlQ_014,-2.6683047,-1.225288,-1.4430166,1,
o0tTotoFe5M_000,-0.13597165,-1.1284356,0.99246396,1,
o0tTotoFe5M_001,2.370893,0.87703192,1.4938611,1,
o0tTotoFe5M_002,1.9506212,1.80762,0.1430012,1,
o0tTotoFe5M_003,0.82003874,-0.61529016,1.4353289,1,
o0tTotoFe5M_004,3.308182,1.8433533,1.4648287,1,
o0tTotoFe5M_005,0.94908631,1.1235768,-0.17449045,1,
o0tTotoFe5M_006,2.6268661,0.96990228,1.6569638,1,
o0tTotoFe5M_007,0.65628034,1.3880897,-0.73180932,1,
o0tTotoFe5M_008,0.03190862,0.72416508,-0.69225646,1,
o0tTotoFe5M_009,0.22874328,0.91127384,-0.68253055,1,
o0tTotoFe5M_010,-0.25017309,0.77193463,-1.0221077,1,
o0tTotoFe5M_011,2.8795753,2.1595695,0.72000575,1,
o0tTotoFe5M_012,-3.7804461,5.4143572,-9.1948032,1,
o0tTotoFe5M_013,-4.0645771,4.1317668,-8.1963439,1,
o0tTotoFe5M_014,-2.6652055,5.5513911,-8.2165966,1,
o0tTotoFe5M_015,-3.3067322,4.70121,-8.0079422,1,
o0tTotoFe5M_016,-4.11236,0.32643244,-4.4387924,1,
o0tTotoFe5M_017,-3.1821797,2.492686,-5.6748657,1,
o0tTotoFe5M_018,-3.0402868,0.45336315,-3.4936499,1,
o0tTotoFe5M_019,-2.6224401,2.0965128,-4.7189529,1,
o0tTotoFe5M_020,-3.5457523,1.9070982,-5.4528505,1,
o0tTotoFe5M_021,-4.8572602,0.076139785,-4.9334,1,
o0tTotoFe5M_022,2.06445,1.8949788,0.16947126,1,
o0tTotoFe5M_023,-0.44002935,0.99915224,-1.4391816,1,
o0tTotoFe5M_024,1.5876381,0.98521543,0.60242271,1,
o0tTotoFe5M_025,1.5673333,0.94242018,0.62491316,1,
o0tTotoFe5M_026,0.323612,1.8025063,-1.4788943,1,
o0tTotoFe5M_027,1.4325658,1.4994962,-0.066930413,1,
o0tTotoFe5M_028,1.6028615,0.68968266,0.91317886,1,
o0tTotoFe5M_029,-0.25835222,-2.3505082,2.092156,1,
o0tTotoFe5M_030,-2.5542305,-0.81850249,-1.735728,1,
oHqPUYmq_Ug_000,-2.9148095,-0.79586738,-2.1189421,1,
oHqPUYmq_Ug_001,-2.6873002,-1.3982463,-1.2890539,1,
oHqPUYmq_Ug_002,-0.71460021,-1.0774291,0.36282885,1,
oHqPUYmq_Ug_003,-1.5265235,1.9756441,-3.5021676,1,
oHqPUYmq_Ug_004,-3.1726627,-0.83173752,-2.3409252,1,
oHqPUYmq_Ug_005,-4.2880054,-0.7382952,-3.5497102,1,
oRhMEzUTOYU_000,-1.5208033,0.15556222,-1.6763656,1,
oRhMEzUTOYU_001,-2.9540136,0.017385138,-2.9713987,1,
oRhMEzUTOYU_002,-4.0999718,-0.38405123,-3.7159205,1,
o__z0xfi-DY_000,-1.8226937,-0.96557331,-0.85712039,1,
o__z0xfi-DY_001,0.028575158,-2.2817562,2.3103313,1,
o__z0xfi-DY_002,-2.5542979,-0.89000583,-1.6642921,1,
ofwQOtQzB_M_000,-3.5724866,-3.0538676,-0.51861906,1,
ofwQOtQzB_M_001,-1.6416211,-0.16019082,-1.4814303,1,
ofwQOtQzB_M_002,-0.83287013,-0.35506606,-0.47780406,1,
ofwQOtQzB_M_003,2.2989793,2.8558834,-0.55690408,1,
ofwQOtQzB_M_004,2.4423203,2.9493644,-0.50704408,1,
ofwQOtQzB_M_005,-3.7860534,-2.7243853,-1.0616682,1,
ofwQOtQzB_M_006,-0.75493574,-3.3688052,2.6138694,1,
ofwQOtQzB_M_007,-2.3170886,-0.52688533,-1.7902033,1,
p-QSXN8bce4_000,0.99514872,-0.1722125,1.1673612,1,
p-QSXN8bce4_001,-1.3492174,-1.1670889,-0.18212855,1,
p-QSXN8bce4_002,-0.61757421,-0.13937406,-0.47820015,1,
p-QSXN8bce4_003,-1.5686789,-0.84807056,-0.72060829,1,
p-QSXN8bce4_004,-1.8960801,-1.4230669,-0.47301328,1,
p-QSXN8bce4_005,0.52346855,-2.1129971,2.6364656,1,
p-QSXN8bce4_006,-2.2383001,-0.43057489,-1.8077252,1,
p0JmhpXQ2rw_000,-3.1091592,-0.35853148,-2.7506278,1,
p0JmhpXQ2rw_001,1.1011841,-1.3036261,2.4048102,1,
p0JmhpXQ2rw_002,-1.5819871,0.081932612,-1.6639198,1,
p0JmhpXQ2rw_003,-4.0547738,-0.75730628,-3.2974675,1,
p4Lb0PUk7U4_000,-1.3613297,-1.0622537,-0.29907596,1,
p4Lb0PUk7U4_001,-3.5170758,-1.6042432,-1.9128326,1,
p4Lb0PUk7U4_002,-0.24377847,0.0018885968,-0.24566706,1,
p4Lb0PUk7U4_003,-1.9560128,0.22803959,-2.1840524,1,
p4Lb0PUk7U4_004,-4.3881335,-1.1064379,-3.2816956,1,
pHbtsTczrrc_000,-0.96627331,-0.14110744,-0.82516587,1,
pHbtsTczrrc_001,-0.060459193,-0.59809381,0.53763461,1,
pHbtsTczrrc_002,-2.0967014,-0.41752219,-1.6791792,1,
pHbtsTczrrc_003,-4.2065978,-0.65506279,-3.551535,1,
pObiqaGBlZk_000,0.16757922,-1.4686407,1.6362199,1,
pObiqaGBlZk_001,-0.095833346,0.081603713,-0.17743706,1,
pObiqaGBlZk_002,-1.7689674,-1.8959519,0.12698448,1,
pObiqaGBlZk_003,-3.0678885,-0.80820853,-2.25968,1,
pObiqaGBlZk_004,-4.1828852,-0.41119075,-3.7716944,1,
pR4PVYPBNGI_000,-1.8495202,-0.32743809,-1.5220821,1,
pR4PVYPBNGI_001,-1.6106538,2.8533671,-4.4640208,1,
pR4PVYPBNGI_002,-1.151625,0.33996117,-1.4915862,1,
pR4PVYPBNGI_003,-0.37342322,0.23533379,-0.608757,1,
pR4PVYPBNGI_004,-0.33299717,-0.64472276,0.31172559,1,
pR4PVYPBNGI_005,-1.9751443,0.1735606,-2.1487049,1,
pR4PVYPBNGI_006,-2.7202234,0.67398584,-3.3942093,1,
pR4PVYPBNGI_007,-0.49612233,0.92423975,-1.4203621,1,
pR4PVYPBNGI_008,-4.2946644,-0.24554028,-4.0491241,1,
pR4PVYPBNGI_009,-2.4417455,0.13547161,-2.5772171,1,
pR4PVYPBNGI_010,-4.0784621,-0.92305493,-3.1554072,1,
pSywdH596jI_000,-4.8670807,-1.7294583,-3.1376224,1,
pSywdH596jI_001,1.6359228,1.3015381,0.33438468,1,
pSywdH596jI_002,-0.7674191,0.52635473,-1.2937738,1,
pSywdH596jI_003,0.68719739,-0.1504378,0.83763519,1,
pSywdH596jI_004,-1.9476792,0.24549519,-2.1931743,1,
pSywdH596jI_005,-4.560524,-1.3020642,-3.2584598,1,
pVn529r5yWc_000,-1.6898203,2.3386462,-4.0284665,1,
pVn529r5yWc_001,-0.91008514,2.573283,-3.4833681,1,
pVn529r5yWc_002,-2.4666915,0.20349517,-2.6701867,1,
pVn529r5yWc_003,-3.8362188,-1.4418077,-2.3944111,1,
pVn529r5yWc_004,-3.9845467,-0.72236419,-3.2621825,1,
papSH97_ASI_000,-4.4079719,-2.1424236,-2.2655482,1,
papSH97_ASI_001,-2.3898778,-0.92756319,-1.4623146,1,
papSH97_ASI_002,-3.5592194,-3.7428522,0.18363285,1,
papSH97_ASI_003,-0.94968897,-0.40002599,-0.54966298,1,
papSH97_ASI_004,-3.232976,-3.5065567,0.27358079,1,
papSH97_ASI_005,-1.8244946,-2.7843082,0.95981359,1,
papSH97_ASI_006,-2.9430506,-0.94108915,-2.0019615,1,
ph0ZsgRG4w0_000,-0.52493006,-1.1518631,0.62693304,1,
ph0ZsgRG4w0_001,-1.5560668,0.23442219,-1.7904889,1,
ph0ZsgRG4w0_002,-2.7171683,-1.025209,-1.6919594,1,
ph0ZsgRG4w0_003,-2.3701603,0.031898662,-2.402059,1,
ph0ZsgRG4w0_004,-3.6346819,-0.6114921,-3.0231898,1,
pkdxwDYU9Bo_000,-1.8968719,-0.14361428,-1.7532576,1,
pkdxwDYU9Bo_001,-1.6764606,-0.35098889,-1.3254717,1,
pkdxwDYU9Bo_002,-0.97301006,0.032005649,-1.0050157,1,
pkdxwDYU9Bo_003,-0.73959225,1.0904901,-1.8300824,1,
pkdxwDYU9Bo_004,-0.87625289,-0.2978062,-0.57844669,1,
pkdxwDYU9Bo_005,-1.6425458,-0.53962725,-1.1029186,1,
pkdxwDYU9Bo_006,-1.65596,-1.1391132,-0.51684678,1,
pkdxwDYU9Bo_007,-0.22291747,-2.4203017,2.1973842,1,
pkdxwDYU9Bo_008,-2.938514,-1.4311005,-1.5074135,1,
pu2RV-9xVtk_000,-0.59123498,-3.7082174,3.1169824,1,
pu2RV-9xVtk_001,1.1707833,-2.2523363,3.4231195,1,
pu2RV-9xVtk_002,-2.2823217,0.067262314,-2.349584,1,
pu2RV-9xVtk_003,-1.2080961,1.1265323,-2.3346285,1,
pu2RV-9xVtk_004,-0.8358466,-0.54379904,-0.29204756,1,
pu2RV-9xVtk_005,-0.84624332,-0.45844772,-0.3877956,1,
pu2RV-9xVtk_006,-2.7351892,-0.33674714,-2.3984421,1,
pu2RV-9xVtk_007,-3.8986895,-0.80584985,-3.0928397,1,
q6CTRjrHToY_000,-1.2889861,0.093272477,-1.3822586,1,
q6CTRjrHToY_001,-2.5132518,-0.30382916,-2.2094226,1,
q6CTRjrHToY_002,-3.5347247,-1.3986586,-2.1360661,1,
q6CTRjrHToY_003,-3.137526,0.41743392,-3.55496,1,
q6CTRjrHToY_004,-3.8412201,-0.56796056,-3.2732596,1,
q8Uuu6cSgDg_000,-2.8205507,-0.20348863,-2.617062,1,
q8Uuu6cSgDg_001,3.7217727,0.46282822,3.2589445,1,
q8Uuu6cSgDg_002,3.2647355,-0.63152838,3.8962638,1,
q8Uuu6cSgDg_003,2.8399775,-0.98719156,3.8271691,1,
q8Uuu6cSgDg_004,3.1978178,-0.14938086,3.3471987,1,
q8Uuu6cSgDg_005,0.70858961,-3.5498776,4.2584673,1,
q8Uuu6cSgDg_006,3.0544515,-1.4452776,4.499729,1,
q8Uuu6cSgDg_007,-2.1232927,-0.85931867,-1.263974,1,
q8Uuu6cSgDg_008,-4.3050218,-0.9976517,-3.3073701,1,
qFwfiOIRZbg_000,-0.93662149,-0.65387762,-0.28274387,1,
qFwfiOIRZbg_001,-1.2333376,0.60493547,-1.8382731,1,
qFwfiOIRZbg_002,-3.5383058,-0.22082068,-3.3174851,1,
qT1RaTk0Puw_000,-1.3426452,-1.7671336,0.42448843,1,
qT1RaTk0Puw_001,-0.41809919,-0.014027976,-0.40407122,1,
qT1RaTk0Puw_002,-2.3706121,-1.9491836,-0.42142856,1,
qT1RaTk0Puw_003,-0.60134286,0.24667361,-0.84801647,1,
qT1RaTk0Puw_004,-1.5364637,1.4636345,-3.0000982,1,
qT1RaTk0Puw_005,-0.37324679,-1.9558161,1.5825694,1,
qT1RaTk0Puw_006,0.73640591,-0.98184764,1.7182536,1,
qT1RaTk0Puw_007,1.0386997,-1.781361,2.8200607,1,
qT1RaTk0Puw_008,0.14663231,-0.23225246,0.37888478,1,
qT1RaTk0Puw_009,-0.20679921,-0.94281721,0.736018,1,
qT1RaTk0Puw_010,4.106349,1.3196814,2.7866676,1,
qT1RaTk0Puw_011,-0.68699539,0.51342803,-1.2004234,1,
qT1RaTk0Puw_012,0.75502926,-0.24150008,0.99652934,1,
qT1RaTk0Puw_013,-2.5683849,-0.53398651,-2.0343984,1,
qT1RaTk0Puw_014,1.6471908,1.338447,0.30874383,1,
qT1RaTk0Puw_015,0.18810633,-0.86120731,1.0493136,1,
qT1RaTk0Puw_016,-0.79300958,-1.90982,1.1168104,1,
qT1RaTk0Puw_017,1.4491117,1.7288272,-0.27971554,1,
qT1RaTk0Puw_018,0.2540918,-2.5254328,2.7795246,1,
qT1RaTk0Puw_019,-2.3251171,-0.86432588,-1.4607912,1,
qbSDBzawSIw_000,1.4690702,0.48857751,0.98049268,1,
qbSDBzawSIw_001,0.14094521,1.0711511,-0.93020593,1,
qbSDBzawSIw_002,-2.1042106,1.7114158,-3.8156264,1,
qbSDBzawSIw_003,-0.2524755,3.4927871,-3.7452626,1,
qbSDBzawSIw_004,-1.1067132,0.33290082,-1.439614,1,
qbSDBzawSIw_005,-1.640442,1.740338,-3.38078,1,
qbSDBzawSIw_006,-2.0290442,0.2221113,-2.2511555,1,
qbSDBzawSIw_007,-2.1043022,-0.10147507,-2.0028271,1,
qbSDBzawSIw_008,-2.2573631,-0.85175645,-1.4056066,1,
qbSDBzawSIw_009,-2.5842788,-0.53652233,-2.0477565,1,
qbSDBzawSIw_010,-1.3371673,0.13294382,-1.4701111,1,
qbSDBzawSIw_011,0.85939306,-1.1810973,2.0404903,1,
qbSDBzawSIw_012,-1.7137548,-0.27933952,-1.4344153,1,
qsF93-MjAXQ_000,-0.005026517,-0.26229867,0.25727216,1,
qsF93-MjAXQ_001,-1.8883207,-0.3917695,-1.4965512,1,
qsF93-MjAXQ_002,0.31888196,3.0717812,-2.7528992,1,
qsF93-MjAXQ_003,-0.064798445,1.3786547,-1.4434532,1,
qsF93-MjAXQ_004,-0.2153431,1.1339853,-1.3493284,1,
qsF93-MjAXQ_005,-1.0862782,2.3930671,-3.4793453,1,
qsF93-MjAXQ_006,-4.5768342,-0.81386065,-3.7629735,1,
qsF93-MjAXQ_007,-1.9479994,0.70009089,-2.6480902,1,
qsF93-MjAXQ_008,-1.750002,1.0515893,-2.8015913,1,
qsF93-MjAXQ_009,-1.0384356,1.2922773,-2.3307129,1,
qsF93-MjAXQ_010,-1.4395679,0.74242365,-2.1819916,1,
qsF93-MjAXQ_011,-0.17011541,-0.25623885,0.086123437,1,
qsF93-MjAXQ_012,-1.7760817,-3.300735,1.5246533,1,
qsF93-MjAXQ_013,-2.0689166,-0.424546,-1.6443706,1,
qxx187UEnMQ_000,-3.9277945,-1.6815469,-2.2462475,1,
qxx187UEnMQ_001,0.4226003,-0.76676154,1.1893618,1,
qxx187UEnMQ_002,-0.065010533,-0.80283153,0.737821,1,
qxx187UEnMQ_003,0.4314633,-0.27668849,0.70815179,1,
qxx187UEnMQ_004,-0.45220387,-1.0204202,0.56821632,1,
qxx187UEnMQ_005,-0.60038203,-0.26678011,-0.33360192,1,
qxx187UEnMQ_006,-0.45467743,-0.87341338,0.41873595,1,
qxx187UEnMQ_007,1.1790069,0.035388041,1.1436189,1,
qxx187UEnMQ_008,-0.15110518,-0.84166914,0.69056396,1,
qxx187UEnMQ_009,1.1728188,0.061150089,1.1116687,1,
qxx187UEnMQ_010,-0.5873841,-0.60167086,0.014286757,1,
qxx187UEnMQ_011,-1.7959218,-1.1887152,-0.60720658,1,
qxx187UEnMQ_012,0.5087955,-2.6714044,3.1801999,1,
qxx187UEnMQ_013,-2.0341771,-0.0018738098,-2.0323033,1,
qyI11NALuMs_000,0.4922629,0.77369034,-0.28142744,1,
qyI11NALuMs_001,-1.1619842,0.019419087,-1.1814033,1,
qyI11NALuMs_002,-1.8750876,0.26273921,-2.1378268,1,
qyI11NALuMs_003,-4.0066767,-0.097941287,-3.9087354,1,
qzm-lyaKGkg_000,5.5995216,1.6989172,3.9006045,1,
qzm-lyaKGkg_001,2.2276468,1.4038624,0.82378447,1,
qzm-lyaKGkg_002,1.1195221,1.6747217,-0.55519962,1,
qzm-lyaKGkg_003,0.47349602,0.8229304,-0.34943438,1,
qzm-lyaKGkg_004,1.0699215,2.0592372,-0.98931575,1,
qzm-lyaKGkg_005,1.0980071,1.7666278,-0.66862071,1,
qzm-lyaKGkg_006,-0.87408233,-1.9891139,1.1150316,1,
qzm-lyaKGkg_007,-3.669203,-1.2466096,-2.4225935,1,
qzm-lyaKGkg_008,-4.1213245,-0.2954511,-3.8258734,1,
r30aV9fQcr0_000,-1.6907831,-0.25670794,-1.4340752,1,
r30aV9fQcr0_001,-2.6871526,-2.1124451,-0.57470751,1,
r30aV9fQcr0_002,-1.2967883,-0.4094874,-0.88730094,1,
r30aV9fQcr0_003,-0.20027252,1.02624,-1.2265125,1,
r30aV9fQcr0_004,-2.1644595,0.18678245,-2.3512419,1,
r30aV9fQcr0_005,3.5108383,-0.66800094,4.1788392,1,
r30aV9fQcr0_006,-1.8055174,-0.51110089,-1.2944165,1,
r30aV9fQcr0_007,-2.4587033,-1.897753,-0.56095028,1,
r30aV9fQcr0_008,-1.5781468,0.89390713,-2.4720539,1,
r30aV9fQcr0_009,-1.3121347,0.40207002,-1.7142048,1,
r30aV9fQcr0_010,1.1176801,2.4491224,-1.3314424,1,
r30aV9fQcr0_011,-1.4851358,0.54146409,-2.0265999,1,
r30aV9fQcr0_012,-3.5845103,-0.5164603,-3.06805,1,
r37jvdvehRQ_000,-1.771902,-0.46663487,-1.3052671,1,
r37jvdvehRQ_001,-2.7966549,-0.62645942,-2.1701955,1,
r37jvdvehRQ_002,-1.8623114,1.2077212,-3.0700326,1,
r37jvdvehRQ_003,-4.4185719,-0.96727109,-3.4513009,1,
r68V8aBfZD8_000,-1.15597,1.815253,-2.971223,1,
r68V8aBfZD8_001,-2.0916572,2.2615864,-4.3532436,1,
r68V8aBfZD8_002,1.8519696,0.66517615,1.1867934,1,
r68V8aBfZD8_003,1.2431406,-0.75677902,1.9999196,1,
r68V8aBfZD8_004,-1.042738,-0.61108679,-0.43165118,1,
r68V8aBfZD8_005,-3.014888,0.8454982,-3.8603863,1,
r68V8aBfZD8_006,-1.3664473,1.3881248,-2.7545722,1,
r68V8aBfZD8_007,0.49117598,2.6892817,-2.1981057,1,
r68V8aBfZD8_008,-0.86579633,1.4965677,-2.3623641,1,
r68V8aBfZD8_009,-3.2291896,0.68869537,-3.917885,1,
r68V8aBfZD8_010,-1.6084263,0.21820855,-1.8266349,1,
r68V8aBfZD8_011,-3.6508963,-0.63370353,-3.0171928,1,
r7ZgEKq-UVQ_000,-3.1904011,-1.0037395,-2.1866616,1,
r7ZgEKq-UVQ_001,-3.3855052,-1.5122868,-1.8732184,1,
r7ZgEKq-UVQ_002,-4.5524988,-0.84568733,-3.7068115,1,
rSk0-BdtAok_000,-0.81478077,-1.0022385,0.18745774,1,
rSk0-BdtAok_001,-0.73873085,-1.6259691,0.8872382,1,
rSk0-BdtAok_002,-0.065312698,-2.4896646,2.4243519,1,
rWbXz8eei7Q_000,-1.6829932,0.88621688,-2.5692101,1,
rWbXz8eei7Q_001,0.65406746,1.4867346,-0.83266717,1,
rWbXz8eei7Q_002,1.8906574,0.87496167,1.0156958,1,
rWbXz8eei7Q_003,2.0335886,0.69355798,1.3400307,1,
rWbXz8eei7Q_004,0.94510621,0.95245337,-0.0073471665,1,
rWbXz8eei7Q_005,-0.30421278,1.1395928,-1.4438055,1,
rWbXz8eei7Q_006,1.6219362,2.0516436,-0.42970741,1,
rWbXz8eei7Q_007,1.8208185,0.9775455,0.84327304,1,
rWbXz8eei7Q_008,1.0185832,1.02808,-0.0094968081,1,
rWbXz8eei7Q_009,0.84517586,0.40767172,0.43750414,1,
rWbXz8eei7Q_010,1.5066614,1.2703292,0.23633218,1,
rWbXz8eei7Q_011,2.074614,1.4066286,0.66798544,1,
rWbXz8eei7Q_012,1.2893128,1.5860926,-0.29677975,1,
rWbXz8eei7Q_013,-2.3641355,-2.2809341,-0.083201408,1,
rWbXz8eei7Q_014,0.7575202,2.0437102,-1.28619,1,
rWbXz8eei7Q_015,-0.12282529,-2.1395566,2.0167314,1,
rWbXz8eei7Q_016,-2.4067974,-1.1956941,-1.2111033,1,
rgJOFwBIlsI_000,-0.55398047,-0.020247355,-0.53373311,1,
rgJOFwBIlsI_001,-0.32263246,0.16453131,-0.48716377,1,
rgJOFwBIlsI_002,-2.0962765,0.25587368,-2.3521502,1,
rgJOFwBIlsI_003,-2.4726071,0.069152646,-2.5417598,1,
rgJOFwBIlsI_004,-3.7413576,-1.9911755,-1.750182,1,
rgJOFwBIlsI_005,-1.6272843,0.72794706,-2.3552313,1,
rgJOFwBIlsI_006,-1.1980233,1.4174405,-2.6154639,1,
rgJOFwBIlsI_007,-1.5670378,0.073024571,-1.6400624,1,
rgJOFwBIlsI_008,-1.7835736,0.66155219,-2.4451258,1,
rgJOFwBIlsI_009,-1.2131364,1.3082016,-2.521338,1,
rgJOFwBIlsI_010,-2.2825391,-0.22188044,-2.0606587,1,
rgJOFwBIlsI_011,-0.10323779,-2.263917,2.1606792,1,
rgJOFwBIlsI_012,-2.3778396,-0.35346389,-2.0243757,1,
rhugJ6AP5Yk_000,-0.5820502,0.29634571,-0.87839592,1,
rhugJ6AP5Yk_001,-1.9274462,-0.54690993,-1.3805363,1,
rhugJ6AP5Yk_002,-2.9078462,-0.93620288,-1.9716433,1,
rhugJ6AP5Yk_003,-1.4135466,0.17138267,-1.5849292,1,
rhugJ6AP5Yk_004,-3.2401714,-1.307994,-1.9321774,1,
rhugJ6AP5Yk_005,-0.96542788,1.0235759,-1.9890038,1,
rhugJ6AP5Yk_006,-1.8966912,-1.0014685,-0.89522266,1,
rhugJ6AP5Yk_007,-0.30915868,-3.4525757,3.143417,1,
rhugJ6AP5Yk_008,-2.1841867,-0.63566875,-1.5485179,1,
rqqxzCLau5g_000,0.1811149,0.33965608,-0.15854119,1,
rqqxzCLau5g_001,2.0232689,0.93903285,1.0842361,1,
rqqxzCLau5g_002,-0.64641172,2.8235886,-3.4700003,1,
rqqxzCLau5g_003,-3.2617886,-0.21472019,-3.0470684,1,
rqqxzCLau5g_004,-0.54017317,1.2954669,-1.8356401,1,
rqqxzCLau5g_005,-1.2487707,2.13076,-3.3795307,1,
rqqxzCLau5g_006,-1.0205004,0.62363297,-1.6441334,1,
rqqxzCLau5g_007,-0.52704966,-0.45676583,-0.07028383,1,
rqqxzCLau5g_008,2.1528242,2.8991284,-0.74630427,1,
rqqxzCLau5g_009,0.93956822,1.8799965,-0.94042832,1,
rqqxzCLau5g_010,-0.69041955,-2.9127257,2.2223061,1,
rqqxzCLau5g_011,-3.1524351,-2.0555875,-1.0968475,1,
s1Hxy1SKwNg_000,1.9122779,1.5926359,0.31964207,1,
s1Hxy1SKwNg_001,1.6717862,1.0440997,0.6276865,1,
s1Hxy1SKwNg_002,0.12998718,-0.26179609,0.39178327,1,
s1Hxy1SKwNg_003,-0.36173704,-0.40934345,0.047606409,1,
s1Hxy1SKwNg_004,0.12479414,1.3718034,-1.2470093,1,
s1Hxy1SKwNg_005,0.39155424,2.115325,-1.7237707,1,
s1Hxy1SKwNg_006,0.65816182,1.1538299,-0.49566811,1,
s1Hxy1SKwNg_007,0.91649741,0.93613613,-0.019638717,1,
s1Hxy1SKwNg_008,-3.0836091,-0.5889501,-2.494659,1,
s1Hxy1SKwNg_009,-3.6837504,-0.61235297,-3.0713974,1,
s4lX4_WNRic_000,-1.832518,0.023571074,-1.8560891,1,
s4lX4_WNRic_001,-1.4230402,0.76114994,-2.1841901,1,
s4lX4_WNRic_002,-2.1799085,2.0564792,-4.2363877,1,
s4lX4_WNRic_003,-4.4019647,0.26288766,-4.6648523,1,
s4lX4_WNRic_004,-0.65529895,1.0897261,-1.745025,1,
s4lX4_WNRic_005,-1.9178271,0.98920357,-2.9070307,1,
s4lX4_WNRic_006,-4.1576452,-1.0056216,-3.1520237,1,
sOQ01mpqfs0_000,-1.7274516,-1.933392,0.20594049,1,
sOQ01mpqfs0_001,-1.3625109,-2.4058414,1.0433304,1,
sOQ01mpqfs0_002,-2.4173486,-1.9735651,-0.44378352,1,
sOQ01mpqfs0_003,-2.9908593,-1.9156108,-1.0752485,1,
sOQ01mpqfs0_004,-3.6161082,-1.3327163,-2.2833918,1,
sOQ01mpqfs0_005,-4.1747179,-0.53225708,-3.6424608,1,
swwK7bQDriw_000,2.3743732,0.95387906,1.4204941,1,
swwK7bQDriw_001,0.67357695,-0.18964049,0.86321744,1,
swwK7bQDriw_002,-0.56710887,2.4055774,-2.9726863,1,
swwK7bQDriw_003,0.88974953,3.4212422,-2.5314927,1,
swwK7bQDriw_004,-3.2633305,-1.9937016,-1.2696289,1,
swwK7bQDriw_005,-1.7119517,0.81728798,-2.5292397,1,
swwK7bQDriw_006,-1.6521605,-0.051565088,-1.6005954,1,
swwK7bQDriw_007,-0.13761739,2.8259974,-2.9636147,1,
swwK7bQDriw_008,-0.92889065,0.93088919,-1.8597798,1,
swwK7bQDriw_009,-4.0723357,-0.58547187,-3.4868639,1,
t4BuTm6iF-I_000,-0.42713368,-2.2413304,1.8141967,1,
t4BuTm6iF-I_001,-2.0039728,-0.57098788,-1.4329849,1,
t4BuTm6iF-I_002,-2.3439102,0.46836287,-2.8122731,1,
t4BuTm6iF-I_003,-3.1391063,-0.226909,-2.9121973,1,
t4BuTm6iF-I_004,-2.5992706,-0.99090129,-1.6083693,1,
t6scQL95LAM_000,-3.2245059,-1.8920321,-1.3324738,1,
t6scQL95LAM_001,-1.2360895,-0.078844368,-1.1572451,1,
t6scQL95LAM_002,-2.096477,-0.32605341,-1.7704236,1,
t6scQL95LAM_003,-1.0372112,1.3072418,-2.344453,1,
t6scQL95LAM_004,2.2254808,-2.0215659,4.2470467,1,
t6scQL95LAM_005,2.6448994,-1.4390602,4.0839596,1,
t6scQL95LAM_006,0.98986346,-2.7437184,3.7335818,1,
t6scQL95LAM_007,-2.2163966,-0.31389293,-1.9025036,1,
t6scQL95LAM_008,-4.3958201,-1.0773278,-3.3184923,1,
tKdmT0JtFhY_000,-1.8039769,0.31269726,-2.1166742,1,
tKdmT0JtFhY_001,0.15100718,0.39082602,-0.23981884,1,
tKdmT0JtFhY_002,0.90670782,0.19423206,0.71247576,1,
tKdmT0JtFhY_003,-2.5250521,0.31150454,-2.8365566,1,
tMvCw-t6-Uc_000,-1.9980538,0.61431998,-2.6123738,1,
tMvCw-t6-Uc_001,-2.1268005,-0.10159622,-2.0252043,1,
tMvCw-t6-Uc_002,2.8936925,3.3517776,-0.45808506,1,
tMvCw-t6-Uc_003,-1.7622573,0.70456374,-2.4668211,1,
tMvCw-t6-Uc_004,2.7719574,-0.71907437,3.4910318,1,
tMvCw-t6-Uc_005,2.6629467,-1.6302146,4.2931613,1,
tMvCw-t6-Uc_006,-2.5423052,0.40121093,-2.9435162,1,
tMvCw-t6-Uc_007,-3.2020774,-1.2391773,-1.9629,1,
tMvCw-t6-Uc_008,-1.4334724,1.7716097,-3.2050821,1,
tMvCw-t6-Uc_009,-1.7262945,1.4345115,-3.1608061,1,
tMvCw-t6-Uc_010,-2.5417747,0.18841487,-2.7301896,1,
tMvCw-t6-Uc_011,-1.7733458,1.3687162,-3.1420621,1,
tMvCw-t6-Uc_012,-1.1551362,3.325001,-4.4801372,1,
tMvCw-t6-Uc_013,-0.045562893,4.4762034,-4.5217663,1,
tMvCw-t6-Uc_014,-0.17240854,4.3195348,-4.4919433,1,
tMvCw-t6-Uc_015,-2.4501545,1.0091655,-3.4593201,1,
tMvCw-t6-Uc_016,-3.1689289,-3.2130365,0.044107676,1,
tMvCw-t6-Uc_017,-0.36180061,0.090590946,-0.45239156,1,
t_Yba4h9w4c_000,-0.4529134,2.3045235,-2.7574369,1,
t_Yba4h9w4c_001,-0.92157769,0.12347053,-1.0450482,1,
t_Yba4h9w4c_002,-0.2227256,2.446465,-2.6691906,1,
t_Yba4h9w4c_003,1.4150829,1.6352427,-0.22015977,1,
t_Yba4h9w4c_004,1.5261053,1.8738945,-0.34778917,1,
t_Yba4h9w4c_005,-1.8078581,-0.00052264711,-1.8073355,1,
t_Yba4h9w4c_006,-3.8573985,-0.83078361,-3.0266149,1,
tcPb6iRCaJA_000,-3.0441914,-2.3949549,-0.64923644,1,
tcPb6iRCaJA_001,-2.3117502,1.6284144,-3.9401646,1,
tcPb6iRCaJA_002,-3.9686804,0.50980663,-4.478487,1,
tcPb6iRCaJA_003,-1.6266253,-0.83990908,-0.78671622,1,
tcPb6iRCaJA_004,-1.7986562,-0.78806525,-1.010591,1,
tcPb6iRCaJA_005,-0.47672537,1.7572199,-2.2339453,1,
tcPb6iRCaJA_006,-2.5405104,0.31774783,-2.8582582,1,
tcPb6iRCaJA_007,-4.1378951,-1.0489616,-3.0889335,1,
tghzGEXcWME_000,-1.4261991,-0.45517117,-0.97102791,1,
tghzGEXcWME_001,1.1579553,-0.13003792,1.2879932,1,
tghzGEXcWME_002,-2.3283594,-1.9169805,-0.41137886,1,
tghzGEXcWME_003,-1.3276105,-1.5854492,0.25783873,1,
tghzGEXcWME_004,0.049210284,-0.79367816,0.84288845,1,
tghzGEXcWME_005,2.0547125,1.2226,0.83211255,1,
tghzGEXcWME_006,0.76132309,0.31857944,0.44274366,1,
tghzGEXcWME_007,0.23277523,-0.38114455,0.61391978,1,
tghzGEXcWME_008,-0.54494661,-1.231082,0.68613535,1,
tghzGEXcWME_009,0.5968256,-0.53649747,1.1333231,1,
tghzGEXcWME_010,0.71185768,0.28809714,0.42376053,1,
tghzGEXcWME_011,0.25710025,-1.7693436,2.0264439,1,
tghzGEXcWME_012,-0.35892993,-2.7730989,2.414169,1,
tghzGEXcWME_013,-2.4906442,-0.71867311,-1.7719711,1,
tiAZXns5K2o_000,-1.8139791,1.803582,-3.6175611,1,
tiAZXns5K2o_001,-2.8692832,-1.1314628,-1.7378204,1,
tiAZXns5K2o_002,-1.2557118,0.92103779,-2.1767496,1,
tiAZXns5K2o_003,3.7879634,2.4743485,1.3136148,1,
tiAZXns5K2o_004,-1.9950846,-0.021196473,-1.9738882,1,
tiAZXns5K2o_005,-1.2401839,2.4349492,-3.6751331,1,
tiAZXns5K2o_006,0.30743665,0.14998411,0.15745254,1,
tiAZXns5K2o_007,-2.2841682,0.76324731,-3.0474156,1,
tiAZXns5K2o_008,-3.9032624,-0.52508366,-3.3781787,1,
tpE-yiRudx4_000,-0.081911698,-1.3208725,1.2389608,1,
tpE-yiRudx4_001,0.5331465,0.37413114,0.15901536,1,
tpE-yiRudx4_002,-1.5286707,-0.080640242,-1.4480304,1,
tpE-yiRudx4_003,-1.5017245,0.57817227,-2.0798967,1,
tpE-yiRudx4_004,-4.2596769,-1.2795761,-2.9801009,1,
tpE-yiRudx4_005,-2.5847495,-0.58636415,-1.9983853,1,
tpE-yiRudx4_006,-2.6092265,0.097792089,-2.7070186,1,
tpE-yiRudx4_007,-2.5996222,-0.11009231,-2.4895299,1,
tpE-yiRudx4_008,-2.0043538,0.72894943,-2.7333032,1,
tpE-yiRudx4_009,-1.763471,0.32135406,-2.0848251,1,
tpE-yiRudx4_010,-1.6629578,-0.49326074,-1.169697,1,
tpE-yiRudx4_011,-1.8834907,-3.2175982,1.3341075,1,
tpE-yiRudx4_012,-2.3546293,-0.74742538,-1.6072039,1,
txj-nvyhNeQ_000,-1.0800045,0.74359632,-1.8236008,1,
txj-nvyhNeQ_001,-0.8016929,0.24310298,-1.0447959,1,
txj-nvyhNeQ_002,-1.9773648,0.13130496,-2.1086697,1,
txj-nvyhNeQ_003,-1.8856884,-0.28399497,-1.6016935,1,
txj-nvyhNeQ_004,-2.1534467,-0.19252604,-1.9609206,1,
txj-nvyhNeQ_005,0.033172689,0.66120243,-0.62802974,1,
txj-nvyhNeQ_006,-0.33930156,-2.6690564,2.3297549,1,
txj-nvyhNeQ_007,-2.7409081,-1.4255475,-1.3153607,1,
uMm5I9C7MDQ_000,-3.7993999,-2.3429136,-1.4564862,1,
uMm5I9C7MDQ_001,-1.0798321,0.71614671,-1.7959788,1,
uMm5I9C7MDQ_002,-1.8127843,0.16006725,-1.9728516,1,
uMm5I9C7MDQ_003,-1.41715,1.338377,-2.755527,1,
uMm5I9C7MDQ_004,-2.1136806,-0.47060105,-1.6430795,1,
uMm5I9C7MDQ_005,-1.9341258,-2.5432003,0.60907447,1,
uMm5I9C7MDQ_006,-3.7624636,-0.1896079,-3.5728557,1,
uMm5I9C7MDQ_007,-4.2716217,-0.9814083,-3.2902134,1,
uMm5I9C7MDQ_008,-3.7672188,-1.3573017,-2.4099171,1,
uMm5I9C7MDQ_009,-3.1325693,-0.80267268,-2.3298966,1,
uMm5I9C7MDQ_010,-2.5360303,0.96787465,-3.5039049,1,
uMm5I9C7MDQ_011,-2.725884,0.13634776,-2.8622317,1,
uMm5I9C7MDQ_012,-1.1546289,3.8985007,-5.0531296,1,
uMm5I9C7MDQ_013,0.002723173,2.0784516,-2.0757285,1,
uMm5I9C7MDQ_014,-2.3045022,0.61454642,-2.9190487,1,
uMm5I9C7MDQ_015,-4.0874753,-0.57930988,-3.5081654,1,
uQ-mD4O0Lpw_000,-1.0302908,-0.6515168,-0.37877405,1,
uQ-mD4O0Lpw_001,-1.731678,-0.80758721,-0.9240908,1,
uQ-mD4O0Lpw_002,-1.9311506,0.29893443,-2.230085,1,
uQ-mD4O0Lpw_003,-3.0851161,-0.31751537,-2.7676008,1,
uQ-mD4O0Lpw_004,-1.1567982,0.75061351,-1.9074118,1,
uQ-mD4O0Lpw_005,-3.7264671,-0.25361076,-3.4728564,1,
uQUaBEoMIHg_000,-0.13964786,1.2923552,-1.432003,1,
uQUaBEoMIHg_001,0.79734123,2.4497378,-1.6523966,1,
uQUaBEoMIHg_002,-1.0777524,-0.16878161,-0.90897074,1,
uQUaBEoMIHg_003,-1.0965338,0.51170212,-1.6082359,1,
uQUaBEoMIHg_004,-0.10682516,-2.3604379,2.2536127,1,
uQUaBEoMIHg_005,-2.4788332,-0.56250244,-1.9163308,1,
uYN_9pBHKG0_000,-0.82943147,1.9157166,-2.7451481,1,
uYN_9pBHKG0_001,-0.20387718,1.4406236,-1.6445008,1,
uYN_9pBHKG0_002,-3.1803687,-0.45721135,-2.7231573,1,
uYN_9pBHKG0_003,-2.8509202,-2.1825523,-0.66836786,1,
uYN_9pBHKG0_004,-1.8399898,0.3296493,-2.1696391,1,
uYN_9pBHKG0_005,-2.9612327,-0.63845855,-2.3227741,1,
uYN_9pBHKG0_006,1.670572,-0.79505366,2.4656257,1,
uYN_9pBHKG0_007,-1.942562,-2.375946,0.43338406,1,
uYN_9pBHKG0_008,1.7915128,1.1449788,0.64653409,1,
uYN_9pBHKG0_009,0.73375082,1.1689781,-0.43522727,1,
uYN_9pBHKG0_010,-3.6093674,-0.74036878,-2.8689986,1,
uYN_9pBHKG0_011,-2.1449995,3.0200815,-5.165081,1,
uYN_9pBHKG0_012,-2.9326742,-0.20056093,-2.7321132,1,
uYN_9pBHKG0_013,-3.6876934,-0.41450486,-3.2731885,1,
ue8-iO-aX5I_000,-1.0567045,0.5171957,-1.5739002,1,
ue8-iO-aX5I_001,-3.2149127,-1.7439059,-1.4710068,1,
ue8-iO-aX5I_002,-1.9669784,0.38799497,-2.3549734,1,
ue8-iO-aX5I_003,0.15049812,1.5304602,-1.3799621,1,
ue8-iO-aX5I_004,-1.6988815,-1.246912,-0.4519695,1,
ue8-iO-aX5I_005,-0.21864949,0.22483303,-0.44348252,1,
ue8-iO-aX5I_006,-2.8797739,-1.44835,-1.4314239,1,
un9ybvOfMdM_000,-2.0368552,1.1462188,-3.183074,1,
un9ybvOfMdM_001,-1.7456424,2.7920938,-4.5377362,1,
un9ybvOfMdM_002,-2.8864932,-0.14466183,-2.7418314,1,
upCziR9Dj5Y_000,-3.0209119,-2.432477,-0.58843493,1,
upCziR9Dj5Y_001,-1.0027841,-1.3212588,0.31847465,1,
upCziR9Dj5Y_002,0.82462192,0.77254462,0.052077293,1,
upCziR9Dj5Y_003,0.68448049,-0.77559632,1.4600768,1,
upCziR9Dj5Y_004,0.32933882,-2.1222191,2.4515579,1,
upCziR9Dj5Y_005,2.4257429,2.1945906,0.2311523,1,
upCziR9Dj5Y_006,4.1760821,0.51385599,3.6622261,1,
upCziR9Dj5Y_007,0.088335164,-1.2961388,1.3844739,1,
upCziR9Dj5Y_008,2.4280074,1.7199439,0.70806348,1,
upCziR9Dj5Y_009,2.2194626,0.9917292,1.2277334,1,
upCziR9Dj5Y_010,-1.9515845,-2.4092116,0.45762718,1,
upCziR9Dj5Y_011,2.059937,1.0097634,1.0501736,1,
upCziR9Dj5Y_012,-0.00089951814,-2.3663268,2.3654273,1,
upCziR9Dj5Y_013,-2.8855312,-1.012329,-1.8732022,1,
v0NnwIvVtjI_000,-1.3429619,1.138836,-2.4817979,1,
v0NnwIvVtjI_001,-2.4640687,-1.3283339,-1.1357348,1,
v0NnwIvVtjI_002,-3.1387525,-2.05618,-1.0825725,1,
v5Wx3MKlBuM_000,-3.700974,-2.5012877,-1.1996863,1,
v5Wx3MKlBuM_001,-1.2768691,1.1382291,-2.4150982,1,
v5Wx3MKlBuM_002,-2.5941536,-1.0718365,-1.5223172,1,
v5Wx3MKlBuM_003,-1.3375756,-1.393093,0.055517435,1,
v5Wx3MKlBuM_004,-3.4521606,-1.2535695,-2.1985911,1,
v5Wx3MKlBuM_005,-3.3076487,-1.7062781,-1.6013706,1,
v5Wx3MKlBuM_006,-3.3265152,-1.3479782,-1.978537,1,
v5Wx3MKlBuM_007,-1.5802151,-1.6252823,0.045067191,1,
v5Wx3MKlBuM_008,0.23676005,0.94149518,-0.70473513,1,
v5Wx3MKlBuM_009,-2.6460371,-0.84477204,-1.8012651,1,
v5Wx3MKlBuM_010,0.31200668,0.00041985002,0.31158683,1,
v5Wx3MKlBuM_011,-2.400759,0.1144362,-2.5151952,1,
v5Wx3MKlBuM_012,-1.9072437,0.29442692,-2.2016706,1,
v5Wx3MKlBuM_013,-3.5085776,-0.49247763,-3.0161,1,
v78MkgYvOrQ_000,-0.073217496,2.8429303,-2.9161478,1,
v78MkgYvOrQ_001,-0.26646733,1.9047143,-2.1711817,1,
v78MkgYvOrQ_002,-0.90040034,1.7356777,-2.6360781,1,
v78MkgYvOrQ_003,0.20950392,2.6879709,-2.478467,1,
v78MkgYvOrQ_004,-1.6402322,1.3990519,-3.0392841,1,
v78MkgYvOrQ_005,-0.86449617,2.1346014,-2.9990975,1,
v78MkgYvOrQ_006,0.093814574,2.0728676,-1.9790531,1,
v78MkgYvOrQ_007,-0.57567221,2.1641138,-2.739786,1,
v78MkgYvOrQ_008,-0.14831515,1.1350795,-1.2833946,1,
v78MkgYvOrQ_009,-0.91629273,1.2080441,-2.1243368,1,
v78MkgYvOrQ_010,-0.48476735,0.78176647,-1.2665338,1,
v78MkgYvOrQ_011,0.41340888,2.5630181,-2.1496092,1,
v78MkgYvOrQ_012,-0.59842104,1.3452483,-1.9436694,1,
v78MkgYvOrQ_013,-0.55558467,1.3548993,-1.910484,1,
v78MkgYvOrQ_014,0.88374156,3.0685296,-2.184788,1,
v78MkgYvOrQ_015,-0.62396944,2.364002,-2.9879714,1,
v78MkgYvOrQ_016,-2.069216,0.67898768,-2.7482037,1,
v78MkgYvOrQ_017,-0.51157057,1.758804,-2.2703745,1,
v78MkgYvOrQ_018,3.6451542,1.9749887,1.6701655,1,
v78MkgYvOrQ_019,4.4941649,1.9147727,2.5793922,1,
vFrMK-oxuV4_000,-2.1184716,-0.87138331,-1.2470883,1,
vFrMK-oxuV4_001,-3.338779,-0.78446829,-2.5543107,1,
vFrMK-oxuV4_002,-2.644141,-0.76760697,-1.876534,1,
vFrMK-oxuV4_003,-3.7326889,0.29139623,-4.0240851,1,
vFrMK-oxuV4_004,-1.385188,0.045724425,-1.4309124,1,
vFrMK-oxuV4_005,-3.8274701,-0.51282364,-3.3146464,1,
vJimNzAr-lo_000,-0.47919515,-0.57658684,0.097391695,1,
vJimNzAr-lo_001,-0.53917611,1.392149,-1.9313251,1,
vJimNzAr-lo_002,-1.8864404,-0.1157556,-1.7706848,1,
vJimNzAr-lo_003,-1.6017693,-0.084985584,-1.5167837,1,
vJimNzAr-lo_004,-1.1615111,-0.45923483,-0.70227623,1,
vJimNzAr-lo_005,-1.689612,0.19896668,-1.8885787,1,
vJimNzAr-lo_006,-1.5974227,-0.33346352,-1.2639592,1,
vJimNzAr-lo_007,-1.3249495,1.1556408,-2.4805903,1,
vJimNzAr-lo_008,-1.3973145,0.61625957,-2.0135741,1,
vJimNzAr-lo_009,-1.4838481,1.0982581,-2.5821062,1,
vJimNzAr-lo_010,-2.9069901,-1.1863971,-1.720593,1,
vhvzzWnTK_Y_000,-0.34153655,1.5071061,-1.8486426,1,
vhvzzWnTK_Y_001,-4.0615292,-1.8300025,-2.2315266,1,
vhvzzWnTK_Y_002,-3.8682172,-1.1710474,-2.6971698,1,
vhvzzWnTK_Y_003,-2.4442213,-0.49338174,-1.9508395,1,
vhvzzWnTK_Y_004,0.3391979,-0.13247058,0.47166848,1,
vhvzzWnTK_Y_005,2.2211931,1.5317488,0.6894443,1,
vhvzzWnTK_Y_006,0.8858785,-2.3875852,3.2734637,1,
vhvzzWnTK_Y_007,-1.4821955,-4.2863526,2.8041571,1,
vhvzzWnTK_Y_008,-0.44884798,0.73685265,-1.1857006,1,
vhvzzWnTK_Y_009,-1.9583632,-0.070936635,-1.8874265,1,
vhvzzWnTK_Y_010,-3.6440394,-0.49182889,-3.1522105,1,
vwzpuyvZSdI_000,-4.0210724,-1.214345,-2.8067274,1,
vwzpuyvZSdI_001,-0.78702182,0.54324651,-1.3302683,1,
vwzpuyvZSdI_002,-1.5195594,-0.35639039,-1.163169,1,
vwzpuyvZSdI_003,0.35614192,0.97241294,-0.61627102,1,
vwzpuyvZSdI_004,-1.0718323,0.7407043,-1.8125366,1,
vwzpuyvZSdI_005,-0.50666362,-1.9196348,1.4129712,1,
vwzpuyvZSdI_006,-0.068944678,0.97291875,-1.0418634,1,
vwzpuyvZSdI_007,0.77892232,0.75812978,0.020792544,1,
vwzpuyvZSdI_008,1.1555012,3.7733703,-2.617869,1,
vwzpuyvZSdI_009,2.2257164,0.2517252,1.9739912,1,
vwzpuyvZSdI_010,2.0792842,3.6599786,-1.5806944,1,
vwzpuyvZSdI_011,2.3037164,2.3580804,-0.054363966,1,
vwzpuyvZSdI_012,1.5004598,1.369791,0.13066876,1,
vwzpuyvZSdI_013,-1.0660205,-1.2344062,0.16838574,1,
vwzpuyvZSdI_014,1.7591114,2.6690242,-0.90991282,1,
vwzpuyvZSdI_015,1.5382755,2.6945212,-1.1562457,1,
vwzpuyvZSdI_016,-0.51982361,-3.2318327,2.7120091,1,
vwzpuyvZSdI_017,0.6878112,2.8819919,-2.1941807,1,
vwzpuyvZSdI_018,1.0970769,1.8325773,-0.73550045,1,
vwzpuyvZSdI_019,0.73440486,0.0298687,0.70453616,1,
vwzpuyvZSdI_020,-0.94826996,0.69361466,-1.6418846,1,
vwzpuyvZSdI_021,-0.39415208,0.92739516,-1.3215472,1,
vwzpuyvZSdI_022,1.7918667,2.673866,-0.88199937,1,
vwzpuyvZSdI_023,0.59408975,2.3096831,-1.7155933,1,
vwzpuyvZSdI_024,0.17074682,-2.4083292,2.5790761,1,
vwzpuyvZSdI_025,-0.60967767,0.2930761,-0.90275377,1,
w4hCyh2PlaI_000,-1.0271538,0.72939897,-1.7565528,1,
w4hCyh2PlaI_001,-3.941839,-0.67444396,-3.267395,1,
wEaQoL1empQ_000,1.1846036,-0.88141519,2.0660188,1,
wEaQoL1empQ_001,3.2862887,-1.2008339,4.4871227,1,
wEaQoL1empQ_002,3.0690453,-1.1657825,4.2348278,1,
wEaQoL1empQ_003,5.5729017,0.1315757,5.441326,1,
wEaQoL1empQ_004,3.6960256,-0.87738013,4.5734057,1,
wEaQoL1empQ_005,-1.7304431,0.18469799,-1.9151411,1,
wEaQoL1empQ_006,-3.554671,-0.24520715,-3.3094639,1,
wIdnUCjEssQ_000,-0.70760864,-0.48853743,-0.21907121,1,
wIdnUCjEssQ_001,-1.6433091,-0.96466678,-0.67864233,1,
wIdnUCjEssQ_002,-2.1580532,0.44501323,-2.6030664,1,
wIdnUCjEssQ_003,-1.385236,-0.43437564,-0.95086038,1,
wIdnUCjEssQ_004,2.1428206,1.4615415,0.68127906,1,
wIdnUCjEssQ_005,0.2501978,1.0747204,-0.82452258,1,
wIdnUCjEssQ_006,0.23166712,0.37135527,-0.13968815,1,
wIdnUCjEssQ_007,-3.9143908,-2.0948739,-1.8195169,1,
wIdnUCjEssQ_008,-4.1210465,-0.50869322,-3.6123533,1,
wKnZonmRm_0_000,-0.27380362,0.26136345,-0.53516707,1,
wKnZonmRm_0_001,-1.9377444,0.074474268,-2.0122186,1,
wKnZonmRm_0_002,-1.6475817,0.64351869,-2.2911004,1,
wKnZonmRm_0_003,-2.1284022,1.1737226,-3.3021249,1,
wKnZonmRm_0_004,-1.3640606,0.45046854,-1.8145292,1,
wKnZonmRm_0_005,-1.5738173,1.0442224,-2.6180396,1,
wKnZonmRm_0_006,-1.0159976,0.94784278,-1.9638404,1,
wKnZonmRm_0_007,-1.3873113,0.062575646,-1.449887,1,
wKnZonmRm_0_008,-1.6963983,0.35383797,-2.0502362,1,
wKnZonmRm_0_009,0.58866853,0.82865822,-0.2399897,1,
wKnZonmRm_0_010,-0.7061519,-2.7472034,2.0410514,1,
wKnZonmRm_0_011,-3.291203,-2.1525664,-1.1386366,1,
wToq891_0Ew_000,-0.81478077,-1.0022385,0.18745774,1,
wToq891_0Ew_001,-0.74005097,0.74974036,-1.4897913,1,
wToq891_0Ew_002,-2.3704772,-0.79177922,-1.578698,1,
wme62WSv6_Q_000,-0.42787462,2.1652598,-2.5931345,1,
wme62WSv6_Q_001,-1.4129807,-0.81409496,-0.59888572,1,
wme62WSv6_Q_002,-1.505774,-1.3166023,-0.18917167,1,
wme62WSv6_Q_003,1.0271416,-0.20422886,1.2313704,1,
wme62WSv6_Q_004,0.30528435,-0.93084258,1.2361269,1,
wme62WSv6_Q_005,0.61439717,0.95802259,-0.34362543,1,
wmsBUAfxcpc_000,-0.038129207,0.81750351,-0.85563272,1,
wmsBUAfxcpc_001,4.2528095,1.5886477,2.6641618,1,
wmsBUAfxcpc_002,-2.0205524,0.37260535,-2.3931578,1,
wmsBUAfxcpc_003,-4.2264624,-1.1491051,-3.0773573,1,
wrZW3zFKKG8_000,-0.44003963,-2.6328366,2.1927969,1,
wrZW3zFKKG8_001,-1.2898165,-0.62338978,-0.66642672,1,
wrZW3zFKKG8_002,-1.4834164,-1.4979442,0.014527798,1,
wrZW3zFKKG8_003,0.1010816,-0.15237838,0.25345998,1,
wrZW3zFKKG8_004,-4.2012734,-2.1407778,-2.0604956,1,
x07083qMjr4_000,-1.5090756,-1.0020843,-0.50699139,1,
x07083qMjr4_001,-1.9794192,-0.1189745,-1.8604447,1,
x07083qMjr4_002,-1.3690351,0.56223702,-1.9312721,1,
x07083qMjr4_003,-3.3174169,-2.4099865,-0.90743041,1,
x07083qMjr4_004,-5.2674112,-2.8681724,-2.3992388,1,
x3lXIRulmQk_000,-1.7467657,0.20051025,-1.947276,1,
x3lXIRulmQk_001,-2.0398037,1.0498208,-3.0896245,1,
x3lXIRulmQk_002,-2.8260548,-0.76585817,-2.0601966,1,
x3lXIRulmQk_003,-2.7684736,-0.30650479,-2.4619688,1,
x3lXIRulmQk_004,-3.1863914,-0.038713779,-3.1476776,1,
x3lXIRulmQk_005,1.1077586,3.2628284,-2.1550697,1,
x3lXIRulmQk_006,-4.4816809,-0.51762933,-3.9640515,1,
x3lXIRulmQk_007,-2.2718852,-3.2544603,0.98257518,1,
x3lXIRulmQk_008,-1.9447529,-0.019808045,-1.9249449,1,
x3lXIRulmQk_009,-3.9298744,-0.95454329,-2.9753311,1,
x6fHdDGHnpg_000,-5.3182359,-0.34539226,-4.9728436,1,
x6fHdDGHnpg_001,-3.1628048,1.5075998,-4.6704047,1,
x6fHdDGHnpg_002,-4.4386411,-3.1826401,-1.256001,1,
x6fHdDGHnpg_003,-0.35022905,0.46332738,-0.81355643,1,
x6fHdDGHnpg_004,-2.132359,-0.69521517,-1.4371439,1,
x6fHdDGHnpg_005,-5.0756974,-2.3843634,-2.691334,1,
x6fHdDGHnpg_006,-0.21812417,-2.8002872,2.5821631,1,
xGhoDgFe8GQ_000,-2.919683,-1.3048425,-1.6148405,1,
xGhoDgFe8GQ_001,1.5281126,1.6055269,-0.077414274,1,
xGhoDgFe8GQ_002,-1.1485217,-1.5781837,0.42966199,1,
xGhoDgFe8GQ_003,-0.65878034,-1.0352904,0.37651002,1,
xGhoDgFe8GQ_004,0.82430857,-0.56146342,1.385772,1,
xGhoDgFe8GQ_005,0.1114118,-0.22496799,0.33637979,1,
xGhoDgFe8GQ_006,-1.693513,-2.7539394,1.0604264,1,
xGhoDgFe8GQ_007,-2.2375562,-0.16045408,-2.0771021,1,
xGhoDgFe8GQ_008,-2.998317,-0.3799589,-2.6183581,1,
xGhoDgFe8GQ_009,-3.8465798,-0.32248187,-3.5240979,1,
xaGu8VdP9nU_000,-1.4790181,-1.7492743,0.27025616,1,
xaGu8VdP9nU_001,-1.8887833,0.52684963,-2.415633,1,
xaGu8VdP9nU_002,-1.1522906,0.13561659,-1.2879072,1,
xaGu8VdP9nU_003,-1.8759336,0.27998471,-2.1559184,1,
xaGu8VdP9nU_004,-1.4767433,1.6426151,-3.1193584,1,
xaGu8VdP9nU_005,-0.6038143,1.861318,-2.4651323,1,
xaGu8VdP9nU_006,-1.4786561,0.53877884,-2.0174349,1,
xaGu8VdP9nU_007,-1.4046358,0.042550609,-1.4471864,1,
xaGu8VdP9nU_008,-0.48167709,0.182098,-0.66377509,1,
xaGu8VdP9nU_009,0.72348195,1.1676114,-0.44412941,1,
xaGu8VdP9nU_010,-0.85916328,-0.38221923,-0.47694406,1,
xaGu8VdP9nU_011,-0.82286179,-0.78131378,-0.041548014,1,
xaGu8VdP9nU_012,-2.1429253,0.99704719,-3.1399724,1,
xmEDLJqNCK0_000,0.18202294,-2.2092187,2.3912417,1,
xmEDLJqNCK0_001,-0.91512311,-2.8687162,1.9535931,1,
xmEDLJqNCK0_002,-4.4178872,-2.8157449,-1.6021423,1,
xmEDLJqNCK0_003,-4.2824111,-2.0079134,-2.2744977,1,
yMiOxRdFGjg_000,-2.4718575,-1.1072963,-1.3645612,1,
yMiOxRdFGjg_001,-2.8485599,0.2909337,-3.1394936,1,
yMiOxRdFGjg_002,2.1935191,3.4690228,-1.2755036,1,
yMiOxRdFGjg_003,-2.0274839,1.3237145,-3.3511984,1,
yMiOxRdFGjg_004,-1.2228726,0.23067904,-1.4535517,1,
yMiOxRdFGjg_005,-3.4406352,-1.0224596,-2.4181756,1,
yMiOxRdFGjg_006,-0.67316717,-1.1346049,0.46143776,1,
yMiOxRdFGjg_007,-0.44301346,-2.7189331,2.2759196,1,
yMiOxRdFGjg_008,-2.7452013,-1.0660031,-1.6791983,1,
yOaVkjAxMAs_000,-0.4226281,1.4925716,-1.9151997,1,
yOaVkjAxMAs_001,0.76182073,2.2181861,-1.4563654,1,
yOaVkjAxMAs_002,-3.538306,0.12824674,-3.6665527,1,
yOaVkjAxMAs_003,-1.2040908,1.3238227,-2.5279136,1,
yOaVkjAxMAs_004,-3.1693785,-1.726307,-1.4430715,1,
yQX1MseKbh0_000,-0.46048146,0.038615625,-0.49909709,1,
yQX1MseKbh0_001,-1.8796412,-2.5402336,0.66059244,1,
yQX1MseKbh0_002,-0.19299252,-0.12467588,-0.068316638,1,
yQX1MseKbh0_003,-0.60337776,-0.61675543,0.013377666,1,
yQX1MseKbh0_004,-2.5256414,0.83209938,-3.3577408,1,
yQX1MseKbh0_005,-5.1951275,-0.41102397,-4.7841035,1,
yQX1MseKbh0_006,-3.6312706,-1.8939406,-1.7373301,1,
yQX1MseKbh0_007,-1.9700624,-0.23173034,-1.738332,1,
yQX1MseKbh0_008,-1.2702941,1.7484697,-3.0187638,1,
yQX1MseKbh0_009,-0.59988177,-0.5013051,-0.098576665,1,
yQX1MseKbh0_010,1.1904514,1.2432685,-0.052817106,1,
yQX1MseKbh0_011,0.7640754,0.38428214,0.37979326,1,
yQX1MseKbh0_012,-0.80054909,0.62943965,-1.4299887,1,
yQX1MseKbh0_013,-0.47282019,2.5642622,-3.0370823,1,
yQX1MseKbh0_014,-0.81000638,-0.50947005,-0.30053633,1,
yQX1MseKbh0_015,-0.61938912,-1.9893479,1.3699588,1,
yQX1MseKbh0_016,1.1428907,1.5013151,-0.35842443,1,
yQX1MseKbh0_017,1.8474952,0.12036083,1.7271344,1,
yQX1MseKbh0_018,-1.2573421,-0.089547165,-1.1677949,1,
yQX1MseKbh0_019,-0.55345029,2.1572568,-2.7107071,1,
yQX1MseKbh0_020,0.51595527,1.6451281,-1.1291729,1,
yQX1MseKbh0_021,0.59049505,0.67138082,-0.080885768,1,
yQX1MseKbh0_022,-4.5414834,-1.2699956,-3.2714878,1,
yUsY5ZWOUMs_000,-1.8127085,-1.4317509,-0.3809576,1,
yUsY5ZWOUMs_001,-1.2777258,0.047616635,-1.3253425,1,
yUsY5ZWOUMs_002,-1.4864813,-1.4267824,-0.059698939,1,
yUsY5ZWOUMs_003,-1.5378456,-1.3110279,-0.22681773,1,
yUsY5ZWOUMs_004,-2.9608157,-0.82225943,-2.1385562,1,
yUsY5ZWOUMs_005,-3.7304106,-0.95174545,-2.7786651,1,
yazBjEzVozc_000,-0.85002828,-0.26439759,-0.58563069,1,
yazBjEzVozc_001,-2.2692726,-2.2491212,-0.020151377,1,
yazBjEzVozc_002,-1.0071021,-0.4402082,-0.56689394,1,
yazBjEzVozc_003,-1.1534222,1.3255837,-2.4790059,1,
yazBjEzVozc_004,0.34394205,0.78573537,-0.44179332,1,
yazBjEzVozc_005,1.1988252,-0.29563859,1.4944638,1,
yazBjEzVozc_006,-1.3272649,0.6959275,-2.0231924,1,
yeRdDP5GqMA_000,-3.4193711,-3.4318566,0.012485504,1,
yeRdDP5GqMA_001,-1.2757858,0.72014344,-1.9959292,1,
yeRdDP5GqMA_002,0.63040793,0.94749969,-0.31709176,1,
yeRdDP5GqMA_003,-1.2440269,0.07630612,-1.320333,1,
yeRdDP5GqMA_004,-1.2309464,-1.203585,-0.027361393,1,
yeRdDP5GqMA_005,-0.7760995,-0.67813653,-0.097962976,1,
yeRdDP5GqMA_006,-2.3970039,-0.2136462,-2.1833577,1,
yeRdDP5GqMA_007,-3.8572397,-0.88332891,-2.9739108,1,
yfl_B98gb7o_000,-0.81478077,-1.0022385,0.18745774,1,
yfl_B98gb7o_001,0.48744619,-1.8867146,2.3741608,1,
yfl_B98gb7o_002,-0.27353746,-2.7077382,2.4342007,1,
ynuA9DgE3oM_000,-1.2074381,1.0050722,-2.2125103,1,
ynuA9DgE3oM_001,-1.2954032,0.94130528,-2.2367085,1,
ynuA9DgE3oM_002,0.8536256,0.6758883,0.1777373,1,
ynuA9DgE3oM_003,0.23997547,-0.57643563,0.81641109,1,
ynuA9DgE3oM_004,-0.036245666,1.8819706,-1.9182163,1,
ynuA9DgE3oM_005,-2.0444446,0.091167524,-2.1356121,1,
ynuA9DgE3oM_006,-4.1826954,-0.82261455,-3.3600808,1,
z-FTJewy3vA_000,2.0279264,0.48444116,1.5434853,1,
z-FTJewy3vA_001,0.17633955,-0.39310026,0.56943981,1,
z-FTJewy3vA_002,-1.8206699,-1.138597,-0.68207288,1,
z-FTJewy3vA_003,-1.9927117,-1.077265,-0.91544664,1,
z-FTJewy3vA_004,-2.4103355,-0.77617824,-1.6341573,1,
z-FTJewy3vA_005,-0.70377511,0.94906932,-1.6528444,1,
z-FTJewy3vA_006,-1.056316,0.82319462,-1.8795106,1,
z-FTJewy3vA_007,-1.5003177,-0.86510491,-0.63521278,1,
z-FTJewy3vA_008,-0.9379375,-0.18138073,-0.75655676,1,
z-FTJewy3vA_009,-2.6168861,-0.0010207794,-2.6158654,1,
z-FTJewy3vA_010,0.074043483,-2.2933848,2.3674283,1,
z-FTJewy3vA_011,-2.542537,-0.8018989,-1.7406381,1,
z0d7n9QxYiE_000,0.4744162,0.12280136,0.35161484,1,
z0d7n9QxYiE_001,1.9862813,-2.136477,4.1227583,1,
z0d7n9QxYiE_002,3.5923462,-1.4986795,5.0910257,1,
z0d7n9QxYiE_003,4.1938968,-0.9364574,5.1303542,1,
z0d7n9QxYiE_004,5.1152525,-0.96349573,6.0787482,1,
z0d7n9QxYiE_005,2.9397366,-2.7904329,5.7301695,1,
z0d7n9QxYiE_006,2.5258267,-1.1948469,3.7206736,1,
z0d7n9QxYiE_007,1.9718928,-2.804451,4.7763438,1,
z0d7n9QxYiE_008,2.1739128,-2.135956,4.3098688,1,
z0d7n9QxYiE_009,4.3538289,-1.4526848,5.8065137,1,
z0d7n9QxYiE_010,3.1025536,-1.9838768,5.0864304,1,
z0d7n9QxYiE_011,2.3439341,-1.467838,3.8117721,1,
z0d7n9QxYiE_012,-4.2235456,-0.93646556,-3.28708,1,
zDY3f_JU2Mw_000,-3.0949178,-0.36611807,-2.7287997,1,
zDY3f_JU2Mw_001,-2.47141,0.098138504,-2.5695485,1,
zDY3f_JU2Mw_002,-2.4495645,0.14400162,-2.5935661,1,
zDY3f_JU2Mw_003,-1.4725761,-2.8102958,1.3377197,1,
zDY3f_JU2Mw_004,-2.7869303,-1.5492829,-1.2376474,1,
zDY3f_JU2Mw_005,-3.108412,-1.6327676,-1.4756445,1,
zDY3f_JU2Mw_006,-2.2132642,-0.67540479,-1.5378594,1,
zDY3f_JU2Mw_007,-2.9526987,-0.37785915,-2.5748396,1,
zDY3f_JU2Mw_008,-1.7228644,-0.84929836,-0.87356603,1,
zDY3f_JU2Mw_009,-3.6101308,-0.57846117,-3.0316696,1,
zDY3f_JU2Mw_010,-0.67367536,1.1306939,-1.8043693,1,
zDY3f_JU2Mw_011,-3.632139,-0.52253783,-3.1096011,1,
zLH6UBjv7iM_000,-3.5989466,-0.97128135,-2.6276652,1,
zLH6UBjv7iM_001,0.027633775,-1.8018541,1.8294879,1,
zLH6UBjv7iM_002,0.97487223,-0.34783959,1.3227118,1,
zLH6UBjv7iM_003,-0.59895927,-1.1093839,0.51042467,1,
zLH6UBjv7iM_004,0.0021059106,-2.770555,2.7726609,1,
zLH6UBjv7iM_005,-2.4723134,-0.88656044,-1.585753,1,
zQ74tQFIXZU_000,-3.9271007,-0.35263678,-3.5744639,1,
zQvwsDGr9JU_000,-0.89249635,-1.0343188,0.14182246,1,
zQvwsDGr9JU_001,-0.31559169,-2.5524802,2.2368885,1,
zQvwsDGr9JU_002,-2.7253461,-1.6593077,-1.0660384,1,
zUPrQBxS2NM_000,-1.8731178,0.31002441,-2.1831422,1,
zUPrQBxS2NM_001,-1.5597336,0.60477161,-2.1645052,1,
zUPrQBxS2NM_002,0.44801161,-0.57409465,1.0221063,1,
zUPrQBxS2NM_003,0.0081959097,0.20739256,-0.19919665,1,
za1OqKsqiCc_000,-0.89417762,0.72795016,-1.6221278,1,
za1OqKsqiCc_001,-0.70626354,-0.17056192,-0.53570162,1,
za1OqKsqiCc_002,-1.1823533,0.7465716,-1.9289249,1,
za1OqKsqiCc_003,-1.4279855,-1.9261218,0.49813628,1,
za1OqKsqiCc_004,0.22787607,1.2173052,-0.98942912,1,
za1OqKsqiCc_005,-2.2917593,0.36457303,-2.6563323,1,
za1OqKsqiCc_006,-0.53140688,-1.9019971,1.3705902,1,
za1OqKsqiCc_007,-2.5325415,-0.18719068,-2.3453508,1,
za1OqKsqiCc_008,-4.3394394,-0.4922505,-3.8471889,1,
zh0-UdbZ2UE_000,-0.78620344,-0.81754559,0.031342149,1,
zh0-UdbZ2UE_001,-4.0504446,-1.9712535,-2.0791911,1,
zh0-UdbZ2UE_002,-4.1813993,-0.96996742,-3.2114319,1,
zhkldou_CKY_000,-3.1261444,-1.4897887,-1.6363558,1,
zhkldou_CKY_001,-2.7067149,-0.20860344,-2.4981114,1,
zhkldou_CKY_002,-1.6994848,0.92117679,-2.6206616,1,
zhkldou_CKY_003,-2.9985747,-0.52771652,-2.4708582,1,
zhkldou_CKY_004,-3.1786315,-0.53633434,-2.6422972,1,
zhkldou_CKY_005,3.8011565,2.2659147,1.5352418,1,
zhkldou_CKY_006,0.88283569,1.7228389,-0.84000319,1,
zhkldou_CKY_007,2.3275256,-0.069035366,2.396561,1,
zhkldou_CKY_008,-2.0481491,0.22338572,-2.2715348,1,
zhkldou_CKY_009,-3.5029619,-0.17509535,-3.3278665,1,
zjYZCFQI84s_000,1.1349168,0.036391344,1.0985254,1,
zjYZCFQI84s_001,1.4272925,1.5904911,-0.16319859,1,
zjYZCFQI84s_002,0.28727472,1.5195506,-1.2322758,1,
zjYZCFQI84s_003,0.12089855,-0.42854407,0.54944263,1,
zjYZCFQI84s_004,-0.95872456,0.14413953,-1.1028641,1,
zjYZCFQI84s_005,-1.5138707,-0.56539577,-0.94847494,1,
zjYZCFQI84s_006,-0.85443944,-1.0916275,0.23718804,1,
zp3LxJr8aJA_000,-0.99571157,-0.76887721,-0.22683436,1,
zp3LxJr8aJA_001,-1.319203,-0.60836828,-0.71083474,1,
zp3LxJr8aJA_002,-0.91053861,-1.0196877,0.10914904,1,
zp3LxJr8aJA_003,-0.48200554,0.41714332,-0.89914885,1,
zp3LxJr8aJA_004,-3.2050726,-1.0818478,-2.1232249,1,
zp3LxJr8aJA_005,-4.2173662,-0.9536472,-3.263719,1,
ztXD5GSX13o_000,-3.4348018,0.51879007,-3.9535919,1,
ztXD5GSX13o_001,-3.2698107,0.10936426,-3.3791749,1,
ztXD5GSX13o_002,-1.9327073,-1.8135612,-0.11914611,1,
ztXD5GSX13o_003,-1.3217763,1.2812252,-2.6030015,1,
ztXD5GSX13o_004,-2.175379,-1.6645827,-0.51079631,1,
ztXD5GSX13o_005,-1.0969267,0.16125029,-1.258177,1,
ztXD5GSX13o_006,-1.5535928,0.40522385,-1.9588166,1,
ztXD5GSX13o_007,-4.5692325,-1.1884418,-3.3807907,1,
zu5ZVRnnRVQ_000,-0.69911045,-0.28039721,-0.41871324,1,
zu5ZVRnnRVQ_001,-0.79934222,0.75189739,-1.5512396,1,
zu5ZVRnnRVQ_002,-2.3913336,-0.44144279,-1.9498908,1,
zu5ZVRnnRVQ_003,-2.2655878,0.083042704,-2.3486305,1,
zu5ZVRnnRVQ_004,-1.5260088,1.0591651,-2.585174,1,
zu5ZVRnnRVQ_005,-3.2721641,-2.1187654,-1.1533988,1,
